date,potential_evaporation_sum,runoff_sum,snow_depth,snowfall_sum,snowmelt_sum,temperature_2m,total_evaporation_sum,total_precipitation_sum
1956-01-01,-0.0043378054758923205,0.0003308580588486235,0.693203281323564,0.0013589306318827269,0.0,265.9481029474578,-0.00027744677759664884,0.0013599330421545275
1956-01-02,-0.002439048625318344,0.0003292409882033612,0.6827673040989878,0.0006138308994514121,0.0,263.5184853261025,-0.00015833987038856175,0.0006158150858748533
1956-01-03,-0.002653770653878228,0.0003276654219223281,0.6777665592631827,1.9696935758752338e-05,0.0,263.2110225440419,-0.00011122270913447364,2.054011406278856e-05
1956-01-04,-0.0074445834267610886,0.00032609797972070297,0.6666177006091102,0.0,0.0,267.77414730309096,-0.0004723374968615629,1.297785843235033e-06
1956-01-05,-0.011620684616309777,0.00032453306313961913,0.6499784365436677,2.6403805293605828e-05,0.0,269.31877829844444,-0.0008821325103020938,2.7527394850348157e-05
1956-01-06,-0.004198109152290107,0.0003229980751619501,0.6389562459539785,0.0006139885402668668,0.0,267.5630148332672,-0.000297153673771411,0.0006160453207094102
1956-01-07,-0.0036768948627730553,0.00032145045908157433,0.6290683207538842,0.0,0.0,268.0149134835281,-0.000143277674576657,8.548857408641197e-07
1956-01-08,-0.005949415519075879,0.0003199509981661867,0.6233153837099812,0.002423488192975858,0.0,267.1503344821391,-0.00035964533434075833,0.0025893949879645913
1956-01-09,-0.0030810830030737627,0.0003184084333268937,0.6266669149452685,0.0,0.0,264.42896350494215,-0.0001768905795731787,4.261732087229575e-07
1956-01-10,-0.0047910142753083826,0.000316933723492811,0.6182693510181262,0.0,0.0,269.10198408151973,-0.0001835627639192646,4.261732087229575e-07
1956-01-11,-0.004262632695631792,0.000315464064899811,0.6087876371969162,8.002597059907214e-06,0.0,270.6217312390747,-0.00018411887399220875,0.00011833805148387022
1956-01-12,-0.00404228110097896,0.0003139910809064316,0.6002084620703861,0.0003710239494250993,0.0,268.688571735964,-0.0001591122840757424,0.00037400409755873165
1956-01-13,-0.003645777239301111,0.0003125661257970131,0.5937959775188324,8.190155955357741e-05,0.0,269.2968810129974,-0.00023788286341448964,0.0002924157002696562
1956-01-14,-0.004234754096316753,0.0003110947413633099,0.6082929190942797,0.003332582970628631,0.0,263.65436149137395,-0.0004556506798513192,0.0033827944157924766
1956-01-15,-0.0009710239404338903,0.0003096846874150853,0.6268448479431499,0.002061203332607356,0.0,261.98770323715644,-8.120825566814445e-05,0.00206570234112955
1956-01-16,-0.0005301184068291875,0.0003082679826661019,0.6487984235228343,0.002125949825102327,0.0,264.14031546713045,2.2783833371717377e-05,0.002130321266904014
1956-01-17,-0.002127809586834773,0.00030685952827755347,0.6575592098487524,0.0004677311175287107,0.0,262.6619735976397,-5.780035198408333e-05,0.000470039197954081
1956-01-18,-0.003104140403243782,0.0003054710262912815,0.6544035428436913,1.9577726469201557e-05,0.0,260.91938537482713,-9.510851870317244e-05,2.1297934432820674e-05
1956-01-19,-0.0029294640246757685,0.00030409077466544466,0.6532373230785076,0.0008815967893533115,0.0,263.3998235066732,-0.0001024281458750283,0.0008859819947881752
1956-01-20,-0.00299197477472704,0.0003027270237604777,0.6518807563853578,2.699698937141289e-06,0.0,260.8700784370724,-0.00011242849299799925,4.481343214875537e-06
1956-01-21,-0.003178659300346159,0.0003013534229353997,0.6455983882120999,1.228028266443371e-05,0.0,260.33458503536366,-8.771644305374664e-05,1.3557143701725547e-05
1956-01-22,-0.002901406232583321,0.0003000194743528205,0.6396953345692091,4.231045811863269e-06,0.0,262.03000827293613,-5.6679292166300414e-05,5.669024624959057e-06
1956-01-23,-0.0027512769914616302,0.0002986557234478536,0.6370242706126413,0.0009610527273962054,0.0,264.1075848581203,-5.0125917219846264e-05,0.0009646416383038537
1956-01-24,-0.003976289624884978,0.0002973300252257094,0.6913501574270245,0.006364630672049388,0.0,262.4644347332741,-0.0003711572864045531,0.006368956592774149
1956-01-25,-0.003300933346236493,0.000295994477083454,0.7017721115083568,0.00035267281161863255,0.0,257.6895422603227,-0.00022336567020685665,0.0003551919375893262
1956-01-26,-0.002710616184493243,0.00029467542966206867,0.736798015242467,0.002991610580244981,0.0,259.1608119756264,-0.00014860741794109347,0.002993947959845946
1956-01-27,-0.0022226061019520304,0.0002933563822406834,0.7571527226047552,0.003380646034654251,0.0,264.91990196457914,-6.126615581876141e-05,0.0033853310407855036
1956-01-28,-0.0028513876226662245,0.0002920522359804919,0.7800111357550613,0.0015419783060160062,0.0,258.22968748419527,-0.0003081441009785496,0.0015646070241928103
1956-01-29,-0.0020816550079712087,0.0002907629908814942,0.7814752898422788,0.00010405051506171793,0.0,254.16511631909964,-0.0001227352189394714,0.00010735343918110636
1956-01-30,-0.0015135947930610787,0.0002894819961429316,0.780947697813677,0.0006040983786017208,0.0,253.76024505198566,-0.00010190952022028509,0.0006072737699772309
1956-01-31,-0.001257426026514021,0.000288201001404369,0.7915103431026367,0.0009299608021132691,0.0,250.8380873656767,-0.00014696881638071634,0.0009355019763687403
1956-02-01,-0.002654774082919299,0.00028694155862775904,0.7939880715925142,4.3816780303157655e-05,0.0,247.18606927659778,-0.00010061159856238607,4.5391783816038536e-05
1956-02-02,-0.0029083581714980347,0.00028569701701234294,0.7890259478725283,0.0,0.0,255.98915188101503,1.359798308819701e-05,1.2814997489840607e-06
1956-02-03,-0.004589027477859778,0.0002844556745162792,0.7819529962629473,2.3330419750536904e-07,0.0,259.87775925458493,-5.313407861243534e-05,2.9271942074015995e-07
1956-02-04,-0.005402357312245558,0.00028321273246053924,0.7719372535604991,0.0,0.0,263.842577418814,-7.444564358326002e-05,1.2753353502951332e-06
1956-02-05,-0.0054317383190332835,0.00028197484164588194,0.75936240215984,4.3403252033190546e-05,0.0,265.90051800787114,-0.00016859354251353754,4.496845311943955e-05
1956-02-06,-0.004200759538486179,0.00028076170191252976,0.7476746869850518,0.00013796928322921368,0.0,263.9460416890807,-0.00014697824536407062,0.00013925228922313942
1956-02-07,-0.002175326611699358,0.00027954696261950135,0.7511524265095338,0.0031011406605863305,0.0,260.2076803555821,-0.00018700741568190905,0.0031631492885227774
1956-02-08,-0.003825828938160913,0.00027834872404734295,0.8115059660428438,0.0023261132928947947,0.0,257.8338555912514,-0.00021521734484171467,0.002327616686894328
1956-02-09,-0.002971079726677157,0.00027712573439387956,0.807609831096987,5.909101774463547e-05,0.0,260.6876728251829,-5.7093814899355674e-05,5.981582022526823e-05
1956-02-10,-0.00282751440496768,0.0002759490477836738,0.7981120251441856,0.0007289329617373687,0.0,261.4771418275133,-5.076371533217404e-05,0.0007297533379654964
1956-02-11,-0.002810026755777456,0.0002747508092115155,0.8451341532044493,0.006686291073338461,0.0,261.067249714767,-0.00020271370261065708,0.006692355286836343
1956-02-12,-0.004116116649350204,0.0002735709234819574,0.8783395770803908,0.0019850829816133965,0.0,262.8373644985048,-0.00014599251145191785,0.0019864432254913782
1956-02-13,-0.0033764655223000525,0.00027238758607099286,0.8933287079949389,0.0048221641004422295,0.0,261.8534687889947,-0.0003712945433575555,0.004892343696723347
1956-02-14,-0.0026682907831197407,0.00027122580062198103,0.9510953224311443,0.0016785834805440097,0.0,257.38228329516625,-0.00022803528476401241,0.0016824658676538827
1956-02-15,-0.002972821226227755,0.00027006894013302475,0.9479559774452685,0.0006373150032118889,0.0,254.6327740512999,-0.0001938236919415873,0.0006389724876572669
1956-02-16,-0.0030426139717048173,0.00026891300570493367,0.9525967183086159,0.000755357561306765,0.0,250.38129081654236,-0.0001596472789086191,0.0007578584097199522
1956-02-17,-0.003607260389516583,0.0002677635957965743,0.9455658361287667,0.00010655250000414877,0.0,254.6701276639087,-7.484610176692575e-05,0.00011092113668524115
1956-02-18,-0.0035464193692988596,0.00026662163646881193,0.9348880171551319,6.854786711224055e-05,0.0,255.58145505470523,-0.00013548428834663274,7.22564040709349e-05
1956-02-19,-0.00445972298834957,0.00026548965334218774,0.9218283328183853,3.9648033131313865e-07,0.0,255.67912652039033,-0.00014765607456197847,2.1047410286548955e-06
1956-02-20,-0.004663986253873103,0.00026434769401442536,0.9097263601989172,8.027668053147484e-05,0.0,259.5054614719025,-0.00012815182260369177,8.198744149719312e-05
1956-02-21,-0.004903232520919736,0.0002632173104474774,0.895201142449388,3.6815128757455254e-07,0.0,265.15693312176205,-0.00010591578580396998,2.1032528753355526e-06
1956-02-22,-0.008843535041741733,0.00026211007840215827,0.874805515095339,0.0,0.0,268.4844892182144,-0.0003161784840253114,2.1383184503065422e-06
1956-02-23,-0.009168874872269604,0.00026100044701732485,0.8520011255296609,9.816144145814714e-05,0.0,268.0349226375084,-0.0004567242264326683,9.859243008247183e-05
1956-02-24,-0.008088497876447474,0.0002599039909529821,0.8363264698093221,0.0009506656288427148,0.0,262.3179167336215,-0.0008786783611538721,0.000967958131695602
1956-02-25,-0.005875089453101832,0.0002587851831468485,0.8298429499911724,0.0008947059596325717,0.0,257.61325306003374,-0.00042289138724238193,0.0009036196954603982
1956-02-26,-0.004169813488836343,0.0002577293053858698,0.8297362821474812,0.0010826874124465016,0.0,258.75120744148444,-0.0001856029286222943,0.0010981538706580126
1956-02-27,-0.0043795827755146784,0.00025662207334055067,0.8530029756650189,0.00210135234361988,0.0,258.5900563601047,-0.0002470364173253377,0.0021095297698968743
1956-02-28,-0.006040451301019744,0.00025556459601989577,0.8595913242261064,0.00033259511751643683,0.0,260.37292264230734,-0.00020289724156007932,0.00033961050305002715
1956-02-29,-0.006965317000440285,0.0002545020674581582,0.8472401534545669,0.0005931617471121126,0.0,264.11471220328986,-0.00028837366966204454,0.0006474410393059252
1956-03-01,-0.00737743256455761,0.0002534262372949029,0.8381326966366526,0.00034587377798085835,0.0,262.4540650283325,-0.00048531620305473526,0.00036679784938890196
1956-03-02,-0.006271506222964681,0.00025239191149587685,0.8350117426583098,0.002884244304255577,0.0,264.4887993340214,-0.0003922186413053739,0.002952889793349407
1956-03-03,-0.009686027248363711,0.00025134840927555066,0.8406777821916196,0.00126332185615254,0.0,264.1602432804144,-0.00043701372072521577,0.001347495074715086
1956-03-04,-0.010839298114938252,0.00025029413107424805,0.8339935705037665,0.0010543384373524769,0.0,264.78380094768863,-0.0007096735581671452,0.0010910598570667955
1956-03-05,-0.008395250276320399,0.00024926393045543953,0.8280875283221516,0.0010575299377495286,0.0,263.5489636832487,-0.0006426713392559418,0.0010859362716835312
1956-03-06,-0.004392176445594615,0.000248226152975007,0.8516910071651367,0.0035956755996087177,0.0,257.45322429348073,-0.0005182319420710795,0.003602076418553423
1956-03-07,-0.0043143000727319455,0.00024721497869760977,0.8882730200241291,0.00038173226481777125,0.0,255.5013228953446,-0.00016159792614858703,0.00038560556448556383
1956-03-08,-0.007473779473937838,0.00024620540397988876,0.8819288120880414,0.0024686461198801376,0.0,262.1608428631799,-0.00022146933959365568,0.002475887243605739
1956-03-09,-0.004260751402984231,0.00024519582926216775,0.9210025765801554,0.005053670413918415,0.0,262.5776604654201,-0.00026963470177461876,0.005056542389778729
1956-03-10,-0.0024097769358063822,0.0002442011557056406,1.021262763359228,0.008121889210858588,0.0,256.6261103714478,-0.0004073545589285381,0.008125654216054806
1956-03-11,-0.0028536996178034338,0.0002432064821491134,1.0716957336540724,0.0008333394630143874,0.0,250.6268501569098,-0.00021131674490742765,0.0008361761683448423
1956-03-12,-0.006342840396751793,0.00024222670975378006,1.0614176892066858,1.2775430571561483e-08,0.0,253.76828014064867,-9.731978893616779e-05,8.718272824474088e-07
1956-03-13,-0.003391185554407411,0.00024124533779877058,1.0526139139006592,0.0019070490100289471,0.0,258.5726638118651,-6.112858316319138e-05,0.0019123483895097226
1956-03-14,-0.004132896030353287,0.0002402589146026784,1.082865741966808,0.002700570192040697,0.0,257.79428955480427,-0.00026238320321686525,0.0027049958310787032
1956-03-15,-0.005974470474625712,0.00023930229372897392,1.0876386681967984,0.00035749885153635747,0.0,257.30722042306445,-0.00018181702343084044,0.00035977016253578554
1956-03-16,-0.0071825945360512395,0.0002383440732955933,1.069406742879002,0.0004531059224726791,0.0,263.4792686649186,-0.00016520152363063253,0.0004574542164600849
1956-03-17,-0.008100257839186718,0.00023738080162113,1.0529601246174671,0.0031811519615394255,0.0,266.14450314983367,-0.00033399376407854977,0.003186691666246717
1956-03-18,-0.011545830443080536,0.00023643083154818433,1.036382930202448,0.0,0.0,266.7530934285309,-0.00040536418052042946,3.991530741838539e-09
1956-03-19,-0.013624060120286241,0.00023549576263643256,1.0067940979578627,0.0,0.0,268.5750597075554,-0.00042607624736209376,1.7086631487472914e-06
1956-03-20,-0.009835949220226311,0.00023453249096196924,0.9768057210746235,0.00017007385606819628,0.0,269.90085996207546,-0.00046142638992455046,0.000216520101953765
1956-03-21,-0.010557224521529204,0.00023361232321141131,0.95003623028484,1.6953185790002684e-05,0.0,268.4222595157372,-0.0004609548565694841,2.78267820002669e-05
1956-03-22,-0.012246386353242196,0.0002327070566220472,0.9251065299111346,0.0,0.0,270.74360599266384,-0.0005419686552410746,9.098834134818258e-06
1956-03-23,-0.013810676748806476,0.0002317520353080189,0.90091867680379,0.0,0.0,270.81425191588323,-0.0005880201835248431,1.2904405366498395e-06
1956-03-24,-0.014295721879113193,0.00023085501907908984,0.877703937882533,0.0,0.0,273.36512605843126,-0.0005187866104356314,2.781209007905558e-05
1956-03-25,-0.016640466316945136,0.00023076047668349272,0.8470964737082156,0.0,5.898972983750921e-05,274.81768674545145,-0.0007847073135402918,0.0002000790193579828
1956-03-26,-0.01624428093601755,0.00022981875697098214,0.8145163440883946,3.3342400513126353e-07,5.4766566066418664e-05,273.6901171804597,-0.0010537345404342071,0.0004282015921293258
1956-03-27,-0.00865033054250782,0.00022814906923110877,0.8172667192649483,0.0059055403969382175,0.0,263.1351656006779,-0.0011879691833072462,0.005966178368709213
1956-03-28,-0.006963601977811695,0.0002272520530021797,0.8935613542402309,0.006046409366157769,0.0,259.9134732909122,-0.0004737601526039469,0.006054294328208859
1956-03-29,-0.011278117275507437,0.0002263781882948795,0.9102038367319916,5.859921628472496e-05,0.0,263.91862565020836,-0.00025938165053135935,6.016353085803433e-05
1956-03-30,-0.014251598278007939,0.0002254894224263854,0.8964400066943268,0.0,0.0,269.852132937329,-0.00044471927323920583,0.0
1956-03-31,-0.01544734044263592,0.00022467356280418444,0.8783519910104756,9.10041695934231e-05,0.0,271.2107543262834,-0.000837537149588267,0.000809359971310513
1956-04-01,-0.005570300807387143,0.00022376324497373767,0.9174627674052495,0.014509895869062447,0.0,269.3031466927681,-0.0005612803549416321,0.014648860204691267
1956-04-02,-0.004192147214533919,0.00022289603106719628,1.0009655278954803,0.006060606994702991,0.0,264.54201159504174,-0.000508271915427709,0.006073875144274276
1956-04-03,-0.008445987804124585,0.00022203041672033108,1.0206032158515774,0.001212264374319443,0.0,263.12093926912877,-0.0003806860475553631,0.001214122906814241
1956-04-04,-0.011350650698114926,0.0002211813030943359,1.0035216480549671,0.0,0.0,266.9692243443146,-0.0003345575562473071,1.2814997489840607e-06
1956-04-05,-0.005269292131655634,0.0002203473431915887,1.0136054374852872,0.01103176041848242,0.0,266.25199486037434,-0.00044708573759275646,0.01107981610759374
1956-04-06,-0.006575277296163268,0.00021950488036635236,1.0935543656573683,0.0023283926864801825,0.0,258.9820878159977,-0.0005193059832531181,0.0023335489848563093
1956-04-07,-0.011710372348289705,0.0002186491159395983,1.090020073784722,4.220707605114091e-05,0.0,263.1320971544629,-0.00019826503249548247,4.350943750537715e-05
1956-04-08,-0.0068307990829149885,0.00021785480827935,1.1035128663488702,0.008546445497685235,0.0,267.3861322097635,-0.00031452419204732124,0.008648093844435363
1956-04-09,-0.012373737569919413,0.00021699239305183717,1.1239347008886535,4.231851905752711e-05,0.0,266.8050741817094,-0.00035551384007189904,4.232923189798991e-05
1956-04-10,-0.012217251594457251,0.00021616668350952494,1.0944081681820859,9.011414091465836e-06,0.0,270.2218205403474,-0.0003330987157289591,1.2712118457702314e-05
1956-04-11,-0.004814478005729827,0.00021538542488874017,1.0708364138270952,0.003382870685414406,0.0,270.0818603249818,-0.00040300973391128804,0.0034986635885174222
1956-04-12,-0.012772283900929039,0.00021454296206350383,1.0718012520597928,0.0009394611132010229,0.0,269.67119861322607,-0.0005336005956271274,0.0009986656365421533
1956-04-13,-0.015364997762407961,0.00021372870200097902,1.0460023466925614,0.0,0.0,271.264210609393,-0.000572077777384028,8.756630904827034e-07
1956-04-14,-0.013920453434946845,0.00021293931930078627,1.0205547095692091,3.423436550097277e-06,0.0,271.25366958790585,-0.0006305129493528841,1.4417201683399825e-05
1956-04-15,-0.01513062434344642,0.00021219291424347185,0.997520202521775,2.796661719090521e-06,0.0,270.99509825410144,-0.0006591584480835894,0.0006982536975897065
1956-04-16,-0.01304110501613994,0.00021142828262458416,0.9802873686882064,0.0005156356778185247,0.0,271.7285713871096,-0.0005221398189495513,0.0014214115963695007
1956-04-17,-0.01129104979967667,0.00021055281835760778,0.9614306088894774,1.2333888960423443e-05,0.0,270.6057128511131,-0.0005848848045209034,0.00012704504403814742
1956-04-18,-0.01336808814167303,0.00020975505901595296,0.9437338618908899,6.343274887672251e-05,0.0,270.4373253285323,-0.0006094217132040337,8.327947498041359e-05
1956-04-19,-0.01629955443622029,0.00020900200315787968,0.9270566663724106,2.3958457391814323e-06,0.0,270.6218760754429,-0.0006353978520143503,2.8326854412702916e-06
1956-04-20,-0.017740285076663993,0.00020823909737969522,0.9092084234492702,0.0,0.0,273.15061529342745,-0.0007201604134703087,0.0005619385057308923
1956-04-21,-0.015316872862772753,0.00021828828895159363,0.8867438077477637,0.000534331710156748,0.0002888291232329978,273.6228110498404,-0.0006194969186675077,0.002489535401096452
1956-04-22,-0.008265172820643518,0.00021008852511475993,0.8818660527748353,0.003209341401602589,8.716893061406196e-05,270.58096017496285,-0.0009293191261210686,0.0036244660787162547
1956-04-23,-0.00856395810842514,0.0002059485279234116,0.9332576543373352,0.008562934811169145,0.0,269.163603683874,-0.0007097984764114612,0.008821981960092302
1956-04-24,-0.012455971732651446,0.0002052534771504375,0.9471398764859934,0.000714925996496179,0.0,271.0267002191921,-0.0006467832599656056,0.0018100865648291208
1956-04-25,-0.012117144583308764,0.00020444241620726507,0.9399761192767184,0.0004417189833639705,0.0,269.9158466755783,-0.0007135614563347929,0.0005847586245136848
1956-04-26,-0.010091207584755568,0.00020380882220079672,0.9318882139389125,0.0018929987724891492,0.0,272.5849659519232,-0.00037809423470901236,0.003844533515515301
1956-04-27,-0.00555108786471146,0.00020319518059660487,0.9751548982609464,0.011367962711443335,0.0,271.66607352793784,-0.0005041174906290184,0.012563064192833689
1956-04-28,-0.006997620444850061,0.00020222475299727446,1.009268837909016,0.002708733334379681,0.0,270.4404245617251,-0.0005698173049058618,0.0030947044060799065
1956-04-29,-0.005402250562684011,0.00020150655070267157,1.0400052690236583,0.009228926615021324,0.0,269.74488459513464,-0.0005279202540378787,0.009722843766212465
1956-04-30,-0.010199796976679464,0.00020077664636622717,1.0936132168814738,0.0033993033829045165,0.0,268.94367748195845,-0.0006212023860317166,0.003784622342244337
1956-05-01,-0.01317251351593578,0.00020004834158945895,1.1044436812176317,0.004074344379922091,0.0,269.3485607894351,-0.0007281340132493757,0.00428977283707317
1956-05-02,-0.014391155271543622,0.00019932853973517986,1.1006785822004477,0.0004720692286046885,0.0,270.99203979362875,-0.0006767309528622924,0.0007861430025370109
1956-05-03,-0.004622929303322808,0.00019866649040394584,1.163356515198329,0.01560393630363847,0.0,269.96188689266,-0.00041248828256871075,0.016008221042072963
1956-05-04,-0.013615410838086726,0.00019795973758913028,1.2284666589424438,0.003605642613802253,0.0,273.2275679277611,-0.0002236296554322297,0.004538264784660932
1956-05-05,-0.015007355160969127,0.0002305446203145604,1.1947361718014362,0.0030194421188306,0.001176527264596379,274.11715662681456,-0.0008186330692579518,0.0053203189148256745
1956-05-06,-0.012396371423524653,0.00020280690853205106,1.169183705935146,0.0004709785183270773,0.0003660265040599694,272.82218979801394,-0.0007268382383689369,0.0012667600717012222
1956-05-07,-0.015037483877718114,0.0002723777361508817,1.1310938603460452,7.730684543060044e-05,0.0052054295432096154,275.4900549118128,-0.000453082118499077,0.00040867768091541203
1956-05-08,-0.02046630628364908,0.000420917393797535,1.0760967017567091,0.0,0.006085920321234202,277.23595411584427,-0.0008592449633751885,0.002682766637847656
1956-05-09,-0.018411068340479318,0.0002894179295685332,1.0305950502442327,4.649635846331969e-06,0.005037771148533472,275.5543097264349,-0.0009231081043007011,0.0012229262939604526
1956-05-10,-0.013280441405746225,0.0002981542193956968,0.999791262064501,0.004240186895522695,0.0028144990193978547,274.30833234984544,-0.0007482358533362884,0.008692504473964616
1956-05-11,-0.01698370429418855,0.00023857954531739662,0.9965967440560265,0.0032612899013158294,0.0001523338973858936,273.00737726172036,-0.001302212876620266,0.009653463833345763
1956-05-12,-0.008191691364272167,0.0001975415790148374,0.9994634423552261,0.004752388487091173,0.00022691378822434422,271.7388983473266,-0.0009192517974366576,0.005228684143729183
1956-05-13,-0.008615226942603872,0.00019208665958232125,1.0479777707891949,0.005936594480006709,0.0,268.7496167091327,-0.0009921924868798524,0.006039668947963392
1956-05-14,-0.014097307824482352,0.00019160712842887409,1.0771061381826743,0.002393912944921666,0.0,269.36822141227077,-0.0005625446805846221,0.00284231500683031
1956-05-15,-0.01326182038433808,0.00019139607073897025,1.0897821401247647,0.004377987319971882,0.0,272.06956313469095,-0.00047261785126506955,0.007785179419615148
1956-05-16,-0.02163966572554098,0.00023443744344226386,1.0785006363288607,0.0,0.002381106322936419,276.10843065049914,-0.0008374091900758826,6.392761465390502e-05
1956-05-17,-0.02457373193596716,0.0004583707468657843,1.032618290960452,0.0,0.008066756955984623,277.67062962706257,-0.0007856540424002093,8.463859444418631e-07
1956-05-18,-0.02423438787628702,0.0011395596514987406,0.9791349421786725,0.0,0.012334552777689058,278.9567031285633,-0.0006209765850319028,7.467586441902118e-05
1956-05-19,-0.020877801807923507,0.0034683378739545578,0.9199667030808616,0.0,0.0180767303974615,279.18729946617805,-0.0003420946603946093,0.0019294095914916133
1956-05-20,-0.019775514632968578,0.0030478435215976953,0.8559048467661253,0.0,0.01754014158232064,279.2500677485924,-0.00014988297733378275,0.001547178087159119
1956-05-21,-0.02083982451487396,0.003599525929170814,0.7944057773511065,0.0,0.018278553429464838,279.7472769527112,-0.00017416035745945356,0.0011588253711795268
1956-05-22,-0.013675493624924265,0.00637991903191906,0.7300046069473872,0.0,0.020285068995366664,278.8246006076619,0.0002758751207657453,0.003937359499392537
1956-05-23,-0.019234033248855573,0.005640473490380972,0.6698657824270244,0.0,0.019133170950884203,278.99861274690505,1.7547269620127595e-05,0.002480540487725856
1956-05-24,-0.022145911083046328,0.004782721737010331,0.6067374996321799,0.0,0.01940815207564225,279.7023520855805,-0.00020248667563253878,0.0005056347886257924
1956-05-25,-0.014838265539225886,0.006586106483545681,0.547072243555791,0.0,0.01854479565458783,279.32511007089846,9.198235821420864e-05,0.0033131461863114197
1956-05-26,-0.014361741557969885,0.006055110086828977,0.4935817682585923,0.0,0.01769584756197229,278.48519471809686,8.817043386946965e-05,0.003049161221907772
1956-05-27,-0.012788427625335544,0.007967680524298026,0.4400048552259887,0.0,0.017564606952801938,278.41578994722244,0.00016675651136596325,0.005523562559773958
1956-05-28,-0.005125816301100672,0.006665464680073625,0.39098017633298027,0.0,0.014556040156022304,276.7433010216262,0.0003841600912270573,0.013375162404809295
1956-05-29,-0.005635724145140352,0.0034336202730566767,0.3593970692090396,9.158889284241671e-06,0.011770338093661995,276.08468731738304,0.00014020121619526276,0.004914674499511773
1956-05-30,-0.010697156064591165,0.0034629485364687652,0.32740545183027314,3.9988991904393437e-10,0.010738894974781296,276.4661988942637,-0.0004814754445421494,0.003104211836211426
1956-05-31,-0.019997163933549226,0.004896487219858978,0.2939018637447034,0.0,0.015258240308296886,278.48573016222366,-0.0005642848436610174,8.21722091919418e-05
1956-06-01,-0.025964125022713076,0.005261031500363754,0.24578363163547556,0.0,0.015462330589860174,283.96145962501424,-0.0013365104878689611,8.241081790746222e-05
1956-06-02,-0.028495005210914182,0.004205884064658214,0.20967403778248592,0.0,0.00884675988032993,282.58542223928566,-0.001738713443868578,0.0013941252269509313
1956-06-03,-0.026642904569536954,0.004719515978279761,0.18549170197740117,0.0,0.008759247970446355,281.97581238396424,-0.0014795413672250544,5.63326006612067e-05
1956-06-04,-0.032226516323237774,0.006521613079275789,0.1586111754796375,0.0,0.00961166382425249,284.53926993404184,-0.0016513202697207025,0.0011835541062928726
1956-06-05,-0.029889138573307106,0.005522711633962427,0.13152443980991058,0.0,0.008565981172572422,283.0889171126199,-0.0018690117966320555,0.0013488880013172912
1956-06-06,-0.022587105084610527,0.005435668058314566,0.11887349561558383,0.001679595854491164,0.0018348686902199764,278.22780509273434,-0.001740321680103655,0.004325131322647623
1956-06-07,-0.03051801143729754,0.005539915740153211,0.11822544248764125,0.0,0.0036151679180099474,278.6640663146973,-0.0020001100712997767,0.0002214812961999169
1956-06-08,-0.032187009135545314,0.006870414325072942,0.10099674663076742,0.0,0.007236331154060902,283.1261450844745,-0.0017578735800281085,4.787431496065001e-06
1956-06-09,-0.03434761306323574,0.0074030034622903605,0.07891466388594634,0.0,0.008176234187716146,285.13324506942837,-0.0017299221007753228,4.2163887939884166e-05
1956-06-10,-0.033388145225869734,0.0073788622341587045,0.05719143567561206,0.0,0.008154479902511263,285.83731018037673,-0.0020429070428603117,0.00010727106850236148
1956-06-11,-0.037941542848692104,0.008124154755624675,0.03757857557968456,0.0,0.006307535483843862,287.1374424612904,-0.002391255655362781,5.9803528871967084e-05
1956-06-12,-0.039266599647406135,0.007911965924467744,0.023318648113818268,0.0,0.004503438028238588,286.70305603012974,-0.0026867478286142403,0.00012722773066524393
1956-06-13,-0.034713907893431394,0.0071854763111825724,0.013412561793785313,0.0,0.0029475589172314794,286.5890641868002,-0.0025026663864231385,2.72856255919244e-06
1956-06-14,-0.022493060067885342,0.00694620280952777,0.007038468470456687,0.0,0.0020058540427415387,284.0980507371116,-0.002348240675394145,0.005973342667180348
1956-06-15,-0.03635822994224096,0.00696531148616877,0.002861180996939737,0.0,0.0013362226934082765,287.7570274985219,-0.0030159692327349874,0.002618181587612562
1956-06-16,-0.038682204644895544,0.006546864570197413,0.0011264492113935971,0.0,0.0003282461462721313,282.81888150001424,-0.002999152093704811,0.0019627708835440708
1956-06-17,-0.03639902881646561,0.006055701797628135,0.0009462173375706216,0.0,0.00012087668318532956,281.0036013939062,-0.0026400993330835624,0.0005134154381767204
1956-06-18,-0.02843983934424018,0.005668439139417335,0.0005406956214689266,0.0,0.00010381007598618331,282.04688991395767,-0.0030828465912806787,0.004238018460752735
1956-06-19,-0.03646810441198996,0.005201235750300737,2.2528984227871938e-05,0.0,6.248338916207438e-05,285.72555952197865,-0.0028711099198645796,8.70227722771233e-07
1956-06-20,-0.04133913510263303,0.004845286156498107,-7.3453647229951e-24,0.0,3.441461062027236e-05,287.3915004478785,-0.002913171067665526,7.557936307400634e-05
1956-06-21,-0.02127384247079408,0.004662055332781905,4.0690104166666664e-05,0.00035949884834936117,1.078042185912698e-05,281.43194365276906,-0.003215371594253907,0.010067115713197681
1956-06-22,-0.027339691201509062,0.004286842915297902,0.002631063515183616,7.677044572129762e-07,9.94236834641904e-05,276.99588136619093,-0.00241453050093799,0.0004565978790625879
1956-06-23,-0.03286124479635961,0.004051299418433239,0.001414038591690207,0.0,0.00012353809792443185,281.2896910414184,-0.002541553849975268,1.7404555805455857e-06
1956-06-24,-0.03153594730600799,0.0038665367216713688,0.0007229964836393598,0.0,6.979003043498024e-05,285.02262016698694,-0.0029818489937122263,0.002481340549849205
1956-06-25,-0.029447551669374027,0.0036663309497348335,-7.3453647229951e-24,0.0,2.5103826307307534e-05,282.4148643694804,-0.0022352935935733686,0.0007143412024379486
1956-06-26,-0.02885821335396524,0.003496059337578251,-7.3453647229951e-24,0.0,1.2561910401629865e-05,281.2823331153999,-0.0022990915734889144,0.00021682422035325036
1956-06-27,-0.03307787956154279,0.003339696738679531,-7.3453647229951e-24,0.0,6.166197317468245e-06,284.2110963415516,-0.0025829732954754667,3.964005216542946e-05
1956-06-28,-0.03798248580956863,0.003195808095447088,-7.3453647229951e-24,0.0,1.995282321326477e-06,287.0059622245544,-0.0027918441189547717,2.7209889642023684e-05
1956-06-29,-0.041234796203799176,0.0030630288992897943,-7.3453647229951e-24,0.0,6.072854591628253e-07,286.90806545825103,-0.0028005036720111544,4.092013764009628e-05
1956-06-30,-0.0320078323537347,0.0029485485816406,-7.3453647229951e-24,0.0,1.9413603227690788e-07,283.2788770212293,-0.0023006114182667543,0.0011302801452111686
1956-07-01,-0.026596947788855452,0.0028367815381389553,-7.3453647229951e-24,0.0,7.185390440084166e-08,280.11542593602184,-0.002195335661539924,0.0009561568289479696
1956-07-02,-0.019635586373213325,0.003371095421624049,-7.3453647229951e-24,0.0,4.457720255447647e-08,281.38224823371615,-0.0023342559882308135,0.010213954482640472
1956-07-03,-0.020581285453448863,0.002691649616101368,-7.3453647229951e-24,0.0,1.2375540652517547e-08,280.47104177097816,-0.0027537917623580515,0.0052158997914426896
1956-07-04,-0.03110032726479116,0.0025424457202523443,-7.3453647229951e-24,0.0,4.125180217505848e-09,280.54135142971114,-0.0022669376458151866,0.0001145886836029143
1956-07-05,-0.030494919225657734,0.002466805237161238,-7.3453647229951e-24,0.0,2.062590108752924e-09,282.071818145206,-0.0026830972756369644,0.001397054747673078
1956-07-06,-0.0331460644127959,0.002383687570270172,-7.3453647229951e-24,0.0,0.0,285.18975223031197,-0.002699672607547146,0.0012939223798654849
1956-07-07,-0.027711799757628792,0.002345681695614831,-7.3453647229951e-24,0.0,0.0,281.6606675451534,-0.00300070075160366,0.0045057593260781235
1956-07-08,-0.032519757958118525,0.0022248374877002954,-7.3453647229951e-24,0.0,0.0,281.4720499861263,-0.002328059094100349,1.2648981737584108e-06
1956-07-09,-0.03198959775226938,0.002155605429983409,-7.3453647229951e-24,0.0,0.0,283.24515169219114,-0.002510718238345311,1.7212943816957704e-06
1956-07-10,-0.03617110722145792,0.0020923526105234183,-7.3453647229951e-24,0.0,0.0,287.5714274225038,-0.002486347404997901,0.0004537938341532825
1956-07-11,-0.03188349201349216,0.002057105050248615,-7.3453647229951e-24,0.0,0.0,287.037078807134,-0.0028045580874981185,0.0035449613924981764
1956-07-12,-0.027816420936651827,0.0019950759781282505,-7.3453647229951e-24,0.0,0.0,285.5111729824835,-0.0022980557323175636,0.0027289667110444423
1956-07-13,-0.029991232111292374,0.0019119344862167445,-7.3453647229951e-24,0.0,0.0,286.5374863367746,-0.002593227367490362,0.00011738832315625018
1956-07-14,-0.03996524181069628,0.0018561816653289364,-7.3453647229951e-24,0.0,0.0,287.5114023923425,-0.00276014893342041,8.583068051848386e-07
1956-07-15,-0.03712275178082246,0.0018066178775776578,-7.3453647229951e-24,0.0,0.0,286.16951691363494,-0.0024340104437985664,0.0005036301274753126
1956-07-16,-0.03189231013342486,0.001765043385284769,-7.3453647229951e-24,0.0,0.0,284.4597715280824,-0.0025656155947238043,0.0016958105697680327
1956-07-17,-0.02806095421145865,0.0017441711520071084,-7.3453647229951e-24,0.0,0.0,283.49154462652695,-0.0023918880654846208,0.004028291688800532
1956-07-18,-0.027230822265484914,0.0016893235977086644,-7.3453647229951e-24,0.0,0.0,282.1041682686959,-0.0029049825323166825,0.003716189604008031
1956-07-19,-0.030473410914846736,0.001623304971193863,-7.3453647229951e-24,0.0,0.0,282.2631912051846,-0.002244860949363076,0.0002419870067061018
1956-07-20,-0.03289106298806304,0.0015815414782971314,-7.3453647229951e-24,0.0,0.0,284.2752934148756,-0.0023464085534214973,0.00033033853833170225
1956-07-21,-0.029270984653362447,0.0015684762748621277,-7.3453647229951e-24,0.0,0.0,285.5673452653903,-0.0025618513888221676,0.0035783452334377055
1956-07-22,-0.031064776882613446,0.0015149512196664756,-7.3453647229951e-24,0.0,0.0,286.1788859358391,-0.00270960535748867,0.0021481090084873884
1956-07-23,-0.034733664139179186,0.001464136407873725,-7.3453647229951e-24,0.0,0.0,287.04272351740894,-0.0025261824813771383,0.00015188484199680168
1956-07-24,-0.038204304916037005,0.0014355713028018759,-7.3453647229951e-24,0.0,0.0,288.9494763426413,-0.002430358301785033,0.0011030229223632049
1956-07-25,-0.03391227458661559,0.0014061981675315039,-7.3453647229951e-24,0.0,0.0,288.7033858900915,-0.0028958706564064752,0.002107487289762603
1956-07-26,-0.03405553855970081,0.001368451758293109,-7.3453647229951e-24,0.0,0.0,288.4174388303596,-0.002617448689363434,0.0013734707891928139
1956-07-27,-0.03388303661413786,0.0013313322080730718,-7.3453647229951e-24,0.0,0.0,288.1776913213641,-0.002585904841116593,0.000751133574592946
1956-07-28,-0.029619092532133656,0.0013084276921331549,-7.3453647229951e-24,0.0,0.0,287.0864719132246,-0.0022255630984818198,0.0016465416769998837
1956-07-29,-0.0257651117646088,0.001313737809321301,-7.3453647229951e-24,0.0,0.0,287.446786981069,-0.0026977585502347707,0.005725425680226235
1956-07-30,-0.01987933969430331,0.001341629415582129,-7.3453647229951e-24,0.0,0.0,284.99092360315126,-0.0028232108370143147,0.008730751873666849
1956-07-31,-0.02691370227747718,0.0012318936444945254,-7.3453647229951e-24,0.0,0.0,285.0667898318189,-0.002598935511952403,0.0019185112356789903
1956-08-01,-0.028045220226891297,0.0012335382444036882,-7.3453647229951e-24,0.0,0.0,285.6352007878478,-0.0025145844424848502,0.004748062646264815
1956-08-02,-0.027534901927419978,0.0016720698209805678,-7.3453647229951e-24,0.0,0.0,286.29846914474575,-0.0023916428224683484,0.007586598529838986
1956-08-03,-0.031993723479704674,0.0012965936445246983,-7.3453647229951e-24,0.0,0.0,285.62382461705903,-0.003602719197502244,0.006817158197850212
1956-08-04,-0.03747311175543037,0.00111594484687525,-7.3453647229951e-24,0.0,0.0,285.57996443121675,-0.0025372520973116664,2.1381499380876743e-05
1956-08-05,-0.03686248692078779,0.0011049699311876029,-7.3453647229951e-24,0.0,0.0,285.25610416936786,-0.0025509115055961126,0.0013498528367676954
1956-08-06,-0.03181881268145675,0.0010781296565707797,-7.3453647229951e-24,0.0,0.0,284.3448187043213,-0.0023355378774599844,0.0007273086888627751
1956-08-07,-0.0315842619639332,0.0010552583946346564,-7.3453647229951e-24,0.0,0.0,283.4524485521622,-0.002165234431961162,0.0005123060962683826
1956-08-08,-0.023409479124061133,0.0010537878099807912,-7.3453647229951e-24,0.0,0.0,281.067757805862,-0.002342239832558201,0.0028178836666258042
1956-08-09,-0.030384602014627837,0.0010174151699421771,-7.3453647229951e-24,0.0,0.0,282.8730399999241,-0.002322975435625699,0.0005200001310144304
1956-08-10,-0.023789167404174805,0.0010327150424321494,-7.3453647229951e-24,0.0,0.0,282.1282965342204,-0.0025386843135801417,0.004207206311198951
1956-08-11,-0.031529129645918724,0.0009788390101686036,-7.3453647229951e-24,0.0,0.0,283.09079099464776,-0.0021127900477014693,2.3557826619104466e-05
1956-08-12,-0.03148444956642086,0.0009670399003109691,-7.3453647229951e-24,0.0,0.0,283.9031239992706,-0.0021866174614698876,0.00087868343975087
1956-08-13,-0.033637751083252794,0.0009451104422747079,-7.3453647229951e-24,0.0,0.0,285.1630694933531,-0.0021800177256013718,7.168818163305424e-05
1956-08-14,-0.036031448529601766,0.0009283074888132387,-7.3453647229951e-24,0.0,0.0,287.113425145266,-0.0020918348740975737,4.657515361342053e-05
1956-08-15,-0.03268725568123457,0.0009162025263080491,-7.3453647229951e-24,0.0,0.0,287.4983572735401,-0.0022066994333418753,0.0007068114420772322
1956-08-16,-0.029106381543948828,0.0009163161792324089,-7.3453647229951e-24,0.0,0.0,285.32486199704044,-0.0021293594970204738,0.00226146232006482
1956-08-17,-0.023498409422440716,0.0009083799218053872,-7.3453647229951e-24,0.0,0.0,284.7523662581507,-0.0017813367211380923,0.003241815842423519
1956-08-18,-0.010703794447715673,0.0009702934888796619,-7.3453647229951e-24,0.0,0.0,281.2379862754808,-0.0032466857846678993,0.01146353543731975
1956-08-19,-0.007514242566911514,0.0009246375937919833,-7.3453647229951e-24,0.0,0.0,279.30150173208807,-0.0024901310687011247,0.007367643124537334
1956-08-20,-0.021981658824419572,0.0008617175669319887,-7.3453647229951e-24,0.0,0.0,280.7386611320654,-0.0025222785718276007,0.0018636241133253991
1956-08-21,-0.02971835745929998,0.0008317842490255497,-7.3453647229951e-24,0.0,0.0,283.9300322990633,-0.0020167120590300885,0.00026945606462236177
1956-08-22,-0.031717651602575336,0.0008178022453340435,-7.3453647229951e-24,0.0,0.0,285.1763536377815,-0.0021279288540031276,8.497527755710349e-05
1956-08-23,-0.0319800155058419,0.0008050865877819601,-7.3453647229951e-24,0.0,0.0,285.8903690309399,-0.0020695386749118735,5.88488443073443e-05
1956-08-24,-0.03294394022158984,0.0007958274103153898,-7.3453647229951e-24,0.0,0.0,286.8278827164357,-0.0021710758029067586,0.0004497496253353055
1956-08-25,-0.0328180100453102,0.0007812835402407889,-7.3453647229951e-24,0.0,0.0,285.91133262792323,-0.0019516464649031394,6.963501195320281e-05
1956-08-26,-0.02629391735388061,0.0007755616627170541,-7.3453647229951e-24,0.0,0.0,284.9416493525389,-0.001897227050641836,0.0009466007603414179
1956-08-27,-0.02402317536584402,0.0007863448838056145,-7.3453647229951e-24,0.0,0.0,282.28608270418846,-0.00206596249619783,0.0034433307730022673
1956-08-28,-0.020657516300341506,0.0007587036507277838,-7.3453647229951e-24,8.214422959392353e-06,2.7786456258957e-06,277.92327358942697,-0.001755022659561055,0.001511512604131951
1956-08-29,-0.023377070108712733,0.0007390856406109482,-7.3453647229951e-24,0.0,1.838904316142454e-06,279.92410311007455,-0.001392280982838849,7.029586592494431e-05
1956-08-30,-0.009414130600832278,0.0008278003351836554,0.007282379207862524,0.0032185727551495287,0.0007142750809421648,276.57092984517413,-0.0030668588134191805,0.013904740880986529
1956-08-31,-0.01564658576317426,0.0007355244314603215,0.027871342028601698,0.002235743464470583,0.0008979268414152545,274.16057482142907,-0.0017246276319111138,0.0029111014920089745
1956-09-01,-0.024568873399731808,0.0007322443238759446,0.020935863200329568,0.0,0.001747250262290071,280.5512866435078,-0.001770448418449884,1.3018272007059295e-06
1956-09-02,-0.026467362997558835,0.0007171646854971761,0.009761716910899247,0.0,0.000876317505782607,282.6783285051191,-0.001818377808746645,0.0006924588632440296
1956-09-03,-0.00929318418947317,0.0007053942835263615,0.018009853901836157,0.005720395742163147,0.00045686362490142136,275.3294232578601,-0.001035206630236685,0.006917905691805466
1956-09-04,-0.012651779262696285,0.0007259458471826242,0.04110252251059323,0.001205240897202896,0.0015579966228392165,274.9182677403682,-0.0014653172722812427,0.003820532627698392
1956-09-05,-0.014120814111609918,0.0006832729625163105,0.046009703095574395,0.0021965933679524118,0.00031068777970675026,273.35817616134045,-0.001523314506909942,0.0027226281368076567
1956-09-06,-0.021236148005151483,0.0007009975991006626,0.043184614450918084,0.0,0.0025365696325477236,276.6266626656168,-0.0015304071544590646,8.702277796146518e-07
1956-09-07,-0.026831809073518228,0.0006863353616100247,0.025605799788135597,0.0,0.001989981443700144,280.6095814713875,-0.001662509852630944,2.1338462374842493e-06
1956-09-08,-0.024674081322500263,0.0006699041794922392,0.012601748249176084,0.0,0.0012359722901535575,283.73745430121994,-0.0017207907986337857,0.00020654541724859186
1956-09-09,-0.026466392569959505,0.0006550153096516927,0.004762581288253296,0.0,0.0006336617351925305,284.1728650073323,-0.0019358165541106024,0.00031453515850075897
1956-09-10,-0.026523173907719088,0.0006399612642277432,0.0022832435852165726,0.0,0.00019486980923151567,284.6357885852821,-0.0017126541647870665,0.00015025438561951375
1956-09-11,-0.025660478673075554,0.0006304054105349179,0.0011917372881355933,0.0,0.0001030230294849913,284.02121440794065,-0.0017503323138686226,2.28960972047795e-05
1956-09-12,-0.0257347985091856,0.0006339618210065164,0.00045057968455743883,0.0,4.450782165352234e-05,284.14252298430534,-0.0019274266320938448,0.001468948994647726
1956-09-13,-0.018589757719619127,0.0006266972944561372,-7.3453647229951e-24,0.0,1.6033744155350378e-05,280.8929794117556,-0.0015691828908724974,0.0016258000653561091
1956-09-14,-0.024602382322825956,0.0006092652089178226,-7.3453647229951e-24,0.0,8.615428360842043e-06,281.6312424718997,-0.0015154732391238213,0.00014198013280920725
1956-09-15,-0.02712232893132894,0.0006016213341621357,-7.3453647229951e-24,0.0,3.95981521256226e-06,281.7253681441485,-0.0016354659235494286,2.346380614458495e-05
1956-09-16,-0.024255218563106775,0.0005948425686292056,-7.3453647229951e-24,0.0,2.2434350629310822e-06,281.69805426875973,-0.0013811719619621667,2.071246578804681e-05
1956-09-17,-0.02384352869233169,0.0005882343666701668,-7.3453647229951e-24,0.0,1.5598653400011659e-06,282.119139511482,-0.0014909783136204812,4.2212873544187755e-07
1956-09-18,-0.028588749931357006,0.000581748573120031,-7.3453647229951e-24,0.0,7.00712372354195e-07,284.27256113975517,-0.0013898199708279918,4.351139928360226e-07
1956-09-19,-0.02839928381355469,0.0005754218936639991,-7.3453647229951e-24,0.0,3.373176701324808e-07,283.65014158130367,-0.0014224503778636794,1.290095610784192e-06
1956-09-20,-0.03189747788980182,0.0005691843686130761,-7.3453647229951e-24,0.0,1.2840675768879175e-07,286.3001721340833,-0.001561616468480078,7.534794795737261e-06
1956-09-21,-0.023021044788387533,0.0005752625270078411,-7.3453647229951e-24,0.0,3.4264252010711846e-08,281.5025914222732,-0.0016662406466775024,0.001736252489736525
1956-09-22,-0.023524016562828237,0.0005590388667112017,0.0029464692943738232,0.0006239949646642654,3.0614014736003123e-05,274.15838570603773,-0.0011208128120939612,0.0008657421432645982
1956-09-23,-0.02170510564820241,0.0005528054668404961,0.004013147731285311,0.0,0.00010681430162009547,276.1391025945516,-0.001189082629431439,0.0
1956-09-24,-0.025194696198075503,0.0005471261881165586,0.0024443947887241055,0.0,0.00011402978903829714,279.717250644375,-0.0012004560827787987,0.0
1956-09-25,-0.026302527741523786,0.0005413013494620889,0.0014947291372410547,0.0,0.00010040819139803871,279.95939871865255,-0.0011973292330058956,8.583068797918258e-07
1956-09-26,-0.027150393079566418,0.0005353988058822977,0.0008951822916666666,0.0,7.262670219281299e-05,282.05107004269826,-0.00124914011796989,1.7136334804490616e-06
1956-09-27,-0.030779494740868697,0.0005294566100600076,-7.3453647229951e-24,0.0,3.622804826262308e-05,283.2650716857048,-0.0012420182889800963,1.2874602361989673e-06
1956-09-28,-0.027573349238452265,0.0005252227439718731,0.0001220703125,0.0001538517532375573,2.314815413480425e-06,278.47614852991484,-0.0009329068332405414,0.0004308897127984404
1956-09-29,-0.017674957880866055,0.0005236026425819612,0.0061168491054613945,0.0011601508673975023,9.166912338827963e-05,274.49069828098106,-0.0011454513138633665,0.0019076108427257322
1956-09-30,-0.019832265284438592,0.0005188352812481466,0.007453185690324859,0.0,0.0003422199522202972,278.4284756726913,-0.0010029137986948935,0.0003161785123362243
1956-10-01,-0.018875659522363697,0.0005186069651512104,0.005077067517066855,0.0,0.0002182628854183154,277.2930205429566,-0.0014824236843124622,0.0011946877573192163
1956-10-02,-0.021607138595338596,0.0005055628927414027,0.003703719029543315,0.0,0.00019223342970602932,280.2297551573558,-0.0010812061465224304,0.0
1956-10-03,-0.02357555488071873,0.0004997571646156957,0.0027634787694209044,0.0,0.00010985231795216685,279.1562051324072,-0.0009846570822647062,7.74239078929531e-06
1956-10-04,-0.022477587905980773,0.0004947005355425474,0.0018777218691148775,0.0,9.138638016867773e-05,280.55843151401444,-0.001032633301775671,1.332960691393132e-05
1956-10-05,-0.022295034958817864,0.0004899980826566449,0.0013413941119350282,0.0,4.8237984294945245e-05,279.7755447682239,-0.0009655652483556904,0.00011768415149322338
1956-10-06,-0.020543744419254155,0.00048455612807624094,0.0005406956214689266,0.0,3.845164668088579e-05,278.4333022704906,-0.0008933445554500246,1.2725092233267787e-06
1956-10-07,-0.02198108365643496,0.00047974961962403553,0.0004731086687853108,0.0,2.7107958823947586e-05,281.9010668465422,-0.0009913625784933905,4.261732051702438e-07
1956-10-08,-0.014887525368545018,0.00047647321628311933,-7.3453647229951e-24,0.0,1.2597784736735674e-05,279.3911638206008,-0.000767805729334974,0.00028327667128947
1956-10-09,-0.019030742052584718,0.0004716419567496091,-7.3453647229951e-24,0.0,9.928729995495856e-06,278.24572692123957,-0.0007900118270078622,0.0002011513137093236
1956-10-10,-0.018801558910116638,0.00046608954836419746,-7.3453647229951e-24,0.0,3.5699962054268794e-06,277.56709103844713,-0.0007477470931444466,0.0
1956-10-11,-0.02006020148595174,0.00046176627530890004,-7.3453647229951e-24,0.0,3.1064711721603483e-06,278.78076092132744,-0.0007895698591982578,2.575455255282577e-06
1956-10-12,-0.024321333752513608,0.0004574033500111036,-7.3453647229951e-24,0.0,1.3889018761909617e-06,279.21624682223506,-0.0009050201466780599,-1.5844307199586183e-08
1956-10-13,-0.016504396447690868,0.0004576614684304275,0.014901313853578154,0.0048047513569478935,4.345224907169235e-06,274.5225318470468,-0.001028857583253734,0.005781187024488702
1956-10-14,-0.013166085895845444,0.00045101193048186226,0.03098333039077213,2.05732839929182e-06,0.00020097935898492564,272.3866839507655,-0.0006206526741974772,4.705247883230905e-06
1956-10-15,-0.014140182169480514,0.00044959674110520365,0.02704650534074859,0.0,0.0004747267812490464,274.8179737744807,-0.0006453378631149309,2.1329673245418235e-06
1956-10-16,-0.017089571446011968,0.00044972521100340593,0.021945069738700564,0.0,0.000919896425247866,278.5337040823956,-0.0007960858707458287,4.580164159051492e-07
1956-10-17,-0.01878803690611306,0.00044201078724726445,0.016192592469985875,0.0,0.0005180874344824398,278.1155709196619,-0.0007593570129766976,2.5762060431588907e-06
1956-10-18,-0.017173611090681648,0.00043691223287313,0.012185421816148777,0.0,0.00038853833862280445,278.06356483215217,-0.0008075571445337797,-8.220752079068916e-09
1956-10-19,-0.01310750846303789,0.00043011031581857115,0.01211645553790019,0.0012646701376316913,1.4041292633713977e-06,274.7474260922879,-0.000615349660317103,0.0014123378668801261
1956-10-20,-0.014052583462437667,0.00042909030186927933,0.016969612538253298,0.0,0.0003577176755094259,274.4163959201447,-0.0005772404141176893,2.148747341834678e-06
1956-10-21,-0.016158683193942248,0.0004246425157212942,0.013724519259063091,0.0,0.0002737749304811834,276.8646659060836,-0.0006813007633143899,4.261732620136627e-07
1956-10-22,-0.01125218479310052,0.0004213412350180459,0.021801160104755184,0.0020820548137029013,7.38168482558202e-05,272.2079659981018,-0.0006056849523789465,0.0025574715122988535
1956-10-23,-0.02076961786228385,0.0004163822211788199,0.024024632915489643,1.4766671900021829e-05,0.00014221436728191914,275.6252032278172,-0.0009408332039154856,4.223027796012508e-05
1956-10-24,-0.008494285877141575,0.00041361944486865894,0.05624383901247646,0.009486257314345258,0.0,271.2017334616566,-0.0006796783309871868,0.010053052791026166
1956-10-25,-0.007637714472530925,0.00040902534110397946,0.08347011645185971,4.937670240967961e-05,8.535237803971027e-05,265.3870682186551,-0.00052589023391069,5.050865596841263e-05
1956-10-26,-0.007825074054427068,0.00040831505242040604,0.07982386932085687,0.0005280922067030676,0.0003419748933638557,268.3610660854706,-0.0004576097300412965,0.0005321873951766451
1956-10-27,-0.01068463580588163,0.0004061543840472982,0.0803972089806968,0.0005496537028732946,0.00043562513455159256,271.1321999106255,-0.0005549299662227685,0.0005827119269181406
1956-10-28,-0.007464617953798867,0.0003994030214972416,0.07620245005002355,0.0007708929479122162,6.531149485690446e-05,268.90676321687,-0.0005084983741412056,0.0007800510878039752
1956-10-29,-0.0026194190574904625,0.00039871521083648597,0.08379931548669964,0.0037912588966431595,0.000298947190581742,268.19057159998545,-0.00023083221483028544,0.0038066303663179804
1956-10-30,-0.008003723570855997,0.00039502439525841324,0.10308826396245292,0.0004506808426757317,0.00024836761929557824,266.74771670253494,-0.0005577428287452897,0.00045207493042455544
1956-10-31,-0.005800774836607572,0.00039117745423721055,0.09857373138830039,0.0018260166638315062,0.00014187253506506905,268.84582558683985,-0.0004922336304170938,0.0019532632187025424
1956-11-01,-0.0029251803196756188,0.0003867290787777659,0.15680816707862524,0.007806106496833812,-8.31350094854495e-10,262.9621308824212,-0.0002923497382951322,0.00784553185020639
1956-11-02,-0.0039861980131116964,0.0003838310133939409,0.16127925089748119,0.0003568660362628894,0.0,258.69805777095354,-0.0003518989456996406,0.00036095742778460165
1956-11-03,-0.003517070395798333,0.0003809395988108748,0.21207015617643596,0.013653600030699695,0.0,261.102289268077,-0.0003783443342831176,0.01365814927942082
1956-11-04,-0.0034525039169074454,0.00037812428959345417,0.2845886575300141,0.0011219696936297554,0.0,260.6128529550441,-0.00026453468464525404,0.0011266584617821106
1956-11-05,-0.0028247211107426447,0.00037533213189766237,0.2576331876765537,0.0007583719736101937,0.0,260.14928487644806,-0.00022043725528286,0.0007631150694056992
1956-11-06,-0.001355815321038672,0.00037256817696458203,0.27842307225459045,0.009274793399424202,0.0,267.7209464825704,-0.000131326622334914,0.009282234445803584
1956-11-07,-0.0033366035270152115,0.0003698124723919368,0.3255695695032957,0.0017674470604476284,0.0,264.00718939326805,-0.00026839868412852964,0.0017730512927284822
1956-11-08,-0.0032888557446205014,0.00036714777434613074,0.32266746851459516,0.00010526628564980072,0.0,265.15979602691596,-0.0001888504872719447,0.0001077400256221575
1956-11-09,-0.006600661592631691,0.0003682967633177332,0.31551612523540495,0.0,0.0003943610515466518,270.44284383411014,-0.0003073218115473872,4.351138045421976e-07
1956-11-10,-0.009430148044211717,0.00036725502903178585,0.3026893170315443,0.0,0.0005533045925999766,272.9976772229326,-0.0005394295805086523,4.165770519648504e-07
1956-11-11,-0.00863813183738687,0.00035929284190053994,0.2896990587482345,0.0,0.0,272.5686996158234,-0.0006370664505803653,1.7260310301026038e-06
1956-11-12,-0.008005185820962078,0.00036066433804183364,0.2813270123440443,0.0,0.00039957369030532193,270.6306785899592,-0.00046420986579973143,1.2745110780087998e-06
1956-11-13,-0.004572489125243689,0.00035423166671041717,0.27137609794314976,0.0015150029317470592,0.0,271.20291999055394,-0.0004651781255747639,0.001524369039675664
1956-11-14,-0.0025993046787499037,0.00035175403295937234,0.38487091351812625,0.014973841439195947,0.0,261.03728383094807,-0.00031812909969502253,0.014985707772653655
1956-11-15,-0.0024009692971989263,0.000349312852331474,0.4112475264094868,0.0002787392060298704,0.0,253.60713250399084,-0.00010710508473175393,0.0002806833403208936
1956-11-16,-0.003148733264645615,0.00034689642278488075,0.41518711011064036,0.0023714149697015513,0.0,260.74095630466155,-0.00016881625488989773,0.0023741670079982864
1956-11-17,-0.0027938366862340167,0.0003445148468017578,0.42279340093867707,0.0016519923794404263,0.0,264.82815382934115,-0.000165443946370634,0.0016605929907400731
1956-11-18,-0.00344408252986811,0.00034213327081863493,0.4257810201124059,0.0009799048009902073,0.0,262.67179436692635,-0.0003542183072300954,0.0009849583361781922
1956-11-19,-0.0021782929109314744,0.00033983605056159245,0.4455752615201272,0.0014261919268443763,0.0,255.19101657975196,-0.00016909561483031613,0.0014286031555190604
1956-11-20,-0.001466695324512525,0.0003375239291433561,0.44553020355167144,0.0003670145268157377,0.0,254.41033901063736,-4.608994402454398e-07,0.0003689312160337645
1956-11-21,-0.0047048844270787,0.0003352449354478869,0.4435223653042608,0.000700824110016311,0.0,265.2446059174906,-0.0002661250889469675,0.0007055954406814251
1956-11-22,-0.005563306269672631,0.0003330180958165961,0.43557584083686446,7.391632613489183e-05,0.0,268.16780401039483,-0.0002563778774044608,7.521456235206715e-05
1956-11-23,-0.005247790219083345,0.0003308012323864436,0.4235021443914784,1.8041349400234764e-07,0.0,265.4242251049552,-0.00028458624383655644,6.102571817169869e-07
1956-11-24,-0.005681712159329216,0.0003286181701778692,0.41394111935028255,0.0,0.0,269.026835084186,-0.0002901446926644293,4.2867823140113614e-06
1956-11-25,-0.006315794452435554,0.00032645506037157137,0.4034747969632768,0.0,0.0,269.5193842404756,-0.0002930060786716009,8.616228228675027e-07
1956-11-26,-0.006045322465357808,0.00032432175288766115,0.39387905889536257,0.0,0.0,270.1041532900823,-0.00026125963882537884,1.700704387985752e-06
1956-11-27,-0.004309320180429578,0.00032219669576418603,0.38477528027895486,0.0,0.0,267.8680916802358,-0.00025939111108497036,1.7348620531265624e-06
1956-11-28,-0.004654759235974759,0.0003201328428451624,0.37790072166313565,1.6481189404503776e-05,0.0,263.7742606807788,-0.00022513400447570674,1.9703525494906454e-05
1956-11-29,-0.006825572942609841,0.00031806739036646274,0.3706686878383946,0.0,0.0,268.99757466432965,-0.00045687160691467387,8.250360435011697e-09
1956-11-30,-0.006033937052144843,0.00031603999057058563,0.36241710253354514,0.0,0.0,270.10631923711463,-0.0003277235585501639,2.557155312388204e-06
1956-12-01,-0.005194797859353535,0.0003140192415754674,0.3558368000382533,0.0,0.0,268.7469180371129,-0.00023884099439880945,4.351138613856165e-07
1956-12-02,-0.004695301759714461,0.00031205304598404195,0.349626386681968,0.0,0.0,270.05201421978336,-0.000284618098225634,4.334478393050472e-05
1956-12-03,-0.004641462180574062,0.000310067024271367,0.3418784850959275,0.0,0.0,272.0390475573064,-0.00024054119479184776,0.0
1956-12-04,-0.005734361708164216,0.0003081323568430324,0.3328248219750471,0.0,0.0,270.93402586324515,-0.0005085130595723115,0.0
1956-12-05,-0.0008981299013067774,0.0003062224404960029,0.3419329684557439,0.0030428782147539544,0.0,262.8828204814099,-9.307060075008263e-05,0.0030484784119870567
1956-12-06,-0.001085166203773628,0.00030430839896875586,0.3910785682232815,0.001206291344879711,0.0,257.43703448121386,-7.96853327902697e-05,0.0012122460846173562
1956-12-07,-0.00211471538085722,0.0003024258856045998,0.3930135321033428,4.383231286948684e-05,0.0,253.5112041214765,-0.0001378841066764573,4.618469267417818e-05
1956-12-08,-0.002124300615935676,0.0003005722485019663,0.39001257944915263,2.593812295946024e-07,0.0,251.7002191669299,-0.00012030192561405528,2.6476922008277337e-07
1956-12-09,-0.004602832393457661,0.00029876331488291424,0.38837394067796616,0.00017766199879727125,0.0,262.2387215134788,-0.00025371309517130343,0.00017857851274856728
1956-12-10,-0.009777901494233623,0.0002969511821445099,0.38084236331803206,4.2633990109977075e-05,0.0,268.8611811298435,-0.0006679082868126154,4.393842256168852e-05
1956-12-11,-0.003845895077549132,0.00029516699960676295,0.3742482675670904,0.001273048210278743,0.0,266.06476294163707,-0.0003359577497520016,0.0012787422100942003
1956-12-12,-0.0024692525634657865,0.0002933878683100986,0.39990234375,0.00279694214715796,0.0,264.40615090407897,-0.00014840095898525864,0.0028006012778363674
1956-12-13,-0.0032121938163951294,0.00029163853933582203,0.40102419520951044,0.0008380367594250179,0.0,266.42908309318705,-0.00019569247750575935,0.0008769605456084788
1956-12-14,-0.0027395748654327826,0.0002899190126839331,0.4193324432085687,0.0027466263558905005,0.0,264.2508955378991,-0.00023475354063813973,0.00283634485834736
1956-12-15,-0.00275830112103015,0.00028820108559172037,0.4259201021068738,9.75413595215749e-05,0.0,262.3045858932754,-0.0001127460634725242,0.00010138706289776283
1956-12-16,-0.003287176206960517,0.0002865113612622191,0.42494055106814976,0.002631974590700225,0.0,266.6764465806175,-0.00026492333029117963,0.0026543285212662095
1956-12-17,-0.002834670919146242,0.00028481658569163524,0.44230717948152076,0.0005984724957053944,0.0,262.7849590136282,-0.00010883615031249106,0.0006001761571599668
1956-12-18,-0.003455228556347432,0.0002831947163673444,0.4355742316237053,7.384299895184189e-05,0.0,266.70575222008205,-0.0001576265036049536,7.540863399777139e-05
1956-12-19,-0.0037036900971568914,0.0002815430447206659,0.4301695742849576,0.0002111276495928145,0.0,264.0200846469111,-0.00019413595335126597,0.0002149937933392726
1956-12-20,-0.003529891413820666,0.00027992942575681007,0.42517250765065917,0.0,0.0,266.81916195569517,-7.235013622011843e-05,1.2856457942689303e-06
1956-12-21,-0.0032038287927875415,0.00027833070795414813,0.41802829088688803,0.0001424581317578332,0.0,265.85915991501173,-0.00017398854686042012,0.00014478678746956196
1956-12-22,-0.0029066053908423516,0.00027674689131268004,0.46299131576624303,0.0051050122595776275,0.0,260.34362104383564,-0.00030902092276656695,0.005112080738497156
1956-12-23,-0.001509263985237833,0.0002751795753920819,0.47976391463629947,0.0017400856661257773,0.0,258.13808166015394,-8.796773177419005e-05,0.001744317385606982
1956-12-24,-0.0024878972836133452,0.00027363221187376034,0.49033966351812625,9.646258280102143e-05,0.0,260.625851388705,-5.4185147170966634e-05,9.990302519609701e-05
1956-12-25,-0.0035368349340002417,0.00027209629783522615,0.48320855034722227,1.5729985668160823e-06,0.0,264.4690888076179,-0.00014606177659526383,3.907958316785418e-06
1956-12-26,-0.004729702731983811,0.0002705704862788573,0.47466914577448216,0.0,0.0,266.2122842354065,-0.00023829490262067927,8.528383546035911e-07
1956-12-27,-0.0054183705462574295,0.0002690859265246634,0.465148810837453,0.0,0.0,268.58181007299044,-0.00038860371536285864,4.351138045421976e-07
1956-12-28,-0.006931864230309503,0.0002675782152488407,0.45372914459745767,2.1858824848455228e-06,0.0,269.10409794105203,-0.0004916348636655484,3.902150995286654e-06
1956-12-29,-0.004985546998384983,0.0002661120083372472,0.4429699454154897,0.0,0.0,270.3475806385335,-0.00027660641945519696,4.410743663640915e-07
1956-12-30,-0.004465957440562168,0.0002646820019867461,0.4337105328978343,0.0,0.0,269.7203146760298,-0.0002612130095561346,4.351138045421976e-07
1956-12-31,-0.0034974023783947788,0.00026321899419450495,0.4264879244644539,0.00021451475930079228,0.0,266.24429366548185,-0.00018003310397856655,0.00021829468719029833
1957-01-01,-0.004154392807497144,0.00026180068988584536,0.42265064074270253,5.511308120468915e-05,0.0,264.4755102039057,-0.00017851837884403217,5.7675065699504816e-05
1957-01-02,-0.00372201280068543,0.00026040553709881455,0.41612482160722697,4.181206899847688e-06,0.0,266.16061623711596,-0.00028992346935184665,6.1882667295589075e-06
1957-01-03,-0.0023638540405338093,0.0002590021339513488,0.4220359213159134,0.001205673072971193,0.0,259.63851925478144,-0.00023995953385776047,0.0012191115966948278
1957-01-04,-0.0016843011066064997,0.0002576234818851881,0.42429939456803206,0.0001424841456494089,0.0,257.5910803728409,-6.327220885935478e-05,0.00014753233905899979
1957-01-05,-0.0022994100542391765,0.000256258131420545,0.42224236037547086,1.5354089144259524e-06,0.0,256.1559215085879,-0.00012612018713169853,2.384561079937974e-06
1957-01-06,-0.002693034961061963,0.0002549159324775308,0.41904807225459045,1.0604743903639627e-05,0.0,258.48975179783594,-0.00013225984964835444,1.252458583707842e-05
1957-01-07,-0.0035564010426149526,0.00025355883237332275,0.4152666512182204,0.0,0.0,260.87842736899745,-0.00020099960604293198,4.351138045421976e-07
1957-01-08,-0.001497439198238028,0.0002522448361930201,0.41251558637888425,0.0007655495977671135,0.0,257.62032269623325,-0.00014157530109761127,0.0007678236851535914
1957-01-09,-0.000911506766316581,0.00025093243957239356,0.43758505840983997,0.0016496091828507896,0.0,255.3527400058093,-6.793148941912895e-05,0.0016550390086205243
1957-01-10,-0.003128314043505718,0.00024961339215100826,0.45018151924435035,1.6862726480947378e-07,0.0,256.83026485838235,-0.00012503028189563483,1.7255312181242327e-07
1957-01-11,-0.005666821900397371,0.0002483307978527694,0.4449584731049906,0.0,0.0,262.71249565296927,-0.0003514922629136824,8.52346317969932e-07
1957-01-12,-0.004958704703271727,0.00024706470427540066,0.4374749422522364,6.754477482057561e-06,0.0,263.9306859090055,-0.0002910643395057506,7.606478700098948e-06
1957-01-13,-0.0026050883076958737,0.0002458052614987907,0.4505261207479991,0.0032699077184927664,0.0,263.6319460285137,-0.0002257441154728502,0.003295288803031835
1957-01-14,-0.0005027324718944098,0.00024454581872218075,0.48820630664430326,0.004568355568384721,0.0,261.47007268700895,-5.502974625024419e-05,0.004570189926583888
1957-01-15,-0.0004111807477676263,0.00024331457870828234,0.5759626772893126,0.004058408892929218,0.0,254.663093879398,-8.882228074605857e-05,0.004060969716309208
1957-01-16,-0.0008188920085039517,0.00024208813737341243,0.6200245427995528,0.000979187461615956,0.0,250.67781042828176,-3.862082116347922e-05,0.0009832716425933407
1957-01-17,-0.003539174205839298,0.0002408635481602728,0.6376720938529897,0.001889629678874366,0.0,258.5581068444836,-0.00012191196661547753,0.001893052834449371
1957-01-18,-0.004520884930750745,0.0002396504084269206,0.6306196022392891,0.0,0.0,261.1332945024451,-0.00011630396826960947,0.0
1957-01-19,-0.0036931515245114347,0.00023846387189660373,0.6171042806909135,6.529655160203492e-06,0.0,261.64678326120037,-0.00017584630388156172,7.38890414858859e-06
1957-01-20,-0.0029622906092870035,0.00023727388368488032,0.6057636957833098,0.0002508168082452764,0.0,261.70093010149884,-0.00014345512046652325,0.0002531555117063445
1957-01-21,-0.0006099752029456661,0.00023611049867619234,0.6334527369497411,0.0050379375027397935,0.0,258.4450459776625,-0.00012256892787366262,0.00504273942298135
1957-01-22,-0.00175999711125584,0.00023494711366750428,0.686987580552613,0.0015741216260834604,0.0,252.65960489693336,-0.0001229102917983707,0.0015765287781498258
1957-01-23,-0.001859334523731706,0.00023377042705729857,0.6796835919108993,5.389884703576901e-06,0.0,253.10477788749165,-5.7821325157995284e-05,6.504988266249835e-06
1957-01-24,-0.0007846439625583801,0.0002326317931299156,0.6731947846780839,0.00039776187326948526,0.0,251.66143896530352,-8.682520418180585e-06,0.0004034693530148631
1957-01-25,-0.0016858696011500171,0.00023149821044361526,0.6732688084834041,0.000217327227195104,0.0,249.988209873494,-5.8294000304014675e-05,0.00022256133573074106
1957-01-26,-0.0026052642592602534,0.00023037780307780552,0.6665409181526601,9.144851043399446e-07,0.0,248.7337182614314,-8.665239911968425e-05,1.7730732648580395e-06
1957-01-27,-0.0034126203696606522,0.00022927149709335156,0.6601415371939736,7.031748523819918e-08,0.0,250.4899668217604,-6.860923969139487e-05,1.074045300456573e-06
1957-01-28,-0.001401669182683115,0.0002281701160689532,0.6543111280308381,0.0005594299800988645,0.0,253.7234697431719,-4.042809734405097e-05,0.0005642758586636234
1957-01-29,-0.0023220357837650065,0.00022704638330276405,0.6588139363376883,0.0001977857012869948,0.0,251.32836490925646,-8.208542472898623e-05,0.0002012424280755149
1957-01-30,-0.0025649197862646677,0.00022598730642243298,0.6513885670462571,1.0949533201206876e-05,0.0,252.56163607882914,-7.726612506108096e-05,1.444257581931716e-05
1957-01-31,-0.0021591795197987962,0.00022490162633906653,0.6538768703654662,0.002058378257657175,0.0,256.9644651897883,-7.587042505626624e-05,0.002061042391613621
1957-02-01,-0.00270055571181626,0.00022385239937884664,0.6724007529278485,0.0004844960604010329,0.0,258.6286814378929,-0.00012897433302665163,0.00048722783270094717
1957-02-02,-0.0027021055167677716,0.00022278827125743288,0.6777860997086864,0.0015021450817584994,0.0,259.29153170109697,-9.768258380351095e-05,0.00150814460125396
1957-02-03,-0.0021709612870620468,0.00022173079393677795,0.6738688151041667,0.0008641739223299729,0.0,256.7651104828283,-0.0001485536274852726,0.0008674158383110284
1957-02-04,-0.0035625439410829278,0.0002207047184981869,0.6801321026071093,0.00044150309542478146,0.0,256.6702286959144,-0.00017421260623440234,0.0004434838966121762
1957-02-05,-0.0037776406454501183,0.0002196852938603547,0.6690322100105933,4.7248909197284686e-05,0.0,258.79659780584933,-0.00013383284295346104,4.8392438516832127e-05
1957-02-06,-0.005746427944487772,0.00021865921842176365,0.6555010262182205,7.014279648409052e-07,0.0,261.8870869940059,-0.0002800442099487041,1.8336826604169447e-06
1957-02-07,-0.00677888562618676,0.00021766134574588411,0.6397383235493173,0.0,0.0,262.7316526818859,-0.00032877995722037926,1.2814998058274796e-06
1957-02-08,-0.005961971809971804,0.00021662701994685802,0.6248105726224106,0.00010769814252853394,0.0,264.57479268593084,-0.0003254730359645887,0.00011014116675710926
1957-02-09,-0.007471262735162078,0.00021560839508886391,0.6082763671875,6.187770326258773e-09,0.0,263.47021024240615,-0.000495307168549737,4.359136412237044e-07
1957-02-10,-0.008012146010237226,0.00021462049861412265,0.6005647878413372,0.0008111159806534396,0.0,262.13741485322714,-0.0004800615337608898,0.0008697785561569124
1957-02-11,-0.007968839531564444,0.00021363500147889564,0.5896538628472223,0.0004742965523132497,0.0,264.7007347257798,-0.00045382201482178805,0.0004898610078511524
1957-02-12,-0.007275030732491596,0.00021265202996420996,0.5818928576683146,0.00028089526514549044,0.0,265.35619277379385,-0.0003931649597519535,0.00028446139921506575
1957-02-13,-0.008223230261250405,0.00021165415728833042,0.5683304091631357,0.0,0.0,269.6715352153599,-0.00032286391209411085,4.351138045421976e-07
1957-02-14,-0.006662063847827373,0.00021072254005798514,0.5536222008886535,4.134636561749346e-05,0.0,270.1633680957859,-0.00033741495914041663,0.00017759431210992018
1957-02-15,-0.0051865456047031164,0.00020974276766265183,0.5484343275512006,0.0011904248073276154,0.0,265.76058471809,-0.00037309210642246204,0.001237384461311351
1957-02-16,-0.008122646707599447,0.00020879624927111265,0.5427901273393363,0.0,0.0,265.24823270679195,-0.00029974511829809953,1.7106532368416083e-06
1957-02-17,-0.006568966654397674,0.00020783642927805582,0.5328863398952448,5.387506410900483e-06,0.0,266.21802096537505,-0.0003155345086660763,8.171175926238743e-06
1957-02-18,-0.00688385635109271,0.0002068981612469517,0.5248492397157486,5.846022296760042e-05,0.0,265.7712838160341,-0.0003103237483376837,5.9593902423880106e-05
1957-02-19,-0.004156119363792872,0.00020596309233519993,0.5160164985728579,4.1994650316777206e-05,0.0,262.93863734732014,-0.00023044206959716345,4.465881458168428e-05
1957-02-20,-0.0018271222542234735,0.0002050099231429019,0.5131369265683852,0.0013637104950382213,0.0,261.2270693949612,-4.916763364595209e-05,0.001367751973918471
1957-02-21,-0.002185697398953519,0.00020408150503190898,0.6080055596015772,0.007549014131901628,0.0,259.19975772505654,-0.00023774908445144103,0.007554374710885873
1957-02-22,-0.004047893703320606,0.00020313978531939837,0.640748449638065,2.2336735395388415e-05,0.0,260.0284814026396,-3.188178679869e-05,2.547563128045714e-05
1957-02-23,-0.008025284498761604,0.00020220151728829426,0.6261025409016008,4.296751934929756e-05,0.0,269.52993234896616,-0.00032506971014926664,4.914478724662856e-05
1957-02-24,-0.007535444267388792,0.0002012895998981713,0.6073701502913137,0.00038810701525143987,0.0,270.7303116218294,-0.0004244787502760268,0.0004579015490992141
1957-02-25,-0.004010928342234618,0.00020040428571108373,0.6032852776306498,0.007320643144812288,0.0,269.926826344147,-0.00026396654630448193,0.007661193188244071
1957-02-26,-0.007387645205872207,0.0001994508639567316,0.644061359757533,0.000797488468851747,0.0,269.0149567814197,-0.0002787572326464842,0.0008488544804560667
1957-02-27,-0.007316631743800169,0.000198557299409209,0.6452278094103109,0.004889457323456889,0.0,269.62876823482765,-0.0004859075402725215,0.004998106205351186
1957-02-28,-0.005099702479138886,0.0001976618827399561,0.6579690994291432,0.0015416219620044624,0.0,264.31214238470335,-0.00032128683570246236,0.0015481858840218396
1957-03-01,-0.006134515807116774,0.00019675821571026817,0.6483101422728343,3.8641531251918126e-05,0.0,263.97835369792585,-0.00022959087233422165,4.257721351585411e-05
1957-03-02,-0.009588094291377204,0.0001958960530448095,0.6360323056438324,0.0,0.0,264.9532448935644,-0.00033773257697032675,2.1504325218302256e-06
1957-03-03,-0.007230882801241794,0.00019503043869794424,0.6235721681526601,0.0008586825287274722,0.0,264.9057221673079,-0.0002966526169645585,0.0008612493657930524
1957-03-04,-0.0016659259964517282,0.00019413342246901518,0.6661183847545905,0.009807855901071581,0.0,263.57174412858467,-0.00020438637900150428,0.009811295156322685
1957-03-05,-0.0011538688493313762,0.00019328110972366763,0.7842015268214455,0.007807530820538097,0.0,261.78547700066576,-0.0001670619062447952,0.007810275157440516
1957-03-06,-0.003268626660613691,0.00019242879697832014,0.8358774993379238,0.0008752435908815955,0.0,258.3705806588498,-0.00018334195628172935,0.0008785229339126753
1957-03-07,-0.005650011875198386,0.00019157648423297256,0.823906332759534,0.0004301113260667877,0.0,262.681006199896,-2.5901022646049994e-05,0.00043618035545450837
1957-03-08,-0.008231122025662223,0.00019072417148762507,0.8116675770215397,0.0017408969796310037,0.0,266.33378992242325,-0.00042620084464213277,0.0018385426454619463
1957-03-09,-0.010352704063647212,0.00018988835946314757,0.7868417858403954,0.0,0.0,270.3081834617083,-0.00037246582093043517,1.8249155125354495e-05
1957-03-10,-0.010235909898739078,0.0001890740994006227,0.763988430217161,0.0034860309613289806,0.0,268.8749971156291,-0.0008418871152956606,0.00374969553812749
1957-03-11,-0.010359808970979378,0.0001882382873761452,0.7734554312323446,0.0019228976577688748,0.0,261.80548431913735,-0.0007576130562077808,0.001967729336555528
1957-03-12,-0.007246388427618534,0.00018744397971589687,0.7677535292343457,0.0036215748911523553,0.0,265.38222305024857,-0.0002377047229789745,0.003977994208225153
1957-03-13,-0.0035932194967727878,0.00018660976725109554,0.7859725808468692,0.0034640396887299705,0.0,262.3836422397592,-0.0004200533579635081,0.003612680233235767
1957-03-14,-0.0053245666421065894,0.00018578885638781187,0.8088057063618174,0.000574765127089064,0.0,257.59138576414176,-0.0002807760453325207,0.000577960736898547
1957-03-15,-0.00772800431244791,0.00018500439864767475,0.7976556982697741,1.5370253115724036e-05,0.0,261.1823876375533,-0.00019698661073284636,1.968128439802762e-05
1957-03-16,-0.010694989292635083,0.00018420503974634378,0.7822585168755886,3.350820750166468e-05,0.0,266.5927031242241,-0.0003807518241853364,0.00018574075195766266
1957-03-17,-0.004731267017159759,0.00018343043192631782,0.7719825414165491,0.004197852759711487,0.0,268.10445651900295,-0.0002831777947097175,0.00424979458757713
1957-03-18,-0.007370192831182211,0.00018263772382574569,0.7845472777630651,0.00049536250068643,0.0,265.96673043748535,-0.00034500877399229067,0.0005092492042961767
1957-03-19,-0.01129503358723754,0.0001818548656452847,0.7669034049111348,9.3020498752594e-06,0.0,266.76253827412927,-0.000349699609023703,9.738136144607078e-06
1957-03-20,-0.013558105939188922,0.00018110021022753526,0.749432407530014,0.0,0.0,267.6425306711718,-0.0005609513665575767,1.7108108636421093e-06
1957-03-21,-0.011591689061310334,0.00018037535713217356,0.7325014161075801,0.0007743873964932005,0.0,268.92818254445683,-0.0005394633922536495,0.001217430459475167
1957-03-22,-0.0063783455282281345,0.00017957254654943607,0.7761113226076979,0.007007386324937735,0.0,263.1810001006908,-0.0006393167521741432,0.007052140148344614
1957-03-23,-0.006520656584683112,0.00017881629157201048,0.7966149971310029,0.0024576950923534437,0.0,260.19656084351624,-0.0004148936414785978,0.002461212764794285
1957-03-24,-0.009791464244915267,0.0001780714860743722,0.800762858992467,0.00025344141206498877,0.0,260.62546690888774,-0.000268116982727401,0.0002552988176496058
1957-03-25,-0.00980578021982969,0.00017733173181781666,0.7881100756973871,8.91705480335796e-05,0.0,264.9497961378367,-0.00029585681497882314,0.00011130067914763392
1957-03-26,-0.00969330604467015,0.00017661007784180722,0.7907071158486347,0.002775805439315947,0.0,265.51968507712843,-0.0005758879285326786,0.0027803278069930427
1957-03-27,-0.007235055042188721,0.00017586207322481664,0.8027605821857345,0.0027945658960248122,0.0,262.5376556741316,-0.0004639752777451176,0.0028058875583659463
1957-03-28,-0.007692801624031392,0.0001751337684480484,0.8310813544609228,0.0028858123147218243,0.0,265.1855031604372,-0.00033677888160708267,0.0028890484248413257
1957-03-29,-0.010507334928728095,0.00017443046731463935,0.8243274868320387,0.00018627855316393795,0.0,268.17891743043947,-0.0004008362690607707,0.00028865536053975427
1957-03-30,-0.007697071732774293,0.00017375856806329417,0.8069341914577449,0.0025599798619073666,0.0,270.51757810344805,-0.0003293836752405275,0.0032148290827424563
1957-03-31,-0.006892664326449574,0.00017303026328652592,0.8122264337629475,0.002730206012894205,0.0,269.72376152081677,-0.00042689066001419296,0.0029655451660102372
1957-04-01,-0.0046561314477085395,0.00017232031135235804,0.8106349219485641,0.005572788354198812,0.0,269.48569244988227,-0.0003029064164828446,0.005837817043816949
1957-04-02,-0.006447990819559259,0.0001716037086174313,0.8861194330420199,0.009765933083612368,0.0,268.1970640171719,-0.00042641008704227254,0.00997946483171117
1957-04-03,-0.0039487034924286235,0.00017089030500185693,0.897287832141596,0.004798874427369759,0.0,266.27494051586666,-0.00030818803099084036,0.004811118248389993
1957-04-04,-0.007792374255967006,0.00017018860342812406,0.9290711713600517,0.004581062407311747,0.0,263.2441708947306,-0.000528381563891462,0.004593848688392109
1957-04-05,-0.005995401049737877,0.000169501803015585,0.9418979795639126,0.002774582028725727,0.0,264.3616778594626,-0.00014433701454246115,0.0028063254335383508
1957-04-06,-0.0023103257441251294,0.00016880995136196332,0.9837651082126884,0.013675226330083643,0.0,265.8610208694544,-0.00023020140426812202,0.013702196118533195
1957-04-07,-0.006548984618173481,0.000168152953271812,1.05094033221516,0.0012389386104325118,0.0,260.8053785457001,-0.0003713674285570108,0.0012424809454343612
1957-04-08,-0.007597710663652691,0.00016745285125775527,1.0384031823799436,0.0009197287135205027,0.0,263.3058956347392,-0.00024454546618764685,0.000921539010973226
1957-04-09,-0.008976611040406307,0.00016682060424890897,1.0238030212747176,0.0008601789799450481,0.0,266.2871264908498,-0.00032106545980030535,0.0008650023048206912
1957-04-10,-0.0035064017536949976,0.00016614870499756377,1.0173390419020716,0.006937217367234203,0.0,266.18290220860484,-0.0002268258703209586,0.0069423839237564315
1957-04-11,-0.0032027314948496846,0.00016550980718795864,1.1018923886976226,0.005371399602647556,0.0,261.5990980978066,-0.00038788409240670134,0.005375352114607386
1957-04-12,-0.00803919355411314,0.00016484615829704847,1.1149037966395952,0.000660925977310892,0.0,262.2100970058118,-0.00020258984196994267,0.0006631869717456628
1957-04-13,-0.009439987693466037,0.00016419741056733213,1.0907460588070856,0.00044844025945932857,0.0,266.58466588036487,-0.00020261657145400505,0.0004655616263162046
1957-04-14,-0.013352615558831707,0.00016355691319805082,1.0605813581391244,2.0012175295986024e-06,0.0,270.07249712899136,-0.00043452917834964854,3.286842458800169e-06
1957-04-15,-0.012272510572341877,0.00016292466618920452,1.0232342793667608,0.0006399790908993974,0.0,270.6466722147164,-0.0007333366705451982,0.0006653795935004013
1957-04-16,-0.011940748678088862,0.00016227751801916438,0.9979229655867468,0.00017600167690023864,0.0,267.24959784757397,-0.0006641427391750665,0.00017732476110014875
1957-04-17,-0.00984110300150295,0.00016168012457378842,0.977692167637712,0.0014021776427151796,0.0,268.93754625769435,-0.0004419903139357514,0.0018639896043608824
1957-04-18,-0.007709455439599893,0.0001611074822097175,0.9682548221221752,0.0027831519012060544,0.0,269.657496195504,-0.0003848557734051667,0.0035634572390445796
1957-04-19,-0.004743570619720525,0.00016045873448000117,0.9808266849841102,0.006675459633944398,0.0,270.25378551231717,-0.00031873856350190225,0.006989445659761336
1957-04-20,-0.013010464398200904,0.000159795085589091,1.0097449351165255,0.0019082379038051025,0.0,269.9721139954533,-0.0006435806257913342,0.0022356042080679856
1957-04-21,-0.0189295803002045,0.00015921739198393743,0.9855577716719635,0.0002706545052555322,0.0,272.95598698201155,-0.000998013910684882,0.0005799048027522415
1957-04-22,-0.010000625362167252,0.00016075709445328363,0.9532679900835689,0.0008534762355904123,0.0,272.9711363266193,-0.0005113576133709169,0.0028425473614601096
1957-04-23,-0.004631927121157026,0.00016487006750483973,0.9982257275482582,0.019264828960942684,5.648219905330637e-05,271.9923233707522,-0.0004948606546231584,0.02066767875753047
1957-04-24,-0.01051471020373921,0.00015740685880520926,1.068482824638065,0.006421031504027588,0.0,268.632808545215,-0.0009410651400685311,0.007075316845143814
1957-04-25,-0.006739943882839829,0.0001567977633179918,1.0801762870027072,0.006270223481338576,0.0,266.376727098799,-0.0005839320825739096,0.006476805287565889
1957-04-26,-0.008275501135378909,0.0001561953186315332,1.126845077830744,0.004592552549589826,0.0,265.90122731526696,-0.0003767723827964842,0.004640180680597704
1957-04-27,-0.012608417935964077,0.00015561442590702725,1.130565578654661,0.0005909044737532988,0.0,266.0836778198932,-0.0005081476759439134,0.0006198738652210266
1957-04-28,-0.016744099894149156,0.0001550351327421975,1.110418229902307,6.932028606113067e-06,0.0,269.91989965133524,-0.00043318519568712703,7.355566706684255e-06
1957-04-29,-0.018757056592211212,0.00015444093841617392,1.084800246071681,0.0,0.0,272.71927604028735,-0.0005987363178177743,0.0
1957-04-30,-0.019341108573358613,0.00016602915895860747,1.0452696949299671,0.0,0.0006044241415578767,274.87361289417674,-0.0008752612702253848,0.0017600809167787328
1957-05-01,-0.020543398409239993,0.00016280806670754643,1.0059237435263655,2.381102429271418e-06,0.0007668388639129488,274.20423478236086,-0.001229973888750804,6.72776547911277e-05
1957-05-02,-0.022934498633705294,0.0001936942170568779,0.9652175472281073,-8.31350094854495e-10,0.0032915621995925903,275.8289493697287,-0.0009677622488326272,1.7635667386442246e-05
1957-05-03,-0.017843568813329363,0.00030002317859628106,0.9182889834186676,0.0,0.00682544592494345,276.67187876440937,-0.000709583740786644,0.003963425065073563
1957-05-04,-0.00840062635429835,0.001064553772662319,0.8718774368084983,4.3912122478592874e-06,0.007780622585681873,275.0809549414281,-0.00018610608485122187,0.006625335196312279
1957-05-05,-0.012745338476310344,0.0002849809194015245,0.8353687580920434,1.3004862150903476e-05,0.004843426815702417,274.60903301705974,-0.0005998841807835519,0.0014284841083861204
1957-05-06,-0.01833863021795359,0.0008056356576876453,0.8022401166725518,0.0,0.005662001332657486,275.58542304748426,-0.0007103379963144744,0.0009217011608934037
1957-05-07,-0.02077477160146681,0.0006394696100956977,0.75996723642008,0.0,0.0060750176172472,276.95468299851353,-0.0010493065067435391,0.0018268175967659644
1957-05-08,-0.006475503161802131,0.0007757654802947395,0.7254220276453626,0.0,0.004787742165522387,274.45476882920207,-0.00011470393503958222,0.004051427572230969
1957-05-09,-0.0026200629644474744,0.0003357526693640456,0.715832956317679,0.00340349732314126,0.0035026873867053773,273.601495635038,-9.757520283682873e-05,0.0069930372433473845
1957-05-10,-0.008951103956685903,0.0004069776521564204,0.7168389444297316,0.0007443008786540921,0.005870922326536502,274.4240510764544,-0.0003114142691937544,0.002891895292842456
1957-05-11,-0.010367319661345187,0.0024718104277626943,0.6851215829508004,0.0001259348065839649,0.007305516466750937,274.8656838411665,-0.00022254938964789874,0.006346468787408819
1957-05-12,-0.0031882536697522396,0.0016954788717172915,0.6848797412017421,0.007625850117475974,0.006372613106238641,274.01492642548124,2.5710732923389144e-05,0.019187579686850424
1957-05-13,-0.0058770372537569815,0.0009266630572787786,0.6935531702418786,0.0010642248947741622,0.003913419163328107,273.76430557811335,-0.00027460874831777507,0.005716813839738814
1957-05-14,-0.004045818653483849,0.0015831578754435824,0.6814459102077448,0.0011327535040297752,0.004057893497964083,273.5056154858146,-0.00019691372553339113,0.007315000773720876
1957-05-15,-0.007113808629202978,0.00019441662871904969,0.7041907588865349,0.007978472437730616,0.00040252412022170376,271.3996152392889,-0.0008889510859288065,0.009188470614775157
1957-05-16,-0.008070150379743955,0.0001686666644899185,0.7243700620144774,0.0015019605641311171,0.0,271.39016313067935,-0.0005462263779199057,0.002280442340797004
1957-05-17,-0.009509291394618945,0.0002363205461178796,0.7287353975400188,0.0014303153180806648,0.001572478352125082,273.0075119435226,-0.00042555456465415365,0.0033313200299016775
1957-05-18,-0.014745208208507067,0.00029033161489303504,0.7116637149099577,1.4672234738613927e-05,0.0032033234371640594,274.3178725197715,-0.0006142076431105367,0.0005454767894146804
1957-05-19,-0.01242285899523288,0.0011994730954789847,0.6850390533044963,4.706967432620162e-05,0.0043267530026072165,275.1439579498521,-0.0005240815686388205,0.003215296204480748
1957-05-20,-0.005094011877216188,0.00025927397490894727,0.6874183899040726,0.012957711509392088,0.001182447529613635,272.85600063086906,-0.00045330809313530305,0.014751156608932177
1957-05-21,-0.004995336892914638,0.0002103687006201448,0.8055203827536489,0.013070925144152454,0.0,269.52110455040656,-0.0007989394694229977,0.013375830495935994
1957-05-22,-0.011335283138994444,0.00021853478951642746,0.8627357267390537,0.0032283986187250603,0.0,269.43263731703246,-0.0005915508958074334,0.0033653532786696804
1957-05-23,-0.00989865115975256,0.00022797033948413397,0.8600814445768596,0.0011554974536437774,0.0,270.3158028094333,-0.0004508707219850546,0.0017539744827698314
1957-05-24,-0.010312020231438223,0.00028886347167235985,0.8562627817502355,0.00020831242456274522,0.0011573141324991562,272.5338489582759,-0.00031663140145230434,0.0032495110720888237
1957-05-25,-0.011887254309182787,0.00037916568712999596,0.8417288282721281,0.0012450543795265048,0.0023179994843437173,273.3300329305358,-0.0005721009394290758,0.004507394073859596
1957-05-26,-0.01198528067203565,0.001296925511063829,0.8160418781632532,0.0004650215265777825,0.007244883010448036,274.81550997933425,-0.00030725986544190157,0.005085223138669117
1957-05-27,-0.015957470162440156,0.0017036361209416795,0.7735492253707628,0.0,0.008083959988786677,275.90963520617584,-0.0004691863432526589,0.00326555364539265
1957-05-28,-0.017865754579756896,0.0019192863992378536,0.7303954158574625,0.0,0.010836651327751452,276.5018124733043,-0.00047958846924837033,0.0013160250106505043
1957-05-29,-0.015836627554085294,0.0024793492367038623,0.6835321401247646,0.0,0.011430008852549193,276.6445205530429,-0.0002821653313135023,0.0007801323029738765
1957-05-30,-0.011515823208679589,0.005882969515471809,0.6338743507974341,0.0,0.013980095479953089,277.2290599126152,5.6084134947445424e-05,0.004836539308485687
1957-05-31,-0.009043558211313129,0.0027865270773569746,0.585023237038018,2.766821512394706e-05,0.01413682372556568,276.5346870817483,0.00016781910832992382,0.0021600978434229558
1957-06-01,-0.0135274831268747,0.0037882654680370617,0.5438848520627354,0.0,0.013858776855266701,276.81233905354014,-3.171180201283957e-05,0.002789289469252115
1957-06-02,-0.018021026910361598,0.005003020504100175,0.4908364506091102,0.0,0.019728727049410005,279.3211420996715,0.00010425471148248447,0.00026192416439531726
1957-06-03,-0.020957840322437932,0.006176928594961006,0.4287008224458569,0.0,0.020963707570470662,280.6624330567326,-0.00036917994125077954,0.0002704003416075636
1957-06-04,-0.019582545016445012,0.008766772888474546,0.36955948019656315,0.0,0.018232470978114566,282.09575064348417,-0.0004953009176388973,0.004873464437526425
1957-06-05,-0.020125491597221396,0.010248347359188533,0.3212915912635358,0.0,0.015119085183083003,282.6244859497875,-0.0009164935409349237,0.00667725700432842
1957-06-06,-0.01765388006207633,0.006608656065612189,0.2816663264330273,0.0,0.013142974215880626,282.16218513014627,-0.0011988357025182854,0.002979070655324688
1957-06-07,-0.008867795016132506,0.008640992860336089,0.2501296566031074,0.0,0.010840093748549285,279.14104733583844,-0.0013246738830697065,0.0078020575693098166
1957-06-08,-0.02378354911918694,0.0061752311253951775,0.2226056747292844,0.0,0.008747782368781204,281.2459021350983,-0.0015068309076425048,0.002282253547474543
1957-06-09,-0.026896435535896972,0.004248917607937829,0.199560822740113,0.0,0.006993887030472191,281.7305094329202,-0.0015488951493286146,0.00027446962345791404
1957-06-10,-0.008504528994277373,0.007958537357001656,0.17865530470221283,0.0,0.00854463033420218,279.3146225449729,-0.0009423886125875733,0.008744278886895995
1957-06-11,-0.017702389613719983,0.004640982144296506,0.16067464652483524,0.0,0.005809631977377638,277.98511487885384,-0.0013893377562027194,0.004035537879340807
1957-06-12,-0.02255301084895592,0.0044226150559840225,0.1442441203948917,0.0,0.005324354742543172,280.0044573049312,-0.0013440246036076277,0.0004564815320861405
1957-06-13,-0.008673011288467774,0.005221572804585689,0.14163995372822505,0.006880905026685721,0.0017393231391906738,275.78911049621934,-0.0015373833235458468,0.0149096960335052
1957-06-14,-0.01639385003659685,0.004209040669398119,0.18108360735934562,0.0019592062522799285,0.0001681216355770995,272.3768593308616,-0.0016038999866462699,0.003714853697961626
1957-06-15,-0.015217391195270302,0.004336561607775715,0.18423467661252355,0.00018209197932043993,0.0006547633369090195,273.590552949636,-0.0013835831087524609,0.0038602200098954223
1957-06-16,-0.0029041121824313018,0.004495585200476782,0.21970794160487292,0.010212633864017532,0.002472865968774268,273.9075396047474,-0.0007491299703633045,0.01863791839887867
1957-06-17,-0.008692492704607,0.00427530672253862,0.2950103817237524,0.012649604955972253,0.0009312017447194137,272.0947839050868,-0.0009510319174851401,0.015553627626330663
1957-06-18,-0.018188254981391178,0.00434819941466811,0.3069325822445857,0.0,0.006212993824886064,275.75537264908326,-0.0012066407750050228,0.0004998687977209264
1957-06-19,-0.023190075100141733,0.004820795635045586,0.2583051491142891,0.0,0.008462582941109178,279.2785682606383,-0.00140176237808109,5.200707203977985e-06
1957-06-20,-0.01955186184179985,0.004996510801342248,0.2165394008945386,0.0,0.007201483399517792,281.2598301443901,-0.0012529956040072579,0.0006532496853282858
1957-06-21,-0.004938820492749834,0.006310317475916976,0.19581733315677968,0.002476890997613891,0.00475145781696853,276.793280865513,-0.0012453264099056439,0.013467331811533137
1957-06-22,-0.007641075105316896,0.0065303800974862046,0.19397915195386067,0.00043651135375270746,0.0029587742299009854,274.5521682121435,-0.0015334959883811113,0.008960344191998412
1957-06-23,-0.01811273905348643,0.005781806458187643,0.1791824369556262,0.00022651924420211275,0.0035297165566918537,275.74711357806365,-0.0015930491631145534,0.00240021512936058
1957-06-24,-0.028495818587009523,0.00617960171174195,0.16026061896774954,0.0,0.005466535182322486,281.0289790697691,-0.0018400735942657386,0.0010605043946336754
1957-06-25,-0.021022126078605652,0.007030836101305687,0.13568678458980699,0.0,0.005201859368106067,279.673288334561,-0.00148261019612773,0.0020478108508438717
1957-06-26,-0.013436421836163365,0.008617081379486344,0.11891625470809795,0.0,0.005039084871104883,279.0648970092084,-0.00129142121574973,0.006357380245455747
1957-06-27,-0.009432591876741184,0.01670124739576868,0.09808039261122882,0.0,0.008852339902166594,278.7509914692737,-0.0016361881194815124,0.013237141735034048
1957-06-28,-0.018792827713624234,0.014581695788324217,0.07213987648599342,0.0,0.007217589471131396,280.2508918812495,-0.0016201513971986071,0.003004718331865052
1957-06-29,-0.02791033613648118,0.00941556557423651,0.048797320062382306,0.0,0.006893627766498739,284.5081966709058,-0.002122654721645986,1.023846157029186e-05
1957-06-30,-0.027050640791822962,0.009332766303908354,0.029881249264359703,0.0,0.005029557851579903,285.8146566222168,-0.0022774318727733053,0.001219461475596583
1957-07-01,-0.032131617688863294,0.008585398143294167,0.016861105593808854,0.0,0.0035031420404964928,286.62295086100954,-0.0026909280673595476,0.002332157772134667
1957-07-02,-0.033167807227474144,0.00744904131539124,0.008065376353578155,0.0,0.002000275304761984,286.77205134246316,-0.0028722122479966808,0.0014922572731248505
1957-07-03,-0.041715560701944064,0.006688840897743312,0.0036271664606873826,0.0,0.0008445308243824264,285.9154936005616,-0.003140123182181585,0.001710023452696242
1957-07-04,-0.038944600034231516,0.006138553222020468,0.0020501375647363463,0.0,0.00024981432631190887,280.43870055922457,-0.0027831818929499826,0.00019978123195603406
1957-07-05,-0.034929101918376775,0.005664808096858742,0.001419326006355932,0.0,0.0002739121769107668,284.41194327043723,-0.0028878007147271757,0.0
1957-07-06,-0.04135965130760172,0.005251994072380713,0.0005406956214689266,0.0,0.00016412564085028266,287.9758409726418,-0.003042807918315554,0.0006585414126767951
1957-07-07,-0.02668993570710306,0.0049007231906308965,0.000360463747645951,0.0,6.75584552651745e-05,285.1257942795978,-0.002504918671681383,0.0012658472451786537
1957-07-08,-0.03266303695864597,0.004585346428014465,-7.3453647229951e-24,0.0,2.6467724540139324e-05,283.90462642964224,-0.002675138008754469,2.1799034900557334e-05
1957-07-09,-0.03613970171933794,0.004316026123903566,-7.3453647229951e-24,0.0,1.4540313159005119e-05,286.40596061103093,-0.0028900469174492835,1.0158853890747413e-05
1957-07-10,-0.038365504625490154,0.004079486606484753,-7.3453647229951e-24,0.0,6.986518869292265e-06,288.38845961331873,-0.0028138197958469395,6.315937104521403e-06
1957-07-11,-0.028801502228456705,0.0039382129065734526,-7.3453647229951e-24,0.0,3.1314748155195165e-06,287.25849669217615,-0.002958761512349218,0.005693672235402684
1957-07-12,-0.020778433919626443,0.0037660894252486156,-7.3453647229951e-24,0.0,9.5457933043356e-07,285.43692062938277,-0.003024063336184132,0.006567947962184825
1957-07-13,-0.019015550823871703,0.004974008111630456,-7.3453647229951e-24,0.0,3.898295305543027e-07,284.7941408678188,-0.0033461766601619075,0.011471887867328065
1957-07-14,-0.029733235805721608,0.0034181884789870965,-7.3453647229951e-24,0.0,1.3819353728644594e-07,287.07312577098554,-0.0034398410237778377,0.0032419619918932045
1957-07-15,-0.038477829073445276,0.003241579748142911,-7.3453647229951e-24,0.0,4.1251802175058484e-08,287.87804867229,-0.003130445267352681,1.3570908303487764e-05
1957-07-16,-0.03766591211328399,0.003115874562559829,-7.3453647229951e-24,0.0,1.6500720870023394e-08,287.81249151930297,-0.0030745858442311914,5.521700202575502e-05
1957-07-17,-0.03304672855778603,0.0029987281998672057,-7.3453647229951e-24,0.0,4.125180217505848e-09,288.7492088238847,-0.0026646528214132044,6.138930186471956e-06
1957-07-18,-0.018507138147192487,0.002927665824944017,-7.3453647229951e-24,0.0,4.125180217505848e-09,285.15775114802994,-0.002101047164471136,0.003254558659542752
1957-07-19,-0.02386754873277104,0.0028128093582088665,-7.3453647229951e-24,0.0,0.0,284.89651797450875,-0.002592986375935334,0.0020374073147100243
1957-07-20,-0.028418580733113374,0.0027144183378435124,-7.3453647229951e-24,0.0,0.0,285.51808161834316,-0.0025327794653716065,0.0018033627062817854
1957-07-21,-0.0295902337815802,0.0026081950314300884,-7.3453647229951e-24,0.0,0.0,284.88699617763024,-0.002692045096707883,0.0006143950136318146
1957-07-22,-0.03577559828589865,0.0025290441041612354,-7.3453647229951e-24,0.0,0.0,287.09292003035324,-0.003099211854702336,0.0014449219919229466
1957-07-23,-0.0383203494346748,0.002433669853345149,-7.3453647229951e-24,0.0,0.0,287.5324530412922,-0.002738282310718534,5.210451309101515e-05
1957-07-24,-0.03139992862266336,0.0023881146463297183,-7.3453647229951e-24,0.0,0.0,285.8540568342766,-0.0025518943403063524,0.003352059146105233
1957-07-25,-0.03143888678254381,0.002301090938896783,-7.3453647229951e-24,0.0,0.0,285.0362955944687,-0.002852269064235149,0.0017455142938434844
1957-07-26,-0.038260453670038344,0.00221096551687704,-7.3453647229951e-24,0.0,0.0,287.08281751586,-0.002738796653341776,1.8677805776649949e-06
1957-07-27,-0.03586111251412139,0.0021430461925301854,-7.3453647229951e-24,0.0,0.0,288.0077561595795,-0.0025347200785316316,7.161632678575918e-06
1957-07-28,-0.035641743848889566,0.002078823618969675,-7.3453647229951e-24,0.0,0.0,287.6716014696829,-0.0024780419228945753,4.516887125995873e-05
1957-07-29,-0.025960155925845028,0.0020235225474093594,-7.3453647229951e-24,0.0,0.0,286.90899966036983,-0.0020510978407442234,0.0009694222656818611
1957-07-30,-0.033610643050764916,0.0019605772643439515,-7.3453647229951e-24,0.0,0.0,286.77694527936745,-0.0023562826721344964,1.47275668753069e-05
1957-07-31,-0.04114480703900763,0.0019043524891643202,-7.3453647229951e-24,0.0,0.0,289.1587413062259,-0.002375499918888518,2.0654625806845505e-05
1957-08-01,-0.03971424378917716,0.001878326306235319,-7.3453647229951e-24,0.0,0.0,289.2433807495175,-0.002759614764675919,0.0031474586428845773
1957-08-02,-0.0344631207191338,0.0018008975996135993,-7.3453647229951e-24,0.0,0.0,286.3499562789716,-0.0022158066631626275,0.000154757348112117
1957-08-03,-0.03169704161289722,0.0017517821936957581,-7.3453647229951e-24,0.0,0.0,285.74214903333996,-0.002091061681677393,0.0001424192092322866
1957-08-04,-0.031097310874084974,0.001703428683307885,-7.3453647229951e-24,0.0,0.0,287.55414577706836,-0.002132002106409962,1.919346428778514e-05
1957-08-05,-0.041250502869571,0.0016592619782787262,-7.3453647229951e-24,0.0,0.0,289.69982261083,-0.0023720450594095187,0.00043477746408590546
1957-08-06,-0.04179456771093574,0.001612381073041151,-7.3453647229951e-24,0.0,0.0,289.60510490977833,-0.002193426744917692,4.543914623050345e-05
1957-08-07,-0.03763412191706189,0.001570935050646464,-7.3453647229951e-24,0.0,0.0,287.2561265367124,-0.0020514588150600936,0.00025761051758224114
1957-08-08,-0.02902020703432924,0.0015296031863002455,-7.3453647229951e-24,0.0,0.0,286.6551436839131,-0.0016583218160322157,8.839015253611277e-05
1957-08-09,-0.03849975065996418,0.0014902995636234177,-7.3453647229951e-24,0.0,0.0,287.92286681769707,-0.0019596480674999583,3.783327429118799e-09
1957-08-10,-0.04255257913116682,0.0014524275468567672,-7.3453647229951e-24,0.0,0.0,289.5294440102443,-0.001965286436432836,8.553265615773853e-07
1957-08-11,-0.03719982441704152,0.0014161736951709468,-7.3453647229951e-24,0.0,0.0,289.7240267213006,-0.001770295392153627,2.8783165218381245e-05
1957-08-12,-0.035340200625570486,0.0013904381269789013,-7.3453647229951e-24,0.0,0.0,287.66439054959693,-0.0021224651106838454,0.0016609846633394813
1957-08-13,-0.035235409093441944,0.0013514704960214217,-7.3453647229951e-24,0.0,0.0,285.7559807987537,-0.0018542270665451634,0.00046408922005771716
1957-08-14,-0.04114768818273383,0.001316672832952381,-7.3453647229951e-24,0.0,0.0,287.66521094658066,-0.0017969064877531623,1.1414726941438857e-09
1957-08-15,-0.033726244070435646,0.0012925608178316539,-7.3453647229951e-24,0.0,0.0,287.15237050316875,-0.0018904291324864674,0.001174123964062259
1957-08-16,-0.033476388808024136,0.0012567062667534178,-7.3453647229951e-24,0.0,0.0,286.29715899379465,-0.001533271097657034,0.00012449713072027857
1957-08-17,-0.021658311961060866,0.0013027319126883469,-7.3453647229951e-24,0.0,0.0,284.76679726509053,-0.0019957730230891098,0.009658858095858732
1957-08-18,-0.02355243812846599,0.0012492274833937824,-7.3453647229951e-24,0.0,0.0,283.6649955526808,-0.0027280437028677452,0.005802495499788706
1957-08-19,-0.028690752547002787,0.0011754259888061697,-7.3453647229951e-24,0.0,0.0,286.0090317986555,-0.0016690108419980033,0.0001439424557824694
1957-08-20,-0.034460348598027636,0.0011491546523099566,-7.3453647229951e-24,0.0,0.0,286.929644485876,-0.0019382204607886785,1.4084308155926599e-05
1957-08-21,-0.031181809802850086,0.0011508341899699411,-7.3453647229951e-24,0.0,0.0,286.2088324444442,-0.0023938852683299005,0.0038597167379088864
1957-08-22,-0.00846838854295386,0.0012349756592411106,-7.3453647229951e-24,0.0,0.0,282.29150531431156,-0.002607301687874363,0.015019135791703133
1957-08-23,-0.01942412066931105,0.0010818311218488013,-7.3453647229951e-24,0.0,0.0,281.6186311617634,-0.001766853907940078,0.0002897556715484532
1957-08-24,-0.031188533173105815,0.0010604023259911833,-7.3453647229951e-24,0.0,0.0,284.70229755552475,-0.00202468581139873,0.0003854574814426663
1957-08-25,-0.028658790145553437,0.0010446455687452847,-7.3453647229951e-24,0.0,0.0,285.30417319834794,-0.0020336065557127617,0.0011869899435161212
1957-08-26,-0.024999791198531116,0.001029896870844782,-7.3453647229951e-24,0.0,0.0,284.43814602365154,-0.002396420396780227,0.001928207564488643
1957-08-27,-0.02474654739522665,0.0010200483819185677,-7.3453647229951e-24,0.0,0.0,283.7613588861153,-0.001938505124532234,0.00265702386360384
1957-08-28,-0.027211590549029874,0.0009798210556224243,-7.3453647229951e-24,0.0,0.0,282.25875001752894,-0.0018042337075717706,0.00026199633413010316
1957-08-29,-0.02074133962561182,0.0009720865952766549,-7.3453647229951e-24,0.0,0.0,281.59844848575347,-0.0019259248297177466,0.001787111156810134
1957-08-30,-0.02049496159546793,0.000982420424283561,-7.3453647229951e-24,0.0,0.0,281.9993359553163,-0.0025619966751438076,0.004813257853188683
1957-08-31,-0.022879086182279105,0.0009325576030601889,-7.3453647229951e-24,0.0,0.0,281.2998039583253,-0.0017502635748962226,0.0010203286751839264
1957-09-01,-0.015697399606812473,0.0009423939690078047,-7.3453647229951e-24,0.0,0.0,278.3994890669196,-0.0020579519907886028,0.004159004316207014
1957-09-02,-0.022044721675121177,0.000904190254076726,0.0013639230961629003,0.0001676493655827086,6.097361529614292e-05,277.68914623583777,-0.0019246397992480273,0.0014076706632225732
1957-09-03,-0.023808970331808944,0.0008812315214825217,0.0008131124205508476,0.0,4.871313770612081e-05,281.1396194357432,-0.0015318833060015396,0.0001925763096916062
1957-09-04,-0.025769557867009765,0.0008684829466760496,0.00011264492113935971,0.0,2.3696613682191925e-05,281.9497516222593,-0.001681000299457103,0.000575923745538005
1957-09-05,-0.020009350515691575,0.0008556072489689973,-7.3453647229951e-24,0.0,1.4983685845035619e-05,281.05895836250033,-0.001442712315984365,0.0008799211435393387
1957-09-06,-0.020689191749203677,0.0008389681240933091,-7.3453647229951e-24,0.0,7.770471485321132e-06,281.68144519540107,-0.0014655457988465574,0.0004112958236401234
1957-09-07,-0.026589885143573678,0.000822853570604055,-7.3453647229951e-24,0.0,3.418595777393061e-06,284.1589353385394,-0.0016377743670327515,0.0
1957-09-08,-0.015377750504488327,0.0008325323378298916,0.0006009261711393597,0.0006938867460368044,6.739407946160959e-05,281.67427923989163,-0.0018134003947094335,0.003910655355722891
1957-09-09,-0.016130776349770823,0.0008368182317011775,0.004106252206920904,0.0009201165015077862,0.00011171682574654704,274.8534424058012,-0.001669128009744283,0.005606732883695829
1957-09-10,-0.005533046136468144,0.0008385289186811718,0.02696466535722693,0.004936665949006539,0.0008782405974501271,273.6078875662019,-0.002041227036908185,0.010625388763713713
1957-09-11,-0.014747240954199754,0.0008008925423110273,0.03866939221398305,0.0006685894887662878,0.0015769735252284737,274.3801690333308,-0.0015486991769597359,0.0015975061730963882
1957-09-12,-0.006110300241553851,0.0008424480924498563,0.03444152946975047,0.0025302204961157116,0.001341910222492649,275.8729150632007,-0.001407224174567872,0.009533440359465873
1957-09-13,-0.003809547399060201,0.0008193358863140905,0.05976364796669021,0.005632097227761976,0.0015000211401174296,273.37480489368045,-0.0013087306718873439,0.010510634837172541
1957-09-14,-0.013716191937357696,0.0008004913895817128,0.06623015610287196,0.0005544982850551606,0.0036999237550012143,274.5784835276631,-0.001370792450793719,0.001209800391445106
1957-09-15,-0.013013853823061045,0.0007768089825150657,0.04031998514006592,0.0,0.0027738507142511465,277.26872014550395,-0.0010120054380705129,0.0006406982403017033
1957-09-16,-0.01871142330142738,0.000754846186287659,0.023126921860287197,0.0,0.0021138960906004504,280.05892243537977,-0.0014553841698051848,0.00017785852564800912
1957-09-17,-0.01646102148260774,0.0007267387236578991,0.011532311161134652,0.0,0.0008898104441031224,279.92670517183296,-0.001116385472948942,9.574637574167238e-05
1957-09-18,-0.004423118327970559,0.0007654477310719464,0.007420081876765536,0.0027876607231837884,0.0005470237742036077,276.8665635275976,-0.001263884048761621,0.007991796496224269
1957-09-19,-0.004115699501024128,0.0007045805285879448,0.05271069657780132,0.007782727290513152,8.130587090206686e-05,271.15306123995737,-0.0009702315690827237,0.008553659006700678
1957-09-20,-0.008767823799181793,0.0006988110852106816,0.07220654388830038,0.0008909580650302651,0.0006809341958013632,269.60763143909406,-0.0007134292190526164,0.0011942937212475275
1957-09-21,-0.005482191461964516,0.0006896179948149428,0.08792234948799434,0.006357871627403519,0.00011834726368976853,269.8934415828037,-0.0005541045250276388,0.007418547480570892
1957-09-22,-0.010838274817682255,0.000718719457502419,0.10830487324917608,0.00034366108182459906,0.0031324761714470596,271.77851497341237,-0.0007268129769018141,0.0003809621104631585
1957-09-23,-0.017969843736812895,0.0007369486288835773,0.08175262623587572,0.0,0.004660189067576565,276.2312309351345,-0.0011825148058308046,2.1338462374842493e-06
1957-09-24,-0.021312473352346043,0.0007123770350116795,0.051320106520715635,0.0,0.003359031710921035,278.9726198164084,-0.0013532533315615467,1.2851128872171103e-06
1957-09-25,-0.017748990132983797,0.0006961045460512409,0.02949067024187853,0.0,0.002288040405107757,278.9498332754591,-0.0011690189419998288,0.000692392338364865
1957-09-26,-0.020187777903793898,0.0006667023661446437,0.01593580802730697,0.0,0.0012017649698392147,279.97261844067475,-0.0014711320558089323,2.686724814188661e-05
1957-09-27,-0.021803567470130274,0.0006528573352738288,0.009704704787547081,0.0,0.0007481818629355081,281.7731158836638,-0.0014588116420864387,4.261732051702438e-07
1957-09-28,-0.022757601098152204,0.0006472055016264405,0.004942123499293786,0.0,0.0004825608773251711,284.0883183200929,-0.0015782319524951577,0.0005552168679411813
1957-09-29,-0.022673067947228752,0.000633751773564829,0.0023101404337335218,0.0,0.00022978506098359319,283.5662310074054,-0.0014661493327068746,0.00012160891519972139
1957-09-30,-0.022197627120435576,0.0006252609740542827,0.0009011593691148777,0.0,0.00010819067010435008,283.23727627842214,-0.0013890323876324347,1.0943715752908524e-05
1957-10-01,-0.024357586930700618,0.0006186067216140403,0.00042805070032956693,0.0,4.215061790862326e-05,283.33084323042533,-0.0014751176797064012,8.705807204023586e-07
1957-10-02,-0.02960324885144746,0.0006131547487388223,-7.3453647229951e-24,0.0,1.2301034846548306e-05,283.28758237950103,-0.0016258119442368632,7.048646608846336e-05
1957-10-03,-0.026261084623592723,0.0006134911613949276,-7.3453647229951e-24,0.0,5.772063708574759e-06,279.99493476810204,-0.001567991155773233,0.0008498336804115168
1957-10-04,-0.016555379844654754,0.0006126884349995414,0.006086963718220339,0.003499148003125595,8.967584051654839e-06,275.3003221249625,-0.0012987708767591896,0.0050180407062088705
1957-10-05,-0.018678177926836716,0.0006002086704060183,0.02230093573446328,3.271865642676919e-05,0.000206500407581949,272.4236229503223,-0.0010304747801800232,3.896789999320606e-05
1957-10-06,-0.014045153760303885,0.0006044297400167434,0.019219292534722224,2.1095245571459758e-07,0.0005007907116817217,274.93415758165264,-0.0010741620961218906,0.000734804730267066
1957-10-07,-0.005097646539830893,0.000589763377345888,0.025765571666078155,0.003412197559735196,1.4099623944799781e-05,271.48273725204325,-0.000449154062964822,0.00368805861551222
1957-10-08,-0.009498387785617915,0.0005866451620382104,0.04083723222693032,0.00041617579379324193,0.0002141882807521497,270.51135054191406,-0.0005527403216156582,0.0004355089724880713
1957-10-09,-0.011242104241740233,0.0005884247984589831,0.03743443605814502,1.992624105706727e-05,0.0006933616169091672,272.89496432230743,-0.0006404701978136591,2.1915988060040665e-05
1957-10-10,-0.01418076602920974,0.0005899662688627082,0.0313527597545904,0.0,0.0011390386580747399,275.3628900890746,-0.0008639156986764595,0.0
1957-10-11,-0.017243867961026855,0.0005813574386855303,0.02329887778072034,0.0,0.0008194470978052603,275.9215842748092,-0.0010068381868176541,4.261732051702438e-07
1957-10-12,-0.015794671650996992,0.000578782736918347,0.01696271591042844,0.0,0.0009217351717127247,278.13023490331045,-0.0010214939787142022,7.457908253755924e-05
1957-10-13,-0.011954136445360669,0.0006062665396491014,0.010830004560969868,0.0,0.0006393479593729569,277.855704973871,-0.0010673228156684483,0.0032067063046354836
1957-10-14,-0.002431265041653046,0.0006545777037992316,0.009885396436558381,0.0016344956169694158,0.00025824051203027286,275.4382586290608,-0.0014767031222160925,0.009861521919466064
1957-10-15,-0.0026198069507119347,0.0005965831421189389,0.019047796389477404,0.002347887235846223,0.0002618394055440601,273.51605339912373,-0.0011171432117284355,0.006115583393510614
1957-10-16,-0.00621590691771211,0.0005634919566623236,0.06604095861287665,0.006040309571613701,0.0002555246070279913,271.7982650332981,-0.0009587638574720777,0.0070798418446773054
1957-10-17,-0.009081352060124026,0.0005663061714441764,0.066617746586629,0.0,0.0013322559327392258,271.87618249508847,-0.0005759759411468345,1.1979203075903868e-05
1957-10-18,-0.009623351280635361,0.0005513787437966989,0.05730614958509887,5.675911229882537e-07,0.0005798720581046606,272.26426969050465,-0.0006429978072811656,5.088101050855302e-06
1957-10-19,-0.0016774050680931007,0.0005589607408491232,0.0801893905955744,0.011912490919990056,0.00016800293141165697,272.44734594916224,-0.00026499026449723433,0.013809756334680802
1957-10-20,-0.0025813099691423323,0.0005410217632681638,0.1665563206214689,0.006011408979946611,0.0001628373744292448,271.51434122505833,-0.0003479472861367431,0.006474325430036069
1957-10-21,-0.004166219657087056,0.0005346432244036831,0.16821909759004236,0.0004268079827734307,0.00013184850498781367,271.48405894407,-0.0004702508186468971,0.0004711698495258663
1957-10-22,-0.006332173775144891,0.0005471914333138762,0.16298915482285783,0.00023579660613658066,0.0011231795605798226,271.1176126016735,-0.0006092026577157489,0.0004792058535214872
1957-10-23,-0.006769581029644121,0.000535193809681693,0.1578102471015772,0.0006335350753223829,0.000600411898672244,270.3541703628282,-0.0006920015544625326,0.0007360369739045141
1957-10-24,-0.0033436416316840615,0.0005235245167198828,0.1730239781956215,0.0059784196822320005,0.0,270.52665593350224,-0.00045116405702580166,0.00645020351571552
1957-10-25,-0.0068516283806434475,0.0005306317812978884,0.20952920859816387,0.0016357163335643922,0.0007016399433299647,268.3403183673061,-0.0006311695949085015,0.0016491952137379496
1957-10-26,-0.008584946267685648,0.0005307704378656076,0.20107279344691625,0.0,0.0009063999615820115,268.2675908262896,-0.0007498346711114301,8.583068797918258e-07
1957-10-27,-0.007739166965929128,0.0005263164218536206,0.18910323608168553,1.4897372763035662e-05,0.0007866231230019178,269.4769965493298,-0.0007196622453419502,1.6422005912618725e-05
1957-10-28,-0.0026472473969567293,0.0005120922111522007,0.2124076311646657,0.009163358054086988,0.0,268.76384694517895,-0.0003148028363952529,0.009270207524973121
1957-10-29,-0.0060177594844230825,0.0005144626744049418,0.24643214453860643,4.214366192871568e-05,0.0003463108471389544,268.6922346822735,-0.0004970336932752093,4.2896149522167147e-05
1957-10-30,-0.008618242870279624,0.0005581288014428091,0.23191221420374294,8.475561599946966e-08,0.003467594520688731,274.9122724802481,-0.0006280903057274172,8.435572608042573e-08
1957-10-31,-0.005226280898024134,0.000516379662489487,0.20522594272304617,0.0002706853388729742,0.0006897189249258258,272.9889451869239,-0.000476621054533848,0.000954584566881842
1957-11-01,-0.002731889275844488,0.0005016326904296875,0.21876471280602638,0.00505434612264741,0.0,268.9771877942561,-0.0004238683972402481,0.0051374647912656385
1957-11-02,-0.0027367016774112896,0.0004992071265554698,0.26699375073564036,0.004125646362870427,0.0,263.5016755141781,-0.00038770619927153073,0.0041302114761057876
1957-11-03,-0.0020992484806621145,0.0004968660446883596,0.28582660222457634,0.002485297009938181,0.0,264.6165829423233,-0.00031210382674205106,0.002488430644056945
1957-11-04,-0.0038314992088382526,0.0004945732442672644,0.2910050501706686,0.00035890595892728395,2.366022369955893e-06,266.34537092665045,-0.00035836550243998656,0.0003602724290495942
1957-11-05,-0.007334969895707685,0.0005081423931876145,0.2840077315795669,1.0916994789899407e-07,0.0010833552075644672,266.8096450367441,-0.0005263237619383187,1.0750724770928507e-07
1957-11-06,-0.008033658993446222,0.0005028606471368822,0.2697326315324859,0.0,0.0008658968796164304,270.49902126434387,-0.0005615205361934032,8.642672923997452e-07
1957-11-07,-0.0026882304731061907,0.0004876960637205739,0.2679749109875236,0.0026050207262995556,0.0,265.50548364527936,-0.0002995216219270297,0.002610802145327552
1957-11-08,-0.003643409259575235,0.00048553724746919625,0.2879257058468691,0.0007723889150525218,0.0,260.7819456685959,-0.0003334065993963662,0.0007739695115277997
1957-11-09,-0.006084546067957151,0.000493063175745603,0.28464865819209045,0.0,0.0006504040737610079,263.6023336399747,-0.0003767875786134079,8.52346317969932e-07
1957-11-10,-0.007529200091537109,0.0004913526571403116,0.27364600804790495,0.0,0.0006699578699755804,267.23928415618155,-0.00046965482481623784,8.718242838767765e-07
1957-11-11,-0.005381135785647031,0.0004890320327995861,0.2608428782662429,7.111835951185497e-05,0.0006481480000719512,267.89513444631115,-0.0004309427971809597,7.56839909096622e-05
1957-11-12,-0.004785493984397522,0.00047915601460947157,0.2544060256297081,0.000214197983344396,0.00012677718522184988,264.7418361024444,-0.0004228547762679515,0.00021560599574934968
1957-11-13,-0.004272137405508656,0.0004752249704242426,0.24917723230049438,3.0030238594712508e-05,0.0,264.2694001206795,-0.00039305886264237984,3.346243106451031e-05
1957-11-14,-0.0013443324609664876,0.0004732686247529283,0.25666053326565447,0.006371751364509938,0.0,266.05933553261053,-0.00017531989089681604,0.006376911220993124
1957-11-15,-0.0015452956244096918,0.00047137188372638943,0.3158002663017891,0.00298011284005844,0.0,261.3903819369731,-0.00011687259594936156,0.002992858881518744
1957-11-16,-0.0018530465283636323,0.00046946504021768527,0.3351986412723635,0.001331022840603597,0.0,258.9225557761902,-0.0001502234941232676,0.0013372128803616043
1957-11-17,-0.002125173007364327,0.00046760635187396895,0.36168353122057445,0.005008449620109493,0.0,261.61067956540097,-0.00020677437427016977,0.0050129252469918424
1957-11-18,-0.0019704957971465116,0.0004657758662929643,0.36927786789371475,2.305761063839756e-05,0.0,258.79258244185803,-0.0001208976300506942,2.4814036572289258e-05
1957-11-19,-0.00135991772857763,0.00046392967977092767,0.37153099620409613,0.002391884766392789,0.0,259.7376667712368,-0.00012155070290558756,0.002396979532336111
1957-11-20,-0.0009274134191416078,0.00046213564731306954,0.4016393744114877,0.004058299007388832,0.0,256.9909741317261,-9.49192865841133e-05,0.004061670584473637
1957-11-21,-0.0018573280023989704,0.00046032751347385557,0.4454918123234463,0.004600118024874543,0.0,256.41325337469243,-0.00012805594373389154,0.0046085139680606315
1957-11-22,-0.0013180683224888173,0.0004585550329779501,0.44233936374470345,0.0006448651774454925,0.0,259.2581355639097,-3.1994608372955e-05,0.0006469879615104805
1957-11-23,-0.006320399079619156,0.00045680410444399734,0.4353953790754473,2.6324332433905308e-05,0.0,269.739173432977,-0.0003284510845939319,2.7188254569533084e-05
1957-11-24,-0.006722475849302474,0.00045504652510928577,0.41987888601989176,4.890990459312827e-06,0.0,270.1642187660922,-0.00038217606370226815,7.308169227858627e-06
1957-11-25,-0.0060318660853946274,0.00045331049773652675,0.40621482719809326,0.0,0.0,270.86284237662284,-0.0003254824596862335,1.2931092214785167e-06
1957-11-26,-0.004014140300158054,0.00045158192094436477,0.39495608227401136,0.0008416521431362562,0.0,268.0684459887431,-0.0002804269361714859,0.0008520604067927327
1957-11-27,-0.0038539485658629466,0.0004498615945126378,0.4114806324299671,0.0018198973799155934,0.0,260.2098303541626,-0.0002262504182040355,0.0018218961811772576
1957-11-28,-0.0014752948098936999,0.0004481769214242192,0.4146949207715396,0.0025877782517233815,0.0,261.30150848503615,-0.00014483345156840685,0.0025891900388396506
1957-11-29,-0.0020951103355924964,0.00044647069637384794,0.46372626640477876,0.002518274984454031,0.0,256.9765323308453,-0.00014236346308120902,0.002523631665654856
1957-11-30,-0.003946648731743549,0.00044477364774477685,0.46022300935734467,4.47787891673503e-05,0.0,261.5251579356508,-0.00023233771618813445,4.906772712767973e-05
1957-12-01,-0.004988034608337165,0.0004431121261779872,0.45118267971692566,4.496267538959697e-05,0.0,264.52119529135035,-0.0003144215834511202,5.093449663498609e-05
1957-12-02,-0.003382047733007852,0.00044144647943097996,0.4483325333245057,0.0017368095574405908,0.0,263.60213543735654,-0.0002782694932262776,0.0017429406022499106
1957-12-03,-0.0032514634273820005,0.00043977510794407913,0.45360684439736354,6.11049054706164e-05,0.0,263.52120424259857,-0.00012851003978380375,6.255662363671966e-05
1957-12-04,-0.0046504016144801,0.00043813008709815937,0.44445386983580515,0.0,0.0,267.6045836288826,-0.00026670014643568105,1.7324110217487032e-06
1957-12-05,-0.003492128882704482,0.00043649516873440504,0.43367122211923265,0.00030189192732848694,0.0,268.41028720331286,-0.00028649918040481664,0.00030369660948629433
1957-12-06,-0.00294642815482145,0.000434871699850438,0.4439513355549671,0.0028410289794374996,0.0,263.8405522887092,-0.0002603446485969307,0.002845570663936475
1957-12-07,-0.003896481615338622,0.00043324663140679483,0.4866035303378061,0.00655547535773051,0.0,262.8258202152289,-0.00030545404149314104,0.0066073578292990915
1957-12-08,-0.0043563711862106115,0.0004316215629631517,0.5077129586717279,2.8060654462394068e-05,0.0,264.92000740036906,-0.00016347462006207914,3.1030801033731194e-05
1957-12-09,-0.008653951608865274,0.00043001804648146126,0.49293946232050384,0.0,0.0,272.63752958150457,-0.0006438183603482058,3.851273092517001e-06
1957-12-10,-0.004477040789558389,0.00042839297803781804,0.4811685278366291,0.0007262149730981408,0.0,263.33573494029366,-0.0004896472002995217,0.0007288029002738589
1957-12-11,-0.003077056785087801,0.00042681261307775647,0.47587352688029666,6.865478504849019e-08,0.0,264.7530605833409,-0.00014519913511424416,1.7905447152436655e-06
1957-12-12,-0.004901806429281073,0.00042522719687661215,0.4668633125147129,0.0,0.0,267.34289144526764,-0.000321135040646219,2.148747398678097e-06
1957-12-13,-0.003893840868594283,0.00042363193075535663,0.45724918343926557,3.201859650638817e-05,0.0,265.37280881562026,-0.0002529643539149883,3.460039222048535e-05
1957-12-14,-0.003015485229128498,0.00042207644315762715,0.44939783243585224,0.0,0.0,266.5962831278081,-0.00015050778954716054,-1.192074705613777e-08
1957-12-15,-0.004069246057063174,0.0004204861019964273,0.44114624713100287,7.770639860023888e-06,0.0,265.69426371328353,-0.00020859560976594185,1.0015348256644558e-05
1957-12-16,-0.0036731526087232904,0.00041892888855799443,0.4401519832862524,0.0013574218261713364,0.0,268.4538824760308,-0.00019479390381082977,0.0013811642897738079
1957-12-17,-0.0021954502931422434,0.0004173618251994505,0.43539170087394075,0.0009705704652656944,0.0,268.37614727199866,-6.945028185507673e-05,0.0009741007617711118
1957-12-18,-0.003474608737196626,0.0004157913101595001,0.43404019170786257,9.379578007143097e-05,0.0,264.84008845097605,-0.00029438443082032236,9.563644380089906e-05
1957-12-19,-0.00289873357883281,0.0004142540491233438,0.4424152266507769,0.0017679040714845822,0.0,261.60187035181656,-0.00026953819676139265,0.001777554039257843
1957-12-20,-0.00405486917260003,0.0004127215867662161,0.44364098730284846,6.540456397385248e-05,0.0,263.9329304093471,-0.00017438921551246427,6.7982642980044e-05
1957-12-21,-0.003972091748889557,0.00041117927448897714,0.43635722876942096,1.3929933814679164e-05,0.0,266.2425804317784,-0.00021321186532745256,1.7371591191587387e-05
1957-12-22,-0.0039134628776103094,0.0004096601137333671,0.43172200520833337,0.002505314636365169,0.0,265.5400253339003,-0.0004011688775009355,0.002543845250724803
1957-12-23,-0.003052111567750489,0.000408140952977757,0.45489421492467047,0.0007565376575047015,0.0,258.7443933289379,-0.0002230715248628525,0.0007626089335266478
1957-12-24,-0.0037350114540191694,0.0004066284430229058,0.45066083487817804,4.295806931910542e-06,0.0,260.3529672209601,-0.0002699528668223128,6.449242290840898e-06
1957-12-25,-0.0039382813929837975,0.0004051241834284896,0.4469984956155838,0.0002613172229737212,0.0,261.2655843350398,-0.00022216876810890134,0.000266766969667967
1957-12-26,-0.004922036313067721,0.0004036199238340734,0.4419120027071563,0.0005928342372684156,0.0,265.86809535125326,-0.0002830050685732378,0.0006024066732488843
1957-12-27,-0.00399340567110622,0.00040213881576128607,0.4687998856079332,0.0030478404698062083,0.0,259.4173224066611,-0.00041325856526355965,0.0030618289769706085
1957-12-28,-0.0025684789749188613,0.00040062790536611094,0.46828240863347464,0.0003981856303026447,0.0,261.7896270716033,-0.00012990196188122541,0.0004030235661631416
1957-12-29,-0.0023193349693454595,0.00039916169845451746,0.4785682692590631,0.002247437434849766,0.0,262.83655180275554,-0.0001565270325810896,0.0022533522823086427
1957-12-30,-0.0014029897875705009,0.00039764918849966626,0.5200981528072035,0.0037236711441797055,0.0,259.20554398861765,-0.0001862344600386539,0.00373295256281445
1957-12-31,-0.001699570840024679,0.0003962010818686189,0.5575353475164784,0.0006780438756538651,0.0,256.3005658273644,-4.6683606917912005e-05,0.0006789849807972895
1958-01-01,-0.002347695920090218,0.0003947266245965904,0.5548626743467514,2.062590108752924e-09,0.0,261.41776266654784,-5.808587338628069e-05,1.2887804814454284e-06
1958-01-02,-0.0036939276056101094,0.0003932588181253207,0.5466329283633475,0.0,0.0,263.2233390448906,-9.177206873388614e-05,4.351138045421976e-07
1958-01-03,-0.003186590506532098,0.00039180086157416226,0.5368082222516478,4.256701907195614e-06,0.0,265.88489693032824,-0.00012167653142564041,5.539291973329486e-06
1958-01-04,-0.0035246212014370722,0.00039035115538343874,0.526964665357227,-3.725290298461914e-09,0.0,263.6800911107755,-0.00010534605316523105,1.284479992591514e-06
1958-01-05,-0.004333240332576515,0.00038892965195542675,0.5177590465366055,0.0,0.0,266.7932273483995,-0.00011645088045947297,1.7225741544280027e-06
1958-01-06,-0.0035446098884620242,0.0003874865965654621,0.507423530190678,4.1857951104977717e-07,0.0,265.9591875273854,-0.0001797411843376645,2.567325318112146e-06
1958-01-07,-0.0040045599058523024,0.0003860584423366913,0.4989365399894068,0.0,0.0,268.38821845404846,-9.219592573952541e-05,3.0158858521645016e-06
1958-01-08,-0.00501976355826114,0.0003845922354250979,0.4890842473664077,0.0,0.0,268.74270508473427,-0.0001754313549500401,1.7110704106926278e-06
1958-01-09,-0.004449530551999302,0.0003832021338791497,0.4801728846663136,2.716725828957423e-07,0.0,267.30777301177693,-0.0002641286332644312,1.982598845743423e-06
1958-01-10,-0.004176327611430218,0.00038178223001081394,0.47305556475105937,0.0,0.0,265.9587573538168,-0.0002233478540586213,3.4306841030229407e-06
1958-01-11,-0.004468915068497092,0.00038035912702312583,0.46565709230814495,7.61163941884445e-05,0.0,265.68555393326756,-0.00033367023208720535,8.154332967715061e-05
1958-01-12,-0.0034566323383379794,0.00037895412431598386,0.46417845530249535,0.00040419022999914356,0.0,262.5988398190946,-0.00016468202979382825,0.00040861723439712287
1958-01-13,-0.00254665858159631,0.00037754247080808303,0.46074738295962814,0.0012495889628337602,0.0,264.7526456577854,-0.00020016056332884536,0.0012561742533109723
1958-01-14,-0.0030964027016849847,0.0003761441189017,0.47742894634239647,0.0010759534977250183,0.0,261.6611150285394,-0.0001798129751015518,0.0010781652193410046
1958-01-15,-0.0034495052055450487,0.0003747441674356407,0.47381327426141717,5.042818138154888e-05,0.0,265.7233670911771,-0.00012331639053457877,5.455883948628579e-05
1958-01-16,-0.0035381715344843896,0.00037336231625012767,0.4765641092131592,0.0016982325768403414,0.0,266.6136556363151,-0.00017156425631989196,0.0017065191336043408
1958-01-17,-0.004862331864187273,0.0003719573135429857,0.4785811429643362,0.0,0.0,267.08048816544414,-0.00018594501866290802,4.261732051702438e-07
1958-01-18,-0.00192717252309713,0.000370578787757852,0.4771287131444209,0.00279059690439095,0.0,265.0830905971779,-0.00015265303058812848,0.0027942233520246267
1958-01-19,-0.003310237100905618,0.00036918788643206587,0.49764089350870994,0.0002602831076430736,0.0,259.99321100985713,-0.0002062588267154613,0.00026214661396271383
1958-01-20,-0.003789358219857944,0.0003678317123887229,0.49292727827801314,1.0423446442447816e-06,0.0,257.4815208233907,-0.00018870775814110277,2.483476250912296e-06
1958-01-21,-0.0035736418123972625,0.00036646476236440375,0.48805458083215636,0.0,0.0,262.97792096326583,-0.0001261351830036627,1.7136334804490616e-06
1958-01-22,-0.0019496308039810698,0.0003651077885412227,0.4869065221869115,0.0012369105160909858,0.0,259.6120111713302,-0.00011132490731733668,0.0012433102518670017
1958-01-23,-0.002877562185802029,0.0003637590650784768,0.49836756819385597,9.856794008427421e-05,0.0,260.0539098261889,-5.628980464686109e-05,0.00010240383083412981
1958-01-24,-0.004136109503649049,0.0003624003654145925,0.49389510504943507,0.00037344791373964087,0.0,265.88445168475425,-0.00023607218290789655,0.0003795248419503308
1958-01-25,-0.003999183364843918,0.0003610682689537437,0.4912217422169256,0.0003678187264897729,0.0,262.96585649824414,-0.00023759860482256293,0.000369263141034786
1958-01-26,-0.0037457345232451704,0.00035973937161224714,0.4883879178436912,0.0002691857095828838,0.0,261.3355230270357,-0.0001753942178046636,0.0002724116964553511
1958-01-27,-0.004715663775549097,0.00035840222391031565,0.48531432070974584,3.3773650220558466e-06,0.0,261.1441352291071,-0.00024286336607515476,3.939159743583594e-06
1958-01-28,-0.003665194462584911,0.0003570964780904479,0.4801161024305556,0.00035525460617016945,0.0,261.60121401914324,-0.00015042082927489687,0.00035610805314019347
1958-01-29,-0.0046123809228509165,0.0003557526795877576,0.4943666045050613,0.0020047381604458656,0.0,264.3652286026662,-0.00020954760559703,0.0020085567639022764
1958-01-30,-0.0019342634132352929,0.00035445198500897254,0.508387218985405,0.006151981609689315,0.0,266.2223332471542,-0.00014200896066797656,0.006168529557819101
1958-01-31,-0.002794571010406408,0.000353139588388346,0.5517256282368174,0.0013612343766595011,0.0,261.63465301240683,-0.00023527456037068773,0.001371389619762828
1958-02-01,-0.003424928981368825,0.0003518388938095611,0.5843811609875236,0.004315737213960475,0.0,261.11088113012516,-0.0002701158851048367,0.004362143820243017
1958-02-02,-0.005453821755735215,0.0003505480491508872,0.6029209057939031,1.5125962468863882e-05,0.0,262.16532951110725,-0.00016122280309597653,1.6421398575693464e-05
1958-02-03,-0.0067030100499169305,0.0003492489541317784,0.5925715961923258,0.0,0.0,267.10324191149124,-0.00024220851476246355,4.292002813599538e-06
1958-02-04,-0.006212143448449798,0.0003479796614350572,0.5808264091189972,0.00010368838316976689,0.0,267.1657834600819,-0.00032826633545133356,0.00012603072171087418
1958-02-05,-0.005300934494888715,0.00034669041633605957,0.5690159339689267,7.031748523819918e-08,0.0,263.9437776698456,-0.0002849428404101544,3.067200779663178e-06
1958-02-06,-0.0026868120004228282,0.0003453963725580334,0.5918141165695622,0.004203610900936827,0.0,263.7737736064387,-0.00016518551224874238,0.004209922026779692
1958-02-07,-0.002650991713596603,0.00034408397593740697,0.6053400129472694,6.726706179521852e-05,0.0,262.45119665616426,-9.925561920229326e-05,7.103873510994817e-05
1958-02-08,-0.002121459503295058,0.00034281308368100963,0.5999323670697976,0.0005399591926127504,0.0,262.9281800803492,-3.914381403707515e-05,0.0005462408739294709
1958-02-09,-0.0026457633002329685,0.00034152729026341844,0.5990190236581922,0.0014787360099749378,0.0,263.510224441126,-0.00012017360830542731,0.001483329440240806
1958-02-10,-0.0029062172450588252,0.00034026464836745614,0.6021151497763655,0.0014672309770590842,0.0,263.4081571367052,-0.00012212276648161777,0.0014697811024287429
1958-02-11,-0.0026744855830898393,0.0003389804545095412,0.6560656301494822,0.006311781483434015,0.0,263.349037299722,-0.0002350463231993934,0.006314306356812601
1958-02-12,-0.004795586069424948,0.00033772766253369003,0.6702080850547316,7.360207579903684e-05,0.0,259.2818127863825,-0.0001920599300982589,7.694259198328863e-05
1958-02-13,-0.00252214764471108,0.0003364700718788104,0.6702901549258475,0.0037799136618436396,0.0,264.14412679151405,-0.000148024294251776,0.003785110883793589
1958-02-14,-0.0022933268446033287,0.0003351858780208954,0.7050165151247647,0.0021143347698416417,0.0,260.5485761717888,-0.00015431868785855462,0.002122143702307071
1958-02-15,-0.0029531760656901,0.00033394638764656194,0.7067719367937854,0.0009018351550156116,0.0,261.1357013680841,-0.00011331835330206123,0.0009056342067394152
1958-02-16,-0.0030922157279515677,0.00033268534531027586,0.7154766305467279,0.004069150462325684,0.0,265.4955747787562,-6.961665710823683e-05,0.004073908386155091
1958-02-17,-0.003503189332741129,0.00033145065361497096,0.7350683409839925,0.002094891027542158,0.0,266.9021288302434,-9.646282483965665e-05,0.0021160013564900833
1958-02-18,-0.007963241030604154,0.00033018961127868483,0.725040874014242,1.7332744463688913e-05,0.0,270.2592561653554,-0.000228476010810184,1.9876667232890376e-05
1958-02-19,-0.009949444966801144,0.0003289418705439164,0.700730260931615,0.0,0.0,271.20767476644,-0.00041252335712397843,1.7136334804490616e-06
1958-02-20,-0.010003441892101268,0.0003276558245642711,0.6764053948181498,0.0,0.0,272.47440069094444,-0.00047090475968385154,1.7169038528663805e-06
1958-02-21,-0.010403088341325016,0.00032643443447048385,0.6555267736287664,1.2799508154055495e-05,0.0,271.52993442154656,-0.0004151201791177362,3.699597875239219e-05
1958-02-22,-0.010680595865357393,0.0003251534397319212,0.6366543814736347,0.0,0.0,272.6130084488576,-0.0004571297253339978,2.1427869114631903e-06
1958-02-23,-0.010569315466840389,0.0003239187480366163,0.6165615160810971,0.0,0.0,272.2349481636521,-0.0004915938486402991,0.00013196604728822638
1958-02-24,-0.008677724138491572,0.0003226609048196825,0.6011864038959511,6.865478504849019e-08,0.0,270.96528119376376,-0.00031673592531074915,1.3576051714728938e-06
1958-02-25,-0.007388783966080619,0.00032141131196318376,0.5863076190266008,0.00040149036268729947,0.0,271.53385679241404,-0.0006528888002964064,0.0004053623313378572
1958-02-26,-0.005716693477105287,0.00032016836990744383,0.5804082435852167,0.0020788105488833736,0.0,264.4889647237774,-0.0006209311764792534,0.002082007269630137
1958-02-27,-0.003176542241021065,0.0003189485793733327,0.625669892449388,0.005428843515909325,0.0,261.09794183145584,-0.000349800665415613,0.005434083315612233
1958-02-28,-0.0031584117793093973,0.0003177205384787867,0.6849402016390066,0.004847718181751543,0.0,259.6421174230773,-0.00026612703051775863,0.004852688881734116
1958-03-01,-0.0036688385962766446,0.00031648744634315797,0.718714597310499,0.0010042733139237442,0.0,260.7190484767131,-0.00014657620866756656,0.001009429578727248
1958-03-02,-0.006658591119583045,0.00031526765580904687,0.7137982212217515,0.00023832940364961573,0.0,261.1657178523177,-0.00028070174999492994,0.00024165679495757563
1958-03-03,-0.005704952751175833,0.00031406769139618527,0.7028174103990114,1.4948411344808376e-05,0.0,258.88198138091525,-0.00029755380046738074,1.824068766512999e-05
1958-03-04,-0.003345765510184617,0.00031285947662288864,0.6978247116290021,0.0016707447331167212,0.0,258.8328495744034,-0.00015954929535503442,0.0016761438727137773
1958-03-05,-0.006622945311042549,0.0003116412856484537,0.7188750588512242,0.000868259566062588,0.0,260.43111209186907,-0.00023307020402392426,0.0008710925188391998
1958-03-06,-0.0090253445724983,0.0003104661985979242,0.7086216123764124,2.3821568758474235e-05,0.0,264.27646996521463,-0.00029071644053789186,2.723531856311428e-05
1958-03-07,-0.009405019719385158,0.00030927115914511816,0.6953134195503767,0.0,0.0,265.57793296483504,-0.000347303105570839,8.533809250366176e-07
1958-03-08,-0.008325825640037235,0.0003080976716542648,0.6820509743555792,2.1132919411201263e-05,0.0,266.506191372198,-0.00033858862552939165,2.3810371840741e-05
1958-03-09,-0.0022704637067466134,0.0003069076834425414,0.6826045436823212,0.004372596719675819,0.0,264.1319380722477,-0.00023223724910768415,0.004380387471791768
1958-03-10,-0.003175207829408053,0.00030572249390984664,0.7401440291754945,0.003523650184526282,0.0,261.1544935797568,-0.00028414374459429653,0.0035321542435446706
1958-03-11,-0.0053005515687209745,0.00030455565721975206,0.7562120225694445,0.0005814585687413728,0.0,259.7546586900557,-0.0001996449315867855,0.0005851868181229175
1958-03-12,-0.00448640903173867,0.0003033888205296576,0.7466509975282487,0.00031205908642650327,0.0,260.3618717732403,-0.00013235901182485842,0.00031350342567357644
1958-03-13,-0.00259756469457163,0.0003022368850007569,0.7531386553230933,0.00176714329143702,0.0,260.17280285147405,-0.0001985532163226672,0.0017750222901195436
1958-03-14,-0.003419699389382271,0.0003010748469896909,0.7676096196004002,0.0008084373075073048,0.0,259.38647966331007,-0.00019242274601243982,0.0008131528994145184
1958-03-15,-0.005732348620218072,0.0002999295622615491,0.7631845133003767,0.00021651069407409195,0.0,260.4107458757591,-0.00022319789533897983,0.00021821550046527432
1958-03-16,-0.0031295989950497947,0.00029879412745351846,0.7831939294962336,0.002980831358055611,0.0,260.78163052144026,-0.00024211566663731292,0.002985173279293607
1958-03-17,-0.0061187870842588825,0.0002976735938066817,0.7962612001235877,0.0004549371236461704,0.0,259.6167621863989,-0.00020672374084002555,0.00045773555329963996
1958-03-18,-0.005575942117615609,0.0002965248573971334,0.7983660509357345,0.002270480565263727,0.0,261.3311322673791,-0.00026422503304346807,0.002276624343466786
1958-03-19,-0.0058578400120223315,0.0002954093749913792,0.811291940692679,0.0013179515546324564,0.0,261.3226957087688,-0.00020829794433830824,0.001321697137283174
1958-03-20,-0.010690868490159848,0.0002942406861795544,0.8033785200388418,1.2055881279336532e-05,0.0,265.03328002958426,-0.0003376952188331529,1.4618408873839198e-05
1958-03-21,-0.007541144929699979,0.00029317150681705805,0.786484770406662,0.002182757808158627,0.0,270.04498572268733,-0.00031988322734832764,0.002300499488100707
1958-03-22,-0.007564644439745758,0.00029207092557249773,0.7778214564206686,0.0005305149292541763,0.0,268.8645616736116,-0.0003462803555326274,0.0006481398970393812
1958-03-23,-0.009278757424004334,0.0002909535910450133,0.7618831196298258,0.00033569923144275863,0.0,269.1499168230764,-0.00037573182187174674,0.00046922603232712394
1958-03-24,-0.009585721386691273,0.00028983305739817646,0.7460813360699152,0.0008720070081578811,0.0,268.96800782227024,-0.0003492388253410657,0.0009981147480873603
1958-03-25,-0.004769869569667989,0.0002887670771550324,0.743158315310146,0.004177606143688752,0.0,269.0606446418834,-0.0002323837456225002,0.004334053935954962
1958-03-26,-0.004909315814742935,0.00028765479386863064,0.7746515363847694,0.005593377865303708,0.0,266.54877242754634,-0.00034747221691291887,0.005647995983808468
1958-03-27,-0.005706732177128227,0.00028655076094266386,0.8038022028748822,0.003428951831860731,0.0,265.14242028202267,-0.00027222243153442774,0.0034501741328287023
1958-03-28,-0.010979516821055763,0.0002854980823010375,0.8227704581567796,0.0013398018765584225,0.0,264.8005359455691,-0.00038792116114985475,0.0013433667300132121
1958-03-29,-0.011386148084354942,0.0002844089505362646,0.8064380940295433,0.00011452687325450661,0.0,267.242901821819,-0.00037247344514744436,0.0001557375915524838
1958-03-30,-0.012611940082183668,0.0002833413707334443,0.789611701462453,3.533132668942382e-07,0.0,268.7653907876455,-0.0004974914725217443,3.5041407072974145e-06
1958-03-31,-0.009650571871612031,0.0002822820412910591,0.7715551803790018,0.0012172504754389749,0.0,269.46268893814806,-0.0006486043691803507,0.0012402682653464838
1958-04-01,-0.011167508439492371,0.00028122431140835006,0.8014166593102637,0.004197242780257081,0.0,265.9685600122714,-0.0006735371425747872,0.004216672841998279
1958-04-02,-0.010827300701774447,0.000280158331165206,0.790971486581921,0.00010151496041292526,0.0,268.4801381429036,-0.0004325745427339091,0.00027478694755443504
1958-04-03,-0.012732636920139614,0.0002791354548459673,0.7782628406014596,0.00046941764273885955,0.0,269.3618611122031,-0.000583370284593038,0.0005163888128360365
1958-04-04,-0.005960873543879406,0.00027808942700509976,0.7705793075417844,0.005655961395320246,0.0,269.1568604808743,-0.0003896343842738093,0.00604361677477688
1958-04-05,-0.006820970293828998,0.0002770548486440195,0.8281272988759417,0.005845893006035164,0.0,268.00852350281684,-0.0005058943067735199,0.006050964527736786
1958-04-06,-0.008191521263728707,0.00027601867072326317,0.8299783537841338,0.0007299144810202432,0.0,266.7435184881063,-0.000427250966092961,0.0007859914147466454
1958-04-07,-0.01229919337451795,0.0002749891436032656,0.8156535980167139,4.729176055913592e-05,0.0,268.57976871066626,-0.0005436468406417276,0.00014711374769754235
1958-04-08,-0.00556438597245405,0.0002739811684452208,0.8126170127854286,0.006738699846348521,0.0,269.7150211190549,-0.0002805684814176991,0.007066604377184809
1958-04-09,-0.007477137160166509,0.0002729465900841406,0.8631649268773541,0.00642730076770998,0.0,269.19726500358513,-0.00046623014124099827,0.006578472060186998
1958-04-10,-0.009600210071957044,0.00027194686528653076,0.9225759272745999,0.009184837130840215,0.0,267.1892201878033,-0.0006858376565120988,0.009234079813983382
1958-04-11,-0.009322215650377975,0.0002709271880866444,0.9365949325417844,0.001708333585727013,0.0,265.435286879315,-0.0004427379818033364,0.0017665662334122633
1958-04-12,-0.011327191513810455,0.0002699357136494696,0.9429713247410547,0.0020611524834471236,0.0,267.05923929232443,-0.0004085497772794659,0.0021553111445756145
1958-04-13,-0.016005569595401573,0.0002689226872503421,0.9283833476783192,1.8275537564929596e-05,0.0,269.74513644777,-0.0005144155189647513,1.9144102644354542e-05
1958-04-14,-0.01893446720757727,0.0002679461139743611,0.903303300818032,0.0,0.0,273.4419181378324,-0.0008269691745103417,7.697906925332681e-05
1958-04-15,-0.01829052800680958,0.0002669479887364275,0.8746326396245292,0.0,0.0,273.55533758260435,-0.0008070868687272746,7.297022868010958e-06
1958-04-16,-0.019093422187586966,0.00028639189941061417,0.8395012174846986,0.0,0.0014574619083754761,275.82344116598875,-0.0008166492785100883,8.52346317969932e-07
1958-04-17,-0.01729630392655141,0.0002978696661480403,0.7959644152395247,3.4327392524245095e-08,0.002280095644758246,275.02692951051534,-0.0008205032386517122,2.9586836340790877e-05
1958-04-18,-0.01569985791956638,0.00027135991107272566,0.7695707906661959,0.0033094470236597765,0.0004936094885155307,273.969756616711,-0.0010574199785452108,0.004210104039776527
1958-04-19,-0.014211678235544326,0.00026307974831532626,0.7703137873705274,0.0012196826690671135,0.0,270.58154434807557,-0.0012966680766667352,0.001433486857554387
1958-04-20,-0.014401800635844302,0.0002622074831677022,0.7726455372381121,0.004903497753170251,0.0,271.1468173204843,-0.0008341202901749962,0.006313668553381721
1958-04-21,-0.014008444833890195,0.000261189405527492,0.8268813081155839,0.008670268801309295,0.0,268.9281673575077,-0.0010705117641364114,0.008895479480555992
1958-04-22,-0.0051366116872615065,0.0002602128322515111,0.8719360581450095,0.01212977792667804,0.0,267.9105944444904,-0.000454964105692287,0.012181996541508174
1958-04-23,-0.005621729008222031,0.0002592825620187878,1.1430018078360407,0.035936116940726,0.0,263.8183572844597,-0.0006030721716203932,0.035942456563987306
1958-04-24,-0.007424575545020023,0.0002583424418659534,1.2606789684116055,0.0012516803029230085,0.0,262.0522320418708,-0.00038473181805368206,0.0012551910122454368
1958-04-25,-0.009192066214515664,0.0002574204219936651,1.2386656220574388,0.0008104843860965664,0.0,263.03655176468044,-0.00030464953137824765,0.000814167203819415
1958-04-26,-0.01189811279376348,0.0002565183545236534,1.2186888498999529,0.0009503722885402584,0.0,264.78402056218096,-0.0003685638687368167,0.0009744143755422474
1958-04-27,-0.006588459477923011,0.00025559978633277165,1.201888434631003,0.006431879307338074,0.0,266.0265808787948,-0.0003904883702427654,0.006448865295800906
1958-04-28,-0.007082519010972169,0.0002547075687828711,1.2232760269538607,0.0017331570260605573,0.0,263.29115132692846,-0.0004579858896506709,0.0017369538893747165
1958-04-29,-0.010654052224873149,0.0002537988505121005,1.2079629844191384,2.0995041576482482e-05,0.0,262.9936181515624,-0.0003499663250762864,2.228715316223932e-05
1958-04-30,-0.014756377849538448,0.0002529199345637176,1.1825394854931734,9.009416746554403e-05,0.0,267.4275288806348,-0.00039424550440688593,0.00010015593933483379
1958-05-01,-0.01818819945983294,0.00025201786709370586,1.1534501989907016,0.0,0.0,271.03438795129233,-0.000633785117017684,4.351138045421976e-07
1958-05-02,-0.02000964163555264,0.0002511456019460819,1.1211006466278248,0.0,0.0,272.92629495178915,-0.0007860751054381247,8.490424647789041e-07
1958-05-03,-0.021429584524725792,0.00025398557805745615,1.0822434362494116,0.0,0.00025297589810554594,273.9674539152961,-0.000813692508233806,8.604094432484999e-07
1958-05-04,-0.01956908362733442,0.0002724536731418244,1.0352884353666434,0.0,0.0014189619171080616,275.10637035118435,-0.0008777011933047221,0.00037596160971705594
1958-05-05,-0.020582931695011377,0.00028519517621078064,0.9903927675523776,0.0,0.002357761843898202,274.20477929986356,-0.0009029629603449234,8.928373371316552e-05
1958-05-06,-0.02096205057397401,0.00042100427514415686,0.9395179533015536,0.0,0.007320591411684867,277.48008249573786,-0.0008472449561886195,0.0005420779104272457
1958-05-07,-0.0063005410934572174,0.0010561638295987232,0.8840853876088749,0.00048763538568706837,0.00971026306098464,275.56459988308495,7.44088221404512e-05,0.004721284855552053
1958-05-08,-0.012491008740360455,0.0010329478204587086,0.8462035902924906,4.636710983211712e-05,0.008247348169485729,275.44992442229824,-0.0003557638870289097,0.002797109881934527
1958-05-09,-0.01466788002158289,0.0009981432540268548,0.8045314063235642,0.0,0.007976578538027187,275.6938999089818,-0.0004410210070805362,0.0015055313285461257
1958-05-10,-0.021723596010841218,0.0009491019329782261,0.7563067362582392,0.0,0.009073274220618825,276.80510060441475,-0.0007152825299292635,0.0002175431858288795
1958-05-11,-0.02511153921569135,0.001078460091924937,0.7060889407515303,0.0,0.010413619379202526,278.17697536877995,-0.001012915692760446,6.558611690414152e-06
1958-05-12,-0.03775913381980638,0.00043882547462053894,0.6571270211717279,0.0,0.006640867851043152,278.44707153521466,-0.0019194344321718322,0.0003574571871479486
1958-05-13,-0.016420950913159864,0.0002955253009742263,0.6337814762093927,0.0017741503309732104,0.0012386214556330342,273.8813407380702,-0.0010712749750937448,0.0031671507067999763
1958-05-14,-0.008198591654246811,0.00027297117279074287,0.6400006252942562,0.0026702026778695274,0.0006162327014457035,272.82132146946685,-0.000640980615201643,0.003527530674207009
1958-05-15,-0.007691916983343114,0.0006141516953538367,0.6496832608727637,0.0025470658168617617,0.0032505193504236514,273.6309723467926,-0.0003559584176893962,0.006012683887934695
1958-05-16,-0.013625332443727614,0.0010247925917307537,0.6433018111464219,0.0008870148347259242,0.006314361731042971,275.2733637707382,-0.00042405511952389437,0.0028320775530091516
1958-05-17,-0.02017925431330999,0.0011262973654741623,0.6072039415607345,0.0,0.008702828659344528,277.1175935425552,-0.0007264032318009497,0.0012764502211479146
1958-05-18,-0.016364919726794724,0.001457424318723086,0.5702462923728815,0.0,0.008510730971219177,275.3768379153954,-0.0004966343400505303,0.0016003508183460992
1958-05-19,-0.020932239706570148,0.0025174371940267963,0.5299382613877119,0.0,0.013588097114852593,277.5167187584771,-0.0003839893171847877,3.5391520645658855e-06
1958-05-20,-0.021993396730072758,0.004149881375711517,0.4780015963394538,0.0,0.01794201320847549,279.8572585183124,-0.000302287607879962,0.0006233473282026133
1958-05-21,-0.020557553544219606,0.005761670359110429,0.4209945305143597,0.0,0.019414324102933797,280.3974222301764,-0.00016854139371106857,0.0025784290779781883
1958-05-22,-0.01691476731313824,0.006296905588969,0.3658438070121233,0.0,0.01840805744299781,279.48522345045416,4.703294759416311e-06,0.00472201720717935
1958-05-23,-0.019722192006259315,0.0054405122827001886,0.3154752052436441,0.0,0.017099199553499114,280.7583441761254,-0.0005909015324577101,0.0026879370361115734
1958-05-24,-0.007924496411940473,0.00967729992448947,0.2710947155278955,0.0,0.013908811818576804,279.24903255397993,-0.0004133955380842511,0.012923751839226541
1958-05-25,-0.017385931212013053,0.005252297651969781,0.23570145141831453,0.0,0.013319499264497542,281.33536054679456,-0.0008979910079621326,0.0035797036731261256
1958-05-26,-0.02414822936226419,0.004291907963106188,0.20239832531485405,0.0,0.010219060789562216,281.91529400425,-0.001371091089637603,0.0028093789466684315
1958-05-27,-0.018506681051968184,0.007340632421148699,0.17471434167549435,0.0,0.010171962533630221,281.2391673948356,-0.0012142181049211553,0.005661492382574133
1958-05-28,-0.027142906130033697,0.004092029932528566,0.1482193366731403,0.0,0.009829033839668933,283.04780849808805,-0.0013269763808213385,0.00016248825579571186
1958-05-29,-0.02777958522408696,0.004676181381031619,0.12155973215336631,0.0,0.009130794007731024,283.6146113760279,-0.0014400453711886194,0.0016939727505086153
1958-05-30,-0.025991066069589498,0.004096757052308422,0.0992987968602872,0.0,0.007345635380785345,283.9227690975096,-0.0014282296501142158,0.001255809755648597
1958-05-31,-0.00898951300456699,0.008004750993292212,0.08158917615642655,3.890676350243348e-06,0.0070964480397728204,279.44365617066006,-0.0014604171580177244,0.011311234269686856
1958-06-01,-0.021720883746941887,0.005762595409727366,0.06248505730637948,0.0,0.0067153073805200185,280.3778672945702,-0.0017331273605426156,0.004799810996764393
1958-06-02,-0.022714149480485647,0.005031324460008051,0.047309487552966115,0.0,0.0061066157821208075,281.1034435552392,-0.001914202114619778,0.002106582310235174
1958-06-03,-0.0123043616781127,0.010040092518774132,0.03215575712099812,0.0,0.006360958040939212,281.1927736070421,-0.0017796818398486424,0.010703194613207071
1958-06-04,-0.022684808378502477,0.007147085195207326,0.019405271598399252,0.0,0.0028254917828039934,279.96865549464684,-0.0021593771285593174,0.002545459167515096
1958-06-05,-0.024430047531249163,0.006889460534699219,0.013457619762241057,0.0,0.002929243601143023,281.09659311686084,-0.002179881163194018,0.00047697825620403403
1958-06-06,-0.026189710923844138,0.006281922092545504,0.006758695268361583,0.0,0.001909622533173211,284.5101343431491,-0.0022523357127766826,0.0005036616055978893
1958-06-07,-0.030301306964987416,0.0058201734965803945,0.003334289665725048,0.0,0.0009034503735391434,285.3481195812621,-0.002429475607929257,0.00036406365491576124
1958-06-08,-0.020092069597567545,0.005975955118567257,0.001667144832862524,0.0,0.0005411936317460011,284.1307532926513,-0.002609431364778745,0.006073352559811652
1958-06-09,-0.030891414163476332,0.005108971969556001,0.0009912753060263655,0.0,0.00014592660854091753,281.7793259090848,-0.002967336536043108,0.0038459558693436607
1958-06-10,-0.01824067179429329,0.00486714304503748,0.0005406956214689266,0.0,8.324800995783618e-05,279.42841313608176,-0.0027034663474239874,0.006022033314245495
1958-06-11,-0.0189769011264467,0.004566636631044291,0.00045057968455743883,0.0,6.264591284390896e-05,280.0101969875185,-0.0020611261696381086,0.0013327246836795916
1958-06-12,-0.018351077359948457,0.004461717470891058,-7.3453647229951e-24,0.0,3.923313681688686e-05,280.2437566516539,-0.0023562748427108184,0.005910731338466277
1958-06-13,-0.010491659328088923,0.005175721594842815,0.0005370174199623353,0.00014845062952257147,7.250656684239706e-05,277.68753108870516,-0.00283542881577702,0.014281355728423664
1958-06-14,-0.010242349305058605,0.004371709658601191,0.002280944709274953,0.000791222256960842,0.0005197833571056862,278.85573656186324,-0.0029802270191537457,0.010509659341442788
1958-06-15,-0.01982485208302568,0.004168235565309471,0.002227151012241055,0.0,0.00022523547128095467,279.5191705024849,-0.0024454113632693133,0.005317025349638556
1958-06-16,-0.016883705463786584,0.004209542510199682,0.0012738071592514127,0.0,9.78844650721146e-05,278.6080531858455,-0.0022158815057180025,0.005180214219105931
1958-06-17,-0.02018480280698356,0.0041624171248937055,0.00045057968455743883,0.0,5.496110198861462e-05,279.3926781835754,-0.002585939384239205,0.007031629935202695
1958-06-18,-0.013341329907630123,0.004381051508046813,-7.3453647229951e-24,0.0,2.943804371828414e-05,280.3444701875446,-0.0031909710532948797,0.015729868512940327
1958-06-19,-0.009895987934985404,0.003867616929576896,-7.3453647229951e-24,0.0,8.985905323998403e-06,279.7168975047024,-0.0028937001854686417,0.008291464173672904
1958-06-20,-0.003851384555889388,0.006277059599504632,0.0013057615348399249,0.0006775427714916274,0.00029324222419221523,278.483261952517,-0.002813097194763227,0.027151930130134196
1958-06-21,-0.017181835142569355,0.004174983518271796,0.0021276096839689266,0.0,0.00023893892007359008,278.5376426531546,-0.00227220210188863,0.003355016245508122
1958-06-22,-0.023688698008572314,0.004380044627324336,0.0010027696857344633,0.0,8.98727336845829e-05,278.74262253712806,-0.0024918934730234123,0.001979899409705809
1958-06-23,-0.01735464727642846,0.005250339622551439,0.000360463747645951,0.0,5.292774593762759e-05,281.8200943258972,-0.002957812357841238,0.0114423373661586
1958-06-24,-0.006373488675739807,0.006097292664360866,-7.3453647229951e-24,0.0,1.2490519527661599e-05,280.0150690419975,-0.0032413608873378755,0.016469530584346158
1958-06-25,-0.02037650430943333,0.004399880935243294,-7.3453647229951e-24,4.978452698659089e-05,2.5953697619465112e-05,277.5260567530401,-0.0020641030449062418,0.0008216576892777351
1958-06-26,-0.027403859137478524,0.0044370394642070194,-7.3453647229951e-24,0.0,1.9586650328447593e-05,280.6427260612589,-0.002359717616043185,7.460442298716735e-05
1958-06-27,-0.03217957341401591,0.004428406640634699,-7.3453647229951e-24,0.0,7.2905404419548776e-06,285.56044650751323,-0.0028753987076760687,2.1428310219562263e-06
1958-06-28,-0.038242172512967715,0.004380419008475913,-7.3453647229951e-24,0.0,1.6576489486263297e-06,286.78191915609074,-0.0028941097043159994,1.7136334804490616e-06
1958-06-29,-0.03572059738433968,0.004317433820605952,-7.3453647229951e-24,0.0,3.766121163880085e-07,285.06593903220084,-0.0030294971509000003,0.0008136071623499644
1958-06-30,-0.024646220402529014,0.004256422152626987,-7.3453647229951e-24,0.0,1.41371609800953e-07,282.9736009515163,-0.002238192411381646,0.002239456195801103
1958-07-01,-0.031212975328924964,0.004127449740124288,-7.3453647229951e-24,0.0,3.1401882063871056e-08,281.9040191492343,-0.002503708299607207,0.00020847768433349955
1958-07-02,-0.02616296043503756,0.004021102425742285,-7.3453647229951e-24,0.0,1.197565073347361e-08,283.36666589223285,-0.0023920851743827434,0.0006549253302091193
1958-07-03,-0.019124843474835326,0.00399994942764778,-7.3453647229951e-24,0.0,4.125180217505848e-09,282.7139684960892,-0.002471176649596395,0.007120095942551188
1958-07-04,-0.008312325145901934,0.003967978354901244,0.0014772576800847462,0.0007076054011697823,0.0003102056597922482,279.294303868899,-0.0034280654232380753,0.012632603800224459
1958-07-05,-0.016863319749212537,0.0037859047705170804,0.0027053172080979287,0.00010489723987161778,0.0002520080592672704,277.7222356706465,-0.003045764788564316,0.0069332489147971
1958-07-06,-0.021017184912484922,0.003619174499296199,0.0014722001530131828,1.862645149230957e-09,0.0001347752361647827,279.1974205656465,-0.002368614198587372,0.002282614116575197
1958-07-07,-0.025214609916264053,0.0035077850360654846,0.0007724223163841809,0.0,8.255540061805209e-05,282.17462073791273,-0.0026733838863628734,0.0019602632003653314
1958-07-08,-0.022542285759233487,0.003399923275419548,-7.3453647229951e-24,0.0,3.091652093634094e-05,282.90162647556224,-0.0022641730173832957,0.0011717551397789252
1958-07-09,-0.02586652654207359,0.003309437278973854,-7.3453647229951e-24,0.0,1.0020189029348773e-05,282.69828783455546,-0.002594949793344164,0.001206376239377129
1958-07-10,-0.024259648164786866,0.0032816662290001994,-7.3453647229951e-24,0.0,3.455364603107259e-06,283.5509979765294,-0.002710295278094919,0.005112692882112192
1958-07-11,-0.026730575509327285,0.0031538900345732266,-7.3453647229951e-24,0.0,1.0698528613074354e-06,282.7167779092735,-0.002925434918011313,0.002158264959173097
1958-07-12,-0.03208925890720497,0.003067972801499448,-7.3453647229951e-24,0.0,3.0656824004178667e-07,285.70542962672346,-0.0031399963697218633,0.0024020255647628466
1958-07-13,-0.030360562947847076,0.002980287802421441,-7.3453647229951e-24,0.0,7.065423464370986e-08,285.47270266933407,-0.002702987447675675,0.0018863723584655358
1958-07-14,-0.01287760492940407,0.003459737967636626,0.01855767603872411,0.006426282669022932,0.0019960331462197385,278.7318443506676,-0.003500292588046379,0.022340021347063636
1958-07-15,-0.019213933476620475,0.0028582405572557183,0.024831538370998118,0.0,0.0019460543779666816,278.07066759012514,-0.002175339587074889,0.000566104374362924
1958-07-16,-0.025959811936327293,0.0027796097394436766,0.012045650158898306,0.0,0.0015034534373862597,282.1466983392863,-0.0024075004466846167,0.0002776514002158817
1958-07-17,-0.02721391841348282,0.0027062674026704777,0.004032918064383239,0.0,0.0006064240331366911,283.86102124661375,-0.0026066763442283295,0.0009911333100270417
1958-07-18,-0.020517675679619034,0.0029336649314158384,0.0012462206479519776,0.0,0.00020591647358937456,284.41476161331786,-0.0029151546058513353,0.007383677899245241
1958-07-19,-0.025517994906269225,0.002625693372413937,0.00011264492113935971,0.0,4.300285699003834e-05,283.73433509295046,-0.002601329900198064,0.0035513244611395283
1958-07-20,-0.02034507439298145,0.003326639112106151,-7.3453647229951e-24,0.0,1.239675586506472e-05,282.6533850725537,-0.0026562787003099582,0.009763066024339104
1958-07-21,-0.01815684379662498,0.00264021720589891,-7.3453647229951e-24,0.0,3.643754848652641e-06,282.46668104398054,-0.0027605435668917027,0.007704269188128589
1958-07-22,-0.02479511798270005,0.0024215282693421103,-7.3453647229951e-24,0.0,1.048763929787329e-06,283.88646157043803,-0.002618346526419039,0.00018958277621014308
1958-07-23,-0.029793389015278574,0.00244018469153151,-7.3453647229951e-24,0.0,2.582657471888483e-07,286.25281485146274,-0.002915869972084539,0.004440430918755527
1958-07-24,-0.010901457677453251,0.002530390091535062,-7.3453647229951e-24,0.0,7.27168247524628e-08,282.9848915825681,-0.0032557032234166975,0.011555557759991121
1958-07-25,-0.019349823900535284,0.0028584946346821762,-7.3453647229951e-24,0.0,8.250360435011697e-09,283.523622178762,-0.0026310773271709517,0.006637144334124155
1958-07-26,-0.01035182464257472,0.0028655084513001523,-7.3453647229951e-24,0.0,0.0,281.6479252673363,-0.0025959130334483704,0.01157475629095304
1958-07-27,-0.01728078238876526,0.0022804163775201574,-7.3453647229951e-24,0.0,0.0,279.8279299691123,-0.002579990316624359,0.002616809653662935
1958-07-28,-0.02543248560300655,0.002222832734301939,-7.3453647229951e-24,0.0,0.0,283.53761040064353,-0.002591061553165401,0.0003346343240950594
1958-07-29,-0.02216375838060164,0.0022789651559571088,-7.3453647229951e-24,0.0,0.0,284.69845345779106,-0.003079767786176865,0.00561220199486055
1958-07-30,-0.00836486352533944,0.004532779677439544,-7.3453647229951e-24,0.0,0.0,282.85130142671693,-0.0033756678839777154,0.024378368056410277
1958-07-31,-0.016311197336447442,0.0021965641759883214,-7.3453647229951e-24,0.0,0.0,282.60760126275534,-0.002644496685746363,0.002644989777036758
1958-08-01,-0.028201079048679373,0.0021520966695526902,-7.3453647229951e-24,0.0,0.0,285.07794038948595,-0.0026662493977001158,0.00044959682438306027
1958-08-02,-0.032664124575038415,0.0021582566580529944,-7.3453647229951e-24,0.0,0.0,287.20767578297415,-0.0027832726521764776,0.0017640957889313341
1958-08-03,-0.030546830914451577,0.0021248251031347593,-7.3453647229951e-24,0.0,0.0,288.0984893949692,-0.0027237060337753616,0.0005038865204576178
1958-08-04,-0.031696472674776606,0.0021038188435937052,-7.3453647229951e-24,0.0,0.0,286.6492191429641,-0.002623288481796192,3.658304106575621e-05
1958-08-05,-0.029652258938988728,0.0020883364529259464,-7.3453647229951e-24,0.0,0.0,285.23759086881876,-0.0025486517750189807,0.00017085735048580434
1958-08-06,-0.0319013631360679,0.0020696767474298427,-7.3453647229951e-24,0.0,0.0,285.3064818265524,-0.0025662135090784165,9.41875121679143e-05
1958-08-07,-0.03646147486853735,0.0020648613993057424,-7.3453647229951e-24,0.0,0.0,286.97040683221906,-0.0028820116556970412,0.0014629826006024801
1958-08-08,-0.03587465417587152,0.002028964838739169,-7.3453647229951e-24,0.0,0.0,288.7937499439649,-0.002825523689810166,2.785354623496734e-06
1958-08-09,-0.03217374541833576,0.002009383955244291,-7.3453647229951e-24,0.0,0.0,289.5889776053851,-0.002449552612747513,0.0003275747689773909
1958-08-10,-0.025146431673718043,0.0020998775285516083,-7.3453647229951e-24,0.0,0.0,286.2837603437923,-0.002595468350596684,0.007547266907611137
1958-08-11,-0.026077914583144218,0.00200001415559801,-7.3453647229951e-24,0.0,0.0,286.84192743678557,-0.002549305616083455,0.0027336172297779387
1958-08-12,-0.02769329445173511,0.001969861950577989,-7.3453647229951e-24,0.0,0.0,287.37293724376156,-0.0027143790118270006,0.0024358670581192607
1958-08-13,-0.032333499588872085,0.0019288318978864594,-7.3453647229951e-24,0.0,0.0,287.9035529587453,-0.0030597850080516385,0.00148769451801871
1958-08-14,-0.03492141982256356,0.0018961372348548333,-7.3453647229951e-24,0.0,0.0,288.09372785176714,-0.002828799303894663,0.0009891888975929206
1958-08-15,-0.031731099100772944,0.0018839544832369706,-7.3453647229951e-24,0.0,0.0,287.9538562616611,-0.0027224571933433164,0.0022541076449115126
1958-08-16,-0.03236418444726427,0.0018386812196613035,-7.3453647229951e-24,0.0,0.0,287.6321651221669,-0.0026680401521129798,0.0003946048392422996
1958-08-17,-0.03340058777965395,0.0018077576901279603,-7.3453647229951e-24,0.0,0.0,288.8190889376481,-0.002631169065075406,4.097903458816064e-06
1958-08-18,-0.023750850078413044,0.0027337379037997147,-7.3453647229951e-24,0.0,0.0,286.7316106340082,-0.0028385916977363116,0.012413908742026683
1958-08-19,-0.02199611269821555,0.001875444994134418,-7.3453647229951e-24,0.0,0.0,285.3738700665548,-0.003235160804611478,0.007682907815103977
1958-08-20,-0.016414328988662547,0.002021870033889167,-7.3453647229951e-24,0.0,1.031295054376462e-09,283.55918800583896,-0.0029336573124605385,0.011267516894951198
1958-08-21,-0.02312868745145151,0.00171841706259776,-7.3453647229951e-24,0.0,0.0,283.44828021234486,-0.002326347880949409,0.000853900013613566
1958-08-22,-0.015590243378264758,0.0031619395239878513,-7.3453647229951e-24,0.0,0.0,283.16132171544655,-0.0029016563111105885,0.013747404318509047
1958-08-23,-0.009707061121356017,0.0026105224749462756,-7.3453647229951e-24,0.0,0.0,280.926174350602,-0.0028474729003037436,0.012962677721249857
1958-08-24,-0.01565736422767747,0.0017161175692822302,-7.3453647229951e-24,0.0,0.0,280.67812635490003,-0.0024479555892152976,0.0038811612900177886
1958-08-25,-0.02219414917257546,0.002586804035693239,-7.3453647229951e-24,0.0,0.0,283.18396762265996,-0.0027575793933902084,0.007806899776797163
1958-08-26,-0.03209986167270586,0.0016384088555298285,-7.3453647229951e-24,0.0,0.0,286.36743349768574,-0.00247515928484289,0.0006506249728499696
1958-08-27,-0.03099778201957207,0.0016325565717988098,-7.3453647229951e-24,0.0,0.0,284.9605292232248,-0.0025473214675393483,0.001004092487918115
1958-08-28,-0.02810140665473238,0.001616525447974771,-7.3453647229951e-24,0.0,0.0,285.39004801446663,-0.0021987505635972754,0.0007741598759653139
1958-08-29,-0.021702993598024724,0.0016242517421474565,-7.3453647229951e-24,0.0,0.0,282.7304576148197,-0.00215342397259622,0.002047421989354171
1958-08-30,-0.024317500197281277,0.0016637047131856282,0.0005646039312617703,7.912239828015452e-05,2.1617828031717723e-05,279.07302764490277,-0.002865608513228974,0.005156392480353198
1958-08-31,-0.02654529177704773,0.0015756811125803801,0.000360463747645951,0.0,2.5842570315646587e-05,281.48306316799585,-0.0019940514601556594,1.788140480130096e-08
1958-09-01,-0.030857620729228197,0.0015632553962664415,-7.3453647229951e-24,0.0,1.604098426756886e-05,285.0837184561175,-0.002356828364022708,1.716613667213096e-06
1958-09-02,-0.029238550297621284,0.0015615665979978057,-7.3453647229951e-24,0.0,5.712837906880568e-06,283.9973517416112,-0.0023005016326988485,0.0011457391732148281
1958-09-03,-0.018937107028260743,0.0015390775466369373,-7.3453647229951e-24,0.0,1.8057450231185743e-06,279.2449080221173,-0.0014203993003752272,0.0001326487899500098
1958-09-04,-0.02261362750988222,0.0015262044587377776,-7.3453647229951e-24,0.0,1.650798202907972e-06,281.85481498201017,-0.0017733582542777738,6.73313263825425e-05
1958-09-05,-0.02397102614243825,0.0015244618647516114,-7.3453647229951e-24,0.0,8.046627044677735e-07,281.5995037596105,-0.0020581185817718506,0.0013072035124392736
1958-09-06,-0.026155641186708788,0.0014991596930444577,-7.3453647229951e-24,0.0,3.6590979934412215e-07,281.96945322615056,-0.0018172623263408912,7.156935101107659e-07
1958-09-07,-0.026949165399465184,0.0014848840438713463,-7.3453647229951e-24,0.0,1.755727212981316e-07,283.91278627183704,-0.002086128665944614,4.410743663640915e-07
1958-09-08,-0.03014209235118608,0.001469816949407933,-7.3453647229951e-24,0.0,6.73288342642919e-08,286.83458326451074,-0.002021180013310438,5.707902423406053e-07
1958-09-09,-0.02457511614439852,0.001484219047982814,-7.3453647229951e-24,0.0,2.0226011168485308e-08,286.21885145586094,-0.002010312457542635,0.0024710711786302473
1958-09-10,-0.02528168425216513,0.0014681569432134682,-7.3453647229951e-24,0.0,6.187770326258773e-09,284.7056667234489,-0.002236944391776276,0.0022971032366240767
1958-09-11,-0.026688273764599518,0.001441712096586066,-7.3453647229951e-24,0.0,0.0,285.1447152319152,-0.002285408671671725,0.0017290874220775884
1958-09-12,-0.027469824936430333,0.0014105314588816155,-7.3453647229951e-24,0.0,0.0,286.7970475450074,-0.0018423246640690979,0.00024473914656725313
1958-09-13,-0.03162158057514557,0.0014096394097064175,-7.3453647229951e-24,0.0,0.0,284.3000775928102,-0.0025198615161375814,0.0018644039070749012
1958-09-14,-0.027748039297464885,0.0013802794076628604,-7.3453647229951e-24,3.0614730328489835e-07,0.0,277.04198339070757,-0.0015067542077036903,0.0004598590106929086
1958-09-15,-0.015014425888236635,0.0014110241232618776,0.00010827705685028248,0.00014753182981647344,1.0784147149425442e-05,275.07423808570184,-0.002040596542048589,0.005151277022755725
1958-09-16,-0.01840924355859137,0.0013529362819962585,0.0038483183262711866,0.0005305768700979524,0.00015212628085397732,275.85833004234877,-0.0017034067419794319,0.0009818646192760788
1958-09-17,-0.02162395419794961,0.001334296528902431,0.0028223299935263655,0.0,0.00019632590313752496,281.3249668688873,-0.0014963144552236224,4.412803195951084e-05
1958-09-18,-0.021997528982027777,0.0013211953774683895,0.0015172581214689268,0.0,0.000109284674212084,280.70725436668613,-0.0015042274138011504,0.0005516736654252613
1958-09-19,-0.026391957186709693,0.0013005318446347944,0.0012236916637241055,0.0,5.967526743977758e-05,280.53682903067096,-0.0016969428950194586,1.672279028822478e-05
1958-09-20,-0.02794394136990531,0.0012973669895344536,0.009346080140654427,0.002492561641722749,1.4812554006522659e-05,277.54108417460697,-0.002042547178765138,0.004052850486195021
1958-09-21,-0.023379484475669215,0.0012772642286483853,0.014895336776129945,2.062590108752924e-09,0.0006917074617356231,277.6384111501403,-0.0016353253832897224,8.52346317969932e-07
1958-09-22,-0.03156792460861853,0.0012612331048243463,0.009309757900776837,0.0,0.0006881318986415864,283.1999196557226,-0.0018679102314478262,1.6814341544904685e-05
1958-09-23,-0.03352575778624433,0.0012422157714595903,0.004688327595338984,0.0,0.0002949893222016803,283.4660640508217,-0.0018865784240812906,0.0003617179258727488
1958-09-24,-0.009053379086788091,0.0012519421887263067,0.03553763351871469,0.0118632668913421,2.274169760235286e-05,273.8266865035235,-0.0014367476842329326,0.015278525120119518
1958-09-25,-0.014466766667904828,0.0012317024550195469,0.08021812654484464,8.365560301953117e-05,0.0019238750834417882,270.96686166378964,-0.0013325027963620123,8.538497812311643e-05
1958-09-26,-0.01586853216091792,0.0011950368429981383,0.06478531257356404,0.0004734459233149298,0.00027131598632214435,273.5586106790662,-0.0013725252369534498,0.0005947882769698667
1958-09-27,-0.015033738803392078,0.001219641606686479,0.057273505546727874,0.0,0.003084914211583676,275.3170175318889,-0.001105107130261801,8.612583428657672e-07
1958-09-28,-0.0189772451580581,0.001191893960796507,0.03642430996939737,0.0,0.0021028946138034435,278.39517717307575,-0.0012048167034478512,4.351138045421976e-07
1958-09-29,-0.010121930159081175,0.0011494094032352255,0.02772007599164313,0.0009800153179357282,1.909104991430617e-05,275.21871564258066,-0.0008254681561289534,0.0012977031017541423
1958-09-30,-0.014615440436002226,0.0011358478311764993,0.03141505929260829,0.00010048082403543979,0.00014898649253750927,269.4547934307666,-0.0006250848751620385,0.00010191101128642822
1958-10-01,-0.008662436388980198,0.001128366606383674,0.030678959216101694,0.0026535634056659746,0.0003750413172157471,272.0878927550522,-0.0004928758904590445,0.0031013866602456726
1958-10-02,-0.012077488299817016,0.0011323693781922766,0.049089047419373824,0.0012753712550058205,0.00170949981205881,273.30872107899125,-0.0008346218415825382,0.0013341886336653097
1958-10-03,-0.016898934240058318,0.0011280084733909135,0.0366047717308145,0.0,0.0023037572680725217,278.04392952927986,-0.0011162192397619372,2.5800563889788464e-06
1958-10-04,-0.01984155375910344,0.00109871590541581,0.021618629354990582,0.0,0.0012068652816243093,280.4334388021696,-0.001249566811036929,4.4108350039095967e-07
1958-10-05,-0.021077000614950214,0.0010791473132742326,0.014007740775070623,0.0,0.0007827200921578597,281.15971653968825,-0.0013529472684456131,1.2834266271966044e-06
1958-10-06,-0.022483613573561954,0.0010609258871294013,0.008948834377942562,0.0,0.00044571776679680177,281.04737922251786,-0.001264518084751684,2.1475319158525963e-06
1958-10-07,-0.014965013343062106,0.0010548321540746312,0.006212252457038608,0.0,0.00017717746901983598,278.121377564195,-0.0012986613227065,0.0013570059889316506
1958-10-08,-0.014644834828578819,0.0010439459718553361,0.006433864097810736,0.0017166848026089752,3.8965010626167905e-05,274.9274835281228,-0.0012986916775083812,0.0033489539042699562
1958-10-09,-0.016268941389638827,0.0010201666651472535,0.03108149239347929,0.0033651106480487997,0.0,269.44777460331744,-0.0008963005996104015,0.0036964508268119253
1958-10-10,-0.011241888722120705,0.0010140086971433824,0.035626600017655365,3.593246647193608e-05,0.0005244935131342398,271.5835186299182,-0.0004955569261127273,3.592644707631257e-05
1958-10-11,-0.015412140069371562,0.0010119954408225368,0.030129068090866296,0.0,0.001137819383188156,276.1610407928065,-0.0009474657149722348,8.628531986687449e-07
1958-10-12,-0.01752753290584532,0.000999096928343261,0.02160046823505179,0.0,0.0010314661125510427,279.0818851672099,-0.0011663832570199914,4.351138045421976e-07
1958-10-13,-0.01820471179855745,0.0009837835858770682,0.014798324211393597,0.0,0.0007588157251393055,280.30979671586033,-0.0011657756769050988,5.5295936131881455e-06
1958-10-14,-0.01826016419688187,0.0009694293057177701,0.009399414062500002,0.0,0.0005457273310860673,281.3959512189732,-0.0012133735058418777,8.553265615773853e-07
1958-10-15,-0.019027308639833485,0.0009555129681603384,0.0060451241760828625,0.0,0.0003502329779883563,282.0660768067096,-0.0011942413040978762,1.7285346416429093e-06
1958-10-16,-0.018107394840420975,0.0009413679777565651,0.0038680886593691157,0.0,0.00012300020388964205,279.3153395248672,-0.0009489247817440897,8.454827593595837e-07
1958-10-17,-0.015771157744914128,0.0009307066599527997,0.0028848594191384185,0.0,0.00011098935231987368,277.28847569754794,-0.0010225256894436261,4.351138045421976e-07
1958-10-18,-0.017811059488751797,0.000920068493670663,0.0020579537429378536,0.0,0.00010153793303643243,281.6082336871189,-0.0010834055200303343,1.7091173845074081e-06
1958-10-19,-0.03140816302959529,0.0009089020517586316,0.001503464865819209,0.0,4.6712341113279105e-05,281.59694477304004,-0.0013967761296336935,8.553266184208042e-07
1958-10-20,-0.011591961617860419,0.0009031928865249548,0.04022366223811206,0.01884717953070409,1.7466770727082161e-07,271.1954394769758,-0.0007762952186798645,0.019608265801235838
1958-10-21,-0.009318003715094874,0.000888887519216807,0.19892725253060264,0.012408849567511662,0.0,267.180607959151,-0.0008229343588911209,0.012412107293786358
1958-10-22,-0.009329534056833235,0.0008934362459990939,0.20049600547316387,0.0,0.0010872891877835753,268.8256763486988,-0.0008087084854895112,0.0
1958-10-23,-0.010492490509809075,0.0008886860588849601,0.1863809071916196,0.0,0.001424359336579587,271.2695613329469,-0.000962758557818367,1.2998531815355818e-06
1958-10-24,-0.008677031360777085,0.0008837287708864374,0.17074073461040493,6.829740974189199e-05,0.0017273941282498634,269.2649508977341,-0.0007215359926981441,6.976950319608349e-05
1958-10-25,-0.0075944205377734995,0.0008734096746660222,0.1567486261917373,4.7900477203272156e-05,0.0015847971505027706,267.9204004722351,-0.0005748441000863658,4.846009157471738e-05
1958-10-26,-0.008369892667242362,0.0008694733266776564,0.14183880649717515,0.0,0.0019124692863663713,269.09277730248516,-0.0006673629895526138,0.0
1958-10-27,-0.008354611105501316,0.0008615028891859756,0.12622346177612995,0.0,0.0019223399586596733,267.80671950518075,-0.0006409871818150505,4.261732051702438e-07
1958-10-28,-0.0048393945993676695,0.0008456398033152866,0.11230767603872413,0.0005798859279708001,0.0013472980130358604,266.51745174788715,-0.0004481489922703997,0.000588233103859896
1958-10-29,-0.0077727539727916834,0.000833230335160164,0.1065342789989407,8.473989401159987e-05,0.0010149412930516874,266.3442384608497,-0.0005240252841327151,9.629441856664454e-05
1958-10-30,-0.009967264861373578,0.0008321454969503112,0.09636750014712808,2.692921855355387e-06,0.001482795239926058,268.19792892254907,-0.00045642853940779213,3.672252267093982e-06
1958-10-31,-0.012610096379188498,0.0008283757557303219,0.08318298684675142,0.0,0.0017126269512257332,270.5213692192753,-0.0005173430288747206,3.4423002261974034e-06
1958-11-01,-0.011291612844682684,0.0008162589228085879,0.070874575167726,0.0,0.0013803360867971756,271.7879981132551,-0.0004475468475013803,1.2881304201073362e-06
1958-11-02,-0.010647281162482872,0.0008057130258635613,0.06074319900541432,0.0,0.0011486447926631756,269.9253687562242,-0.0003321035212631953,8.612871056357108e-07
1958-11-03,-0.008439316124902606,0.0007827339199303234,0.056342690677966115,0.0006182259422237591,9.324033297387893e-05,269.95377664152966,-0.00034501246771233236,0.0006222610251037144
1958-11-04,-0.004989209148169911,0.0007766308420795506,0.06462623035840397,0.004606956331911734,0.0,269.74962108777294,-0.0005242042190863588,0.005204897069592718
1958-11-05,-0.0032013110858572407,0.0007713255235704326,0.09267918358639361,0.0021665276443890934,0.0002387398064641629,264.62938041471494,-0.000310709184340838,0.002173218130337773
1958-11-06,-0.006362500205888587,0.0007682468763179026,0.10400827411428906,0.00038697959928862797,0.00047779509450419477,266.67246828600065,-0.000406979451661056,0.0003884558455418733
1958-11-07,-0.006458914886086675,0.0007559821262197981,0.11896522076565444,0.007003106513602587,0.0,269.441317861812,-0.00044985438597067607,0.007684712099251049
1958-11-08,-0.006556149803649235,0.0007588072011699785,0.14417331501588984,0.00015985197519178447,0.0006899960065460475,267.1708137023696,-0.000463233229383237,0.0001654816717410222
1958-11-09,-0.007512465456111284,0.0007566288534530813,0.142846403822387,0.0015286051452496634,0.0009570487138241699,271.49511994255914,-0.0004493843101091304,0.0015759237854715683
1958-11-10,-0.005811379664698564,0.000752512933844227,0.13307985927201035,0.0013163083227677535,0.0009798927832457979,273.8729898521007,-0.000465749526175402,0.0016059270180656413
1958-11-11,-0.006249765302501829,0.0007363137720668384,0.20570318936852638,0.011410475808516736,0.000362322250075933,268.2780038794106,-0.0004720528068094604,0.01150482248104769
1958-11-12,-0.007607525225076298,0.0007410005661053846,0.2083468967013889,0.0,0.00105365552008152,265.67845485349613,-0.0004156223724538324,4.351138045421976e-07
1958-11-13,-0.007230723897616068,0.0007259194965416429,0.19635986787900192,5.956676046727068e-07,0.00041535243097334936,268.779372777418,-0.0005028899864288373,2.9388793208233494e-06
1958-11-14,-0.003027198383700376,0.0007141872314410021,0.2283790717690678,0.008548830714771303,1.9994495952196718e-10,267.7854426612064,-0.00027987246775189366,0.008575921695106188
1958-11-15,-0.0015806272457548453,0.0007088641494007435,0.2597858551082863,0.003955260087541268,0.0,265.45916187695866,-0.00018853238536476418,0.003961928183324575
1958-11-16,-0.001430683006337807,0.0007036123740471016,0.2997014679702213,0.004241333337826918,0.0,259.3896115010292,-0.00018601510989463936,0.004245246652053628
1958-11-17,-0.0016769765123809126,0.0006984896579031217,0.3384904017331686,0.003869601962088192,0.0,257.1043870678056,-0.0001570106520827881,0.0038734184275881498
1958-11-18,-0.0035845601120911078,0.0006934515500472765,0.3324232083480462,0.0003030771800016953,0.0,261.59419239353105,-0.00015532081199567873,0.00030465384834629377
1958-11-19,-0.0058715448709531015,0.0006884892949950224,0.32274540040901606,1.1531857110686223e-05,0.0,267.29725113920796,-0.0003525306402289935,1.4625022806984237e-05
1958-11-20,-0.006090289665817541,0.0006886404112907453,0.31401541902071567,0.00021690542751786398,0.00034028921002722057,270.2356916704196,-0.00034950704098084555,0.00021921254905673984
1958-11-21,-0.006619233406532956,0.0006871469276773054,0.30214448343338046,0.0,0.0005636850929698028,272.20668689993596,-0.00028894701709518324,0.0
1958-11-22,-0.006365992086755354,0.0006842293308279609,0.28995561330331926,0.0,0.0006825325137141061,270.9085921630572,-0.00039708132902949546,8.583068833445395e-07
1958-11-23,-0.004305760318276572,0.0006694305414533885,0.2868233948328625,0.0023371428672203237,0.0,269.5728741374618,-0.00039703844083567797,0.002361593608382797
1958-11-24,-0.004949063946635036,0.0006685333568497567,0.29028274334981174,5.588019635044249e-06,0.00024546428167887324,268.5527614658162,-0.0002769641578197479,6.600824885974701e-06
1958-11-25,-0.0036815374163584524,0.0006603207965355135,0.3186334010122411,0.0054295913731984505,0.0,259.44386743376714,-0.0004090827884478758,0.005446182127458783
1958-11-26,-0.002585149122833532,0.000655878482565368,0.33161009592749535,2.3489891640884056e-05,0.0,253.4080702320106,-9.84423904348228e-05,2.431056586951109e-05
1958-11-27,-0.0021298246110899974,0.0006514957732399978,0.3286999488729991,1.6595010703566383e-05,0.0,253.18817841984236,-0.00013719116584897715,1.9318835733760723e-05
1958-11-28,-0.004027924421480147,0.0006471809189198381,0.3261698060116525,6.4634628551827995e-06,0.0,259.15100815336586,-0.00018249002764117247,7.13504640396032e-06
1958-11-29,-0.0060541370494217525,0.0006430770381022308,0.32056307747763657,0.0,1.2329753256787016e-05,268.4651597807861,-0.0003774990985369952,1.2904405366498395e-06
1958-11-30,-0.0053260801202159825,0.0006392456717410331,0.31295379811087576,0.0,3.696803403439495e-05,270.21983207372176,-0.00036070507945819096,1.7182019291794859e-06
1958-12-01,-0.005271443665701117,0.0006370312076503949,0.3048047426730226,0.0,0.0001655264236664368,270.2666980398577,-0.0003019530052519114,4.298743988329079e-06
1958-12-02,-0.006960770378341783,0.0006321256948729693,0.2956034917166902,1.2556817066871516e-05,0.00011324314242702421,269.82812703666036,-0.000574568491744793,1.4555794058199196e-05
1958-12-03,-0.0034231770846803317,0.0006310766362874521,0.2905802178966572,0.001349207371641687,0.00025977021725164293,271.16822448198855,-0.00022739899676229997,0.0015923910697134816
1958-12-04,-0.0024761583256182698,0.0006223806722015985,0.32170056129354996,0.005947557125387892,0.0,263.3978403849341,-0.0003712646200158502,0.006025410102574248
1958-12-05,-0.001061102301724213,0.0006184199940686846,0.4237136409781073,0.006052354361209493,0.0,256.67741658772906,-0.00015329964732551307,0.006059070832535548
1958-12-06,-0.0009036667771258598,0.0006144989681782695,0.428110471104049,0.0007706363027715415,0.0,257.4890132767557,2.609079672118365e-05,0.0007741145663342233
1958-12-07,-0.001395207635090176,0.0006106524480938238,0.42634125617937857,0.0015995190347318597,0.0,264.5633064708243,-3.890740543098773e-05,0.001604144771893819
1958-12-08,-0.0018836098623141056,0.0006068141783698131,0.4579222943149718,0.004172392989282555,0.0,261.6621125144025,-6.952389843214703e-05,0.0041789687116818505
1958-12-09,-0.0023677430331370255,0.0006030437636510127,0.45740182880178915,2.1517234670240326e-06,0.0,259.12001260301264,-9.350856966049659e-05,2.7110010890637413e-06
1958-12-10,-0.0019329513533640718,0.0005992882500934063,0.450880837305791,0.0005869554555685507,0.0,261.86268093087585,-4.827453212886208e-05,0.0005907258239793339
1958-12-11,-0.0017483144325051603,0.0005955955402999275,0.49635306320621464,0.01067943389048684,0.0,267.96053279366646,-0.00013322076933868862,0.010684997584095756
1958-12-12,-0.0013982880081834094,0.0005919326328288364,0.5471913253295669,0.007953396351155589,0.0,264.7485078139943,-0.00018206955917642614,0.0079611541018298
1958-12-13,-0.0013581756818092478,0.0005883160284010031,0.5889485677083334,0.0014535082177927264,0.0,257.8585433852202,-0.00013839017263071686,0.0014572538681022066
1958-12-14,-0.0027784213086979536,0.0005847292262955574,0.5916607815442562,0.00019833336105454442,0.0,259.3989949917838,-3.9205091905459176e-05,0.00020135765685070685
1958-12-15,-0.003717871961620568,0.0005811738260721757,0.579745937426436,0.0,0.0,265.8815573891677,-0.00011550296245321717,8.64007233758457e-07
1958-12-16,-0.0036297966278878986,0.0005776697801331343,0.5635802418049671,0.0005675724333962478,0.0,268.53760885967824,-0.0002883702390274759,0.0005718457679633483
1958-12-17,-0.0025992156506258217,0.0005741863600951804,0.5512191858668786,0.000389419727574634,0.0,266.4491123012679,-9.453637620150032e-05,0.00039383124149995987
1958-12-18,-0.0030292287721472274,0.0005707600190814606,0.5391321559410311,0.0,0.0,269.36801608672926,-0.00011969849172621798,1.724099718103389e-06
1958-12-19,-0.004297718826660329,0.0005673311524471994,0.5353746432144539,0.002426561662706278,0.0,267.1158051140564,-0.0003728491996051902,0.002430605955711607
1958-12-20,-0.002396008262863267,0.0005639577652774962,0.5292752655661488,0.0,0.0,266.721470672981,-8.263087457856217e-05,1.289036333673721e-06
1958-12-21,-0.004585369200693012,0.0005606157799898569,0.518011003339807,0.0,0.0,268.2795457426887,-0.00017031200630011534,1.7136334804490616e-06
1958-12-22,-0.0019447479796948408,0.0005572985457835225,0.5186367573711159,0.0038005059300842935,0.0,268.01183510545064,-0.00014819340033214644,0.003810412078825148
1958-12-23,-0.0022219939757201633,0.0005540244155010936,0.5346780838041432,6.3385877568843e-05,0.0,263.41367339010293,-8.735943080510124e-05,6.681108205331921e-05
1958-12-24,-0.0026861843837183074,0.0005507832866604045,0.5255471784516244,4.919698346132613e-07,0.0,263.0614020568503,-7.293895307907277e-05,9.17507327936249e-07
1958-12-25,-0.0027080976356894286,0.0005475421578197157,0.5179516923405133,8.071167657604326e-06,0.0,263.1476619059532,-0.00010269593531634176,9.217504613951536e-06
1958-12-26,-0.003654111408244419,0.0005443573082234227,0.515775346486582,0.0006673190805871608,0.0,263.7918306555452,-0.0001612644284795233,0.0006704511055098442
1958-12-27,-0.0031308393693913173,0.0005411956101487586,0.5085285998558144,0.0,0.0,266.2024281496382,-0.00010946267784315314,1.7060154959835927e-06
1958-12-28,-0.002396577790295337,0.0005380702389162139,0.5107840270421375,0.002684310731072884,0.0,263.0738473163038,-0.00021334695445615696,0.002693959108378847
1958-12-29,-0.002331903256938956,0.0005349515184844281,0.5423140301318269,0.0008662350602069145,0.0,259.34995582278844,-8.208329373665449e-05,0.0008683376898086138
1958-12-30,-0.0006593959563869541,0.0005318775015362238,0.5420370155808616,0.001540052520353242,0.0,260.8793406872651,3.923871422891563e-05,0.0015441921237619668
1958-12-31,-0.0016938692095589502,0.0005288282356693247,0.5519994243614643,0.0003520509617476814,0.0,266.1660752880147,0.00010475170098792362,0.0003586319542638055
1959-01-01,-0.0011322843489673853,0.0005258021213240543,0.5469048853872411,0.004636712603818226,0.0,266.60290014047854,-0.00019925721200172511,0.004641828620909734
1959-01-02,-0.0008847703367976819,0.0005227991585004128,0.6008360552024483,0.0013137454703702766,0.0,250.86501900983623,-0.00023960565232624445,0.0013187989338966952
1959-01-03,-0.0004157290115194806,0.0005198275975588351,0.6053977147334041,0.00012441314125465134,0.0,243.91790245616505,-4.7787066317547525e-05,0.00012775469921530588
1959-01-04,-0.0011347516697678864,0.0005168991405411628,0.603998159060146,3.36389504583542e-05,0.0,243.24456832009295,-3.1411795124495774e-05,3.4769241316897514e-05
1959-01-05,-0.001976215191143381,0.0005139472794398076,0.6008772050818033,1.074196928638523e-05,0.0,257.1123378128655,5.095276329140205e-06,1.3601365046814746e-05
1959-01-06,-0.004090929856408115,0.0005110850778676697,0.5925630903513418,0.0,0.0,265.11590558930305,-0.0001700665212452075,8.70227722771233e-07
1959-01-07,-0.004023332590773955,0.0005081896222917374,0.5799886987258711,1.4325656459829901e-05,0.0,264.4426288317377,-0.00017967477630255588,1.674117676029093e-05
1959-01-08,-0.004004800850051945,0.0005053610956601504,0.5693973174876413,0.0,0.0,265.06645217004694,-0.00010552307811834045,4.351138045421976e-07
1959-01-09,-0.0040722829473894195,0.0005025243186681284,0.5590218007003297,0.0,0.0,268.1257898219337,-0.0001540363234820339,4.410743663640915e-07
1959-01-10,-0.004169877429129714,0.0004997281199794705,0.5475628236817326,4.842877388000488e-07,0.0,270.2379220757781,-0.00018635163304664323,9.089707759812882e-07
1959-01-11,-0.003994961579640707,0.0004969699739736354,0.535569128119115,3.3813849680841303e-06,0.0,268.6981824167255,-0.0001718106990059217,6.26338317740043e-06
1959-01-12,-0.004448116920088644,0.0004942216778879112,0.5251660248205038,1.5746402201679466e-06,0.0,270.46935277963985,-0.00013846847212920755,3.723306783971782e-06
1959-01-13,-0.002529259834249141,0.0004915231365268514,0.5211091984463276,0.0028461505169585597,0.0,270.44379138766936,-0.0001619102191285225,0.003200444663209484
1959-01-14,-0.0022796280471618566,0.0004887913411619974,0.5834668980255414,0.00846196027041155,0.0,263.2347054741926,-0.00037799746661031314,0.008470201896408857
1959-01-15,-0.001964846026089232,0.00048610584884040104,0.6356477036987995,0.0005757930336025476,0.0,254.6910280346197,-0.00014111675364149494,0.0005773357582954901
1959-01-16,-0.0015241337445496168,0.0004834552100822751,0.6526472016242939,0.0041471643973205055,0.0,263.4468971546985,2.3249957689457695e-05,0.004151065285562364
1959-01-17,-0.0030966857395603163,0.00048082107204501913,0.692689252663018,0.0044557470302123816,0.0,264.16706495051557,-0.00023802137265434376,0.004470644983765823
1959-01-18,-0.004663758948024384,0.0004782018351689571,0.6929352323887713,0.00400885514451959,0.0,266.2147911883568,-0.00025929730532869784,0.004066326890410558
1959-01-19,-0.001925372639618351,0.00047560734937420005,0.7179711408309793,0.004090546193601048,0.0,260.8360735467599,-0.00019746876747931465,0.004097092592901377
1959-01-20,-0.000737695412783973,0.0004730591666227007,0.7985899614524482,0.005094644503068116,0.0,255.48727499967242,-0.00018014750406566987,0.005100341115865384
1959-01-21,-0.0020851000806706103,0.0004704779824294614,0.8397297257532956,0.0002008638434154166,0.0,250.15794339512252,-6.992086810244005e-05,0.00020085805553500936
1959-01-22,-0.0019301008959274506,0.00046795800244067346,0.8359161204537431,0.0010640600769870026,0.0,256.93812773681185,-1.577894061298694e-05,0.0010677752016627856
1959-01-23,-0.004709413369833413,0.00046542472085036804,0.8351591006061677,0.0009129640914626041,0.0,265.396750053219,-6.447756652441402e-05,0.000915933160356263
1959-01-24,-0.005393351791268689,0.00046292124158245026,0.8074270704596281,0.0001999793290081671,0.0,268.8300350462201,-0.0002399521306325487,0.00021261123272825765
1959-01-25,-0.005357200479776846,0.0004604773669593079,0.7811755164194916,0.001509819453382223,0.0,267.1642939537034,-0.00036438077814498197,0.001517768157510471
1959-01-26,-0.00397955727274135,0.00045797548725106627,0.766923635019421,0.0005380767634359457,0.0,263.04999670470505,-0.00021184427337457906,0.0005440023322563388
1959-01-27,-0.003665613757688447,0.0004555630145099877,0.7516020866437148,6.230175495147705e-05,0.0,262.7531463134536,-0.00011024623056926297,6.941057946917554e-05
1959-01-28,-0.0034891004111133727,0.0004531372401673915,0.7370485927201037,0.0006638925711987383,0.0,265.0807339116903,-0.000147025274523234,0.0006921933026514753
1959-01-29,-0.0023063444821848035,0.00045072316786663687,0.733009467690678,0.001857557518165664,0.0,260.63369151832023,-0.00023426163394404,0.0018626919006181706
1959-01-30,-0.0029857780805415354,0.00044834369656729833,0.7449284497851931,0.0004083671222972332,0.0,258.56329954546055,-0.00015880246409925364,0.00040879192315123155
1959-01-31,-0.0021433104566261595,0.00044597752686947753,0.7363186996086395,0.00045683950522525167,0.0,256.5087188893119,-6.606254600367304e-05,0.0004604760367941823
1959-02-01,-0.0020805626770870837,0.0004436494098544795,0.7386499897010359,0.0004085582486316983,0.0,256.56651312617936,-7.36196814788937e-05,0.0004164009275287153
1959-02-02,-0.0038794006331492282,0.00044131464203872253,0.7332533784280839,5.4468311327325425e-05,0.0,257.9006918962842,-5.6730599095255644e-05,5.489545690137788e-05
1959-02-03,-0.0025177713336244144,0.00043900967654535335,0.752754972928437,0.005740826665344885,0.0,261.8420187847763,-8.179386288432752e-05,0.005745321377420211
1959-02-04,-0.0025827933923672822,0.0004367145609720953,0.9077530050906308,0.015386460696236564,0.0,260.680922366356,-0.00027756053049348843,0.01539150287871474
1959-02-05,-0.0020746843373708134,0.0004344476481615487,0.9522626916342986,0.0017917289025029222,0.0,254.99976752617042,-0.00018094065414983674,0.0017984985449510209
1959-02-06,-0.0038920722607165407,0.0004321972360718722,0.9548861688588748,0.00023372820710058272,0.0,261.1269063967545,-4.2174953314880866e-05,0.00023615420829273872
1959-02-07,-0.001833778527160149,0.0004299452244225195,0.931661774658663,0.0002643808217371925,0.0,261.4199685816936,-8.15070891952784e-05,0.0002702977523002294
1959-02-08,-0.002072071246171402,0.00042770121057154767,0.9225053517831922,0.0014747393627961478,0.0,261.2186449162255,1.336215327015031e-05,0.001480771743750167
1959-02-09,-0.0015647307375056597,0.00042548725160501775,0.9168855196563088,0.0015632542176435222,0.0,258.61908735214206,-0.0001966960012576001,0.0015678726851253723
1959-02-10,-0.0033889694907570963,0.00042332784604218047,0.9267313754266714,0.0005783238316659873,0.0,257.0691947613733,-0.00015406076412248073,0.0005793171243680531
1959-02-11,-0.004089726356126495,0.0004211617896785845,0.9113684472840159,5.895947500810785e-05,0.0,260.355724798084,-8.29653456638762e-05,6.215732302913538e-05
1959-02-12,-0.0057389465934139195,0.00041900398367542333,0.8907847718779427,2.1958460578810702e-05,0.0,263.32227979900705,-0.00020365852147004028,2.4242158649113116e-05
1959-02-13,-0.0026871628512096946,0.000416867729634215,0.8886750934263183,0.0035100934111465844,0.0,261.07059452538215,-0.00021716074144604515,0.0035157235719411625
1959-02-14,-0.006264630473602963,0.0004147628774750704,0.900443039371469,2.738193603558729e-07,0.0,260.3187099463971,-0.0002218273568288081,2.838308838019174e-06
1959-02-15,-0.00710785195315625,0.0004126266234338621,0.8810589174317327,1.4269756058515131e-07,0.0,265.28862893199744,-0.0003282973321817689,1.1501499839809607e-06
1959-02-16,-0.004715878832138191,0.00041053667243591134,0.8578970526571329,0.0003161249777018014,0.0,267.18982165636544,-0.0001970181652044846,0.0003198241056224373
1959-02-17,-0.0016545674810975284,0.000408425169476008,0.8737779175494351,0.006827248186714905,0.0,264.92300310871246,-0.00021325355385151286,0.006832680611196184
1959-02-18,-0.0025982649649603897,0.0004063336189183812,0.9391627769685736,0.002861667319206195,0.0,259.4613911616151,-0.0002335272887248104,0.0028672150972872804
1959-02-19,-0.003256335854530335,0.0004042633677606529,0.9293148522098635,0.00011221875073546071,0.0,260.5893552101265,-5.343004976962246e-05,0.00011797850404626211
1959-02-20,-0.004815475036532192,0.0004021734167627022,0.9139533033927733,0.00021868670559198848,0.0,261.74298180474176,-0.00010108299511300643,0.00022100728625641468
1959-02-21,-0.006376810329782087,0.00040010981640573273,0.8962390849370292,0.0,0.0,262.1879995924381,-0.0001857239637250281,4.327318379182543e-07
1959-02-22,-0.004489184772900942,0.0003980611172099572,0.8777016390065915,1.2722097884463726e-05,0.0,263.062226412211,-0.00013130555971194123,1.3709775369773263e-05
1959-02-23,-0.00495050477106019,0.0003959975168529877,0.8606384622175142,3.6114647900317354e-05,0.0,263.02112233436713,-0.00013112036332403875,4.075119519811933e-05
1959-02-24,-0.005590230226516724,0.0003939900694593871,0.8451440383709983,1.0636166832541344e-05,0.0,262.0139379303783,-0.0002350970934339836,1.2629626122800847e-05
1959-02-25,-0.0043105652692627784,0.0003919546718651292,0.8318186039754002,0.0001823681348797965,0.0,261.95396106885204,-0.00013788390673149777,0.00018393761016048272
1959-02-26,-0.004729655418692336,0.0003899456249118525,0.8296183498116761,0.0024913248663904976,0.0,264.023730919186,-0.00024189220183649983,0.002512605746262888
1959-02-27,-0.0038052777954414073,0.00038798448056150966,0.844652768582274,0.0016960540397019039,0.0,261.43849702967987,-0.00024824480047333714,0.0016995427298566854
1959-02-28,-0.006398226371255972,0.0003859820844089918,0.8701185668255651,0.002731061293243689,0.0,264.6150021813459,-0.0001638196513982816,0.0027423317023006397
1959-03-01,-0.0077871846950660325,0.0003840094905788616,0.8559255366495999,1.5231259798599502e-05,0.0,269.07273600734555,-0.00020628177303042117,1.821116203466716e-05
1959-03-02,-0.006430097345241719,0.00038208479935166525,0.8792715413871234,0.006112003414812735,0.0,261.9514523809688,-0.0006647727341722635,0.006282047074165095
1959-03-03,-0.0031519634070369482,0.0003801369566028402,0.8800012046109934,0.002897637712079927,0.0,262.449894547687,-0.00012775112764310028,0.002905337852053494
1959-03-04,-0.002846880905372275,0.00037822051573607886,0.9099564776806733,0.0038413793943022603,0.0,259.3081167619781,-0.00020662932998716496,0.0038470140964784673
1959-03-05,-0.004332510301959043,0.00037631072567007636,0.9318615469779896,0.0005507642392721554,0.0,258.357828603626,-0.00015756496265109652,0.0005603963861310051
1959-03-06,-0.004005834249790105,0.0003744158367652678,0.9456419289224343,0.003093499079935969,0.0,262.53666625947824,-0.00014539581781390025,0.0030973668476083397
1959-03-07,-0.0037824211821044238,0.0003725291982208942,0.9457800913665255,0.0013728541464118637,0.0,263.1443487515782,-0.00015868902164327224,0.001377240832639948
1959-03-08,-0.005960773950242727,0.00037067396155858446,0.9643768482962574,0.0030099355989256825,0.0,263.430994303213,-0.00028029227324124784,0.003016247705448873
1959-03-09,-0.007033923882885843,0.00036883202649779244,0.963606035193032,0.0013668533561930147,0.0,262.0296201975332,-0.00045125136983259923,0.001422739079340757
1959-03-10,-0.004430493350419621,0.0003669916909966765,0.9681711430379001,0.0037751995279627333,0.0,261.37048414916416,-0.00028965677960781055,0.003780172908271154
1959-03-11,-0.004121287857408578,0.00036515135549556064,1.0130520980461393,0.0030642308000117377,0.0,260.1946561062628,-0.00021694960483049943,0.0030701880232762487
1959-03-12,-0.006796424335005593,0.0003633639738384614,1.0134898040254239,0.0003422075451093879,0.0,265.1652599305981,-0.00017115691582025112,0.00034655379403565384
1959-03-13,-0.004031815266205093,0.0003615451902992982,1.0246922264889362,0.006993385252811141,0.0,265.774114985924,-0.0002640038939182368,0.007015689550797307
1959-03-14,-0.004015487760810529,0.0003597527574011162,1.0928440129914079,0.006671693281265301,0.0,260.8754988740393,-0.0004211377541897661,0.006682358421072503
1959-03-15,-0.004876922879178646,0.0003580167300283572,1.121256740304261,0.0012738018344014379,0.0,257.7003210358701,-0.0002976209030481382,0.0012829333166913307
1959-03-16,-0.006302794578385219,0.0003562391982913691,1.1080159045433147,0.0010006524369878284,0.0,263.5178386523001,-8.508765091330319e-05,0.0010083350811502338
1959-03-17,-0.011519654911790193,0.0003544882697574163,1.0844335753589924,1.1314780025158899e-07,0.0,268.82582197889775,-0.00026645092556705583,2.680316960178796e-06
1959-03-18,-0.008568934506952426,0.0003527703426652036,1.0503131988582866,0.003448207920553994,0.0,269.7858792141557,-0.0005230762716908914,0.0035701159029121183
1959-03-19,-0.008197018445211616,0.0003510359148521208,1.0443165809645716,0.0006603219962052707,0.0,265.68536384137116,-0.0005329783563896762,0.0006690356521606983
1959-03-20,-0.007599525069449582,0.00034932623812034306,1.0537725473752353,0.004061309189277855,0.0,263.3617440742737,-0.0005206984841385803,0.0040688556803148345
1959-03-21,-0.012267677881623392,0.0003476463637109531,1.0406243563147364,0.0,0.0,267.5294828181438,-0.0003936179192726222,4.351138045421976e-07
1959-03-22,-0.013736104476923324,0.00034596329018221064,1.014574643582274,0.0,0.0,269.19044630765467,-0.0006223581468233955,8.52346317969932e-07
1959-03-23,-0.008856872338696389,0.0003443015160533668,0.9896171268096752,0.0016546724416778588,0.0,268.89146344315986,-0.0005018583704101837,0.0017169112414076849
1959-03-24,-0.00471819444733151,0.0003426367953672247,0.9798269038370998,0.002456609201801699,0.0,267.0740926063667,-0.0003059539407239122,0.002553384536398747
1959-03-25,-0.005916912592737016,0.0003410178726002322,1.0077044528307442,0.004690521138872804,0.0,266.6165144465962,-0.00036391816864916166,0.004768459473626088
1959-03-26,-0.010731078305486908,0.00033936620095355367,1.0039340663988936,0.0002593604353188122,0.0,266.4339250180232,-0.00035603949537048237,0.0002605817747978704
1959-03-27,-0.010163032444520185,0.0003377360812688278,0.9846196004001884,0.0012126400182812904,0.0,267.36537367969805,-0.00034648954531567246,0.001223886501203957
1959-03-28,-0.010752361751882369,0.0003361323122250832,1.0181413496056968,0.004914180601889131,0.0,267.32503709236335,-0.00044911709945585774,0.004934747794824859
1959-03-29,-0.008684660418558929,0.00033453679354177366,1.00349475120645,0.0023347821802237614,0.0,266.7668297331212,-0.00042641093943920514,0.002365093180457547
1959-03-30,-0.007826019773038768,0.0003329479256592228,1.0239122178819444,0.0028564861349466833,0.0,265.390779649695,-0.0004217381099775686,0.0028709049615433095
1959-03-31,-0.008179101608904069,0.00033137395893786584,1.0236761233227403,0.0034032871073248695,0.0,267.2349866806002,-0.0003211048331722028,0.003418533175633102
1959-04-01,-0.011959099752754818,0.00032981741899824413,1.0205979284369116,0.0001753947071436435,0.0,270.833649073168,-0.00044075995262733296,0.00018131348109443545
1959-04-02,-0.007930399334363345,0.0003283287340638328,1.008089054775777,0.008608053780376575,0.0,271.3387563601277,-0.0005908758763623776,0.009297810228528922
1959-04-03,-0.014317161240483411,0.0003267297636991167,1.034118307512359,0.0006824839797060369,0.0,268.5387093100395,-0.000650890939737444,0.0006844917934615739
1959-04-04,-0.01621857710645697,0.00032521540162253515,1.0123369177407016,2.7920735084404387e-07,0.0,272.85186367789237,-0.000678313280439983,0.00047850603256602184
1959-04-05,-0.016432478350434602,0.00032373909222877635,0.9919716355490821,0.0009612255429817458,0.0,273.64091573596676,-0.0006622398893038433,0.0017133182225372732
1959-04-06,-0.01170269008410179,0.00032525875810849464,0.9597510501265302,0.0008732908863132285,0.00010575743465773805,274.2795276067127,-0.0008663091292909984,0.0024309364213256314
1959-04-07,-0.010654497744336642,0.0003206920152330129,0.9403448589777542,0.0003500476184874605,0.0,264.6625247531467,-0.0013782387167888847,0.00035253490107229246
1959-04-08,-0.005304480760784473,0.00031919415387730144,0.9453377876353579,0.0025944905513423985,0.0,260.69704351407216,-0.0005011054566182659,0.0025992133656883446
1959-04-09,-0.006329798260651067,0.0003177343452044126,0.9727298140301319,0.001624305664146014,0.0,259.286770082463,-0.00046062337939685346,0.0016295349193831625
1959-04-10,-0.007313115532788853,0.00031626468661141266,0.9957463898452213,0.00202866332174021,0.0,259.54492382186055,-0.0004000840971698869,0.0020360032211921716
1959-04-11,-0.008097514215498995,0.0003148213786593939,1.012795773378649,0.0007343513859530628,0.0,260.21972434623996,-0.0004242996574710992,0.0007384592193618434
1959-04-12,-0.016716810564200085,0.0003133698203469401,1.0081416990348402,1.0613499388182906e-06,0.0,265.189848499334,-0.00035112918391402837,3.209589096955711e-06
1959-04-13,-0.01852111989832194,0.0003119464647971978,0.9951415555849813,0.0,0.0,271.4004864270629,-0.0005898205352957639,0.0
1959-04-14,-0.019146264988487052,0.0003105412095280017,0.9755822592984935,9.036691343716983e-06,0.0,272.5108258234804,-0.0010490677672001603,0.00014812304716272948
1959-04-15,-0.01432846234006397,0.0003092503648693279,0.9586388539459746,0.0005541851081080357,0.0,271.1875748786998,-0.0008303524800023789,0.002412736685257588
1959-04-16,-0.004977618528287963,0.0003077408014717749,0.9981999801377119,0.013051357899008497,0.0,267.2594664119282,-0.0007300978936886385,0.013224642929978185
1959-04-17,-0.007028115039828134,0.0003063355462025788,1.081406415519068,0.002916041972105113,0.0,263.2285724395637,-0.0004334418934448964,0.002920428507740629
1959-04-18,-0.004790796440536693,0.0003049667440565293,1.0740166788047316,0.003478231045317515,0.0,264.94296975144783,-0.00017242463526584336,0.0034815232127399774
1959-04-19,-0.004353638843627973,0.00030357479038885086,1.1551941262800143,0.011590694850784239,0.0,265.1214951014115,-0.0003475505795519231,0.011595396672265005
1959-04-20,-0.00463719518676316,0.0003022373901248652,1.2032445415489643,0.0023962562998472636,0.0,263.70484297513514,-0.0003758405445743415,0.0023994883575008414
1959-04-21,-0.012169520228596058,0.0003008669884191395,1.1964348112346987,9.777976757725756e-05,0.0,265.65859666741727,-0.00028713521584447494,0.00010092878071777902
1959-04-22,-0.016328257145517965,0.00029954288975667147,1.1731421404190208,-8.31350094854495e-10,0.0,269.5961532305414,-0.00047781434183740345,0.0
1959-04-23,-0.01731598684511616,0.000298246993856915,1.1558833292873116,0.0013293527529738044,0.0,271.17977079114894,-0.0006336707958562226,0.001814050138904604
1959-04-24,-0.0077406048437969836,0.0002970240042034516,1.150337980740937,0.006110591677117483,0.0,271.97115179733595,-0.00035419289317339833,0.008188395715600406
1959-04-25,-0.011464956832134119,0.0002955870944901375,1.205918134269068,0.007785739324523904,0.0,271.82316320674346,-0.00039958965433182695,0.008250713432576023
1959-04-26,-0.010726261989208266,0.00033287552453703805,1.18684160193032,0.002447346856786033,0.0018915228419384715,273.87072190681647,-0.0005334408396044694,0.008145683667075578
1959-04-27,-0.013061626819567492,0.00029484868723120397,1.1625169657044494,0.004271955834438573,0.00012245426996279572,271.40307411007063,-0.001190395794261647,0.004695381653510918
1959-04-28,-0.012772702017409654,0.00029172390531011894,1.1617643137211628,0.0017080643335304693,0.0,269.9909989380343,-0.0009113066056269712,0.002250451842938854
1959-04-29,-0.016516549018143263,0.000290424557728956,1.148026920756827,6.8831157549626415e-06,0.0,272.6405516694495,-0.0007262641858667304,0.00024683529374289653
1959-04-30,-0.014557374778103694,0.0003035005371449358,1.114159650497293,0.0,0.0009992307020446002,275.8025339202019,-0.0005106970794120077,0.0
1959-05-01,-0.020301453685019653,0.0004673058030295507,1.06066618666137,0.0,0.01077119844023791,277.9747537084892,-0.0006806822756757846,0.0003709734495969007
1959-05-02,-0.020258512874107577,0.0004011837944472577,1.0045425788606404,0.0,0.006652001691403363,277.1914199139439,-0.0010099012699335984,0.00022458952411055072
1959-05-03,-0.005652215142371291,0.0003383887437103832,0.9882545830390772,0.00619942520213666,0.0009132364375443109,272.77171828562706,-0.0004704434866622343,0.00893306291186844
1959-05-04,-0.011299947434562748,0.00028689012015606726,1.0580420197740112,0.011411966513947578,3.871163826877788e-05,272.17330974643517,-0.0009136935853857106,0.01291680548381766
1959-05-05,-0.013163179453820159,0.0002832351262960057,1.0653947445856877,0.0002637211506986349,0.0,270.8796150221887,-0.0011453097160000587,0.00032478832263775794
1959-05-06,-0.007087397499609804,0.00028220930341946876,1.0843384018950093,0.010285183576877509,0.0,268.65679747012155,-0.0006911512885221655,0.01033362611479305
1959-05-07,-0.01629129186861933,0.00028119998126380186,1.1390173960540255,0.0006180748048811983,0.0,268.0874350955482,-0.0006055271747590459,0.0006214971655498049
1959-05-08,-0.020085394214102107,0.00028020901195073534,1.1235923982609464,0.0,0.0,271.34801094500585,-0.0006113284567402581,4.351138045421976e-07
1959-05-09,-0.022347024815567475,0.00027926939692200916,1.1043972439236112,0.0,0.0,273.95717078817773,-0.0008747499793936304,0.00019447246174774597
1959-05-10,-0.014794895036072384,0.0002784340900216399,1.1088549942620058,0.007191969365891765,0.0,269.5828416325054,-0.001296720314918265,0.008177140001523293
1959-05-11,-0.010249131227617211,0.00027744472026824957,1.1421829482256356,0.003646540902765458,0.0,269.1573740677196,-0.0006974129490343865,0.00372052261721119
1959-05-12,-0.017369096225264384,0.0002765298563208284,1.1364918509445623,1.4230472135678524e-05,0.0,272.35287993551424,-0.0005691979280383573,1.424231098196601e-05
1959-05-13,-0.019616470835303185,0.0002756580962973126,1.112322618732345,0.0,0.0,273.2751321702803,-0.0006547336398208209,0.0
1959-05-14,-0.02012292455650319,0.00030594146521077995,1.0807974432821328,0.0,0.0018243455449066595,274.3601438446907,-0.0006075781996304032,0.0
1959-05-15,-0.023192868478554115,0.000348693149237983,1.039885957362288,0.0,0.004149007069020622,275.29969005979837,-0.000824091650840253,8.612871056357108e-07
1959-05-16,-0.013633869504187742,0.0015003201314958477,0.994826379693385,9.924120738007929e-05,0.008671236892709624,276.00100281278964,-0.0003992744305797216,0.005240003984200526
1959-05-17,-0.022322944454890862,0.0002788470289801474,0.9591289742967278,3.4327392524245095e-08,0.0001678354406760911,273.2556704289496,-0.0016985233967839663,0.0006454490923573049
1959-05-18,-0.017091135099782783,0.00027175508650009245,0.9386436907809558,0.0005529881954866615,0.0,273.0465366593413,-0.0011675007230902122,0.0018922692132526332
1959-05-19,-0.011994527684429945,0.0002710110386886166,0.9332875397245763,0.004018835470838062,0.0,271.5209916935578,-0.0008613488315946639,0.004256991558040322
1959-05-20,-0.005320254902718431,0.00027049421253850907,0.9819970427259888,0.00970188056850164,0.0,270.4030521773574,-0.0005624731055508226,0.010429366703032246
1959-05-21,-0.010244651997493486,0.0002698909259785367,1.0349578570062383,0.0029185683819028616,0.0,269.587456169775,-0.0006984118898372867,0.003303794268069941
1959-05-22,-0.009841794221751434,0.0002693307433424697,1.0451239461952684,0.001987294993747426,0.0,269.2122842461825,-0.0006052235530763023,0.0020663973301767733
1959-05-23,-0.01553380611421025,0.0002689480276431068,1.0505915927348164,0.0009130180766016751,0.0,272.205544904576,-0.00045515934668355075,0.0019531623786297084
1959-05-24,-0.023871157760337252,0.00031417860823162536,1.0270104129884654,0.0,0.0019979596264281516,276.2954353397176,-0.0010216230221387357,0.0005097259234670324
1959-05-25,-0.025503384949123794,0.0003307741240593,0.9933879730167138,0.0,0.003005526096975736,276.05832486053873,-0.0012660299106843054,0.00017517047413324907
1959-05-26,-0.015589876237225402,0.00032862616797625015,0.9621839505355462,1.0829650412845075e-06,0.002337433587191469,274.7881707480623,-0.0008187133208506527,0.0013228178966433444
1959-05-27,-0.013025900654200109,0.0003798932342206018,0.9468221718308616,0.002537737437392359,0.0020842926608303845,274.0358049101749,-0.0008750052880601022,0.0063139799009457685
1959-05-28,-0.01604381830847196,0.0002903077898725952,0.9400515224076037,0.0001258759596253519,0.0006252127767956189,273.38336454272945,-0.0011374932045569528,0.0017007659779473073
1959-05-29,-0.0144807052730167,0.0002832830288989396,0.925118254178437,0.0004900449539645245,0.0004440789126743705,273.6720960476978,-0.0009581822123231189,0.0013573887994684172
1959-05-30,-0.006556778556882999,0.0003555079469573027,0.9266093051141715,0.005198748456051121,0.002095721556810336,273.51084661393963,-0.00036418271161573753,0.007767963645125676
1959-05-31,-0.011862728639511065,0.00029928519227410445,0.9419618883150895,0.002182983788056562,0.0006248574640791295,272.1918338085972,-0.0007673116285080291,0.004918262631878267
1959-06-01,-0.01783169119876657,0.00035587188887730836,0.9342852518832392,0.00014676797693058595,0.0027845499374098697,274.1197588609886,-0.0008011614472347464,0.0018279343017211123
1959-06-02,-0.023924553545854862,0.0006954323942378417,0.9040398606697271,0.0,0.006167814872190778,276.6626517552665,-0.0008098949220473484,0.00034183860507281
1959-06-03,-0.02579424479755305,0.0011576424210758534,0.8637722899011301,0.0,0.011115449065037367,278.52007424808943,-0.0008539188505902802,6.509904705252137e-06
1959-06-04,-0.025082690441339033,0.0013504249733046624,0.8200605431967987,0.0,0.011614390243749835,278.87133321744125,-0.0008594125540832342,0.00016558527268425887
1959-06-05,-0.023929446598904287,0.002624519127236921,0.7767556975341339,0.0,0.01562591027573677,279.3211646645757,-0.0006194831066801724,8.642672355563263e-07
1959-06-06,-0.03031372998730611,0.004988186440225376,0.7212371538812383,0.0,0.02116551683784205,281.96984279582284,-0.0009045424781697619,1.2920649510306248e-06
1959-06-07,-0.024539455560977853,0.004855758389510677,0.6594516445238937,0.0,0.020967513954235337,280.91426549792965,-0.0004268600842205145,0.0001908387606449317
1959-06-08,-0.016814979961362934,0.0023561634417981077,0.6054365657368174,7.031748523819918e-08,0.013048615474990533,277.876661444339,-0.0003339277822419075,0.000976643052183269
1959-06-09,-0.03135393096902277,0.004075709540965194,0.5676894825506121,0.0,0.019256660157004318,281.4355116483182,-0.0011725602513652739,1.8299668794122746e-05
1959-06-10,-0.021820508995972113,0.002188057128318959,0.5170921426259416,0.0,0.012881852349655777,279.3986736161112,-0.0007243416992957982,0.000523898345168446
1959-06-11,-0.027034178797134573,0.001752864590472421,0.4858212228548729,0.0,0.009020653842701077,277.91232211441644,-0.0013598436437084179,8.518199408459973e-07
1959-06-12,-0.027722188224226743,0.006732120520651004,0.44442858220044734,0.0,0.020841241956262267,281.6480634980283,-0.0005971639717029313,5.215237986300505e-06
1959-06-13,-0.028122584319720836,0.00915180980148962,0.38340239156661965,0.0,0.024849597996069214,284.7702621560537,-0.0009848144915649447,0.0005978136748908736
1959-06-14,-0.03141934626688392,0.00629882935413533,0.32730453117643604,0.0,0.018840194779769177,284.31897899749816,-0.0014770876216349629,9.855665772478061e-05
1959-06-15,-0.0224974833134204,0.008674917668946045,0.28168218867702455,0.0,0.01711964379932921,285.2306693377019,-0.0012161389814089921,0.002606581260906263
1959-06-16,-0.019735568660800742,0.008301337475830553,0.23922631789959983,0.0,0.017050125736132855,284.0352082010043,-0.0011964877804288756,0.0021727858626568787
1959-06-17,-0.030581439198073698,0.007626653559463846,0.203231437956097,0.0,0.013894805358459722,285.7957329435762,-0.001514864369890111,0.00044029062066918697
1959-06-18,-0.024512105574042115,0.008866936473523157,0.17239339652483524,0.0,0.011908114566809715,285.7625368552918,-0.0014203146920870927,0.0020933696520201834
1959-06-19,-0.022158177222235727,0.01092472024219858,0.1408962673611111,0.0,0.014343968913548411,284.260179692069,-0.001384484665836655,0.0021893212883247228
1959-06-20,-0.028416494191703154,0.009403976006696454,0.10880349944091337,0.0,0.01304795115260081,285.5860750194773,-0.0014490282247211304,0.0002106438419143499
1959-06-21,-0.022456094454237296,0.012769571468654999,0.08037904786075802,0.0,0.011032506339462464,284.641588566667,-0.0014751074298963711,0.006653730245343829
1959-06-22,-0.01813504091427151,0.017376501597253617,0.05511371159957627,0.0,0.011413789106964393,282.88964054588996,-0.0014867784697457224,0.010400949306497978
1959-06-23,-0.021489206512095564,0.01305611153780404,0.03186058145009416,0.0,0.007941997552153756,284.0777377220198,-0.002261199372804771,0.005243512229507191
1959-06-24,-0.026258843556299045,0.01075860790613681,0.016400870630296615,0.0,0.004605523884128043,286.22697231414855,-0.002454393111842837,0.00037076229612551485
1959-06-25,-0.02572085131696389,0.00955163952657732,0.007734568105579096,0.0,0.0025344546989532514,286.21441978698846,-0.0022975308662754,0.0007325489979005803
1959-06-26,-0.016837121024306886,0.010119371495004428,0.0031315288076742,0.0,0.001168396913230756,284.8998478208783,-0.002192997210527544,0.011392361700198073
1959-06-27,-0.01972771414929191,0.007879773607361789,0.001531970927495292,0.0,0.0002818706597985521,279.4154001907665,-0.0025508772045121355,0.002945377462933104
1959-06-28,-0.009461214271305645,0.007386543488098404,0.0025492235316619586,0.0015784592951758436,0.00026544945388190495,276.35159171368446,-0.00336912096514877,0.010001063447882643
1959-06-29,-0.002386363759889441,0.006816203648087669,0.02326071644008946,0.004468974694188705,0.0010005704595544246,275.1987376455533,-0.0017074728331996896,0.008864104763375756
1959-06-30,-0.011216198825566783,0.006452596288616376,0.05995008680555556,0.0078986037185805,0.0033322755184213996,275.4604894095671,-0.0019100351301206033,0.012112386061646845
1959-07-01,-0.023194218885763892,0.006050454694672493,0.055489807703625244,1.5349669308312195e-05,0.004243545465718555,277.8413768057096,-0.002433442926339511,0.0012542286432566689
1959-07-02,-0.03307652570265161,0.005661445654044718,0.028588591322387006,0.0,0.002954429194415357,283.01347412138114,-0.002662378031823595,2.72450369774211e-05
1959-07-03,-0.02292291975795886,0.005478369398305646,0.010339884210216576,0.0,0.0014250824217405698,284.10621027398696,-0.0022154352443534775,0.0041867204642343885
1959-07-04,-0.02518841556910068,0.0050797563488200565,0.003966250662076271,0.0,0.0002707721360322446,279.0826840840715,-0.002703855003593332,0.0016084681174381246
1959-07-05,-0.03148667724792567,0.004832045506622832,0.0028915261593691153,0.0,0.0002317009335857327,280.5768630931158,-0.0026278578923583707,5.4391545045496964e-05
1959-07-06,-0.03352156382496075,0.00462763811235374,0.0010138042902542374,0.0,0.00014747024676894065,285.84478900212576,-0.002754087502000022,0.0011725794377973426
1959-07-07,-0.030074996379135695,0.004413501943572093,0.00042805070032956693,0.0,5.572116644369008e-05,284.36895754467525,-0.002573294859737326,0.00028824745561129836
1959-07-08,-0.028922785936439106,0.004251255153936182,0.011022420477283428,0.0036338365263184585,0.0007946622994659985,278.0989525071197,-0.0028103300933278886,0.005120775692334794
1959-07-09,-0.031257852954042833,0.004070170855118057,0.01541143442502354,0.0,0.0012814623572058596,280.46657145225396,-0.002656949894492236,1.2934207802572928e-06
1959-07-10,-0.029917313091162235,0.003914877351394482,0.006656165401365348,0.0,0.0007606442954580664,282.2200052114081,-0.002797581350146714,0.0021359919295851327
1959-07-11,-0.027497015304147866,0.0039448832387978085,0.0025781893685263655,0.0,0.00033109607753780605,282.4614869097981,-0.0027730697450243824,0.004935346922631992
1959-07-12,-0.024741238625036122,0.0036434899110578548,0.0006852949181967986,0.0,0.00012670621528463848,283.5088322274878,-0.002828931309661623,0.004483680536513016
1959-07-13,-0.025609840486345993,0.0034886535446522603,-7.3453647229951e-24,0.0,3.2850051835431894e-05,286.1497453951791,-0.002704465172469279,0.003085111510950708
1959-07-14,-0.02895386525466618,0.003331589665116563,-7.3453647229951e-24,0.0,7.914053013095748e-06,286.445871037054,-0.003026693185928178,0.0010321863580765556
1959-07-15,-0.026622153481857928,0.0032710491095559076,-7.3453647229951e-24,0.0,1.695975240341014e-06,286.75239125483455,-0.00271670447694043,0.00495822424043403
1959-07-16,-0.029527023013702223,0.00433087694106129,-7.3453647229951e-24,0.0,3.701717840076166e-07,285.5149564150363,-0.0034823709372746744,0.006442156568757485
1959-07-17,-0.02724614044872381,0.003050787132338616,-7.3453647229951e-24,0.0,7.517930478025965e-08,285.49995807425006,-0.0030487569017430484,0.004159242414729085
1959-07-18,-0.028318605727731844,0.002923313507252494,-7.3453647229951e-24,0.0,1.0312950543764621e-08,284.59627150411666,-0.002973926395682966,0.0024125669313821295
1959-07-19,-0.025644365929614357,0.003093728153719067,-7.3453647229951e-24,0.0,2.062590108752924e-09,284.317554430773,-0.0028766585240340503,0.006112435307712123
1959-07-20,-0.027731717053779772,0.0027445629660019094,-7.3453647229951e-24,0.0,0.0,285.5268102922457,-0.002861577428161762,0.001783177812038788
1959-07-21,-0.03552481241650501,0.002652336901190591,-7.3453647229951e-24,0.0,0.0,286.8066345688987,-0.003260323793579967,0.0007712367901020803
1959-07-22,-0.031015377049728978,0.002581839928519255,-7.3453647229951e-24,0.0,0.0,286.9533271753631,-0.002841981280447736,0.0016464479224707717
1959-07-23,-0.03099119259139239,0.002491501933437283,-7.3453647229951e-24,0.0,0.0,287.4633908927329,-0.002877213245015697,0.0002225166322471595
1959-07-24,-0.036686755422144966,0.002430470818180149,-7.3453647229951e-24,0.0,0.0,290.0335363255158,-0.0031863775546267883,0.0012183960899945713
1959-07-25,-0.03582508904112261,0.00236868530006732,-7.3453647229951e-24,0.0,0.0,289.41205051659193,-0.0029178573565799637,0.0020311293775996148
1959-07-26,-0.034055717878759245,0.0022861736137314704,-7.3453647229951e-24,0.0,0.0,287.81782417872085,-0.0028935252862461545,0.00032401087952618746
1959-07-27,-0.037552762671379046,0.002220187651909004,-7.3453647229951e-24,0.0,0.0,288.70639721283135,-0.0027295677833217014,7.361705537781447e-05
1959-07-28,-0.04280030773689518,0.0021598480515560865,-7.3453647229951e-24,0.0,0.0,289.2409049535202,-0.0029325499699193206,0.00027089416004860733
1959-07-29,-0.041104857909814115,0.002098439440215375,-7.3453647229951e-24,0.0,0.0,284.14077564103013,-0.0025844733720108612,8.590733955315955e-07
1959-07-30,-0.036177121102809906,0.0020417900240353947,-7.3453647229951e-24,0.0,0.0,286.11844131053056,-0.002438515640458482,6.419029606177969e-05
1959-07-31,-0.030006950647480747,0.0019924075758389836,-7.3453647229951e-24,0.0,0.0,288.068985330183,-0.00213991467562099,0.000859127778700489
1959-08-01,-0.028672379162688718,0.0019604408808347198,-7.3453647229951e-24,0.0,0.0,288.0700837654358,-0.0028856709115417664,0.0034483637849708603
1959-08-02,-0.03078422569117304,0.0019002561852083369,-7.3453647229951e-24,0.0,0.0,287.3769641380526,-0.0026396484887700974,0.002004181698867992
1959-08-03,-0.0350976343882286,0.0018328643788052146,-7.3453647229951e-24,0.0,0.0,287.1133029564177,-0.0024511383972683196,4.063134139540506e-05
1959-08-04,-0.0382753108433411,0.0017838878820171467,-7.3453647229951e-24,0.0,0.0,287.47292367033594,-0.0022872515485785104,1.2814997489840607e-06
1959-08-05,-0.03294888597592122,0.0017420609960448273,-7.3453647229951e-24,0.0,0.0,286.7624569513928,-0.002297005652960411,0.0007659637995358915
1959-08-06,-0.03128540604296377,0.001700059589693102,-7.3453647229951e-24,0.0,0.0,284.4674544002153,-0.0023047680108897435,0.0010590635113569573
1959-08-07,-0.037541324935727205,0.0016588538379992469,-7.3453647229951e-24,0.0,0.0,286.7152008660096,-0.002455342729381249,0.001277707508626011
1959-08-08,-0.037029163270010115,0.0016126577126777779,-7.3453647229951e-24,0.0,0.0,286.81603821432975,-0.0023330335878888097,0.0004863658801904252
1959-08-09,-0.039284556093862506,0.0015716792668326429,-7.3453647229951e-24,0.0,0.0,287.09794937464255,-0.0021458394867552204,0.00042988284798826704
1959-08-10,-0.03836501591791541,0.001530621348127807,-7.3453647229951e-24,0.0,0.0,286.07636914729176,-0.002179247227176435,8.52346317969932e-07
1959-08-11,-0.03977011064183241,0.0014928188701133945,-7.3453647229951e-24,0.0,0.0,288.174697085738,-0.0021737377175082596,4.351138045421976e-07
1959-08-12,-0.027896719211238923,0.0015000044289281813,-7.3453647229951e-24,0.0,0.0,285.4053904179575,-0.0031928458003758716,0.006069380725992074
1959-08-13,-0.01646768949967993,0.001482023357671533,-7.3453647229951e-24,0.0,0.0,281.7074306617349,-0.0028631495532848066,0.007160881324820159
1959-08-14,-0.027330865041684294,0.0013955745656611558,-7.3453647229951e-24,0.0,0.0,279.11371806516485,-0.001896831759456861,0.0006046308972286504
1959-08-15,-0.034062002464539595,0.0013600471666303732,-7.3453647229951e-24,0.0,0.0,282.6056981454911,-0.0020801522427022793,8.612919550898823e-07
1959-08-16,-0.03262388217920638,0.0013288974256838784,-7.3453647229951e-24,0.0,0.0,283.4924327038552,-0.00197631830486369,4.123243908424162e-06
1959-08-17,-0.03571331298957437,0.0012991787855234523,-7.3453647229951e-24,0.0,0.0,286.72660751845655,-0.0021053532738301716,9.118829192235702e-05
1959-08-18,-0.03372577253708059,0.0012712935775013295,-7.3453647229951e-24,0.0,0.0,288.36891918218294,-0.0018434446031427656,0.00032855935679187867
1959-08-19,-0.01906609244770923,0.0013293900058767892,-7.3453647229951e-24,0.0,0.0,285.124276640725,-0.002885480895427998,0.009867398095664746
1959-08-20,-0.0348649301939765,0.0012389289288871033,-7.3453647229951e-24,0.0,0.0,285.9803006626568,-0.0029387197188906755,0.0035098815715988983
1959-08-21,-0.03655624406485908,0.0011907986833550835,-7.3453647229951e-24,0.0,0.0,285.30262277894104,-0.0023151876162842843,1.2993811537853617e-06
1959-08-22,-0.031207130116931468,0.0011664632350038002,-7.3453647229951e-24,0.0,0.0,284.67019840463183,-0.0018839060334162525,0.00014746980478534593
1959-08-23,-0.03347019207174495,0.0011414588339584697,-7.3453647229951e-24,0.0,0.0,283.2079010979604,-0.0019027736816702593,4.261732051702438e-07
1959-08-24,-0.03111258801599007,0.0011179073382232149,-7.3453647229951e-24,0.0,0.0,285.2844309546404,-0.001727751303611502,1.2817778269891278e-06
1959-08-25,-0.02705307052297107,0.0011008511492088017,-7.3453647229951e-24,0.0,0.0,284.4298381482141,-0.001831573776185176,0.0009637844764565951
1959-08-26,-0.03224060023571812,0.001083862646824896,-7.3453647229951e-24,0.0,0.0,283.94112173536627,-0.002056726596533916,0.0016107178677273338
1959-08-27,-0.034422644029902874,0.0010533340401568654,-7.3453647229951e-24,0.0,0.0,283.6389058502829,-0.001811146594078864,4.7807235500832734e-05
1959-08-28,-0.034683893545199254,0.001032853867374571,-7.3453647229951e-24,0.0,0.0,285.9330469839093,-0.0017236937837159568,5.854938801431123e-05
1959-08-29,-0.033524661414367336,0.0010140134116350594,-7.3453647229951e-24,0.0,0.0,285.6866558527542,-0.0016821403698311689,0.0002720206134063376
1959-08-30,-0.02828068745001561,0.0009959193609528623,-7.3453647229951e-24,0.0,0.0,282.5671657052193,-0.001572858163360822,0.00046296257757197666
1959-08-31,-0.030816954955206085,0.000975092167908189,-7.3453647229951e-24,0.0,0.0,282.7753926796204,-0.0014611959909904475,2.990893720400526e-05
1959-09-01,-0.02473955399404138,0.0009665263574675652,0.003663718588159134,0.0016083188860093133,0.00015138403254713717,278.5248135245228,-0.0017618772252804818,0.0031292442547163454
1959-09-02,-0.025992791068419223,0.0009422643204866831,0.008587451079919962,0.0,0.00021063616383547163,276.52912076673493,-0.0012006710183485754,4.2915337417070987e-07
1959-09-03,-0.028165039495896486,0.0009273233386756337,0.006476623190324859,0.0,0.00039645707455732057,279.74412436763674,-0.0013915358669003525,4.410743663640915e-07
1959-09-04,-0.03495654707911325,0.0009214930278433247,0.003806938559322034,0.0,0.00032603580736171055,285.27717400674766,-0.0021482868551534447,0.0018708020617059396
1959-09-05,-0.03817306745187038,0.0008926929558737804,0.0019002508533427498,0.0,0.00013719298113874123,284.32525802152526,-0.0015217035082773973,3.454441058767698e-05
1959-09-06,-0.03600205337933902,0.0008767737170397226,0.0005770178613465161,0.0,8.565428440516953e-05,284.2698895262235,-0.001428591624154883,3.9366106524046524e-05
1959-09-07,-0.030578703614278033,0.0008609723404975934,6.758695268361582e-05,0.0,3.0118245947158942e-05,284.81794554500254,-0.0014189093578922548,1.7225742112714215e-06
1959-09-08,-0.0451269046650768,0.0008461190819066798,-7.3453647229951e-24,0.0,1.1228466943158942e-05,287.7092378081126,-0.001602345340922054,4.718498995075118e-05
1959-09-09,-0.03456666105884617,0.0008313682793223926,-7.3453647229951e-24,0.0,1.3147222962083117e-06,278.6928264201249,-0.0012358635095721586,1.7106532936850272e-06
1959-09-10,-0.032140337183313855,0.000817461539123018,-7.3453647229951e-24,0.0,1.6608901616543703e-06,283.41394447068035,-0.0012893219936197088,8.583068797918258e-07
1959-09-11,-0.03355124298125337,0.0008038065191042625,-7.3453647229951e-24,0.0,8.786633863287459e-07,285.9493704901802,-0.0013209541807066925,1.118422227566861e-05
1959-09-12,-0.02897621000890678,0.0007994749956885301,-7.3453647229951e-24,0.0,3.911975750141898e-07,287.4715721719458,-0.001409776824510704,0.0017701566892814435
1959-09-13,-0.02825777960867532,0.0007806091153689024,-7.3453647229951e-24,0.0,1.4124532877388648e-07,286.4141072993449,-0.001658495873381189,0.0005554743910863675
1959-09-14,-0.028069636326725204,0.000774864591447647,-7.3453647229951e-24,0.0,3.592695220042083e-08,286.44233403322613,-0.0011674209608364915,0.0013568709786422792
1959-09-15,-0.021253819182767707,0.0007779119210054645,-7.3453647229951e-24,0.0,1.0312950543764621e-08,284.52182524083025,-0.001780439862760447,0.003706787434001427
1959-09-16,-0.004550852007785086,0.0008760870008145349,-7.3453647229951e-24,0.0,2.062590108752924e-09,278.132609124911,-0.00234287820419686,0.016342051095707553
1959-09-17,-0.003298572185686079,0.000782422847666983,0.0003255208333333333,0.00013604675982631536,4.399769892126827e-05,276.7594553916917,-0.0015958076827017602,0.006475236624647669
1959-09-18,-0.014767154251451546,0.0007417324909382622,-7.3453647229951e-24,0.0,4.022664227391367e-05,277.4689095132544,-0.0016932678803548975,0.002154330463047836
1959-09-19,-0.01904891776499775,0.0007168126981810663,-7.3453647229951e-24,0.0,1.610502979512942e-05,279.29864172208113,-0.001121287991813684,0.0008451831205066851
1959-09-20,-0.015138241488718045,0.0007244942888701703,0.0007993191649011301,0.0005078071802012665,7.25649612939964e-05,277.2670149363143,-0.0017325758071100644,0.003392611519765046
1959-09-21,-0.012734293937683107,0.0007065878917941939,0.004882352724811676,0.0013075636773459659,0.00010784538620609348,275.57972645445284,-0.0015348665426764112,0.003442694170995362
1959-09-22,-0.01215759795264336,0.0006938595219520527,0.015303847030955744,0.0016794115473321603,0.00018283728994218646,273.0928381580418,-0.0012346446293137843,0.003248389747183202
1959-09-23,-0.0096001982015405,0.000683092717397011,0.024893378133827682,0.00209509408743368,0.00019409278102513761,273.1200597443374,-0.0011927112831739385,0.003503901237458051
1959-09-24,-0.004753295269052862,0.0006968794485269968,0.034663830773305086,0.0012134617078775741,0.0011858152551839582,273.7540413341056,-0.0011894266136874589,0.003870366909409647
1959-09-25,-0.007950479490945569,0.0006772614805038366,0.03214978004354991,0.0016515032930225979,0.0006831165003237751,274.2885326450155,-0.0012131764600842687,0.0035579786485614977
1959-09-26,-0.009165364638560236,0.0006532489748324378,0.0656152067884887,0.00549918916181656,0.00011141949706831894,271.3150220105877,-0.0011313750729554117,0.0065772666209737915
1959-09-27,-0.004405640107763689,0.0006422021631467142,0.11177617592102168,0.011498007270912667,6.709451981856999e-05,270.40098641462026,-0.000518204675892652,0.012071293265121495
1959-09-28,-0.005873248907132338,0.0006320404130860238,0.16798254325564974,0.004688676846566173,0.0,266.6567723225739,-0.0006261897552232284,0.004734326472946205
1959-09-29,-0.007981635461756065,0.0006304957435629463,0.18221741297375238,0.0010910051648562913,0.0005267757480427371,265.16898109953286,-0.0007278193367150544,0.0010945593675311066
1959-09-30,-0.007103361610302145,0.000623113523095341,0.17672976621351225,0.001614176599824496,0.0005172502123198268,265.22127004576714,-0.0006703603749642266,0.0016163249472764115
1959-10-01,-0.0062708523398065305,0.0006101855450430832,0.20096865436676084,0.004611824654926688,0.0,267.2827082272977,-0.0007055653995797459,0.004652404583015658
1959-10-02,-0.00608423158610608,0.0006062914591051091,0.21104899548316852,0.0008681004835387407,0.0002666881655232381,267.62876598983166,-0.0006147236063402925,0.0009599085244073167
1959-10-03,-0.006289303176483866,0.0006240270400451403,0.21345063117937857,0.0018095362321131647,0.002113457137750367,271.8084426060908,-0.0004817643018681451,0.002351671361858257
1959-10-04,-0.011234279279991733,0.0006373735134210964,0.19416765978107348,0.0,0.003912054528455951,273.491470947553,-0.0008923865928404075,8.52346317969932e-07
1959-10-05,-0.014260719177749872,0.0006347676623339034,0.16286731439795196,0.0,0.004061115011151901,275.16469816434187,-0.0012015639409675438,1.732260841436073e-06
1959-10-06,-0.010664228791907683,0.0006156597433790649,0.13395412179260827,0.0,0.0026822602639427298,275.1369719280811,-0.000922001361594362,0.00036095246073087033
1959-10-07,-0.004720882128524242,0.0006186959602065005,0.1290906198505179,0.003948981268594494,0.0001338445660421404,272.4270471152613,-0.0007825676130793863,0.008192243624832996
1959-10-08,-0.009666915835633791,0.0005705156232004113,0.14682782706567798,0.0003144295286324065,0.0004162242962310543,266.81017726603653,-0.0007075227134056011,0.0003166572858035091
1959-10-09,-0.01057134156173232,0.0005821550296524824,0.13977326646362997,0.00013528288589359004,0.000689986346047477,271.11181842135846,-0.0008063332656514174,0.0014523756031472803
1959-10-10,-0.008441288550358035,0.0005619663134806573,0.15304743592572978,0.004243016832292417,0.00016553708388980499,266.1924464482597,-0.000931430871119607,0.004774206910454623
1959-10-11,-0.00895910752190035,0.0005703092800021846,0.15504745799493883,1.5765660058307113e-05,0.0015710864195042412,269.2392001574098,-0.0005422827477256457,1.746439660966726e-05
1959-10-12,-0.004523905109887743,0.0005958321909446501,0.1679326576477166,0.007937400438691263,0.0008671999630113107,272.40284685899985,-0.0005063964527542309,0.01230697401162595
1959-10-13,-0.009410287574522913,0.0005530357192465142,0.19566330846869118,0.0005161723090430438,0.0009706744787383215,271.23206674895494,-0.0008547607398891854,0.0005264019562026201
1959-10-14,-0.00991482249761032,0.0005740107452802066,0.180177160575565,1.799245759592218e-05,0.002772679457725105,273.74242194942616,-0.0008450700338445815,1.9989264813575885e-05
1959-10-15,-0.00626486678749828,0.0005573403868971571,0.15935164342043318,0.0004450435523932937,0.0011511309188132909,275.2635152964044,-0.0007101220978518665,0.0016920108638078504
1959-10-16,-0.00552482831444444,0.000528814260568996,0.23001058402483524,0.014744499329961627,0.0,269.91502771898405,-0.0007725136491370067,0.015576541019696901
1959-10-17,-0.010698339865032564,0.0005458372797669664,0.2589918233580509,2.6536589793566262e-05,0.0016629134467934486,270.9893094941048,-0.0007640070908066244,2.9550728415844562e-05
1959-10-18,-0.01437656101533922,0.0005671641247420662,0.23417338857991996,0.0,0.0033858447404062687,275.3968585637555,-0.0009754826972461015,1.709011257844395e-06
1959-10-19,-0.012714555876403206,0.0005498649710315769,0.20597238774129,0.0,0.0024368429903761815,274.20296014904307,-0.001018124458900953,8.52346317969932e-07
1959-10-20,-0.009332160028697408,0.000538917752982533,0.18524940045315444,0.0,0.0019458428572463455,273.8697830853938,-0.0007765626292780969,4.351138045421976e-07
1959-10-21,-0.008787760163767862,0.0005091115579766742,0.1708186665048258,0.00030256395286085917,0.0001837080397174857,271.4537080057148,-0.0008865466109861089,0.0007666641061136763
1959-10-22,-0.004648121821004793,0.0005047365097002795,0.1680239230225989,0.0008083714940453654,0.00015775759383446753,271.3875955125482,-0.0003703763855800117,0.0008869654713701257
1959-10-23,-0.012258598738807745,0.0004999927208248505,0.18410915798611116,0.004968411483838734,0.0,272.6896053716512,-0.0011489754069154547,0.005574750111528031
1959-10-24,-0.009230804308659614,0.0005365552875281728,0.19178326565442563,6.229316784163653e-06,0.002779291048225037,273.58055194129156,-0.0007420896715616103,9.386653752730034e-06
1959-10-25,-0.010168320252060216,0.0005515282605327457,0.17146809895833334,0.0016459796977581953,0.0020007999603357694,275.5420999760458,-0.000964256708568099,0.00439704786243789
1959-10-26,-0.009468177365044416,0.0004895050815269772,0.18369007290195388,0.003172524294442376,0.0,268.83637767008696,-0.0007899421409277593,0.003297834393032321
1959-10-27,-0.008978660076351489,0.0005001563810359287,0.1866257374794021,2.062590108752924e-09,0.0008692394226452726,271.66907642026854,-0.0005307461392913161,0.0
1959-10-28,-0.0035446147713284032,0.00048520546511741686,0.2087724186381827,0.008748278148093466,0.0,269.7946319939278,-0.00043228829521580614,0.009393399799264932
1959-10-29,-0.00250834112955352,0.00048228349052580066,0.2663284560381356,0.005657344172566625,7.643011835335339e-05,267.00708251708875,-0.00033469276639532913,0.005735517145797205
1959-10-30,-0.0047407720637860275,0.0004785640933419352,0.3079376508062618,0.002759285586870323,0.0,265.9761985699785,-0.00042204894546398337,0.002762143521960102
1959-10-31,-0.00674713280914867,0.0004914242163889825,0.302524257738936,0.0,0.0009865385222401323,268.7289618475963,-0.0004459412842147095,0.0
1959-11-01,-0.00938130784674553,0.0004990774359406725,0.28587648783250946,0.0,0.0016114240312306897,274.0455029230783,-0.0004559779581797999,0.0
1959-11-02,-0.008799512381270781,0.0004973627079678121,0.26420912230755655,0.0,0.0016094698007665786,273.92960097605675,-0.0005712925724811474,0.0
1959-11-03,-0.00877184694432943,0.0004853614642795197,0.24386338056144075,0.0,0.000995246104180476,271.66066608321194,-0.0006831442821497298,2.1520145878639596e-06
1959-11-04,-0.002221292779270539,0.0004666900567415744,0.27261910016478347,0.009428321704857768,0.0,264.2000396714148,-0.0003824868991886829,0.009464920189992237
1959-11-05,-0.0029124379747331483,0.0004645160025795975,0.34014030499646897,0.0003352378426635333,0.0,252.67148006388922,-0.0002523029675591464,0.0003395247257361978
1959-11-06,-0.00600414457967726,0.0004682745468818535,0.3266111901924435,4.901835894854056e-05,0.0003588225818791632,263.4184475447948,-0.0004383784818783992,4.951403302661444e-05
1959-11-07,-0.007581215920084614,0.0004667420003373745,0.3132590888359228,0.0001208085124775515,0.00039188517520656694,266.56022748210785,-0.0006270238677155501,0.00012342597562795004
1959-11-08,-0.006511549660041508,0.00046758530503612463,0.3029067906956215,7.650525556445797e-08,0.0005647346987731039,265.6044154517395,-0.0004414855897174043,6.589775848161959e-08
1959-11-09,-0.006947926082516795,0.00046669325586092675,0.2918498870792138,0.0,0.0006259522258730258,269.55168358035905,-0.0004507988680806538,4.351138045421976e-07
1959-11-10,-0.003768868533904943,0.00045444551160780044,0.2962533839453861,0.0055651835002804885,0.0,268.26805947729423,-0.00041923600927752967,0.0056262066977122525
1959-11-11,-0.003124519003986639,0.0004551463713080196,0.32385667703919496,0.0017319325841752824,0.00015685034884234609,262.0460968376778,-0.000308071668286108,0.0017394579115554123
1959-11-12,-0.0011077151965286774,0.00045075355950048416,0.4700610489495057,0.01975608404494275,0.0,258.89293857078775,-0.0002205657357044813,0.01975999427380535
1959-11-13,-0.0019707467596409684,0.0004489738388923602,0.6170412914901131,0.002861552719174132,0.0,247.81403045151418,-0.0001501080732645288,0.0028647863763873868
1959-11-14,-0.004315476464686422,0.0004472197954264065,0.5774836136122882,2.15761658162047e-06,0.0,258.12659076108775,-0.00020000444314742494,3.144666968506598e-06
1959-11-15,-0.0033741690597291723,0.0004454616267802352,0.5401018218132062,0.000706528497617797,0.0,262.43066104163336,-0.0002693583252234648,0.0007078555007438876
1959-11-16,-0.002343256931520451,0.00044375388635753914,0.5850469154602166,0.004389084686162109,0.0,249.9008969847541,-0.00020961104602800255,0.004393380173159347
1959-11-17,-0.00490106402312295,0.0004420569219158195,0.5646841620321328,0.0,0.0,261.5874064996867,-0.0002179242733676555,8.459710443275981e-07
1959-11-18,-0.0066326215105541675,0.0004403650087151824,0.5327146138624059,0.0,0.0,269.6000246848988,-0.00039902285246525785,1.2874602930423862e-06
1959-11-19,-0.00548670701893036,0.0004386854710551978,0.5124962298434558,6.873800424532701e-05,0.0,268.8401879923043,-0.00037450097648605797,7.144281592010145e-05
1959-11-20,-0.004996797206711635,0.0004370447858578742,0.5059088008327448,0.001116519678110457,0.0,266.24704497098475,-0.0003056687665945393,0.0011580503322098765
1959-11-21,-0.004864228899869542,0.0004353999754803329,0.49425832744821097,0.0008690186097460279,0.0,268.61347422267534,-0.0003905664224409115,0.0008903057868505423
1959-11-22,-0.0035874963143451067,0.0004337708660438236,0.5185133077330509,0.005170271032105732,0.0,265.3979275410683,-0.0003033047015805029,0.005200254022981225
1959-11-23,-0.004216374229576628,0.00043216650768861933,0.5464993636711394,0.010594468900544496,0.0,269.82876030155046,-0.00024911229851218937,0.010687037679366957
1959-11-24,-0.0048803638266978295,0.0004305621493334151,0.604260690692679,0.0052622251717721,0.0,269.233360477311,-0.00036696739768409464,0.005275768627369496
1959-11-25,-0.005251020824505111,0.0004289859937409223,0.6038620656044021,0.00493882179765378,0.0,268.187542507653,-0.0005734040807027601,0.0049983774369264595
1959-11-26,-0.0019411496018285805,0.00042740478690734694,0.649808549611582,0.003940293070791806,0.0,257.7205171351604,-0.00023079689297467306,0.003944060054876037
1959-11-27,-0.002387939915481934,0.00042587148267670544,0.6917586676818503,0.0038555796747490514,0.0,259.02877969616105,-0.00017045630342037664,0.003855592567939597
1959-11-28,-0.0037434287579719626,0.0004243299280856289,0.695719860816855,0.0,0.0,265.11643528983194,-7.616521759053409e-05,8.583068620282575e-07
1959-11-29,-0.0037024455134477994,0.0004227785235744412,0.6787750761387713,0.0006985637848660098,0.0,267.0255631700074,-0.00017782512231398438,0.0007016160393838829
1959-11-30,-0.0028070005572448345,0.0004212667713057524,0.6643958370115349,0.0002441629346481151,0.0,265.1090824967724,-0.00016241981568983045,0.0002470418184598228
1959-12-01,-0.002931955970276547,0.00041973506663478706,0.649731997042726,0.0,0.0,265.410842230989,-6.510228928873095e-05,-1.9608705770224333e-09
1959-12-02,-0.0045856885233167876,0.00041823156472653325,0.634139641081097,0.0,0.0,270.74357563313345,-0.00014892674582657844,1.7195939676639682e-06
1959-12-03,-0.002317726317435335,0.00041676131682207354,0.6173911804084276,0.001447953241693098,0.0,270.0786748516133,-0.00013893452278301543,0.002082146773328804
1959-12-04,-0.0021628783752689253,0.00041523441083013673,0.6720966116407722,0.007048029494656009,0.0,259.851631049607,-0.0003212571175674261,0.007051587946670878
1959-12-05,-0.0019429304168722724,0.00041376710948297536,0.6929993710275424,0.0009143532248540114,0.0,258.268482179516,-5.746696481091828e-05,0.0009192713577211483
1959-12-06,-0.0038958673423292955,0.00041226520713439767,0.6849668685999294,3.903199218760776e-06,0.0,267.1560128170667,-0.00011276365862896214,4.329772313850065e-06
1959-12-07,-0.0039846414310784,0.00041080455658799517,0.6685455379737524,2.0905066344697596e-05,0.0,267.7472133313196,-0.00020601732477461556,2.2538450525130457e-05
1959-12-08,-0.0038679778407522515,0.00040932740532072253,0.6548541225282486,3.6506161177899206e-05,0.0,261.88304435600674,-0.00024191602685693967,3.7218623686765646e-05
1959-12-09,-0.0028374587411934375,0.00040787340557507884,0.6441471078301554,0.0,0.0,264.19167717612174,-9.166349335915626e-05,8.549264975954429e-07
1959-12-10,-0.004262083120601999,0.00040642765618987,0.6333485978695857,0.0,0.0,267.632236419649,-0.00020324478799340416,8.463858875984442e-07
1959-12-11,-0.0034331577056545327,0.0004049388028807559,0.6213875463453391,0.0,0.0,264.9298356410025,-0.00012114579331571774,1.2877897006546846e-06
1959-12-12,-0.004269591032785211,0.00040352445537761105,0.6112000776100518,0.00017555611534307233,0.0,266.4134413832325,-0.00034015110067728554,0.00017797736461553197
1959-12-13,-0.0031462065496687163,0.0004020803055520785,0.6003303024952921,0.0002477128416468195,0.0,263.74264095687147,-0.0002559986554801801,0.0002509095017344896
1959-12-14,-0.002659230961301233,0.00040066090680785103,0.6119759482403484,0.0016301046783304483,0.0,261.4678745557135,-0.0001644806746961707,0.0016337039947833584
1959-12-15,-0.0034860390222678753,0.0003992481588643823,0.6057682935351931,0.0,0.0,268.6011462705508,-3.607724766946782e-05,1.293420723413874e-06
1959-12-16,-0.004447386131785011,0.0003978319592395072,0.5948564489907016,0.0,0.0,269.6154664177904,-0.00017914845802858052,1.7106532368416083e-06
1959-12-17,-0.0016743428373740894,0.0003964423628176673,0.5853099068679379,2.148985273420474e-05,0.0,264.76085188698636,-5.0340547610474174e-05,2.6866976140346678e-05
1959-12-18,-0.002920437120111649,0.000395049314714421,0.5771134945856874,1.3693072701578087e-05,0.0,267.1812054837042,-0.0001335183821492276,1.540670612518373e-05
1959-12-19,-0.003478909700603809,0.00039366956821269237,0.5711180261299436,0.0004004484179329738,0.0,264.6193835192032,-0.00016513558388766598,0.000402641408554392
1959-12-20,-0.0032917154205720986,0.00039228317091020493,0.5673097082450566,0.0,0.0,265.7179097895793,-6.328874641219101e-05,8.52346317969932e-07
1959-12-21,-0.0037766100238945527,0.00039091992512934633,0.5604052642419962,0.0,0.0,266.58482491229216,-0.00017109995255362517,1.2814997489840607e-06
1959-12-22,-0.002956251345448575,0.0003895367269462112,0.5537297882827213,0.0,0.0,262.2661374122634,-0.00010488464333916789,1.2819318726542406e-06
1959-12-23,-0.00207046305729171,0.0003881817315257875,0.5485292711275895,0.0,0.0,263.4442340937038,-5.393816252886239e-05,1.716613667213096e-06
1959-12-24,-0.002923085612092315,0.00038682673610536395,0.5435039283192091,0.0,0.0,265.1535437345056,-7.320637420072395e-05,0.0
1959-12-25,-0.0025166539990969295,0.00038548159060505154,0.5374482293137948,0.0003677548493369152,0.0,269.73408790631487,-5.6184175829429415e-05,0.00041909729683337223
1959-12-26,-0.002338908107604011,0.0003841148931427864,0.5494934196975048,0.0037658849131252813,0.0,266.7041343214822,-0.0003146335040613757,0.0037701781017282455
1959-12-27,-0.0034698709677168206,0.00038279129960442666,0.5599772135416667,0.00019169344151087403,0.0,260.49572281559085,-0.0002844779631175564,0.00019312546414346684
1959-12-28,-0.0023038764457918156,0.0003814328525025966,0.5551058954213748,4.623291519402111e-05,0.0,260.969703365405,-0.00011036703941848994,4.978436281669538e-05
1959-12-29,-0.002126151643230417,0.0003801026081634781,0.552412302480579,0.00011763363908239679,0.0,258.8896228876491,-0.00011995189565386476,0.00012043172352225086
1959-12-30,-0.0018800207871501732,0.00037877556294371186,0.5488518034221987,1.0803341865539551e-07,0.0,259.2773075642559,-4.0849839142486876e-05,1.1255848879194532e-07
1959-12-31,-0.002008066844131987,0.0003774485177239456,0.545177280117114,0.00011669099330902101,0.0,261.03140555487744,-8.195941731081171e-05,0.00011846409668900852
1960-01-01,-0.001357925224438899,0.0003761496752668909,0.5957026652248117,0.005518977630273097,0.0,256.5441485654612,-0.0002642892890394071,0.005523902381757021
1960-01-02,-0.0012650592515697587,0.00037482928084788355,0.6547635468161489,0.0013092035838102893,0.0,253.7774624115105,-7.742340281858283e-05,0.0013139227183743924
1960-01-03,-0.0007213287181773428,0.00037351368510790467,0.6632011111846752,0.0007899840925372928,0.0,252.342685092416,-6.70939094602725e-05,0.0007934380047949019
1960-01-04,-0.0008069046978223122,0.00037223639461280263,0.6741147948299201,0.0010775909838029894,0.0,254.0733699762664,-8.721683321699585e-06,0.0010793509119193297
1960-01-05,-0.001869181118442514,0.0003709357000340176,0.6951021528513418,0.0007760061929791662,0.0,257.3443834696337,-4.166729832436406e-05,0.0007798382117923371
1960-01-06,-0.0013648067827278614,0.00036958870241197484,0.6912646392419962,0.0006461742697125776,0.0,262.9907474877022,1.9134459017360278e-05,0.0006510956352498511
1960-01-07,-0.0030075877820704617,0.0003683609140794829,0.689302548625824,0.0006282985589261782,0.0,261.1873276884722,-0.00022397314508756003,0.0006325490729493608
1960-01-08,-0.003037729547858912,0.000367043718779828,0.6918943013624059,0.0007563637474835931,0.0,262.7324257866811,-8.365171461623942e-05,0.0007585382225823268
1960-01-09,-0.006099855874554586,0.00036576962740407824,0.6820036175111818,4.179523152820135e-06,0.0,265.5205504099528,-0.00038204266884401015,6.765379744060969e-06
1960-01-10,-0.0032227110896406873,0.00036446388158421067,0.6704329151218221,0.00016519322065310291,0.0,265.0807605355473,-0.00015440265421813492,0.00016678177695150412
1960-01-11,-0.0038900363159044987,0.00036320949004868335,0.6582364587011535,3.092839135288519e-05,0.0,266.6618476120541,-0.00020350529522882347,3.248498130700795e-05
1960-01-12,-0.0031742518820331595,0.0003619518993938037,0.6461075892331686,5.94682612661588e-06,0.0,264.38650996896064,-0.0002007493275707051,7.3805430396107885e-06
1960-01-13,-0.0014330865552196397,0.00036066265429480604,0.6714938463688795,0.004284114739989157,0.0,263.1878062210514,-0.0001534136264758595,0.004291941654882788
1960-01-14,-0.001679640494834232,0.0003594215643607964,0.6893616297375237,0.00014790972578996995,0.0,261.59514556137634,-2.7326125083333355e-05,0.0001500550000618575
1960-01-15,-0.002433214399774196,0.00035818367354613915,0.6810911936499531,0.00011519603641693202,0.0,262.29977510384026,-6.352382906749424e-05,0.00011644218594254734
1960-01-16,-0.0015178699109513884,0.0003569359328113707,0.6958462989936441,0.0021711433843030767,0.0,259.2280877610834,-0.00020810288224516616,0.002175955230131041
1960-01-17,-0.0012922678458488594,0.0003556996415563897,0.7179881525129473,0.0015505431062084135,0.0,255.65099234859375,-0.00017314267970916243,0.0015545251490928522
1960-01-18,-0.0010045350523991774,0.0003544550999409735,0.730404841248823,0.000533787880913686,0.0,253.18609852979415,-0.00010260180859579205,0.0005382458303213336
1960-01-19,-0.0021259929500730703,0.0003532454118890278,0.7303597832803672,8.785543637087116e-05,0.0,253.26409358583157,-6.573570965878708e-05,9.211384307193218e-05
1960-01-20,-0.0025901323405362795,0.0003520173709944817,0.7243723608904189,0.0,0.0,253.65237295650047,-7.959337389401797e-05,4.261732051702438e-07
1960-01-21,-0.0019648714927630235,0.0003507927817813421,0.7184467782633004,3.0543592016575704e-06,0.0,254.29786223431316,-2.3423809831762047e-05,4.358552962614467e-06
1960-01-22,-0.0017726962259933775,0.0003495844407270184,0.7130326955331922,0.0002554829974295729,0.0,260.1972124563099,4.5902311465160995e-06,0.0002585242023575778
1960-01-23,-0.00332924012242064,0.00034837315311539647,0.7187366665195387,0.0014082978842622144,0.0,263.432111366545,-0.00010467292267387196,0.001408875325305314
1960-01-24,-0.0031839953472385303,0.00034714831134020273,0.7117152097310501,5.507679645624539e-05,0.0,263.04466284915327,-8.428891289368862e-05,5.932076502654512e-05
1960-01-25,-0.002946687451863693,0.00034594687364869204,0.7014311882062148,1.9697588210725514e-05,0.0,265.9477219877944,-2.542246490885309e-05,2.1850641746951847e-05
1960-01-26,-0.0036661999121224147,0.00034475848499664476,0.6919720033692327,0.0013213807159224472,0.0,266.6841499845861,-0.00014816935958161868,0.0013250792101606784
1960-01-27,-0.004046127873625459,0.00034356024642448647,0.6890443848575801,6.552025844148324e-05,0.0,264.8471046706377,-0.000228541408597076,6.876904409904259e-05
1960-01-28,-0.004314966920742208,0.000342362007852328,0.6797449718985406,9.728063129435825e-05,0.0,262.25431668197143,-0.00022770012965646846,0.00010123912886908489
1960-01-29,-0.005140297577879523,0.0003411720196406047,0.6709839556850282,0.0,0.0,268.09891465828247,-0.00015992216113428612,2.5696708689793013e-06
1960-01-30,-0.0066151845000557985,0.00033999853214975134,0.6597344062647128,0.0,0.0,271.35489431837414,-0.00026564994605921086,3.025391549726919e-06
1960-01-31,-0.003297813110432383,0.00033882344509922183,0.6541423905367232,0.0016088210004197678,0.0,267.9260414899406,-0.00023277315947800708,0.0016134704608778182
1960-02-01,-0.0020215266336828974,0.00033762268090652207,0.6616783357609465,0.0035721207995199214,0.0,266.66948916189193,-0.00016880189568477838,0.0035841384512206795
1960-02-02,-0.003608633527311229,0.0003364483936358307,0.6795401420521423,0.0004682356733723549,0.0,264.7624522818011,-0.00016296621790881885,0.000475476943166916
1960-02-03,-0.004747376351033228,0.0003352433779818864,0.7000893343190915,0.0036937870127333092,0.0,265.2318235530243,-0.0003003762919182158,0.00370091503404283
1960-02-04,-0.005948126358164233,0.0003340499380887565,0.6978180448887712,0.0,0.0,261.1756180980561,-0.00030574182543040675,0.0
1960-02-05,-0.0049538570692983725,0.0003328564981956267,0.689596344971163,7.64640037622829e-06,0.0,262.17494611865834,-0.0001411603311192518,8.883213587814122e-06
1960-02-06,-0.0041522710757740475,0.0003316497567009791,0.7138035086364172,0.004804363358492232,0.0,265.865125063449,-0.00019894698687360785,0.004806715942618084
1960-02-07,-0.00451008828177964,0.00033045951592720164,0.7171037749382063,3.4436415144279176e-05,0.0,268.0410914699461,-0.00017938930225574367,3.826724989940079e-05
1960-02-08,-0.0037901141801796392,0.00032928097719526567,0.7062036546610171,0.001775669028698388,0.0,266.6547260176664,-0.00030356430906360434,0.0017828951378164985
1960-02-09,-0.0025296154837150357,0.00032807743481997047,0.7664856991525425,0.010763963505541539,0.0,266.0746109957076,-0.0001911618404805997,0.010787209280530698
1960-02-10,-0.0029153478263461664,0.00032687894368575797,0.8084300700329566,0.0024127030145313783,0.0,263.0955370240292,-0.00017590414059195813,0.00241606105738185
1960-02-11,-0.0020398812442176087,0.00032570520363285046,0.8521900931320622,0.005478211715396516,0.0,261.4937901254428,-0.0001539750035199742,0.00548437586264966
1960-02-12,-0.004241588383407917,0.0003245000616978791,0.8767579504325564,0.0001711445508030175,0.0,261.0997183345357,-9.566457615902195e-05,0.00017257221672241295
1960-02-13,-0.004030627761520235,0.00032334214886703064,0.8622879057056263,0.00046252611877217807,0.0,265.00153864485173,-0.00013110986621366383,0.00046510434391059584
1960-02-14,-0.004741116558427865,0.00032216015845368815,0.8772262314618646,0.002806933060035867,0.0,260.86028141804786,-0.0003408824835540885,0.002813366897350732
1960-02-15,-0.003416084174045736,0.00032097724197948047,0.8699955769626883,0.001355294348661509,0.0,262.0316313404149,-0.0001454969005143575,0.0013595794838574928
1960-02-16,-0.002400837712368723,0.0003198168035280907,0.893250776100518,0.004703341315021623,0.0,260.3390815900095,-0.00017714875060959726,0.0047313046152195155
1960-02-17,-0.002451445507464436,0.0003186297618736655,0.9674961930614409,0.005781673526359817,0.0,258.4491820649688,-0.00017669362852634012,0.005787675271724414
1960-02-18,-0.0024879191302310277,0.0003174626726215169,1.0071580100194208,0.0008207003107178683,0.0,256.92967789860097,-0.00012481210511283014,0.00082411193575983
1960-02-19,-0.003607107336911778,0.0003162889325686094,0.9956889179466809,1.0310214454844848e-06,0.0,258.422222252395,-5.603413818414602e-05,1.889892528223071e-06
1960-02-20,-0.002134412611271702,0.0003151167920753781,0.9838354538165018,0.001419573201466415,0.0,256.9520986416919,-8.120416731989317e-05,0.0014263279693152542
1960-02-21,-0.002110180965924667,0.00031395635362398833,1.0010450690030606,0.0036978965972439726,0.0,260.78090789493194,-3.282772640218843e-05,0.003700381332129894
1960-02-22,-0.002662766619590716,0.00031280576509270966,1.06245747079508,0.0050489625099015105,0.0,258.2232668063062,-0.0002746989129711006,0.005053485854197357
1960-02-23,-0.0017965538269382416,0.00031164692620099606,1.0611526288106168,0.0008523265941668366,0.0,252.68785543136454,-0.000139115715010018,0.0008538388262806908
1960-02-24,-0.002794232703534897,0.00031049633766971744,1.0714518229166667,0.0008199718796600731,0.0,252.673323410379,-0.00012235068795034442,0.0008217446378832885
1960-02-25,-0.0014283517322971322,0.00030934069789735613,1.0739484021892656,0.0019165492369293492,0.0,253.57686774833954,-0.00012302663871797465,0.001922272166000132
1960-02-26,-0.0010648337797930013,0.0003081786598862902,1.092679413473988,0.0009479265933656424,0.0,249.84440185704926,-0.00014009918112539303,0.0009541676036705942
1960-02-27,-0.0015724628826992663,0.00030705947323707544,1.0881428116907959,0.00012954250819939006,0.0,248.47018716025488,-7.715039376148397e-05,0.00013476494004673539
1960-02-28,-0.0021548455128561983,0.00030593363578710177,1.0800489292755415,0.00021120880619954256,0.0,248.4139355050642,-0.00011031547466577112,0.00021527768191147324
1960-02-29,-0.004300272692058046,0.00030480299965809975,1.070349282015066,0.0,0.0,250.5015036085456,-5.615032199075667e-05,1.2805575693164428e-06
1960-03-01,-0.0024163428757150297,0.00030366386060660846,1.0588512241054615,8.392637058839961e-06,0.0,252.38754106151634,-3.438282989512729e-05,1.1232372996272039e-05
1960-03-02,-0.0019166207751311827,0.000302563026799994,1.0484699601282959,0.00019821097369247912,0.0,251.46029296702585,-0.00010689584759332366,0.00020507600054328693
1960-03-03,-0.002275926708164862,0.00030142228818882656,1.0472890275570859,0.0012107516328493755,0.0,252.95531289411355,-0.00010197290803416302,0.001214198670473542
1960-03-04,-0.003499437986457416,0.00030031800270080566,1.0503754983963043,0.0007781267881730182,0.0,258.62952656934493,2.19646693959748e-05,0.0007816959234604591
1960-03-05,-0.0068979184590490525,0.0002991855144500733,1.0478623672169256,0.0011635337256442357,0.0,263.9009437848395,-9.047126365920244e-05,0.0011784392224866793
1960-03-06,-0.008172213399814348,0.0002980780298427,1.047838688794727,0.006917124372080895,0.0,267.4917809366058,-0.00027590975333741834,0.006938863389807286
1960-03-07,-0.0071851138425412155,0.0002969918446352253,1.045624411487759,0.0006215481855775004,0.0,267.328347610215,-0.00032132435695262957,0.0006337867959921125
1960-03-08,-0.007996594712222364,0.0002958710584263344,1.0416758621704332,0.005076773633054421,0.0,268.96215846893256,-0.0003892675221050527,0.005130799796041619
1960-03-09,-0.006932922591597347,0.00029482797714276503,1.02954653292726,0.002201279762101039,0.0,264.5539874455799,-0.0005868748040859308,0.0026009270867709254
1960-03-10,-0.005979218809618115,0.0002936954888920326,1.0575358072916667,0.003976097383068106,0.0,260.46485191460164,-0.0005443599759101194,0.0040092285508055705
1960-03-11,-0.006619130782151626,0.0002926210057263994,1.0568203970986347,8.100708999202751e-05,0.0,257.68381974387313,-0.0002733076959427467,8.344805163049407e-05
1960-03-12,-0.004773770011750993,0.0002915382722003312,1.0450448648628767,0.0005329870697805437,0.0,260.1528407238747,-0.00017747265092060393,0.0005366763489394538
1960-03-13,-0.006843554561084274,0.00029045048743318034,1.032426334819327,1.2549387533112435e-05,0.0,262.402091146638,-0.00010837019963116297,1.4130038627850595e-05
1960-03-14,-0.003398442630377194,0.00028939250498841715,1.0268975381797316,0.004551904560145686,0.0,263.65589875330807,-0.00012753605526887764,0.004554325981911266
1960-03-15,-0.005626385115971,0.0002883345225436539,1.0538403642155132,0.001338147089979743,0.0,260.42701823922425,-0.00032232532351367217,0.0013420312981732342
1960-03-16,-0.005227920278317512,0.00028726828973845575,1.1010974373970104,0.006647577351432735,0.0,260.42390167107015,-0.0003264341713850108,0.006653649103124587
1960-03-17,-0.005437332821094384,0.00028620365649293376,1.1240919440030603,0.0018226914528736288,0.0,262.66006459309784,-9.237063554047192e-05,0.0018271794187710397
1960-03-18,-0.007321118087755086,0.00028514407448849434,1.109444196165843,0.0011766904407301865,0.0,268.3283815114512,-0.00017582569376560256,0.001180996309335184
1960-03-19,-0.011611407759499417,0.0002841158943661189,1.0819551572063324,7.683606976169652e-05,0.0,269.574696294781,-0.0003821471295619415,7.855699629003873e-05
1960-03-20,-0.012683016516394537,0.0002830661622817907,1.0479527130414312,0.0,0.0,271.75897645680925,-0.0003751409055907174,8.12889311418985e-09
1960-03-21,-0.014314482988274032,0.0002820230809982214,1.013559689854049,0.0,0.0,272.60888390981097,-0.0005479849885496716,1.274607825507701e-06
1960-03-22,-0.015794672450776828,0.0002809882500750871,0.9806623153542845,0.0,0.0,272.2243187216491,-0.0006956423153985019,2.158618713110627e-06
1960-03-23,-0.009230498161356328,0.0002800263253982458,0.9566050384004239,0.0011056815668687983,0.0,271.54440204886174,-0.0003884157144838134,0.0021404780894142593
1960-03-24,-0.012235169819856095,0.0002789401401907711,0.9405101481579569,0.00018367663783542184,0.0,271.11962148159915,-0.0005391850372997381,0.00024063109001154276
1960-03-25,-0.013012998521664721,0.00027790370970796056,0.917713344882886,4.1658848018969524e-06,0.0,272.31515268372505,-0.0004968864285508118,5.468018916178415e-06
1960-03-26,-0.014917092134723557,0.00029762611214050467,0.8929767500882769,0.0,0.001407613030682176,274.44773407126104,-0.0006190803701763099,0.0
1960-03-27,-0.017963655882299284,0.00028619860525185107,0.861546748102048,0.0,0.0005117373719895627,274.3166418344961,-0.001190842481824638,0.0005170895177859891
1960-03-28,-0.017507665827449434,0.00028039565530873963,0.8355554268185028,4.723438687917203e-05,6.671319321050483e-05,274.0977141529378,-0.001303317872439064,0.0018035272584250965
1960-03-29,-0.013586793578950701,0.0002750495059342034,0.849630754546257,0.005091893218331418,0.0,268.48742834547375,-0.0013737680474664533,0.005412598114229192
1960-03-30,-0.012523802491904653,0.00027289506742509746,0.8432159711187618,5.0374048914613024e-05,0.0,269.80064509548043,-0.0006115241134065693,0.0001693510234692676
1960-03-31,-0.007603352899942022,0.0002718982891847859,0.8454189839336159,0.005252159121683089,0.0,268.64209678707374,-0.0006325422012704914,0.005276460381505504
1960-04-01,-0.006474455071371154,0.00027092306290642693,0.8978896778631121,0.005353621044064646,0.0,264.40315721802796,-0.000507569561402003,0.005388667522736997
1960-04-02,-0.00976196579677237,0.000269939586267633,0.9330468474134889,0.0027899033900371383,0.0,265.3654248691997,-0.0004830066914443916,0.0028066263956909466
1960-04-03,-0.010391448598123541,0.00026897926115046787,0.9262171168785311,0.00020278121034304303,0.0,269.76858941130274,-0.0003655437264317847,0.000495309277408783
1960-04-04,-0.013895882682948463,0.0002680138847922201,0.9154360783751178,0.00010440626976180213,0.0,271.4190163369906,-0.0004949449787789819,0.000291975810566487
1960-04-05,-0.017248342139909497,0.0002918558268897278,0.8962579357197505,0.0,0.0016168220610605123,274.4553359511209,-0.0006423296754137945,2.125524360963027e-06
1960-04-06,-0.011437899227869714,0.00031936404395238154,0.8748910332803674,0.0028614363512076903,0.0023621054902925333,274.72765730015533,-0.0006252464201659133,0.0066546498213734435
1960-04-07,-0.012770770549100672,0.0002729244488107283,0.8818265121086394,0.0025919568277684986,3.453432503393141e-05,272.35846445834346,-0.0009319856341949292,0.0036875789447343146
1960-04-08,-0.013801462359010837,0.0002642106370063825,0.8661477184116055,1.564621925354004e-07,0.0,271.60290105643696,-0.0007340258018950286,1.0192393915531284e-06
1960-04-09,-0.015892879100842666,0.00029659549058493924,0.8461932453507534,0.0,0.0018054802749453292,274.27718494796034,-0.000641087354239771,0.0011193132834648946
1960-04-10,-0.0163011653611889,0.0003342022330073987,0.8179076458774718,0.0,0.002375219301399538,275.4659801095219,-0.0008718981276040024,0.003889480233112863
1960-04-11,-0.015682283683685263,0.00026156008243560796,0.7989506550876885,0.0006186807222959012,0.0,271.53280211841997,-0.0013966554154952369,0.0007013311493868209
1960-04-12,-0.014114492441301295,0.0002606444608020244,0.7876162771451272,0.0015923013163488466,0.0,273.21873850202826,-0.0009973304356727223,0.002127440164272718
1960-04-13,-0.01470804605948723,0.00025974693944898707,0.7896321614583334,0.00030355862641738633,0.0,270.56785516685017,-0.0009815278647225456,0.00030544369897470615
1960-04-14,-0.020675793163857217,0.000259003733511025,0.7806968904484465,2.1095245571459758e-07,0.0,272.6280666071143,-0.0011176011067325787,0.0011426963185475754
1960-04-15,-0.017008642734444076,0.0002581213658812356,0.7849670525100048,0.0019618155971422037,0.0,267.5525962448839,-0.001519806783035987,0.0020969279927956935
1960-04-16,-0.007926131919615687,0.0002573135040574155,0.8235647197946093,0.009483800243354788,0.0,264.4733759526255,-0.0007266345996893732,0.00949354040409293
1960-04-17,-0.013148566676398457,0.0002564824907119665,0.8854879318208569,0.00011517440026762797,0.0,263.89074059394795,-0.0005730663420958708,0.00011802233997241788
1960-04-18,-0.015466205481082034,0.00025579063905834475,0.8779526762594162,5.876241346537057e-05,0.0,270.2489171288557,-0.0006165521713973439,0.00039728261525830014
1960-04-19,-0.014153667215236837,0.00025500938043756,0.868947519420904,0.0014501017870876078,0.0,272.5808614059132,-0.0007972613419011488,0.0018416747870742128
1960-04-20,-0.016466157542446912,0.00025421641977493376,0.8857810385034134,0.0029468668340626412,0.0,270.7963528462498,-0.0008284152922152127,0.003029737775944079
1960-04-21,-0.01426845031269526,0.00025359772692965925,0.8809145480225989,0.002097419447312921,0.0,273.4715786447184,-0.0007471337304108562,0.003425601882347333
1960-04-22,-0.013307621376325856,0.0002733323365281531,0.8932845695768599,0.004461722374804276,0.0010941895303753137,273.61340381241564,-0.0006661663768486788,0.005202903501731528
1960-04-23,-0.011856726460200919,0.00030992276924478134,0.8800508603313325,0.0016998388504577899,0.0026247968823559543,274.20060679333363,-0.0004314572187298436,0.00327142694238889
1960-04-24,-0.011116607504039162,0.0002648156915007338,0.913762956464807,0.011146364996662248,9.465953177314695e-05,270.8359028875491,-0.0011723938603269853,0.012374941777272467
1960-04-25,-0.010961004317143544,0.00025061320113596943,0.9369468904484464,0.0017822088073875945,0.0,265.6102638136869,-0.0009251002506431887,0.0018121720874700708
1960-04-26,-0.012040160975213777,0.00024991149956223653,0.9372655146539549,0.0006656445941682589,0.0,265.7866284214171,-0.0006085455964850841,0.0007197969882451983
1960-04-27,-0.011458411097189801,0.0002492760534340379,0.9432671900747412,0.0020516975282949246,0.0,268.213058891943,-0.0004268693763994228,0.002255958823766224
1960-04-28,-0.004803306933513469,0.00024859910294161005,0.959465529734581,0.007031291596970316,0.0,267.9244937717129,-0.00036519734809796017,0.007097529995262461
1960-04-29,-0.009175065462872134,0.00024793225493134754,1.0151997079508006,0.0028579309582710266,0.0,265.58817853765976,-0.0006515060283117375,0.0028654321606313847
1960-04-30,-0.013487758020223199,0.00024731170996434275,1.0110679382209276,0.00017047357761253745,0.0,265.4241635453679,-0.0005214190594641504,0.00017175564985824827
1960-05-01,-0.016873112716580516,0.00024673586848091944,1.0004931088894775,5.077928473046945e-06,0.0,269.3173315547505,-0.0005798302590847016,0.0007250231381609581
1960-05-02,-0.015160076656920762,0.00024611877519532116,0.9920045094750471,0.0005340452626936854,0.0,271.4376947076083,-0.0005793622300281363,0.0012887050876395987
1960-05-03,-0.0077926166313516225,0.0002456259424403563,1.0135573909781075,0.007254050928825713,0.0,272.0387070147556,-0.00038673462988124727,0.008862862765349965
1960-05-04,-0.007156606069055654,0.00024491093926510573,1.0344656676671375,0.00411550635419323,0.0,271.74348630384316,-0.0004601768917788221,0.00481872396953538
1960-05-05,-0.00678676046894095,0.0002442688423361482,1.0740925417108051,0.01049526126287078,0.0,270.84265423719046,-0.0006566081922185624,0.010858477020588191
1960-05-06,-0.012917663417967027,0.00024369300085272497,1.1064768071004003,0.0028324948655346696,0.0,271.0455356461405,-0.0007134838250734039,0.0032204080604564
1960-05-07,-0.018531312755608965,0.00024682780106862384,1.0881926972987288,6.008851157743378e-06,0.0002112106162275972,273.4012580519567,-0.0006822873180532187,6.996928532971961e-06
1960-05-08,-0.017563197109322092,0.0002837505212611398,1.0555918777954334,7.375148730089436e-06,0.0014721613777222606,274.8147440693024,-0.0009624634758900789,0.0021534171649950982
1960-05-09,-0.018771750147396564,0.00028036349574051336,1.02596396465984,0.0,0.002081378515662447,274.56892029713777,-0.000869822498979205,8.707510801286844e-07
1960-05-10,-0.018852150541240887,0.0005733808555171988,0.9860970879678674,0.0,0.006456606889848655,275.9602853017114,-0.0005593617778208296,0.00012408330630894515
1960-05-11,-0.021703725144014523,0.0020441475224360238,0.9293114038959511,0.0,0.015503696213334296,279.0723306400852,-0.0003569994363828568,2.463810176579942e-05
1960-05-12,-0.02513490970862114,0.002732229266463027,0.8615697368614643,0.0,0.01864127149689669,280.8155794844116,-0.0006522354748794588,1.5012969925010111e-06
1960-05-13,-0.029293133208980665,0.0005421232705735891,0.7960414275835688,0.0,0.008479191127133235,279.4961624001828,-0.0015387039336949419,2.172396818878042e-06
1960-05-14,-0.02528229296880927,0.00024519616601157324,0.7681845684733993,0.0,6.956421891174748e-05,272.0626357989123,-0.002159821611466044,8.52346317969932e-07
1960-05-15,-0.023112113529679467,0.000246145715147762,0.75752858882121,0.0,0.0,273.43238441194296,-0.0011546120710544667,8.553265615773853e-07
1960-05-16,-0.022071395258782277,0.0002839430577337406,0.74454936514242,3.054843278927992e-07,0.0012513472577609585,274.22405308653407,-0.0011436863102566052,0.00023436236515733149
1960-05-17,-0.024383912105008038,0.00026241239518095546,0.7242509802407016,1.9994495952196718e-10,0.0003354516364423569,274.7158411747992,-0.0015938541941386834,0.00023085697577761687
1960-05-18,-0.014482055217196041,0.0002575600046222493,0.7178037826624295,0.0032200297224993088,2.453192058256117e-05,271.57867538682035,-0.001277709169323835,0.0036686043391971723
1960-05-19,-0.013130799735670036,0.0002595657682688223,0.7425796882356404,0.003735080803349867,0.0,268.8552209275815,-0.000877347769541929,0.004331746454490943
1960-05-20,-0.01874812465097945,0.00026289470451699813,0.7696089520068269,0.002314039100866534,0.0,271.7271357031641,-0.0008418914456825471,0.002547115037003296
1960-05-21,-0.031517018537736884,0.0003519879054214995,0.7553359209480932,0.0,0.003433662345685528,277.60781995769725,-0.0015769491108965738,8.0297222195473e-06
1960-05-22,-0.021982729519154393,0.0009635606054532327,0.7197332292402308,0.0,0.006947431902764208,276.5892280679189,-0.0008483669999460717,0.0004091101177668167
1960-05-23,-0.025539771690543764,0.0014540745040117684,0.677955756753178,0.0,0.013080504907053071,277.9609499103382,-0.0008152208191021689,0.0026863739315399347
1960-05-24,-0.01639988281800922,0.00228476440165676,0.6424590432262242,0.002675721011424469,0.006929967573470316,275.8982027703984,-0.0006286615642618999,0.009011414950171848
1960-05-25,-0.020140515419386204,0.0008434002513939379,0.6408427035516714,0.0009361016590379726,0.001987206039287276,274.73534879666494,-0.0011906733967911053,0.005470930267188509
1960-05-26,-0.022757590406358583,0.0004590103181742006,0.6253820731814972,0.0,0.002717017769645163,274.62417211370956,-0.0013894091996937822,0.00034776569081732103
1960-05-27,-0.017762997519161744,0.0007772457464940132,0.5995047761446564,0.0,0.004852099670360318,276.812903305456,-0.0007433510769558492,0.0007751615201222693
1960-05-28,-0.017465600607085362,0.0005155480177389026,0.5853358841660782,0.0014947285970388832,0.002140899099367487,274.5557492178937,-0.000950393351163231,0.0036047412850876183
1960-05-29,-0.02480099038720805,0.0008673573617881302,0.5732104630120057,0.0,0.004022812270848764,275.10979348881324,-0.0012918201217291046,5.696991640349352e-06
1960-05-30,-0.02212050919142147,0.0013492403730834272,0.5455152148805321,0.0,0.007702744928962095,278.26463786985465,-0.0009112029394271684,0.0007854895739450832
1960-05-31,-0.027774422013826964,0.0018443682436215677,0.5098302234139594,0.0,0.010986390865623615,279.3414668031107,-0.001178704538924546,0.00019033744836801844
1960-06-01,-0.02470014092780776,0.0017195591482065493,0.4728408497381121,0.0,0.011987281826424733,278.9437154170035,-0.0008696076581201984,3.513493443115619e-05
1960-06-02,-0.029176718265996816,0.003208535118291607,0.43400363958039084,0.0,0.015106057969190307,280.54392235247656,-0.0013977763332468642,0.0006904861010391968
1960-06-03,-0.031532496803224425,0.002469484499618832,0.3913958131032251,0.0,0.015061904860418397,281.7117414241008,-0.0015443279276375719,8.38864131343159e-05
1960-06-04,-0.026998220485145764,0.0022654520758127765,0.3533374621145245,0.0,0.01120906380020966,281.9371848995403,-0.0014274441505556055,0.0008802159694628528
1960-06-05,-0.00923244604619883,0.002865865068920588,0.3246559962040961,0.0,0.009240829569976882,277.65275262663823,-0.0007074230092730226,0.0037788034832410226
1960-06-06,-0.021838298877753782,0.002833413370585038,0.30258862626530136,0.0,0.010716632534723498,279.6541013484172,-0.0011996456427173427,0.00010416938760186319
1960-06-07,-0.024010631155833014,0.0030953111284870217,0.27438969441501887,0.0,0.010081884319667762,282.6264365711679,-0.0013881036959125497,6.748643298607089e-05
1960-06-08,-0.011603899047536366,0.007012923305991007,0.250938171271775,0.0,0.007907562399819747,279.90827911003385,-0.001168899948440366,0.010158457072441188
1960-06-09,-0.004048847293449661,0.007424945969366084,0.23296119129590398,0.0,0.008594903253060952,278.7658898772044,-0.0010037809757694688,0.013228992079592961
1960-06-10,-0.007320879584988633,0.010878912557316366,0.2124570569974106,0.0,0.009690727365050613,279.0558795461996,-0.0013195035326699755,0.012996830643838895
1960-06-11,-0.008259201369716623,0.009938005589495947,0.19050072276659605,0.0,0.008638273756214454,278.6355521135636,-0.0012964271377288016,0.010779599752747043
1960-06-12,-0.008400982550982029,0.009856604250137416,0.1718129303495763,0.00030543324721735084,0.0081085834841607,278.19928089867426,-0.0015667113975363937,0.016447870298990527
1960-06-13,-0.023318788510257916,0.005612151181630496,0.15452630281897364,0.0,0.007120903528763749,279.59456189114275,-0.0015550968316146885,0.0012688765586432765
1960-06-14,-0.02039723152999824,0.007361636155069212,0.1348582697004473,0.0,0.00694236697071353,281.0880786119882,-0.001472384800429398,0.005312334615698187
1960-06-15,-0.006110939265644484,0.010782760331186199,0.11844015750058853,0.0,0.006660829029851041,278.381109736958,-0.0017072555666926218,0.013071854933753516
1960-06-16,-0.017720265619162113,0.011131681207209658,0.10470207487346987,0.0,0.006334270334849923,278.3733130704661,-0.0015524244988284544,0.0038416069611381647
1960-06-17,-0.018852278085078226,0.011335275604226496,0.08679406117584748,0.0,0.007864269475310538,281.7938905920686,-0.0016385795401230373,0.004176682671527808
1960-06-18,-0.02854565728855672,0.00908278223484923,0.07159021524835217,0.0,0.005763280778954932,281.1495466717219,-0.0017695277771454748,8.391946722558662e-05
1960-06-19,-0.025903872766737213,0.009790698939797568,0.05706798603754709,0.0,0.007596308418081305,283.59724389272,-0.0018756943675926176,0.002255893654393209
1960-06-20,-0.033014845502915356,0.009484304883385782,0.03943974554201978,0.0,0.006228021372341167,283.7946217423779,-0.0026107290864916845,0.0017681164440886547
1960-06-21,-0.03358283542138709,0.008134895630475493,0.02988906544256121,3.656189320451123e-05,0.0004250673040495081,275.1263290268778,-0.002125957954443444,0.0002267654257485128
1960-06-22,-0.03435959582780041,0.007762402464440987,0.02792904381473635,0.0,0.0006524431755987265,277.90464597367975,-0.002528948404189557,0.0010585488632828743
1960-06-23,-0.024850636005064864,0.007263773747083159,0.024594064486228813,1.4063497047639837e-07,0.0026608609336580932,277.47249605785885,-0.00187395696165198,7.039116592854414e-05
1960-06-24,-0.02996117718475687,0.006898823683544742,0.017490307939030135,0.0,0.0032323301890812353,281.82503233656377,-0.0024527545260675885,8.583068797918258e-07
1960-06-25,-0.035961837249960604,0.0062596778580024425,0.010081950329566857,0.0,0.0024339017684513573,286.1910576541994,-0.0027804422786848696,6.951602165308376e-05
1960-06-26,-0.0353645810299674,0.005838443077890214,0.005114079419726931,0.0,0.0013334784593622565,285.9995983396771,-0.0025224365336073322,0.00019272538901722366
1960-06-27,-0.03398845715206222,0.005483931067299708,0.0029287679496233523,0.0,0.0006933818218734978,283.7646358762982,-0.0025550681718830336,0.00038341916887100135
1960-06-28,-0.03529641831998772,0.005170120021044198,0.001599557880178908,0.0,0.00038114983567410273,283.50317960764283,-0.002648180908402481,0.0004462177132124278
1960-06-29,-0.02785034149380054,0.004882489136383359,0.0010588622587099812,0.0,0.00023071194267542351,284.26886253572457,-0.0022917340357003916,0.00030960184706132967
1960-06-30,-0.028039619915902952,0.004797172748436362,0.0005406956214689266,0.0,0.00014284783500736044,283.0839002864285,-0.003384864762804266,0.009548053296400166
1960-07-01,-0.03248920704180238,0.004410616590478327,2.2528984227871938e-05,0.0,6.852568374515254e-05,285.74969090176165,-0.002886942398371333,0.0015972746615720314
1960-07-02,-0.0321511252872688,0.004210326547003062,-7.3453647229951e-24,0.0,2.9953859620175124e-05,283.9994963773451,-0.0029533203628103618,0.0023776708963391094
1960-07-03,-0.03211113166506008,0.0039893733916309595,-7.3453647229951e-24,0.0,1.2726896563492254e-05,281.5722136165238,-0.002417535442164389,0.00028389072509419543
1960-07-04,-0.022329383440273635,0.0038800285866031543,-7.3453647229951e-24,0.0,7.541313514871113e-06,281.32985125108854,-0.0024449174150319424,0.005575012170109951
1960-07-05,-0.010668146197741988,0.004303766004109787,-7.3453647229951e-24,0.0,4.841467249864913e-06,279.9132027383578,-0.0029097939815140718,0.01085729523151466
1960-07-06,-0.02014982111036441,0.0048638592332096425,-7.3453647229951e-24,0.0,2.8834167846852104e-06,280.7823718047636,-0.0030941168782906347,0.011388586756194793
1960-07-07,-0.026792983171966794,0.0034089917685352477,-7.3453647229951e-24,0.0,1.6630369391145007e-06,283.80190935512053,-0.0030258851872999116,0.0016380250790243634
1960-07-08,-0.028284993885600636,0.003336220811315849,-7.3453647229951e-24,0.0,8.081985732256357e-07,284.5904284188079,-0.002711054332301778,0.00428223905492624
1960-07-09,-0.033101765407344046,0.00317794252923653,-7.3453647229951e-24,0.0,4.232940027269267e-07,285.7920618254811,-0.0032435546729103325,0.0009710185272781461
1960-07-10,-0.03589316457509995,0.00308564305305481,-7.3453647229951e-24,0.0,1.9760876052123685e-07,287.1219914107673,-0.0031758518942163493,0.0019375779417806363
1960-07-11,-0.030779447764326628,0.002995667316145816,-7.3453647229951e-24,0.0,8.622889464857888e-08,285.7803463657473,-0.0028724195172557727,0.0022074267438109913
1960-07-12,-0.025659935833033873,0.002951962294551613,-7.3453647229951e-24,0.0,3.7126621957552635e-08,284.50118676596895,-0.003129021090976263,0.005601488124529873
1960-07-13,-0.02276528967639148,0.0042538554486581835,-7.3453647229951e-24,0.0,1.4438130761270471e-08,283.63832749260797,-0.0029391118425265545,0.00903009947404727
1960-07-14,-0.027230490398945786,0.0031133067641554582,-7.3453647229951e-24,0.0,6.187770326258773e-09,285.56710979943,-0.0030981355667703565,0.007275628219368325
1960-07-15,-0.028233354332420114,0.002687260171787887,-7.3453647229951e-24,0.0,2.062590108752924e-09,286.21439039729637,-0.002860275018265692,0.0028041255283993813
1960-07-16,-0.03272389974129402,0.002645448271164113,-7.3453647229951e-24,0.0,0.0,286.6553004528843,-0.003218946241810497,0.0049133397755894564
1960-07-17,-0.030335297187169395,0.0025205429496064696,-7.3453647229951e-24,0.0,0.0,286.02325114018504,-0.0028280971919075917,0.0008570774462587278
1960-07-18,-0.032012810351821665,0.0024591973104045894,-7.3453647229951e-24,0.0,0.0,286.5628602302681,-0.0028800235819176766,0.0010169311263012214
1960-07-19,-0.033537126698736416,0.0024073007753339865,-7.3453647229951e-24,0.0,0.0,288.291927028735,-0.0031834837512276274,0.0018881834436853887
1960-07-20,-0.03803349000080831,0.0023295183976491294,-7.3453647229951e-24,0.0,0.0,289.77240799151343,-0.003179448462054555,0.0006793644071380917
1960-07-21,-0.036347086904412615,0.0023008841747617992,-7.3453647229951e-24,0.0,0.0,290.1406642066108,-0.003010861522986391,0.0033943064973397984
1960-07-22,-0.0374721252901406,0.0022238682387238843,-7.3453647229951e-24,0.0,0.0,290.0378664559115,-0.003322683785131759,0.0016609453043695225
1960-07-23,-0.03580402915423873,0.0021981130548789675,-7.3453647229951e-24,0.0,0.0,290.44080513345324,-0.0033030845172240244,0.003988082294410232
1960-07-24,-0.03161099940370032,0.0021394065207680744,-7.3453647229951e-24,0.0,0.0,287.3469029370899,-0.0034449630506378785,0.003479155727660394
1960-07-25,-0.03399093520675002,0.0020546913146972656,-7.3453647229951e-24,0.0,0.0,286.475650525138,-0.002873401678467201,0.0004938754321441914
1960-07-26,-0.03687139289022166,0.002001606306787265,-7.3453647229951e-24,0.0,0.0,287.6609472249637,-0.0027801447816319384,0.0002116064903190309
1960-07-27,-0.0341920145908318,0.0019561080946087165,-7.3453647229951e-24,0.0,0.0,288.9247069960485,-0.0025973596247070925,0.0007692817593141046
1960-07-28,-0.02684068174685462,0.001983198237284429,-7.3453647229951e-24,0.0,0.0,287.7380494802012,-0.0026720532737040926,0.007076635199078059
1960-07-29,-0.030789617385904668,0.0018697870989977303,-7.3453647229951e-24,0.0,0.0,286.59499538371347,-0.003068029838430006,0.0013424116844511303
1960-07-30,-0.03368811439828011,0.0018145059798396915,-7.3453647229951e-24,0.0,0.0,287.41689098667064,-0.0027412747448615437,0.00026736000163406974
1960-07-31,-0.03293848593356246,0.0018047897492424918,-7.3453647229951e-24,0.0,0.0,288.99193094544495,-0.0028833035526976076,0.003434913839614933
1960-08-01,-0.027949523959456195,0.0017847543382375254,-7.3453647229951e-24,0.0,0.0,288.2412854749605,-0.003335131953159968,0.005447894198653203
1960-08-02,-0.035104348455781996,0.0016885443595843128,-7.3453647229951e-24,0.0,0.0,286.32019616250943,-0.00282951746409559,4.267083481274357e-05
1960-08-03,-0.032557486014514324,0.0016488773001115877,-7.3453647229951e-24,0.0,0.0,286.47579136002537,-0.0026037516230243748,8.228453602726269e-06
1960-08-04,-0.03786309269693612,0.0016126412961442595,-7.3453647229951e-24,0.0,0.0,288.08249954898935,-0.0026149123559816414,0.00027238911827581416
1960-08-05,-0.035429188676473114,0.00157641623653261,-7.3453647229951e-24,0.0,0.0,286.89662519551945,-0.002543835679732137,0.0003664789394120575
1960-08-06,-0.0289549054735798,0.0015477232508740184,-7.3453647229951e-24,0.0,0.0,284.5730498721595,-0.002149501357669548,0.0013633333862050913
1960-08-07,-0.02601707878254228,0.001515359865070063,-7.3453647229951e-24,0.0,0.0,283.20937463433506,-0.0022462737709704767,0.001602673496869567
1960-08-08,-0.008980054892389115,0.0016659705315606069,-7.3453647229951e-24,0.0,0.0,280.0077059542841,-0.0033817604015776,0.017532924400510595
1960-08-09,-0.020602950142265042,0.001459648380171781,-7.3453647229951e-24,0.0,0.0,279.61911531222074,-0.0025526576249276177,0.0019642586256774907
1960-08-10,-0.029702554230636124,0.0014142135610688204,-7.3453647229951e-24,0.0,0.0,283.0634535809246,-0.002250690739286148,6.690099468165249e-05
1960-08-11,-0.031066368865428,0.0013973155600876459,-7.3453647229951e-24,0.0,0.0,285.68511030049876,-0.002439793904369834,0.0012016379324202174
1960-08-12,-0.03131715460854062,0.0013654762405460165,-7.3453647229951e-24,0.0,0.0,286.70035365476446,-0.002572382253063264,0.0010980880529817317
1960-08-13,-0.028585441073792132,0.00136732499478227,-7.3453647229951e-24,0.0,0.0,285.7538134580278,-0.00277934793782773,0.003999269682104732
1960-08-14,-0.02693523037231575,0.0013126857199911345,-7.3453647229951e-24,0.0,0.0,285.97950747143307,-0.00252454653171833,0.0010564723533914315
1960-08-15,-0.03383577678163173,0.0012988113919220402,-7.3453647229951e-24,0.0,0.0,287.53415365273,-0.0025693068943791475,0.0023050893309292755
1960-08-16,-0.015924718588758997,0.001987357008255134,-7.3453647229951e-24,0.0,0.0,283.3481742478136,-0.002669455241517159,0.012681433895212035
1960-08-17,-0.010696815568848519,0.0013868494727517252,0.02844675067678908,0.009689897614515434,0.003280202253053417,276.88981871955144,-0.0023279709604668753,0.018351404360453703
1960-08-18,-0.021727088228457394,0.0012813173444931117,0.0322562179996469,0.0,0.004080240146420096,281.10946564396,-0.0017876508303702216,6.882598155458141e-05
1960-08-19,-0.0244751677843137,0.0012457871672797338,0.010691152454096046,0.0,0.0016539388962384673,284.7721298993645,-0.0020235356701127556,0.002100935677108578
1960-08-20,-0.029618535801178993,0.0011849594486635286,0.003200954861111111,0.0,0.0005248050063343372,285.5240747376351,-0.0024100834198590732,0.00029958774929085297
1960-08-21,-0.03597276678866586,0.0011579113154761536,0.000988976430084746,0.0,0.00014392728522672494,287.9967503736249,-0.002617650902119734,0.00010299202749284648
1960-08-22,-0.03748902649024113,0.001182324300378056,4.5057968455743875e-05,0.0,4.559576427195706e-05,287.8573651646041,-0.002557708429288393,0.003913113000040581
1960-08-23,-0.035625820316500585,0.0011242500132760086,-7.3453647229951e-24,0.0,7.2637793876357004e-06,280.0721279223311,-0.0022293360177743234,0.0004301097641030918
1960-08-24,-0.03038062938189103,0.0011053059229069512,-7.3453647229951e-24,0.0,1.8937523755650065e-06,279.0576818002819,-0.0020145338533793466,8.374161292474801e-05
1960-08-25,-0.03273939728568503,0.0010900340848049876,-7.3453647229951e-24,9.74794818183123e-07,4.0174204077424305e-07,278.27393935898607,-0.0017851965217772175,0.0001399092722623096
1960-08-26,-0.03316132699028921,0.001078571808540215,-7.3453647229951e-24,0.0,1.692134192434408e-06,280.21294841299397,-0.002207846628070551,0.0006073113551807404
1960-08-27,-0.028954780455363004,0.0010723468274046472,-7.3453647229951e-24,0.0,8.35938305504578e-07,281.5626160932351,-0.002202056448296302,0.0017059122437461487
1960-08-28,-0.021487477682741347,0.0010558125157814242,-7.3453647229951e-24,1.6840921956940562e-05,4.519092834601968e-06,277.0600831737626,-0.002018042819016734,0.0013937690204102182
1960-08-29,-0.030488772791321,0.0010305546266210957,-7.3453647229951e-24,0.0,5.502253770828247e-06,281.26901490091154,-0.0020794923506719243,4.2686357555759205e-07
1960-08-30,-0.034019392131075354,0.001016020606466606,-7.3453647229951e-24,0.0,3.6795555198259948e-06,284.6314795794012,-0.0022319203800400776,0.0
1960-08-31,-0.025153814062560353,0.0010219677693426273,-7.3453647229951e-24,0.0,1.6986271419094108e-06,286.36230586567393,-0.0018202787275704963,0.00214881311017322
1960-09-01,-0.024569298798418314,0.0009980013141524322,-7.3453647229951e-24,0.0,7.317985518503998e-07,285.70293819477774,-0.0019012911318890791,0.0010729663115087065
1960-09-02,-0.027938000142237563,0.0009917647151623742,-7.3453647229951e-24,0.0,2.0028170892747783e-07,287.4294268649401,-0.0026602601937655004,0.002013925526101711
1960-09-03,-0.027682025006598672,0.0009638046645848766,-7.3453647229951e-24,0.0,1.4038240842226538e-08,287.34690928773466,-0.001986962853599403,0.00029911346690979045
1960-09-04,-0.03557727759504049,0.0009542321417964784,-7.3453647229951e-24,0.0,0.0,288.6277085140825,-0.002313372279164818,0.000766753793405946
1960-09-05,-0.03360805862535865,0.0009353830989471263,-7.3453647229951e-24,0.0,0.0,286.4017189083351,-0.0019844077096062866,1.2934207802572928e-06
1960-09-06,-0.028836764942454757,0.0009244312505937568,-7.3453647229951e-24,0.0,0.0,284.9514799710721,-0.0018199144909947606,0.0003043436080996937
1960-09-07,-0.022426787616506138,0.0009207168204636223,-7.3453647229951e-24,0.0,0.0,282.1940736465311,-0.001823793696818379,0.001444968732731905
1960-09-08,-0.01518228763746003,0.0009194210087512173,0.005728109183733522,0.0013387800946747517,0.0003354611706599004,276.53632936280104,-0.0017861254555357382,0.003802685953027165
1960-09-09,-0.02487871627518013,0.0008911281655737237,0.006080526865583804,0.0,0.00031018347642516013,278.12789244570973,-0.0015631432692378255,3.073986630525945e-05
1960-09-10,-0.029913936883716262,0.0008784852458932306,0.0036542931967984945,0.0,0.00025596873740018424,282.21791142752846,-0.0015169974563822234,0.0
1960-09-11,-0.02598788547145445,0.0008656528204847865,0.002254047860758004,0.0,0.00014762965551877428,281.00380972594644,-0.0014432688838260323,2.5749204723979346e-06
1960-09-12,-0.02504613402031236,0.0008536969537788865,0.0013864520803907722,0.0,9.440089770629582e-05,282.0365461468024,-0.0014961736834487,0.0
1960-09-13,-0.022038830117990744,0.0008437285820643107,0.0005406956214689266,0.0,4.4341688438997434e-05,281.54806860871685,-0.0012424805459413826,0.000293629822757958
1960-09-14,-0.012899971698637065,0.0009151291375779837,0.00042805070032956693,0.0,3.150736881514727e-05,279.8890718255339,-0.0019381218984470528,0.008901477233290874
1960-09-15,-0.011591339515427413,0.0008919718912092306,-7.3453647229951e-24,0.0,1.8326681380891533e-05,278.3778984946271,-0.0023039423171325596,0.007223998742440703
1960-09-16,-0.01319851208541353,0.0008287597342399555,-7.3453647229951e-24,0.0,7.24366913407536e-06,278.5326449291855,-0.001283250891177331,0.0019117236359150768
1960-09-17,-0.009929362368785728,0.0008161978027914878,-7.3453647229951e-24,0.0,4.196234342068602e-06,278.07459554654287,-0.0012512194876701146,0.001764296121425521
1960-09-18,-0.019415335466632735,0.0007934907903779026,-7.3453647229951e-24,0.0,2.506646817013369e-06,279.0610042291846,-0.0014635139476444764,0.0001267850061244747
1960-09-19,-0.025271551967677424,0.0007827549667681679,-7.3453647229951e-24,0.0,1.5646008785161597e-06,282.29419578940184,-0.0015694468760978706,0.0
1960-09-20,-0.027871177231861374,0.0007730795670363864,-7.3453647229951e-24,0.0,7.281469254843934e-07,283.97294909805896,-0.0015813914353901384,1.2874602930423862e-06
1960-09-21,-0.010205125530897561,0.0007721055193809467,0.004833616554849342,0.0027672650534554394,0.00020593302692733915,276.77481808994673,-0.000861548560824098,0.003690628110589875
1960-09-22,-0.005691183446827581,0.0007723344247893424,0.03889468205626177,0.004693905807147593,0.0006655786544252924,273.7105425423373,-0.0010598255584468948,0.006319662252898227
1960-09-23,-0.013036216888050576,0.0007638538119483128,0.04131447887241055,3.607503775149416e-05,0.0012812067223134016,274.6301281348909,-0.0010085879998692011,0.00013371407982276653
1960-09-24,-0.014557121037426643,0.0007649411757787069,0.03629373381591337,0.0004705955079719846,0.0009908274679029056,274.24554548604794,-0.0014883014662875295,0.002260621749401882
1960-09-25,-0.015425735400558194,0.0007926254285930913,0.02779800788606403,0.0,0.0019472379784631192,278.45160920381994,-0.0013515570774506043,0.0035239298531001308
1960-09-26,-0.00929220184936362,0.0008222746983759822,0.014579701109345576,0.0,0.0012891704353403912,277.2146567077062,-0.0015193274307806611,0.006697150182467431
1960-09-27,-0.014752570560759746,0.0007336849378327193,0.007782614612758947,0.0,0.0007011711302786897,278.9064824738296,-0.0014304048460671457,0.0008794969252947361
1960-09-28,-0.012911929417464694,0.0007523801703911044,0.004286713968338042,0.0,0.0003518876488094276,278.9405794987796,-0.001954028830142681,0.003788196602783635
1960-09-29,-0.015747106428873742,0.0007024766024896655,0.002531062411723164,0.0,8.289065569807582e-05,276.6724192696552,-0.0011001061121959472,6.21643684333753e-05
1960-09-30,-0.019642229807578914,0.0006952928116092575,0.0019678378060263655,0.0,0.00010747951850042507,278.12649176215047,-0.0012933000248704254,4.351138045421976e-07
1960-10-01,-0.020274407614422382,0.0006889527463643565,0.001326911193502825,0.0,5.672866804788342e-05,279.00042844581964,-0.0012156650171441547,0.00018062842431041483
1960-10-02,-0.01827810776267348,0.0006806403398513795,0.0005406956214689266,0.0,4.105800289218709e-05,277.59561083590694,-0.0010752624774214915,5.8194000492524855e-06
1960-10-03,-0.021633627598231796,0.0006738399381691454,0.0005406956214689266,0.0,2.5178626769006594e-05,278.3533753289117,-0.0011964563890702307,8.553265615773853e-07
1960-10-04,-0.02280151995561891,0.000667256150542006,0.0004731086687853108,0.0,1.897770216909506e-05,279.6474852301531,-0.0012491616067913294,4.351138045421976e-07
1960-10-05,-0.02053924224807718,0.0006607865209633348,-7.3453647229951e-24,0.0,1.2770863407749244e-05,279.48275445769286,-0.0011157123529810017,8.583068833445395e-07
1960-10-06,-0.021247989166591128,0.0006545204564002947,-7.3453647229951e-24,0.0,9.324327953117717e-06,279.7374841219513,-0.0011924562165461017,0.0
1960-10-07,-0.020844397950643877,0.0006507076112564001,-7.3453647229951e-24,0.0,6.433892048011392e-06,280.87806608268323,-0.001270363444073052,0.0003379133798308292
1960-10-08,-0.011373760504911174,0.0006967850324124266,9.011593691148775e-05,8.409910198658874e-05,1.0313834510954088e-05,279.5159537644036,-0.0013799234161858505,0.0056155174464479546
1960-10-09,-0.003261277231119447,0.0007625072352630271,0.05410956258827685,0.01803599298000336,2.6146686599079502e-05,273.3394673485765,-0.0010974012883537907,0.028168310334351163
1960-10-10,-0.006021309075719221,0.0006856096666411492,0.13790244122233994,0.00432521740427125,0.003709000572141281,271.6119533294563,-0.0004925182520669733,0.004428557790503044
1960-10-11,-0.009373721556138184,0.0006411525994370887,0.1186838383504002,-3.32540037941798e-09,0.0009895317719481086,273.7609344489606,-0.0008851226976951638,0.00032072090838387537
1960-10-12,-0.009379788138772136,0.0006365061311398522,0.1057365690471987,1.1715848567122121e-05,0.0010204495556947204,269.9989938682083,-0.0009473454165088256,5.6676473892394893e-05
1960-10-13,-0.00637956430851403,0.0006261186747901184,0.09820821011358287,0.0004953673414591342,0.0006325713300940681,268.355545259465,-0.0006030207805040867,0.0005531375353269521
1960-10-14,-0.0059436439289211555,0.0006168821437210687,0.10053444267890774,0.0021657670958567478,0.00035088942886072363,266.3438051227347,-0.0005392735339911645,0.0021692505406048887
1960-10-15,-0.008684250384064044,0.0006130050636280728,0.11137272319326742,0.00020705710696635276,0.00038815384446564376,267.1903043233293,-0.0006924176609701356,0.0002088067220753059
1960-10-16,-0.00790949228961589,0.0006639186271839897,0.09977673316854992,0.0,0.004018108176309511,272.75795959932435,-0.00030512363770924053,0.0
1960-10-17,-0.008088931946431177,0.0006421182283573905,0.07373437683910077,0.0,0.0027336565577714463,273.63119089446275,-0.0004852602447746164,1.870686724537172e-05
1960-10-18,-0.00388266242998468,0.0005970441520550831,0.07088744887299907,0.0037595947920265847,1.8285576906581384e-05,271.8073322202751,-0.0005516334526282919,0.004204886983297962
1960-10-19,-0.00730951875448227,0.0005999057643157614,0.0877366003119115,0.000811042337767822,0.0005710936114612946,269.70335916925063,-0.0005441707543144791,0.0008182275766692525
1960-10-20,-0.006426558950863316,0.0006179946795695246,0.0815574516684322,0.0008010514564601715,0.0013813747377213787,271.51292878131187,-0.0005000646747017312,0.0016993299379187115
1960-10-21,-0.008790081756263132,0.0006083353596218563,0.07972317855461394,0.0006438232747848425,0.001428877724345121,272.5280445766988,-0.000795465052169932,0.0010118123653711404
1960-10-22,-0.009039264235456111,0.0005941124959180584,0.07215045131532485,0.0006573330295287957,0.0007811389379413789,274.11253142850774,-0.0009372109957670763,0.0013108069007564855
1960-10-23,-0.010281666103055923,0.0006106241611437609,0.06471220831862053,0.0,0.002151882981008056,274.55752232294753,-0.0007447823882102967,1.712061020953115e-06
1960-10-24,-0.011146006484826406,0.0005903699472125641,0.050689524849929384,0.0,0.0010902496359947711,275.91684749481146,-0.0007593489467760939,8.642144848636235e-07
1960-10-25,-0.014520207451561752,0.0005827003111273556,0.042125292417019775,0.0,0.0008107856294866337,273.4044302565005,-0.0007791040559946481,2.144343852705788e-06
1960-10-26,-0.012769776549042957,0.0005920990712225101,0.034289803657603576,0.0,0.0015863667815755316,277.2021711891879,-0.0008264753367688698,4.410743663640915e-07
1960-10-27,-0.012889875530523096,0.0005635320298415793,0.026840066281191153,0.00037051552096329174,2.6070086632744743e-05,274.0763681882295,-0.0007525574636913963,0.0003751346619439528
1960-10-28,-0.009344107645042872,0.0005603942830683821,0.028477785502000943,0.00037641705429486644,6.502367934938205e-06,270.8112401621041,-0.0004262853634812065,0.00041393843068618553
1960-10-29,-0.006120276274317403,0.0005573888788115508,0.04494877184851696,0.005472819726009154,0.0,267.22535242917627,-0.00031394591439241746,0.005485701949392396
1960-10-30,-0.00852067709642615,0.0005582836219819925,0.07594865414606874,0.0013490351243207685,0.00025310589389949197,264.18185460724624,-0.0004398734703407449,0.0013520607523535696
1960-10-31,-0.007986232975108476,0.0005545489027001763,0.06949410016478344,0.0005389294971180501,0.00016611124162620072,269.03126678179444,-0.0004220650094629682,0.0005479232233446733
1960-11-01,-0.008732985599903065,0.0005512198822646492,0.0771562536782015,0.003427133721820379,0.0001021264762864948,269.32263010459656,-0.0005145474194975223,0.003631467452157015
1960-11-02,-0.01050410752242568,0.0005585959570556038,0.08625382532956687,6.175689441336077e-06,0.0007486914279265592,265.2664313738404,-0.0005965737552292603,6.168238860739153e-06
1960-11-03,-0.0026680204154407913,0.0005444384227364751,0.09571898724399719,0.00619652463217913,0.0,265.7648210435713,-0.00023283406376501937,0.006201261500763327
1960-11-04,-0.0034148085672976607,0.0005420033877852273,0.18746367776012243,0.008520135940131497,0.0,264.3976603865399,-0.0003245144577349647,0.008524594653763583
1960-11-05,-0.005252791747535016,0.0005452307519939661,0.18576181990054147,2.565382227385785e-05,0.0003842073098077613,265.2506215873187,-0.0003416332084748705,2.7789502567784285e-05
1960-11-06,-0.008398105742904427,0.0005564645016934239,0.16710988994821094,0.0,0.0012251482381995789,269.418310916132,-0.0004329509969990132,4.351138045421976e-07
1960-11-07,-0.003726331990654186,0.0005414436260859172,0.16185351010769777,0.007273259767368015,0.0003961035718688857,271.42020327537523,-0.0004021251142698493,0.0074994951896650815
1960-11-08,-0.0026686200819446546,0.0005325452756073515,0.23455109389712808,0.005697121538516492,0.0,262.15222941324987,-0.0003038359658613717,0.005701157185686526
1960-11-09,-0.003563714860859564,0.0005302693547502076,0.23988149754296142,5.962929062250644e-05,0.0,256.3068430697626,-0.0002705473294955189,6.050608243316736e-05
1960-11-10,-0.006140417761385104,0.0005364003828016379,0.23510190457274013,5.846811553179208e-06,0.0005663044035097974,265.5213878976424,-0.00039078648291570326,7.147337757261459e-06
1960-11-11,-0.005239881701388602,0.0005291395604947193,0.22618157625647364,8.585804936576027e-06,0.0002259620186467629,268.7044446158544,-0.0003711136405245733,9.459358116570094e-06
1960-11-12,-0.006082468492499853,0.0005240450471134509,0.22302452992584748,0.0007001526106548848,3.3156683215987216e-05,268.7829792144833,-0.0004643532789528033,0.0007018088284185378
1960-11-13,-0.005230609096039487,0.0005229916949730136,0.2206382966984463,0.00029341123030010596,0.00010980286840665139,267.38281325072666,-0.0003793760292274131,0.00030216662213497893
1960-11-14,-0.004610690314554226,0.0005191749772109556,0.21612307446151133,0.00020518021310790113,0.0,265.0159811677233,-0.0004063449999959456,0.00020691166479579453
1960-11-15,-0.003439326996857164,0.000517023316884445,0.2196529984698682,0.0015097828108375357,0.0,261.6830172960817,-0.00025932929652222137,0.0015115571224083336
1960-11-16,-0.004352868318894489,0.000514891608960211,0.2383617106579567,0.001157102054037617,0.0,262.93415236607785,-0.00031011230654298926,0.0011648028078725782
1960-11-17,-0.004764212600592167,0.0005127897033583648,0.24449143346869118,0.001298506781037918,0.0,265.76410718511954,-0.0003687909693788674,0.001349999072952178
1960-11-18,-0.004080353483641889,0.0005113676106188931,0.2429502670374294,0.00035878239294229923,4.528917498507743e-05,268.6157285363436,-0.00034794180343548464,0.00036272889808913397
1960-11-19,-0.004755476268671327,0.0005086207457181425,0.2714409262447034,0.004554705662747561,0.0,264.65741375206557,-0.0003964982684806916,0.004590750279297316
1960-11-20,-0.006311630377661711,0.0005108878269033918,0.27111977327565917,0.0,0.0002914402044593951,265.49909816174414,-0.00040073453390834026,8.545992713493433e-07
1960-11-21,-0.00841462843667316,0.0005045097931630195,0.2618713953625236,0.0011191553104731998,0.0,269.3097609503795,-0.0007080142307332006,0.0011200084019515476
1960-11-22,-0.004098286862763982,0.0005024759951284376,0.2728108264183145,0.0007168181914057436,0.0,259.9920581163884,-0.00030813319345483677,0.000721587146245892
1960-11-23,-0.003138854720834959,0.0005004387454124494,0.2710625312647128,0.00013495897505916445,0.0,262.6376797986794,-0.0002782132034584628,0.00013812812371442548
1960-11-24,-0.00735762984739185,0.0004984512504211254,0.26510568392478817,3.30620987267144e-05,0.0,269.3594705470314,-0.0005192833947344015,3.665445692758559e-05
1960-11-25,-0.013568012643668614,0.0004967191798538812,0.2536446379178437,0.0,1.9173227292669696e-05,273.74279783001055,-0.0009728584670077612,8.553265047339664e-07
1960-11-26,-0.007733746647498028,0.0005039686368683637,0.24105875191266482,0.0,0.0006419088859847711,270.3750316742001,-0.0006239356757220576,8.587129514125991e-07
1960-11-27,-0.0017870062656995269,0.0004924624148061721,0.2466498480902778,0.006731161858234028,-8.31350094854495e-10,265.46584069347205,-0.0002530409959749987,0.006734276743926985
1960-11-28,-0.0029524719647768534,0.0004904964717768007,0.30411232123940685,0.00048608248685039375,0.0,258.2336309867615,-0.00019222110152076195,0.0004892267075285936
1960-11-29,-0.004123042490185991,0.0004908567936406971,0.2991088177524718,0.0,0.0001558019848024778,260.9043889054696,-0.00024444410461658814,4.2262440298906003e-07
1960-11-30,-0.0051020342162099944,0.0004920374370564175,0.2919749459304379,2.2192985492911042e-05,0.00036462411116072014,266.3166417554723,-0.0003203291835337036,2.2661046119733048e-05
1960-12-01,-0.005105840031710049,0.0004898580790913038,0.28284656934145486,0.0,0.0003478116024348696,268.13906202298324,-0.00036192393340801787,4.351138045421976e-07
1960-12-02,-0.0048688095336580015,0.0004876812467467314,0.2737595725194209,0.0,0.0003300278031893369,269.0958375769147,-0.0003208957644084753,4.351138045421976e-07
1960-12-03,-0.003471866376319174,0.00048076997032273295,0.26659374632179855,0.0004415295933936276,0.0,266.2929410377689,-0.0002843145028514377,0.0004460266416679532
1960-12-04,-0.002196631862618829,0.0004788588332591084,0.2662107535899247,0.0015467086775323093,0.0,263.188508315724,-0.0001984735750882639,0.001547941447617213
1960-12-05,-0.002105050209888631,0.00047696259735667784,0.31205148930379,0.003287613823336397,0.0,257.70369672326274,-0.0002248835050116825,0.0032905989614907495
1960-12-06,-0.002551134402132304,0.00047506636145424713,0.31451496476282964,1.7658296951466364e-06,0.0,253.86545775390167,-0.00014232759926952214,3.898241147895419e-06
1960-12-07,-0.00311322101933808,0.00047319007795409296,0.3109151549258475,4.334202678190113e-05,0.0,263.08120524232226,-0.00012161639534820946,4.590623566535492e-05
1960-12-08,-0.0027611937563298116,0.00047131539401361507,0.3054944054555085,6.90035311515722e-06,0.0,262.34820918354393,-0.00016510351903021003,7.334839821276008e-06
1960-12-09,-0.0065748820365485496,0.0004763446621975657,0.29997710319562154,0.0,0.000450295264606422,265.1090574066967,-0.0002805660294610902,4.351138045421976e-07
1960-12-10,-0.005498272382606894,0.00047032505610568375,0.290879301656662,0.0,0.00017735985039317676,267.37646250177016,-0.00029873345994343195,4.276632239452738e-07
1960-12-11,-0.005135361126250467,0.0004712139482552049,0.28256035928672324,0.0,0.0003551830258746605,267.01217340659736,-0.0002954183882996861,4.351138045421976e-07
1960-12-12,-0.005475178655594756,0.00047009627697831505,0.2740257823534605,0.0,0.0003997758872764932,266.2332541866267,-0.00024261379267199567,1.2947936056662002e-06
1960-12-13,-0.005934318664383755,0.0004761204712808469,0.2649884412517655,0.0,0.0008981680171301136,268.27260277096167,-0.0002704823000282891,4.351138045421976e-07
1960-12-14,-0.0035168124878473877,0.0004693438946190527,0.25426257577095107,0.0002795358077954438,0.0005762294397852514,269.1714392444733,-0.0003482816888198341,0.0002813861530703203
1960-12-15,-0.0032421693542582846,0.00045843498181488555,0.262004040504355,0.0013434750759332196,0.0,259.2698863975971,-0.0002784031932636843,0.001345741041636063
1960-12-16,-0.0032513433341252603,0.00045663825536178336,0.2608442575918079,0.0,0.0,261.35689873345154,-0.0002272981666238968,8.448338917332876e-07
1960-12-17,-0.002690579300209628,0.000454857229849713,0.2576187047581215,8.1059917555017e-05,0.0,261.0076127779686,-0.00023473130991566655,8.434855285717492e-05
1960-12-18,-0.002809507782849889,0.000453077930178346,0.27711110375470815,0.0022727195068267783,0.0,263.5205744152465,-0.00020278258891092183,0.002279150256365059
1960-12-19,-0.0021749152723005262,0.0004513209822487697,0.28897560248940674,0.006368647818848239,0.0,266.1605497744573,-0.00016394465909165852,0.006443908659078307
1960-12-20,-0.0019070757816066852,0.0004495458077576201,0.3403290427112759,0.001976405349323305,0.0,260.9064643414456,-0.0001824441402729622,0.0019815607933001333
1960-12-21,-0.0007870997075980667,0.0004477658345874421,0.367398996586629,0.008117016362773496,0.0,261.89384582217804,-0.00011534884172139196,0.008121883380770818
1960-12-22,-0.001619732186282422,0.0004459998365175927,0.42884795050612057,0.00512272165825138,0.0,263.8057839488804,-9.982877195218191e-05,0.00512607994195641
1960-12-23,-0.005408249542874806,0.0004442628409902928,0.43357972685675616,8.156695692552685e-05,0.0,268.29608610480074,-0.00035670010825503346,8.200189818010478e-05
1960-12-24,-0.004471936847193767,0.0004425480709237568,0.4205579739730462,-3.9988991904393437e-10,0.0,269.13725567762015,-0.00025656976142508835,0.0
1960-12-25,-0.002992312197631362,0.0004408277023983541,0.41455859742820156,0.0020848035096785447,0.0,266.2004329659845,-0.00020808411898922785,0.0021170478923723795
1960-12-26,-0.002057921414994924,0.00043912543415349756,0.4231035193032016,0.0008202999367215539,0.0,261.4614295815793,-8.851236079709005e-05,0.0008267476730629106
1960-12-27,-0.0016830726026815213,0.0004374580194721115,0.453049596869115,0.002695266346810228,0.0,260.4714890280686,-0.000150423717953391,0.0027003615252260975
1960-12-28,-0.0014919125090884628,0.00043576400158769,0.45442064648069685,2.406628034209128e-05,0.0,257.47067884671486,-3.633465049630505e-05,2.5342999327739594e-05
1960-12-29,-0.002574268665354131,0.00043408168574510995,0.4554535314412665,0.0011059044739284085,0.0,261.466196990507,-9.092109772445118e-05,0.0011078156656114933
1960-12-30,-0.0016121556614078372,0.00043239936990253,0.45558318804437387,0.0018993405635747535,0.0,264.4994217967808,-0.00010399942912456007,0.0019011887284995474
1960-12-31,-0.002386103410505306,0.00043074180514125505,0.46448190692678915,0.0003961360260928418,0.0,259.21449496382377,-0.00012955077434495345,0.0003987042412231804
1961-01-01,-0.0016053164914502937,0.00042908264082030395,0.4935532621969162,0.0028638433096772535,0.0,257.44500427461617,-0.00012044141353186916,0.002869650974112042
1961-01-02,-0.0020559692786911786,0.00042745327882174055,0.5032547485581451,0.0005781590349256656,0.0,255.89610212221885,-8.575068944591588e-05,0.0005827745137565417
1961-01-03,-0.0029798208151833486,0.00042579411450078934,0.4999027575476695,0.0,0.0,259.8700528225657,-8.435642588778405e-05,1.291987302920461e-06
1961-01-04,-0.004309605575550748,0.0004241796536634198,0.4913886406102873,0.0,0.0,263.79250635265635,-0.00015396379607882205,0.0
1961-01-05,-0.004620438494251273,0.00042253699006333865,0.482020031485405,5.567520014983787e-07,0.0,264.6105494382467,-0.00016435287303506992,1.416266940650222e-06
1961-01-06,-0.004257853421787758,0.00042094408118792176,0.47170750389889365,0.0,0.0,267.39732330307896,-0.00015023580126169713,4.439542494431197e-07
1961-01-07,-0.004053311622412192,0.0004193296203505522,0.4605768063647599,5.9955495562257074e-05,0.0,267.87785411554546,-0.00019626590912624943,6.105983998000286e-05
1961-01-08,-0.003952206233463719,0.00041770850871242373,0.44928771627824865,0.0,0.0,269.79450560603885,-0.00020345252028292857,1.2934207802572928e-06
1961-01-09,-0.004811512337902845,0.0004161089490362481,0.438892429157839,0.0,0.0,267.02434883189517,-0.00031827665907514975,2.1446809910230513e-06
1961-01-10,-0.004189646850198002,0.0004145011389996373,0.4297114083097929,3.7228488652719622e-06,0.0,265.28000552865296,-0.0002303376457111984,4.5748916429178195e-06
1961-01-11,-0.004742585796084108,0.0004129082301242203,0.4224922481903249,0.0,0.0,267.00252203213967,-0.00018461740517852,2.583170498837717e-06
1961-01-12,-0.005771634226801705,0.00041130707088836844,0.4142951462452919,0.0,0.0,268.77123891252137,-0.00026504551770828536,2.34842264035251e-06
1961-01-13,-0.0031762679165366014,0.0004097373135345804,0.4221099451212335,0.0018396004403041582,0.0,264.27169847578205,-0.00021243369533012143,0.001845945367712231
1961-01-14,-0.0023933885629567725,0.0004081526550195985,0.42401870181556034,0.00044939601741268145,0.0,262.83488201062335,-0.00013998363924733664,0.0004556161203886327
1961-01-15,-0.0039224984534716205,0.0004065746473053755,0.42881852489406785,0.0008612758569461479,0.0,267.3495123947632,-0.00015257607808725983,0.0008624336023082557
1961-01-16,-0.004632282602248219,0.00040498838923071743,0.42223086599576276,0.0,0.0,269.11064649750733,-0.00020879028249258378,1.2775253708241507e-06
1961-01-17,-0.006448185797465051,0.00040342688223736435,0.41410640853048497,0.0,0.0,268.7469851140024,-0.00034354747625562433,0.0
1961-01-18,-0.003747133211900959,0.0004018770772858529,0.4211867165430791,0.0029726019181774165,0.0,263.27388656745524,-0.00036341132396190185,0.0029777008093009563
1961-01-19,-0.0034855937553664386,0.000400308919491741,0.43409835326918556,6.09937360731222e-08,0.0,258.21324390476036,-0.0001549160497336738,6.305632618187512e-08
1961-01-20,-0.005189734242730222,0.0003987705640200168,0.4296645112405839,0.00025753704252216104,0.0,262.8630041240972,-0.00033857641836344186,0.00026054656150644394
1961-01-21,-0.005750426128085725,0.00039720585790731146,0.42390237869291436,0.0,0.0,265.04996207429417,-0.00032527625329245287,2.571536526829732e-06
1961-01-22,-0.008902147159738057,0.0003956824035967811,0.41521469662193977,0.0,0.0,266.3709449875826,-0.0006808959010799053,2.1457670982272248e-06
1961-01-23,-0.006874472618439777,0.00039415069892581584,0.40715483757062143,0.0,0.0,267.77289856445543,-0.0003927768297535552,4.351138045421976e-07
1961-01-24,-0.004764677483146474,0.0003926272446152855,0.4008513197387006,0.0,0.0,265.14307108661774,-0.00022998997299684645,4.351138045421976e-07
1961-01-25,-0.002363310569086991,0.0003911386438682255,0.395759079640419,3.843922904655759e-05,0.0,262.63613608193265,-0.00017969932217719192,4.170492964298021e-05
1961-01-26,-0.0013827366259811962,0.00038958698679498365,0.3947694135475518,0.00036028094884365966,0.0,251.47024657183005,-0.00018067730032959902,0.0003677420864321281
1961-01-27,-0.003143529097239177,0.0003880486313232595,0.3971687503678202,6.957663654607569e-06,0.0,252.42496277832495,-0.00010718056921568294,7.63377227352164e-06
1961-01-28,-0.003366911941665715,0.0003864871243299065,0.39443446732285786,9.45783856898378e-06,0.0,259.3295376520822,-0.000128802817083348,1.2819561576179858e-05
1961-01-29,-0.004181000640836813,0.0003849139152947119,0.3907875305290725,8.308765410029956e-06,0.0,260.5309500433856,-0.00026191747352733455,1.1612836821658251e-05
1961-01-30,-0.00670063626126381,0.0003833308563394062,0.38564011740819215,3.280856851804055e-05,0.0,266.678451494982,-0.0003839927162490996,3.808938845106426e-05
1961-01-31,-0.006296075249122361,0.0003817741480250817,0.3792464836393597,8.7389291006293e-05,0.0,269.84142854837825,-0.0003912974422597616,9.142720685144795e-05
1961-02-01,-0.0069960019430198245,0.00038018443826901715,0.38527091793196805,0.003577560144292433,0.0,267.6623039137846,-0.0006177118363774428,0.00361839802906739
1961-02-02,-0.0035299995524735103,0.0003786194795942576,0.39661035340160083,0.00046690136699353233,0.0,264.601444714936,-0.0001415250938659334,0.00047193598255607815
1961-02-03,-0.0014127940781372417,0.000377061171720257,0.4229071952977872,0.009951188108005094,0.0,265.2163220349903,-0.00017248761792809279,0.009963986900566662
1961-02-04,-0.0028216518082861174,0.00037549621304549743,0.518079279955273,0.004328705412519854,0.0,263.24292557567304,-0.00020885503308921212,0.004334618159242834
1961-02-05,-0.004592101873651063,0.0003739246035699791,0.5279049056173494,4.881456241769306e-05,0.0,260.36224489876554,-0.00015035783082751906,4.9515009759051995e-05
1961-02-06,-0.006257683754304035,0.00037238864743776917,0.5191119350282486,5.355683592079724e-06,0.0,265.1708961170721,-8.973155675803202e-05,5.788334916594124e-06
1961-02-07,-0.00481281450576028,0.0003708352645238241,0.5087283721751413,8.820245663324993e-06,0.0,267.6389722770217,-0.00012452592073524066,9.68205053254036e-06
1961-02-08,-0.0041781624747534935,0.00036928428094939325,0.5012069098693503,0.0006195453684882255,0.0,268.7610804168069,-0.00021219918093944002,0.0006247235046199206
1961-02-09,-0.005266689563875144,0.0003677342234358276,0.4910019696769068,1.1795132005282042e-05,0.0,266.28686618625335,-0.00025335394140690734,1.307101236224848e-05
1961-02-10,-0.006831867420403971,0.0003662222186050847,0.4868833035399012,0.0009438025075837044,0.0,270.6524659352563,-0.00030337132008398995,0.000981732091627121
1961-02-11,-0.0087092517964584,0.00036466710985043625,0.471558996513065,0.0,0.0,272.291023556122,-0.00048345764625375555,1.2792098757639559e-06
1961-02-12,-0.0043170154094696045,0.00036319820894359877,0.4808368000382534,0.01200086440322763,0.0,270.0420096409972,-0.0005462047943876963,0.012271874200152811
1961-02-13,-0.005324378778031991,0.00036163804894786774,0.5807459484610406,0.0025210810330628004,0.0,261.97138993214753,-0.0003757533948805373,0.0025226363522858272
1961-02-14,-0.005821365842037956,0.0003601292432364771,0.5728414934233758,1.5929551784601588e-05,0.0,263.66179596277726,-0.0002620908679009158,1.820578412997183e-05
1961-02-15,-0.006620479126771292,0.0003586254887661692,0.5615197592984935,9.155269228132433e-06,0.0,266.6041179807847,-0.00025461481536849073,1.1272265355869756e-05
1961-02-16,-0.004253368509017815,0.00035710018233390856,0.5514456251471281,0.0021541174816883217,0.0,267.5258805226472,-0.00027521131928526075,0.0021591450235928793
1961-02-17,-0.002453523966888924,0.0003556211789449057,0.5845034611876178,0.00402654309646558,0.0,264.0663491265248,-0.0002516789235553499,0.004033154959116707
1961-02-18,-0.003660838524837279,0.0003541421755559027,0.6150421889712806,0.0019770664936405117,0.0,260.84747156764604,-0.00028971185392073995,0.0019809788903274107
1961-02-19,-0.004574397610405744,0.0003526549218064648,0.6167141614436206,0.00013691685714964141,0.0,260.373339723059,-0.00017882223730370149,0.00014118506746279655
1961-02-20,-0.0060985194424451415,0.00035119081957865573,0.6152621913988936,0.001009415287924352,0.0,265.06051541631956,-0.0002231881927467336,0.0010146823137143774
1961-02-21,-0.008215459221500462,0.00034972671735084666,0.6037006845133004,7.573957160367805e-06,0.0,268.1590802000516,-0.00028372905348653853,8.269588780591622e-06
1961-02-22,-0.003826987187741167,0.0003482791158439076,0.6010723796492468,0.007375406048728921,0.0,268.66009565306695,-0.0003399891978771673,0.0074341999945326444
1961-02-23,-0.0054466685669570325,0.00034682486353620974,0.6663045937058616,0.00396504825623022,0.0,260.1279894151706,-0.0004308737267208638,0.003973076488338622
1961-02-24,-0.006299090334924602,0.0003453591617487245,0.6872390775806263,0.0005239737614736719,0.0,261.4416674454109,-0.00013519904055332734,0.0005301678838959098
1961-02-25,-0.00807741873681882,0.00034394296212384936,0.6787210525541432,0.0028533018325681745,0.0,265.7509388501586,-0.00040369817071546945,0.0028860447587531536
1961-02-26,-0.005702218682752492,0.00034248711025647527,0.6814392434675142,0.0008329611671509718,0.0,258.3763543216971,-0.00043679771176670905,0.0008376274235941998
1961-02-27,-0.005924797706348075,0.00034107916099203507,0.6857714751794963,0.00037763103590173245,0.0,258.42829847605213,-0.000228423177985485,0.00038213315765714835
1961-02-28,-0.003940078329905278,0.0003396746634090014,0.7019502743938325,0.004001656894461584,0.0,260.8597461499288,-0.00018067631638992977,0.0040097938921318755
1961-03-01,-0.007191609822760867,0.0003382435626229324,0.726705949858757,0.00013229495051216947,0.0,264.49917494060855,-0.00022178872535794471,0.0001337146018184511
1961-03-02,-0.00808887107897613,0.0003368571653204449,0.7299857561646659,0.003968404721742296,0.0,264.3653394803265,-0.0006217888561682513,0.003972288110842996
1961-03-03,-0.005159754411312147,0.0003354574664164398,0.7349704088688795,0.0005294331849294867,0.0,258.8899981575946,-0.0003339099345234155,0.0005351109339661926
1961-03-04,-0.004219114106927215,0.00033407612035503496,0.7313577253266244,0.0005356225969090974,0.0,258.06917128410265,-0.00024277674781400605,0.0005391872720743433
1961-03-05,-0.0061670118721865,0.0003326979734129825,0.7232638429113701,6.051578343251331e-05,0.0,257.0606350764043,-0.00027352811947549134,6.304555020089877e-05
1961-03-06,-0.0062096740229655115,0.0003313264772716889,0.7126841859404426,0.00018674373037397526,0.0,260.92896705742385,-0.00019618377910327108,0.00018788554237387278
1961-03-07,-0.005400520470519524,0.0003299616319311541,0.7144444352489407,0.002155126845937665,0.0,261.94315640580635,-0.00027379003158733674,0.0021711484154713677
1961-03-08,-0.0076055916099898565,0.0003285850845487778,0.7275698674376176,0.0012608114103812957,0.0,261.88892401140293,-0.00027082905720519484,0.0012706671393060414
1961-03-09,-0.010872075618323634,0.0003272516410903069,0.7150384647922552,0.0,0.0,266.58573661775466,-0.0004290111762824032,1.716613667213096e-06
1961-03-10,-0.008896772807600808,0.00032590329647064214,0.6995235809498589,0.001988213740836429,0.0,265.91967714888006,-0.0005700321615499966,0.00201594809353225
1961-03-11,-0.00934140619921819,0.00032456320221141237,0.6970196452742468,6.206668281959275e-05,0.0,263.3424689837095,-0.0004978086010126745,6.303401653376003e-05
1961-03-12,-0.009722894741653722,0.0003232313583126176,0.698137128869468,0.002005776779799812,0.0,264.23212541339535,-0.0005780716852869019,0.0020200398681291484
1961-03-13,-0.010840443483853745,0.00032188621281230523,0.691034291872646,1.5882785710911293e-06,0.0,266.2820841291755,-0.00044748475932973933,2.2101705357179803e-06
1961-03-14,-0.010677501096227076,0.00032056767051502817,0.67476215829508,0.00010776477681714936,0.0,270.1507144647803,-0.00045105633930971403,0.0001264265028096862
1961-03-15,-0.012410469563667386,0.00031925392689677957,0.6568132246056968,0.00014482876338527703,0.0,271.4945876270589,-0.000513306413750864,0.00020686266775729272
1961-03-16,-0.010780673326745547,0.0003179917901249255,0.6370987541931498,7.900869273870005e-05,0.0,271.84233016752256,-0.0005457748758927577,0.0008536518629311706
1961-03-17,-0.005683314918124743,0.0003166681965865658,0.6409047732020952,0.005421478027677806,0.0,270.3623666673506,-0.00045204139446134627,0.005703907891830121
1961-03-18,-0.006799996572699251,0.0003153329010063646,0.6789950785663842,0.003814279107050707,0.0,267.60526326281877,-0.0005695538142811781,0.0039036049850365274
1961-03-19,-0.01012631564658914,0.0003140838132739741,0.6696542858403955,7.29155069017141e-05,0.0,267.0890108708384,-0.00042147755538676416,7.651082874438179e-05
1961-03-20,-0.01148070117174569,0.0003127833712572432,0.6564136799670434,6.414360582491773e-06,0.0,268.6621766207133,-0.0004809006554006184,9.487358761426206e-06
1961-03-21,-0.012842253987061774,0.00031152763272409385,0.6613208605520245,0.002792087715055983,0.0,266.7129635496553,-0.0008936452516223079,0.0028420950228211575
1961-03-22,-0.011456251144409181,0.0003102255911476868,0.6544644630561441,1.592445844984324e-05,0.0,265.1115220531457,-0.0004666949922250489,1.7908300536306076e-05
1961-03-23,-0.013551290131221383,0.0003090012544966014,0.643812851268244,0.0,0.0,270.37051061138146,-0.0005031408647359428,1.2906702977488749e-06
1961-03-24,-0.016638769057847686,0.0003092991093457756,0.6265188673346281,0.0,6.304294039300607e-05,273.6459331009572,-0.0009373987809160336,0.00015720963481554223
1961-03-25,-0.0069976664953312635,0.000307391760712963,0.6127941181879709,0.0038708461038136893,0.0,271.375853683989,-0.0006312342192241028,0.004525033571786483
1961-03-26,-0.004309961982702805,0.0003052537387373757,0.6715497090542608,0.009263320115663238,0.0,268.33695167067367,-0.0004709768240566308,0.009323261147815792
1961-03-27,-0.002814301410637333,0.00030402620296693795,0.7233560278366291,0.006533643956911767,0.0,265.87679487253536,-0.00022622957657286003,0.006558728925252366
1961-03-28,-0.0072272925053612665,0.0003028018663158525,0.7820313879325566,0.0024198764293207288,0.0,262.4283059078871,-0.00047601458463965166,0.0024318397381430158
1961-03-29,-0.010387552239127079,0.000301594030385637,0.7740740587482345,6.699522083762002e-05,0.0,262.075609390345,-0.000340457847815449,6.726990311832753e-05
1961-03-30,-0.006644826656007497,0.0003003614433741165,0.7639376250588513,0.0024345031397490853,0.0,265.83382539695265,-0.00024312594116239226,0.0024449355058713427
1961-03-31,-0.006863654964724504,0.00029918181020661266,0.7750588972016242,0.0028963034688416173,0.0,266.20203489098844,-0.00029551903953996755,0.0029372082928479735
1961-04-01,-0.010416233228088101,0.0002979755738360734,0.8325852791019304,0.008167492762460548,0.0,269.052311252515,-0.0004552775772951418,0.008244707708876066
1961-04-02,-0.00589484207879352,0.000296855797875399,0.8439049442384652,0.01054949203958619,0.0,271.33879683471224,-0.0002844878498696338,0.011422374086842187
1961-04-03,-0.010481963091987675,0.0002955998067801955,0.8765027752030368,0.001175333530047519,0.0,271.86459562872767,-0.00045246868736326367,0.0012914016238978728
1961-04-04,-0.011322422637104316,0.0002956736390873537,0.8626750364141951,0.0054763485230295,0.0,267.76300906237014,-0.0011954727598418625,0.006525798261440811
1961-04-05,-0.007694999587401159,0.00029324373956454003,0.8657378288312149,0.0009422392116091346,0.0,260.01072084746573,-0.0005265580027201082,0.0009450882071483148
1961-04-06,-0.007082508445459571,0.00029207395631714733,0.8701847744526836,0.0012339912354946139,0.0,259.74909482119,-0.00036490868019350503,0.001242380862855642
1961-04-07,-0.008814939039911929,0.00029091747467127225,0.8708017927554144,0.0005163374846264468,0.0,261.3499202081713,-0.0003528854372979557,0.0005233222133567792
1961-04-08,-0.010177949222467713,0.00028977909330594337,0.8602911020627355,0.00022599094752538,0.0,262.9300040085212,-0.0005045482036420855,0.0002285340579889589
1961-04-09,-0.009149469224746618,0.0002886226116600684,0.8639591885151837,0.0044131685827074755,0.0,265.9850797886678,-0.00044456276369128525,0.004429683468128914
1961-04-10,-0.0051321902938481784,0.0002874842302947395,0.9072819654101931,0.006848812945144999,0.0,265.421003251875,-0.0003509191838277262,0.006933791489250916
1961-04-11,-0.008577939270243135,0.0002863658013316871,0.9483424184910548,0.0022164311281031813,0.0,263.8184818116959,-0.00041611955138081216,0.002227527812330386
1961-04-12,-0.013545479141386216,0.0002852340707671171,0.9381126504384416,0.00010881461413566676,0.0,269.14883746490193,-0.00043095387307937543,0.0003624084720665148
1961-04-13,-0.013845527955030993,0.00028415049536753507,0.9227653546521893,0.003976933216139422,0.0,270.6154883648716,-0.0009591776751360652,0.0042822715589505905
1961-04-14,-0.007773006576939492,0.0002829988124006886,0.9679849340866291,0.0072699132991039155,0.0,263.2979336144112,-0.00074834880645329,0.0072937175377937894
1961-04-15,-0.00888830743267038,0.00028188358255698857,0.9826607282103345,0.0008295038030982692,0.0,261.28467932663403,-0.00040663087919438624,0.0008319753037552914
1961-04-16,-0.008918826778729757,0.00028078165431480624,0.9963346721986818,0.006279603320326509,0.0,266.01166446779183,-0.0003288972407242673,0.00632766158958759
1961-04-17,-0.013227191222252818,0.00027969462723381776,1.0082575623822976,2.3457184854873832e-05,0.0,269.2238750529604,-0.0003964112450679143,3.6990099481034924e-05
1961-04-18,-0.019645477545126685,0.0002826846252053471,0.9746438581391244,0.00014285404382452456,0.00023470359123022545,273.8196438360125,-0.000744827338994223,0.000336903838742574
1961-04-19,-0.018818952606222725,0.0003212735814563299,0.9232191527630651,4.6665785507967246e-05,0.0018489367754782663,275.3096851126174,-0.001106861368411005,0.0019031000339378747
1961-04-20,-0.012772896027160904,0.0002792556743837346,0.9069348351430085,0.004060879560176936,4.136791757944614e-05,270.10961013549695,-0.0013453354585473822,0.004551746245717733
1961-04-21,-0.01707721964619254,0.0002753662187500862,0.8963841440089454,4.698578163055377e-05,0.0,268.0776309607842,-0.000938641728233483,8.819663918495158e-05
1961-04-22,-0.01815868590006047,0.0002743172443519204,0.8799412039489172,4.182345533775071e-05,0.0,270.73187160671546,-0.0008633910115324172,0.00020769814308920816
1961-04-23,-0.010055976861951041,0.0002732781198738659,0.8748829872145715,0.00495816091612234,0.0,268.720898572559,-0.0008757494937228618,0.005182375207356868
1961-04-24,-0.006071615816846406,0.00027220094271298857,0.9102594695297787,0.0050308238609699215,0.0,264.10706908375084,-0.0005532456298837555,0.005037224562154652
1961-04-25,-0.01132602370896582,0.0002711519683148228,0.9358061882062149,0.0009841646809699172,0.0,264.9590539698771,-0.000430966101292163,0.000987254411384938
1961-04-26,-0.00701132130488164,0.00027014264615915593,0.9482389690736817,0.005733105632881661,0.0,265.2831647373638,-0.0004982844542312083,0.005741427527304164
1961-04-27,-0.008959626873670998,0.0002690787705997963,0.9817207178378062,0.0015060833344856899,0.0,264.5105589599035,-0.00044235982274436685,0.0015094250271199653
1961-04-28,-0.014288616803406323,0.0002681208027284698,0.9879637752324624,0.0022791849165144616,0.0,268.8181872897678,-0.0004957360347027833,0.002860636373602677
1961-04-29,-0.016654682656129204,0.00026709577963177094,0.9740902888123824,3.185308417357968e-05,0.0,272.1722591852738,-0.0006227442773721986,0.0004639215301132659
1961-04-30,-0.011509090451534185,0.000268695297214271,0.9479621844103108,0.0029556418500714388,4.154683674796153e-05,272.9091735092709,-0.0006300281722751042,0.005171428595490859
1961-05-01,-0.015011700196454756,0.00026584740749186717,0.9457115848634654,0.0014648467281275551,0.0,272.35178467558376,-0.0008251756103446255,0.0016820875433191
1961-05-02,-0.014847026411759652,0.0002730237898853539,0.9149841193649955,0.0007851548114065398,0.00026290531212327175,273.67805039501013,-0.0007730608195655764,0.0025235244961813396
1961-05-03,-0.01426214863688259,0.00026408073592320674,0.8943756160987525,0.00023497306441856646,2.7961923746065912e-05,271.57667460324853,-0.0009825173239249969,0.001544830619980846
1961-05-04,-0.013184152964481529,0.0002621196757602153,0.8743416019303202,0.0002646898103635864,0.0,273.0078721019508,-0.000767935930335589,0.0007970297235098801
1961-05-05,-0.011964568815662364,0.00026109705200303074,0.8538052833686441,0.0002249475294924052,0.0,271.32183063456796,-0.0010791544902459377,0.0002563451137870146
1961-05-06,-0.01815053307067203,0.0002601539852928981,0.8431541313559322,0.0025251485449446125,0.0,268.3465418483354,-0.0012883711290561548,0.00268182713636115
1961-05-07,-0.013100130494031529,0.00025920931902308924,0.8498470787723635,0.002065693443946246,0.0,269.0570107583946,-0.0006555336459124157,0.002419692345212732
1961-05-08,-0.01618276031340583,0.00025821809714796854,0.8690686701830274,0.0022213218870472773,0.0,270.0030428317083,-0.0006466963049550515,0.002244486748156989
1961-05-09,-0.022474699311673983,0.00028523280795684646,0.8549402384210217,0.0,0.0016861126079397686,275.3577076073196,-0.0008631486203626725,1.8447300581204215e-06
1961-05-10,-0.030026228456510665,0.0004024396171677584,0.8154899180496705,0.0,0.007624315129498305,278.7259602447912,-0.0013057924333517838,0.00010394108833742342
1961-05-11,-0.020400944150100322,0.00039047878340812725,0.7715450653248588,0.00036789342171728273,0.0045746086049551354,275.8373645487927,-0.0010670331690860334,0.0030049693617889713
1961-05-12,-0.006445066445628128,0.00030042694113348843,0.7833454254207863,0.008487541712610062,0.000903069067977916,273.06884053332664,-0.0005634521886622165,0.01099779931433212
1961-05-13,-0.009924487963234637,0.00025767365754660916,0.8272925770215397,0.005893877249653057,0.00014573468242661428,272.6277997974173,-0.000741580401226289,0.006624769911859481
1961-05-14,-0.014363243754974196,0.00026157043747982735,0.8253893376294728,0.000451661562178768,0.0002451559034107769,272.70421983966725,-0.0007732255479036752,0.0017386655686037957
1961-05-15,-0.0056854081524293975,0.0003017000222610215,0.8458081836305322,0.010108541213186448,0.001046061073824511,272.6906068230753,-0.00043747601451846847,0.013432028175817507
1961-05-16,-0.004377550366571394,0.0003150441383911392,0.8957220677377591,0.00450855758735689,0.0013915311734555133,272.6003551590914,-0.0003058351628945373,0.007543515721181071
1961-05-17,-0.012244280995958944,0.0002523868602547942,0.9060890786840867,0.0018771298776912152,0.0,272.3827226247267,-0.0007775334146736706,0.0022437789176467313
1961-05-18,-0.010057814377175886,0.00043034309384513037,0.8861116168638181,0.001276812710836109,0.0022680018160302763,273.9183387540828,-0.0004145232539645023,0.004416128003474839
1961-05-19,-0.01326478916709706,0.00032627666737400205,0.8759611600311912,0.0017898248161299754,0.002949350908146066,274.14618701180495,-0.0005818598214431672,0.002620636180455738
1961-05-20,-0.01576558500528336,0.0014383751625395092,0.8459447368614643,4.125180217505848e-09,0.007727867529048758,275.58804061947126,-0.0003889878464620666,0.002080597530536867
1961-05-21,-0.016318662818205563,0.0024867045172190265,0.7926692064648071,0.0,0.01310244598294382,277.3303798165474,-0.00011977494436468782,0.0024593829603468736
1961-05-22,-0.017860905346223865,0.0012407146267971751,0.7415596769803438,0.0,0.010522216789971638,277.16457529660676,-0.00039220823364405984,0.0007710604216676573
1961-05-23,-0.022383730669142836,0.0012368939522296022,0.6955256057997882,0.0,0.01262664746514148,277.86651533022666,-0.0005407251607058413,4.3610318907632203e-07
1961-05-24,-0.016700186719328672,0.004439399235666136,0.6441712460275424,0.0,0.01406404272900463,278.55245040634935,-0.00025271601175184304,0.0031686043399386473
1961-05-25,-0.012882139091774568,0.004525098255125143,0.5930511417137477,0.0,0.012815377848633267,277.27246095905195,-3.438230372418119e-05,0.0035964740534960215
1961-05-26,-0.0213199656056819,0.003360898986374591,0.5480352426877354,0.0,0.014910439544983506,278.05438286301785,-0.0005097480459233462,0.0005318706991968115
1961-05-27,-0.024712154883786114,0.0033680525539958547,0.496080876294727,0.0,0.01526219940791696,279.75679842271825,-0.0007616093561137465,0.0004918834919633701
1961-05-28,-0.02399910199271757,0.00378779848079897,0.4488739186087571,0.0,0.01531600070285932,279.1979845337949,-0.0004724413998382913,0.0003562561030774197
1961-05-29,-0.02342121673505859,0.006526931194262317,0.38759829993526373,0.0,0.02450044973000969,281.26233764691546,-0.00029592050271014036,0.001077693989525299
1961-05-30,-0.031120460627779453,0.0019024869816451425,0.33480622314912906,0.0,0.009600846044256189,280.09863879676146,-0.0018300826498175748,0.001596488702140528
1961-05-31,-0.02259797282979987,0.001235108338506882,0.30692591550435505,0.0,0.006845638134890357,277.72993824486457,-0.0012304712150056484,0.00012232425512437748
1961-06-01,-0.013262963606476113,0.003080229132862415,0.2797996391684322,0.0,0.010067619909506059,277.974348269389,-0.0005936744428202931,0.00345750619618232
1961-06-02,-0.013306997253396416,0.0025751186629473155,0.2519935852165725,0.0,0.008774204779479464,277.7261859189768,-0.0010633679675096173,0.003096861448812441
1961-06-03,-0.013399119136360407,0.006990803079416523,0.22970575307497648,0.0,0.009126553532935806,278.45367601901125,-0.0010527210352195187,0.007587356368598346
1961-06-04,-0.014604254125875267,0.0048143728136342805,0.20306430967514127,0.0,0.008626752864506286,279.21919448766334,-0.0011143181104697078,0.005707512837973342
1961-06-05,-0.014802679293236492,0.00444157009070876,0.1798580765948682,0.0,0.007529428428680884,279.41530261425874,-0.0012110544652757,0.005423331299868271
1961-06-06,-0.013708839140369397,0.007562127658876323,0.15877485544668082,0.0,0.008029666702962865,279.5233275778101,-0.0012844187118070949,0.008761959850507775
1961-06-07,-0.017879982620982802,0.0076447008861660285,0.13629460738877122,0.0,0.008734415059035782,280.6639950782791,-0.001207309811886421,0.006433863333783801
1961-06-08,-0.025120736220798925,0.004304303035224225,0.11207525968102637,0.0,0.008572121882169262,282.37405503986025,-0.0013900300182696792,0.00048740930299567804
1961-06-09,-0.03106701163585577,0.004754670764093346,0.09086789923199154,0.0,0.00839797779917717,283.8030191123374,-0.0015766881669392696,0.00021943064388032675
1961-06-10,-0.027706073586550136,0.006324013074239096,0.06720717837806027,0.0,0.009123235961980067,283.8132684064675,-0.0015042147067728016,0.001529565706057306
1961-06-11,-0.027090186747790734,0.005536062316705952,0.045886483345103576,0.0,0.00767722502771744,284.37754844766107,-0.0018586716640972148,0.0005195056062865208
1961-06-12,-0.027513582238369746,0.005355886483596544,0.029282851856756123,0.0,0.005590793208382225,284.5820407580072,-0.001980242977118762,0.0011991067289582856
1961-06-13,-0.014060305000025001,0.00552849269519418,0.01841606528072034,0.0,0.0034715594923765652,280.2350390662357,-0.0026355918844119977,0.0065529861493208354
1961-06-14,-0.01524258729091472,0.007995628872833683,0.012263583598163845,6.71870206708962e-05,0.0018665150523522482,278.55174554224965,-0.003100961178414903,0.010091724301457147
1961-06-15,-0.016905130513307064,0.0065588695181291665,0.008419863023775894,0.0,0.0016590514678066063,280.2059097218199,-0.0024737837529704397,0.0034927429788180527
1961-06-16,-0.025701219121278342,0.00626543719889754,0.004911318561676084,0.0,0.0011710538660402352,281.9372385495576,-0.0024986996783711818,0.0007282798781753591
1961-06-17,-0.02889827895635939,0.005887823253028137,0.0025683042019774014,0.0,0.0007427215870827606,284.04872790119293,-0.002640513508543793,0.0016859137771523636
1961-06-18,-0.030144033543134142,0.005524211094877814,0.0013967970221280604,0.0,0.00039929124174144985,285.3885966478768,-0.002605572905875532,0.0027707100418538026
1961-06-19,-0.0140043447415034,0.006203184440984565,0.0005406956214689266,0.0,0.00019305721346267872,283.04431012974396,-0.0031580914674842427,0.014121758887289178
1961-06-20,-0.02901376194536349,0.004873128428971027,-7.3453647229951e-24,0.0,8.400975815993918e-05,284.10135684399506,-0.0030259554048126702,0.0010747913250255586
1961-06-21,-0.03457316057493458,0.00462602424082783,-7.3453647229951e-24,0.0,3.8180395034746936e-05,286.8726080339507,-0.002802940722197126,7.795502945055492e-05
1961-06-22,-0.032139530121269876,0.004414942894278274,-7.3453647229951e-24,0.0,1.4052152802041697e-05,283.49368750218395,-0.002570293633277807,0.0004032397842562939
1961-06-23,-0.030034309600369406,0.004256816570368191,-7.3453647229951e-24,0.0,7.408550061748527e-06,284.6034783760258,-0.002717498763553841,0.0027477742219547264
1961-06-24,-0.0285144632650634,0.004062700911430316,-7.3453647229951e-24,0.0,3.4538071371067713e-06,284.9773726310658,-0.0028833100877407583,0.003028394182670217
1961-06-25,-0.03056590397984295,0.0038811090470707355,-7.3453647229951e-24,0.0,1.443665748262136e-06,284.6737150382637,-0.003132729691132314,0.002442484167975464
1961-06-26,-0.03576022588600547,0.0036935431640700437,-7.3453647229951e-24,0.0,7.145822384936662e-07,287.4405444157775,-0.0029442920586315252,0.00013358493636890975
1961-06-27,-0.03542589943456111,0.0035605487008552768,-7.3453647229951e-24,0.0,3.1730212734243965e-07,287.6965374237176,-0.0027995873347850843,0.0012636949817546891
1961-06-28,-0.03273627435588568,0.003416610134523467,-7.3453647229951e-24,0.0,1.233555166061315e-07,287.79385299107906,-0.0030789244551695676,0.00038271674324057186
1961-06-29,-0.039106773412497034,0.0032889814363361077,-7.3453647229951e-24,0.0,4.7039682582273325e-08,289.3355678048287,-0.0030282351351474637,0.00010273065933944121
1961-06-30,-0.043881352296320064,0.0031713903960535086,-7.3453647229951e-24,0.0,1.6500720870023394e-08,287.65180113266194,-0.0029941844506620693,1.9890816433370814e-05
1961-07-01,-0.03500222970368499,0.0030630454841980154,-7.3453647229951e-24,0.0,4.125180217505848e-09,284.82295849543283,-0.002688177645543201,4.1555381764126365e-05
1961-07-02,-0.03649043738000137,0.0029601624793252033,-7.3453647229951e-24,0.0,2.062590108752924e-09,284.68471738668035,-0.0027544932534634054,5.607738820434904e-06
1961-07-03,-0.04139419952354863,0.002861600895385958,-7.3453647229951e-24,0.0,0.0,288.3395733483094,-0.0028201499375077967,8.52346317969932e-07
1961-07-04,-0.03898706169283323,0.0027974067771502137,-7.3453647229951e-24,0.0,0.0,288.94247201607055,-0.0028168433477397023,0.002740746618895554
1961-07-05,-0.026267661928793803,0.0027170362277219528,-7.3453647229951e-24,0.0,0.0,286.4820501252083,-0.0031292081289624766,0.0037522205020025057
1961-07-06,-0.03009121532494066,0.0026165577819791896,-7.3453647229951e-24,0.0,0.0,287.2167182067469,-0.00261962187534335,0.00199071045985861
1961-07-07,-0.027985087053923958,0.002612828871624618,-7.3453647229951e-24,0.0,0.0,287.39054022894965,-0.003574388990925867,0.008664662218363272
1961-07-08,-0.02810045954702938,0.002630935213660116,-7.3453647229951e-24,0.0,0.0,286.8793392863875,-0.0033206457935147367,0.006844136270421114
1961-07-09,-0.03181611026747752,0.0023826892766575358,-7.3453647229951e-24,0.0,0.0,286.9749914948774,-0.0029661709937335414,0.0006772567660121594
1961-07-10,-0.023482358219933375,0.0024660410685727824,-7.3453647229951e-24,0.0,0.0,284.52347187178736,-0.0032244823125880326,0.009514311427359501
1961-07-11,-0.010945215063580012,0.002374263638156956,-7.3453647229951e-24,0.0,0.0,280.8651400707985,-0.003507351544869822,0.01057261105804602
1961-07-12,-0.009869754861640392,0.002316445280603096,-7.3453647229951e-24,0.0,0.0,279.24761644280795,-0.00318983902807458,0.009706203833092729
1961-07-13,-0.019841084793462593,0.0023303848538695085,-7.3453647229951e-24,0.0,0.0,279.54470344227366,-0.0032326399090852444,0.006368934606586383
1961-07-14,-0.026545235076866583,0.0025372670195196985,-7.3453647229951e-24,0.0,0.0,282.60285013992683,-0.002534104553235453,0.004760924032178976
1961-07-15,-0.02365471687862429,0.0020923522737740126,-7.3453647229951e-24,0.0,0.0,284.78163709119667,-0.003456474045070551,0.0034058629456212965
1961-07-16,-0.034648301279814234,0.0020166353485678553,-7.3453647229951e-24,0.0,0.0,287.3149655659994,-0.002953933194111296,0.000417304240880578
1961-07-17,-0.03816342833688704,0.001969915409546114,-7.3453647229951e-24,0.0,0.0,288.5083289317043,-0.0031217140813836947,3.657403686608534e-05
1961-07-18,-0.03590039336411967,0.001937220662327136,-7.3453647229951e-24,0.0,0.0,285.67872112439403,-0.0029257583395067587,0.0012064439091929037
1961-07-19,-0.032646355403345186,0.001899789871469056,-7.3453647229951e-24,0.0,0.0,283.9090903618017,-0.0028750012591902147,0.0013525175676831283
1961-07-20,-0.021529138930099837,0.0027393169153881614,-7.3453647229951e-24,0.0,0.0,282.3449799848367,-0.0031649545676964157,0.01231691621788898
1961-07-21,-0.01928225441672708,0.001871852972413187,-7.3453647229951e-24,0.0,0.0,280.7327295939128,-0.003105326224181612,0.005358910959390443
1961-07-22,-0.02639117058219209,0.0018054874098233586,-7.3453647229951e-24,0.0,0.0,282.52465596172095,-0.0029297976433641493,0.0026982019344738246
1961-07-23,-0.03025089233776944,0.0017457281970708386,-7.3453647229951e-24,0.0,0.0,285.48323544001175,-0.002667326495935351,0.0003318957752901433
1961-07-24,-0.032706888213669516,0.0017319997656816818,-7.3453647229951e-24,0.0,0.0,287.8320190013016,-0.0030990379236343897,0.001858291313213821
1961-07-25,-0.034060178545571994,0.0016734479679226203,-7.3453647229951e-24,0.0,0.0,287.4618926542178,-0.002676432131458137,3.7829081217447914e-05
1961-07-26,-0.030065251693213727,0.0016609381484446555,-7.3453647229951e-24,0.0,0.0,286.63655411815466,-0.0026074860529121707,0.0018083500323322534
1961-07-27,-0.029007518232542245,0.0016215739950621868,-7.3453647229951e-24,0.0,0.0,287.1044874352924,-0.003129306059898967,0.0015264353172877514
1961-07-28,-0.03454655320462534,0.0015789048146393342,-7.3453647229951e-24,0.0,0.0,287.69903456693316,-0.0028782326328215626,0.00017071857963754297
1961-07-29,-0.039634593041603175,0.0015475573176044531,-7.3453647229951e-24,0.0,0.0,289.03890091775725,-0.0028530780047094084,0.00013919041652884183
1961-07-30,-0.03455555173805205,0.0015207707545178085,-7.3453647229951e-24,0.0,0.0,288.6853574548064,-0.002712955861483927,0.0006033900262272291
1961-07-31,-0.02993449960219658,0.0015154846307248047,-7.3453647229951e-24,0.0,0.0,287.0691341752162,-0.003087107223684842,0.0030748519687425753
1961-08-01,-0.033286693911094456,0.0014637900611101573,-7.3453647229951e-24,0.0,0.0,288.02133834968186,-0.0026149317348575867,0.0006461883779408355
1961-08-02,-0.03171870205025215,0.0014766737566155905,-7.3453647229951e-24,0.0,0.0,288.30965223150736,-0.002741478004698026,0.004614059029325927
1961-08-03,-0.03312541249781679,0.0014230725960542928,-7.3453647229951e-24,0.0,0.0,288.4928631827432,-0.0031271782561631523,0.0021692832647743875
1961-08-04,-0.035008652019972185,0.0013807715669190146,-7.3453647229951e-24,0.0,0.0,289.596997438851,-0.0027028378467522773,0.00037386518979338123
1961-08-05,-0.037975357203497054,0.0013569539549660547,-7.3453647229951e-24,0.0,0.0,289.7837933182941,-0.0027695275148597815,0.000746468803971915
1961-08-06,-0.037778545234162936,0.0013269684409017617,-7.3453647229951e-24,0.0,0.0,290.68363247887567,-0.002511983721564382,0.0002527683131438864
1961-08-07,-0.021419012066671406,0.002126906382835518,-7.3453647229951e-24,0.0,0.0,286.53676780513905,-0.003095333127694279,0.020746697645402896
1961-08-08,-0.020502288336470977,0.001309382713447183,-7.3453647229951e-24,0.0,0.0,285.4811719653746,-0.0028421471400533697,0.0029050019164543373
1961-08-09,-0.024568000671553746,0.0012936956633282247,-7.3453647229951e-24,0.0,0.0,284.40378332048266,-0.002722131667164086,0.0038278433513606247
1961-08-10,-0.0218590432304447,0.0013035639362820126,-7.3453647229951e-24,0.0,0.0,282.98757473358324,-0.003163981382961327,0.006309898929978549
1961-08-11,-0.022006609303466346,0.001223734964085164,-7.3453647229951e-24,0.0,0.0,282.7880839619035,-0.0023366624205294305,0.0009937408561795256
1961-08-12,-0.02798947662451847,0.001202326878315985,-7.3453647229951e-24,0.0,0.0,284.7768882959801,-0.0023682420063069315,0.0008740112268642381
1961-08-13,-0.02895522471201622,0.0012089176534932885,-7.3453647229951e-24,0.0,0.0,285.348255581326,-0.0023842210655158525,0.00298688095449956
1961-08-14,-0.029184329476060165,0.0011660098861166314,-7.3453647229951e-24,0.0,0.0,286.14415199653354,-0.0027097281868343303,0.0009795434898680886
1961-08-15,-0.028830198497422,0.0011804113111927013,-7.3453647229951e-24,0.0,0.0,286.18516730903013,-0.002849377407613447,0.004061664555938427
1961-08-16,-0.025308188871812014,0.0014183238401251326,-7.3453647229951e-24,0.0,0.0,287.44552199943814,-0.0027891396950025346,0.0064326681154254885
1961-08-17,-0.02738074238522578,0.0011405166091218509,-7.3453647229951e-24,0.0,0.0,285.98098829955484,-0.002636456698979025,0.003113797138605657
1961-08-18,-0.03170506231023767,0.0010972452365745934,-7.3453647229951e-24,0.0,0.0,286.3010511775475,-0.0024334442049349096,0.0009572893434022336
1961-08-19,-0.03106433767720131,0.0010861128063525186,-7.3453647229951e-24,0.0,0.0,287.200960597525,-0.0024185434383692714,0.001193749382666016
1961-08-20,-0.028508638215940556,0.0010703985637190653,-7.3453647229951e-24,0.0,0.0,288.29102524435905,-0.002473006203854825,0.0013275718958364368
1961-08-21,-0.02255103535066217,0.0011029689662200584,-7.3453647229951e-24,0.0,1.031295054376462e-09,285.2691229768168,-0.0030271094871190314,0.0056260720069723135
1961-08-22,-0.025709097962931724,0.0010621352384319414,-7.3453647229951e-24,0.0,0.0,284.5736051548672,-0.0023445460871703884,0.0027046153313747424
1961-08-23,-0.029186295082340136,0.0010340846864517127,-7.3453647229951e-24,0.0,0.0,286.5897592878611,-0.0023080336908667775,0.0017369534805279445
1961-08-24,-0.02023384522246776,0.0010609673914936304,-7.3453647229951e-24,0.0,0.0,286.2888433668349,-0.002507255712555627,0.005232654722396937
1961-08-25,-0.02249234350724409,0.0010904053510245632,-7.3453647229951e-24,0.0,0.0,285.2055073323223,-0.0023465187073090656,0.004849449749062804
1961-08-26,-0.022411258375577336,0.00121960498518863,-7.3453647229951e-24,0.0,0.0,285.53039120460414,-0.0029707371472975632,0.007598496714241449
1961-08-27,-0.029403634243092298,0.0009638361506542917,-7.3453647229951e-24,0.0,0.0,284.76177912063747,-0.0022403205623902846,8.110959632916602e-05
1961-08-28,-0.02895768121474207,0.0009517997166531235,-7.3453647229951e-24,0.0,0.0,285.8779614981958,-0.00208680173329546,7.839677328135269e-05
1961-08-29,-0.02112626776856891,0.0009617545342041275,-7.3453647229951e-24,0.0,0.0,286.7234133057675,-0.001920876729875635,0.002354191538299285
1961-08-30,-0.021047364688862518,0.0014099263201999125,-7.3453647229951e-24,0.0,0.0,284.2955218888048,-0.0031166921795929897,0.012757105763349156
1961-08-31,-0.025870783096652923,0.0009386696047702079,-7.3453647229951e-24,0.0,0.0,283.7409375975585,-0.002495206650451752,0.001957925952087015
1961-09-01,-0.025881336907208976,0.0011019782494690459,-7.3453647229951e-24,0.0,0.0,282.21437947045166,-0.002795794578847912,0.006697843795139481
1961-09-02,-0.013880638542485104,0.0015753659151368225,0.014698323107933146,0.005834945240768336,1.103906644939703e-05,275.07799909703033,-0.0024730594891865377,0.016658383076027208
1961-09-03,-0.016048389050246633,0.0009045437567651609,0.038680426818502825,0.00032712260292748274,0.0006602703683120383,273.2627979321669,-0.0014236030868638708,0.00040279255364949595
1961-09-04,-0.019647663511798884,0.0009197402471876415,0.03133367908427496,0.0,0.002008228557510565,277.42140902143865,-0.0014830972515257066,8.44808383040327e-06
1961-09-05,-0.020476808613639767,0.000912271229560766,0.016488917578860642,0.0,0.0016491992956837694,279.67671836522567,-0.0016175084510597132,0.0005965680052281875
1961-09-06,-0.02130082830534143,0.0008849424999312493,0.007759166078154426,0.0,0.0007158899416694534,281.5897558575072,-0.0015278389877350317,0.00022419123136472284
1961-09-07,-0.02336307838138214,0.0008980366638151266,0.003712454758121469,0.0,0.00044669461368167473,281.9933913674507,-0.0021945841000073373,0.002347101969805195
1961-09-08,-0.022421411833183916,0.000860937234372069,0.001742547963747646,0.0,0.000180099327853844,282.22452386759096,-0.0017747144493679542,0.00014136713001992724
1961-09-09,-0.009390976343114497,0.0011508546474963259,0.0004956376530131828,0.0,7.678435768111277e-05,281.8024633195665,-0.0023704280413813514,0.009801366908402094
1961-09-10,-0.009535205987213696,0.001522874428054034,-7.3453647229951e-24,1.9690621707399015e-05,2.6727011058963627e-05,277.86305304345893,-0.002086815703134079,0.01127208093138658
1961-09-11,-0.009702355385163411,0.0008795213396266356,0.00011264492113935971,7.564782843751423e-05,2.3719702063307254e-05,277.12533961940846,-0.0018088347725780671,0.003403839418443583
1961-09-12,-0.00805498057671186,0.0009439004174733567,0.04078435808027307,0.01178865507245064,7.256445616988814e-05,273.71217241664397,-0.0014784039540142666,0.018235563279455618
1961-09-13,-0.007435693158268256,0.0008314272946557083,0.0910952580626177,0.006004561559628633,1.031295054376462e-09,269.4541994479192,-0.0009093468556296354,0.006199034432828635
1961-09-14,-0.013299162441727807,0.000869849054826855,0.10975316509239642,0.00021285887828654488,0.0022401961229615297,267.9318492659517,-0.0010193224659578947,0.00021457079439050062
1961-09-15,-0.018905034930692555,0.000947509192477512,0.08608807637417608,0.0,0.006078791083757487,276.04912965490774,-0.0014264041631571992,4.4286012013117215e-07
1961-09-16,-0.021348698496145044,0.000918410928909388,0.04495015117408193,0.0,0.004497691483820899,281.81255034897515,-0.0015398269403452255,5.587548185876534e-05
1961-09-17,-0.019768796861171726,0.0008746277814531058,0.01764019465042373,0.0,0.0021992710729440055,283.41002006674444,-0.0015706826727521622,0.0005098102287489141
1961-09-18,-0.014322188530264601,0.002151822050412496,0.0073865182880178916,0.0,0.0008728519439865642,282.1047963359711,-0.001650448841184883,0.006159650178787261
1961-09-19,-0.004955625635082439,0.00306749689040211,0.04305541762299907,0.011293647316216076,0.00045489355669183244,274.60943064716577,-0.00152299377940974,0.028135250900885502
1961-09-20,-0.010093476602249902,0.0009042789875450782,0.07178355071504237,0.0008476766320945179,0.0016560114415015204,272.768792050033,-0.0011532666151132962,0.0026087092568900516
1961-09-21,-0.0048677120673454415,0.0008672086869255972,0.11966545837747176,0.014464818888296515,0.00023773662998514663,270.32392803917725,-0.0007888655215080849,0.01547800573025103
1961-09-22,-0.0068485416934988596,0.0008676003264842062,0.17830403645833331,0.004017543489650144,0.0,267.9056568504951,-0.0008224443674592649,0.004189136371671871
1961-09-23,-0.006225082707607141,0.0008949499345768643,0.187640461320033,0.0029820797512423525,0.0007484583762911081,267.17091908787154,-0.000682074071492179,0.003103267475520918
1961-09-24,-0.007701018435806878,0.0008969578870945731,0.2189513815324859,0.0038419990973957516,0.00026927240150796493,267.0273474605295,-0.0008667832882390857,0.003908796690008957
1961-09-25,-0.01060152668400673,0.0009300611113424357,0.21404052274599814,1.2915518324253924e-05,0.0014790961634641314,271.44198446399525,-0.0010641162404737903,1.420297861729631e-05
1961-09-26,-0.008898496543620267,0.0009256045697099072,0.21571985162135127,0.0054067201533560035,0.00031230607106860753,271.4998695423824,-0.0010378658666280705,0.0066499824492595155
1961-09-27,-0.009566553484248577,0.0009274348869162091,0.2398380487876648,0.0011800442753875323,0.0006779097231094447,268.8449988823152,-0.000952009037978905,0.0011838232476482822
1961-09-28,-0.012150724518433804,0.0010521092825690232,0.22027070643538135,0.0,0.006466488527544474,275.26472089519615,-0.0010215039075599551,7.426418815709755e-05
1961-09-29,-0.005733257969893979,0.0009627174691291853,0.1950382441001648,0.011950027492255141,0.0015759541111140603,272.34928294180025,-0.0005589904695075784,0.012873604085383497
1961-09-30,-0.005621949326520586,0.0009234052593425169,0.27122736066972697,0.0020491250153988772,0.0,265.43342934085825,-0.0006194250226694313,0.002056514745373251
1961-10-01,-0.007631273929682157,0.0009250458182588136,0.29378623028483997,0.00564594362667725,0.0,268.2910495190522,-0.0008160388149784111,0.005732837117210754
1961-10-02,-0.009917721952085443,0.0009499294104549172,0.30376335187146897,6.358523321690533e-06,0.0011960800400393158,270.4011591715552,-0.0009128089341740151,8.109700833992873e-06
1961-10-03,-0.012463435446475187,0.0010035632357085493,0.2780504244644539,0.0,0.003734014317982614,273.4598216256179,-0.0010474733061204523,1.2915234037791379e-06
1961-10-04,-0.012406649478411273,0.0010581360024920965,0.24169370144774016,0.0,0.0049990644562715875,274.9660232026699,-0.0010869246775989478,1.7133818346337648e-06
1961-10-05,-0.01324823747078578,0.0010564619370099515,0.20189763013476936,0.0,0.005762202465264811,276.37702029528145,-0.001166501198237562,2.1584584146694397e-06
1961-10-06,-0.012144342443700567,0.0010175394304728104,0.16372433534898778,0.0,0.0039080963022796456,276.8595963099133,-0.0010320529141752733,3.892033449850176e-05
1961-10-07,-0.002933825013664483,0.0009536694335398702,0.21189934969397364,0.017409808260236085,0.00017499211270593658,271.8133061331769,-0.0005013559929142564,0.019227697232954057
1961-10-08,-0.0030999298991456546,0.0009288237256518866,0.32176837813382775,0.010067486135804722,0.0,267.4432347040841,-0.00042624002333078006,0.01015714949133564
1961-10-09,-0.00890140184911631,0.0010179786358849479,0.33942972244291436,9.352305514664301e-05,0.003669245463222434,271.7536105103861,-0.0005380472347224501,0.00010170323690322813
1961-10-10,-0.005481883588820528,0.000937277314353124,0.3258137101282957,0.005477723365618011,2.292105875446298e-06,272.3507131012595,-0.0006446828223806992,0.00593429860462706
1961-10-11,-0.0066127885701292655,0.0009502439343996641,0.3320448133680556,2.5600521157016866e-05,0.0003681740707765191,272.4446262998994,-0.0007139749688196318,2.8884070532787916e-05
1961-10-12,-0.007775034860702559,0.0009616951821214062,0.3192538676288842,0.0009925388915222244,0.000488567360713657,271.47760413505716,-0.000857750627364816,0.001574658050958019
1961-10-13,-0.005105562129263151,0.0010423451493688897,0.30567049935263657,3.0121392449416685e-06,0.0038776407070920966,273.42589449837607,-0.0003946132137108658,0.00027043349607499867
1961-10-14,-0.009829544330720849,0.0014295159591793342,0.2664935153307439,0.0,0.007927963247070204,275.29698922539836,-0.0005882711302341716,8.583068051848386e-07
1961-10-15,-0.012403573062123552,0.0014168314930409365,0.21536720405190682,0.0,0.007792362922244827,277.4514461632278,-0.0007663728237825598,1.2880403232884419e-06
1961-10-16,-0.014181975422605957,0.001193140691283059,0.16668873587570623,0.0,0.005849697464014178,278.61835385626097,-0.0009480376154352719,1.2857991578130168e-06
1961-10-17,-0.004600702453467807,0.0010590938019887203,0.14501148518420434,0.009418432490300326,0.0010168074845930952,275.85946425385845,-0.0005297944012839916,0.011415054400761925
1961-10-18,-0.008277434119060215,0.001028042476055986,0.2219033681291196,0.0030166614527082714,0.00044818435095797825,268.6180215788875,-0.000831980763350503,0.0030968196984724073
1961-10-19,-0.01099437668835376,0.0011370658537762314,0.21124417005061205,0.0,0.00361423055499287,273.485255857421,-0.0008499550785722032,4.351138045421976e-07
1961-10-20,-0.009694019532473074,0.001182701038775471,0.18381858006709045,0.0,0.003251950409116045,276.44199137139907,-0.0009161472783587075,0.0012191343104649666
1961-10-21,-0.01138660492701719,0.0011321321382360945,0.16166845059439738,0.0,0.0012633738102717591,275.98094346428996,-0.0010983145737883736,0.00012346708167920343
1961-10-22,-0.0097526347654014,0.0011333824887787556,0.17541067119821094,0.008596331701945452,2.0854722308573753e-05,269.8109688264951,-0.0009286862529687964,0.009428913167666753
1961-10-23,-0.0080282603532581,0.0011542715595266914,0.21202302921963279,9.317481416766928e-05,9.72274354117065e-05,264.6409692925922,-0.0006934406688321108,0.00010432968031888628
1961-10-24,-0.008390346278915299,0.0011809073430670183,0.21211107616819683,0.001569317432783418,0.00014193166615599292,265.03627056904884,-0.0006812002488785545,0.0015888740762585068
1961-10-25,-0.010992301554329653,0.0012203316904057218,0.21254533383356874,5.948046843210857e-07,0.0008441961901841191,264.9622790234238,-0.0007782583887883499,1.4606491738106476e-06
1961-10-26,-0.010280918729844067,0.0012265564189792356,0.20244131429496234,0.0,0.00028993947021031786,272.35657014146364,-0.0007833221106458519,8.523463748133508e-07
1961-10-27,-0.012181926666006532,0.0012413727193228944,0.19309523415430793,0.00036094017789862256,0.00019675954166105237,271.3340392893991,-0.0008835086946265173,0.0006080493583176499
1961-10-28,-0.0031692029140089864,0.0012492540024094663,0.19504468095280134,0.0045475606401424624,0.0,267.6304225310992,-0.0003230194271789433,0.00457543555626088
1961-10-29,-0.005204116136340772,0.0012594763673631486,0.3217005612935499,0.012446431453618628,0.0,263.86529780242404,-0.0004993305241657516,0.012450569430143013
1961-10-30,-0.008340231779604981,0.001287046714691119,0.3254865800818032,0.0,0.0008849849934968573,268.11677019295274,-0.0005434145782626955,1.2844800494349329e-06
1961-10-31,-0.00952793969272894,0.0012917564918765913,0.308710073122646,0.0,0.0008116189790310833,272.4887629866376,-0.0005712216814695779,4.351138045421976e-07
1961-11-01,-0.006761600784326003,0.0012979385374629567,0.291661379252001,0.0016770089245111929,0.000864432840529135,270.9710135199481,-0.0005240562703397316,0.0016805235948890043
1961-11-02,-0.003587609714707413,0.0012824713005184455,0.3524245784781074,0.008496005024950385,-1.031295054376462e-09,260.99751489355515,-0.00042894351596044287,0.008515522170099217
1961-11-03,-0.004092883255522131,0.0012853303029712311,0.368997175141243,0.00045308043475204943,0.0,259.8026900031024,-0.0003412944438346362,0.00045580249378150456
1961-11-04,-0.0035607477197539335,0.0012872355469202592,0.39201191185557915,0.004606227080027263,0.0,260.9608547584261,-0.0003722898956746032,0.00464002505192816
1961-11-05,-0.00389407044750149,0.0012882679364102036,0.3987958947592985,2.861812205637916e-05,8.986894525377091e-07,259.2181222164923,-0.00030929878311978897,3.117814937447657e-05
1961-11-06,-0.008246447154357609,0.0013062847872911875,0.38903486751118177,0.0,0.0008387787235995471,267.13153506851916,-0.0005179081469942621,0.0
1961-11-07,-0.00595139122783801,0.001289214707363797,0.3719774379119586,0.0,8.873007981117163e-05,266.3488617805438,-0.000449195314766997,3.870480213663541e-06
1961-11-08,-0.00784668461077631,0.0013117334768597015,0.3598278785604991,0.0,0.001211822285490521,268.94108455463993,-0.0005149364124162723,4.2791242549355957e-07
1961-11-09,-0.009791246115487848,0.0013214544219485784,0.33976926641949157,0.0,0.0017432596134600666,272.52732610971924,-0.0005562836356924079,1.2814997489840607e-06
1961-11-10,-0.009212662986779618,0.0013233553723426862,0.3181347748205038,0.0,0.0019031607119713802,272.58289191323263,-0.0005101668253793555,2.591973498056177e-06
1961-11-11,-0.004334611870811484,0.0012774865674433735,0.30180654866996237,0.00317099250558406,2.2287801497400145e-05,271.0498121085589,-0.0005104683476400241,0.003270566563948107
1961-11-12,-0.0023469715721189644,0.0012737198569680338,0.33120434432379947,0.002955313287885849,0.0,262.37892261512314,-0.00032458035012254607,0.002976350309382778
1961-11-13,-0.004371215983972712,0.0012703053863708585,0.34881327426141717,0.0005297645673913471,0.0,261.45759617002676,-0.0003680215969597553,0.0005332196836076618
1961-11-14,-0.006461488661792992,0.0013029272273435432,0.3399237508827684,0.0,0.0016045389265495506,269.2847065575379,-0.0002696376114999507,0.0
1961-11-15,-0.0020269340714492365,0.0012626719508467424,0.35756187654484467,0.008561356845548599,0.0,265.18080088513045,-0.00026956175343465,0.00856542889434453
1961-11-16,-0.002677694678643329,0.001258667495291112,0.41974095346339463,0.0008878436381533996,0.0,258.95924765376725,-0.00023921876935298835,0.0008906987283447148
1961-11-17,-0.004794021363312242,0.001261535505790495,0.40513435550553206,0.0,0.00031110325480921796,260.62377964170645,-0.00033492793849969316,8.617752200734685e-07
1961-11-18,-0.005834187533559099,0.0012605128399396349,0.3948560811705509,0.0,0.00045837975491238187,265.85037721752445,-0.0003465663241801289,1.292824833853956e-06
1961-11-19,-0.003920696423215382,0.0012454996674747792,0.38426745858345107,0.0,0.0,263.2896333791442,-0.0003267045232788318,2.1423256839625537e-06
1961-11-20,-0.0021235463814546834,0.001240816072555585,0.3781117584745763,0.00042074184212307475,0.0,261.22165590850204,-0.00018990132431525968,0.0004240198501723321
1961-11-21,-0.0015761310518798183,0.0012359983671856466,0.39552942193385127,0.0038472843793152414,0.0,262.2193021433053,-0.00018667337079506137,0.0038501424640576855
1961-11-22,-0.003789168629942641,0.001231041752685935,0.41644873322740117,0.0010675132106252984,0.0,262.71938979154254,-0.00030045036626400926,0.0010740057391635442
1961-11-23,-0.004003322267599699,0.0012258783740512395,0.4203676270450801,0.0019042051612994091,0.0,266.16286085240137,-0.00030944873131601153,0.0019083104226872611
1961-11-24,-0.005522897477540594,0.0012295922990572656,0.4142411226606639,8.398109236679509e-07,0.00041664037116840067,268.4205788686002,-0.0004387996396270849,3.8466031362133575e-06
1961-11-25,-0.004524651051914625,0.001220115497287384,0.39871612376412435,0.0,0.00023334609123609837,268.90714078928346,-0.00044001753594579,1.2772112470262424e-06
1961-11-26,-0.001643064752810419,0.001209453169235402,0.3874920918667608,0.0004737872609310904,0.0,267.11341749791154,-0.00017541937403759716,0.0004781781644006813
1961-11-27,-0.004198251807757018,0.0012138501904105064,0.38228237920786257,2.5217331903802476e-05,0.000474196011568867,266.95615872241234,-0.00024871538145899107,2.7063488857947963e-05
1961-11-28,-0.004708473165493227,0.001206117918935873,0.37142294903483997,0.0,0.00037592731542506467,265.8190264872463,-0.0002779369426649169,3.0082373996265233e-06
1961-11-29,-0.004087096932580916,0.0011988929604406413,0.36252239105167144,5.21540641784668e-08,0.00031624889095961044,265.39221519714476,-0.00030100677099268315,5.960464477539063e-08
1961-11-30,-0.006547917038370661,0.0011859743271843862,0.35320320775953395,0.0,0.0,267.7102719682309,-0.0005498683595724699,1.7208740246132948e-06
1961-12-01,-0.0044614977839976385,0.0011866878991746632,0.3446766768920669,4.5821070671081543e-07,0.0003162785249072954,265.7538624707813,-0.0003668761385952012,3.047542122658342e-06
1961-12-02,-0.0035010459648687287,0.0011774980078982768,0.33709498403660554,1.134761309219619e-06,0.00017816648097698296,265.8322882284104,-0.00026019656304585736,1.5441979715916272e-06
1961-12-03,-0.0011122848859614573,0.001167366228534677,0.34526312014477406,0.009062286445313254,0.0,267.114181928042,-9.784119803521594e-05,0.009137894322638198
1961-12-04,-0.003445925938207551,0.0011610560497995151,0.4340590424905839,0.003519709984966591,0.0,261.602442211575,-0.0003300991046142444,0.0035222533716037594
1961-12-05,-0.0032596704734247288,0.0011546463616150249,0.43333949432085694,0.0023303664168395567,0.0,264.0712690263594,-0.00024734847352834744,0.0023357731615779986
1961-12-06,-0.002695765114773465,0.001148183467024464,0.4473916034016008,0.0007814805386430127,0.0,258.17108362991706,-0.00030252342717458977,0.0007872315765271812
1961-12-07,-0.0017708254567647386,0.0011416921171091372,0.44768493997175146,0.0001924342060156461,0.0,256.1841945899633,-9.997064342438165e-05,0.00019356254148017077
1961-12-08,-0.0014423033864484672,0.0011351377108676287,0.46999254244644545,0.003176622134817522,0.0,257.42203492992564,-0.00017187771739932776,0.00317879869212441
1961-12-09,-0.000674393806753859,0.0011285630996617894,0.48960356344161965,0.0005796884033976302,0.0,250.288236610858,-0.00012518108775049953,0.0005875256353379436
1961-12-10,-0.0007928133768550421,0.001121913730087927,0.49024426016654904,0.0002116346679164865,0.0,248.35771875327592,-9.278182761143832e-05,0.0002145866047409833
1961-12-11,-0.0008973013293945185,0.0011152425559900576,0.48781641728460456,6.09937360731222e-08,0.0,244.9413553801858,-8.232773171137956e-05,9.213632059737011e-07
1961-12-12,-0.0011543865173549977,0.0011085530290495878,0.4850842032279897,2.530335033007261e-06,0.0,246.40420123816884,-4.780991792173709e-05,3.1975029210989718e-06
1961-12-13,-0.0014049194037577528,0.0011017935424201234,0.48290923669962343,4.8357446146550156e-05,0.0,254.5349860397885,-3.0188847564708043e-05,5.061404177444799e-05
1961-12-14,-0.0019970641045247094,0.001094994150986106,0.47929632326977406,4.6293530087013034e-05,0.0,255.90155291153215,-8.856046860669292e-05,4.912411596586612e-05
1961-12-15,-0.0022689875657275573,0.0010881663042273226,0.47409557622704807,1.2063416047284832e-06,0.0,259.759978633816,-0.00010033478528934685,1.6425630993108124e-06
1961-12-16,-0.002114911032261822,0.0010812935014229037,0.46774677053907726,7.347316391723977e-05,0.0,258.6403422418512,-0.00012013956504521397,7.375603341786876e-05
1961-12-17,-0.002394176219816262,0.0010744055448952369,0.46740492768655845,0.0003705606874773058,0.0,259.5812405839479,-0.0001071346344920875,0.0003743105352034272
1961-12-18,-0.0019373125949148408,0.0010675255861659508,0.49422545352224584,0.003942115053450321,0.0,259.18183928739336,-0.00015648250273392027,0.003956334570706901
1961-12-19,-0.002016052014410159,0.0010605626187082065,0.5113959878177966,0.0001446734166751474,0.0,258.1097430823662,-8.324551590755162e-05,0.0001488556800921488
1961-12-20,-0.003557565774621263,0.0010536174989689544,0.5044853368496941,0.0002128256032359129,0.0,266.4187296456087,-0.0001273619084708435,0.00021548257602826255
1961-12-21,-0.004110862390469697,0.0010466638763072128,0.49542431732580045,0.0033801217368767088,0.0,266.3773884458955,-0.0002984619504735295,0.0034128240777720436
1961-12-22,-0.005729953405884026,0.001039650396438642,0.5194438927142185,0.0011706656360693571,0.0,259.4790368627919,-0.00047608125576023336,0.0011744505461586357
1961-12-23,-0.0028915157762624453,0.0010326813674915983,0.5152849962482344,0.00012093447780205033,0.0,263.48099677306783,-7.475890471773633e-05,0.00012377857269795466
1961-12-24,-0.0038592764465822343,0.0010256873349011955,0.5069669734286724,0.0,0.0,266.5029089257767,-0.00014004279138509838,4.4405447852113866e-07
1961-12-25,-0.0037319616830281625,0.0010186895980673323,0.49617030256885597,0.0008989764682653934,0.0,266.0380816702115,-0.00035558262113797467,0.0009045810685765542
1961-12-26,-0.001691588910959535,0.0010116884095520624,0.5424728824593927,0.004697791242835212,0.0,258.039000771589,-0.0002588136963504183,0.004704027357748
1961-12-27,-0.0012710121812793498,0.0010047018696359325,0.5709396333568739,0.001429094412064148,0.0,254.43650419159798,-0.00011258167188383093,0.001432961764190032
1961-12-28,-0.0011268649565971504,0.0009977217279585069,0.5713465343985406,0.0002627129440253738,0.0,256.855648906442,2.5769706163029215e-05,0.0002657087172378389
1961-12-29,-0.002770820748334551,0.0009907165826377221,0.6061289871704333,0.007520029521257865,0.0,265.4522205431807,-7.604833923827457e-05,0.007526030751218045
1961-12-30,-0.0017053494177295663,0.0009837574877981413,0.6388399228313324,0.008645856952936636,0.0,265.42573739894146,-0.0001485214731787558,0.008649553841688503
1961-12-31,-0.003055340026394796,0.0009767417348710832,0.6843893909633946,0.0021666626177601895,0.0,264.68843054187727,-0.00014645911984692862,0.0021721088113293642
1962-01-01,-0.003717141973096773,0.0009698286905127058,0.6688853118379239,0.0,0.0,266.6286505323795,-8.594575153905793e-05,2.5774258460842248e-06
1962-01-02,-0.004908566000097889,0.0009628887903892388,0.6516832829419728,0.0,0.0,267.47781057052475,-0.0001478393451642182,4.351138045421976e-07
1962-01-03,-0.004364186424320028,0.0009559885425082709,0.6352304577153955,0.0,0.0,269.1584981893191,-0.00018051475560092658,2.1487467165570706e-06
1962-01-04,-0.0027474272301641566,0.0009490946928660075,0.6335463012005651,0.005941167431699355,0.0,265.09041062047925,-0.00033350751372212075,0.005945516373375768
1962-01-05,-0.0027455384869359985,0.0009422354442251604,0.6723329360875706,0.0003510120477380053,0.0,260.3491446213084,-0.00012048706412315369,0.00035372253518190747
1962-01-06,-0.0021439692226506895,0.0009353892446237769,0.6703211897510594,0.00459561113920589,0.0,265.8427856107665,-0.00011581069879275932,0.004635138110869079
1962-01-07,-0.0010070213153537384,0.0009285627448626159,0.7148193819150188,0.007075503510607165,0.0,260.8636962904993,-0.00010516032534467299,0.007083120436889357
1962-01-08,-0.002210838604444838,0.0009217790964633058,0.8267992382444681,0.008511227592404953,0.0,257.49260991486227,-0.00031495488401355045,0.008514246934185081
1962-01-09,-0.0008473583197189591,0.0009150217987049773,0.8411690519803439,1.693298082567204e-05,0.0,244.40897259469764,-9.84098046681302e-05,1.9356692521316065e-05
1962-01-10,-0.0016742103264830207,0.0009082924511473057,0.8352032390242468,1.735299152169524e-05,0.0,246.53827963935007,-2.317379444500821e-05,2.021728637746132e-05
1962-01-11,-0.0027565072990406708,0.0009016176569933273,0.827080160884534,1.0875448331994527e-05,0.0,260.0644047336615,-1.3783032148234588e-05,1.2587224162449933e-05
1962-01-12,-0.0028109515538323397,0.0008949641622392473,0.8122836757738937,2.6400963970496834e-05,0.0,262.21518478106196,-7.316880559517165e-05,2.8309461658337484e-05
1962-01-13,-0.0015766172759277,0.0008883354185664723,0.8060548714100754,0.001968755160516265,0.0,259.25812377857847,-0.000190396808971793,0.001972550131377164
1962-01-14,-0.001884324528739951,0.0008817545774966312,0.8202382463070857,0.0004203282507125941,0.0,253.81635268978258,-0.000114405680300489,0.00042406299484108614
1962-01-15,-0.0012018807274473589,0.0008751801346654946,0.816644643435146,0.0010253679491369066,0.0,254.53314821060096,-7.716156963237935e-05,0.00102900194191647
1962-01-16,-0.00262284434616229,0.000868597188911869,0.8212532000353108,0.00013630546755709892,0.0,253.41710686908158,-8.865706833068933e-05,0.00013931194932107854
1962-01-17,-0.0015700612701265153,0.0008620538954007426,0.8116760828625236,0.0001411234675827673,0.0,255.04922463440403,-2.386244171756809e-05,0.00014462418812142929
1962-01-18,-0.0003945718461510825,0.0008555179261891855,0.8065603942296375,0.0006376380090322872,0.0,253.64826809080307,-1.7034679146136267e-05,0.000639482103396324
1962-01-19,-0.0011852648803743267,0.0008490289335196975,0.8085647841631357,0.00011300539734673367,0.0,249.4089187399367,-5.500910982573774e-05,0.00011486215778873462
1962-01-20,-0.00021929314917763752,0.0008425323639885854,0.843957358609934,0.007007705416046293,0.0,251.84724780799309,6.879527269110169e-06,0.007011958165266393
1962-01-21,-0.0007429238682412832,0.000836074520639107,0.9290022050818033,0.0016808245899313588,0.0,247.57402403520774,-9.309405745086024e-05,0.001685119786391285
1962-01-22,-0.002439757609097971,0.0008296826801731088,0.9229359312470575,6.492412780637797e-05,0.0,251.04212722490965,-3.37554657526609e-05,6.690551269571832e-05
1962-01-23,-0.0035225987266012506,0.0008232974905078693,0.9105132654337336,0.0,0.0,259.2360653239679,-5.943609117451361e-05,1.2771037631864601e-06
1962-01-24,-0.003714876365190172,0.0008169453022843701,0.8922128336128767,1.4454126358032227e-06,0.0,263.6243670476134,-2.6681744572469748e-05,2.7381429888297486e-06
1962-01-25,-0.004259353850857686,0.0008106806689063035,0.868010727474694,2.9709716301179876e-07,0.0,265.01225366610373,-0.00013445566097895306,1.1466989846955024e-06
1962-01-26,-0.004107372445912012,0.0008044144359685609,0.8438920705331922,9.346686008959842e-05,0.0,264.54661362498945,-0.000160815488904883,9.726454304603523e-05
1962-01-27,-0.004700843476306248,0.0007982373574359269,0.8213938912429379,1.1034814988152456e-05,0.0,266.677649399206,-0.00021729006900288967,1.331727126965126e-05
1962-01-28,-0.0055724395870488915,0.0007920536281025342,0.7984954776512477,1.1771917343139648e-06,0.0,267.42290269093775,-0.0001576809096807814,1.1771917343139648e-06
1962-01-29,-0.0072553494555802,0.0007859593057363047,0.7768977680673258,0.0,0.0,269.8233819555653,-0.00027986747438961504,1.7210186342708766e-06
1962-01-30,-0.0067394564801690265,0.0007798615316886688,0.755760063559322,0.0,0.0,270.55938959929904,-0.0002437120166707174,8.573957188673376e-07
1962-01-31,-0.007420653172131987,0.0007738100606842903,0.734779372278131,0.0,0.0,271.61567340283295,-0.00031042304205692423,1.7324491636827588e-06
1962-02-01,-0.007849135767605346,0.000767862897808269,0.715063752427613,0.0,0.0,270.1067102184404,-0.0003602875049336482,8.315333843711414e-07
1962-02-02,-0.007529217686693548,0.0007619322356531178,0.6978608039812854,0.0,0.0,272.3424498240153,-0.00030219636983790647,4.4107440544394194e-07
1962-02-03,-0.00850419089787424,0.0007560627777024178,0.6792114027924907,0.0,0.0,273.08684234116265,-0.0003484871059571956,8.52346317969932e-07
1962-02-04,-0.005031284849859228,0.0007502247216337819,0.6636050236876178,0.0012990881788865322,0.0,266.9772953385463,-0.0006577415433896464,0.0013003747958008343
1962-02-05,-0.0027704800421235252,0.0007444611713711151,0.6820946529984698,0.0010380685792467689,0.0,257.6889602747341,-0.00028036223819195215,0.0010428842571044478
1962-02-06,-0.0040426918089726555,0.0007387173209486709,0.679819455479049,2.3702948780383098e-07,0.0,260.8019865578402,-9.513670568075559e-05,2.2831609693624208e-07
1962-02-07,-0.0036513124734668416,0.0007330498284539262,0.6748354924376178,0.0007657404715395244,0.0,264.85756320917454,-8.289461250359057e-05,0.0007702997511025672
1962-02-08,-0.0035160725652161294,0.0007274499384023376,0.6732462794991761,0.000813456094366009,0.0,265.9076364089765,-0.00010116666681685691,0.0008183561138619137
1962-02-09,-0.005102835132577326,0.0007218550995918317,0.669576813721163,5.637395516627253e-07,0.0,265.66708865048975,-0.00017764133606421745,2.2874039095537016e-06
1962-02-10,-0.0055193920846039295,0.0007163363661469714,0.6600180875559086,5.0872480128444527e-05,0.0,269.6048736428586,-0.00011410724140156461,5.429176657521489e-05
1962-02-11,-0.005872241016161644,0.0007147618943015062,0.6465788588012006,0.0005162724498975075,0.00022012366792239713,272.524410089755,-0.00024610143786264684,0.0007462973052421113
1962-02-12,-0.009339090541931197,0.0007054295580265886,0.6267522032427026,0.000455546619023307,0.0,273.05235208989086,-0.0007378354637046991,0.0007098830857469638
1962-02-13,-0.007216743409296888,0.0007000481341518252,0.6210928304496234,0.0013134878991687368,0.0,268.9682213591093,-0.0007064984427333551,0.0013566275774194966
1962-02-14,-0.005562292485587342,0.0006947245890811339,0.6161394424582157,0.0005731565593662909,0.0,267.85974396599664,-0.00036004417191790993,0.0005915023512759452
1962-02-15,-0.00756408728785434,0.0006894557236951623,0.6155661027983759,0.0004767378381753373,0.0,264.92449280187464,-0.00050820238719889,0.0005053926640979277
1962-02-16,-0.004003413189939187,0.0006842529874736981,0.6183360184204332,0.0015991887467055673,0.0,266.9260122223763,-0.00014211993538222072,0.001602937704075556
1962-02-17,-0.0024101489176184447,0.0006790884302160835,0.6557483852695386,0.0059894971170667876,0.0,265.08242655967814,-0.00026379406746834686,0.005997582593437461
1962-02-18,-0.0026494872014401327,0.000673973375121079,0.720643584113112,0.006121953854621468,0.0,263.05760510403337,-0.0002072972145541913,0.006131089189150998
1962-02-19,-0.005401178436764216,0.0006689296267126914,0.7869810977224576,0.0028964310968663063,0.0,262.6590557601268,-0.00023642007135233638,0.002902399012265503
1962-02-20,-0.0020125089476337545,0.0006638989273437673,0.7842017567090396,0.0005514138288753855,0.0,260.2413812051834,-0.00016290891263107796,0.0005568228876862862
1962-02-21,-0.002808701015461636,0.0006589512367033016,0.8004125102989642,0.0018120177595292105,0.0,258.6941712445908,-0.00023197111184314144,0.0018155725315451405
1962-02-22,-0.002716558674971263,0.0006540314962634933,0.8143232385092986,0.004228322961404499,0.0,260.1102408752154,-0.00012303521530439626,0.004233479668077911
1962-02-23,-0.0016788207625938673,0.0006491532601879142,0.8839051557350519,0.0040403187569588595,0.0,253.6149287969155,-0.0003265794103512657,0.004046834272819293
1962-02-24,-0.003085369780912238,0.0006443279779563516,0.9097213026718457,0.0002874939118401479,0.0,251.24667669465094,-0.00011870754345998926,0.00029132755591521254
1962-02-25,-0.001270715462959419,0.0006395473992083706,0.9021294947622411,0.0003640734627421967,0.0,251.0527424174738,-8.857256527674401e-05,0.00036850877587205804
1962-02-26,-0.0012413800857161397,0.0006348131235036473,0.9114422412017422,0.0009743015855382391,0.0,248.43455194304445,-0.00014603875135466203,0.000978070790841687
1962-02-27,-0.0017202245650318384,0.0006301137013623943,0.9146006668579332,0.00026246433877675547,0.0,246.00669592158718,-0.00013603472629677778,0.0002669094192046582
1962-02-28,-0.0030441490438698382,0.000625467233065158,0.9100003862111583,1.0486208112899868e-05,0.0,248.2536781835466,-8.13034715625526e-05,1.1753901249944827e-05
1962-03-01,-0.004650864855381055,0.0006209035209343259,0.9025649018655839,1.2523121079482602e-05,0.0,255.34199483336255,-8.401918714329348e-05,1.3646702303465467e-05
1962-03-02,-0.004968970677273422,0.0006163100064811061,0.8923355935881592,0.0005890497211682595,0.0,260.1889333275977,-0.0001937478549231244,0.0005923723096787727
1962-03-03,-0.0038752722117186937,0.0006117843470330967,0.9083907132768363,0.0033455612295764992,0.0,258.2900564369734,-0.0003491264667972333,0.0033549419903363483
1962-03-04,-0.004428274592774063,0.0006073464949925741,0.925322854137241,0.0005492288303577294,0.0,256.9626468256144,-0.00020150549836077936,0.0005559928335362772
1962-03-05,-0.007347301069626028,0.000602903591710969,0.9144503203713513,0.0,0.0,264.148122564772,-0.00010300076193055192,1.7289877405346488e-06
1962-03-06,-0.008540527505726465,0.000598510443154028,0.8938723921551318,1.3321911716191784e-05,0.0,267.08998633059633,-0.00025533087088563353,1.6176256242603923e-05
1962-03-07,-0.006740155908684273,0.0005941949995224086,0.8770039301583099,0.001499967681149305,0.0,267.6684300877056,-0.0003219058810822708,0.0015195119915004933
1962-03-08,-0.007299126162704102,0.0005898995082930657,0.8615545642802496,4.570468165780192e-06,0.0,265.753542064947,-0.0002670370484307661,7.445912412400648e-06
1962-03-09,-0.0047272563738338024,0.0005856636217084982,0.8434143641125237,0.0015993650981598656,0.0,266.22840033277953,-0.0002545675599558205,0.0016151652605406984
1962-03-10,-0.0022038388471145413,0.0005814607365656708,0.8633552738053202,0.004151059156757291,0.0,262.84947271760126,-0.00028442545651884404,0.0041576592261158675
1962-03-11,-0.00429155117711105,0.0005772993557870725,0.9198703801789079,0.003216030255044248,0.0,259.84398137827156,-0.00035218988140087344,0.0032190763148222134
1962-03-12,-0.004361858854522813,0.0005731909288524908,0.920401420521422,7.46861984164028e-05,0.0,256.02214140092815,-0.0003198352037260762,7.766426433288943e-05
1962-03-13,-0.0048229254487544134,0.0005690990026387792,0.9099918803701743,9.832362839057621e-05,0.0,253.7338189773416,-0.0002233449759035461,9.985539199126643e-05
1962-03-14,-0.005798337402316811,0.0005650964833922306,0.9010559196975049,2.100726978927009e-06,0.0,258.107144325242,-0.00013086526512594548,2.806334743445662e-06
1962-03-15,-0.007246199216546312,0.0005610841142255708,0.8891677425406075,1.0464487776244429e-07,0.0,260.86607625210576,-0.00016848854510124122,5.320808932033532e-07
1962-03-16,-0.008526235818862915,0.0005571262984626037,0.8750910354872882,0.0,0.0,263.26307024479814,-0.00022612531579988828,4.410743663640915e-07
1962-03-17,-0.009764994857674939,0.000553218237424301,0.8592522400247176,0.0,0.0,264.3413568378168,-0.00037475039729964265,4.5001496573604527e-07
1962-03-18,-0.009197536708608185,0.0005493431778277381,0.8449051851606639,0.0011490185845032923,0.0,265.2424536164422,-0.00039403581476144195,0.0011536616222228037
1962-03-19,-0.009229681670328992,0.0005455261233162746,0.8392566170845105,0.00017787345637709407,0.0,265.62683392469046,-0.00033030445861109237,0.00017885511877349205
1962-03-20,-0.009723358193023057,0.0005417090688048109,0.8254654304231404,0.00031166833083508385,0.0,266.75912667398404,-0.0004159721340668404,0.0003183581903141704
1962-03-21,-0.007185089259834613,0.0005379649205396404,0.8123209175641479,0.0016210608521087023,0.0,266.3248895153038,-0.00048525756130279125,0.0016844856536880862
1962-03-22,-0.00762217424515277,0.0005342439237960989,0.8230591969750471,0.0010718286753037556,0.0,263.4958103596603,-0.0004092711944785496,0.0010802940148011459
1962-03-23,-0.0037466195427765282,0.0005305708296554911,0.8169903943767657,0.003614464953625943,0.0,265.5745198955644,-0.00017288211985664855,0.0036204733537536383
1962-03-24,-0.00977909026172875,0.0005269474902395476,0.839207880914548,0.0011342339386037515,0.0,265.1173316036016,-0.00034905623876105594,0.0011356387433682994
1962-03-25,-0.011668941100775187,0.0005232927489415401,0.8251433579037195,6.822058878375985e-06,0.0,269.3137797231728,-0.0004232179184081191,8.110036956314311e-06
1962-03-26,-0.01332131019756619,0.0005197737176539535,0.8096110026041667,6.84417068621533e-05,0.0,270.7962269037682,-0.0005149280515599386,6.888380821685985e-05
1962-03-27,-0.014300302554995328,0.0005162248840439791,0.7902321680790961,0.0,0.0,272.73685032544614,-0.0008283640379033521,2.0460304567369365e-05
1962-03-28,-0.006357171567483137,0.000512798711404962,0.823592766081097,0.01356310464736432,0.0,267.4774224304659,-0.0008433447508825421,0.014525652807265678
1962-03-29,-0.004230343815633806,0.0005092613272747751,0.8977781823799436,0.002748175087453282,0.0,260.3535513940729,-0.0003390996006585784,0.002753558896179553
1962-03-30,-0.0071406300037594175,0.0005058532549163042,0.915646425523776,0.0004073962106206323,0.0,259.6546734021433,-0.00030855646641072583,0.0004101237165489842
1962-03-31,-0.0066051749607264,0.0005024435829981572,0.9518105027365821,0.006799539561662298,0.0,263.2659649642399,-0.0003509849762428279,0.00681775879041494
1962-04-01,-0.009140756170628435,0.0004990951152844618,0.9631625820238936,0.0004506562599691294,0.0,262.1237282941571,-0.00039144863748112645,0.00045108974850310694
1962-04-02,-0.011709573789168213,0.0004958145025759767,0.9478010332068032,0.0008908059805800013,0.0,266.71879433956974,-0.00025914073264026377,0.0013545063592278756
1962-04-03,-0.0075555948045967665,0.000492471086103364,0.9395903678937148,0.0030401626254542404,0.0,268.57940690710495,-0.0002386087425431963,0.003150641305863781
1962-04-04,-0.012205466964824052,0.000489256728840413,0.9490173684675143,0.0015688967275417458,0.0,269.17832751732095,-0.00038719218287427547,0.0022644590186484217
1962-04-05,-0.00646728491884167,0.0004860125692550746,0.9344128394979991,0.005350884365833412,0.0,269.92818039644465,-0.00033934851634805487,0.005656331440823226
1962-04-06,-0.012625131945488817,0.0004827998115517999,0.9616931405220104,0.0017397439075728595,0.0,267.3792016699265,-0.0006434522400804832,0.0017481937078432847
1962-04-07,-0.00914759992879663,0.0004796501101747072,0.9847841999176082,0.012738392325276038,0.0,269.14736236241805,-0.0005803320472691693,0.013032969243005151
1962-04-08,-0.006303719250159076,0.0004765052074766429,1.0331863432056263,0.0029254381434392126,0.0,262.9062055885904,-0.0004813641962190132,0.002934911948037067
1962-04-09,-0.008698644358559517,0.0004734002095831316,1.042454951227048,0.0011170589191428688,0.0,263.99801391845824,-0.00037732151584268293,0.0011223534900451897
1962-04-10,-0.007241216125124593,0.00047034976509331315,1.042171040048258,0.00405325725843004,0.0,265.70610239635977,-0.00028993917555458803,0.004077426439599706
1962-04-11,-0.0071728394108977024,0.0004672993206034946,1.0809372149393832,0.006117888468470277,0.0,265.22996346066003,-0.00040866786056319203,0.006228414565151436
1962-04-12,-0.012130938512457294,0.00046430848075845147,1.0901773168991291,0.00017000147599284933,0.0,265.4450309308011,-0.00038581189967818184,0.00017240719269897978
1962-04-13,-0.016756642883443564,0.00046132109259481484,1.0649866941060502,0.0,0.0,271.35399858650743,-0.0004992149875494047,0.0
1962-04-14,-0.016945369415364023,0.0004650219685613773,1.032513002442326,1.3891796944505078e-05,0.0004115853100846717,273.9887225731169,-0.0005706287236452777,0.00048775322693215927
1962-04-15,-0.020029337645250528,0.0005078036232856708,0.9850860423287431,0.0,0.00323326513171196,276.12873316619357,-0.0008129349009970487,8.678267136019713e-07
1962-04-16,-0.018513879744009785,0.0004825629083450232,0.9277520763447505,5.395944088192309e-05,0.0017910713361481492,275.29084318056846,-0.001132054343861712,9.529391921129597e-05
1962-04-17,-0.01828453727697922,0.0004796208971637791,0.8913240881738465,0.0,0.0017491129705798157,274.6136660566887,-0.0007749881363857937,0.0
1962-04-18,-0.02114142393325008,0.0004892478891685184,0.8495289143420435,0.0,0.002410181161374022,275.3943797397075,-0.0009225576295185898,3.439186912146397e-06
1962-04-19,-0.022787873438522645,0.0005808403599733687,0.8075259221251178,0.0,0.0046689486983468986,276.7692291130454,-0.001056013634102156,0.0
1962-04-20,-0.017106099780333246,0.000852907949921775,0.7597633261240585,0.0,0.009047928376723144,278.3666181797811,-0.0008048048390254462,7.440390558776207e-05
1962-04-21,-0.011290777916625395,0.0004953369077316112,0.7351685719750471,0.0035679547463433217,0.0010264034535588519,273.1657414157961,-0.0008920424875650702,0.005495784730561036
1962-04-22,-0.01625051900828626,0.00043764196883487166,0.7432279712511771,0.0013293215615601192,5.974557440159685e-05,272.18929852559296,-0.0009723632033430251,0.001481035840039873
1962-04-23,-0.021371515709801583,0.0005243046809050997,0.7258847913724106,0.0,0.0027351392443570716,275.8500238300044,-0.0008528779002990428,0.0
1962-04-24,-0.02366627458125185,0.0006385309211278367,0.692256374323211,0.0,0.004424098184553244,277.33456856248074,-0.0009915328211030046,4.543901468423428e-07
1962-04-25,-0.021917323987026,0.0007077269466583339,0.6545950392096281,0.0,0.0049474601249741975,277.48157343891387,-0.0010853428183133992,4.7853774270095396e-05
1962-04-26,-0.005446088053075608,0.0004717232817310399,0.6831781132297552,0.016032543306970327,0.0010283396995000248,272.4901049518765,-0.0006565524391451124,0.018141393677991915
1962-04-27,-0.012903333425858601,0.0004263385541021487,0.7686958384828154,0.0024469539228468965,0.0,271.50972438532085,-0.0008304704159582402,0.00267986181239011
1962-04-28,-0.01205828028210139,0.0004609912465521172,0.7635796900747411,0.005819933267973238,0.0008319208009094843,274.3090427923113,-0.0006751905979409731,0.008046511007361434
1962-04-29,-0.014574644592522229,0.0004266698313298199,0.7951432567531781,0.00284568692878478,0.0,266.5220656350059,-0.0014816503129941596,0.003221915301991055
1962-04-30,-0.013403349214017729,0.0004218543990183685,0.7940096810263655,0.0007551024420618339,0.0,265.782606670861,-0.0006977868987257872,0.0007590170801801196
1962-05-01,-0.015768577949812186,0.00042050016128410736,0.790432400173611,6.737610546209045e-05,0.0,269.3473154703776,-0.0006048612265011012,0.0001891326431824526
1962-05-02,-0.017527862667700667,0.00041921537811473263,0.7833819775482581,9.943304930703117e-06,0.0,272.30280034555557,-0.0006236281708977317,0.0005740523506642837
1962-05-03,-0.015573562833212193,0.00045005733010459087,0.7805010262182204,0.002538679746416329,0.0014007661470585623,274.0279052037529,-0.000650483346675749,0.003534873850170155
1962-05-04,-0.022382624363158382,0.000701038935090189,0.762926579419727,0.0,0.005074557485216755,277.37229990914267,-0.0010950213645474385,0.0011617049658470908
1962-05-05,-0.020089107718171375,0.0007316007115746623,0.726376520936323,0.0,0.0053407674876310065,276.5446144506308,-0.0009146552417153693,0.0006816280763587845
1962-05-06,-0.021903345056172818,0.0012044052956467967,0.689726921124647,0.0,0.009168784139351656,277.0471737892165,-0.0008591693841804894,0.0022417561145825575
1962-05-07,-0.02525043100287012,0.0007991919578131984,0.6489333675406075,0.0,0.005460207660992941,277.463072469679,-0.0013572251434716802,0.0007182553723787428
1962-05-08,-0.018535533446376606,0.0013552670088191492,0.6238064236111112,0.0008746363475161085,0.007743481967577154,276.23492439543014,-0.0007997429798130936,0.0019220721587126042
1962-05-09,-0.02531499600848236,0.0014239269292960735,0.5862768140889831,0.0,0.009693524973877406,278.6223542308628,-0.001167535776598642,2.1665955697015842e-05
1962-05-10,-0.026906164562971582,0.0010447969376030618,0.5463862589748116,0.0,0.008491083874372439,278.44543318739494,-0.0012222759446686945,8.784108242746128e-07
1962-05-11,-0.026083607416031728,0.001058589267191914,0.5096978081597223,0.0,0.006238849402147497,278.6033716363422,-0.001464494051527506,0.00019565506607450823
1962-05-12,-0.017170200829452042,0.0007193749402202456,0.48391361559851703,0.0,0.0031727824128617004,275.925330889427,-0.0010998478727573056,0.0009485288741272424
1962-05-13,-0.012581587216611637,0.001346189339282149,0.5002627615201272,0.008738350459916446,0.0038731137532635597,274.70864934256747,-0.0005744095091934259,0.015600710365832472
1962-05-14,-0.014624279308117044,0.0007591912638669635,0.5089571103313324,0.002447525512869075,0.001423990953776796,272.4288551093495,-0.0010722881751292844,0.005069416644997318
1962-05-15,-0.0200322662706429,0.0007496391144175988,0.5679200598075567,0.008383299166199853,0.0003398402178354856,273.55928267283184,-0.0012755929308254166,0.012703998242245999
1962-05-16,-0.020227636110647925,0.000710890791510458,0.5647901402130414,0.0001400776923039539,0.00031089475431011224,272.9880170983783,-0.001322111525272919,0.0005163185756997738
1962-05-17,-0.010187400936406885,0.0008102191538460512,0.5707311253089691,0.003394695114617968,0.0012703424708991403,273.5095572857758,-0.0005467329226897262,0.0056106333846872415
1962-05-18,-0.013732106124950669,0.0012803225867492332,0.5622908022893127,0.0003288498327220227,0.00375703835891465,274.17400579219037,-0.0005273433707359821,0.0029770252058061502
1962-05-19,-0.022769780650650717,0.0018724960795903614,0.5372822504708099,0.0,0.006945347739646664,276.803842964819,-0.000865176172748124,0.0005247431454635711
1962-05-20,-0.025125012601499505,0.002307598957907682,0.4965838703507533,0.0,0.009959083345145158,279.0516709149895,-0.0010126298083002958,0.0032683699928043744
1962-05-21,-0.006349820833084948,0.005173238825663336,0.4623041817472928,0.0011245015440350871,0.0110886236705349,276.6616549087783,-5.9600903699963784e-05,0.011721315558918505
1962-05-22,-0.006504864089906553,0.0015059174959268947,0.4688295411075801,0.0090270899657139,0.0024515695785735287,273.4679713814946,-0.0006197506856531074,0.012492961267359938
1962-05-23,-0.014257638089064151,0.0016973930395255655,0.48709916799081926,0.0003572119515662813,0.0030439102464476548,273.76002305959355,-0.0009188089982769583,0.001620435260019033
1962-05-24,-0.012084769327088265,0.0029894567310473344,0.46574307026836154,0.0010643960266126752,0.003997410337130229,275.3975539198479,-0.0008366231117292313,0.008204711746236241
1962-05-25,-0.00576286358853518,0.004585951566696167,0.46135129766949157,0.0028714632962719873,0.006713388477173229,275.3108448991219,-0.0005226628328699851,0.01195726357600654
1962-05-26,-0.004134299054657673,0.0032003703763929473,0.4656281264712807,0.005170519090136566,0.005141756039554791,274.6033965504102,-0.000513560196521592,0.012739023010608093
1962-05-27,-0.004655767211132805,0.003763498222760562,0.46141750529661013,0.0009144740757969141,0.004661906742106724,274.2823522499501,-0.000523065437831111,0.006807580017772698
1962-05-28,-0.004649445625011531,0.005743821714557497,0.4434844338512242,0.0005512133577449174,0.00592533027553289,274.90657658047144,-0.0006388941369319366,0.009422648340295265
1962-05-29,-0.012131225549231817,0.004192828711143321,0.4286401321209981,0.001486118756613489,0.004750876629588295,274.85330522756345,-0.0011201478793459426,0.0060978620234182325
1962-05-30,-0.023088797716434392,0.0038352213842047134,0.4125689203007297,7.031748523819918e-08,0.001954697325068005,276.27063196976087,-0.0015474950978900755,0.00041062941074407284
1962-05-31,-0.01360553503036499,0.005994130662605589,0.39355744615113,0.0,0.006166146636682715,276.7574693352938,-0.0011085783483955147,0.006317563428796102
1962-06-01,-0.016898326365287698,0.005502566274276561,0.36918867150717993,0.0,0.006561609942697537,277.58326798419273,-0.0013548238781717539,0.004490980943672051
1962-06-02,-0.01742601929243002,0.004711641766930704,0.3529526302818974,0.000567468798766702,0.0050284121038213295,277.41503895833216,-0.001227938754242019,0.0028957350461270306
1962-06-03,-0.023766852452256588,0.006511721823175076,0.3360804900835688,0.0,0.005708154248820861,279.6700602206358,-0.0015476755061223685,0.0043587982877892305
1962-06-04,-0.012186829821538117,0.008171302450578765,0.31480784155779196,0.0008611465662212697,0.005764950635069508,279.0579414188076,-0.00132885327467979,0.011613476158184076
1962-06-05,-0.021254822738089804,0.004356790733876201,0.31640119247292847,0.0010831695744546795,0.0002485374357067259,273.75018379513153,-0.0020142602129171127,0.002573696400691455
1962-06-06,-0.013865412376021262,0.004382399684291775,0.31830811006650195,0.002333238047395049,0.00012988363534717238,273.1232894459238,-0.0012040884249796303,0.003299432976092737
1962-06-07,-0.01174886629911466,0.004375162771192648,0.33404966307674205,0.00339162112924002,0.0003969585575626395,272.5411033091572,-0.00105756263401212,0.00497106277942963
1962-06-08,-0.015695712323916162,0.004347427248281275,0.3526376842778955,0.0010588408716149251,0.0011147919852854845,273.6149088433907,-0.0015122477428219413,0.00423953499389947
1962-06-09,-0.020672244288153566,0.004297685320094481,0.3381324667490584,5.9806736512372726e-05,0.0038102171094404106,277.24568371314786,-0.0013484739945769984,0.0006984652941088754
1962-06-10,-0.026243998085038134,0.004997186068087648,0.31088205111228817,0.0,0.00817271797670483,281.23758142546745,-0.0014923828901291568,0.0011573500919533275
1962-06-11,-0.0271085800424134,0.005943968218598663,0.285181767522952,0.0,0.007796348614544518,283.199528591781,-0.0013766553210841736,0.0009357965333965491
1962-06-12,-0.022555696846401626,0.00653835129266405,0.26060057674199627,0.0,0.009528062774636652,281.72799495833516,-0.0013964260365329894,0.0018612125543808165
1962-06-13,-0.027002348359358514,0.0071678154886105645,0.2375373337452919,0.0,0.007806937973209694,282.7582454214438,-0.001503543212673085,0.0021768106578652336
1962-06-14,-0.021969237401660555,0.009303502948944178,0.21315269685734464,0.0,0.010027003448225012,283.2194357079975,-0.001276339698940684,0.0032770051077467915
1962-06-15,-0.010072137508015177,0.01250300350162269,0.1890965693414548,0.0,0.008923056288122459,280.76589375296555,-0.001095892572091461,0.008427054564909515
1962-06-16,-0.007145660450566287,0.018811788346807835,0.16987957568267423,0.00037352702880309805,0.008279799194322467,278.349420173918,-0.0014200139538211338,0.02032944498708919
1962-06-17,-0.013567919532457989,0.011069071579114192,0.15240398054967044,0.0,0.005619395650544409,277.6274446785563,-0.0013037974614713154,0.005579506795262375
1962-06-18,-0.016140715761036525,0.012141119793983503,0.1347699928642891,0.0,0.008219657518432639,280.24243275773506,-0.0012712728989831474,0.004385040293253769
1962-06-19,-0.01995099449561814,0.010351573217049832,0.11345803355991056,0.0,0.008491036518987291,281.31572597668895,-0.0011718780812570604,0.001064095195695155
1962-06-20,-0.015908751741977735,0.015430807772666049,0.09328769604814031,0.0,0.0076832464017437,281.2097547031841,-0.0013358754837243573,0.011552051931385842
1962-06-21,-0.019919334032104514,0.00988659405775663,0.07477139977636536,0.0,0.006780258890262433,280.5240488824647,-0.0015828287449933716,0.0016871119117437782
1962-06-22,-0.02166474640032666,0.009349530867937595,0.05995698343338041,0.0,0.00576927660212005,280.5104526692191,-0.001988981192731588,0.00226883834364724
1962-06-23,-0.027472922820492653,0.008940393641843635,0.04656051377118644,0.0,0.005175540570990515,282.7306875706617,-0.002143481399043132,3.0093946349686027e-06
1962-06-24,-0.026883559417253164,0.00878768502655676,0.03393646642537665,0.0,0.005007114534997671,284.74795698535877,-0.00204157585141349,0.0017869656367814337
1962-06-25,-0.022828246324749318,0.008349952303757104,0.02345979909663371,0.0,0.004464447877164615,283.65329249250914,-0.002222264780120998,0.002139816681487143
1962-06-26,-0.03374106230708839,0.008193391275271184,0.013517390536723167,0.0,0.0037754950466129065,286.9585536841844,-0.0029799100011587147,3.863744816537631e-05
1962-06-27,-0.039501841921927565,0.0072123852826781205,0.006916398157956686,0.0,0.001868987550674859,289.06362811230446,-0.0029625891271115702,7.551788892433354e-05
1962-06-28,-0.037014047557351284,0.0064355912855116,0.0035370505237758954,0.0,0.0009066647518489322,286.3430176930688,-0.0027208310409875245,3.112269993512637e-05
1962-06-29,-0.031713906949186056,0.005865424197945892,0.0017347317855461394,0.0,0.0005615093445373794,285.81648883352625,-0.0026652656369290113,0.0001980285859141375
1962-06-30,-0.025161689620907025,0.0058807028131296415,0.0008561014006591339,0.0,0.00029897237312322285,285.13768529083774,-0.0026699258593347788,0.006203246386003602
1962-07-01,-0.030502560785261257,0.00498821851560625,0.0005181666372410547,0.0,0.00011027189718801423,285.67665350818817,-0.0032051153701998423,0.0015192820189686683
1962-07-02,-0.03685021370986087,0.0046388542248030845,-7.3453647229951e-24,0.0,5.03820888066696e-05,286.66057857147047,-0.0028416758329518096,0.0005121908953622623
1962-07-03,-0.024117305411794094,0.00437041292082792,-7.3453647229951e-24,0.0,2.349593208334541e-05,284.3723531784087,-0.002217990225233601,0.0019385240677158983
1962-07-04,-0.026243336077800578,0.004105781347064649,-7.3453647229951e-24,0.0,8.908116211325436e-06,282.7231668626746,-0.002502645392202388,0.0007840412314530278
1962-07-05,-0.03533322132576657,0.003874575856041774,-7.3453647229951e-24,0.0,4.903302859451811e-06,285.38025494663503,-0.0028912860184571168,0.00010897887365076379
1962-07-06,-0.043138295538344626,0.0036743832173320536,-7.3453647229951e-24,0.0,2.8406496101853542e-06,288.19157940923833,-0.0031557105965701877,0.0006587242389006301
1962-07-07,-0.027939500823869545,0.003496715325420186,-7.3453647229951e-24,0.0,1.1579759713620117e-06,285.2771548865654,-0.0024993312097875415,0.0011174947023278037
1962-07-08,-0.032678131245623875,0.003328511859737547,-7.3453647229951e-24,0.0,5.21435407595446e-07,284.7290946076819,-0.0026219411526864534,0.00013619040026249856
1962-07-09,-0.03590930232220451,0.0031837015333822222,-7.3453647229951e-24,0.0,2.45448222941598e-07,287.01239290614586,-0.0027527667497847714,0.0006223772540928143
1962-07-10,-0.03152369754125843,0.0030462457298558983,-7.3453647229951e-24,0.0,1.0519209554639915e-07,286.18172036366724,-0.0024232925205244183,0.00048192502078363454
1962-07-11,-0.033108091076551854,0.002921617805621045,-7.3453647229951e-24,0.0,4.3314392283811405e-08,285.8828021658342,-0.002521810085002312,0.0005458440234164722
1962-07-12,-0.017021509592479233,0.002942156404425195,-7.3453647229951e-24,0.0,2.0625901087529242e-08,285.4241732904467,-0.0023792781314607397,0.009628478753364693
1962-07-13,-0.015455328306909337,0.003536234467716541,-7.3453647229951e-24,0.0,1.0312950543764621e-08,284.1246709374609,-0.0031122621464527264,0.011224251345726056
1962-07-14,-0.009591871946208223,0.0027943547331007188,-7.3453647229951e-24,0.0,4.125180217505848e-09,280.77209000309085,-0.003508311833155021,0.014751599670129982
1962-07-15,-0.017877978078052824,0.003001789504525352,-7.3453647229951e-24,0.0,2.062590108752924e-09,279.2358228105161,-0.0028112281566370005,0.0062263669098155785
1962-07-16,-0.027000189837762867,0.0024509829821559672,-7.3453647229951e-24,0.0,0.0,281.6815718347295,-0.002233499250674652,0.0006844773803945854
1962-07-17,-0.029347737756489363,0.00237350064819142,-7.3453647229951e-24,0.0,0.0,283.31230432973746,-0.0027241465651382836,1.6121204290012858e-05
1962-07-18,-0.036250893005543516,0.0023148039640006374,-7.3453647229951e-24,0.0,0.0,286.36115641333515,-0.002837284504946343,0.001105940975067223
1962-07-19,-0.029450288221324228,0.002251433366436069,-7.3453647229951e-24,0.0,0.0,283.9551220981864,-0.0026133006680651577,0.0011389586716267213
1962-07-20,-0.03389409138152829,0.0021789703665480104,-7.3453647229951e-24,0.0,0.0,284.14958699185075,-0.002681016185357746,2.4505254239012296e-06
1962-07-21,-0.03720995901668139,0.0021188538626762438,-7.3453647229951e-24,0.0,0.0,286.2360616565424,-0.0026717175345467984,0.0001006607281909925
1962-07-22,-0.030708724706523166,0.002074046323528398,-7.3453647229951e-24,0.0,0.0,285.49833808510994,-0.002518256189627836,0.0014009034566322123
1962-07-23,-0.025858115383797446,0.0020777460208720407,-7.3453647229951e-24,0.0,0.0,284.3095438754267,-0.002975713819433741,0.006819025473303768
1962-07-24,-0.024558706219586956,0.0020005505974009887,-7.3453647229951e-24,0.0,0.0,283.2819355679098,-0.002610866432893748,0.004423014625986158
1962-07-25,-0.025523860912538523,0.001955550690155245,-7.3453647229951e-24,0.0,0.0,283.60625582405856,-0.002516998462168511,0.004543322832628009
1962-07-26,-0.018482076456654548,0.0024567775133639406,-7.3453647229951e-24,0.0,0.0,283.39439656101376,-0.002744998283010755,0.007768514486848755
1962-07-27,-0.010597134040573898,0.0025871367441058835,-7.3453647229951e-24,0.0,0.0,281.20492955655027,-0.0032053142049386675,0.01647741696928854
1962-07-28,-0.01189630386014443,0.0020960301665936486,-7.3453647229951e-24,0.0,0.0,281.3275165881141,-0.0028290482669395245,0.010246322632145161
1962-07-29,-0.01580873203311263,0.0020239242052627828,-7.3453647229951e-24,0.0,0.0,281.58921817197637,-0.0028397154883813046,0.008720684102026083
1962-07-30,-0.01960524849298984,0.0019544931707409143,-7.3453647229951e-24,0.0,0.0,282.2162382553302,-0.002522468356426153,0.0046603993675803064
1962-07-31,-0.0180504553988155,0.0026685007463740766,-7.3453647229951e-24,0.0,0.0,282.5652103747352,-0.0026366606533611563,0.008962130810812334
1962-08-01,-0.015180992625527462,0.0029681514380341875,-7.3453647229951e-24,0.0,0.0,281.4081811743267,-0.0029954886074456794,0.010696867017941258
1962-08-02,-0.023777419564414162,0.0016672498425521422,-7.3453647229951e-24,0.0,0.0,283.42552028447676,-0.00228285155979927,0.0027352925746891863
1962-08-03,-0.03037988339777047,0.001612197207865742,-7.3453647229951e-24,0.0,0.0,285.361800529638,-0.0028649091004988568,0.0007057919003869181
1962-08-04,-0.034059246970435324,0.0016098312065426243,-7.3453647229951e-24,0.0,0.0,286.79716272946814,-0.002989730318892474,0.002098248115938316
1962-08-05,-0.031860213032213314,0.00162520036522278,-7.3453647229951e-24,0.0,0.0,285.2076076967343,-0.002723551823594476,0.004190079185819949
1962-08-06,-0.026163469515951346,0.0015499723159660727,-7.3453647229951e-24,0.0,0.0,281.64243310184804,-0.0024076511315201635,0.0003916050586273543
1962-08-07,-0.034019032693178644,0.0015299549210543012,-7.3453647229951e-24,0.0,0.0,285.34758813861623,-0.0027145212568805716,0.0003190757191099622
1962-08-08,-0.03636749063507986,0.0015072415104020113,-7.3453647229951e-24,0.0,0.0,287.9061302608914,-0.0028194855625009807,8.52346317969932e-07
1962-08-09,-0.03290264476827309,0.0014902032532934416,-7.3453647229951e-24,0.0,0.0,288.2748284528485,-0.0026273468330418326,0.0003290703910000043
1962-08-10,-0.019006571443067433,0.0015752808017245796,-7.3453647229951e-24,0.0,0.0,284.29719542379434,-0.0023538552035214538,0.008301555049575979
1962-08-11,-0.021300424332335845,0.0014562082324324353,-7.3453647229951e-24,0.0,0.0,282.20747696971716,-0.0025472763694275573,0.000562252836610018
1962-08-12,-0.031127227985926268,0.001431412026707062,-7.3453647229951e-24,0.0,0.0,285.74260215974795,-0.0025507945693650494,6.916341488629841e-06
1962-08-13,-0.03400686909418322,0.0014136156624993362,-7.3453647229951e-24,0.0,0.0,288.35258301054245,-0.0025268365434334104,0.0002010697812243643
1962-08-14,-0.03507407800962696,0.001392570424214595,-7.3453647229951e-24,0.0,0.0,288.0763234427644,-0.0026983005536646495,9.411539700987579e-06
1962-08-15,-0.03073743259334295,0.0013829181760044423,-7.3453647229951e-24,0.0,0.0,286.4526595494617,-0.0024649480747132653,0.0011951050515852507
1962-08-16,-0.03210077380056436,0.0013549817820726817,-7.3453647229951e-24,0.0,0.0,287.0132355483463,-0.002483853075842736,6.42529258837611e-05
1962-08-17,-0.03513806822609767,0.0013378279357306702,-7.3453647229951e-24,0.0,0.0,288.6571370284661,-0.0024931968984294073,0.000347546868762156
1962-08-18,-0.03490305043714868,0.0013235367960849052,-7.3453647229951e-24,0.0,0.0,286.9483173571513,-0.0023364034128812074,0.0009157002258982206
1962-08-19,-0.03236882872669037,0.0013040478451777314,-7.3453647229951e-24,0.0,0.0,285.2091217903094,-0.0024098650431313086,0.000881243351558865
1962-08-20,-0.028957146204124064,0.001283989451025839,-7.3453647229951e-24,0.0,0.0,284.4146871476973,-0.00226959036294855,0.0005722527785813604
1962-08-21,-0.03341905406471027,0.0012604968022491973,-7.3453647229951e-24,0.0,0.0,287.04293031207584,-0.0021731814706308695,2.212611968907933e-06
1962-08-22,-0.0281286134810771,0.0012560553301525655,-7.3453647229951e-24,0.0,0.0,285.3243124363786,-0.001963671480994777,0.0014689215663113027
1962-08-23,-0.020118139726293963,0.0012378653900771493,-7.3453647229951e-24,0.0,0.0,279.3594732266586,-0.0018598354226872745,0.0017979192392382475
1962-08-24,-0.025854501852207938,0.0012093677190737537,-7.3453647229951e-24,0.0,0.0,279.12110754684767,-0.0018231311423630367,0.00023552548077146885
1962-08-25,-0.03261079959108331,0.001189992252716237,-7.3453647229951e-24,0.0,0.0,284.26215294300954,-0.0019976263392274666,4.261732087229575e-07
1962-08-26,-0.036663145963418284,0.001172254903841827,-7.3453647229951e-24,0.0,0.0,286.68835562007354,-0.0021450563760127056,2.9072882601040632e-05
1962-08-27,-0.030335620087755606,0.0011951300383961133,-7.3453647229951e-24,3.849938090911693e-05,0.0,285.35474479804606,-0.0018022183097351745,0.004162955671380469
1962-08-28,-0.02382611723269447,0.0011389877668208323,9.011593691148775e-05,0.0,9.514117813379751e-06,278.78229787435015,-0.0017938309343857955,0.00012270316557819546
1962-08-29,-0.007539083055183713,0.001186539392686833,0.006107423714100754,0.0026373792923776447,0.00041068211660883527,276.2447763827337,-0.0023856238530433112,0.009952526794880364
1962-08-30,-0.008238069671022018,0.0011495429243745105,0.03887904969985875,0.0059794632054991645,0.001182201323704531,274.9984067209247,-0.00174361508402784,0.009346426628264317
1962-08-31,-0.018173365353864466,0.0011216003005787478,0.044733137285193035,0.00035497125259227,0.002001087923171157,275.5332621127199,-0.0017252256199296585,0.0007231720760335055
1962-09-01,-0.024168858167815346,0.001106142240055537,0.02957480910134181,0.0,0.0020216199974555757,279.4093067901956,-0.0017746359394010852,0.00027564354870025716
1962-09-02,-0.025710307061672214,0.001080257912813607,0.01677857594750471,0.0,0.001320680171924796,282.23588111575714,-0.001850083964945233,7.50275149857257e-05
1962-09-03,-0.010065802115168276,0.0010668223692198932,0.008523082553554617,0.00014960351215917512,0.0007017820884110564,277.42543587621776,-0.001262922239842388,0.0015774343141728203
1962-09-04,-0.01994775126209367,0.0010376862213436495,0.006239149305555556,5.21540641784668e-08,0.0002862830556887018,276.3826963564771,-0.0013959443165084064,0.00013323399306193245
1962-09-05,-0.023814165912105542,0.0010232182882599912,0.004133378943032015,0.0,0.00035067307789110196,279.9872278978596,-0.0016753410152291176,8.642672923997452e-07
1962-09-06,-0.026619613591560537,0.0010066245403666954,0.0018864575976930322,0.0,0.0001902039252263678,282.9164488517632,-0.0018602959959015334,4.351138045421976e-07
1962-09-07,-0.028848346848945834,0.0009907737458493078,0.0009011593691148777,0.0,7.35560463646711e-05,284.5320656663281,-0.0018609911098150212,1.679484375798672e-05
1962-09-08,-0.01063638487778141,0.0009808393016373371,0.029269978151483054,0.010682366051747974,9.403979710939914e-06,272.9439645936036,-0.0009441349160789098,0.011344727216595149
1962-09-09,-0.013937066714305661,0.0009695069264557403,0.08321586077271657,0.0016313907769271885,0.00045615434646606445,268.9782908775488,-0.001233181837251631,0.001633089999689635
1962-09-10,-0.02171563815935857,0.0009939023162012046,0.06719361501000472,0.0,0.003404165181399739,275.71089544853027,-0.0016173266589978323,4.351138045421976e-07
1962-09-11,-0.03439527455359529,0.00096971773158359,0.04239724944091337,0.0,0.0024332814339527303,281.4684475756859,-0.002222670173788138,1.8570502209187217e-05
1962-09-12,-0.020360146791247997,0.0009547099892028982,0.022227831479519778,0.0,0.0019340863461885078,280.6396410487691,-0.0014063220281722182,0.00045680006345113117
1962-09-13,-0.0189927084381971,0.0009725080371576515,0.01115621505708569,0.0,0.00108765909648211,279.3469744285397,-0.0019523603157640176,0.00374330374416262
1962-09-14,-0.021603395415227968,0.0009106723433834012,0.005432473737641243,0.0,0.0005347484375460673,281.53315586513946,-0.0015931970276738291,0.00017577088145169829
1962-09-15,-0.024756307403246563,0.0008946092283658389,0.0027271565295433147,0.0,0.00021460074615680565,282.37883541947707,-0.0016421817064201092,0.00021061101574688332
1962-09-16,-0.02149758925714062,0.0008891315783484508,0.0013951878089689266,0.0,0.00011081836780922563,280.69408101730204,-0.0017073357130511335,0.001151534910829949
1962-09-17,-0.021610784118121628,0.000868560146477263,0.0005406956214689266,0.0,6.337543833727218e-05,281.228792635959,-0.0014801672633505813,6.654836641575078e-09
1962-09-18,-0.02298140656308266,0.0008576209262265998,0.000360463747645951,0.0,3.2340265852583334e-05,282.4443894294696,-0.001444466233169292,7.320006496050767e-05
1962-09-19,-0.020719305901540877,0.0008485717962017166,-7.3453647229951e-24,0.0,1.3913096344403627e-05,282.3592732855156,-0.0015116946266616807,0.0003646849575689284
1962-09-20,-0.022454418326165043,0.0008404680059454536,-7.3453647229951e-24,0.0,6.028308959330543e-06,283.03680598443964,-0.0013879465602212033,0.0006784863717000475
1962-09-21,-0.007840080786559542,0.0008583224594256299,-7.3453647229951e-24,0.0,1.8637816784745556e-06,280.79890174291006,-0.0015259848876019659,0.003921310983268879
1962-09-22,-0.009579805162666882,0.0008861215437872935,-7.3453647229951e-24,0.0,1.0606659165883469e-06,279.32198286325917,-0.0023212285428229028,0.006893785845086999
1962-09-23,-0.013647379595681101,0.0008704305368628205,-7.3453647229951e-24,0.0,2.2796882411180916e-07,279.46729589271905,-0.0014307949755151394,0.005415728368328116
1962-09-24,-0.00808547491912788,0.0009896245043156512,-7.3453647229951e-24,0.0,1.432763486258728e-07,277.80307339454555,-0.002147087674735293,0.012909649708176738
1962-09-25,-0.013888744100675745,0.0008090451612310895,-7.3453647229951e-24,0.0,8.236679990412826e-08,278.33203127514395,-0.001802863900439214,0.0019148357506630783
1962-09-26,-0.020996195616695166,0.0007809776875932337,-7.3453647229951e-24,0.0,3.466414192975578e-08,279.843470198062,-0.0013724335464043807,4.351138045421976e-07
1962-09-27,-0.02487127815431121,0.0007726939889670766,-7.3453647229951e-24,0.0,1.5269480856124966e-08,281.3099201223945,-0.0015549803268438006,4.261732087229575e-07
1962-09-28,-0.022989272187321875,0.0007660960578649059,-7.3453647229951e-24,0.0,9.281655489388159e-09,280.8661295249637,-0.0014589108463566184,0.000175935570772089
1962-09-29,-0.021664107670891757,0.0007739186623675675,0.0007905834363229756,0.00039282500070367157,2.034454695922507e-05,278.0411761978925,-0.0019283874202414425,0.002339273926867846
1962-09-30,-0.02553584409803994,0.0007502828109062324,0.002426233668785311,0.0,4.48470230156419e-06,273.9717417176385,-0.0012787028273704365,4.2864023526563274e-05
1962-10-01,-0.018608896619519272,0.0007441045537506793,0.0018623194003060267,0.0,9.839075727988097e-05,276.27775903834686,-0.0010532795078000107,1.2898648265036172e-06
1962-10-02,-0.018348782875780335,0.0007367194709131274,0.001404613200329567,0.0,7.551093980417414e-05,278.26819689978765,-0.001129175025948697,1.2993812106287805e-06
1962-10-03,-0.02019053003040411,0.0007293524883561217,0.0009584013800612054,0.0,5.3230746738654754e-05,280.5008033781177,-0.001314971964322241,4.261732051702438e-07
1962-10-04,-0.02289996384564093,0.0007220086573207446,0.00045057968455743883,0.0,3.286269046155747e-05,281.53774781595297,-0.0012992274089805825,4.4107436991680515e-07
1962-10-05,-0.016195924394885024,0.0007170552419403852,-7.3453647229951e-24,0.0,1.897814415268979e-05,281.4477128677225,-0.0010097945414188892,0.00028460946484075444
1962-10-06,-0.0036742533583425533,0.0007465274657233288,0.004617062441148776,0.002091139176134336,0.0002861799998471966,275.9938754281082,-0.0016051955668434587,0.00654332417213731
1962-10-07,-0.012502732755100662,0.0007085990434312551,0.011148858654072506,2.2000259598769712e-07,0.00029871569641229124,274.9517069599274,-0.0012855010138729873,0.00031313313601590817
1962-10-08,-0.016156575984537264,0.000708583384583899,0.009209526909722224,1.2625135102514495e-05,0.0002397910644442348,276.2742897400075,-0.0013235567590106007,0.001256123333415689
1962-10-09,-0.02268002266432606,0.0006943082405348955,0.007143756988582863,0.0,0.0003336267387967999,277.09455759871025,-0.0012152105317277423,8.556642753941211e-07
1962-10-10,-0.026272411316128102,0.0006864468256632488,0.004753845559675142,0.0,0.0002178535244222415,280.0123681034297,-0.0013524617284199612,1.704691385384649e-06
1962-10-11,-0.026278199533284724,0.0006815048597626768,0.003304174390889831,0.0,0.00013324781452531871,280.07695997277676,-0.0012660910885802098,0.0003461853683655388
1962-10-12,-0.03311005542002155,0.0006724260116027574,0.0019903667902542374,0.0,9.630874093979768e-05,281.5300644373489,-0.0014101941727817395,8.594539622208686e-07
1962-10-13,-0.03020600898791168,0.0006657974363046852,0.0013813945533192092,0.0,5.9181098210609575e-05,282.17194639805797,-0.001383919668736431,0.0
1962-10-14,-0.03266956892895834,0.0006592963206565986,0.0005406956214689266,0.0,3.060891087782586e-05,281.671366912497,-0.0013560666992081761,1.2818082382182183e-06
1962-10-15,-0.018270540245845495,0.0006561983103132517,0.003595441972693032,0.002607992308287971,4.438567633009227e-07,272.68066675649527,-0.000827230344721153,0.0031090661629655267
1962-10-16,-0.010487322753432107,0.0006484747943231616,0.019125728283898306,0.0003421208531843067,7.332860371150539e-05,270.22939677696445,-0.000429900384134492,0.00034481969866536504
1962-10-17,-0.012386851054800432,0.0006455181345427778,0.01786709370586158,0.0,0.0002616473741955677,272.88563517123293,-0.00041674271667912853,2.5770914362510666e-06
1962-10-18,-0.014119046471886719,0.000644363505018633,0.01533120365466102,0.0,0.0006039803795053461,276.3994559307782,-0.0007352987093861494,1.284479992591514e-06
1962-10-19,-0.011884062219474276,0.0006347250635341063,0.011837601886181734,5.309161661708423e-05,0.00013083676244579466,274.14223000334255,-0.0006748931745519746,0.00032160269995465006
1962-10-20,-0.012524832945085516,0.0006302711317094705,0.01088287870762712,0.0,0.0003321879769617555,275.07233622204336,-0.0006480284277244476,1.277440730973467e-06
1962-10-21,-0.014635033442475702,0.0006247971859355431,0.008415954934675143,0.0,0.00032549801856111,277.4430331249919,-0.0008206697191390616,1.2800166473425634e-06
1962-10-22,-0.008559461114770276,0.0006328581248299551,0.006739614598046141,0.0005713022066711706,9.073799023520477e-05,275.2431403337899,-0.0011816744739979001,0.002853682822313147
1962-10-23,-0.009835043785262242,0.0006130003491363957,0.01145920690619115,0.00043777037559256045,0.00018015620693311854,273.54098763259344,-0.0006879585516233903,0.000475561214705645
1962-10-24,-0.007584677240942831,0.0006065553864516781,0.016212132915489643,0.001590743829301522,0.0,272.35307796571664,-0.0004417764517547048,0.0017667493913457084
1962-10-25,-0.011493812341474544,0.0006052514927535408,0.020559537208686442,1.655754733220332e-06,0.0003730510229949897,273.74810583398397,-0.0005002600577591503,2.9333566987850767e-06
1962-10-26,-0.015310490030353353,0.0006015560047774665,0.016975819503295672,0.0,0.00046820551325372383,276.3378585341287,-0.0006717082302449114,8.583068833445395e-07
1962-10-27,-0.012585724309339363,0.0005934847950261865,0.013238766772598871,0.0,0.00022002951489330015,276.0133769687286,-0.0005995856734824045,4.351138045421976e-07
1962-10-28,-0.009088201164189031,0.0005931270829701828,0.011206330552612994,0.0,0.0005831269094836242,276.5170925341532,-0.0005043614340030541,4.351138045421976e-07
1962-10-29,-0.01175764910245346,0.0005862642984605778,0.007484450403130886,0.0,0.00041433543724528815,277.84897106695087,-0.0006201606043903841,2.139806724699156e-06
1962-10-30,-0.013761311811579148,0.0005794709685158595,0.005094538974223164,0.0,0.0002546077225841372,278.5795962446827,-0.0006495146028234461,4.3809387761939433e-07
1962-10-31,-0.011675371919984873,0.0005742635598963938,0.0030345162429378536,0.0,4.5068014813008285e-05,277.26846473679484,-0.0006337967506573026,0.000327808641439518
1962-11-01,-0.0070668285091718035,0.0005704875888124024,0.004963043270362524,0.0008334667332428324,6.2082804697381576e-06,272.37081954438816,-0.0005716315370663412,0.00137596817339881
1962-11-02,-0.0056248359424246235,0.0005712731409881074,0.008758947225164784,2.469789594580225e-05,0.00012992275089530623,273.379730418577,-0.0006624923829557534,0.0010904142075289544
1962-11-03,-0.010598670333455512,0.0005618643625981391,0.007502611523069681,4.416678921651032e-07,0.0002868447642205126,275.38487293581056,-0.0005490499059275046,2.028664289397371e-05
1962-11-04,-0.013636023774322145,0.0005558134809052203,0.005279828375117703,0.0,0.00016583774849183143,276.3718640386722,-0.0005803822124071714,8.463859444418631e-07
1962-11-05,-0.010730316367863263,0.000550474655830254,0.004394071474811677,5.41903457399142e-06,7.468721918803824e-05,275.98579247612963,-0.00048584547840942774,4.210854000264764e-05
1962-11-06,-0.010321779313397273,0.0005479934862104513,0.019120670756826743,0.005043298216526118,0.0,270.61065635034595,-0.0005286501004955189,0.005523253470471766
1962-11-07,-0.009982760932485936,0.0005448002599726963,0.04490003567855462,0.0013528611658319917,0.0003117596741113286,268.13780723183845,-0.000296967398733069,0.0013583101290093977
1962-11-08,-0.01077758701844404,0.0005440962011531247,0.040920221648422794,0.0,0.0005699580293253991,271.93244455269274,-0.0002715435815648844,8.593730171924108e-07
1962-11-09,-0.012303611905561328,0.0005392731077926981,0.03536728681144068,0.0,0.0005019239891888732,274.2443818525182,-0.00033472044824880395,1.2522605175036006e-09
1962-11-10,-0.008015910784403484,0.0005324317910576944,0.035149353372175146,0.004069347944805179,0.00010080771299742037,271.97803786110745,-0.00045202671955365924,0.004520503477747966
1962-11-11,-0.008842096827124472,0.0005308746618066131,0.05955628935675612,0.00042278050197719857,0.0004385713130067297,267.2033836522794,-0.0003495276826670614,0.00043378877399000544
1962-11-12,-0.009231608592521,0.0005320695328847163,0.053740363112052734,0.0,0.0008235050965163668,271.0378294942967,-0.0002591266838760026,-8.856275311350891e-10
1962-11-13,-0.00859143113517492,0.0005231040850871028,0.04773615892773069,0.0,0.00042127149632084843,273.15593808563864,-0.0002904729338857414,2.578475346126652e-06
1962-11-14,-0.007890925526955708,0.0005178894363554184,0.043654734580979286,2.0723347946748894e-06,0.0002970513229989736,271.5003027978815,-0.00022918513139425702,3.4307996538109626e-06
1962-11-15,-0.003189084051692554,0.0005105980540399498,0.06701913032603579,0.0061688816943074355,0.0,268.50996017815254,-0.0002158468347148033,0.0061945364636889965
1962-11-16,-0.0020581670315925685,0.0005069592662450285,0.10244802701271186,0.004579238467297311,0.0,266.00535820926876,-0.0002620007295561376,0.0046005782265097946
1962-11-17,-0.0038237849534568146,0.0005073782666928351,0.1155100102254002,0.0006846629798749073,0.0003283637980956816,262.5225853928963,-0.00036594618406504567,0.0006896831052101802
1962-11-18,-0.003116343612388029,0.000499925286756397,0.11152605821857346,0.0008070354197321638,0.0,261.43157955033183,-0.00028363344822563026,0.0008094822114015567
1962-11-19,-0.0051574006171549785,0.0005008255862920298,0.11378309461805557,6.763687578298278e-05,0.0003340109909153254,262.81656605061386,-0.00041220097744700603,7.020583588185265e-05
1962-11-20,-0.010132660973543501,0.0004941212423777176,0.10796877758651131,0.00035041467533946714,7.734348797528757e-05,272.4751087734704,-0.0006133746408389113,0.00038946619476048957
1962-11-21,-0.005512686309504644,0.00048976740931387,0.17749897010357818,0.016217875173368024,0.0,267.93557723093846,-0.0004170176094282145,0.01649500348805875
1962-11-22,-0.0022744542713892665,0.00048642491890212237,0.22132198240348402,0.0036998358949766326,0.0,264.34430782224723,-0.00022037017374894043,0.003727694049291072
1962-11-23,-0.0048372683215276,0.00048314868393590897,0.2702868905220104,0.005176034708649426,0.0,262.8941492881703,-0.00028544098749167505,0.005191408611275463
1962-11-24,-0.006222769996877445,0.00047992540281371215,0.2668047831332392,0.0,0.0,266.02216985310986,-0.0003743060669824902,3.0010921818757197e-06
1962-11-25,-0.006919162042733639,0.0004830556569126367,0.2598532121733757,0.0,0.0004962642524538742,269.9703636780073,-0.0003921685340461758,8.523463748133508e-07
1962-11-26,-0.005165125017112258,0.0004812927737747882,0.24971218073210924,0.0,0.0006022164229787676,270.56309883203886,-0.000316250906194334,4.410743663640915e-07
1962-11-27,-0.005986839406571146,0.00047179248373387225,0.2394076992113936,4.400937991627193e-05,0.00010172898570696513,270.6975982292448,-0.0004211479250741544,8.000185927342547e-05
1962-11-28,-0.004095102602479149,0.00046743435711510444,0.23298601915607348,0.00014684212494031187,0.0,266.45337603006885,-0.00037826781850413416,0.00022238486230212752
1962-11-29,-0.0017363562927407736,0.00046682972355751,0.22911241319444445,0.00023193162797534533,0.00018868948948585386,266.2163570461525,-0.00019231658576235262,0.00023538950132741761
1962-11-30,-0.004903214336451838,0.0004640038067338157,0.22604042527365822,1.533026412381964e-05,0.00020150170992996733,267.6179344694494,-0.0003227357526367667,1.577007567991307e-05
1962-12-01,-0.005385815928884819,0.00046703977099919725,0.2189495424317326,5.666650621230993e-07,0.0006610369993805212,267.7023306198264,-0.0003937321772935701,1.2715825877048098e-06
1962-12-02,-0.005342570696510164,0.0004626988186001105,0.21008392736287665,0.0,0.0005451383353289912,267.6538047898287,-0.0003265915491149924,8.642672355563263e-07
1962-12-03,-0.003564379772560745,0.00045268810064779167,0.21305775328095578,0.006703543987146205,0.0,268.4421696528203,-0.00033483420640735307,0.006743605796895199
1962-12-04,-0.0030724314057220844,0.0004498370959933868,0.27240093683792377,0.0015064839505206393,0.0,258.73823792337254,-0.00027048872983725063,0.0015432562363236098
1962-12-05,-0.0028556915747243805,0.00044703079482256357,0.27298370188912435,2.5699030881547657e-05,0.0,260.6073486486173,-0.0001518948919187158,3.0124759943471797e-05
1962-12-06,-0.003533829613930762,0.000446116267624548,0.2693294086923258,0.0005932505858146539,0.00013927328216154026,268.02151445794686,-0.0002729475161450058,0.0006448062118492049
1962-12-07,-0.002429811757499889,0.00044150759944808015,0.2676742180143597,0.0012453790480470928,0.0,266.0284566142914,-0.0002144790480786798,0.0012530767992395707
1962-12-08,-0.001747015800516484,0.0004388420595287604,0.3091866301053437,0.009277726234184148,0.0,269.4770125480695,-0.0001596559765143583,0.009353818024562309
1962-12-09,-0.003090989202429346,0.00043818935499352927,0.3370494662929614,0.00024013753748882962,0.000156395558246785,269.1661907346909,-0.00011569773515233885,0.00024328192465337468
1962-12-10,-0.0013383525492107803,0.00043350752800871425,0.32919673596398313,0.00017938510341159372,0.0,267.3508009757924,-5.988495708522151e-05,0.00018080440944741652
1962-12-11,-0.0024629348499626766,0.00043088164033189334,0.3260344022186912,7.484823802096696e-05,0.0,264.3262338261147,-0.00011647628925446064,7.774555106961844e-05
1962-12-12,-0.0041746534196670446,0.00042830710693941284,0.3196589295697976,3.234520133605785e-06,0.0,270.4336299788481,-0.00022001399285038987,4.533674061123213e-06
1962-12-13,-0.006130524695256336,0.00043123649001795025,0.3109496380649718,0.0,0.00041183269461669494,270.2368158890029,-0.00028977890388440285,8.702277796146518e-07
1962-12-14,-0.0050661174927727655,0.0004285869456953922,0.3017297662135123,1.0395938225385161e-05,0.0003990730070798411,269.0390617241294,-0.00031317120659991177,1.1537522885327889e-05
1962-12-15,-0.004984843697251573,0.0004315560652037799,0.2925498948034369,1.9526919402645134e-05,0.0008003204050710647,271.5094068423054,-0.00023373565768117961,2.1948581434759233e-05
1962-12-16,-0.005446012368646719,0.0004329177114249623,0.27889204294668085,0.0,0.001069790257488267,272.9457081401415,-0.00027136269451703056,1.7106532368416083e-06
1962-12-17,-0.004968893056535452,0.00042455411900234764,0.26625213335687387,0.0,0.0006212241379386288,270.77221360000067,-0.00033917044431476274,2.3748443709337153e-06
1962-12-18,-0.004231335121696278,0.00041588602092979996,0.25801687007121005,0.0,0.00017156406689835133,268.10345353738967,-0.0003167789134770464,-1.192074705613777e-08
1962-12-19,-0.00281095399526553,0.00041273573024124753,0.25423200072092755,0.00042558183609429055,0.00011342593421370298,266.30306569331117,-0.00019660418442750383,0.00042692739406715
1962-12-20,-0.0016320381881827018,0.0004087845652790393,0.2726671466719633,0.005100641967886586,0.0,265.291160077025,-0.00016236031101753484,0.005108579134502896
1962-12-21,-0.0027134069951914126,0.0004064830514670766,0.30812753795903963,0.0009027308242469184,0.0,263.8575953323738,-0.00015008486912580535,0.0009094494547497856
1962-12-22,-0.0032641252471228782,0.00040421133997750147,0.34317597067737765,0.005261595366196444,0.0,260.64312559152955,-0.0003612765116290858,0.005268532049663239
1962-12-23,-0.001372955402748733,0.0004019694308103141,0.3603839766507768,0.000512172104948658,0.0,253.5088184234562,-9.965852934256788e-05,0.000514100197242532
1962-12-24,-0.0015818229166127868,0.0003997408232446445,0.36341550435499065,0.0001444538981564301,0.0,252.15632362868607,-0.00012070728771093875,0.00014633970740991788
1962-12-25,-0.00191562088195887,0.0003975601182819087,0.36118835334274957,0.0,0.0,249.68154856579454,-9.56756625808565e-05,1.2872446859546471e-06
1962-12-26,-0.001419504357259826,0.0003953993657214494,0.3632561922522364,0.0018417257710365252,0.0,257.16118658464507,-8.463944271627793e-05,0.0018450011977018477
1962-12-27,-0.002956876099783149,0.00039325511388186007,0.38133570209510353,0.00039787994602979244,0.0,260.5852761529036,-0.00016099903311601467,0.0003990269145049618
1962-12-28,-0.003222380191256098,0.00039114066436465855,0.37556828213276844,2.455923937808323e-05,0.0,263.8016733216252,-0.00022851281120615493,2.679139533829533e-05
1962-12-29,-0.004645937032955515,0.00038904111600865084,0.36878360956626655,3.45720830610243e-05,0.0,264.7597595940427,-0.0003030130029313982,3.931316942015589e-05
1962-12-30,-0.0055231670875333806,0.0003869663187339481,0.3609198446327683,0.0,0.0,267.95922040490336,-0.00038591054620715865,8.612870487922919e-07
1962-12-31,-0.00554356909235992,0.00038492637502271574,0.3536818337305791,0.0,0.0,265.6538082094067,-0.00029888850147441286,8.583067483414197e-07
1963-01-01,-0.0044175571641006045,0.0003828962812315947,0.347548432718338,5.062606375096209e-07,0.0,264.15592001791055,-0.00025106389812156984,1.2126681818663613e-06
1963-01-02,-0.005070676911348678,0.0003847856979585637,0.3450277152483522,0.0006162322594621088,0.00026716722312283386,268.2465703141667,-0.0003189697577539137,0.0006191372702455788
1963-01-03,-0.004949069629281254,0.0003832347985714843,0.33916902991113473,0.00023955003605724058,0.00029597618738136725,268.9137469433571,-0.00026402625618344647,0.00027731187262777557
1963-01-04,-0.004054072170944537,0.0003769683130716874,0.35162456965042377,0.004277025954534779,0.0,267.36618630360755,-0.0003782262825696483,0.004283865814805866
1963-01-05,-0.0034116087744464987,0.00037503587660816433,0.36160123146186446,4.715544019041763e-06,0.0,263.02525686993215,-0.00013989984652416858,5.143207242987036e-06
1963-01-06,-0.0030568721940961935,0.000373116741746159,0.35771015404307915,0.00044785035868822524,0.0,265.67760633479406,-0.00012067690133880087,0.0004497015037429399
1963-01-07,-0.0047448340613963245,0.0003732202921883535,0.3536432126147599,2.886573810361873e-07,0.00013870106073422621,267.0659772689733,-0.0002428567626297811,2.8637505739286515e-06
1963-01-08,-0.00556529498538055,0.00036932637462508205,0.34594174832274016,5.106331180717986e-06,0.0,268.54921667454613,-0.00037574623895567024,5.38344437119651e-06
1963-01-09,-0.003920338290222621,0.0003674617931667695,0.3608297286958569,0.006252412247539914,0.0,264.280829686454,-0.00042357692484465024,0.006266321166087005
1963-01-10,-0.0010357467552362864,0.0003656079876894331,0.4712688783692326,0.005473208903087735,0.0,249.56108145704826,-0.00021726815924469364,0.005475522956600711
1963-01-11,-0.000383432891409276,0.0003638004852553545,0.4917826679466809,0.0003130588533177888,0.0,240.2106438617024,-5.576805879840744e-05,0.00031761617973570077
1963-01-12,-0.0009177796079614069,0.00036199710800149346,0.4849979953801789,9.608260319057833e-06,0.0,239.74316663436747,-2.257992108326174e-05,1.133894980061302e-05
1963-01-13,-0.001107386529108899,0.0003602086319088263,0.48379407404955277,0.001005546058301872,0.0,251.4410896875989,-4.187510427782091e-06,0.001009923928109268
1963-01-14,-0.0016284085768090803,0.00035843345741767667,0.5034867051406545,0.002074564686097668,0.0,256.20894015755806,-9.111074025684832e-05,0.002080317051968386
1963-01-15,-0.001931550223275093,0.0003566598824862033,0.5203094195062382,0.0037071637304152472,0.0,258.37426080362496,-0.00011871549916469446,0.0037094200734988547
1963-01-16,-0.0024210619135091537,0.0003549078595166826,0.5456747568708804,0.0023827064929708925,0.0,260.1934576950504,-0.000121354288553114,0.0023842709158495416
1963-01-17,-0.0014533217849031007,0.00035317073770835576,0.552158046801436,0.003325889360601619,0.0,258.78686899878437,-9.872566508708027e-05,0.003329728131235397
1963-01-18,-0.0011859253722395601,0.0003514402667007877,0.6203771903689972,0.006798678935416001,0.0,250.16308932475002,-0.0002232580472015392,0.00680204418021235
1963-01-19,-0.00041220838067221777,0.0003497510474953948,0.62199353004355,0.0017882290659314497,0.0,244.69208204409497,3.6601403380854656e-05,0.0017909721238363917
1963-01-20,-0.002383477901671566,0.0003480503788102145,0.6804236000765067,0.010617280915632087,0.0,262.76250575581065,1.861562815594808e-05,0.010620674372964042
1963-01-21,-0.004847310904392415,0.0003463843111264504,0.6870409144744586,0.0011680328239828854,0.0,265.4198868099579,-0.00023335309983310053,0.0011714081812651991
1963-01-22,-0.001197099475200567,0.0003447315450442039,0.7048762836923259,0.006011734385106523,0.0,256.41687315960615,-0.00030001917969709065,0.006016868514925682
1963-01-23,-0.0023583298770047854,0.0003430854297627164,0.7428001504384417,0.00036586368572240504,0.0,246.69346404210322,-0.00011016725757196125,0.0003662138840572983
1963-01-24,-0.002167971625839923,0.0003414558152020988,0.7451309807556498,0.0018706812107630371,0.0,257.90034871721,-1.3074448258526583e-05,0.0018759881035528886
1963-01-25,-0.0015134652287273082,0.0003398626537646278,0.7689330824799907,0.003062097829277233,0.0,255.27013382848824,-0.0001429816981577604,0.0030664975897678436
1963-01-26,-0.001334352429303746,0.000338247940365204,0.779726994688677,0.001380670142207442,0.0,247.35064536344308,-0.00014976424159808348,0.0013850306049115239
1963-01-27,-0.0025471126460759655,0.00033665637848740923,0.7755414312617704,8.12438669177772e-05,0.0,251.17438689553362,-3.2390478345970656e-05,8.430007812747824e-05
1963-01-28,-0.0010510302953800912,0.000335102869292437,0.7725322026541903,0.0017206854276401176,0.0,254.3460971200085,-3.653453757702294e-05,0.0017271908495394392
1963-01-29,-0.001150950284327491,0.0003335395101773537,0.809889626368291,0.003093696520321787,0.0,252.32493093458274,-7.602525611886871e-05,0.003100971161880116
1963-01-30,-0.0028345811754296735,0.00033197935018162273,0.808313976797905,0.00030714801728388687,0.0,255.95224667134264,-3.565898912269517e-05,0.0003094501047162776
1963-01-31,-0.003860500909514347,0.00033045564330903826,0.7939285307056262,0.000777182058762696,0.0,266.1253683733177,-1.613793652609917e-05,0.0007805915319401931
1963-02-01,-0.0072593052929404095,0.0003290199964059949,0.7747483190619116,0.008278096799796585,0.0,271.5729911646152,-0.00034412544873137934,0.009391282406954944
1963-02-02,-0.004458218812942505,0.00032740663000419316,0.8037109375,0.0035592677903040658,0.0,264.6410580579395,-0.00028426342743769883,0.003561407409668361
1963-02-03,-0.006310782695220689,0.00032588452269128487,0.7821849528454567,9.867005934149533e-05,0.0,269.6044291336433,-0.00021156543960510675,0.00010942615016167348
1963-02-04,-0.008125633632732651,0.00032434591465750655,0.7455571923552261,7.419094527508581e-06,0.0,273.0726563800302,-0.0003500357585943352,2.8828038984934444e-05
1963-02-05,-0.010343386333877758,0.00032281715654383945,0.7023580949858758,0.0,0.0,274.3757880834088,-0.0006981480782483258,4.351138045421976e-07
1963-02-06,-0.008676323892369782,0.00032131154995180124,0.6669570146980933,0.0,0.0,273.42340083939433,-0.00047036396118543925,1.2844800494349329e-06
1963-02-07,-0.009446417418240155,0.00031978279183813413,0.6414229398393362,0.0,0.0,273.0820777591339,-0.0005185318384635247,8.735933647585625e-07
1963-02-08,-0.005225980391273391,0.000318262284084902,0.6247825263359228,0.0001089613316422802,0.0,267.9209655862295,-0.00025803931478389914,0.00011051441990049546
1963-02-09,-0.003129415045687035,0.0003167699790943814,0.639246823872999,0.0037373698784806636,0.0,265.140530415623,-0.00022985372629206062,0.003749747607855946
1963-02-10,-0.003627306913251931,0.0003152675716216955,0.6546849252589454,0.0016221230649678723,0.0,261.4548366747783,-0.00026138684591331054,0.001624944940741857
1963-02-11,-0.004011040858629734,0.00031380161727215613,0.6582295620733287,4.334996143976848e-06,0.0,253.8927243981658,-0.00025513506162974794,4.78598357096566e-06
1963-02-12,-0.005724843696685834,0.0003122877603196829,0.6524049001000471,1.561485946515186e-06,0.0,256.29775611245253,-0.00018832110142135352,1.5652112368136475e-06
1963-02-13,-0.004490510555310438,0.0003108367071313373,0.6459416103901837,3.316981644280213e-07,0.0,262.9909742179339,-6.512562497019095e-05,7.583258789775507e-07
1963-02-14,-0.004603623165249151,0.0003093864537228299,0.6376937032868409,9.942008445491899e-05,0.0,264.0819521219717,-0.00013591837411546437,0.00010160469082460119
1963-02-15,-0.003104190284249473,0.00030791969959345243,0.6644480214954097,0.006002437323331833,0.0,263.81101123357223,-0.00018321497544730454,0.006010260494773733
1963-02-16,-0.0042299500292977375,0.0003065082986476058,0.7022714273628767,0.0008539791918743803,0.0,262.70107880644434,-0.00017286190963060842,0.0008610090331396382
1963-02-17,-0.004469743387847297,0.0003050854482219718,0.69442099590984,0.0002905472607935889,0.0,262.374228500826,-0.0001645261253424957,0.00029386550923167525
1963-02-18,-0.0035815603483868187,0.0003036657969156901,0.7011272768067326,0.001576341857007668,0.0,262.8953635544427,-0.0001080273466426774,0.0015811254471719304
1963-02-19,-0.00513940733873238,0.0003022461456094085,0.7199454154896423,0.002854390669677218,0.0,264.22170015827186,-0.00022732774269277768,0.0028614615505003164
1963-02-20,-0.005665570118669736,0.0003008397959046445,0.7362504229931732,0.005599684360842247,0.0,266.99726951369234,-0.00035804298069685867,0.0056941652130894195
1963-02-21,-0.005389152315713592,0.0002994350457595567,0.7456500669432675,0.0006218027891749043,0.0,263.5961996786114,-0.00031543255252184846,0.0006287776247719236
1963-02-22,-0.005313205053914065,0.0002980584983771804,0.733395448961276,0.0002468348096656261,0.0,264.46008444101795,-0.00017107959499972015,0.0002587355321199955
1963-02-23,-0.004529334815208522,0.0002967016508350265,0.763244513962453,0.009121420693262822,0.0,265.4495493930163,-0.0002890971915449126,0.009157312089195969
1963-02-24,-0.005404362276112293,0.0002953349533727614,0.8142234672934322,0.005782163412557484,0.0,266.51462164481933,-0.00034926248724851235,0.005881254248688531
1963-02-25,-0.005199710570149503,0.00029399805823288397,0.8559618588894774,0.005005721108051343,0.0,263.67563801566087,-0.0003273600901840097,0.005038553796188711
1963-02-26,-0.0037557506291879773,0.0002926627626526827,0.8488691369467984,0.001121859492386802,0.0,267.9647209397369,-6.46876823683243e-05,0.001129088125557603
1963-02-27,-0.0054769207444568145,0.00029133571743291656,0.8870267993761772,0.01067793769183132,0.0,266.25338799715496,-0.0004693457151705263,0.010736471717538186
1963-02-28,-0.005652857155112897,0.00029003687497586186,0.9396025519362052,0.004735644338494641,0.0,265.0960830789053,-0.0003102233075657807,0.004747246458427428
1963-03-01,-0.00479207983461477,0.00028871142931577177,0.9260704485934559,0.002240857372512925,0.0,264.7019467075442,-0.00023940284499677564,0.002254025082215057
1963-03-02,-0.004756524948413763,0.000287427488019911,0.9488527689500942,0.003518359072632709,0.0,261.5322398744285,-0.00036028139608896393,0.003560312925713534
1963-03-03,-0.0034029111687072927,0.00028613849548296744,0.9492113935969868,0.0009055182884978711,0.0,258.2493515337928,-0.0002068578460290607,0.0009131543547630309
1963-03-04,-0.00475346595890778,0.0002848710549079766,0.9446396190118881,0.0001755643446566695,0.0,257.1033608855052,-0.00017492951414847777,0.00017737343812937096
1963-03-05,-0.005657650740806665,0.00028358871317179195,0.9309063640242468,4.641602268326754e-05,0.0,258.96766836090956,-0.0001869931617109789,4.785684104094773e-05
1963-03-06,-0.005122804540698812,0.0002823361737579949,0.9497120887770718,0.0030194401404278425,0.0,260.52482877612795,-0.00020422559694550132,0.003025671351427413
1963-03-07,-0.006945554651109512,0.0002810785831031153,0.9457111250882769,0.00034855354556256093,0.0,262.11280054426464,-0.0003052158859995126,0.0003515393091127043
1963-03-08,-0.007035489178310006,0.00027982604368931833,0.927332531485405,4.4120654547955365e-05,0.0,261.5234012208641,-0.00027594149723059717,4.496079369997554e-05
1963-03-09,-0.008128281282839801,0.0002786049061575852,0.9150627409221987,0.0006767529889015156,0.0,263.4698482807971,-0.00032922502417685626,0.0006827082337064258
1963-03-10,-0.0061912569875097545,0.00027737551826541713,0.8987949752089218,0.0007300461921314736,0.0,264.0531185854178,-0.00024266126381475376,0.00073226890646886
1963-03-11,-0.005074149260749925,0.0002762006837769417,0.8980248517684793,0.002616084186034014,0.0,263.2703132270195,-0.00028120887881450063,0.0026282143128753756
1963-03-12,-0.003665063593347194,0.00027496464508401473,0.9433262711864407,0.005573959884333746,0.0,260.0905691638954,-0.0004072809213046301,0.005577341951208007
1963-03-13,-0.006002988350593439,0.00027376000827315165,0.9797836849693975,0.0005341845506665398,0.0,257.675667408945,-0.0002377505524683807,0.000536282688770725
1963-03-14,-0.008834610130153808,0.0002725769234242413,0.9651391555584982,0.0,0.0,261.68054093973336,-0.0002678432791246533,4.261732051702438e-07
1963-03-15,-0.0052202177670715895,0.0002714020889357659,0.9489730001618409,0.0012327161128238098,0.0,263.4857377844342,-0.00019346603776438764,0.0012431304844429942
1963-03-16,-0.0036761665159026112,0.0002702107537264205,0.9941939589218456,0.008165091044653607,0.0,263.9652726735548,-0.0002561335657107628,0.008176177841269661
1963-03-17,-0.007944924725314318,0.00026906732112000895,1.0147479788282723,0.0002827983623170583,0.0,263.10371557332707,-0.00029386723635055253,0.00028489587330505665
1963-03-18,-0.007621986717827575,0.0002679140385934862,0.9916403675258946,4.0477025980329784e-05,0.0,264.0875352008195,-0.0002851317778734838,4.185773211554597e-05
1963-03-19,-0.007902852938336842,0.0002667706059870747,0.9737187904602166,0.0007987621392907396,0.0,264.52343221617735,-0.0003724149875553314,0.0008010490022796041
1963-03-20,-0.010301005873976456,0.00026564047498218085,0.9565346927966103,9.607999338268561e-05,0.0,266.22002195369055,-0.00029076490614373806,9.865334286548776e-05
1963-03-21,-0.01329714665978642,0.0002645036931765282,0.9343208844603342,0.0,0.0,269.633575525661,-0.00043017150423789425,4.351138045421976e-07
1963-03-22,-0.015316910578706171,0.00026336026057011667,0.9103247576065208,0.0,0.0,272.0506196102854,-0.0006389919521108187,3.010032742167823e-06
1963-03-23,-0.014597645460885798,0.0002622599318876105,0.8847860849958805,0.0,0.0,272.4138853608327,-0.0007953606966861898,1.9675262290619774e-06
1963-03-24,-0.00944017277935804,0.0002611612027647805,0.8606630601900894,0.002544987273249923,0.0,269.91373053872206,-0.0006192939429633362,0.002688619695942118
1963-03-25,-0.011169174549269812,0.00026005582284119175,0.8755446037105697,0.002422019207881669,0.0,266.50599284630044,-0.0006585910516438511,0.002435734463950335
1963-03-26,-0.01394527746459185,0.0002589570937183617,0.8659946132738936,0.0,0.0,268.2102569105935,-0.0006863057802794344,4.351138045421976e-07
1963-03-27,-0.014859732640328381,0.0002578964172783545,0.8506670878207393,8.780302974463857e-05,0.0,270.3658905208897,-0.0007115484420525827,0.00014411699768744632
1963-03-28,-0.024180139272899952,0.00027355299157611396,0.8310723888447505,0.0012436680453645308,0.0,275.1831278073586,-0.0012247868113766957,0.0047880559315535975
1963-03-29,-0.014749016002409876,0.00025627261164498194,0.8211957281367703,0.0016486472792207859,0.0,269.6656251824733,-0.0012882783861651933,0.001863870482564272
1963-03-30,-0.017607756464158075,0.0002546614341143161,0.8071682170286018,0.0,0.0,270.23777316608897,-0.000959774326680407,4.351138613856165e-07
1963-03-31,-0.01968234996337675,0.0002536156588355027,0.7925521936793786,0.0,0.0,272.5225624400568,-0.0010275789668078477,1.817249172979302e-05
1963-04-01,-0.016230209356984177,0.0002525549823954954,0.7773630605579097,2.986952494093254e-05,0.0,271.55621053404735,-0.0008652466691314837,0.00014808074920624498
1963-04-02,-0.004233891933651294,0.0002515108066763581,0.7734687647128061,0.004393765018821437,0.0,268.4681392173983,-0.0006546868106066171,0.004502127433124963
1963-04-03,-0.010135021923625536,0.00025048978247884973,0.8124524132680085,0.002168961626998449,0.0,263.92704980207253,-0.0007051193381601809,0.002172663807812114
1963-04-04,-0.012875205253140403,0.0002494424076403602,0.8072969540813325,4.487703580640804e-05,0.0,267.19958517645716,-0.0004655768894879832,8.64648312844018e-05
1963-04-05,-0.015120711367009052,0.00024843628460404567,0.8007835488759416,0.00033924680224246226,0.0,269.24990640701327,-0.0005862866607257877,0.0003451447533972621
1963-04-06,-0.013750315175554848,0.0002474219112072961,0.7894889414871705,0.0002513601534110678,0.0,271.7515414933027,-0.0007382337119703913,0.00048190310367497426
1963-04-07,-0.01129860047903438,0.00024647379325608076,0.7812509195503766,0.0007157764992134721,0.0,271.70030748687003,-0.0007008842040000662,0.0010908057238711631
1963-04-08,-0.013555526985960492,0.00024542961753694354,0.7684916982991996,6.562088337321739e-05,0.0,271.4656984433392,-0.0008937797461778432,0.0002321153205439465
1963-04-09,-0.008438473241140615,0.0002444583480640994,0.7596966587217515,0.0019091368563431133,0.0,268.56493334581626,-0.000627574726602452,0.0020578614734870567
1963-04-10,-0.006953537969265955,0.00024346047538821981,0.8194973185911018,0.009513626075060354,0.0,268.3510367039682,-0.0004438830034460052,0.009582327432472048
1963-04-11,-0.009762982401133932,0.00024247750387353413,0.8423902148805321,0.001095930251192912,0.0,266.62072750314263,-0.000575993520518144,0.001138072936502877
1963-04-12,-0.01570552082385047,0.00024151608432080115,0.8364034821533665,2.0588227247787733e-05,0.0,268.01412632326173,-0.0006100491036550473,2.2430204345412055e-05
1963-04-13,-0.019981334059588653,0.00024053816404719813,0.8242224282015067,0.0,0.0,272.61740216113304,-0.0006987163007764494,8.557379942430998e-07
1963-04-14,-0.022475736120999873,0.00026551284695749234,0.8038661116260594,0.0,0.0017555493251078548,276.06652499053433,-0.0010012470469888996,0.0
1963-04-15,-0.022405191329912953,0.00025496349833105923,0.7714409262447035,0.001175199609018315,0.0005831919021188877,276.07781661297645,-0.0015814899503763784,0.002480824734030291
1963-04-16,-0.018931137218987204,0.00023774491191583838,0.7696866540136537,0.0013259468273927935,0.0,266.2268230273001,-0.0017912732437253,0.0015582016631927062
1963-04-17,-0.01706846458258602,0.00023676859120191156,0.7614212754531544,3.65751948060289e-07,0.0,266.23355114392643,-0.0008140311255461752,2.0886712592602564e-06
1963-04-18,-0.007389081568367737,0.0002358452243320013,0.7804417152189266,0.008701969148580638,0.0,268.45246743886486,-0.0004936681250057652,0.00880501117072073
1963-04-19,-0.009603064949229613,0.00023492185746209096,0.8516093970692091,0.005185524580505608,0.0,266.43003156270464,-0.0006006712799018386,0.005191542020899522
1963-04-20,-0.006558854111843864,0.0002340067409526157,0.8579788926406544,0.002927836514798935,0.0,264.9924863071765,-0.00042279553468112897,0.0030627695180601992
1963-04-21,-0.005007301220449351,0.0002331049260446581,0.9190676127000943,0.009169054401796418,0.0,265.64202755857997,-0.00038074382112524604,0.009203899241908073
1963-04-22,-0.006395296188397597,0.0002321898095351828,0.9874603214012478,0.004427757072078307,0.0,264.15567298573063,-0.0004697903927605031,0.004432893270724291
1963-04-23,-0.011399540313556372,0.00023130449534809524,0.9995620641331215,0.0005735762333129086,0.0,264.72402555031067,-0.0004190040994330315,0.0005754131718657651
1963-04-24,-0.012901602870663682,0.0002304324827625253,0.9875058391448919,0.00038858223180312905,0.0,266.52448243250734,-0.0004977959571248394,0.00040359496536485355
1963-04-25,-0.016172705902218146,0.00022951736625305004,0.9748705273069681,0.00018211786693098854,0.0,268.69027717863327,-0.000510796346822701,0.00018464820196399586
1963-04-26,-0.01672876201107004,0.00022868340635030286,0.9573268854460925,0.0,0.0,270.95451797514085,-0.0005693644979747675,0.0002587529730207367
1963-04-27,-0.005125375790784589,0.0002820234177476269,0.975553293461629,0.01720582045572626,0.0009002803935337875,273.59366549834925,-0.00018939824701197407,0.02349997303739904
1963-04-28,-0.007578275718931425,0.0002328206253590557,1.1835781176435973,0.03392136275852468,0.0,271.07682719113916,-0.0007854593749352768,0.03539650789250759
1963-04-29,-0.010172997364553356,0.00022609371923457437,1.2644578606844399,0.006350180649824735,0.0,271.2308037716566,-0.0006223690122534326,0.0066628187893797985
1963-04-30,-0.01718307850556185,0.00022522490576835677,1.2266408916696094,9.314741118479585e-06,0.0,273.61769731525203,-0.000595736291028012,4.40558305269719e-05
1963-05-01,-0.017416398572382953,0.00023497843136221678,1.1726363877118644,0.0001825964088830571,0.0002962043771972764,274.55150028092265,-0.0009714610411622431,0.0015367973599281714
1963-05-02,-0.018038723975588374,0.00022372115129804882,1.139610046271775,0.0019599775978400885,2.296336289853026e-06,271.4227476748594,-0.0014822869956240816,0.002596833886858377
1963-05-03,-0.014640550576360887,0.0002265941288511632,1.1201135092984935,0.0011207986475720918,8.798148588272138e-05,272.79610988739074,-0.0007432687259410735,0.005407498169539861
1963-05-04,-0.017707217000635333,0.0002742521675293055,1.0903874341601931,0.0,0.0030715285805659105,275.0888264614759,-0.0008788663515094984,0.0004495186994304765
1963-05-05,-0.0213995487929064,0.0003770914791667529,1.0433087537517656,0.0,0.005673234261530268,276.68157710418416,-0.0008345111352154765,0.00022015899617883541
1963-05-06,-0.02286617807244177,0.0006103282426036684,0.988457114009534,0.0,0.00960604383447076,278.20298855452893,-0.0007807000798020658,6.028628508302886e-06
1963-05-07,-0.019940546845312174,0.0010858658848509276,0.9312511954154897,0.0,0.011544598761083043,279.34122766254086,-0.000808308832347393,3.88125072983563e-05
1963-05-08,-0.01217859006870938,0.0006256297988406684,0.8873449638064973,0.002709504806220868,0.006035548924221158,276.372977783002,-0.0006159449701255325,0.004862235028318372
1963-05-09,-0.013471642119736324,0.0014473202369980893,0.8687033787959041,0.0017072050542817955,0.007915078730738096,276.4937276498971,-0.0005727544647909828,0.007242964045544
1963-05-10,-0.017058907929113357,0.00038281512462486663,0.8471767044785781,0.0004189469677917028,0.0033085331068200582,275.01820805652,-0.000968086606912357,0.0010759195150361243
1963-05-11,-0.018852145363718778,0.0006065970591906099,0.8180568429260828,6.865478504849019e-08,0.004965551618465597,275.7389553881859,-0.0008702147857280776,0.0010050928188241538
1963-05-12,-0.00823968089064636,0.00023875979043669622,0.8068829265242468,0.005651250607886557,0.00029054271467661457,272.5363164819118,-0.0007829206527373887,0.007054475320204234
1963-05-13,-0.017547699480743733,0.00022368503492430783,0.8258231355196565,0.0003668319875911131,0.00015693648302622434,272.1663500611616,-0.0011203460511093762,0.0004653101081219904
1963-05-14,-0.019451642819380357,0.00028818820492695956,0.8084153572269305,3.382626731516951e-06,0.002451418357043617,274.70137435209057,-0.0007860062243995694,0.00044709864971408716
1963-05-15,-0.018984981175869872,0.0003993135724364027,0.7779775500971046,0.0,0.004295581962260824,276.01516438428524,-0.0006949186304026405,0.00024073799844498582
1963-05-16,-0.012302339708400986,0.0014183798247137985,0.7578295116819681,0.002269201780443138,0.005439444071492233,274.9871494271661,-0.0005238309902491544,0.00806410045872312
1963-05-17,-0.015030178646583342,0.0004491681432993399,0.7446424696180557,0.0001938109743898198,0.0025837114764808936,274.2354398106002,-0.0008540093730398491,0.0037762975961125366
1963-05-18,-0.012099774249192686,0.0007333058421894655,0.7276259600105933,0.0016608332720516766,0.00356124337278517,273.88910482877174,-0.0006540527535697162,0.0057007621910157725
1963-05-19,-0.01691509951642678,0.0002561858144857116,0.7210615197592986,0.0009617844628075422,0.00039307672088429086,272.62323004512467,-0.0012550926688363999,0.001121659484229923
1963-05-20,-0.015140047559967151,0.00024806106157895536,0.7093138039224341,0.0007253257547226329,0.0,272.64889160343034,-0.0009266399952062107,0.0015022286418800031
1963-05-21,-0.015626701300090317,0.00025602535339398574,0.7038305250264831,0.0001254449940502307,0.0,271.8864114729025,-0.0009349368586294397,0.00016189914604008263
1963-05-22,-0.01956288790130346,0.0003216452686126623,0.6922074082656545,0.0,0.002077410323808422,273.5694911331781,-0.0008168391104640261,1.29751754229801e-06
1963-05-23,-0.023310414562791083,0.0007681374327611115,0.6684165710334277,0.0,0.005251862740112564,276.43173495793746,-0.000734220664043211,4.351138045421976e-07
1963-05-24,-0.01889003358655057,0.0025223047383087505,0.6324701973722929,0.0,0.012846888858551361,277.8126517832841,-0.00033203665019765414,0.002611779560477047
1963-05-25,-0.008117689545881952,0.008421435699624532,0.5890042005061206,0.0,0.01274362543208451,277.133210737153,0.0002111207883236772,0.01134343649034304
1963-05-26,-0.007880225440876633,0.007898461852370009,0.5530927697592986,0.00017836285849749035,0.015393611422534717,276.5110156711212,0.00021694678455422828,0.012180686266374825
1963-05-27,-0.01646656484085288,0.0017163731620810129,0.517676057115113,0.0,0.007338131551688675,275.5990252342153,-0.0005733149105125228,0.002447357666971332
1963-05-28,-0.017842290638867074,0.0018967846355869274,0.4900610397540019,6.633963288560426e-07,0.008227731506366513,276.0016834309322,-0.0006614526796896579,0.0025801005336524405
1963-05-29,-0.01781994660021895,0.004797859717223604,0.45749999080449627,0.0,0.013772316277027132,277.365841087873,-0.00024426299131522747,0.002717575464540023
1963-05-30,-0.019926737173128938,0.004334489251934202,0.4143468709539784,0.0,0.016503291993828145,279.4484501711168,-0.00042444334949477247,0.0017750904215581536
1963-05-31,-0.020259976471211277,0.002228377818387781,0.37668530595280136,0.0,0.011935879723668774,278.60156029810787,-0.0008097644263910035,0.0004999789412144989
1963-06-01,-0.013072847856976894,0.010491871143464988,0.344757827212806,0.0,0.01386157050728798,279.23620592537577,-0.0005500244218750863,0.009708852855497762
1963-06-02,-0.005843326070551145,0.011172499781274528,0.30969950932791906,0.0,0.013757161543530934,278.60025137561865,-0.00036699250129993354,0.016909811119575287
1963-06-03,-0.003776431209960227,0.011817121573087185,0.2797630870409605,0.0,0.013324359884369846,278.5325494108901,-0.0005178610915265514,0.015581900891606158
1963-06-04,-0.016910012916656537,0.008007989259762953,0.24972183601106404,0.0,0.012451995164155962,280.11062424151464,-0.0009432739320363702,0.004142344766954289
1963-06-05,-0.02049764393076385,0.004763277657961441,0.22295188544609232,0.0,0.007527228065971602,279.57171407796574,-0.0011265552471165603,0.0004383052550705502
1963-06-06,-0.01957692210115282,0.005307977903360701,0.2080933306850283,0.0,0.004074332404271358,278.4618568025291,-0.001247070824443284,0.0026823134409123595
1963-06-07,-0.021872301728038467,0.005288358125309487,0.19320328132356404,0.0,0.0062267652970586125,278.70235178385303,-0.0014430233514157393,0.0022234078180991997
1963-06-08,-0.027235249383638135,0.006330645017031222,0.1787316273834746,0.0,0.004094143645406443,279.40774927300924,-0.0019553753963045483,0.004353183070140111
1963-06-09,-0.02309201725121945,0.004576202166282525,0.16962669932909608,0.0,0.0027788077496876153,277.43003027677094,-0.0013830481402281314,0.0003121578592365071
1963-06-10,-0.008497981154649272,0.008793432160285908,0.16172661215572035,7.924681666207178e-06,0.004797050950385757,277.1513670043084,-0.0012115207842766903,0.011498815124272276
1963-06-11,-0.013167386632517908,0.007524236110644152,0.1485903752501177,8.31350094854495e-10,0.00816599172303232,278.8525638436643,-0.0012994448017686776,0.005856623588982275
1963-06-12,-0.027502434780705447,0.006687745957051294,0.13159593485169493,0.0,0.006965768623486751,281.67437023586695,-0.0016902556937545708,1.1577006696280597e-05
1963-06-13,-0.030389986427153577,0.008424194855878583,0.11425988148834747,0.0,0.008514044795837781,283.6510033760143,-0.0016762681810532586,3.9205164940581385e-06
1963-06-14,-0.015151409442815407,0.018682113475045243,0.09247412385240114,0.0,0.010864423745769567,282.8860680352048,-0.0012272579837485224,0.015440445484060771
1963-06-15,-0.003943493810750671,0.026368994749872025,0.0694193866966808,0.0,0.008496056968546184,280.4218346403593,-0.0013197578573967779,0.03015857920611569
1963-06-16,-0.015058480750369488,0.012603028935227691,0.05397714733403955,0.0,0.00682774249274852,279.10234515231434,-0.0015560892321127282,0.003210767312227077
1963-06-17,-0.0178406867435423,0.011736103117802722,0.03953491900600283,0.0,0.005621684094270071,280.6068999726894,-0.0016500704874426633,0.006231640068699627
1963-06-18,-0.022041318443535414,0.009267597632893062,0.02849226842043315,0.0,0.004458230893827428,280.50604204942954,-0.0022358384488497755,0.0011248329264401042
1963-06-19,-0.024734205571608357,0.008557687876588208,0.018495376500706217,0.0,0.004113994938673947,283.4475781535923,-0.0022933779884192905,0.0005860358135451107
1963-06-20,-0.022047211263476123,0.007982428632887069,0.010334826683145011,0.0,0.002552273183387552,284.1321656897019,-0.0022355767840382744,0.0030919417138369873
1963-06-21,-0.023113659546200167,0.007904712342273044,0.005406956214689266,0.0,0.001478355167444143,283.7246673461857,-0.0024159639800167354,0.007008230046362453
1963-06-22,-0.030845897472174155,0.006867389136788536,0.002973825918079096,0.0,0.0006313804052980606,281.08215783185653,-0.0026077186520406083,0.0011304812242755784
1963-06-23,-0.02421255923260403,0.006452208016551821,0.001599557880178908,0.0,0.00044176266607591665,281.50704547645006,-0.002723784422722914,0.0019634321584490163
1963-06-24,-0.030999161934448502,0.006042453192048154,0.0009236883533427496,0.0,0.0002864034120309151,284.81781057943283,-0.0025206260951393744,0.0005481185886145985
1963-06-25,-0.03243056343773664,0.00567431284882928,0.0004956376530131828,0.0,9.185488277909447e-05,281.0248718656838,-0.0027012318730522686,0.00041519366415207
1963-06-26,-0.03321297050027524,0.005330511405643098,-7.3453647229951e-24,0.0,5.2231200839166595e-05,282.87229550535847,-0.0025901385283066056,2.665619045198279e-05
1963-06-27,-0.03888218088001855,0.005020585858215721,-7.3453647229951e-24,0.0,3.8427695379418845e-05,285.6111404289634,-0.0030268982452692963,5.738373120604109e-05
1963-06-28,-0.042984525404744234,0.004735925271686188,-7.3453647229951e-24,0.0,2.0479141487240118e-05,288.3837177434659,-0.003063608487110354,0.0001540663047025433
1963-06-29,-0.048267856997958686,0.004476323050294219,-7.3453647229951e-24,0.0,6.6719528308696e-06,285.63738321494696,-0.0029353677994955734,0.000113017545490588
1963-06-30,-0.03916279462266103,0.004245067046860518,-7.3453647229951e-24,0.0,3.0378374339497028e-06,281.93997204236393,-0.0027441982979659984,1.7164381915790727e-06
1963-07-01,-0.03361060045196512,0.004036038356312251,-7.3453647229951e-24,0.0,2.5909920196748724e-06,283.77176785513956,-0.0026262554860973764,4.665124214301675e-05
1963-07-02,-0.034578531307015714,0.0038441709205929166,-7.3453647229951e-24,0.0,1.7080771721015542e-06,288.3878484643337,-0.0026395242650714304,0.00011813600184411653
1963-07-03,-0.03423461814721426,0.003666718043176468,-7.3453647229951e-24,0.0,5.56162690038735e-07,289.19475245430874,-0.002470431191646784,1.0928275838140595e-05
1963-07-04,-0.03322442313708828,0.0035115969551485137,-7.3453647229951e-24,0.0,2.0545923103720455e-07,288.65929848550627,-0.0028271021395079835,0.0009550122485470408
1963-07-05,-0.03419564361289396,0.003363042227965964,-7.3453647229951e-24,0.0,6.766558366980257e-08,288.20912772428295,-0.0027099577815266657,0.0010939881023819126
1963-07-06,-0.03887792179981867,0.003217113220085532,-7.3453647229951e-24,0.0,2.8876261522540942e-08,288.51313770603105,-0.002610185636091704,9.543198187704785e-05
1963-07-07,-0.03406979366716019,0.003120489544787649,-7.3453647229951e-24,0.0,8.250360435011697e-09,289.07149551592755,-0.003079765644661114,0.003557937598780191
1963-07-08,-0.028952464124577196,0.0029721217977125096,-7.3453647229951e-24,0.0,2.062590108752924e-09,290.16357306931206,-0.0024088847603501574,0.0009082748390624481
1963-07-09,-0.030305409456713728,0.0028989700611028297,-7.3453647229951e-24,0.0,0.0,288.3370068544722,-0.0029941760740206072,0.0050337501837927606
1963-07-10,-0.03926058075690674,0.002763593264218778,-7.3453647229951e-24,0.0,0.0,288.329826053253,-0.0027441303166797605,0.0015516532006236794
1963-07-11,-0.031098765000111644,0.002662912937207411,-7.3453647229951e-24,0.0,0.0,284.8926331938548,-0.0027193026985489043,0.001706427773513363
1963-07-12,-0.03315672905600004,0.0025588339668209275,-7.3453647229951e-24,0.0,0.0,283.60811131148694,-0.002214263272234949,3.315503304158206e-05
1963-07-13,-0.03000624448397739,0.002478882081091067,-7.3453647229951e-24,0.0,0.0,283.157736952471,-0.002538584035921232,0.001262115468275984
1963-07-14,-0.03194265526398427,0.0023901529904812742,-7.3453647229951e-24,0.0,0.0,285.61656904849184,-0.0022459052040078547,0.0005183536490781183
1963-07-15,-0.034293648886815305,0.0023093787627031575,-7.3453647229951e-24,0.0,0.0,285.5011268910266,-0.0023719469074812314,0.0003339484249754915
1963-07-16,-0.03182521588721518,0.002239166174904775,-7.3453647229951e-24,0.0,0.0,284.6623674777044,-0.002249930038164228,0.0013286068109469226
1963-07-17,-0.030024835282126388,0.00216041783155021,-7.3453647229951e-24,0.0,0.0,284.4868377893883,-0.002160600370774835,0.0003504746714099517
1963-07-18,-0.03603309464488326,0.0020967990496737815,-7.3453647229951e-24,0.0,0.0,286.08575807273274,-0.002445673464802699,0.0015266668156715439
1963-07-19,-0.03301418155936872,0.002022224210076413,-7.3453647229951e-24,0.0,0.0,284.1414205942675,-0.00206833199129603,7.955249449973527e-05
1963-07-20,-0.040546110710181764,0.001957877881109378,-7.3453647229951e-24,0.0,0.0,287.75726496163065,-0.0022519693557320345,1.71798096757015e-05
1963-07-21,-0.04112382001627637,0.001896678896273597,-7.3453647229951e-24,0.0,0.0,289.48650212117286,-0.002281409346282819,4.427615749591496e-07
1963-07-22,-0.03981333154406252,0.0018484653052637137,-7.3453647229951e-24,0.0,0.0,290.8974926260681,-0.0025894164639172585,0.0015349320941037985
1963-07-23,-0.037323553472925715,0.001784928942804283,-7.3453647229951e-24,0.0,0.0,290.3012240530183,-0.002143944008538952,0.00019937891740076953
1963-07-24,-0.03782909397183166,0.0017352600892384848,-7.3453647229951e-24,0.0,0.0,289.8750030962986,-0.0023093258719996544,0.0007155173631466525
1963-07-25,-0.04188678118973802,0.0016821317248425242,-7.3453647229951e-24,0.0,0.0,290.6784127445544,-0.0020800086664362143,0.0002399973537382007
1963-07-26,-0.01926218309981675,0.0016716921565222878,-7.3453647229951e-24,0.0,0.0,284.25765393503195,-0.0021130324020392477,0.0055827036188050615
1963-07-27,-0.011605351321441306,0.0017025197124750603,-7.3453647229951e-24,0.0,0.0,280.2757037283113,-0.0030607388770512944,0.012945779355518394
1963-07-28,-0.028663561632067472,0.001556053841854893,-7.3453647229951e-24,0.0,0.0,283.55143551727696,-0.0026849008844060415,0.0011141803175846886
1963-07-29,-0.03500344393785391,0.0015069430662413778,-7.3453647229951e-24,0.0,0.0,285.677612631559,-0.0022260002149953008,8.968530611091822e-05
1963-07-30,-0.03357795588040756,0.0014679656695511384,-7.3453647229951e-24,0.0,0.0,285.23759513251525,-0.0021818584031136025,0.00022634151623914463
1963-07-31,-0.0384920020140497,0.001428409989944286,-7.3453647229951e-24,0.0,0.0,286.92508424877445,-0.0023097804205565804,3.7425756453046695e-05
1963-08-01,-0.03933895669751249,0.001391912836812984,-7.3453647229951e-24,0.0,0.0,288.48092365444495,-0.0021494806002257238,0.00010283508539830217
1963-08-02,-0.03523821842535741,0.0013657512806229673,-7.3453647229951e-24,0.0,0.0,285.5558573476788,-0.002321625980785338,0.0014837462012027478
1963-08-03,-0.03354647915578832,0.0013229962291017093,-7.3453647229951e-24,0.0,0.0,285.9868470675079,-0.0019523340282635502,6.234090297936237e-06
1963-08-04,-0.032288946463900105,0.00131764991135247,-7.3453647229951e-24,0.0,0.0,287.0003775688214,-0.0019514502294487872,0.003571188483529586
1963-08-05,-0.028811096219019703,0.0012767623036594716,-7.3453647229951e-24,0.0,0.0,286.7854722915621,-0.0024283953579300544,0.0024953297302434136
1963-08-06,-0.033936322198412514,0.00124821723517725,-7.3453647229951e-24,0.0,0.0,287.300543345076,-0.002660324070918358,0.002597970767339709
1963-08-07,-0.028667471924070587,0.0012145309293337461,-7.3453647229951e-24,0.0,0.0,288.3329556747121,-0.0023716875683453126,0.0017843856312111136
1963-08-08,-0.025868003146123083,0.0012200153143392444,-7.3453647229951e-24,0.0,0.0,288.00288978763444,-0.002878286323304904,0.005696929965793548
1963-08-09,-0.029768143627939926,0.0011959000159118135,-7.3453647229951e-24,0.0,0.0,287.6867102570902,-0.002156418753461649,0.0050447537905702585
1963-08-10,-0.0283217622482844,0.0011328813214760043,-7.3453647229951e-24,0.0,0.0,288.3733333688222,-0.0025493472414670018,0.0011166246597376249
1963-08-11,-0.017651528077947218,0.0016511186199673151,-7.3453647229951e-24,0.0,0.0,286.7969297994553,-0.003063723092404126,0.014829314874544313
1963-08-12,-0.01435763856111947,0.001597850083631311,-7.3453647229951e-24,0.0,0.0,284.4861301127576,-0.002776179894131456,0.012035588120291114
1963-08-13,-0.01716903765491173,0.002264155758976263,-7.3453647229951e-24,0.0,0.0,284.64293768356526,-0.0031024169197863775,0.011800824249359406
1963-08-14,-0.027733819211943674,0.0010445911837162944,-7.3453647229951e-24,0.0,0.0,286.6413498607283,-0.0024580836117183424,0.0008067684153329282
1963-08-15,-0.032155195703614234,0.0010318362106711179,-7.3453647229951e-24,0.0,0.0,288.2312123142394,-0.002572598677696818,0.0015747061388640756
1963-08-16,-0.027237825853339698,0.0010284132371514531,-7.3453647229951e-24,0.0,0.0,285.37405895872536,-0.0028018692224207574,0.0026817518775745976
1963-08-17,-0.02795746400531403,0.001003000106515184,-7.3453647229951e-24,0.0,0.0,285.844990556074,-0.0025030585416292743,0.0024538225373305846
1963-08-18,-0.027786012381146856,0.0009851046537948868,-7.3453647229951e-24,0.0,0.0,284.19157973251777,-0.002548172706895966,0.002208340386886381
1963-08-19,-0.033589539723207724,0.0009492776319805513,-7.3453647229951e-24,0.0,0.0,286.11257050221474,-0.0023659891264755178,2.557885708635392e-05
1963-08-20,-0.03410018719522293,0.0009364122893177184,-7.3453647229951e-24,0.0,0.0,286.9788645404881,-0.002225312993646005,0.0004761337897148611
1963-08-21,-0.02627274048867199,0.0009921009594437767,-7.3453647229951e-24,0.0,0.0,284.04839876681393,-0.002452732190110926,0.006838877760061599
1963-08-22,-0.022394787541217053,0.000923451646573126,-7.3453647229951e-24,0.0,0.0,283.8615952364245,-0.002101141648987929,0.0021584673667082487
1963-08-23,-0.025223977990069636,0.0008995933721294511,-7.3453647229951e-24,0.0,0.0,284.3552619337811,-0.0025112836879525482,0.0013820601722055101
1963-08-24,-0.02911797220592445,0.0008928476922256127,-7.3453647229951e-24,0.0,0.0,285.18531773813254,-0.002677349405268492,0.002051193161872821
1963-08-25,-0.03396387562408286,0.0008664873696989933,-7.3453647229951e-24,0.0,0.0,286.00946053183463,-0.0023935572112684196,0.0005766472746870157
1963-08-26,-0.03322260140699182,0.0008497823261271763,-7.3453647229951e-24,0.0,0.0,286.0983012140135,-0.0022490214251276465,7.497247329042119e-05
1963-08-27,-0.032366087670716866,0.0008376840144227455,-7.3453647229951e-24,0.0,0.0,285.4315334542772,-0.0021223680742379638,0.0001918711528056938
1963-08-28,-0.0231566421561322,0.000841356182502488,-7.3453647229951e-24,0.0,0.0,282.8528427978918,-0.0016060601762038168,0.0017845565821491393
1963-08-29,-0.01885501493168416,0.0008218418070151982,-7.3453647229951e-24,0.0,0.0,281.26775647826116,-0.00153760883515164,0.0011625246680766993
1963-08-30,-0.019112537978059157,0.0008583896409320293,-7.3453647229951e-24,0.0,0.0,281.463731277236,-0.002386035071422825,0.005980041993539886
1963-08-31,-0.009564951651513914,0.0014408598680280698,-7.3453647229951e-24,0.0,0.0,282.06199580262614,-0.002540504470425474,0.012164689979310764
1963-09-01,-0.005746592404478688,0.0017097348210501806,-7.3453647229951e-24,0.0,0.0,281.2981617419284,-0.003115947268861162,0.02023500466750343
1963-09-02,-0.013803307240628929,0.0007908887277215215,-7.3453647229951e-24,0.0,0.0,280.3688297846448,-0.001982400925188078,0.0017443123084292427
1963-09-03,-0.01951079596739031,0.0008253463580783479,-7.3453647229951e-24,0.0,0.0,280.6363391983981,-0.0021166597193075444,0.0044465430222688975
1963-09-04,-0.023954408906273924,0.0007537797009204068,-7.3453647229951e-24,0.0,0.0,281.7143750307475,-0.0017597470748222483,8.553266184208042e-07
1963-09-05,-0.02526772552627628,0.0007452768626186135,-7.3453647229951e-24,0.0,0.0,285.3171650514764,-0.001978322779391445,0.0
1963-09-06,-0.025364938681408513,0.0007385294989677472,-7.3453647229951e-24,0.0,0.0,285.7105631460129,-0.0019657770224378607,0.00018149769234285508
1963-09-07,-0.025070451620945147,0.0007303717446192511,-7.3453647229951e-24,0.0,0.0,286.57338382699396,-0.0019187768237233838,0.00017493680361844704
1963-09-08,-0.013639257663050615,0.003078344514814474,-7.3453647229951e-24,0.0,0.0,285.3584130245863,-0.0021148407673936783,0.012342647576734771
1963-09-09,-0.016071800121479792,0.0007736336881831543,-7.3453647229951e-24,0.0,0.0,283.4262294984807,-0.00210985238269224,0.004537240994773835
1963-09-10,-0.02267917085670482,0.0007362455803122224,-7.3453647229951e-24,0.0,0.0,284.28483199714043,-0.001976733422169914,0.0024078900867936306
1963-09-11,-0.022182179625424965,0.0007199047312224651,-7.3453647229951e-24,0.0,0.0,284.000824754072,-0.002174186578157258,0.00177121930202698
1963-09-12,-0.021211283776046193,0.0007115504835958536,-7.3453647229951e-24,0.0,0.0,284.3793927029252,-0.0023186505472255967,0.001700578806665223
1963-09-13,-0.025492310145143735,0.0006909939528858595,-7.3453647229951e-24,0.0,0.0,285.72151296870635,-0.001791454599065296,0.0003579240733839562
1963-09-14,-0.020805116974364567,0.0007226075661384455,-7.3453647229951e-24,0.0,0.0,281.1599551414591,-0.002408935772623383,0.0037279073800394625
1963-09-15,-0.023022120492269763,0.0006762110749206975,-7.3453647229951e-24,0.0,0.0,279.6517348891149,-0.0015483883888287061,2.9174486750586467e-05
1963-09-16,-0.029675584686341263,0.0007021548384327001,-7.3453647229951e-24,0.0,0.0,283.201936024955,-0.0025688818903208455,0.0031648048315688583
1963-09-17,-0.023006012631674944,0.000675956155620726,-7.3453647229951e-24,0.0,0.0,282.585656509112,-0.0018799486754220087,0.0012470442696430018
1963-09-18,-0.008652569378836681,0.0007152491706912801,-7.3453647229951e-24,0.0,0.0,281.4412524120956,-0.0015865166876780786,0.005465691230823669
1963-09-19,-0.013070938235285594,0.0006626753483788443,-7.3453647229951e-24,0.0,0.0,281.53247625275526,-0.001682567215487782,0.0009697529793282301
1963-09-20,-0.012048652195661083,0.0009134867265399568,-7.3453647229951e-24,0.0,0.0,281.7075473727929,-0.0013650781238230608,0.007552068966733367
1963-09-21,-0.004490174437310063,0.0007511666097209953,-7.3453647229951e-24,0.0,0.0,281.24043681257865,-0.002468021712818388,0.00861766955783068
1963-09-22,-0.015542499636862913,0.0006449008728824768,-7.3453647229951e-24,0.0,0.0,280.87053732863035,-0.001570809343145729,0.0004957942976116461
1963-09-23,-0.017435417715775767,0.0006544895596423393,-7.3453647229951e-24,0.0,0.0,282.17086165548494,-0.0015348449644059113,0.0017705161018210479
1963-09-24,-0.017941166452095335,0.0006445392882083097,-7.3453647229951e-24,0.0,0.0,279.22650140018783,-0.0017843176479225107,0.0012730894620240744
1963-09-25,-0.023513445283396772,0.0006264511306407088,-7.3453647229951e-24,0.0,0.0,282.21153108413614,-0.0015261806547641756,8.52346317969932e-07
1963-09-26,-0.02483106930713869,0.0006220849220362087,-7.3453647229951e-24,0.0,0.0,285.1736093007463,-0.0015943830906502946,2.57409737969283e-06
1963-09-27,-0.02613429262139703,0.0006177684681563728,-7.3453647229951e-24,0.0,0.0,284.8949977422165,-0.0016025974715160112,4.291611617190938e-07
1963-09-28,-0.017351921458365553,0.0006135233209631538,-7.3453647229951e-24,0.0,0.0,282.1500630495463,-0.0012958259400674852,8.583068833445395e-07
1963-09-29,-0.021734315923041547,0.0006095413434303413,-7.3453647229951e-24,0.0,0.0,282.78960240897493,-0.0014359899244066013,1.2890356870798314e-06
1963-09-30,-0.025650721906268662,0.0006055165145356777,-7.3453647229951e-24,0.0,0.0,284.0311108856776,-0.0014942130442224654,1.5912958355326896e-05
1963-10-01,-0.024981230749922284,0.0006047951131217224,-7.3453647229951e-24,0.0,0.0,284.04192992028993,-0.0015802650349372527,0.0004462650563332087
1963-10-02,-0.0243163592902954,0.0005973018495376501,-7.3453647229951e-24,0.0,0.0,282.9140271009025,-0.0013830587951897903,1.271333921733129e-06
1963-10-03,-0.025004467679619117,0.0005952392594288972,-7.3453647229951e-24,0.0,0.0,282.95397322775057,-0.0014731363619619844,0.0002625695729659776
1963-10-04,-0.028011940588048623,0.0005907452544250059,-7.3453647229951e-24,0.0,0.0,283.5307590570827,-0.0016073246754832187,0.00020714075338080303
1963-10-05,-0.028951874097525067,0.0005852240795469554,-7.3453647229951e-24,0.0,0.0,283.87998134447804,-0.0014969984248364714,2.5537860394472074e-06
1963-10-06,-0.02249517594858752,0.0005813157659465984,-7.3453647229951e-24,0.0,0.0,281.73899226359276,-0.001225500499124581,1.3975072261853782e-05
1963-10-07,-0.021499667842846133,0.0005773233491822152,-7.3453647229951e-24,0.0,0.0,281.2227069653585,-0.0011847375097584591,1.7593074517208152e-06
1963-10-08,-0.022565855734092373,0.0005734384396655412,-7.3453647229951e-24,0.0,0.0,281.83810604045175,-0.001224058043569495,-1.192074705613777e-08
1963-10-09,-0.019623536553423287,0.0005701690238747894,-7.3453647229951e-24,0.0,0.0,282.77874452335914,-0.0011050806743866306,9.749892002208707e-05
1963-10-10,-0.01616426401555875,0.0005743892516120006,-7.3453647229951e-24,0.0,0.0,279.3323528627443,-0.001351007334046108,0.0012385388215333157
1963-10-11,-0.019095490291967235,0.0005620359364202468,-7.3453647229951e-24,0.0,0.0,280.58288792971166,-0.0010960920224502937,1.2884485727227002e-06
1963-10-12,-0.02160682777563731,0.000558232436072355,-7.3453647229951e-24,0.0,0.0,281.7866667336214,-0.0010885033061948874,6.497340185602699e-06
1963-10-13,-0.006212866659891809,0.0007225710288279475,4.5057968455743875e-05,6.657891438505744e-05,2.380882489815944e-05,279.1460300237221,-0.0014350933659463955,0.0144299992058893
1963-10-14,-0.006087344245048567,0.0006229336147254471,-7.3453647229951e-24,0.0,2.3257713449203363e-05,277.3885010792935,-0.0016134462482427475,0.006030347652960898
1963-10-15,-0.013801685287117286,0.0005539669155401026,-7.3453647229951e-24,0.0,1.0157709067824197e-05,278.1090716633195,-0.001228174920809471,0.0005180914522555721
1963-10-16,-0.015900405492149505,0.0005443613913099645,-7.3453647229951e-24,0.0,5.714132287408e-06,279.1791472533777,-0.0009519563630054899,1.294119265122971e-06
1963-10-17,-0.016646134272470317,0.000540793110421822,-7.3453647229951e-24,0.0,3.219808393952537e-06,279.40616791576093,-0.0010296939898513805,8.553265615773853e-07
1963-10-18,-0.01772553570526468,0.0005372514327367147,-7.3453647229951e-24,0.0,1.651366467529771e-06,279.6724982899237,-0.00106315459992926,8.52346317969932e-07
1963-10-19,-0.015686704950817563,0.0005342970460148181,-7.3453647229951e-24,0.0,1.1718142672447162e-06,279.1296951703433,-0.0008575936705715913,6.796663763832912e-05
1963-10-20,-0.007641971742702744,0.000546488553117224,-7.3453647229951e-24,0.0,8.100506949559444e-07,276.9950743709356,-0.0012076193424688897,0.002084342806980758
1963-10-21,-0.013867884537594466,0.0005274853632274995,-7.3453647229951e-24,0.0,3.7704357656381895e-07,276.91739847790274,-0.0008682914467602127,4.172325134277344e-07
1963-10-22,-0.01456209019584171,0.0005242350579655103,-7.3453647229951e-24,0.0,6.091481043120563e-07,279.1476301886492,-0.0009790730299585957,0.0
1963-10-23,-0.011456790280207404,0.000537222724849895,-7.3453647229951e-24,0.0,3.270257664265606e-07,279.21156426338155,-0.0009280824139293306,0.0015815965703975547
1963-10-24,-0.012391384459484771,0.0005385946419279455,0.003546705802730697,0.0006955211277061937,6.4445101777039e-06,273.5766622108704,-0.0013229132887754738,0.002799011369116776
1963-10-25,-0.014901295935703537,0.0005169691844175092,0.004319817781897364,0.0,7.678560996796452e-05,275.1436142283869,-0.0008144477266544677,0.00014042088204184496
1963-10-26,-0.006912843318982313,0.0005177517058485646,0.019417915416078155,0.006046591147696232,1.696827637273713e-05,272.18562106044504,-0.0007038776431295832,0.006748130513393005
1963-10-27,-0.008922326952050636,0.0005116428190705466,0.058868465675023546,0.0016411610663273916,0.00017774370262178327,268.3249637079329,-0.000423914005737857,0.0016441747124236045
1963-10-28,-0.011777745423007148,0.0005106933541217094,0.051206542049199624,0.0,0.0003245225607675348,270.41571707285505,-0.0004386617723157851,4.351138045421976e-07
1963-10-29,-0.012018217584170864,0.000515493043398453,0.04442049015713278,0.0,0.0008639773448645058,274.77737596299914,-0.0006062146328852675,2.1221105661769372e-05
1963-10-30,-0.0030420132949527377,0.0005036189226107409,0.07656176435969868,0.011118033806146201,0.0,271.6830283270942,-0.0004294257937262288,0.012059971050251729
1963-10-31,-0.006507225292550643,0.0005056129842154724,0.1461954062941384,0.005478698065725424,0.0005879818361862905,266.66844820572163,-0.0006896295810991761,0.005533414102452596
1963-11-01,-0.008576921739820708,0.0005088741496457892,0.1402794789459746,0.0,0.0010179212201113083,265.4731330009504,-0.0006519134161667635,1.2920400394825963e-06
1963-11-02,-0.00951074265827567,0.0005151182834037954,0.12762669565089454,0.0,0.0016245097027154966,271.8439263776646,-0.0007840369770166564,2.580946784291882e-06
1963-11-03,-0.008912065439978563,0.0005050014472950651,0.11363228835628532,4.027186140502241e-06,0.0010698503883039886,269.27388469243454,-0.0006238535351756604,5.381278289454415e-06
1963-11-04,-0.007108189165592194,0.0004988670517495797,0.10640416262064502,0.00045765513333223643,0.0008160518534944556,269.59813905345965,-0.0005077875066695914,0.0004929102241428828
1963-11-05,-0.006391551787570371,0.00048726190954951926,0.12400734536840867,0.005889234927582876,0.0001420167059043033,268.0980124284992,-0.0005245687345326958,0.00594067670638749
1963-11-06,-0.00704464678373714,0.0004984969641529235,0.137605886225871,0.0,0.0011131535731466477,268.64557713438563,-0.00047351755096582365,1.7124990634041402e-06
1963-11-07,-0.0041795625525005795,0.00048128696484754316,0.1494775114759887,0.006231046644812924,2.2068325072358557e-05,270.0402817806955,-0.0004564614303536335,0.006738705276442962
1963-11-08,-0.006331014852065825,0.00048345655707989713,0.1688807140860405,0.0002167966785067219,0.000401208240349414,268.23270667699325,-0.0005309329931176989,0.00022017369825831894
1963-11-09,-0.00499220520763074,0.0004888296464068742,0.16547676847928436,0.0023331811998860315,0.0009358957683467595,270.29679105151627,-0.0003992405346473732,0.0025308210802162303
1963-11-10,-0.0053774186615216536,0.0004767139921080595,0.18985979615407253,0.0030114706921375405,0.00024309891176089055,270.3047641136328,-0.00043704406500367804,0.0031512490637434594
1963-11-11,-0.004750347659412751,0.00047767583259754944,0.19071106991525424,0.0007340214136293379,0.0004808109064223403,268.8839892119787,-0.000353567607406169,0.0007475088196637114
1963-11-12,-0.004873464294409348,0.00047891826952918104,0.18481422323740584,3.6847604028249186e-05,0.0007281412007444997,268.2697462703324,-0.0002748553278082508,4.0053580969046286e-05
1963-11-13,-0.0066166028885518095,0.00048567396772783363,0.17434698130002355,0.0,0.001343276256979522,272.59235335743364,-0.0004595295594489508,4.351138045421976e-07
1963-11-14,-0.007954548939136464,0.00048062525226571465,0.1607160262917844,0.0,0.0011328386384888557,272.1092140894601,-0.0006364478313990232,1.2859645721619017e-06
1963-11-15,-0.0069900334386502295,0.0004804781769628579,0.1482563485758004,7.031748523819918e-08,0.001265136903877986,273.7676059880949,-0.0006132352476318678,8.312024520063908e-06
1963-11-16,-0.0044494765458133936,0.00046911726226914397,0.23943873403660548,0.018508965054811057,0.0,268.44997777418007,-0.0005905361698761498,0.019854389594099617
1963-11-17,-0.004512332000974882,0.00045962909520682644,0.2759927006091102,0.0001575968065167551,0.00012001155291573476,263.1228049434511,-0.00039433917335871254,0.00015844880889125497
1963-11-18,-0.005208787482000341,0.0004558299305075306,0.2691158431173493,7.484255537474898e-08,0.0,265.4823078184254,-0.00045421831625497955,4.956277700568219e-07
1963-11-19,-0.005880997931889896,0.00045709278287187137,0.26281508393655845,1.6391277313232422e-07,0.0002278600330069914,265.78315062442067,-0.0004922739982520794,2.741558152052903e-06
1963-11-20,-0.004916677030466371,0.00045198867213254603,0.2546434995144774,1.6911849800476246e-05,1.2607097962481827e-05,268.0599388582334,-0.0004994704014500656,1.9721829488777578e-05
1963-11-21,-0.0019337223411279886,0.00044985991076561016,0.24973861780543788,0.0007831997495923338,0.0,266.5319289694174,-0.0001752766501684647,0.000786693419440318
1963-11-22,-0.0034794983806583166,0.00044794001821744244,0.273920034060146,0.0023450589196830148,0.0,262.7276141890474,-0.00034259783767037473,0.0023476317776221474
1963-11-23,-0.0047763596988667206,0.0004492520780886634,0.2710788532838983,3.8094355561638955e-06,0.00022563033100575378,265.8012949158692,-0.00041197902801851777,4.666252381653555e-06
1963-11-24,-0.0029319150552237776,0.00044414678872641873,0.2697730917490584,0.002432321571865998,0.0,268.07454844473,-0.0003421101613906817,0.0024397709057496155
1963-11-25,-0.003964061538378398,0.0004446558696401995,0.28034401299140776,3.5431509637563243e-05,0.00016543669047328714,264.21139220329326,-0.00030738042172907435,3.837760241168393e-05
1963-11-26,-0.00528188660151541,0.00045547983740682656,0.2714823060116526,0.0,0.0010501740679229048,270.7181521521674,-0.00027620480895715924,-2.078195393551141e-09
1963-11-27,-0.006581966781010062,0.00045351305250394147,0.2540446423316855,2.4660579902304095e-07,0.0010231097812874843,272.7925792737196,-0.0004940089311892704,2.817023215744988e-06
1963-11-28,-0.006108698324631836,0.00043754187007408364,0.2615201271186441,0.002685104954545781,4.930383825706224e-05,264.2140919924231,-0.0006021237169197724,0.0026889057738654723
1963-11-29,-0.00568234343818352,0.00044036138865907314,0.26024425097104525,0.0,0.0003636045076247663,265.8924439712208,-0.0004395454238026829,3.006030965480022e-06
1963-11-30,-0.006290489334171101,0.00044631267671531213,0.25212094294373827,0.0,0.0008809968492405563,267.1302750222876,-0.0004441319296589006,8.60971738347871e-07
1963-12-01,-0.004794719108080461,0.00043151051984668455,0.24255118217396424,0.0,0.0,264.0695272398983,-0.0003809224245911938,2.136826310561446e-06
1963-12-02,-0.005009686795331664,0.00043862982321593726,0.23781871616054615,0.0,0.0005917878516313047,266.1996642218696,-0.00034812743654527237,0.0
1963-12-03,-0.006547171264718482,0.00043709954972994536,0.228883215263065,0.0,0.0005979476296632303,269.087379707006,-0.00043231017340374534,8.583068833445395e-07
1963-12-04,-0.0059763831691553365,0.0004402769487456414,0.21960840027660078,0.0,0.0009101220948547967,269.5439062028731,-0.0003769504022126818,8.464971656962916e-07
1963-12-05,-0.006125010676303153,0.0004380348712037513,0.20982875213335692,0.0,0.0008596242905336586,268.3417112957511,-0.0003898429005580434,1.2844800494349329e-06
1963-12-06,-0.004188040218784311,0.0004249303101819788,0.20187418160016482,0.0005745860605926837,0.00011880025478069394,268.60355713048676,-0.0003830614620767071,0.0005954585337929267
1963-12-07,-0.0029792002281226683,0.00042145825543646087,0.23749227577683618,0.005801291326008275,0.0,259.61670872316523,-0.000327620665821652,0.005894096170396105
1963-12-08,-0.003006423092157827,0.00042183217355760483,0.26508706302966106,0.000245309566373879,0.0001245008223811112,256.3521179263875,-0.0002407283695825076,0.00024535528010567704
1963-12-09,-0.0011260328909098092,0.00041831398414353193,0.2666038613759416,0.00244818608892166,0.0,261.58002293042546,-0.0001274945982600336,0.002450721918001487
1963-12-10,-0.0012186545520852514,0.00041678282669035054,0.324708410575565,0.003120704980219825,0.0,255.55055355352195,-0.0001846075289498615,0.003125489381028084
1963-12-11,-0.001899863703776214,0.0004152674964592282,0.32371828470750946,9.529940826071186e-05,0.0,252.2436483566371,-0.00013469422688591954,9.743144276419663e-05
1963-12-12,-0.0026975423939483993,0.0004137529660079439,0.34404149746939744,0.003643179007169217,0.0,255.00250704275015,-0.0002453154910587322,0.003646517472242198
1963-12-13,-0.0013186639059061384,0.0004122682378790474,0.3427267703183851,9.351863531069567e-05,0.0,248.5389836557392,-0.00013063823288611776,9.901199597553095e-05
1963-12-14,-0.0010745428965590095,0.00041079601157183025,0.3429699913930085,0.0015529493701323279,0.0,257.5540517745943,-4.685972159528463e-05,0.0015572318681000526
1963-12-15,-0.0022527174761066333,0.00040932951000450694,0.34947833907132775,0.0006335804102110998,0.0,261.90778416204364,-0.00013556080938732556,0.0006369956095938948
1963-12-16,-0.001424217964969786,0.0004078688594581044,0.3465270421374765,0.0010325311772567405,0.0,263.6465351909343,-9.123791051281374e-05,0.0010363931346523971
1963-12-17,-0.0007457326108452965,0.00040642311007289567,0.3781239425170669,0.005647217107694702,0.0,262.81277460432324,-5.084608739378762e-05,0.005652350805070324
1963-12-18,-0.0031314981775095235,0.00040722726765325516,0.3923257084216102,0.0003270985042981509,0.00014227780245118222,265.49377887531864,-0.00017385941924853514,0.00032851662530252097
1963-12-19,-0.0031194193130832607,0.0004047353220524761,0.3837966487906074,0.0027356407273623905,7.690909176559772e-05,268.4103646143682,-0.00023320758199624425,0.002742454224296182
1963-12-20,-0.0027021603648271944,0.00040213721620160984,0.4092553205184793,0.0023500356339128683,0.0,265.75530722810277,-0.00017359336090963442,0.002410481811220525
1963-12-21,-0.001014185701049654,0.0004007295194992238,0.4126378865789784,0.002284416686848732,0.0,264.3671026140059,-0.0001063338864994588,0.002290018390871446
1963-12-22,-0.002589175130351115,0.00039931862367748543,0.42651964895244826,0.0009231494560753558,0.0,261.46844109932135,-8.596502518081396e-05,0.000924486763630937
1963-12-23,-0.004720154244684231,0.0004000961780548096,0.41928416681379477,0.0,0.00013754148520318804,266.9525102554293,-0.00021447222364150874,4.351138045421976e-07
1963-12-24,-0.005687794442904198,0.00039759253041218905,0.40648701410958105,0.0,6.533721409275035e-05,270.80275813244606,-0.00039107444575109054,8.583068051848386e-07
1963-12-25,-0.004661300972019886,0.0003951700393762966,0.39467079176965636,0.0,0.0,269.345252200484,-0.0003433027699337168,1.278482898214861e-06
1963-12-26,-0.0039000378995291936,0.0003938154227989542,0.3860111559851695,1.6660234854046234e-05,0.0,262.4373920138946,-0.00024939404200699375,1.82172423150518e-05
1963-12-27,-0.00170789785304312,0.0003924557549805291,0.39157742430261305,0.0032156760999038398,0.0,262.0606982344288,-0.00012575103611932637,0.0032277271648325882
1963-12-28,-0.0024163459906470304,0.00039109116220204844,0.41886393229166674,0.0005768521736233922,0.0,262.01643669358305,-0.0001027314255466569,0.0005782510096070457
1963-12-29,-0.0027649076813358376,0.00038974972094519666,0.45612434344103114,0.005895545674582659,0.0,262.6818919639803,-0.00022259956530931984,0.0058986643949007584
1963-12-30,-0.0036407102551837423,0.0003884132046484005,0.46308855821857353,1.564621925354004e-07,0.0,263.0328658655314,-0.00013134484363477785,3.164315948862748e-06
1963-12-31,-0.004143031261398295,0.00038707841419230747,0.4531776442590632,1.911389625678628e-06,0.0,269.4469076900159,-0.00019020649294058484,2.0712563672092937e-05
1964-01-01,-0.0046196265072472355,0.0003857501482559463,0.441179121056968,0.0001256456230319826,0.0,268.95673972379467,-0.0002283035424974679,0.00013178576192121702
1964-01-02,-0.004684232764661649,0.00038442360816028835,0.43611469735758013,0.00447479997482677,0.0,267.42752096388074,-0.0004572102400121716,0.0044795498672851744
1964-01-03,-0.0038890595321601396,0.00038312021958625926,0.46147083921845583,0.00017010896219372075,0.0,259.695404846565,-0.00027652326866058313,0.00017753699983722726
1964-01-04,-0.002578287853696252,0.00038181018021147135,0.45507329736052266,5.0396779499484996e-05,0.0,262.1149728060218,-0.00014125407373501083,5.236308444351781e-05
1964-01-05,-0.002573268940556521,0.00038049854127700727,0.45993059233757067,0.00101937387285933,0.0,258.1749320991071,-0.00018203406894611103,0.0010225085888878774
1964-01-06,-0.0018367479413242665,0.00037919835182233046,0.4633090204213748,0.0011057440549303585,0.0,259.5791472095554,-0.00011841314029222157,0.0011117663287789478
1964-01-07,-0.0014197844485778594,0.0003778867128878664,0.4958204136505415,0.005009624117848563,0.0,260.2651613598265,-0.00018079258964560127,0.005014480817384099
1964-01-08,-0.001223625015404265,0.00037662137699665996,0.5370592595044728,0.0011123470583204497,0.0,253.10151761803925,-7.448410141771124e-05,0.0011142576098143245
1964-01-09,-0.001977947093335922,0.000375342739503936,0.5373215612494116,5.05932306839248e-05,0.0,254.6790401077989,-2.3298991559925726e-05,5.488751246740594e-05
1964-01-10,-0.0019661657049157527,0.00037405585165077685,0.5427616212776601,0.002046535138861608,0.0,259.3088204730478,-0.00011603919378781723,0.0020547971212695275
1964-01-11,-0.0016392012689746707,0.00037279716656032935,0.5804528417784841,0.003084655009252204,0.0,255.88344554577847,-0.00015155826879423217,0.003088650258818643
1964-01-12,-0.001920997128311524,0.00037152677942804024,0.5823142416284134,6.851945388115059e-06,0.0,252.4488509514013,-7.990198367733066e-05,9.993240612698046e-06
1964-01-13,-0.0021882033196546267,0.0003702712934569451,0.575591178937147,0.0,0.0,257.91044575750493,-4.883311520525291e-05,8.638925947131823e-07
1964-01-14,-0.004232237862665101,0.00036902085872693257,0.5666685517449388,0.0,0.0,261.5804053628063,-0.00010570801668247934,4.351138045421976e-07
1964-01-15,-0.003365554168062696,0.0003677504715946435,0.557547531558969,0.00010869582578287288,0.0,259.632175280325,-0.00010485266793077275,0.00011127097407662831
1964-01-16,-0.0030170121772141105,0.00036652478794593595,0.5484134077801319,2.847216223592812e-07,0.0,263.8311482194229,-8.712660542315683e-05,1.5698920421815625e-06
1964-01-17,-0.006997427782096433,0.0003652759527755996,0.5360886740819208,0.0001666145978000878,0.0,262.81435321369645,-0.0004972405889529293,0.00017036877144077113
1964-01-18,-0.004272059616395983,0.00036403696752537447,0.5287253744409134,0.001536999402915017,0.0,262.71409345077257,-0.00031106666488162543,0.001559239196600986
1964-01-19,-0.0033795176505368985,0.00036281128387666696,0.5294683711452448,5.553199746514445e-05,0.0,257.73880789374226,-0.00027554244392335753,5.9812469489102606e-05
1964-01-20,-0.005040947116364195,0.00036158560022795945,0.5217919646009888,3.45174033763045e-05,0.0,264.5796700457844,-0.00011452847807589227,3.609564672416194e-05
1964-01-21,-0.006272121001098116,0.0003603548653381693,0.508320551583098,0.00014957836118795106,0.0,267.2055540713438,-0.0004108107496200308,0.0001550438208541223
1964-01-22,-0.004858764677734698,0.0003591174796476203,0.49996160877177503,0.000425340849800972,0.0,262.2987489897877,-0.0003813803248570464,0.00047593431617537463
1964-01-23,-0.002069595801291493,0.00035789844679967164,0.520805976709628,0.004142372853170007,0.0,260.3491371355937,-0.0002064453174838912,0.004149916933503929
1964-01-24,-0.0028722497113680442,0.0003566991137919453,0.548892033751177,7.973670285973847e-05,0.0,256.37363332902873,-0.0001730213920443745,8.21786916748413e-05
1964-01-25,-0.002920067537639101,0.0003554965816648667,0.5583192642125707,0.004384413235268351,0.0,262.48654882068246,-8.143185201169408e-05,0.0043880598439758525
1964-01-26,-0.0037447138778907434,0.0003542807479362703,0.5915161822475282,0.003588263450537698,0.0,265.03522316884187,-0.0002614750111170408,0.0035936896490530845
1964-01-27,-0.003744663954791377,0.00035310296689049675,0.5967904933203861,1.545574537104806e-06,0.0,262.6948940758427,-0.0001461629434830725,3.3228578304569045e-06
1964-01-28,-0.004110029061972086,0.00035191853504396427,0.5850450763594633,0.00044495772338856417,0.0,264.6336874521834,-0.00021233076050793383,0.00045589695182821224
1964-01-29,-0.0049546374439519685,0.00035071760247656187,0.5771065979578626,1.6500720870023394e-08,0.0,264.2811301459476,-0.000199819983398847,1.7211926746888612e-06
1964-01-30,-0.00480768661209419,0.00034953982143078825,0.5665690104166667,0.0009011313908517698,0.0,266.53696229722766,-0.00027719083226333233,0.0009041862299199092
1964-01-31,-0.0038453527847252325,0.0003483620403850146,0.5612928602430556,6.105607680681736e-05,0.0,262.6124374368097,-0.00021810750187621953,6.54707269210538e-05
1964-02-01,-0.00233082098644332,0.0003471858588989172,0.5565934980431969,0.0027602806182230933,0.0,263.6902778144161,-0.0001486034348270314,0.0027713808638221617
1964-02-02,-0.0019632011315243395,0.00034603122937477244,0.5995443168108522,0.004019892653502988,0.0,259.8902538177433,-0.00017374674500213506,0.004035100017344093
1964-02-03,-0.003923969374874892,0.0003448781994103039,0.6249328728225048,7.652752311889734e-05,0.0,258.08426918058524,-0.00010020181662955528,7.852975928448885e-05
1964-02-04,-0.005220009992688389,0.00034371371996604793,0.614977360669727,0.0,0.0,264.91614194464097,-0.00011745501456961122,2.1657325532942195e-06
1964-02-05,-0.003488948284569433,0.0003425324872388678,0.6036078099252591,0.001226082360003628,0.0,264.71597330987794,-0.0002631344543085934,0.0012300037371311336
1964-02-06,-0.003162362565428524,0.00034140100923635194,0.6243004520509653,0.0012043878688650616,0.0,254.3669541856439,-0.00022032433373611528,0.001208259357083072
1964-02-07,-0.0025979260266837433,0.00034024132847112456,0.6303899445327213,0.0028120472101168447,0.0,259.75894536810404,-7.465860601198876e-05,0.0028169793429842966
1964-02-08,-0.004696099266494062,0.00033911810082904364,0.6874018379972929,0.004452290739548409,0.0,261.79797602508035,-0.0002804288303868919,0.004461150300647984
1964-02-09,-0.002815489883476732,0.0003379650708645751,0.6900232462335217,0.002757173326224257,0.0,263.4608165396135,-0.00011762988222184156,0.0027578871297297505
1964-02-10,-0.00696764983194696,0.00033682694206130036,0.6991097832803673,0.0013313367962837221,0.0,268.04876793396227,-0.0002298109538558513,0.0013333998829955299
1964-02-11,-0.0033412342943714163,0.0003357202151400895,0.6849144542284605,0.005844980646661446,0.0,267.00360531277124,-0.00031925445832943516,0.005847682761624054
1964-02-12,-0.004952679414533626,0.0003345903366972498,0.7407350701800848,0.0026551601029722034,0.0,260.51463116360253,-0.00030433414977485855,0.0026588045267465013
1964-02-13,-0.002683942137801715,0.00033346710905516897,0.729618395789195,0.0010055346298689222,0.0,258.9897561980282,-0.00011230997299238788,0.001006532910785244
1964-02-14,-0.0034015656022702238,0.0003323470805324404,0.7626279554349106,0.00308279082768381,0.0,258.335883131584,-0.00022131784971656098,0.0030867712308790454
1964-02-15,-0.005159492841211416,0.0003312486039716646,0.7705793075417844,6.167841075503894e-05,0.0,257.934449107858,-0.0001413504366820815,6.339095403202504e-05
1964-02-16,-0.0038475493169100278,0.00033015517865197136,0.7914179282897835,0.004214054131406849,0.0,261.0979314649622,-0.0002170083991720178,0.004218299931052041
1964-02-17,-0.003066060780468634,0.0003290434004896779,0.8254983043491055,0.003846888067358632,0.0,259.753905093378,-0.0001894336688400662,0.0038501716939401895
1964-02-18,-0.00400430031415433,0.0003279515747296609,0.8928972089806969,0.006831458290923114,0.0,260.30243523736016,-0.00023945805085244154,0.006843987696486058
1964-02-19,-0.00253647759472583,0.0003268397965673673,0.9464964211099343,0.007971569011777134,0.0,262.17126996458813,-0.00019351792874309302,0.007977669962495468
1964-02-20,-0.004173250184894281,0.0003257346692058326,0.978670109463277,0.0020390698044313554,0.0,257.03254999997705,-0.00026041602894748,0.002042601758420535
1964-02-21,-0.004066174607829185,0.00032466919408679685,0.9880350403866526,0.002516541545842327,0.0,260.8969816290502,-8.140258112196196e-05,0.002517974309328586
1964-02-22,-0.003214070478738365,0.00032351936324168063,0.9871187084363232,0.0037460600967797863,0.0,260.0504110914615,-0.0002843679302493058,0.0037545161394399976
1964-02-23,-0.004266682949106572,0.0003224456377622098,0.9904109286723165,0.0008710202692592212,0.0,258.7967092151247,-0.00011265784565169933,0.0008733139872201283
1964-02-24,-0.002360759902808626,0.0003213040572775286,0.9672844665872176,0.002251866994436178,0.0,260.8765783256057,-0.000131610507345469,0.0022559229767692697
1964-02-25,-0.0038536988661787607,0.0003202170301965401,0.998221359683969,0.0016815442023640971,0.0,253.94068939582556,-0.0002692798363034335,0.0016853327805039574
1964-02-26,-0.003305250094772059,0.00031910777765478796,0.9851550086069916,0.001000828788442127,0.0,254.76608901733286,-7.884598489703431e-05,0.0010028219154649398
1964-02-27,-0.002841983179924852,0.0003180182249532581,1.0366923589041903,0.005579630365479464,0.0,257.4098714480068,-0.00012106183747955635,0.00558622753444049
1964-02-28,-0.007084014641363069,0.0003169146971513996,1.0535242687735407,5.31264280868789e-07,0.0,261.03129023032903,-0.00019782576920454115,2.2505130917607923e-06
1964-02-29,-0.005204483235286455,0.0003158127689092173,1.021627594971163,0.0011647266183195816,0.0,262.6356952329589,-0.00023566511601714766,0.0011680134360046066
1964-03-01,-0.006686893981055352,0.00031471909102747,0.9995593054819916,1.4525327810459893e-05,0.0,262.8132880905928,-0.00026668417188575714,1.7876055772640903e-05
1964-03-02,-0.0036397600746424182,0.000313612111544205,0.9862550207450566,0.004002476395186732,0.0,262.90845799850206,-0.0002569179760955148,0.00400854680834517
1964-03-03,-0.005158860930951976,0.00031250193294158767,0.9941426939883475,0.0006194087745106154,0.0,260.8120782352886,-0.0002998274482660375,0.0006276728236270621
1964-03-04,-0.00470151188178251,0.00031141970453962776,0.9740130465807441,0.0010116318777456123,0.0,259.56875220979447,-0.00022688299143886837,0.0010187183901415034
1964-03-05,-0.003259074721632705,0.0003103276262175566,0.981162550759181,0.0054348427907558484,0.0,261.88219046368215,-0.00016974234732530886,0.005440746166359827
1964-03-06,-0.003463396413178094,0.0003092488494970031,1.01460314964395,0.001628162833930409,0.0,257.59727625658286,-0.00023257029426973418,0.0016323539801423844
1964-03-07,-0.0036046710391502597,0.00030813681877265545,1.0044239568620528,0.00021709705897643742,0.0,257.3255505463049,-0.00016488983048557564,0.0002204598679940714
1964-03-08,-0.004513557558342563,0.00030706469285286076,0.9870322707009181,2.268301901844262e-05,0.0,256.5196880836271,-0.0001700462741872012,2.4812511481666736e-05
1964-03-09,-0.004324181226350494,0.00030598911525165967,0.9700155312058617,0.0005282807442764779,0.0,260.1089548516858,-0.00010367677583869568,0.0005311412325336971
1964-03-10,-0.004915323929261354,0.0003049366891720874,0.9721288878589924,0.0019182257648915223,0.0,260.2269813013167,-0.0002972480162220486,0.0019242389386566327
1964-03-11,-0.007083428571116454,0.00030387601273208016,0.9631057997881356,4.575433114827691e-05,0.0,260.3250404867973,-0.000244471181373475,4.795505165380274e-05
1964-03-12,-0.008602971916144852,0.0003027772836092502,0.9405912984786958,0.00012544180545429726,0.0,265.6482954797547,-0.00032250186965122066,0.0001281404936592501
1964-03-13,-0.0064617149573934956,0.0003017464094916306,0.9466812507356405,0.004306679980903022,0.0,262.07581043782204,-0.0005626628848876658,0.004358778087785372
1964-03-14,-0.006703727452431696,0.0003006873326112995,0.9487428826800848,0.00027329266323881636,0.0,259.0726609741901,-0.0003457795249792816,0.0002784093220119151
1964-03-15,-0.007746413265917934,0.00029962665617129226,0.9326815560263654,0.001292632208705622,0.0,263.90727609968457,-0.00030450666544295976,0.001310817732794065
1964-03-16,-0.00824333744197242,0.00029859738161334883,0.9386167939324388,0.0021521083084540178,0.0,263.0631209048399,-0.00036707214779604626,0.0021582164501285014
1964-03-17,-0.007465081615636579,0.00029750690285095395,0.9216115488170904,0.0006303074164579145,0.0,268.42877363934133,-0.00018971548073709352,0.0006368587919547734
1964-03-18,-0.006902348818415303,0.00029649252945420436,0.905130217528837,0.004182816351537651,0.0,268.74868481666584,-0.0004736132456757928,0.004189427121154063
1964-03-19,-0.004540792966293077,0.00029544675417539096,0.9406365863347459,0.004529630039202965,0.0,262.4255261214664,-0.0004980464355420258,0.004537404172838071
1964-03-20,-0.007570986188737686,0.0002944009788965775,0.9337949016448918,5.132267198993661e-05,0.0,259.7597362424919,-0.00025106959129120673,5.370828050171579e-05
1964-03-21,-0.01029372383645699,0.0002933634539781991,0.9173855251736112,7.976099091061092e-06,0.0,264.8536902246278,-0.00031552575318153297,9.25077556392903e-06
1964-03-22,-0.003907338921296395,0.0002923243295001445,0.9023683479725755,0.0022512283912823026,0.0,265.56112608397757,-0.0002556692619444961,0.0022593918162586483
1964-03-23,-0.0032500920996154097,0.00029128840414144227,0.9585082777924905,0.005266236130800625,0.0,258.03497276018794,-0.0004692070270325505,0.0052737973276738934
1964-03-24,-0.0037912323986743135,0.0002902575300238227,0.9721750952654191,0.0003534449990523064,0.0,255.97071209780015,-0.0001759369526121576,0.00035842218926165133
1964-03-25,-0.00505637495362826,0.0002892133543046855,0.9623510788165018,0.0003022694655057401,0.0,256.69650572796553,-0.00015981483278469853,0.0003085165373568346
1964-03-26,-0.005912730922806735,0.00028822718367064743,0.9584852890330744,0.0011661939617604185,0.0,258.89903814599563,-0.0002519121856591796,0.00117084165077425
1964-03-27,-0.005552922349191656,0.000287197909112704,1.0394461823946564,0.007978214129889754,0.0,258.91797133982743,-0.0003725734334123337,0.007981984325619121
1964-03-28,-0.006001532077789307,0.0002861686345547606,1.0780291368732344,0.0004991344728712308,0.0,258.2314565410722,-0.00020443412375315437,0.00050348737135316
1964-03-29,-0.01126934529024329,0.0002851558607176872,1.0602349175347223,4.5623019926965575e-06,0.0,264.1964382128527,-0.00018049077272920286,6.15050649777636e-06
1964-03-30,-0.015699812837239712,0.0002841481381216965,1.0306490738288607,0.0,0.0,268.48488519959534,-0.0004488242748009283,1.7225742112714215e-06
1964-03-31,-0.01766021461304972,0.00028315691624657585,0.996519731711982,0.0,0.0,271.8173591520378,-0.0006661257459282202,4.351138045421976e-07
1964-04-01,-0.013978062081808426,0.0002822005479349255,0.959018398363936,2.865947909274344e-07,0.0,273.04049726080314,-0.000652299836109587,0.000547935228563298
1964-04-02,-0.004380375862458332,0.00028118617453817596,0.9793158637152778,0.0209230943293558,0.0,269.8675384377805,-0.0006552048995669953,0.02137568926400298
1964-04-03,-0.0076066154965573115,0.0002801584995399087,1.0750925527454096,0.003484746178159606,0.0,267.18390113844936,-0.0004496861480723667,0.0034922004418394656
1964-04-04,-0.01189297757579782,0.00027915077694391804,1.0521435638830037,0.00010640542470129197,0.0,268.7561959448058,-0.0003632217393083088,0.00015317838271089207
1964-04-05,-0.009452083226987873,0.00027818270659042617,1.0214087419815208,0.000869534130992189,0.0,268.6532003399118,-0.00044753909700334416,0.0008844117525340112
1964-04-06,-0.004583911075767151,0.0002771997350757405,1.038194904219633,0.008435449189385453,0.0,264.63302568123163,-0.0006045759103055729,0.008440385834611312
1964-04-07,-0.008840886381386364,0.00027622341436181366,1.0748789871704334,0.001154471967516646,0.0,262.6327129443037,-0.00037775932690181305,0.0011565612364947324
1964-04-08,-0.011195056687640606,0.0002752537444486457,1.0567670631767891,1.509893832907165e-05,0.0,265.75201347767745,-0.00028670750726751015,1.596739399904585e-05
1964-04-09,-0.012058166797551733,0.00027431042517645887,1.0342075038988938,6.57709894207238e-05,0.0,268.3760206470382,-0.0003833734235689465,0.00014360019646590775
1964-04-10,-0.011215955902964382,0.0002733772083864374,1.012047719147246,0.0011831828219405675,0.0,270.14964333586323,-0.0004242278140901173,0.0018359898677977329
1964-04-11,-0.01319215471966792,0.00027241073759262175,0.9968353673787667,0.0009292557330454811,0.0,270.56492633424466,-0.0006754678847678638,0.001382438080614227
1964-04-12,-0.013769293151332835,0.00027142776607793603,1.0157847718779427,0.007468347116715491,0.0,266.64103191540966,-0.001086739397023694,0.00757508046548586
1964-04-13,-0.009151147710064712,0.00027047459688563807,1.0422117301524247,0.0044333380199758346,0.0,263.67386348817763,-0.0006583514544418304,0.004487539331061423
1964-04-14,-0.01209480361749897,0.00026952462681269245,1.053801743099694,0.0007663642366727195,0.0,267.4190080718132,-0.0003462769985619912,0.000775248334227723
1964-04-15,-0.019907458101288748,0.000268607910743541,1.0316591999176086,6.983088234723625e-05,0.0,272.9088667925244,-0.000786600202995505,0.00021330321912711625
1964-04-16,-0.02223217967203108,0.0002678072048445879,0.996943874323211,0.00028742277352823383,0.0,273.95192300757,-0.0015128158706392949,0.002418024644339826
1964-04-17,-0.008310438591544912,0.00026670982271938005,0.9890688448975989,0.00213494457009822,0.0,265.2760629564131,-0.0010293690266750628,0.0022273564068261377
1964-04-18,-0.006850994870824329,0.00026580135701066357,0.9830080883651131,0.0012960520883401236,0.0,266.74425217077106,-0.00028823150879582444,0.0013006205948610358
1964-04-19,-0.008821496855741167,0.0002648894396205407,0.9871943414548023,0.002198301487218189,0.0,269.2355906887019,-0.0003335401205356512,0.0023664624163320493
1964-04-20,-0.006090769828376124,0.000263971123991713,0.9870708918167374,0.003994379676667984,0.0,270.20939372578135,-0.00028297048335695,0.00441255146402146
1964-04-21,-0.008196335854166646,0.0002630541553605074,1.0027020987817798,0.004508145342944032,0.0,269.3865472215268,-0.0004520727016326399,0.004612046294961686
1964-04-22,-0.013911837911875235,0.0002621390388510322,1.0202753961423023,0.0012192544080106553,0.0,269.58299043802674,-0.0005547134047847684,0.0012276502255429216
1964-04-23,-0.022058212361430046,0.00026122392234155685,1.0009942638447504,0.0,0.0,273.2764296199418,-0.001166024282153717,9.052362773701201e-06
1964-04-24,-0.020310815108024467,0.00026123048895496434,0.9725730306909134,0.0007631387666793868,0.0,274.09847463546726,-0.0013162268609818767,0.002428312547140015
1964-04-25,-0.004725283190692212,0.00026162869512698074,1.0527433406161726,0.029746700351857877,0.0,271.9604970784735,-0.000494087846307768,0.03167432942296153
1964-04-26,-0.007651678754784968,0.0002585504267175319,1.2715540309410311,0.024849362334625872,0.0,269.7793102012965,-0.0007577614627231312,0.02505692695651895
1964-04-27,-0.013649880717703178,0.00025762945918713585,1.3147439328066148,0.0008688798689909575,0.0,267.18413981565203,-0.000917248980347383,0.0008909148600474321
1964-04-28,-0.012933712431603236,0.00025676729652167714,1.2849594662193975,0.000331444960445334,0.0,269.31483714863407,-0.00042023948567398534,0.0003391000678074291
1964-04-29,-0.017096341750716088,0.0002558769310935069,1.2531260115054144,1.862645149230957e-09,0.0,272.0861655736374,-0.00048122458202017233,0.0
1964-04-30,-0.02052583579121337,0.0002551307785982466,1.2085324159898776,0.0,8.344355612824867e-06,274.80430367392563,-0.0006756781584630579,0.00014738645840216226
1964-05-01,-0.013829581313214061,0.0003044798886035122,1.158634853901836,0.0007629904285662593,0.002137653234988283,274.17478158379686,-0.0005555270492272862,0.003766795369819383
1964-05-02,-0.007889420130832046,0.0003204103243553033,1.126612201697858,0.005026772092122817,0.0019635049426286236,273.51691487055496,-0.0005070821850397493,0.009189616787474578
1964-05-03,-0.006392643234487307,0.0002599388866101281,1.2334239550229522,0.0214294856466816,1.2107614406758112e-06,268.5136616162662,-0.0011724319287949362,0.022222190416782417
1964-05-04,-0.015004660534319906,0.0002515576148437242,1.2801536660634418,0.0007417154219527704,0.0,268.74283368169927,-0.0008623717394841594,0.0007471233838944341
1964-05-05,-0.00950956786588087,0.0002507683584245585,1.2714558689383242,0.007472272625582367,0.0,269.88857462536373,-0.0004501567711516963,0.008249784832799567
1964-05-06,-0.008773684964678383,0.0002499508992426813,1.3517707781603108,0.010640663931430396,0.0,270.662704719213,-0.00048418915014987614,0.011538930144641683
1964-05-07,-0.009072001328912832,0.0002490671846152699,1.367525434763418,0.005809158739228708,0.0,270.69558676667583,-0.0004342493869490543,0.006326608822844123
1964-05-08,-0.007915061914314658,0.00024827447651469775,1.3749347119232582,0.006196340072458073,0.0,269.75848128970733,-0.0004743712580641785,0.0068556020993516134
1964-05-09,-0.013118112449255367,0.00024744876697238555,1.399858205331921,0.004668882506041877,0.0,271.63130667519437,-0.0006172518998300289,0.004923299712649847
1964-05-10,-0.0128765708561671,0.00024675396876146563,1.3693610872028015,0.0018444704260193025,0.0,272.768258445007,-0.0005732153694929377,0.0036870628762703697
1964-05-11,-0.008719734889639301,0.0002458535008511301,1.3991434848016715,0.014915828177400227,0.0,270.8225062490633,-0.0008200629545891354,0.015409247349941394
1964-05-12,-0.018648920422893463,0.0002450277913088179,1.4275047172934323,6.58622064159415e-05,0.0,271.1721512781923,-0.0007222328903311391,7.443297915118573e-05
1964-05-13,-0.021235006677228854,0.0002678774170956369,1.3850458579772835,0.0,0.001486661891310902,276.0654722418489,-0.0007085837423801422,9.56001591092987e-05
1964-05-14,-0.02040201732836201,0.00038883241556458554,1.3211102099517422,0.0,0.008307152885501668,277.21533699538526,-0.0006736539051694386,0.000703332653051096
1964-05-15,-0.020648486280845386,0.00045263826173577617,1.2586743485905134,0.0,0.007020049533769911,277.03666183414214,-0.0008637944110116717,8.142095444296595e-06
1964-05-16,-0.024331540542807287,0.0014160824360820534,1.2021341844691622,0.0,0.01294667764151164,278.7293994637757,-0.0006404428684947181,9.142476869141126e-06
1964-05-17,-0.025037971593565866,0.0014248543371588496,1.1314513355549671,0.0,0.015442899622991262,280.11781811399874,-0.0007686892387557166,9.389078549746066e-06
1964-05-18,-0.021195270247378592,0.0015119741865470587,1.0637593242408192,0.0,0.014672803529406673,278.01694537376505,-0.0004567911922089798,0.0009948996180525818
1964-05-19,-0.02423469953786182,0.002479613584987188,1.0033791177465867,0.0,0.01557663916531256,279.3311621994622,-0.000675103358798108,1.2904404798064206e-06
1964-05-20,-0.027321757864480635,0.003145289118007078,0.9334505300288373,0.0,0.019541426503894017,281.8454747747791,-0.0008383577552724021,4.261732087229575e-07
1964-05-21,-0.03048607336599275,0.0029534481171160773,0.8638040143891244,0.0,0.01617722303769683,281.714430821593,-0.0010667338146496627,1.9393819200117035e-05
1964-05-22,-0.02207043093476592,0.0015478880055206645,0.8080873076300613,0.0,0.010819234164421168,278.54174302167587,-0.0009450588143814756,0.0008039493173258716
1964-05-23,-0.021228443978533233,0.0005930019805660356,0.7717629987641242,4.8488315384266745e-05,0.0017778922482735696,275.95259279585156,-0.0013827227034979622,0.0009535611283210353
1964-05-24,-0.027994648253513596,0.0006165402588871239,0.7542430353254473,0.0,0.0038194461688820253,276.8537938177249,-0.0015452211028185944,0.0
1964-05-25,-0.02609131956672938,0.0028904957623131534,0.7088386262653014,0.0,0.014626845128118657,279.6736972147911,-0.0010369335653754952,0.0014086692534945899
1964-05-26,-0.010939228290555167,0.0014266629340284965,0.6674581696533664,3.8933745548550015e-05,0.008298193393959164,275.61135585878304,-0.000337061835295063,0.0013306289817500982
1964-05-27,-0.012272192807184102,0.004900163344744236,0.6330405484934087,0.0,0.015508615659118371,277.17664330692617,7.971506144872494e-05,0.0025774545252554835
1964-05-28,-0.009954843691176614,0.010503241908078815,0.582833097928437,5.286233236560714e-05,0.0174753633511942,277.2132090875659,0.00023040342760288112,0.009932883420907278
1964-05-29,-0.006647453006714751,0.0032781515754548842,0.5514899934528014,0.0015843460746740891,0.005284918103851168,274.13561383479066,-0.00018537855880745388,0.008713912593437869
1964-05-30,-0.007435251216767198,0.0011244662063943465,0.5593142177201036,0.00571408707880031,0.0016544043891510722,273.0531310280838,-0.0006079527175864258,0.008416322176734348
1964-05-31,-0.008735424423285124,0.0012417936560797827,0.5860581909869351,0.005965283940319962,0.001871662561671209,273.0734677395578,-0.0005420054608987551,0.008236685513034863
1964-06-01,-0.011605149734828435,0.001435453187947893,0.6042581619291431,0.001452558679179957,0.0018430385885939086,272.58122418290475,-0.0006667637229386697,0.004361600761325589
1964-06-02,-0.01840914444903196,0.0019779662459583603,0.5943895472869587,9.60607986665715e-05,0.005129523891008507,274.5624474491328,-0.0006883221199620243,0.0005527614198704625
1964-06-03,-0.009399389732355453,0.004983554452152576,0.563257939397952,4.451195735715877e-07,0.008745380461552722,276.60249076814523,-5.423404949869813e-05,0.008271717738879577
1964-06-04,-0.018938031237004167,0.003123297866454906,0.5290318146039313,0.0,0.011074230748381318,276.23816866973476,-0.00041595207643037465,0.0018911588326671635
1964-06-05,-0.0138216548215198,0.004691817413615643,0.48916976555143593,0.0,0.01135203086555341,278.2878288369619,-0.0002944633722473673,0.001512775334203196
1964-06-06,-0.017734153796050513,0.0049339494125991215,0.45199326337394075,0.0,0.013279796867384078,277.93065369241435,-0.0003339873658398451,0.0007693982897942751
1964-06-07,-0.013524796834773265,0.01547314041415177,0.41100338578448686,0.0,0.017493279261440883,278.8785939548873,-0.0003830927061074871,0.012742151698812335
1964-06-08,-0.006236899496808565,0.010330770732992788,0.3672723285222458,0.0,0.010786757209880206,277.13842673939274,-0.00043799442970483317,0.009661776886622838
1964-06-09,-0.0069866824874096674,0.01571138228400279,0.40118741540136543,0.013645412053092052,0.005258499207974827,274.83959619338907,-0.0004950869028682763,0.029013628811417815
1964-06-10,-0.015510975683139541,0.010720157690640898,0.42163269847575335,0.001826459194644023,0.00942967369058038,276.6647177730352,-0.0008361325993881388,0.00394828832013137
1964-06-11,-0.014568717971359944,0.010584408280539647,0.3894574009092515,0.00020472137099605497,0.005551760248040076,276.26464104517703,-0.0009656274575466489,0.00645408453568561
1964-06-12,-0.01810195760033225,0.008555630000971133,0.37019075153013187,0.0,0.005288692854218564,276.64968510715755,-0.0011566534880443483,0.0015760160434936266
1964-06-13,-0.017157615157170486,0.00947822680917837,0.34631922375235413,0.0,0.006941584628180597,277.59740314375887,-0.0010071089386013944,0.003998216150061277
1964-06-14,-0.009764702264535225,0.013581297997027468,0.3198159427966102,0.0,0.010167472674853385,278.0248440708369,-0.0011631682315199389,0.01013309150754476
1964-06-15,-0.016065933610086392,0.009816483252466063,0.29139470964277314,0.0,0.008277220220047203,279.7557620032359,-0.0011484612431903345,0.002973947685981815
1964-06-16,-0.0209527859243296,0.012496773469246042,0.2648408534163136,0.0,0.010482602936904985,282.54829994747644,-0.001354181218239884,0.003305722178634441
1964-06-17,-0.015552417664541365,0.016182737330258903,0.23746078117643604,0.0,0.008340855165895096,280.6158426072863,-0.0013447333821805859,0.01179054682537661
1964-06-18,-0.011643381652522222,0.019345023369385025,0.2297915011475989,0.003969879726232108,0.004728457138026503,277.0399684474967,-0.00194542052087474,0.021544027996375177
1964-06-19,-0.015952234424776952,0.01109438494773908,0.23708514484757534,0.003054981630316562,0.0023946508470564917,275.99868269738954,-0.0015347304117292334,0.005712758450892444
1964-06-20,-0.019602206298860454,0.0097923233347424,0.2397249440913371,9.198099543145821e-07,0.00048236717275307,275.1176099400063,-0.0017710988499266278,0.0012029370008839154
1964-06-21,-0.01973453740784004,0.008859061925424695,0.23000368739701038,0.0,0.0013866876436155397,276.4192424709514,-0.001470621096464874,0.0017875693948928922
1964-06-22,-0.008074859778086346,0.00941344885166082,0.2271512421286488,0.0032628149130923606,0.005518367271975609,276.57865463228103,-0.0015957171181585157,0.016935592738248535
1964-06-23,-0.021743486745882844,0.00855391518881092,0.21647342315501414,0.0,0.006944190963345059,279.09375688585186,-0.0014112396797133708,0.0010351335856290144
1964-06-24,-0.03086447703131175,0.008675749271602954,0.19152809042490587,0.0,0.008189085576325488,283.1904288685255,-0.0016958118695239567,4.8613194282660194e-05
1964-06-25,-0.03188303420267536,0.009095206014854086,0.16580527785134183,0.0,0.00862617900142562,285.1266877628765,-0.0017652279607909551,1.3476913028366371e-06
1964-06-26,-0.033003277908274016,0.009481071920718178,0.1400661432585923,0.0,0.009684388920412226,286.0632223678848,-0.0018072106196718703,9.985499865395643e-06
1964-06-27,-0.036538679173773965,0.01152306887726326,0.11292722310499059,0.0,0.010344304838928127,286.7489434797212,-0.002115529667228292,0.0014745743260764
1964-06-28,-0.02904536297260705,0.012727238111576791,0.0846974863170904,0.0,0.010285153332571526,285.337606286374,-0.0016457086302718875,0.00037528883910684113
1964-06-29,-0.022361881946776546,0.01508899529774984,0.061542518170315454,0.0,0.00880415461915361,284.065093825317,-0.0017848791986030375,0.003536917833283722
1964-06-30,-0.02521419571449528,0.010750004632324823,0.03943468801494821,0.0,0.007537896939590153,284.5402773733193,-0.0020653085183289094,0.00043686384239662035
1964-07-01,-0.027831088604226627,0.009587753964009259,0.0238949763123823,0.0,0.004639904988182467,284.57578603022523,-0.002426393067011726,0.0009903079372495503
1964-07-02,-0.033593122568507654,0.008451070489182986,0.013380607418196803,0.0,0.003385481377274304,286.2307299490029,-0.002684811098595797,0.00022646882454657865
1964-07-03,-0.0334702792477473,0.007436593373616538,0.006555934410310735,0.0,0.0017555663730465087,286.8798819647895,-0.002663703708998901,0.0001286739432776494
1964-07-04,-0.03730707796616743,0.006754247818963002,0.003108999823446328,0.0,0.0010344089340355437,287.90084646695533,-0.002812783196989426,0.00015132004988679213
1964-07-05,-0.04097799430627608,0.006153195422921478,0.001419326006355932,0.0,0.0004249499468816877,287.9901918026912,-0.003021622729082566,5.625398819055935e-07
1964-07-06,-0.036579032107598365,0.005642463679367539,0.0008786303848870057,0.0,0.00016121160091653382,284.8559725055587,-0.0027390799069471955,4.2915343101412873e-07
1964-07-07,-0.03434482835612055,0.005207953900940675,0.00042805070032956693,0.0,0.00010110543104214859,285.883212432574,-0.002715516719693518,4.1578280723701094e-05
1964-07-08,-0.0318467316065131,0.00483667429557628,-7.3453647229951e-24,0.0,4.906640887933936e-05,286.8317694008463,-0.0026231035748023102,0.0001116452971579958
1964-07-09,-0.03357526209563186,0.004511119871489746,-7.3453647229951e-24,0.0,2.0849944676383068e-05,288.236368919272,-0.002574208708174822,5.3707823713782505e-05
1964-07-10,-0.024844468986920724,0.004295749011012795,-7.3453647229951e-24,0.0,8.128625524919586e-06,286.90130739876554,-0.0032002094785793357,0.0069274316943968624
1964-07-11,-0.02384690582583853,0.004026656012750615,-7.3453647229951e-24,0.0,2.6222044801981437e-06,285.41315810424464,-0.002632094020981573,0.0037476926367940207
1964-07-12,-0.027901961978545973,0.00377028481771717,-7.3453647229951e-24,0.0,1.0557093862759865e-06,285.8866989796669,-0.0025609113686418127,0.0002705613098575571
1964-07-13,-0.03070879020428254,0.003635117647338048,-7.3453647229951e-24,0.0,4.0719317177594724e-07,288.0395376668812,-0.002776133464807171,0.005124615747319508
1964-07-14,-0.029694816150234248,0.0034117512615387054,-7.3453647229951e-24,0.0,1.443813076127047e-07,287.12792807828686,-0.002988355371069774,0.0017891146527790752
1964-07-15,-0.036451725762779434,0.0032328703140808365,-7.3453647229951e-24,0.0,5.362734282757603e-08,288.5506304652902,-0.002951733936361001,8.587387658781925e-05
1964-07-16,-0.03680102586072718,0.0030835168173084155,-7.3453647229951e-24,0.0,1.4438130761270471e-08,288.6016449470305,-0.0028231302013168227,1.935206478811126e-05
1964-07-17,-0.03510314032519605,0.002948127981633117,-7.3453647229951e-24,0.0,6.187770326258773e-09,289.2231650451258,-0.0027313176647754712,0.00018304978724574642
1964-07-18,-0.036707836355866684,0.0028223255596591928,-7.3453647229951e-24,0.0,2.062590108752924e-09,290.11383874178387,-0.0026980232878845967,0.0002480393412422999
1964-07-19,-0.039109136972386965,0.002708212551424059,-7.3453647229951e-24,0.0,0.0,289.675258456875,-0.002745952136225283,0.0006398372562591639
1964-07-20,-0.03653901731227077,0.0025943443600067316,-7.3453647229951e-24,0.0,0.0,288.8910506692086,-0.002512066156766509,6.228041666329357e-05
1964-07-21,-0.04046922522244481,0.002490566864525531,-7.3453647229951e-24,0.0,0.0,291.03004917137594,-0.0024687650029437016,1.3668995119084074e-05
1964-07-22,-0.04466912663925839,0.002396173985664454,-7.3453647229951e-24,0.0,0.0,291.2698198954265,-0.0026695381239645903,0.0003694816666020646
1964-07-23,-0.03910416836118968,0.0023118992478160538,-7.3453647229951e-24,0.0,0.0,290.35855880564895,-0.0025689446519912974,0.0015053250070630481
1964-07-24,-0.029734381300918128,0.002230946542853016,-7.3453647229951e-24,0.0,0.0,285.63151046695464,-0.002548082800066404,0.0018440630324963133
1964-07-25,-0.033050250704005614,0.0021392958985883637,-7.3453647229951e-24,0.0,0.0,286.1183601709858,-0.002175200078110237,4.148187742904326e-05
1964-07-26,-0.03903969941334536,0.0020636053240231877,-7.3453647229951e-24,0.0,0.0,289.1525551172749,-0.002186006035045379,4.9265427777996176e-05
1964-07-27,-0.04002143568911795,0.001992104922310781,-7.3453647229951e-24,0.0,0.0,289.1315554423072,-0.002154907758879123,9.100988410150141e-07
1964-07-28,-0.03887768085561904,0.0019255834447462008,-7.3453647229951e-24,0.0,0.0,288.027552796847,-0.002098567315540408,0.00011358432850097869
1964-07-29,-0.03525887598088906,0.0018685824621868673,-7.3453647229951e-24,0.0,0.0,289.27336809549854,-0.0020814700694070697,0.0010292610065834593
1964-07-30,-0.03795677840204563,0.0018028815587361657,-7.3453647229951e-24,0.0,0.0,289.5657091948946,-0.0020610971407870114,0.00011244507730310235
1964-07-31,-0.043829818229890814,0.0017473623577484304,-7.3453647229951e-24,0.0,0.0,290.7914739490229,-0.0021834193997211375,0.0003817227937407413
1964-08-01,-0.03932529772068821,0.0016996355380042127,-7.3453647229951e-24,0.0,0.0,289.99294530649416,-0.002217351711528786,0.0016154974530631476
1964-08-02,-0.041579728072645976,0.001640029798793254,-7.3453647229951e-24,0.0,0.0,288.1979661966672,-0.0020356344974647137,1.2818554182558728e-06
1964-08-03,-0.040199459020027334,0.0015908564719776652,-7.3453647229951e-24,0.0,0.0,288.87884586140257,-0.0018272289511679259,5.63977798456519e-06
1964-08-04,-0.04246030002832413,0.0015440496516093026,-7.3453647229951e-24,0.0,0.0,289.78549079032945,-0.0018380879093024692,1.3384556612919434e-06
1964-08-05,-0.03421591479057646,0.001517552693011397,-7.3453647229951e-24,0.0,0.0,289.8314277304095,-0.0018973512901256314,0.0025819683142301055
1964-08-06,-0.032303390614056994,0.0014600520585216373,-7.3453647229951e-24,0.0,0.0,286.9442461376586,-0.001791492188717686,0.00034938712241143835
1964-08-07,-0.03710562769470915,0.0014183050663457756,-7.3453647229951e-24,0.0,0.0,287.03591328780755,-0.0016894445117920805,4.351138045421976e-07
1964-08-08,-0.03653718173335502,0.0014118651549021406,-7.3453647229951e-24,0.0,0.0,289.0478588255112,-0.0024152563327113114,0.004569266677473952
1964-08-09,-0.03523419119712323,0.001352956907897346,-7.3453647229951e-24,0.0,0.0,287.9124796844023,-0.0021505086014499773,0.0013503515079246631
1964-08-10,-0.03339138719658394,0.0013112451902217112,-7.3453647229951e-24,0.0,0.0,286.6307816622172,-0.001698373211810818,0.0003539574181764683
1964-08-11,-0.029243969984647244,0.0012767112861245366,-7.3453647229951e-24,0.0,0.0,282.2226494970519,-0.0014209692487440542,8.523463748133508e-07
1964-08-12,-0.03171873319957216,0.001245694224443813,-7.3453647229951e-24,0.0,0.0,284.6646527112541,-0.0015048486901457702,0.00010570566496843676
1964-08-13,-0.027458548124900648,0.0012543533986571146,-7.3453647229951e-24,0.0,0.0,284.249602923061,-0.0026612077171435464,0.0056236127843964576
1964-08-14,-0.03221765560450527,0.0011865667535760308,-7.3453647229951e-24,0.0,0.0,284.693683987059,-0.0015992461309089503,8.557933861797119e-05
1964-08-15,-0.030485804976716557,0.0011613363936796028,-7.3453647229951e-24,0.0,0.0,284.65763718125515,-0.0016950821177770864,0.0006011212949812615
1964-08-16,-0.03080949646099813,0.0011388560978032776,-7.3453647229951e-24,0.0,0.0,285.3498392697782,-0.0017839155638706213,0.0011992663313440011
1964-08-17,-0.03485831626727756,0.0011078533479722881,-7.3453647229951e-24,0.0,0.0,286.28883212030274,-0.0017317834620674453,0.00038070971672688484
1964-08-18,-0.037263594862431464,0.0010809497644672288,-7.3453647229951e-24,0.0,0.0,288.1657743938899,-0.0017862007769066735,5.327091931103702e-06
1964-08-19,-0.037960801968130016,0.0010673663036971444,-7.3453647229951e-24,0.0,0.0,286.78970970900946,-0.0020633728774843247,0.0022587550730305307
1964-08-20,-0.013748416203563495,0.0010470409514540333,0.013675553201506593,0.007217128924225684,0.0002532925056872395,274.65349415062514,-0.0013160798172492767,0.009500789120367432
1964-08-21,-0.01785276964896143,0.001070113168597895,0.06869937875176553,0.007625778916023547,0.0033423236786982433,275.13588014160854,-0.0021390353703061066,0.011916811014972837
1964-08-22,-0.020343483252040412,0.0010354136679805604,0.06043583929201978,0.0,0.004318930598049515,277.3302244628217,-0.001460156566594954,0.00011256145218174
1964-08-23,-0.019355411878076653,0.001029618042337019,0.03308542255178908,0.0,0.003330715011152844,280.0131531336438,-0.0016779912646207433,0.003279658003680326
1964-08-24,-0.008568719239894954,0.001054425276605423,0.01562614943797081,0.00018992030856299538,0.0015263693712357074,278.37628099833057,-0.0021920542385281817,0.009200441467056977
1964-08-25,-0.025021350526877043,0.0009486611280064125,0.010297584892890772,0.0,0.0009282707199875246,280.11305045003945,-0.0017530654720162272,5.598614627217236e-07
1964-08-26,-0.03301762414854125,0.0009243464739309193,0.004667407824270244,0.0,0.00039956953355484767,284.4128932916961,-0.002015899161750314,6.217187068303421e-05
1964-08-27,-0.01480249037682,0.0009453434728633213,0.01328750294256121,0.003457272520004693,0.0007796184722818224,276.92098952327524,-0.0025577155904749696,0.008301384326601902
1964-08-28,-0.02292450269063314,0.0008962096299155284,0.018672619835805086,0.0,0.0008810500345997892,278.6400381077481,-0.0015061211188213302,2.8154266529052387e-05
1964-08-29,-0.012563842880187063,0.0009039418172028106,0.04327702926377119,0.012415923115055441,0.0013834676352766275,275.1329393117441,-0.0014437080155742371,0.0152682324656256
1964-08-30,-0.019721925342823826,0.0008970763386979616,0.07832040445503767,0.0,0.0035399873504194167,275.6375279327795,-0.0018145221964282509,1.2934207802572928e-06
1964-08-31,-0.02777213329649241,0.0008993825670016015,0.049938941854990586,0.0,0.004496147782452363,281.409646434748,-0.0021234144703984937,0.0005202304844225326
1964-09-01,-0.032761623925071655,0.0008544415067144707,0.020162751221162904,0.0,0.002181958659725674,284.1519777150702,-0.002192651726684328,0.00013141615238060377
1964-09-02,-0.027205942124970222,0.000828001290391394,0.009309068237994352,1.4516004061294814e-07,0.0004097097211301664,280.12081953720406,-0.002046237015665251,0.0015754033759707853
1964-09-03,-0.023336927432798398,0.0008015130872780321,0.007279620556732581,0.0,0.00021249835647768896,276.73600284483024,-0.001513868717655624,1.0061819617761612e-05
1964-09-04,-0.02360123686366162,0.0007897615432739259,0.005685350091219398,0.0,0.0002999387281594304,277.25412872371925,-0.0015005097266728596,0.0
1964-09-05,-0.025647053947556498,0.000777206262626217,0.003969009313206215,0.0,0.00025074758519560606,280.9393715184961,-0.001727609868861188,7.738688234413412e-05
1964-09-06,-0.02364454532073716,0.0007638555798826918,0.0019227798375706215,0.0,0.00016147710677594116,281.74775916349193,-0.0015965615751716376,6.886426001476702e-05
1964-09-07,-0.022676718352878166,0.0007526635450158416,0.0007666751265301319,0.0,0.00010155835899256043,282.1013439379619,-0.0015937072082848874,0.0002533335469641927
1964-09-08,-0.03514184840654923,0.0007387476283951668,0.000382992731873823,0.0,3.0021441016493547e-05,284.23191771713806,-0.0020214305127744625,1.7136334804490616e-06
1964-09-09,-0.032885864334928114,0.0007322264761574525,-7.3453647229951e-24,0.0,1.1583106160837378e-05,283.2190899462799,-0.0018405936037500703,0.0008309827998911874
1964-09-10,-0.009458860224586424,0.0007337884882749137,-7.3453647229951e-24,1.8388453849964894e-05,1.1175828801710055e-05,277.3482693207017,-0.0015656920044688186,0.00274881777769843
1964-09-11,-0.01745061866812787,0.0007090610636156158,0.0018972623146186443,0.00030052251482413987,0.00011559447410416469,276.79926568729957,-0.0012586546146263512,0.00042671375951669824
1964-09-12,-0.022091223737277555,0.0006979589408400369,0.001404613200329567,0.0,8.311262617340196e-05,278.3806477526936,-0.0013361930910308483,1.2874602361989673e-06
1964-09-13,-0.02468113453879868,0.0006902565558751425,0.0008312735404896422,0.0,5.077795877968525e-05,281.33479634516664,-0.0014962807960681996,0.00041960265674580285
1964-09-14,-0.02492372148622901,0.0006785854949789532,0.000382992731873823,0.0,2.8765776147276667e-05,280.72188862658714,-0.0014560772526988203,0.00011905997476205968
1964-09-15,-0.017613217908110324,0.0006755662839964958,-7.3453647229951e-24,0.0,1.381599675800841e-05,280.9532620561101,-0.001112947172069617,0.001067873313499763
1964-09-16,-0.020304066565750685,0.0006621352023324051,-7.3453647229951e-24,0.0,8.592003230321206e-06,280.27288143423766,-0.001587124220437586,0.0004053214512252639
1964-09-17,-0.029468401719284602,0.0006503195917539004,-7.3453647229951e-24,0.0,3.334113770285569e-06,283.39687889803156,-0.001564788311130583,1.7106532368416083e-06
1964-09-18,-0.014625453763762437,0.0006743021267282088,2.2528984227871938e-05,7.802950965482637e-05,2.082984494624165e-06,280.00529864323795,-0.001952793633323268,0.0046457940575716965
1964-09-19,-0.013089744931897202,0.0006521428372226866,0.027458923684675146,0.005283194809815305,0.0005004909520937225,274.6016428852261,-0.0017868126453147773,0.007305779807573302
1964-09-20,-0.019761533892087346,0.0006365653990352221,0.02892537664783428,0.0,0.00101630332863937,276.22926044284515,-0.0012741078764705335,8.583068833445395e-07
1964-09-21,-0.01103393952388548,0.0006553371578960096,0.023185083421610173,0.0005016927160112198,0.000964510217729935,275.9748493201764,-0.0011492606599704696,0.0038777737967712056
1964-09-22,-0.01184952305366764,0.0006396537278331606,0.01933469610699153,0.00028340655279024846,0.0004732925234373007,275.0405359824948,-0.0018953129038803997,0.0035476714877759
1964-09-23,-0.015450450197114784,0.0006135275303307226,0.018600894906426555,0.0004733511704509542,0.0002563183885172936,274.7996993091821,-0.0013791170855194839,0.0016613804687887937
1964-09-24,-0.0171048229107749,0.0006083205426480137,0.016752368761770244,0.0,0.0010571780661910268,277.3850967241995,-0.001151238426061,0.0
1964-09-25,-0.020876659217190608,0.0006058278393610723,0.009507691119350284,0.0,0.0006177437802155813,281.0976628413084,-0.0013757599307234677,0.0012138154546070096
1964-09-26,-0.013181003473572813,0.0005956900826955246,0.01612937338159134,0.002382093524865512,2.7253750269695866e-05,270.9717974653801,-0.0012816851432461524,0.003997746631855831
1964-09-27,-0.016959986991464754,0.0005836413573410552,0.02014390043844162,6.617336286663337e-07,0.0007197565825308785,274.52386985390876,-0.0009459354257011145,1.3875374601958349e-06
1964-09-28,-0.020716125934810963,0.0005750886801272463,0.014640391434204333,0.0,0.0005616221345413877,278.0334062199135,-0.001100468149377128,4.261732051702438e-07
1964-09-29,-0.020275269482432114,0.0005677109215892641,0.010356895892184559,0.0,0.0004909414124522506,278.109760754975,-0.0011882660542167514,2.1737123461207375e-06
1964-09-30,-0.02228620682059035,0.0005586512681454588,0.007238930452565914,0.0,0.00027397763257646295,279.72332582635397,-0.0011537488139534403,3.31953592225453e-06
1964-10-01,-0.030471711340597125,0.0005658145173121307,0.01717559182262241,0.008084334580406631,7.774803976891405e-05,277.7884052226324,-0.0016053385485363546,0.01031557667153552
1964-10-02,-0.01916948933217485,0.0005589265607844639,0.05380082354931733,0.00019174666896378258,0.0013374335600831414,273.23326848994543,-0.0013661835142700686,0.00026400095010997623
1964-10-03,-0.01953072210321319,0.0005391632432991503,0.04472968897128061,0.00042802343765894574,0.00013518389209178882,276.42526118319813,-0.0012771671553705372,0.00047049020198663413
1964-10-04,-0.016257657716840002,0.0005372187680443802,0.04237908832097458,0.0,0.0004511300769061019,271.9495702660915,-0.0007675991388364027,0.0
1964-10-05,-0.014787179559974349,0.0005333288072866235,0.0376725996056968,0.0,0.0005943562498705535,273.45778058657316,-0.0007109914164421922,1.2925617625114683e-06
1964-10-06,-0.016867376443019697,0.0005361836003718404,0.03155368151188795,0.0,0.001298398442440114,276.1766440576528,-0.0009399228282062348,0.0
1964-10-07,-0.017709295039123062,0.0005257181023473794,0.02284209113112053,0.0,0.0008659162006135714,278.1326584358,-0.0009883102450498754,4.351138045421976e-07
1964-10-08,-0.016346446580469274,0.0005205017698686676,0.01681030043549906,0.0,0.0008647696635985778,277.68852400914426,-0.0009667071498046487,3.004073732881807e-06
1964-10-09,-0.01765596761373477,0.0005115427203097586,0.010847476018126178,0.0,0.0005484058989980127,279.18093082550104,-0.0008221134059341615,0.0
1964-10-10,-0.017019952631602855,0.0005063891074078232,0.00778905146539548,2.5196937517931235e-05,0.00015739626172235459,276.805893465175,-0.0008448784760499406,0.0007532877958898601
1964-10-11,-0.01292260096403165,0.0005016667021196441,0.012053696224693974,0.0009431042366445402,0.0002725562238592213,273.85389682532707,-0.0011523359028969783,0.001510735088602447
1964-10-12,-0.013901437406486037,0.0004973737365108426,0.01078425692973164,0.0,0.0006003195451477828,277.75709456463545,-0.0008017050502243016,1.724490118704125e-06
1964-10-13,-0.018507202213766883,0.0004907106443987055,0.006909041754943504,0.0,0.0004388895306715184,279.4380684976524,-0.000960974327925235,1.284721747651929e-06
1964-10-14,-0.019662286181234372,0.0004835107737341843,0.004154298714100754,0.0,0.00023202420249160402,281.46249739149425,-0.0010625212321762987,0.0
1964-10-15,-0.022871802713574668,0.00047722391489535406,0.00263267272834275,0.0,9.939517552233013e-05,280.0322841241984,-0.001079819922856355,4.351138045421976e-07
1964-10-16,-0.013006232636796553,0.000510067463257892,0.004312691266478343,0.0009262558851538406,0.00011775687884139477,276.6060700892504,-0.0015499704533209237,0.005373630963134641
1964-10-17,-0.012279694068566554,0.0004698190059365526,0.017477894008945387,0.0018367942443675244,2.8894403896762828e-05,270.0600875272589,-0.0007335759415212325,0.0022146408647888737
1964-10-18,-0.011317647109597418,0.00046369235562739405,0.0337355446680791,0.002549905393083217,3.912491397669087e-05,267.27289176121946,-0.0003692883482508068,0.002555675156281466
1964-10-19,-0.011960805093837996,0.00046389006962210453,0.033345195533192096,2.062590108752924e-09,0.00039633794945512116,272.1813345224844,-0.00026960053223337835,4.351138045421976e-07
1964-10-20,-0.015169559983210375,0.0004633995099256268,0.02844192303731168,0.0,0.00068317523152478,276.1399132823765,-0.00048020398402113027,1.7094989743782207e-06
1964-10-21,-0.014556982801795681,0.00045949490056873044,0.022755423508121472,0.0,0.0006829154714521042,276.3895180445382,-0.0006679601935764491,8.682246175339969e-07
1964-10-22,-0.008505275399334686,0.0004482473862373223,0.04934330309851695,0.006766091674397895,0.0,270.81355397714736,-0.0004959374687260827,0.006919135904233261
1964-10-23,-0.010680412631587121,0.0004602695925761078,0.05974548684675142,1.6769057529120795e-05,0.0014005051767927105,271.7093800402855,-0.00035033569181874645,1.7876738323364943e-05
1964-10-24,-0.013278500213798155,0.0004541612109221982,0.0487327216484228,0.0,0.0011705855107576836,273.9141944339271,-0.0004900590237756233,4.202127179553372e-07
1964-10-25,-0.01449784106117184,0.00044760032225463355,0.040223202462923734,0.0,0.0009107484277022088,273.1510662394953,-0.0004814038958168973,4.261732051702438e-07
1964-10-26,-0.01284909071558613,0.00043958004585093705,0.03378382106285311,0.0,0.0005334786397252379,273.54296905891147,-0.00047227574017761796,1.284479992591514e-06
1964-10-27,-0.012340359726531358,0.000432817781038877,0.02912330986640772,0.0,0.00026345932803585034,273.25042233224644,-0.0004090390952125107,1.2814997489840607e-06
1964-10-28,-0.012031166314405236,0.00043225667234194487,0.0271419086923258,0.00010063920149021905,0.0003619330835207708,274.0530525430224,-0.000635183079557567,0.00044375203093471557
1964-10-29,-0.01178427587794719,0.00043329343957416083,0.023051058954213752,0.0,0.0008591464957443336,276.4032738213261,-0.0005503323844681352,-2.7075657271780074e-09
1964-10-30,-0.007952911663526869,0.00043897684347831605,0.01772341395951036,0.0004850391740516081,0.0004751966308570851,276.2959759239872,-0.0007667044114510893,0.0023004488419678254
1964-10-31,-0.005274485691455799,0.0004463159600220158,0.04706143883886535,0.005401146066727612,0.0011632509929480528,274.24721881629387,-0.0008480519024749934,0.0072589468651782325
1964-11-01,-0.00943713786743455,0.00042733735283889343,0.04541797242820151,0.0,0.0011324835783344206,274.60355004707526,-0.0005831291825421112,4.351138045421976e-07
1964-11-02,-0.010260857767977957,0.00041595665411760577,0.03729788282721281,0.00029679461471778526,0.00042150412701954284,273.3386118901428,-0.0005836238253251308,0.00044004050010508733
1964-11-03,-0.008070219118716353,0.0004089676727682858,0.05503853835628532,0.0034115103383859,0.00013206210934509665,269.5212065773944,-0.0004192293111213857,0.0034922774227649344
1964-11-04,-0.010800633558445733,0.0004174823814866233,0.05471738538724106,0.0,0.0010506663534600856,272.0463700950034,-0.00030886548134566707,0.0
1964-11-05,-0.012566591555115867,0.0004160017785379442,0.04617361295021187,0.0,0.001154888768569898,275.24674961212213,-0.0004630621449001092,1.285175073917344e-06
1964-11-06,-0.011546739119257632,0.00040634035390649145,0.03782386564265537,0.0,0.000610213453150065,273.61706781117937,-0.0004156217726189538,4.351138045421976e-07
1964-11-07,-0.01138106539929654,0.0004027719046436461,0.03255645119762242,0.0,0.0005495446171127471,274.128431578814,-0.00036499474597516033,1.7166137808999338e-06
1964-11-08,-0.012020118324096593,0.0003981495139289037,0.028187207582980232,0.0,0.00039917941989198245,275.0546312170514,-0.0005216354893594138,6.3927451110250566e-06
1964-11-09,-0.012474239966963644,0.00039348006248474127,0.024636823578742938,0.0,0.00024372343458024798,273.30596232728544,-0.00040898416296573687,1.2980382707276267e-06
1964-11-10,-0.01222307634892437,0.0003892207718164908,0.022631284207274012,0.00016026884990896884,4.4603732093579355e-05,272.6231422783516,-0.0005004831279317539,0.0003401613374191101
1964-11-11,-0.004933510964873147,0.00038698332457892643,0.026199599443855935,0.003167355212114625,0.00011495925949118232,269.69145083382534,-0.0001770834791037323,0.003213710535170311
1964-11-12,-0.006396743032218373,0.0003844326162068858,0.07433139492113937,0.00410894942233118,0.00013894640372297859,264.4863738079754,-0.0004230785883415891,0.0041107265962719245
1964-11-13,-0.005005206597053399,0.00038421381328065517,0.0672191325329567,0.0012827568219206428,0.00029612014775222303,264.7111760407069,-0.00028671412649801224,0.0012874904997928532
1964-11-14,-0.0022524065301243196,0.0003779972508802252,0.15598930746822035,0.015014546044633887,0.0,260.65583508881247,-0.000275837552160193,0.01501954061864717
1964-11-15,-0.00266289332155454,0.0003768916183945823,0.24634938500470813,0.0008043880221870659,9.770857664824878e-05,256.2507292896566,-0.0002693298067581856,0.0008067823883344463
1964-11-16,-0.00537076735563871,0.00038544959941152806,0.21331752626235878,0.0,0.0009725510568942055,260.5865790983154,-0.0003609133431803709,8.525751766395493e-07
1964-11-17,-0.0021115614701125583,0.00037115345061835593,0.177727248484581,0.0017389160091594116,0.0,263.1482717330847,-0.0002054469817775791,0.0017420015753569164
1964-11-18,-0.0015194751111801063,0.00036895498212447946,0.1779162160869821,0.0012588886133695055,0.0,261.9883019219235,-0.00016580200043775267,0.001261314278188964
1964-11-19,-0.002167845934124316,0.0003667630381503348,0.19415800450211865,0.0038197342790452777,0.0,262.18981329061216,-0.0002115148272218004,0.0038223919895409198
1964-11-20,-0.002432560306147667,0.0003646523770639452,0.2584635416666667,0.012467592028574755,0.0,264.0469002876354,-0.00022752177875257483,0.012472374522976462
1964-11-21,-0.004566769815434171,0.00036253666473647295,0.28601235140065917,0.0001049794172499813,0.0,263.61095844060463,-0.000192765993629135,0.00010841229539175278
1964-11-22,-0.006455225712161954,0.0003604640563329061,0.2800686076536017,0.0,0.0,267.24562316291076,-0.00035987505005241117,0.0
1964-11-23,-0.004416652150073294,0.00035845265213379086,0.27430647510593226,4.5188718428046025e-05,0.0,264.62594221226465,-0.00023395692308743796,4.604078272975752e-05
1964-11-24,-0.004529600005365362,0.0003580876999655686,0.2710701175553202,0.00024194605017112476,0.00013666108545273714,267.0130883843661,-0.00023804582381820952,0.00024283281724163546
1964-11-25,-0.0023503999336291167,0.0003544497961378367,0.275969711849694,0.006366464335702908,0.0,269.47245785700625,-0.00029673271596768484,0.006585006551360473
1964-11-26,-0.0019495249383867127,0.0003524615434603503,0.3269196993438088,0.0033733261970140174,0.0,265.54022861918935,-0.00011765336523116646,0.0034683008987788826
1964-11-27,-0.0030623649136494787,0.0003505049452269818,0.36226100885710927,0.003683500833767282,0.0,259.784965371457,-0.0003133421121849179,0.003798215335366831
1964-11-28,-0.0021643948420292914,0.00034860769907633465,0.37417033567266955,0.0031874973516343007,0.0,258.2175269010152,-0.00014448166945896582,0.0031904703648076896
1964-11-29,-0.0029378807393171022,0.0003467205554078528,0.4019101819974106,0.0020585728146262088,0.0,261.2828773886471,-0.00011816920217989529,0.002061681293749749
1964-11-30,-0.0035096810194058608,0.0003448879651430637,0.39491976003413376,0.00018991319473180397,0.0,269.13280277647317,-0.0001945367535460467,0.0002116975306067864
1964-12-01,-0.0027907174606781222,0.0003430404737170807,0.39651380061205277,0.0032411202325322535,0.0,269.95716648496926,-0.00020415665802814195,0.0032796547406137326
1964-12-02,-0.001053249431868731,0.00034124273701576196,0.45191602114230234,0.008723102573115947,0.0,266.92157175311934,-0.00013928736249605816,0.008735301747904841
1964-12-03,-0.0010830488076991282,0.0003394481994337955,0.48631709039548027,0.002651052791520027,0.0,263.7656201005207,-4.0858378896942244e-05,0.002655532080569924
1964-12-04,-0.0012535163238223664,0.0003377034165764933,0.5148603938618174,0.004506702476975608,0.0,262.9093226668076,-5.677625494824965e-05,0.004515969230476522
1964-12-05,-0.002075911999422278,0.00033594373255799723,0.5223554190942796,0.00030468509527249526,0.0,259.53424275931667,-8.129241144926534e-05,0.0003101924549038664
1964-12-06,-0.0031328301055956694,0.00033423700238351773,0.5171898448534605,1.3352955802012298e-06,0.0,258.8707852444406,-6.62203657172494e-05,1.7704093847434277e-06
1964-12-07,-0.003858323277389936,0.00033255342373066706,0.5089194087658899,0.0,0.0,263.74080828578684,-0.00013756401584310047,8.612871056357108e-07
1964-12-08,-0.0030202456870995005,0.0003308599951577052,0.49921447409074865,6.138289210486547e-06,0.0,264.0831608170619,-0.00016393524063172316,6.569677724730282e-06
1964-12-09,-0.002440285421697434,0.0003292046192675661,0.49726341807909613,0.0020713033522926486,0.0,263.33355763178537,-0.00011370525732215514,0.0020760312660713346
1964-12-10,-0.0025431272168617465,0.00032756161891807947,0.509934362494115,0.00012942273064521747,0.0,261.1610687600691,-0.00011230076500083094,0.00013099387560370332
1964-12-11,-0.0019246975833413294,0.000325936045350328,0.5068285810969868,0.0017279137115357287,0.0,263.18876045212687,-9.479784106804153e-05,0.0017616528943526415
1964-12-12,-0.003437216335770774,0.00032433694870458483,0.525264186823211,0.001283706160588453,0.0,255.5045784664693,-0.0003958980810675917,0.0012952978663849156
1964-12-13,-0.002681759622810924,0.00032274197723905924,0.5437984143273304,0.001698965575061949,0.0,256.0563932479887,-0.0001408673328279102,0.0017011013923138307
1964-12-14,-0.0028318610821066606,0.0003211893099176008,0.5489329537429378,0.0001654732909242986,0.0,259.1585182506037,-0.0001668698275409176,0.00016773226907697774
1964-12-15,-0.004027491488025687,0.0003196075137725658,0.544349684778131,0.0019462519341101082,0.0,262.66696501765995,-0.00024564651572434916,0.001963169173960282
1964-12-16,-0.0010037952981426217,0.00031805804557045976,0.5891683402483522,0.004367451978016035,0.0,251.21337788971582,-0.00022392903617714758,0.004380501124772972
1964-12-17,-0.0011510850261833708,0.0003165318551710097,0.6051011597369351,0.00010457266606180009,0.0,243.3166190828083,-4.181995103924961e-05,0.00010585101301721242
1964-12-18,-0.0006792483019963497,0.0003150443909531933,0.600868469353225,0.0,0.0,256.99907336261987,-2.8339682915116436e-05,-5.960487214906607e-09
1964-12-19,-0.002737312372458183,0.0003135364271153165,0.591909060145951,8.17396462300403e-05,0.0,262.7500670158257,-0.00011242274721126773,8.285138229865811e-05
1964-12-20,-0.002845522837113526,0.00031205161479906846,0.5777935020892184,0.0002918247196633937,0.0,264.4867333916846,-0.0001097636371009094,0.00029387135626906055
1964-12-21,-0.00440153976281484,0.0003105833032036905,0.5797236383298023,0.003489548350963216,0.0,267.61262466947915,-0.00024164262317163124,0.00356469046188314
1964-12-22,-0.007082023863065041,0.0003091514447314591,0.5684327091425377,0.0006275615618053804,0.0,271.87189645641496,-0.0003445542464822026,0.0008306975922665891
1964-12-23,-0.006459302400465067,0.00031318907010353215,0.5627250599546847,0.010274818282848024,0.0,273.3403317223386,-0.000418463800797018,0.012663554090359845
1964-12-24,-0.0021304571106608976,0.00030629437858775514,0.6137076914871705,0.006945627873058372,0.0,268.15596581942174,-0.00040322241746941533,0.007107511179572607
1964-12-25,-0.003877470175088463,0.00030487237003563487,0.6650438901394775,0.006359704617558227,0.0,263.4260603730513,-0.00042746932177388736,0.006439251201831569
1964-12-26,-0.002221251864217769,0.00030348694088768824,0.6767178120586159,8.250360435011697e-09,0.0,258.7788856132781,-6.817184956902164e-05,2.167032100470932e-06
1964-12-27,-0.001793568269849497,0.0003020997858990384,0.6659855097251649,0.00016553744168604836,0.0,264.4364589109259,9.108221126815021e-05,0.00017203496946810042
1964-12-28,-0.003152524768295935,0.0003007242066712029,0.6520327120850989,8.900918192782644e-07,0.0,262.4960543925255,-0.00021018566679483082,1.551353896458729e-06
1964-12-29,-0.0024715870787194896,0.00029936525444526456,0.6414769634239643,0.00019497003427333077,0.0,258.50521706546994,-0.00019558553852267184,0.00019704749458705818
1964-12-30,-0.0028383214089830046,0.00029802280294019627,0.6346132095250707,3.6647511740862315e-05,0.0,256.73055771290694,-0.00021926110536701936,3.879427740742867e-05
1964-12-31,-0.0025025579636379826,0.00029668700223588673,0.626497487788371,1.4438130761270471e-08,0.0,257.9494156595004,-0.00014691828818476135,1.6500720870023394e-08
1965-01-01,-0.00271889803099767,0.00029536105145168846,0.618689125765066,6.339054996684447e-06,0.0,257.8764382701809,-0.00011865280063475594,7.619370416569185e-06
1965-01-02,-0.002517261074087714,0.00029408485539215436,0.6120056037399954,0.0,0.0,258.9064576280095,-6.908985475699107e-05,4.351138045421976e-07
1965-01-03,-0.003644447079149343,0.00029276395584903873,0.6051542637711865,1.3359185666014246e-05,0.0,262.8549100620823,-0.00015196471480326463,1.4493946918390446e-05
1965-01-04,-0.006233283734254245,0.0002914960101499396,0.5946589755473164,1.766882037038857e-07,0.0,264.7491618657516,-0.0003908034045733301,6.072769381095336e-07
1965-01-05,-0.003236139140560129,0.0002902107639501324,0.5833731038871234,3.725290298461914e-09,0.0,264.5102961947914,-0.00018000936840718748,8.562828313475971e-07
1965-01-06,-0.004382582286656913,0.00028893869307081583,0.5729300001471281,5.192381177244887e-06,0.0,267.604207292115,-0.0002103489744713751,7.62319823987045e-06
1965-01-07,-0.0038400974735028326,0.00028769402517437264,0.5696164003648777,0.005081202056111589,0.0,268.2043211949523,-0.00029005730619369933,0.005334707319438383
1965-01-08,-0.003274975060406378,0.00028644098063646743,0.6112637564736346,0.0022469264176269038,0.0,260.7554507174734,-0.0003427486172166922,0.0022507935835956285
1965-01-09,-0.0026317011501829505,0.000285194586899321,0.6086508540783898,0.0002753568739540833,0.0,259.492526235778,-9.439307354432715e-05,0.0002773753246650823
1965-01-10,-0.00253247528594766,0.00028396814556445107,0.6043928760593221,2.0208121356317556e-06,0.0,260.83338923193867,-5.371894918929386e-05,3.8769052127725575e-06
1965-01-11,-0.0035142480990307478,0.0002827366529884985,0.6062747359051319,0.0011108394312319783,0.0,262.8597651767192,-0.00013985211229593743,0.0011136458755163251
1965-01-12,-0.0015677783617192068,0.00028153176361558126,0.6179187724370292,0.003018851944450605,0.0,261.18558413475023,-8.838815288355123e-05,0.003024475924610472
1965-01-13,-0.0011530021826426189,0.0002803465740828865,0.6513625897481169,0.002826006483223479,0.0,262.6766050629697,8.812268911781958e-06,0.002829479542507501
1965-01-14,-0.0008959664126573985,0.00027911188238758153,0.674918251971516,0.007009506856991073,0.0,266.26724610265813,6.080433557936028e-05,0.007014196977538928
1965-01-15,-0.0037966318386422715,0.00027795329605792205,0.7345561514241996,0.006677085796823609,0.0,270.52143362731357,-9.961205266289792e-05,0.006754896802326354
1965-01-16,-0.00487492183002375,0.00027679470972826256,0.723925229519774,0.0,0.0,270.7336210046111,-0.0001693441411532925,8.52346317969932e-07
1965-01-17,-0.005566561121051594,0.00027557971787318003,0.7035392574446799,0.0,0.0,271.4502257905662,-0.00018467062736971906,4.351138045421976e-07
1965-01-18,-0.004766328607575369,0.0002744724858278609,0.6866344732079803,0.0,0.0,269.7782986527783,-0.0001568088550015358,8.702277796146518e-07
1965-01-19,-0.004691255463045196,0.0002733288006593952,0.6712301652983758,4.8430668095410885e-05,0.0,269.2225734689141,-0.00021040868961204917,5.38159939121554e-05
1965-01-20,-0.004517200850160782,0.00027217686513049454,0.657795764183145,1.2375540652517547e-08,0.0,267.7949559199159,-0.0001434957092933062,8.748076006618494e-07
1965-01-21,-0.004879560805646713,0.00027106458184409277,0.6467344927024483,0.0,0.0,265.3614908243528,-0.00016787193589291332,0.0
1965-01-22,-0.004081094037678282,0.000269935797836821,0.6714083281838513,0.006216942548415082,0.0,264.750858188349,-0.0003581970014562042,0.006221849399669076
1965-01-23,-0.003421682717099702,0.0002688070138295492,0.6931002916813795,1.5431541507526978e-06,0.0,258.8601033018583,-0.00019497382270414277,2.823508963126706e-06
1965-01-24,-0.003922418770143541,0.000267691531423795,0.6856611291342986,0.0001772331484293534,0.0,265.022792895186,-4.4311796667548896e-05,0.00018038202440949508
1965-01-25,-0.004439840798324111,0.0002665925497389109,0.7442762586805557,0.0084678655711271,0.0,262.22157290112057,-0.00048020284749188667,0.008485854884279973
1965-01-26,-0.0031875983133154403,0.00026549036893467443,0.8049999172404663,0.003174889580173008,0.0,257.70235350801,-0.0002745128589245559,0.003179205171132492
1965-01-27,-0.002977536517684743,0.00026440468885130806,0.8386899441649012,0.0050688226849345845,0.0,261.53287059259503,-0.00012685366943057647,0.005072587997854416
1965-01-28,-0.0030242948461387115,0.0002632892064455539,0.9367179224046611,0.009174536576883942,0.0,263.0162048842723,-0.00018624955062138837,0.00917840027536333
1965-01-29,-0.0011104440453362332,0.0002622067254815398,1.0201367739230227,0.021567611518384378,0.0,266.2833429505372,-2.991836412815051e-05,0.021572397758731737
1965-01-30,-0.0028871964179189866,0.0002611375461190434,1.1150727640213043,0.003287973061288144,0.0,263.8967556746891,-0.0002127909917110777,0.0032940759832899985
1965-01-31,-0.003991434424273712,0.0002600651676371947,1.110254779822858,0.008370291946803108,0.0,265.96446539812393,-0.000375646366448389,0.008428682209968029
1965-02-01,-0.0012792013375099098,0.00025899438871502205,1.1429774397510593,0.002610200731936148,0.0,256.3949649257624,-0.00013077751559726264,0.0026134835263204198
1965-02-02,-0.0018686816769804661,0.0002579401105137195,1.1540111247204567,0.0005282446279027368,0.0,255.77834885807366,-6.096728019795176e-05,0.0005339160830691087
1965-02-03,-0.0023832336320715438,0.00025688263319306455,1.1377486464218456,0.00026976363470325367,0.0,258.1810651552879,5.0293734181398735e-05,0.00027295352701957597
1965-02-04,-0.0056152999990404,0.0002558565577544735,1.1140359709716336,6.865478504849019e-08,0.0,266.9720669942163,-3.464781484529797e-05,9.344122276736716e-07
1965-02-05,-0.007945767903732042,0.0002548238315151236,1.0751520936322976,4.0207879017975375e-07,0.0,270.18371584186445,-0.00029548327043905096,1.6902293399226505e-06
1965-02-06,-0.005120092192612126,0.0002537762041145799,1.0329113976430084,0.00013009244102542685,0.0,268.3966754690627,-0.0002912185602100556,0.00013440923159782484
1965-02-07,-0.004823070040530404,0.00025275837903642384,1.02832582980226,0.0029008019357751325,0.0,261.9017491493297,-0.0004347980464414015,0.0029017756381601134
1965-02-08,-0.0063539606198079164,0.0002517139507552325,1.0140196949299671,0.0,0.0,262.4666962740336,-0.00017434967902757356,4.351138045421976e-07
1965-02-09,-0.0030129573355286814,0.00025067297415544757,1.0107196585157723,0.0035841936866442365,0.0,262.1753588315458,-0.00023440980894417416,0.0035893020824174296
1965-02-10,-0.0018355852719080653,0.00024966499899740273,1.0252009677348164,0.0007742637884145403,0.0,256.38078395031715,-0.00014590363591741035,0.0007791326375435973
1965-02-11,-0.003791210383681928,0.0002486471739192467,1.0313877026689031,0.0005979608681242345,0.0,253.76851180627975,-0.00022267137185833552,0.0006015212111709572
1965-02-12,-0.0025120597690512234,0.0002476176467992492,1.0472000610581451,0.003215008809909982,0.0,254.9776161646439,-0.00011917599871502085,0.0032182553730804287
1965-02-13,-0.0027196027212223763,0.00024662962404348084,1.0727120667078625,0.0008474008974719183,0.0,257.23129187330693,1.2920927361579941e-05,0.0008500235980008678
1965-02-14,-0.0023177833543658933,0.00024561499808467715,1.0767817667873116,0.003400369531522363,0.0,261.1976833702705,-9.358128648524904e-05,0.003403405001279968
1965-02-15,-0.004049538976728579,0.0002446152732870673,1.0925789525953389,0.00026708007869073904,0.0,254.50965677681617,-0.00020904505446469045,0.00026908254215903194
1965-02-16,-0.003538472630546592,0.00024362472491075763,1.0824271164371468,0.0013072708316441983,0.0,260.2496709554209,-8.682420445700825e-06,0.0013102639185468424
1965-02-17,-0.005742574731508891,0.000242625926174013,1.0757875029425612,0.0002952390008390287,0.0,266.77886296935003,-2.3305616052137256e-05,0.00029720707935617914
1965-02-18,-0.007892067865126551,0.00024165760325846702,1.0473016713747645,0.0,0.0,270.0445788755256,-0.00017586371487816852,4.351138045421976e-07
1965-02-19,-0.009401553515660561,0.00024069753070335607,1.015251202771893,0.0,0.0,270.5330369378214,-0.00036191600401186007,2.168900209653657e-06
1965-02-20,-0.005258269692208134,0.00023972786079018806,0.9884083778395718,0.0022840292356108545,0.0,267.6753630593223,-0.0004653345877672994,0.00229003675229676
1965-02-21,-0.005347890495243719,0.00023875128751420707,0.9967381249264361,0.000888833407796709,0.0,260.9650489929257,-0.0003823089376512894,0.0008914034582127286
1965-02-22,-0.0029722562449126595,0.00023779626620017876,0.994376029896422,0.003931554065922559,0.0,263.6298449133749,-0.0002624130002775435,0.003945819402145128
1965-02-23,-0.0037042499009498774,0.00023684469656755697,1.0195123992172788,0.0003296952000108816,0.0,254.31216803153808,-0.00027359254910784255,0.00033002510919409285
1965-02-24,-0.004397822175659029,0.00023590617597439868,1.0332320908368646,0.002011754586871735,0.0,257.58945316738556,-0.00015148295268500593,0.0020161811746219056
1965-02-25,-0.006526734785171553,0.00023496445626188808,1.0341801472751884,3.2243755577647753e-07,0.0,262.78517103105395,-9.071910069823939e-05,2.052876546047957e-06
1965-02-26,-0.008904039480928647,0.00023402433610905361,1.016432365230697,0.0,0.0,268.32031591598604,-0.0002165768653322748,8.643344244774198e-07
1965-02-27,-0.010305255988223405,0.00023312066907936574,0.9927458969662195,9.475054882340512e-06,0.0,270.97239478518964,-0.0005450430720791978,9.54398327628098e-06
1965-02-28,-0.005262619357998089,0.00023217389812577244,0.9858076594868174,0.004615364964567336,0.0,264.4141606584107,-0.0007331644127008606,0.0046836469469770875
1965-03-01,-0.003950657228292046,0.0002312917830580372,1.0287883636417139,0.0014834316857790543,0.0,255.2729562698336,-0.00038735170738171725,0.0014846362973287384
1965-03-02,-0.003605337802973171,0.00023038146522759044,1.0227968032750707,2.6635067947840288e-05,0.0,252.35336853285972,-0.00021780010228608288,3.0887033093905685e-05
1965-03-03,-0.0028077563912855034,0.00022946289703670871,1.01819951116702,0.0007626961095858429,0.0,254.6194741452032,-8.955844651676169e-05,0.0007668568473964672
1965-03-04,-0.006809521613821473,0.00022859063188908465,1.0201993033486345,0.00013378839203193364,0.0,261.93966768555725,-2.1921870651218177e-05,0.000135362047169141
1965-03-05,-0.009455131019576122,0.00022769521521983176,1.0056864995291903,0.0,0.0,266.628368144206,-0.00022257152039789212,8.553266184208042e-07
1965-03-06,-0.011782424808558772,0.0002268064493513377,0.9881313632886064,1.1585947483946376e-05,0.0,264.94527928483467,-0.00029719422050451826,1.3152467361599156e-05
1965-03-07,-0.00769267900515411,0.00022594243456414866,0.9714394549641008,1.0234993056388898e-05,0.0,265.1785006154953,-0.00028592188142787265,1.1654315779448402e-05
1965-03-08,-0.007446342731936504,0.0002250520691359784,0.9567638907279896,6.437470010444943e-06,0.0,264.8041358092859,-0.00024748319433738955,7.3220262271530325e-06
1965-03-09,-0.005416178181346528,0.00022420295550998323,0.9514700392096281,0.0014135189733262788,0.0,262.30413070865495,-0.00047072775577757995,0.0014194340479144368
1965-03-10,-0.0039015116833024106,0.000223320840442248,0.9576399923493409,0.0025301248803313845,0.0,260.7183044455146,-0.00018617410823113504,0.002535563437906686
1965-03-11,-0.0035829303712494633,0.00022247837761701165,0.9715992268420435,0.0011180881305602986,0.0,261.6542485195814,-6.635390790337224e-05,0.001121457182081406
1965-03-12,-0.0032432270841409932,0.00022162766443134028,1.0055117849576272,0.005856158159210184,0.0,262.90691068257763,-0.00021034877978812503,0.005858961471730034
1965-03-13,-0.006661061892064952,0.00022078360204642777,1.0444664676759652,0.0005391453113933067,0.0,261.4733920052451,-0.00027009722708308764,0.000541560764264306
1965-03-14,-0.005635940590820745,0.00021993608798010877,1.0315826473487524,0.0009745469074801537,0.0,262.58320208547707,-0.00024683427823297055,0.000979352233098651
1965-03-15,-0.007938000610319235,0.00021910692675639005,1.025878676362406,0.00012864555511097453,0.0,261.8092411170572,-0.00029294397997654093,0.00013052334546240015
1965-03-16,-0.0065286175510977625,0.00021827616597299524,1.0109348333039079,0.0006933417907879178,0.0,264.07008202331895,-0.0003008173547137929,0.0006949151639657102
1965-03-17,-0.0030112071225872152,0.00021743530270743505,1.0863708381149955,0.005759705279001409,0.0,252.10057837994538,-0.0004930127633072562,0.00576394715770543
1965-03-18,-0.0027061665462235276,0.00021662104264491027,1.0998112163076743,0.00015573889690603915,0.0,246.00148107596934,-0.00020694642164612893,0.00015856144431905953
1965-03-19,-0.003013555781315949,0.00021580013178162656,1.094383340321916,0.0001601994163909201,0.0,247.09767597004517,-0.0001170027022392063,0.00016556710400791264
1965-03-20,-0.0036299022409202017,0.00021499572163921293,1.0936116076683144,0.0004954161280292576,0.0,250.30733050330213,-9.363760256161126e-05,0.0004991721929564657
1965-03-21,-0.004438234966690258,0.0002141814615766881,1.0960456575153015,0.0016510682759311916,0.0,257.3685628133081,-4.075954820813433e-05,0.0016564976282592565
1965-03-22,-0.0016027682666051185,0.0002133935521551445,1.19815437043903,0.012974900440812785,0.0,259.8012061792578,-0.00011241329718107559,0.012980987445138644
1965-03-23,-0.0020795997000683498,0.000212622396016525,1.3379113148834747,0.002924949646332843,0.0,253.439739762502,-0.00026033735586761757,0.0029277172464872887
1965-03-24,-0.002416048598828289,0.0002117764815098822,1.3542708057468222,0.0010346933399553353,0.0,250.62743272080934,-0.000201162613802037,0.0010385402514086468
1965-03-25,-0.00488084811443663,0.0002110351276936504,1.3422109025570859,6.182046638706983e-05,0.0,250.5201081457336,-0.0001396814066558908,6.63447576949169e-05
1965-03-26,-0.004834420010868439,0.00021024561871243064,1.3264307284310264,0.0014092935996372147,0.0,255.8838725655766,-7.707539861653484e-05,0.0014114203088237737
1965-03-27,-0.0071515979739905765,0.00020946276053196967,1.3719128394979991,0.0047874640526071105,0.0,261.4137515662529,-0.0001293637047884828,0.004792907598226138
1965-03-28,-0.0076836671280322115,0.0002086799023515087,1.3664757680084747,0.0018244635966201289,0.0,262.71885061533436,-0.00032872811359705903,0.0018347189588047625
1965-03-29,-0.010913830397829498,0.00020791859613300046,1.3264472803378062,3.4327392524245095e-08,0.0,264.7153975384384,-0.00034144577059873755,1.3165723018861521e-06
1965-03-30,-0.014400940535768951,0.00020715728991449218,1.2819435708715867,0.0,0.0,268.9033719150809,-0.00046789889239658746,8.612870487922919e-07
1965-03-31,-0.013389463983686633,0.00020642073477728892,1.2332044123705275,0.0001260781355496854,0.0,271.98589690256927,-0.0005095035237612697,0.000515093793252831
1965-04-01,-0.01589390534465596,0.00020568923088116835,1.1839424894803436,6.865478504849019e-08,0.0,272.692408337207,-0.0006747755858689379,0.0003313508747355648
1965-04-02,-0.017685132764153563,0.00020489147153951353,1.1325839917314031,0.0006304322242063318,0.0,273.32593871869165,-0.0011419723083996504,0.0009209927192465834
1965-04-03,-0.00772658794444833,0.00020415331684263413,1.1031544715895716,0.004480980652368675,0.0,269.37766914583193,-0.0006848899226656742,0.004498086086751539
1965-04-04,-0.00999629910046098,0.00020339361018380207,1.132806752810146,0.002897100323169246,0.0,268.2992949943758,-0.0005071812209352263,0.0029052943495698706
1965-04-05,-0.006691728902738647,0.00020266210628768147,1.1120587077742468,0.0022842964252172892,0.0,268.18840979452193,-0.0003620364182328774,0.0023920561128180982
1965-04-06,-0.010649074521441919,0.00020193632713145455,1.109444426053437,0.0007276034014204801,0.0,268.7247503176472,-0.0004232835634953558,0.0008262223947283642
1965-04-07,-0.012069394612042919,0.00020122052417636592,1.087637748646422,0.0007839951095944745,0.0,270.15704131620305,-0.0005922032793783872,0.0010872533934214797
1965-04-08,-0.011501998803709862,0.00020048982006008344,1.086621415592632,0.0022984392267499268,0.0,270.2147692304996,-0.0005559185256729019,0.0025617099951298224
1965-04-09,-0.013061830384583124,0.0001998451975105846,1.0701699696916196,0.0012466110878408293,0.0,270.4579206168539,-0.0006657716854985826,0.0024694719514443955
1965-04-10,-0.0043274188193224246,0.00019904078736817098,1.0925412510298966,0.014216594061272294,0.0,268.74789131293863,-0.0004857855685855036,0.014346600470011933
1965-04-11,-0.004595466799991952,0.00019830583179064392,1.223791434939972,0.013341026285947381,0.0,264.72802547591334,-0.0005304746719150894,0.013348477859864101
1965-04-12,-0.01123325939232347,0.00019762248305951134,1.271834723693503,0.0016060958769025101,0.0,265.37241628973726,-0.0003466200094017605,0.0016097680587544177
1965-04-13,-0.006237858474928107,0.00019691067900361314,1.2523262325653248,0.0031247336396389765,0.0,266.7550373580272,-0.0003232515738003672,0.003149178438838646
1965-04-14,-0.005317447128268959,0.00019620392618879763,1.2669500720927498,0.005673452201536147,0.0,267.95155469172425,-0.00023789304482229687,0.0056842185851544305
1965-04-15,-0.010899032871265198,0.00019550222461506476,1.2666355858639362,0.0005118028802723535,0.0,268.7401540508378,-0.00035985622365595934,0.0005447222518705915
1965-04-16,-0.015384973021550369,0.00019484682608458958,1.238156191148776,1.6125960875365696e-05,0.0,270.8302746070532,-0.0007640474112862248,0.00043001392536892025
1965-04-17,-0.009528801897488072,0.00019413927348993593,1.242015544079567,0.00900701056681784,0.0,269.82178151046264,-0.0006785217283219941,0.009315236219997984
1965-04-18,-0.014053999956718275,0.00019344662205647616,1.259873442281662,0.0013022950013815348,0.0,266.606682653481,-0.0007466776612198961,0.001305278529509636
1965-04-19,-0.014586550536128763,0.000192791223526001,1.2367478997469399,0.00016119064878945973,0.0,271.2816479426095,-0.0004611959428352826,0.00046979239426930743
1965-04-20,-0.016988354677197625,0.00019258176539577334,1.2018741816001648,1.862645149230957e-09,3.116603119898651e-05,275.0766970352489,-0.0006353846977406976,0.0009346604682955227
1965-04-21,-0.016025630809829737,0.00021662676738480396,1.1566396594721047,1.2576916797012933e-05,0.001832969812939396,274.94599356714167,-0.0008130739521929774,0.0011310916895013179
1965-04-22,-0.008286329901824563,0.00021827625016034662,1.1224100863641715,0.0032724155965497942,0.0017157202260305654,273.9443992104683,-0.0005467146908664435,0.004452109696937459
1965-04-23,-0.005778164934303801,0.0002148543710762498,1.1203661557644775,0.002839888977465657,0.0013551981856593977,273.3445403571407,-0.00035667072160769326,0.004040198069838048
1965-04-24,-0.013551090059980835,0.00019030416079160187,1.1160877177495294,0.002349259131877436,4.040485637336128e-05,271.6646495287477,-0.001133900509336911,0.002440444094524748
1965-04-25,-0.007873688293042157,0.00018879762813869843,1.1201987975959276,0.00914652862370351,0.0,270.62717096504747,-0.0006314064823301498,0.009594260922157214
1965-04-26,-0.008016393430488931,0.00018811402684551176,1.1632597325211866,0.003335447550493445,0.0,269.0102554436233,-0.0006109292981988293,0.0034330508298119587
1965-04-27,-0.015994617915422903,0.00018748177983666543,1.1703453279484461,0.0010894377857951795,0.0,269.6759078534085,-0.0006505995778377447,0.001279701233481337
1965-04-28,-0.02087589677444286,0.00018680322978456142,1.1552414831244116,0.0,0.0,272.36505289311236,-0.0008503109332447672,8.624801353107614e-07
1965-04-29,-0.020639271933143424,0.000186185883936909,1.134440563941855,0.0,0.0,275.41998002937737,-0.0007903696022043794,9.114814320415893e-05
1965-04-30,-0.019150562710681204,0.00021724714397710596,1.1002884629531544,0.0,0.0019116395989717064,276.5389696972519,-0.000831728064491924,0.0007404340862504609
1965-05-01,-0.02426908118913403,0.0002554774621112199,1.060540897922552,0.0,0.0038932662057337792,276.7533899009116,-0.0012597984681695196,0.0013199033877594186
1965-05-02,-0.00886334714579717,0.0001917691890802761,1.0558548692031546,0.011535086790047123,0.00048378074152321475,272.1601892532377,-0.0010519404080038693,0.012187334861459034
1965-05-03,-0.010839234553487963,0.0001837415041896583,1.1401817767184559,0.0050246023315157606,0.0,270.7017963933855,-0.0008244521410788521,0.005666776009769818
1965-05-04,-0.02059243589976413,0.00018309435601961813,1.1301271830125943,0.0,0.0,274.3137163783647,-0.0008379403438608527,0.00012587574915697347
1965-05-05,-0.014404635602808268,0.00018257492006161795,1.1051117345662667,0.0053132826746520355,0.0,273.67701701794647,-0.0009361448576726484,0.00631750325549683
1965-05-06,-0.005756077540796356,0.00018195092341320664,1.2274758434116055,0.019910415413521107,0.0,268.83985114591496,-0.0008703687749171663,0.020564057841445875
1965-05-07,-0.008105965194392339,0.0001813335775655542,1.2970573008621706,0.0036656322157652367,0.0,267.71730106159794,-0.0005587612010412297,0.003672500064155396
1965-05-08,-0.0036037006115509293,0.00018075268484104824,1.3322579191678439,0.013366112285583032,0.0,267.08551190622336,-0.00039573274237119553,0.013376980178100241
1965-05-09,-0.009682814322285732,0.00018019014495914264,1.4323378740730934,0.006633922215656373,0.0,266.5226379258036,-0.0005468231557452746,0.006638493816463885
1965-05-10,-0.014518826063406673,0.00017967390812049478,1.4282546106255887,0.0003375006934343758,0.0,269.3358554229449,-0.00035838230307829583,0.000739209732653192
1965-05-11,-0.018994067390423038,0.000179078114234795,1.4034375551730227,0.0,0.0,271.73033925862865,-0.0005843520932699328,3.5078679993192077e-06
1965-05-12,-0.022666315363962096,0.00017853367463343563,1.3698038507091574,0.0,0.0,274.1360583799258,-0.0007731530415473011,8.52346317969932e-07
1965-05-13,-0.01885679170573499,0.000188713272412618,1.3281567244879946,0.0,0.0006275850921700904,274.54557497487906,-0.0008250078039064919,0.00021466759291616518
1965-05-14,-0.006147268759665515,0.0002272795822660802,1.3300758261240586,0.015183009912317759,0.0008246717227380828,273.08782277223986,-0.0005008311110869639,0.01977148851224203
1965-05-15,-0.015058004881365824,0.00017785714507776465,1.3711613369526836,0.0008334863278488655,5.166609324304398e-05,272.88169581741937,-0.0008630699262359723,0.0012897196630405167
1965-05-16,-0.019378756778051624,0.00022358948228049416,1.3295516824093692,0.0,0.002874283404168436,275.707796517065,-0.0009192279092757044,1.8329341725473954e-05
1965-05-17,-0.014119478858123393,0.0002424026613181594,1.303567487641243,0.008694398432633298,0.002710310752782445,274.8427796300971,-0.0007398832421013191,0.011771749002009517
1965-05-18,-0.017364962415843364,0.000176136776552362,1.3293606458186207,0.0014206732565400291,0.0,271.3191759680624,-0.0015931062105685304,0.001523660350551767
1965-05-19,-0.021953176138764723,0.0001748819640800778,1.3019513778542844,0.0,0.0,275.523486243354,-0.0009158001107684638,4.351138045421976e-07
1965-05-20,-0.017919894455179657,0.0008216358847537284,1.25890561551024,0.0,0.0064218306103668655,276.94969215321225,-0.0006684748939959343,0.0032844984092605185
1965-05-21,-0.006952226204050465,0.0002379270091568683,1.2262100823181499,0.00331572779996247,0.0016530333139465354,273.33489182035805,-0.0005548014068755054,0.005961624999668141
1965-05-22,-0.012433549147204492,0.0010247435105049003,1.2401049482844868,0.004979787257599966,0.012217691536508712,276.40384463581444,-5.77906809620938e-05,0.0065429331386480495
1965-05-23,-0.013822336570691256,0.0013781442480572201,1.1862257330655603,0.0,0.014463857742352676,277.08789512936005,1.9855586822424048e-07,0.0017936831476088701
1965-05-24,-0.004683354901055158,0.001017786520349104,1.1384029065148307,0.0027788983773713734,0.008168605193074815,274.9626590024729,7.938889334094052e-05,0.007605822527430476
1965-05-25,-0.013193833289173364,0.00017964174855226853,1.1423284670727403,0.0037817821580137917,7.674159050661292e-05,271.94593660530626,-0.0011822196712854218,0.004638723010351753
1965-05-26,-0.010877876758238692,0.0001755511693361789,1.153608131767891,0.004470810146823441,0.0,269.73945056247175,-0.0011398974058907585,0.004599730673444715
1965-05-27,-0.01178785842859139,0.0001772028409828574,1.1662034431644306,0.0020241647285256683,0.0,269.9497131089033,-0.0005838491106774174,0.00278385299249696
1965-05-28,-0.01600783911802001,0.00019010270045975508,1.1822206314000707,0.0027507996702261566,0.00044790402812472846,274.37706295379814,-0.000391055714065409,0.005206066832344043
1965-05-29,-0.021948055569398203,0.0005118630531817507,1.1506782143802967,0.0,0.0061036335714792795,276.54183558735247,-0.0007125503451979093,0.000516168275144686
1965-05-30,-0.025095943256286578,0.001321729798774935,1.1049871354902308,0.0,0.0101355169242048,278.51719902958126,-0.0010031299865515219,0.000689601281636817
1965-05-31,-0.020263427857962035,0.0015167899556079157,1.0567921209245528,0.0,0.010682958499186457,278.1484672560755,-0.0007304427408650097,0.0014246989440092528
1965-06-01,-0.01181983766751101,0.0029178816551542557,1.0124693329949388,0.0,0.011301002070560295,276.79857655613216,-6.813210261575246e-05,0.005091810375334926
1965-06-02,-0.014106915790145681,0.001640701192920491,0.9728905054584511,0.0,0.009219780606401842,276.03407881354207,-0.00038629938127462477,0.001730861363316403
1965-06-03,-0.020860010031926432,0.0017552916276252874,0.93579377427613,0.0,0.011459531883398691,277.3987010661267,-0.0005929308264689932,6.589653905219084e-06
1965-06-04,-0.007099605844182484,0.0023375960898264657,0.9026120288223871,0.0047316161841995975,0.008581382511867642,275.57788770571494,-0.00010078628731649474,0.010036904613154245
1965-06-05,-0.010534053510528501,0.0009679969421214303,0.913156742879002,0.0020252447891033307,0.0036754467350951702,273.8890776230117,-0.00048484995771767733,0.005223424504700653
1965-06-06,-0.020206857325330296,0.0014098600647543783,0.8913335135652072,0.0,0.007709499932615098,276.28966677031724,-0.0007029250053699408,0.0012846493182646353
1965-06-07,-0.014085170618221584,0.001858234826454335,0.8518813540931027,0.0,0.008610933913854556,277.10880317975347,-0.0003964504342799807,0.00228641224784488
1965-06-08,-0.017497509044442475,0.002379051204455101,0.8232272448063797,0.0002690348879428907,0.011025141714151296,276.2753052576787,-0.0004164083034726186,0.000997964602095309
1965-06-09,-0.015016764318202178,0.007070998519153919,0.7787584782544728,0.0,0.015532576515849703,278.35310145735514,-8.747497794486709e-05,0.003833623759704926
1965-06-10,-0.012065087881802166,0.0030188448516662515,0.7298540305732109,0.0,0.014169539456481988,277.26867505161556,4.571257422199356e-06,0.0010276987015187822
1965-06-11,-0.009243579949699553,0.009940542322767658,0.691133603313324,0.0,0.01906391645723817,277.6390141740357,0.00032981887649176486,0.005502737443994409
1965-06-12,-0.01219351122439918,0.015296745266618032,0.6320911127295198,0.0,0.026750947922299814,279.28953888097504,0.000644693114284405,0.005891787467029809
1965-06-13,-0.010855560922353283,0.014340935032919977,0.5681543152660076,0.0,0.020134175522516007,278.8104164317503,0.00042505283434849,0.009479424660386393
1965-06-14,-0.017689242538085764,0.004862736679066372,0.526413854681615,0.0,0.010539514870293398,276.6468722420673,-0.0006964206485088263,0.0019643756400498495
1965-06-15,-0.010660282046781423,0.017232002848285743,0.4819057773511065,0.0,0.020977365200297308,278.89126543091743,0.0005117480848300255,0.009248507073932573
1965-06-16,-0.009966842156682311,0.02202656359995826,0.4248256072710688,0.0,0.026521579125675106,280.7563395491203,0.0004318024289641677,0.008231327560559559
1965-06-17,-0.019653217309275592,0.027253949793718632,0.36381711798199157,0.0,0.018913488245784902,280.74166125856107,-0.0006161094301164487,0.01671423213292826
1965-06-18,-0.03295701822150226,0.009826794014138692,0.32810775843043793,0.0,0.008696173123047178,279.79408073066094,-0.001858555759161206,2.1756537216531356e-06
1965-06-19,-0.024350256653828815,0.009948469656335434,0.303126103460452,0.0,0.008722433494140874,279.8733118815162,-0.001578300186343449,0.0005881149131045338
1965-06-20,-0.017391013897071452,0.009657048404553517,0.2797230865995763,0.0,0.008792560652824445,279.3015959033859,-0.0014171116369760643,0.0029236059740543364
1965-06-21,-0.025333058278439412,0.00943059949888348,0.25662811911487765,0.0,0.01004883996342535,281.7950583527991,-0.0014191446036605512,0.00032170501307490605
1965-06-22,-0.023513731899234537,0.00991996541871863,0.23165037223399249,0.0,0.0092535320101148,281.9967901657306,-0.0013096159965978506,0.0008928267884234732
1965-06-23,-0.022760995532159753,0.01124195409359905,0.20704343404249062,0.0,0.01073515859279929,282.50407849327996,-0.0012696057052935584,0.0006542999022975749
1965-06-24,-0.02325032516724646,0.013371585031687205,0.18276753398658194,0.0,0.009034555889455615,283.32344951019,-0.0012082600976619346,0.005525651977131352
1965-06-25,-0.01957367844669159,0.014062064178919389,0.15981693591101692,0.0,0.00898390894724151,280.92658673302606,-0.0016891021902362506,0.004912295095663212
1965-06-26,-0.01401548714792661,0.01148012120508205,0.14161397643008478,0.0,0.006031674685451271,279.1369053468866,-0.0011397236168889677,0.00383896698505496
1965-06-27,-0.01082574382508542,0.014632245662522183,0.12890923853872413,0.0003404612258329231,0.006063638139242506,278.1680965890543,-0.0016359152787991163,0.013226948328939551
1965-06-28,-0.02037897962803221,0.010499947067707948,0.11616243121763184,0.0,0.004588266024313404,278.8115480965365,-0.0014796591979467264,0.002178454049691813
1965-06-29,-0.02837880763967159,0.009440298218511592,0.1049949516684322,0.0,0.0042306749665804505,279.96495511976343,-0.0017192141379171848,0.00027004911401177535
1965-06-30,-0.029224927100421346,0.009409490194024341,0.09351045712688326,0.0,0.006482216618997229,281.52389658552556,-0.0017816895450660066,0.0001525016489771932
1965-07-01,-0.022381380158292375,0.010067097042913493,0.07576014631885594,0.0,0.00822957809277847,282.6031339972257,-0.0012592664146322315,0.0017996073363311083
1965-07-02,-0.008734205179968797,0.015036972650026873,0.05787029374117233,0.0,0.008384295144660325,279.76902879474306,-0.0013384826397154963,0.014456354115273018
1965-07-03,-0.02018509182216084,0.013097994408365024,0.04201747513535782,0.0,0.006264593767917762,280.9485678556051,-0.0019625851379360183,0.003528174471356666
1965-07-04,-0.02439275762792361,0.011315140178648092,0.028564223237405845,0.0,0.004846459707129474,282.44028474337193,-0.0021640824859088426,0.002654335815877357
1965-07-05,-0.021610976738781578,0.009064431665307385,0.018774460040018835,0.0,0.003514485296893255,281.89490011182886,-0.002509415191782397,0.00398366841930274
1965-07-06,-0.02562436941316573,0.007963528909252188,0.012150938677024485,0.0,0.0026410039577443724,282.4766606045308,-0.002856491786022645,0.0019404775510350294
1965-07-07,-0.03287802922860378,0.007086282564421833,0.006420760504943504,0.0,0.0018170363148726986,285.75347510300116,-0.002516245995621897,3.317146036121972e-05
1965-07-08,-0.02786677297057405,0.007226889332135519,0.003199115760357816,0.0,0.0009168889689243445,284.6878311458954,-0.0023157914816322976,0.004176398286711699
1965-07-09,-0.026851935743612085,0.005960773866055376,0.001599557880178908,0.0,0.00047361850738525396,284.2561898671526,-0.002907896035556066,0.0017856400827928815
1965-07-10,-0.03024213971559611,0.00549367861559162,0.0009687463217984936,0.0,0.00025274775038331245,285.84958744587874,-0.002697408515012871,0.0009780538342484802
1965-07-11,-0.035372453557569426,0.005093606430931954,0.0004731086687853108,0.0,0.00012321366091906015,286.71386468028845,-0.0028877670082163675,0.0005529938949689286
1965-07-12,-0.03158721879208829,0.004748567181118464,-7.3453647229951e-24,0.0,5.520987561193563e-05,285.5727563488057,-0.002502158242093641,0.0006823517845175361
1965-07-13,-0.03108997108404246,0.004443978269894918,-7.3453647229951e-24,0.0,2.0379505756884648e-05,281.7874285631485,-0.0025455277139520916,0.0003115253594950764
1965-07-14,-0.031784470135209256,0.00417232673383702,-7.3453647229951e-24,0.0,1.2928293754825485e-05,283.75473650341434,-0.002634980878924246,8.635051926830783e-07
1965-07-15,-0.038321415036074856,0.003931148324982595,-7.3453647229951e-24,0.0,7.235250398937592e-06,286.5167991508872,-0.002692442839849467,4.1660435177467064e-05
1965-07-16,-0.03958124856827623,0.003716118002341966,-7.3453647229951e-24,0.0,3.6367883453261386e-06,287.46767473310626,-0.0026655649334865776,7.700212931228896e-05
1965-07-17,-0.025244471001423015,0.003677912519476508,-7.3453647229951e-24,0.0,1.6337607876729159e-06,286.86966675867916,-0.002726985720422982,0.008612464104736463
1965-07-18,-0.027520794526668592,0.003406236316524657,-7.3453647229951e-24,0.0,7.358079744597613e-07,287.1278870289833,-0.0032043059824802787,0.0037080009465919593
1965-07-19,-0.017663499140470044,0.0032379468955562613,-7.3453647229951e-24,0.0,2.5496139364727476e-07,285.9073820599055,-0.0024915551766753197,0.0029825607767212862
1965-07-20,-0.02946223693210527,0.0030879604782761833,-7.3453647229951e-24,0.0,1.1097997595361399e-07,286.6543832804075,-0.00273407255378315,0.0011451002736549594
1965-07-21,-0.03558966791057318,0.0029525028615348084,-7.3453647229951e-24,0.0,4.3314392283811405e-08,287.7190820295259,-0.0029180846887372305,1.2874602930423862e-06
1965-07-22,-0.03767138538555911,0.0028357123587764593,-7.3453647229951e-24,0.0,1.4438130761270471e-08,289.2204764450562,-0.0027381059013854314,2.296654224472273e-05
1965-07-23,-0.020902984433591704,0.002823932780384344,-7.3453647229951e-24,0.0,6.187770326258773e-09,284.8336734448449,-0.0032298658990253834,0.008453056081324163
1965-07-24,-0.025109086375115282,0.002651820916913997,-7.3453647229951e-24,0.0,0.0,285.17600106205197,-0.0026919507226869886,0.002262802649250192
1965-07-25,-0.020474798977375034,0.0025768233726253618,-7.3453647229951e-24,0.0,0.0,284.42600300172853,-0.0020701012726725833,0.0031578582626991328
1965-07-26,-0.015356429636815175,0.0027428630550028915,-7.3453647229951e-24,0.0,0.0,283.60075290414125,-0.003138461039733079,0.010358355880309337
1965-07-27,-0.02575357746606493,0.002382832984466337,-7.3453647229951e-24,0.0,0.0,285.2671786162813,-0.002462693000749006,0.0002534245236992998
1965-07-28,-0.030901825907876934,0.002313879755257213,-7.3453647229951e-24,0.0,0.0,286.6063461626991,-0.0026307639765874146,0.0011623470904809526
1965-07-29,-0.033758672406781196,0.0022432823470756834,-7.3453647229951e-24,0.0,0.0,287.0729650903332,-0.002708410339082702,0.0011777177705148383
1965-07-30,-0.018659342059307856,0.0022459490656179222,-7.3453647229951e-24,0.0,0.0,284.3853355343059,-0.003157232830164123,0.007463045233911889
1965-07-31,-0.021753214215491454,0.0021269052042125983,-7.3453647229951e-24,0.0,0.0,282.6609712015213,-0.0022611331015741087,0.002274142971729128
1965-08-01,-0.024070451488602637,0.0020623303907739243,-7.3453647229951e-24,0.0,0.0,283.0687926771951,-0.0024731043136894367,0.0014474628334429035
1965-08-02,-0.03207989457973653,0.0019940463668209015,-7.3453647229951e-24,0.0,0.0,285.25118181620167,-0.0025106406649627257,0.0005339210434766561
1965-08-03,-0.03137151450760621,0.001964234194513095,-7.3453647229951e-24,0.0,0.0,286.3197209776683,-0.0025184755766038173,0.0027179342541990984
1965-08-04,-0.02456299800657283,0.0019407775779228427,-7.3453647229951e-24,0.0,0.0,285.12921707239536,-0.002894062759344188,0.005047270840837798
1965-08-05,-0.02424238807400741,0.0018823690670358262,-7.3453647229951e-24,0.0,0.0,283.39321411980524,-0.002944136880296098,0.004296092579593767
1965-08-06,-0.020560251790924935,0.0018056077977358289,-7.3453647229951e-24,0.0,0.0,282.2663132978249,-0.0020662255395772094,0.001518328395266991
1965-08-07,-0.024979841826999256,0.001776413181744053,-7.3453647229951e-24,0.0,0.0,282.6390759096308,-0.00252070366326025,0.0026399565618590447
1965-08-08,-0.030325582219382467,0.001757410454884761,-7.3453647229951e-24,0.0,0.0,284.7726401276957,-0.002310052603525294,0.0040829068353944445
1965-08-09,-0.02924922719008505,0.0016758978198477105,-7.3453647229951e-24,0.0,0.0,285.7655714541505,-0.0025641354074501725,0.000980488641669653
1965-08-10,-0.033892159702750925,0.0016288778371056595,-7.3453647229951e-24,0.0,0.0,288.57515966914696,-0.002709057697721121,9.45616756589747e-05
1965-08-11,-0.03375784745492504,0.0015909087523228707,-7.3453647229951e-24,0.0,0.0,288.54583735923984,-0.0024328055281171023,3.9948001652597964e-05
1965-08-12,-0.035253580343925346,0.0015544643004735314,-7.3453647229951e-24,0.0,0.0,289.8137259151078,-0.0025168197271598263,5.286265220072347e-06
1965-08-13,-0.03258940779556663,0.0015286102806780972,-7.3453647229951e-24,0.0,0.0,288.871100003661,-0.0022452117948882325,0.0011070209202565986
1965-08-14,-0.024125829002278006,0.0014973645661510318,-7.3453647229951e-24,0.0,0.0,285.18212735091674,-0.002590542348722617,0.0014697921983266283
1965-08-15,-0.027325514893410566,0.0014871704881474124,-7.3453647229951e-24,0.0,0.0,285.4179817206891,-0.002032102296118346,0.0031886097400412048
1965-08-16,-0.02359577310455721,0.0014919268209381967,-7.3453647229951e-24,0.0,0.0,284.11279788259736,-0.002661783548103551,0.006469711038341038
1965-08-17,-0.026905092984269567,0.0014086956694974741,-7.3453647229951e-24,0.0,0.0,283.5130007002089,-0.0025800596185996715,0.0017100070997770325
1965-08-18,-0.02736278871695201,0.0013712507351643622,-7.3453647229951e-24,0.0,0.0,283.93272829145593,-0.0021617167476711972,0.0006847937228315968
1965-08-19,-0.021224643087993236,0.001356168234415647,-7.3453647229951e-24,0.0,0.0,283.30101929501177,-0.0017402903361003952,0.0023844862725051885
1965-08-20,-0.006184196278537062,0.001953130724739894,-7.3453647229951e-24,0.0,0.0,281.33117339570646,-0.0028360796471436824,0.018158045392174835
1965-08-21,-0.01444996682937536,0.0015350171064926407,-7.3453647229951e-24,0.0,0.0,281.0339938521161,-0.0022938602609233667,0.006445196506621799
1965-08-22,-0.017645977605870892,0.001299696116797668,-7.3453647229951e-24,0.0,0.0,282.1348016455124,-0.002917297905321512,0.003557728823485547
1965-08-23,-0.024755304731891654,0.0012486674691324182,-7.3453647229951e-24,0.0,0.0,282.1072539133765,-0.002053087787692156,0.0007897163514987324
1965-08-24,-0.02559100474509816,0.0012264332528841698,-7.3453647229951e-24,0.0,0.0,280.92111049443764,-0.002006534408083407,0.0007532436126993303
1965-08-25,-0.026203063290334696,0.0012238326214127622,-7.3453647229951e-24,0.0,0.0,282.3740703166093,-0.0023099942564290795,0.0022894079233966983
1965-08-26,-0.02451070616979384,0.0012122646058346594,-7.3453647229951e-24,0.0,0.0,280.97554300599177,-0.0020486931185011814,0.0029199140129564467
1965-08-27,-0.02393212602973658,0.0011656879536849631,-7.3453647229951e-24,0.0,0.0,280.2026711228653,-0.002072355941485214,0.00047770102144810775
1965-08-28,-0.031750805212953,0.0011435851538922155,-7.3453647229951e-24,0.0,0.0,284.41249464505586,-0.002152742891661865,0.0001222933752379982
1965-08-29,-0.026233227912989043,0.001129826920180671,-7.3453647229951e-24,0.0,0.0,280.43621702248095,-0.0018328706928565676,0.0006883683790826612
1965-08-30,-0.020716855628679032,0.0011102638844042848,0.0036818797080979287,0.0012120205887966912,5.1547599545979906e-05,275.36569325218994,-0.0015064253456006618,0.0015349696018713568
1965-08-31,-0.023676458809335357,0.0010926154373729297,0.0073412304319679855,0.0,0.00015055865975423049,275.75868929487615,-0.001524376714507402,4.3511387914918487e-07
1965-09-01,-0.026604365620572692,0.0010779555571281305,0.0055478773099105465,0.0,0.00030453004321809546,279.96580699697955,-0.0018702759749471803,2.1100043277044733e-06
1965-09-02,-0.029730066530785325,0.0010616617687677933,0.0033926811146421853,0.0,0.00018495369681530757,281.8988154675328,-0.0018828190221203923,0.0002982242295288904
1965-09-03,-0.0283060448065316,0.0010518142059024445,0.0022627835893361584,0.0,0.00012599710522398437,281.26708302255406,-0.00184002115080754,0.0011710598345581085
1965-09-04,-0.018416307150980846,0.0010310064601359394,0.005416381606049906,0.0010072380030727657,6.884458543217116e-05,275.46427989320347,-0.0015404052969257712,0.001708558488021877
1965-09-05,-0.022191768985683636,0.0010166193890032797,0.00699318061440678,2.747370024858895e-06,0.00031374794783565286,276.3358974456787,-0.00151039213257826,0.0003355286047283539
1965-09-06,-0.008513251603659937,0.0010564264941350216,0.005628567855461394,0.001990050287906733,0.00023608342191930545,276.773149752572,-0.0011381127918928357,0.007879965082971445
1965-09-07,-0.010422581627880787,0.0010161751744437355,0.0164323652306968,0.0005320409302320858,0.0016867484855281431,277.8368510373793,-0.001685783398563916,0.002054312067572202
1965-09-08,-0.019314068564250646,0.0010056251523184912,0.006940996130532015,1.031295054376462e-09,0.0007711240842854237,280.66062691970507,-0.0019253061894895667,0.0027728422885884537
1965-09-09,-0.019052388388558297,0.0009759195611975288,0.003602798375706215,0.00015734575983494692,0.00019635045427387045,277.74653597470734,-0.0018414524147066019,0.0023123845357578424
1965-09-10,-0.020548194267992245,0.0009455795341965843,0.0032053227254001887,0.0,0.00019614755223363136,278.0726361355539,-0.0014492718471308887,0.00012149194539603543
1965-09-11,-0.025987339348106066,0.0009345072137433932,0.0019678378060263655,0.0,0.00010542637842186427,280.41146645842304,-0.0017142518039392886,0.0005876761034147618
1965-09-12,-0.018613994205738865,0.0009213522665918212,0.0014446136417137479,0.0,6.788830130787219e-05,279.1420359997651,-0.0014081447737786057,0.0006094663175665022
1965-09-13,-0.01942343866757754,0.0009694536358623182,0.010606094044256121,0.0020681921034882973,0.000843998023682395,278.0067912602829,-0.002185488488041075,0.007036740037025447
1965-09-14,-0.01612701650056462,0.0009433876323161153,0.01028425141242938,0.0006420809754544059,0.0006055347726675077,277.47571032105645,-0.002261931634387054,0.005318038456177592
1965-09-15,-0.009306788149863314,0.0009147239438558031,0.014759703095574388,0.0044624380304315,0.0003462164310243844,275.7188238298377,-0.0017334801686854013,0.00798796120931049
1965-09-16,-0.0049213337275268,0.0008727572226928453,0.16666206891478347,0.023513827809674596,1.1811222312814097e-05,265.39675244189476,-0.0006726087928660172,0.02400197481590323
1965-09-17,-0.0031578706230147415,0.0008599289224646187,0.25187496321798497,0.005586066762101179,0.0,261.29527715190886,-0.0004238161800355561,0.005592154665181866
1965-09-18,-0.00832129800218647,0.0008505917033233213,0.2685951477165725,0.0011051450408784682,3.645757455273537e-05,262.7835507832903,-0.0008643152044907129,0.0011063259368562428
1965-09-19,-0.005582313416367871,0.0008404286062650087,0.2351945492731874,0.0010727005616082983,0.0,264.98210298857896,-0.0006512012911465883,0.0010756908812490273
1965-09-20,-0.007436834317816179,0.0008359553113495563,0.23278693649952922,0.0007777278032680016,0.00038764663672043116,266.6914067708391,-0.0007265672234997238,0.0008203170898943971
1965-09-21,-0.00329914697482761,0.0008230276700467041,0.23644145958392182,0.005156454203997628,8.59968111676685e-05,268.73590009944365,-0.0004103799629430313,0.005253639665666516
1965-09-22,-0.0059827415872428374,0.0008131571240344291,0.28160977408486343,0.004993874495480694,0.0,268.5508479928342,-0.0007309040138866269,0.005074529551923322
1965-09-23,-0.007843331596945639,0.0008044841430955015,0.3071978725282486,0.001970648997079181,0.0,264.57829741569566,-0.0007163935609288136,0.001976703452520192
1965-09-24,-0.010401007482561016,0.0008008614771783689,0.30078768685263657,0.0,0.0004027607603430075,269.051644542572,-0.0008515327179667641,4.351138045421976e-07
1965-09-25,-0.011014614948781871,0.0008115191749260252,0.28208196320327217,6.543104089586076e-05,0.001706894203010252,272.2843295813954,-0.0009446501426693411,0.00035897964208855127
1965-09-26,-0.01168527348903613,0.0008374954347556594,0.2585913591690207,0.0003113199214814073,0.004287150809488728,274.1683659059629,-0.001093218734456321,0.00039176277250223816
1965-09-27,-0.0062038225811080075,0.0008558886872846528,0.22214888807968458,1.2888031154029116e-06,0.0050048142629491406,274.82099956217905,-0.0004567364704305843,0.0023595019050109923
1965-09-28,-0.0031368314041256232,0.0008433978099607478,0.20457559071916198,0.0029621681166907493,0.0024146602862635575,273.85287048138696,-0.000249195549279283,0.005854577902581796
1965-09-29,-0.006290585349845348,0.0007580844527584012,0.2329205011917373,0.007953973602777147,5.358976369860482e-05,271.13071351850556,-0.0007647671079063147,0.008315653139851617
1965-09-30,-0.010873308457897208,0.0007624591642853904,0.24826204978813562,4.467801690775123e-06,0.0009239406698504411,270.8104811271481,-0.0011042780427020149,6.191120948737552e-06
1965-10-01,-0.014001717885672038,0.0008323508299003215,0.2278280312058616,0.0,0.005806514646037151,275.3208995395237,-0.001222047465458765,4.142522307404306e-07
1965-10-02,-0.013355546373095217,0.0008318075689218813,0.18897679790489644,0.0,0.00589180395722726,276.8485349450408,-0.001175919474013108,8.463859444418631e-07
1965-10-03,-0.015254864963771262,0.0008431818694044641,0.1486096858080273,0.0,0.0066326967950931385,278.4763742148764,-0.001220192623424665,4.351138045421976e-07
1965-10-04,-0.01778567603415689,0.0007945368182187701,0.11153663304790491,0.0,0.004073284482215084,278.8923691679529,-0.001361969784744042,4.351138045421976e-07
1965-10-05,-0.009600494204267944,0.0007569403466531786,0.08864511608403955,0.0,0.0021446905714475506,278.62692621378346,-0.0008977432393253187,0.0001944563030762077
1965-10-06,-0.015522661434728547,0.0007702269628223053,0.07427829088688795,1.0243264463661755e-05,0.002886550048481947,276.0258254537924,-0.0013019550686418002,0.0005016118630087245
1965-10-07,-0.017541539029212995,0.0007329912340573673,0.058427311381826746,0.0,0.0013598359931828613,277.06891606936125,-0.0013944799932888,0.00039109175145666473
1965-10-08,-0.016403538190712365,0.0007596040344507682,0.046820746527777776,0.0,0.00304787326077957,278.42931187803913,-0.001299146362869753,4.4107436991680515e-07
1965-10-09,-0.017538944585511914,0.0007404746477213283,0.031633452507062156,0.0,0.002220336442529145,280.86166134347576,-0.001356030945892388,0.0
1965-10-10,-0.012930931470825174,0.0007210224866867067,0.021556329816972697,1.3823984032970364e-06,0.0010539368426395676,278.2396659563715,-0.001048602111174562,0.0007346329706870885
1965-10-11,-0.012292207381819603,0.000702197184670443,0.02197380568797081,0.0008324332072236443,0.00044874065045246304,274.42923112642967,-0.0011084734351705697,0.0013372622968229654
1965-10-12,-0.015581831209740398,0.0006982164699479012,0.019586652910193035,0.0,0.0006547218851618848,275.93918393381125,-0.0009422705556123945,4.1967354036387405e-07
1965-10-13,-0.011163774225334664,0.0006932074488219569,0.016275811779072506,5.0062218965110135e-06,0.0002260482580648304,275.98276645854367,-0.0007506496151961849,0.000701386527792451
1965-10-14,-0.013596195874914611,0.0006915091794762908,0.014533263815324859,4.472705603992872e-06,0.0005543658583514435,276.0132132600257,-0.0011439204878978813,0.00018953783690463333
1965-10-15,-0.017715303069454128,0.0006864855518448825,0.011017592837806027,0.0,0.0005338585877654243,279.00201413501236,-0.001211622703588952,8.550332495360635e-07
1965-10-16,-0.0063668190591079366,0.000685044096014594,0.017684333068502825,0.0024222097659515125,8.755398251242556e-05,274.0487975068461,-0.0007726835234269584,0.0034649551135722805
1965-10-17,-0.01065572224936243,0.0006847844622229453,0.0248745273511064,3.9704207141520616e-05,0.0007983735304767803,274.8324156507934,-0.0007113137329786512,4.235258542378734e-05
1965-10-18,-0.010138549415741938,0.0006718517696790103,0.019976772157485875,6.037390669860409e-06,0.00021128645850776955,273.8181742400549,-0.0005852105780004783,7.906875700330289e-06
1965-10-19,-0.006332824080340606,0.0006694070531823543,0.020311028719397363,0.002953384218916382,0.0001293637047884828,272.77478228854596,-0.0002684356739460412,0.003183162784663917
1965-10-20,-0.008923603358578548,0.0006699671095373941,0.061521138624058384,0.00385408307620361,0.0003712961271321033,271.0009002218588,-0.0005254607047822516,0.003943271421397797
1965-10-21,-0.011291344371219139,0.0006981578755513424,0.054775546948564034,0.0,0.002229630399895254,273.889028175627,-0.0005368649707002155,4.261732051702438e-07
1965-10-22,-0.013569569604544989,0.0006836448180473458,0.0403388359227872,0.0,0.001505585776715629,276.8148487399976,-0.0007888807436335559,8.642672355563263e-07
1965-10-23,-0.014053815796887137,0.0006773236107691533,0.029806995571445387,0.0,0.0012756944502477592,278.812060993719,-0.0008000609922712132,8.523463748133508e-07
1965-10-24,-0.01544152263362529,0.0006660118614886441,0.020952185219515067,0.0,0.0007717672651265302,278.0019839299377,-0.0009175740224493426,4.351138045421976e-07
1965-10-25,-0.014075087667521784,0.0006567902315807882,0.01580316288547552,0.0,0.0004013420035273342,276.8028976059678,-0.0008284350657193673,1.2919418850287911e-06
1965-10-26,-0.011537314976676037,0.0006544426672876218,0.012531862420550849,0.0,0.0004175036598396841,275.2956317786668,-0.000684229125621292,4.3511388270189855e-07
1965-10-27,-0.012962407774507662,0.0006538685095512261,0.010065628310381358,0.0,0.0002572639808479676,275.9851145483904,-0.0008032232691339181,0.0005138060466368182
1965-10-28,-0.011998717141690228,0.0006449226774064835,0.007969283339218456,0.0,0.00015471397904352952,274.75632675803087,-0.0006653812561331496,8.594090594726822e-07
1965-10-29,-0.012126974045893567,0.0006423835868889329,0.007215711805555557,0.0,0.00015757588595993776,275.38502266447426,-0.0006627634767506083,1.2821143400287838e-06
1965-10-30,-0.012044035024562125,0.0006401802776223523,0.00578420175670904,0.0,0.00017739558792383657,277.2521674448937,-0.0007112685033241235,4.351138613856165e-07
1965-10-31,-0.011581356916050453,0.0006378177279806407,0.005964433630532016,0.0002703785391177161,0.00014595766315015697,275.06357788186517,-0.0007204235410370396,0.0003653469827034926
1965-11-01,-0.014174154417662973,0.0006344082665308721,0.005317759828154425,0.0,0.00014106871423411505,276.94553060226303,-0.000724848554506477,4.278645064914599e-07
1965-11-02,-0.014146777532868467,0.0006308550551786263,0.004266943635240114,0.0,8.310593327896744e-05,276.51387841463537,-0.0007070095494052785,8.52346317969932e-07
1965-11-03,-0.01148197193772106,0.0006276688164910354,0.0035752118644067797,0.0,4.464901436520162e-05,274.64048990511856,-0.0005271293243951043,4.351138045421976e-07
1965-11-04,-0.009301202066537352,0.0006251012706487192,0.0030345162429378536,0.0,4.174913895332208e-05,275.42230167855877,-0.0005136031952113081,2.1427869114631903e-06
1965-11-05,-0.011238038834542205,0.0006225802804117149,0.002790375617937853,0.0,4.120860354038282e-05,275.0346875594834,-0.0005229714426532978,1.2904405366498395e-06
1965-11-06,-0.010002328261817243,0.0006199911826074461,0.0020579537429378536,0.0,3.522653448379646e-05,274.4642667357307,-0.00037899530771593593,1.2874602361989673e-06
1965-11-07,-0.011404615295472119,0.0006176005985777257,0.0020579537429378536,0.0,4.228870621172049e-05,275.0441031339254,-0.00048736768043310634,4.410743663640915e-07
1965-11-08,-0.010277572072158426,0.0006148116400012862,0.0020579537429378536,0.0,2.6012607718591637e-05,273.9136813068569,-0.0003919877469708017,4.351138045421976e-07
1965-11-09,-0.010080489650958003,0.0006146113582923588,0.0019002508533427498,3.302122576762054e-06,1.6345226832028838e-05,274.13129523469456,-0.0005359668021569145,0.00030566583582236943
1965-11-10,-0.008896058056987613,0.0006109410844280221,0.005755695695032957,0.001428218253251523,3.880226595253595e-06,271.3327563765359,-0.0003529888509357043,0.0016267003480770093
1965-11-11,-0.006078703339490514,0.0006074673459354768,0.013979694488582866,0.003125882060345957,9.365800747090142e-06,269.5694268149396,-0.00016197033415911563,0.0031749512010821115
1965-11-12,-0.007438956428382357,0.000604784084578692,0.050064690368997175,0.003364223292318442,0.0,265.4976077932872,-0.0003073448157411511,0.0033961487675583804
1965-11-13,-0.00791123240007519,0.0006081198400023294,0.05518957450564972,0.0,0.00037677947031912836,267.20744719927376,-0.00026872927207226136,1.718623764190852e-06
1965-11-14,-0.00512287319548386,0.0006021861471025284,0.047412247307556506,0.0001126105165750967,0.0001553448369610781,270.9968661220285,-0.00020272760404705327,0.0001405501768851413
1965-11-15,-0.00832152939112173,0.0006002044610384495,0.0464568344662194,0.0002724734992630738,0.00018116657090725872,271.6658979261438,-0.0002768071484094286,0.000312036477908317
1965-11-16,-0.006348289801912793,0.0006032188733418783,0.06838098443385122,0.004293677202389066,0.0005083249955527526,268.7674981384852,-0.00030746969715350094,0.004370184924608813
1965-11-17,-0.002191625367113426,0.0005984976466766185,0.06939892670080039,0.001226430411561061,0.00031586616473682855,268.3184464700703,-0.00015179136778506857,0.0014341761939718287
1965-11-18,-0.005689037384959937,0.0006031101874712497,0.07508979409427967,0.00023260784182844863,0.0007979398603829962,270.25046844985303,-0.00029260003781419693,0.0002466458601001081
1965-11-19,-0.0066778174480475955,0.0005916851641094618,0.06990169086923258,0.00022455803671125638,0.00025741947488596215,270.69698395881727,-0.000330242012643208,0.00024719599444987414
1965-11-20,-0.007018734506294554,0.0005897502862127487,0.06661889602459982,0.0,0.00026497274300472885,266.51390233012916,-0.0003441592604763764,8.642672355563263e-07
1965-11-21,-0.006334277196119062,0.0005844548597174176,0.0633344919668079,0.00027363964140751944,9.318678981840275e-05,265.0216982315265,-0.00031338524241737053,0.0002770323032663468
1965-11-22,-0.006515944071408718,0.0005848534868261909,0.06230275644420905,1.6654762676206688e-05,0.0002530575598363823,266.05842942347414,-0.00030574848149287503,1.7514959521536006e-05
1965-11-23,-0.003015383951744791,0.0005789117119406577,0.06190160259239642,0.0018719141766176388,4.129081248900312e-05,267.3148204386796,-0.0002054744163307093,0.0018791661760105523
1965-11-24,-0.0009490672898831342,0.0005758933428317141,0.08069836172904896,0.005580449571548883,0.0,267.1254762121513,-9.442158148618743e-05,0.005617786783327794
1965-11-25,-0.00306285084304163,0.0005766754433260126,0.1405125849664548,0.0070433620005677655,0.00021935218555779108,267.0936041830174,-0.0002291991696350992,0.007067838664679932
1965-11-26,-0.0025792991963483522,0.0005708624750880871,0.15977578603166198,0.002135080069640262,0.0,260.35429673994105,-0.00021371685263127258,0.002149326855077636
1965-11-27,-0.0023471838926191384,0.000568419947462567,0.1669206924582156,0.001325131325566836,0.0,260.27779046829136,-0.00021974047866918272,0.0013275428847728341
1965-11-28,-0.0030309714924144204,0.0005692592532621266,0.17329317656838514,0.00043851608610422603,0.000212314775434591,261.4941911571668,-0.0002935571427651718,0.0004421556989010848
1965-11-29,-0.004543173237372253,0.0005719000000064656,0.16878921882356404,2.558457817734972e-05,0.0005346417090313583,263.78132374722185,-0.00031919542721099107,3.0294835151144172e-05
1965-11-30,-0.006493793032263632,0.0005758737692725187,0.16056522003001414,0.0,0.0009225428020213283,266.7669163073524,-0.00038310548679976815,2.160008936138348e-06
1965-12-01,-0.006366847051402271,0.0005688844090801175,0.15086764175788606,0.0,0.0006428377145091019,264.85524406361264,-0.0004128632793402942,1.2576571748468268e-06
1965-12-02,-0.005680750024183995,0.0005743403387608502,0.14204777432026838,1.9106319395162294e-07,0.0010950673939818043,266.26669995079834,-0.00037502371679759973,1.836126133546991e-07
1965-12-03,-0.00583071383716023,0.0005676407093382151,0.1319060532162194,3.196888387539966e-06,0.0008460034190093057,267.9887762626461,-0.0004163140767795892,5.7673386366352686e-06
1965-12-04,-0.009300609976895113,0.0005597899862601933,0.12273422787193974,0.0,0.0005244841893850748,272.99208716484117,-0.0006618727377410664,4.410743663640915e-07
1965-12-05,-0.008309041334074096,0.0005717990593721638,0.11285090042372882,2.8126994095279673e-07,0.0013443855621383689,269.8353715670311,-0.00042064257471238157,1.4354956687189142e-06
1965-12-06,-0.00737625895078573,0.0005639370551890573,0.10245009600105934,0.0,0.0010201128062892093,269.43274486491464,-0.0003314305696699579,8.52346317969932e-07
1965-12-07,-0.007607550523375389,0.000560046926056598,0.09320309741348871,0.0,0.0009203324104938131,269.8178600663295,-0.00034260356767197786,0.0
1965-12-08,-0.0077558457430473154,0.0005556025074026679,0.08499794940266009,0.0,0.0007913485169410708,269.6360160734245,-0.00032494738066600546,8.702277796146518e-07
1965-12-09,-0.006685198616173308,0.0005539983174221664,0.07759855740936912,0.0,0.0008289282667939947,268.109845166826,-0.00024517303553678224,1.6964189057944168e-06
1965-12-10,-0.004330128431320191,0.0005480135228000792,0.07097802458509887,1.4305009511904528e-05,0.0006144560641993238,268.8954821800333,-0.00015439624019430182,1.5996354447919773e-05
1965-12-11,-0.0026151810241284343,0.0005347737989856699,0.0747771469662194,0.0014859493716625172,0.0,269.6347468855691,-0.00014447814937533634,0.0014892604391453631
1965-12-12,-0.0030683420472225904,0.0005392867461436212,0.07832730108286254,8.500175876806014e-05,0.00039426429923308104,265.30233711846137,-0.0001527287308021454,8.713520505878191e-05
1965-12-13,-0.0015157764661783554,0.0005302111812904056,0.0858064640713277,0.0029511141490801583,0.0,263.558468040998,-0.00014729507919927103,0.0029575270952355657
1965-12-14,-0.0020322195217434297,0.0005279463731636436,0.11412493747057441,0.0012965001123773179,0.0,258.1953361856062,-0.00020717272250834158,0.0013072469446380978
1965-12-15,-0.002144510421039021,0.0005288407795846799,0.1124545742113936,0.00010257546847822976,0.00017417188586488284,255.79176868287857,-0.00020933202809869905,0.00010415818032192798
1965-12-16,-0.0021223638859172327,0.0005237863393826674,0.10668945312500001,0.000643997458414843,1.3202733996897768e-05,256.20493855090245,-0.00021466555989394756,0.0006474295410009528
1965-12-17,-0.00399055033080322,0.0005231977014218347,0.10944051796433617,0.00017782083928248306,9.953971468122666e-05,258.97599127602444,-0.00026453212745445595,0.00018185326608560857
1965-12-18,-0.004668170238955547,0.000521991801800701,0.10664025717984935,0.0,0.000148822569240958,259.40422229084373,-0.0003169021321892065,2.144055496740192e-06
1965-12-19,-0.0042172465789116036,0.0005174179030003521,0.10563978637005651,0.0005969297414445608,1.9863416246101683e-05,264.23143978442175,-0.00028171983815855904,0.0005980544618301475
1965-12-20,-0.0053272878298651705,0.0005199649913162835,0.10504184873764126,1.7336785456555036e-05,0.0002623864444298933,266.6097581148597,-0.0003657828869119203,1.920810184613448e-05
1965-12-21,-0.006327000041465976,0.0005206300713921671,0.1001321393891243,0.0,0.0004074022721099315,266.6042584852086,-0.0003477199434560571,8.434056439909909e-07
1965-12-22,-0.005698429115411251,0.0005186384512206256,0.09460541173787665,7.95161530459668e-05,0.00041211202824856604,264.93924162122937,-0.0003251876829370941,8.271036275065936e-05
1965-12-23,-0.0018413554729714906,0.0005085191315850296,0.09741969566560736,0.001018248603673978,0.0,261.5892969587653,-0.0001676527646470205,0.0010226295154970781
1965-12-24,-0.003928528119951992,0.000508387041630718,0.09838683277424673,2.9880763952341456e-05,0.00010086207697957251,260.8306304946009,-0.0002911981763476033,3.3724809656252475e-05
1965-12-25,-0.0035970295216404117,0.0005042465393152614,0.0974180864524482,0.0011614832164204053,0.0,263.21766925531597,-0.0002610675443363729,0.0011655773785144393
1965-12-26,-0.0016426399013416916,0.0005020647399169578,0.1192289018361582,0.0017764933070557266,0.0,257.357565752306,-0.00015543892158795212,0.00178188814611672
1965-12-27,-0.002721939341159864,0.0004998962421201718,0.11555483830626177,8.173105912019978e-05,0.0,257.15962947694595,-0.00021992747456172097,8.175753604220805e-05
1965-12-28,-0.009061782331453206,0.0004985565687976989,0.11058995593514596,0.0,3.69993306822696e-05,268.5652685398885,-0.0005821354613549965,0.0
1965-12-29,-0.015687550865324206,0.0004956153994899686,0.10423402373175614,8.369935939540971e-05,0.0,270.29715872439516,-0.0007928305721215611,9.052707987316584e-05
1965-12-30,-0.0038067207245503446,0.0004937286767582435,0.11468793218867704,0.007758274127197805,0.0,268.3549386902718,-0.00025690765788326155,0.007878464190871083
1965-12-31,-0.0028388154203608886,0.0004913545092620419,0.16294662561793788,0.0014576065211983052,0.0,260.57381336118766,-0.0002429089640493447,0.0014925684400198581
1966-01-01,-0.0026011434567850193,0.0004892323145085136,0.1633084686911488,0.00043516795513993603,0.0,258.4343474221095,-0.00022576399947290366,0.00043960201150066553
1966-01-02,-0.002951511008254553,0.0004871109195348234,0.16325191634298497,1.949358121149958e-06,0.0,254.6417425805791,-0.0002565200487940999,4.093809438105423e-06
1966-01-03,-0.00474603730911589,0.00048499537558205385,0.1602233771774953,1.0145964932307012e-05,0.0,260.2609777684041,-0.00038781613742901107,1.085306893282956e-05
1966-01-04,-0.005429284762864733,0.0004894490969383111,0.15585781176435973,3.9496495898834057e-07,0.0002952145654602913,264.1808055259863,-0.00045667559771382887,1.679099851651309e-06
1966-01-05,-0.0052684676428299175,0.0004924001161661526,0.14954302944032488,0.0,0.0005171547754336212,265.2044486999512,-0.0003617053725204226,1.2929681361129042e-06
1966-01-06,-0.004997245630638748,0.000482814544338291,0.14494734654543318,0.001318875805469556,0.00018357315053374085,268.2772846868483,-0.0003688252967713917,0.0013573195485229793
1966-01-07,-0.0042065899335058405,0.00048602991184945837,0.16693080751235878,0.003217634760727317,0.00043673034610047855,267.88675897314505,-0.0002506640345110732,0.0032786254660557893
1966-01-08,-0.007850760162550178,0.0004753308781122758,0.16653287208686443,7.277996526599605e-08,6.118555695323622e-05,270.8034559957501,-0.0005788529912630718,9.211106261559995e-07
1966-01-09,-0.006429657634705474,0.00047175274730402203,0.17285868901541906,0.0020096035369035216,0.0,263.7543155433095,-0.00045899100770047834,0.002041223224171191
1966-01-10,-0.004174770397991784,0.0004801309883257764,0.17453732822798967,3.660255569522664e-07,0.00046619612955104165,262.518332098837,-0.0002843522556168212,1.6583565457810854e-06
1966-01-11,-0.0030475154855830527,0.000471544551984065,0.17181936720221283,0.002817081634776067,0.00018802739806094416,265.9798485815188,-0.000314558308971467,0.002832651578059199
1966-01-12,-0.002982005855794681,0.0004703378104894175,0.19317385571151133,0.0013117324455646474,0.0002315871543803458,261.7540527350934,-0.0002687890924471246,0.001329285059234658
1966-01-13,-0.002789160626082771,0.0004682169627335112,0.19270396546904425,0.0002618010687289265,0.000233985462599555,261.89952102488724,-0.00021972565117192136,0.00026575062294454527
1966-01-14,-0.002361028039522764,0.00046096380147556804,0.19417846449799908,0.003168400166566763,1.4497082954072685e-05,265.81958645032176,-0.0002175957480140325,0.0031806038091735517
1966-01-15,-0.0017967955709177225,0.00045841090423239157,0.2257273183704096,0.0032908644337775344,0.0,261.01890089821677,-0.00019227363968973108,0.0033308582783551396
1966-01-16,-0.0021385535766175914,0.0004562120989891096,0.23502742099223167,0.0005811412455671925,0.0,256.0492576340498,-0.00017568025485438816,0.000584629413669446
1966-01-17,-0.0030207581355073355,0.0004558917661171176,0.23254670396362995,7.031748523819918e-08,8.097307830207092e-05,258.7838178695708,-0.00022827343499593145,1.7851402135086364e-06
1966-01-18,-0.005013806461277655,0.0005079538977078799,0.2279618257856639,0.0,0.00047995124833058504,262.57361469879436,-0.00028675848270876935,8.652451697344077e-07
1966-01-19,-0.0010159240856682514,0.0004553373082209442,0.22582823902424676,0.0012675178168857165,0.0,257.55437344121844,-0.00010028736150197391,0.0012697066121847077
1966-01-20,-0.0012565535929916943,0.0004479091214594868,0.24394705964571567,0.0010203232957144916,0.0,252.8820564571747,-0.0001523172125051924,0.0010240074773065384
1966-01-21,-0.0020808979953076206,0.0004458311250654318,0.2412001327830744,0.0003479191307294167,0.0,251.59708051088842,-0.00014507610056191516,0.00035278120230556193
1966-01-22,-0.0029116961157928077,0.0004469797772876287,0.24236359389712805,0.00014140446391482813,0.0,255.39456437177355,-0.0002152651895658445,0.0001438829520651713
1966-01-23,-0.002236979787295821,0.00044244300510923746,0.2472087048316855,0.0015553657365384075,0.0,258.5266764222341,-0.00017881253471145524,0.0015602157950733745
1966-01-24,-0.0014902476200276175,0.00043949787899599243,0.25462832693326276,0.001388684020372434,0.0,256.63936336251527,-0.00015612757938393093,0.0013909025153888727
1966-01-25,-0.003429483264516302,0.0004369457394389783,0.26274174979402076,0.00043428348282636227,0.0,254.1955212451195,-0.00018975228113306446,0.000435137320431426
1966-01-26,-0.004680353832446923,0.0005204277691868065,0.25857894523893604,3.417547644868409e-05,8.521054339947673e-05,261.2802513180031,-0.0003218382944242429,3.647298397662919e-05
1966-01-27,-0.006175934847465343,0.0007064609372683165,0.2520770344132533,1.026454281672246e-07,0.0002671232878488336,264.611902517114,-0.0004817276645851674,8.940696716308594e-08
1966-01-28,-0.0039850860665747,0.00044218025638558775,0.24556500853342755,0.00026907584508933593,0.0,262.0301697258671,-0.00029136459369443905,0.00027289585161442367
1966-01-29,-0.005609191701573841,0.0008558711763155662,0.24558891684322035,0.0003749417972429998,0.00048653093182434473,265.22102076859125,-0.00036175550608816796,0.0003791650750680016
1966-01-30,-0.005910910329239518,0.0007286667823791505,0.23766239259651606,4.82835506988784e-07,0.0003230762536411232,265.96660407474036,-0.00039413682379796686,2.1893085462487133e-06
1966-01-31,-0.002887170404027411,0.0004263213798824677,0.23720123808262716,0.0021390779164888094,0.0,264.2818618817518,-0.00025412181423882307,0.002145312549011943
1966-02-01,-0.002407113248008793,0.00042326159059664627,0.2613605851282957,0.0022779789011357194,0.0,262.0112939859739,-0.0001792690458860101,0.0022824783446311414
1966-02-02,-0.0022454675139680423,0.0004197146091084023,0.31193907427024486,0.006788338539795688,0.0,261.4308826676421,-0.0001942732997533292,0.0067992347781891315
1966-02-03,-0.004643104759986792,0.0004176347605926169,0.32020606204390306,0.00022185604366879006,0.0,258.9972413488701,-0.00021032690686189522,0.000222273566627159
1966-02-04,-0.006884174873936649,0.0004667924285608497,0.3109452702006827,0.0,9.423923694481284e-05,264.9517748055036,-0.00038341464380086483,8.665803648000292e-07
1966-02-05,-0.006477413920022675,0.0008788504506235069,0.3016364318502825,2.8667939921556895e-05,0.0005309560394051386,267.4095672636158,-0.0004034170323172532,3.12270510444944e-05
1966-02-06,-0.005892505500949709,0.0005963015354285806,0.2914108017743644,0.00017788050706777196,0.00021636869105915566,264.73918179873016,-0.00037118356864331134,0.00017810533646293847
1966-02-07,-0.0034750500472925487,0.0004143026252250887,0.2886146789665725,0.0014230377424908221,0.0,265.8396328784203,-0.00020566977834129066,0.0014287224421525929
1966-02-08,-0.003500438426847512,0.00040739463210779395,0.2963706266184087,0.0010071627501040531,0.0,262.38597696020554,-0.0002679569688809794,0.0010151944408438522
1966-02-09,-0.0039232696937975915,0.0004053975397584128,0.32351644339983526,0.0022863452927877675,0.0,259.49479364226323,-0.00026983821417315534,0.0022908337539522526
1966-02-10,-0.002730192269309093,0.00040335414436577403,0.3387761520127119,0.002130998266955554,0.0,255.72630768756184,-0.0001952773286292782,0.002133942862683511
1966-02-11,-0.004336213030047336,0.0004013868543387807,0.3432922938000236,0.00022559008945179524,0.0,256.7612899054691,-0.000212269724678185,0.0002275907338472059
1966-02-12,-0.002536740511824183,0.0003993980123498345,0.3565995670756827,0.0047449505556437935,0.0,262.07033241042086,-0.0002688045618729403,0.004748820145355523
1966-02-13,-0.001656142879003859,0.0003974059712415362,0.37509655278954807,0.0012926568966464135,0.0,252.34609889086136,-0.00012143108846440828,0.0012985728978629073
1966-02-14,-0.0031135565901206715,0.0003954469315749778,0.3871787550759181,0.001124894446403967,0.0,254.2162439630081,-0.000152043466808769,0.0011271894307058594
1966-02-15,-0.0027601920110357685,0.00039347964154798435,0.399773146922081,0.002358189347268498,0.0,253.16874113639645,-0.0002284038517266344,0.0023642015399197316
1966-02-16,-0.003255311589119798,0.00039153045180153717,0.4014612115260123,0.0003000804259952179,0.0,255.48085777009723,-0.00014973723850512908,0.00030786408544050106
1966-02-17,-0.004352272819664519,0.00038958471373649645,0.4007393644803437,0.0008645981634404028,0.0,261.1433849442477,-0.000219839267264315,0.0008719703235195183
1966-02-18,-0.004762239333263225,0.0003876421747908081,0.4157636681967985,0.004145003560572695,0.0,264.15143881544554,-0.0002735169120343392,0.004167550724226955
1966-02-19,-0.006952867585386933,0.00038570628664587857,0.42623435844809326,8.229098919421267e-05,0.0,264.573544094567,-0.0003140936316238285,8.50600835906463e-05
1966-02-20,-0.006865161623658433,0.00038377864886138404,0.41475400188323924,6.794455950543032e-05,0.0,265.89889244036493,-0.0004050725344884194,7.138397060545151e-05
1966-02-21,-0.0036550967370049432,0.00038187416259851835,0.41985612714806975,0.0036992702191158884,0.0,263.7054739411493,-0.00021369610571086745,0.0037105800005838574
1966-02-22,-0.00707679250314411,0.0003799763271364115,0.44309316516596053,0.0004674045547927167,0.0,261.2805670255097,-0.00026949475082637227,0.0004704552091500434
1966-02-23,-0.009696962217153129,0.00037809499239517476,0.43377398187382293,0.0,0.0,262.76174949387377,-0.0003716872826134418,8.58356884236855e-07
1966-02-24,-0.01124786535056971,0.00038121926919215145,0.4224559259504473,0.0,0.00016604227113858457,265.68349799104107,-0.0004941592003497701,2.1517276422855502e-06
1966-02-25,-0.007401995865975397,0.0003743820776373654,0.410151882135711,1.365897682427013e-06,0.0,264.569797605669,-0.00042383542210705543,2.0751171525318704e-06
1966-02-26,-0.007670110565120892,0.00037251404449764624,0.40134281941501887,0.00030653210262120785,0.0,263.14932690636584,-0.00032601577603379216,0.00030724258072632185
1966-02-27,-0.006076680569998962,0.00037067076243923206,0.3994092348605226,0.00046345448426607643,0.0,262.31354808268577,-0.00033185693124930066,0.0004663109610983208
1966-02-28,-0.007543910778848467,0.0003688423815420119,0.40527159839924676,0.0011141707878665062,0.0,262.1421767304846,-0.0004053887947972885,0.0011343747545315586
1966-03-01,-0.007238818679825735,0.0003669825987627278,0.3995522249440913,0.00028805967188824373,0.0,263.7964918168925,-0.000470161822093072,0.0002920630624056669
1966-03-02,-0.0025318486794913557,0.0003652204733110417,0.45966989980579104,0.010427315398461402,0.0,263.5734708178964,-0.0002402429505761734,0.01046891446493984
1966-03-03,-0.0021177594692020096,0.00036341364437577413,0.5413439044844632,0.0064451062241516555,0.0,254.7390353711087,-0.00027363519000131535,0.006448544553398736
1966-03-04,-0.004498353869901538,0.0003616166653606178,0.5598942241201742,0.0002228886857207886,0.0,252.7215713565633,-0.00022840650888991223,0.00022658220781988995
1966-03-05,-0.007517811479204792,0.00035986944107012565,0.54850444326742,0.0,0.0,256.29126827505803,-0.00022567611313977488,0.0
1966-03-06,-0.009419801502914752,0.0003581254158989858,0.537509609301436,0.0,0.0,262.48958420977976,-0.00028346306354986076,4.351138045421976e-07
1966-03-07,-0.0091439225411011,0.000356348389286106,0.522680939927613,9.667444027076333e-07,0.0,266.9826317228615,-0.0003991398097431592,1.8225888024716626e-06
1966-03-08,-0.009493995478934487,0.000354563112312791,0.5203310289400895,0.002150892432631746,0.0,267.67313507496755,-0.0005083107784137888,0.0021843425682592215
1966-03-09,-0.009397068055672834,0.00035290024374837935,0.5075550258945386,0.0011791837333285876,0.0,270.33242111780777,-0.00041057607211635613,0.0018324576126223738
1966-03-10,-0.00820111298123322,0.0003511479682168045,0.4953666155396658,0.0004491814869945333,0.0,270.14933785835456,-0.0004747399249992802,0.0008201671353500171
1966-03-11,-0.009670325760113993,0.0003493725411636008,0.5030860110640302,0.0025425127965245545,0.0,267.39396327677866,-0.0005161473843253266,0.0026181417500669405
1966-03-12,-0.014422197505242408,0.0003476649691156075,0.4926325623822976,0.0,0.0,267.6719395229821,-0.0006098611290845494,1.730889437112637e-06
1966-03-13,-0.013620604650448948,0.0003467415180583458,0.47807814890830985,1.773027713689427e-06,2.588589523134932e-05,271.3236726448361,-0.000633804527463886,2.0468470740452997e-06
1966-03-14,-0.013305580211898028,0.00034427457610092596,0.4613207226194681,1.2945931004939106e-05,1.862645149230957e-09,271.77301657940706,-0.0006924363505621414,1.3804755534623751e-05
1966-03-15,-0.013186611319329106,0.00034258350477380265,0.4459982546933851,3.5255558073183913e-06,0.0,270.6511448754205,-0.000737793754133801,3.301114046790403e-05
1966-03-16,-0.00956943252329099,0.00034101189529828435,0.4360004432232816,0.00143125425961058,0.0,270.7959479459486,-0.0007226146115674138,0.0019458047576693077
1966-03-17,-0.00909287036307114,0.0003393173722897546,0.47537191214983526,0.006676904267847202,0.0,263.5891896156268,-0.0006809592310149791,0.006804756443254216
1966-03-18,-0.011206622430160223,0.0003376941559678417,0.505635234595692,5.306280349607522e-05,0.0,261.1479921107463,-0.0005757426737812954,5.492781847377272e-05
1966-03-19,-0.013595547800683705,0.0003360759908870115,0.4949029322622411,0.0,0.0,269.59906564414393,-0.0006331165063347521,8.70227722771233e-07
1966-03-20,-0.018936459711716,0.0003344543741247748,0.4771546904425612,6.7060697550154e-05,0.0,266.8592496681573,-0.0012235454057401185,9.827170764390367e-05
1966-03-21,-0.008160721952632323,0.0003328726621670912,0.46846493938323924,0.0016066910393830746,0.0,263.9333258627049,-0.0005159508279066976,0.0016581572886899974
1966-03-22,-0.005965688849909831,0.00033128589896832487,0.6143674688824153,0.01521681194419915,0.0,258.9771231024504,-0.0004363796742117338,0.015245921075900101
1966-03-23,-0.007948501172375545,0.0003297089856896697,0.6566433376736112,1.2630649374029732e-05,0.0,257.9165564750772,-0.00025589608371594534,1.3495434373165714e-05
1966-03-24,-0.012150534549675419,0.0003281570760543737,0.6421309936293551,0.0,0.0,265.9502231360829,-0.00039014627494044234,0.0
1966-03-25,-0.011821673919925583,0.0003265868135764774,0.6211204169609228,3.2780449942680403e-06,0.0,267.8527563386044,-0.00043499251922308395,3.2759824041592877e-06
1966-03-26,-0.01284514367580414,0.0003250546037814038,0.6005893858139124,2.062590108752924e-09,0.0,268.9853204486509,-0.0004933418358786632,4.351138045421976e-07
1966-03-27,-0.015086519810776253,0.00032354074682893055,0.5775226945032956,0.0,0.0,271.38731140740174,-0.0005710661874315833,1.2814998058274796e-06
1966-03-28,-0.01587127755254002,0.00032199363587266314,0.5536111662841338,0.0,0.0,271.96902045197857,-0.0007149891580565502,0.00013817363532836816
1966-03-29,-0.014654262043998742,0.00032048962884030104,0.5322428845191856,0.0,0.0,271.9263781208103,-0.0006283095664223709,0.0
1966-03-30,-0.01798215954653961,0.0003325657992713196,0.5079290530102402,0.0,0.0004931685151690143,274.6434529801996,-0.0009114905707748597,0.0
1966-03-31,-0.012921743894700953,0.00036071442951590325,0.4810299056173493,0.0010150209027158339,0.0010213348909286458,274.17861798388816,-0.0008555425194192069,0.002017210432365116
1966-04-01,-0.015284087572057369,0.000319656594998419,0.46845758298022605,7.087781520213112e-05,0.00013040582844093022,271.62505526641445,-0.0008406935333363756,7.999608397564623e-05
1966-04-02,-0.010874612856719455,0.0003152577217015843,0.48385223561087576,0.0128830651947334,2.2345006802661275e-05,271.95557635607247,-0.0009765823734766347,0.013685371613052928
1966-04-03,-0.006043704216089626,0.00031310185200750495,0.5745709377942563,0.00646541747501341,0.0,262.6807278096115,-0.000515590116676301,0.006468744466431451
1966-04-04,-0.0068370396387105615,0.0003116590491795944,0.6215381227195151,0.0036045748551013102,0.0,261.2015358984134,-0.00039035719056419065,0.0036103257584367858
1966-04-05,-0.010885038744595092,0.00031021624635168394,0.6349865469779897,0.0003409127225983615,0.0,263.084051818273,-0.0003940256386153442,0.00034415892062274216
1966-04-06,-0.012894718239536395,0.00030884794932974264,0.6208817936381827,0.0013257194584035605,0.0,269.5926243230673,-0.0005562256516541465,0.0019311325192101795
1966-04-07,-0.008017542672022588,0.00030738359453987945,0.622447787929614,0.0032060050358206542,0.0,269.179923752607,-0.0004874062645485846,0.003293831553836327
1966-04-08,-0.012501859016674386,0.00030595729243283894,0.6221962909016008,7.538598472789184e-06,0.0,268.16013599474775,-0.00046103845987111166,9.968506402969337e-06
1966-04-09,-0.016654526656967098,0.00030660183079498634,0.6039687334480932,0.0,2.6747437015091635e-05,272.4814378447452,-0.0007105342475539547,0.0002473103629667207
1966-04-10,-0.0144549467637714,0.00032159904975675595,0.5800378946710217,0.00012149388170511709,0.00023409821050988754,273.08651344744726,-0.0009605942272954742,0.0014914059873678456
1966-04-11,-0.0042067081746408495,0.000301907207332762,0.6011227250323682,0.01303120691981693,0.0,270.80285054725897,-0.00042491853973791423,0.013779114649691879
1966-04-12,-0.009210348297647164,0.0003004841043450738,0.6704379726488936,0.002434344509732252,0.0,269.5159088501149,-0.0005395009871677491,0.0027924279707623604
1966-04-13,-0.014183595103059112,0.0002991006535998846,0.6585776118908899,0.0007518647333322945,0.0,269.4545701416648,-0.000769047450674119,0.0008038635475137677
1966-04-14,-0.0162541271097916,0.00029772570577718446,0.6450825204508004,0.0,0.0,269.68591533093354,-0.0006740693750101968,8.583068797918258e-07
1966-04-15,-0.016561769790905345,0.0002964119621589359,0.6268158821062854,7.845307726644529e-05,0.0,273.1158540657461,-0.0007416082988098517,0.00014690716818131221
1966-04-16,-0.010699860078130065,0.0003197994609337069,0.6280641717425849,0.005910862153027691,0.00033380899388911364,273.0506053752145,-0.0006131168223370267,0.008550497047542908
1966-04-17,-0.00464146697925309,0.0002938126776851503,0.6911800406073446,0.012962829005920282,0.0,266.48210871062486,-0.0007713971406979077,0.013045422235884107
1966-04-18,-0.003377179262665032,0.000292500533626578,0.8441796599134886,0.014932836221773075,0.0,261.240714161185,-0.0003916023951549988,0.014938736483830168
1966-04-19,-0.0043912774088692525,0.0002912232431314759,0.9903559855373119,0.005603161992999794,0.0,258.1014295639067,-0.00034563358094395893,0.005607456625484047
1966-04-20,-0.008161499549103323,0.0002899393018356151,1.0019381823063795,0.0002317329247792562,0.0,258.23939450941066,-0.00024873228733148954,0.00023453377268311406
1966-04-21,-0.010382455494781,0.0002886902141032246,0.9768792851047553,0.000356469724306279,0.0,263.6848811923672,-0.00030961143389596777,0.00035902470518640205
1966-04-22,-0.012177740870896034,0.00028743927424910385,0.9474985011328861,0.0005709633104881998,0.0,265.63313721622677,-0.0004904073962973336,0.000587559857610929
1966-04-23,-0.013495227416693156,0.00028617688491519566,0.9184404793432205,0.00014290994422583932,0.0,267.5603510538738,-0.0004865538834010141,0.00014518141156682853
1966-04-24,-0.013198424951504854,0.0002849788989050914,0.8871989851842045,0.0006475392413341393,0.0,269.5534703673167,-0.0004972141172926305,0.0008495909125051088
1966-04-25,-0.014988558061715574,0.0002837811654570413,0.853445969058969,0.0,0.0,272.6673022304327,-0.0006827426611282732,0.00038851536599929725
1966-04-26,-0.014310219656612916,0.0003345239970643642,0.8152478464130181,0.0015226994867378711,0.0009778319400245861,274.21239262381516,-0.0009212261434160384,0.004617756520926858
1966-04-27,-0.010833885668024505,0.00028262131631711106,0.8379761431850283,0.008440450128525664,0.0,266.2055690319974,-0.0011428479883967147,0.008636549380969236
1966-04-28,-0.010740960553541023,0.0002800980530216196,0.8508576646362994,0.0014364745909884828,0.0,264.99459300068145,-0.0005095223028023364,0.0014384374611795287
1966-04-29,-0.005908771423296741,0.00027894982173617955,0.8720070934116054,0.006472394333384131,0.0,266.10270779640217,-0.0003964058518157167,0.006478496864017122
1966-04-30,-0.014061826770588502,0.0002777321358858529,0.8883265838335688,0.0003738011428191837,0.0,267.3866338640059,-0.0004829251033774877,0.00037395154352241997
1966-05-01,-0.018803689565698983,0.00027659215496084785,0.867820380546728,0.0007991439499760752,0.0,270.8635789616185,-0.0007556368633683792,0.0008992735443815674
1966-05-02,-0.022321424915292168,0.0002836876333096607,0.8399104174023071,0.0,0.0003158899266167549,274.1584162164318,-0.0009234716305456593,0.0
1966-05-03,-0.024424010498375545,0.0006732223397594388,0.7939984165342515,0.0,0.004143351762644989,275.9779539808715,-0.0009750784348464955,4.383744328092715e-06
1966-05-04,-0.026101391278417773,0.0016145935166353561,0.734231550141243,0.0,0.007794489400029857,278.4736730212771,-0.0010763450583579851,2.5796081241863295e-05
1966-05-05,-0.024475650051556067,0.002799081179381764,0.6675390900865114,0.0,0.010514572599513383,280.0877684110078,-0.000848346521372849,0.00010939693383080475
1966-05-06,-0.02451674463385243,0.00384751618918726,0.6011744497410546,0.0,0.012635402970731596,279.674185000346,-0.0007768125025986953,1.8344087002102028e-06
1966-05-07,-0.025809202153803938,0.003954833173482432,0.5352668259327921,0.0,0.01280349048938455,280.84638051753217,-0.0008817952557724749,1.3805974516591222e-05
1966-05-08,-0.013154214090209898,0.0009264776767310451,0.4834775188323918,0.0006071787306481163,0.005000909611498569,275.6684904008711,-0.0004770411336320942,0.0012005622478413077
1966-05-09,-0.020111535102297358,0.001914956812131203,0.45576663834451514,3.538804791741453e-05,0.007757422635279133,276.030696585129,-0.0006784419555448543,0.0001782650663678119
1966-05-10,-0.008139761827759825,0.005106648314470626,0.41737426068149713,2.5259804422572512e-05,0.006362098274426272,275.46359335545543,-0.0002812155138301311,0.009744231583892215
1966-05-11,-0.006435230458523595,0.000551063798915195,0.45423420764183153,0.012390048343077893,0.000671422961404768,269.06623692701095,-0.0007738933956387354,0.014139222452784475
1966-05-12,-0.01076625691632093,0.0002689191513815842,0.5039933773981874,0.002471549952097532,0.0,265.91130202413734,-0.0006501995826845116,0.0024760212265165513
1966-05-13,-0.015169981972309156,0.0002934770227152076,0.5114534597163372,0.0020076761306342433,0.0001307299707905721,270.46126725938586,-0.0007168616426024735,0.004624785524975708
1966-05-14,-0.01357820886844969,0.0012741202520111861,0.51765766610758,0.0012405940705100024,0.001831650334057835,273.17501203174197,-0.0007939189146299148,0.00592609206161788
1966-05-15,-0.017474875485492966,0.00027895950328158796,0.5083198619203155,0.00024064482942139364,9.155488115246013e-05,270.62845254887293,-0.0012056938567235646,0.00046144080700847396
1966-05-16,-0.02013711547110714,0.0006282743761094951,0.49504776144656315,0.0,0.0024354202767549937,274.7521015749139,-0.0010037857849719161,0.0005307972094433456
1966-05-17,-0.018798912564913433,0.000283675005206954,0.47947195739171383,0.00100982187073783,0.00011927419799869346,271.4291103959308,-0.001304912186190907,0.0013820026553729428
1966-05-18,-0.012846801535221143,0.00027679201573301845,0.4883111353872412,0.003199280087052092,0.0,268.5946844032705,-0.0008201410225724098,0.003481956389894377
1966-05-19,-0.019059168080152095,0.00029373202620253054,0.4955438588747646,0.00011185152550875131,0.00043998991197111923,270.79243583463676,-0.0008386394671969496,0.00012862176852310875
1966-05-20,-0.02206213620759673,0.0012802869754996004,0.4812485287193974,0.00018605661425886858,0.004228608293385156,275.5863581009055,-0.0008972823240999447,0.0013429440290170884
1966-05-21,-0.02832507455753068,0.0031172098581400296,0.4423480994732815,0.0,0.01045668447169207,279.36728926477235,-0.001107693739277495,0.00021361464497591143
1966-05-22,-0.02103629468356149,0.004005351982547738,0.38989625632650665,0.0011342401684677535,0.0073336510166610025,278.3154994009129,-0.0010325792903280529,0.006087741969314281
1966-05-23,-0.016355265415994462,0.000325618827410337,0.41498342970221286,0.005811195778476317,0.0,268.1409117560378,-0.0012742741043958287,0.006200094182298383
1966-05-24,-0.023110008424958268,0.0007980821159599865,0.4100390073269775,0.0,0.0029978840953886173,273.53362493640736,-0.0008561365874642032,4.261732051702438e-07
1966-05-25,-0.027338940208241094,0.0023048610168661774,0.3809170767861347,0.0,0.0072719496227590386,278.90946747443996,-0.0009503194609772688,0.0001189548416886087
1966-05-26,-0.027165263891220096,0.0024792750676472983,0.3392940887623588,0.0,0.010055400978373943,278.8985106473589,-0.0008180277411547086,0.00010305493227682209
1966-05-27,-0.026868608290866274,0.0025610464946024835,0.293370363627001,0.0,0.01008257846542671,281.60677596629233,-0.0007390759695889588,2.9822695613041876e-05
1966-05-28,-0.026887927772635125,0.002683537575484669,0.2529522164842279,0.0,0.010164769440047485,282.5179279636304,-0.000939493841033871,0.000687817463002609
1966-05-29,-0.023498358194437408,0.003924561927547563,0.21325959458862992,0.0,0.01099069786947326,282.9914067370744,-0.0010014704170789423,0.002431278640746363
1966-05-30,-0.032492326267358276,0.0033600164503700992,0.17853369416490114,0.0,0.009333367296363,283.93367336653944,-0.0013710671699063927,0.00061698621328691
1966-05-31,-0.028614973365250283,0.004876443979430335,0.1506566049464454,0.0,0.007217455508008515,283.5714086615209,-0.0017538914025503364,0.004479502501420281
1966-06-01,-0.025526837187971774,0.0020010932690679695,0.12788646863229758,0.0,0.005060999491120463,280.5275026238795,-0.001467963933187016,0.001480521924802065
1966-06-02,-0.026455885904320218,0.002638328210108698,0.11051639190501414,0.0,0.00631601807508765,280.90522002455435,-0.001238636972414235,0.0003560071946697819
1966-06-03,-0.02541189788088287,0.0024921660874523016,0.0917182534427966,0.0,0.005424836240077423,280.6768435821246,-0.001388213518312422,0.0018412740328657578
1966-06-04,-0.021240290696338076,0.0009528029773194912,0.0773224624087806,3.5332168562937595e-05,0.0016405882766354558,278.31094708415753,-0.0010950820373192346,0.00048520061582365935
1966-06-05,-0.016188367106820232,0.001702123947736234,0.07534841763771187,0.0006956480611852334,0.002020208028245107,274.89032383647566,-0.0014783745726286354,0.004675769132404418
1966-06-06,-0.019565702158178988,0.0012463385102439064,0.07002215196857345,3.003615275614679e-06,0.0020026764753511396,275.8732396357477,-0.0015226372828086217,0.0022714365335717713
1966-06-07,-0.009915061547594556,0.002351212131101533,0.06352828720868646,0.0002704239581937844,0.002264252490242996,276.79110290326196,-0.0013669562226129792,0.00655104666106445
1966-06-08,-0.00527750885924377,0.005994866460056628,0.0619144762976695,0.0008468573628845862,0.004732744484129599,276.3899745869323,-0.0015744724558234887,0.014670524134627572
1966-06-09,-0.019522095972535302,0.003060130244594509,0.04805984066031074,1.490116119384766e-05,0.004866794214747047,278.3111057712533,-0.001655297795847311,0.0030051534121538154
1966-06-10,-0.024110459843597845,0.002260250812869961,0.03436842521480697,-1.862645149230957e-09,0.0037031220850971464,280.8890849542708,-0.001825017402064329,0.002283318147033756
1966-06-11,-0.01661298857570368,0.0021389525825694458,0.03184379965572034,0.004715997115366877,0.0017287955740414099,277.2376795766942,-0.0024035719175965102,0.011861997421863307
1966-06-12,-0.019182575750822405,0.0016591788011755648,0.05232264631885594,0.0017820623424430354,0.00026567682287113815,273.6509672369661,-0.0015960237600624897,0.002850052596480574
1966-06-13,-0.02304830578929287,0.0018106001918598757,0.060190089453860646,0.0005926034586914515,0.0015380703081182168,274.36237712723613,-0.0016778532762901257,0.0008942275397294255
1966-06-14,-0.02498149640310956,0.0019947858685154026,0.047265349134887016,0.0,0.0035063671947872578,279.331432511353,-0.0017792148473488411,0.0007395112918026703
1966-06-15,-0.00759348660539099,0.003846535574918413,0.03045757746292373,0.0004904230604063994,0.0032525993252204635,277.97314385954724,-0.0020730515657845193,0.012886464762134259
1966-06-16,-0.01719242410134461,0.002127821751907047,0.023320717102165732,0.0001784606841997912,0.0019397032420850743,276.83281444829737,-0.002007851287680494,0.002507233594045274
1966-06-17,-0.022488224346422208,0.002270554418617723,0.015727529866996236,0.0,0.001984235278125537,279.79903266389493,-0.0018233222318655355,0.0012795406372464705
1966-06-18,-0.024803800687278058,0.0025249910725038604,0.008073192531779662,0.0,0.0014283868173758192,282.590166038039,-0.0023880054342881435,0.002013532344130973
1966-06-19,-0.028905017438244685,0.0023833269958442216,0.0034919925553201507,0.0,0.0007047044102754971,283.87660592289296,-0.002259215687291097,0.0001762343833220745
1966-06-20,-0.02873055140177409,0.0024330870243115615,0.0018248477224576272,0.0,0.00033666332394389787,285.2493741777208,-0.0023506645081659496,0.002436902479263349
1966-06-21,-0.027833025207964043,0.00241098153052357,0.0008786303848870057,0.0,0.00017010536318444938,285.18403823407135,-0.0022423558915823194,0.00021797293960700524
1966-06-22,-0.02051908371307082,0.0033632908332145825,0.000405521716101695,0.0,7.861374882654956e-05,284.39971794516356,-0.0023704083731113856,0.010387620055672096
1966-06-23,-0.018993060551794234,0.0025423829164882166,-7.3453647229951e-24,7.3271198461284745e-06,2.354551843330685e-05,278.77695312068965,-0.0030706929579629736,0.0070920639624029915
1966-06-24,-0.030185646256484556,0.002397954800708146,-7.3453647229951e-24,0.0,1.4294801795549988e-05,281.0990886329033,-0.0024849158096111428,0.0013737982106738979
1966-06-25,-0.03437810050228895,0.002360232721614299,-7.3453647229951e-24,0.0,5.75511048069108e-06,278.6103265011603,-0.0023363664493722433,1.275539318612573e-06
1966-06-26,-0.03359019053352755,0.0023346700742419833,-7.3453647229951e-24,0.0,7.159208173805711e-06,282.77359523162556,-0.0027154140374333847,5.376755083910464e-05
1966-06-27,-0.03700749929678642,0.002303063785288967,-7.3453647229951e-24,0.0,4.31375988459183e-06,286.39699343234133,-0.0028449537411416323,5.81131984908803e-05
1966-06-28,-0.03864107836606139,0.0022665662112209086,-7.3453647229951e-24,0.0,2.1173329339862546e-06,288.7681514323319,-0.0028826755466265872,2.069089367305481e-06
1966-06-29,-0.03699122238799003,0.002238426168086165,-7.3453647229951e-24,0.0,8.391374248569294e-07,289.19796081945276,-0.002966476499108272,0.0009659975278680444
1966-06-30,-0.03459887724306624,0.0022488137086232505,-7.3453647229951e-24,0.0,2.4751081305035093e-07,288.12527165170445,-0.0027364701832418388,0.004578281654146729
1966-07-01,-0.01646735615986215,0.0023111023303479124,-7.3453647229951e-24,0.0,8.869137467637576e-08,285.37959107077506,-0.003178577870130539,0.009463936872101376
1966-07-02,-0.027895755687002408,0.002128380082421384,-7.3453647229951e-24,0.0,3.0938851631293866e-08,285.3016698984552,-0.0029617408606207977,0.0013059986752955025
1966-07-03,-0.038092365541027094,0.002073152927355578,-7.3453647229951e-24,0.0,1.0312950543764621e-08,286.53300644179524,-0.0029392559712721135,1.4518426023847487e-05
1966-07-04,-0.042736227145302765,0.002038566742913198,-7.3453647229951e-24,0.0,4.125180217505848e-09,287.0827749507351,-0.003125000424093783,0.00023929165027130315
1966-07-05,-0.038207031575973424,0.0020036225096654084,-7.3453647229951e-24,0.0,2.062590108752924e-09,286.2267241576746,-0.0029378579403300073,0.00029265210443168017
1966-07-06,-0.03448743360527492,0.0019679788479023733,-7.3453647229951e-24,0.0,0.0,286.13495444892266,-0.002871094139997905,0.00011266139930795122
1966-07-07,-0.03852995560835984,0.0019363718012631954,-7.3453647229951e-24,0.0,0.0,288.57409012070707,-0.0027285885949761184,0.0003382726240170472
1966-07-08,-0.03643632890646067,0.0019212147947085109,-7.3453647229951e-24,0.0,0.0,288.7218583209367,-0.0028894245098371294,0.00191416079854279
1966-07-09,-0.03671003120430446,0.0018690680548296137,-7.3453647229951e-24,0.0,0.0,287.8019670640906,-0.00277947945951742,4.625589720407884e-06
1966-07-10,-0.0399542084268931,0.0018429299869106317,-7.3453647229951e-24,0.0,0.0,289.10070486841005,-0.0030768063961196753,0.0007992709423635235
1966-07-11,-0.035873157535232396,0.0018049559350741115,-7.3453647229951e-24,0.0,0.0,288.9390652220128,-0.0027389067230419928,3.497339097544158e-05
1966-07-12,-0.028571852267125237,0.0018947981508438201,-7.3453647229951e-24,0.0,0.0,287.35946126891173,-0.0035170928738211507,0.010516382775448245
1966-07-13,-0.028437266326220022,0.002083842363734703,-7.3453647229951e-24,0.0,0.0,287.19229312401035,-0.0035357845389405217,0.01048335982746698
1966-07-14,-0.029609527123176445,0.0017435559108432404,-7.3453647229951e-24,0.0,0.0,287.6410791142063,-0.0028293952661550656,0.0021838997482990057
1966-07-15,-0.03745571961679028,0.0016927526327176283,-7.3453647229951e-24,0.0,0.0,289.7658979124942,-0.003254574434147717,0.0004459200788566273
1966-07-16,-0.044919375814287,0.0016598067546294908,-7.3453647229951e-24,0.0,0.0,291.69391513544286,-0.003199630958885797,4.489413640840212e-07
1966-07-17,-0.038285694384978995,0.0016337064868312773,-7.3453647229951e-24,0.0,0.0,291.0361063107708,-0.003074772866432276,0.00022938019644582603
1966-07-18,-0.0407913464021548,0.0016055946464592456,-7.3453647229951e-24,0.0,0.0,290.477526045115,-0.0029629472706277494,0.00014775009857514134
1966-07-19,-0.031484480589459844,0.001607244297609491,-7.3453647229951e-24,0.0,0.0,289.07295246806746,-0.0027744530905353822,0.003045129394003054
1966-07-20,-0.033679957906741886,0.0015598308231871008,-7.3453647229951e-24,0.0,0.0,289.7010714356733,-0.0031566486015158187,0.0008549653204147425
1966-07-21,-0.02026564350067559,0.001583975839749568,-7.3453647229951e-24,0.0,0.0,286.3916218321202,-0.002605204965056336,0.005487121818247434
1966-07-22,-0.029712452558474357,0.0015106675146663257,-7.3453647229951e-24,0.0,0.0,286.4683028111575,-0.0028583398509749586,0.0006861585390882124
1966-07-23,-0.03452494226943302,0.0014801875682873917,-7.3453647229951e-24,0.0,0.0,287.1980712804417,-0.002742521980472204,5.3102484585264365e-05
1966-07-24,-0.03948210444995912,0.0014547222414932686,-7.3453647229951e-24,0.0,0.0,289.67599887452786,-0.0028553791975570943,4.9033407387861324e-06
1966-07-25,-0.036384093138457696,0.0014472031323923232,-7.3453647229951e-24,0.0,0.0,290.1605988913786,-0.00284261218572067,0.0018907751766866472
1966-07-26,-0.032766747483089144,0.0014077908238448666,-7.3453647229951e-24,0.0,0.0,288.15292335409686,-0.0023963556198750516,0.0001718599243571394
1966-07-27,-0.03293939195783798,0.001386577631794127,-7.3453647229951e-24,0.0,0.0,287.53657884112863,-0.0023944412521218175,0.0004695674120369604
1966-07-28,-0.025282736425682652,0.0013641447333966271,-7.3453647229951e-24,0.0,0.0,286.7347564912786,-0.0019286971034134849,0.0004651923973900315
1966-07-29,-0.03115922684049876,0.0013411600710981984,-7.3453647229951e-24,0.0,0.0,286.44180046771214,-0.0024597303110495804,0.00027711283680069903
1966-07-30,-0.04086442068640122,0.0013167789090151169,-7.3453647229951e-24,0.0,0.0,289.91523449569104,-0.002400046025039786,8.702277796146518e-07
1966-07-31,-0.030517246553116606,0.001351467212714718,-7.3453647229951e-24,0.0,0.0,289.83543705266754,-0.0020503147089548706,0.0055811912999192475
1966-08-01,-0.012598605900161012,0.002511599053770809,-7.3453647229951e-24,0.0,0.0,285.5566716598252,-0.0037771935527354987,0.01875056097345147
1966-08-02,-0.02577936266270061,0.0014974966561053435,-7.3453647229951e-24,0.0,0.0,286.89295954443867,-0.003585239414567665,0.008377670747504158
1966-08-03,-0.03289065480568989,0.001254896491260852,-7.3453647229951e-24,0.0,0.0,288.07668355808875,-0.0027143255475971656,0.001870547700482772
1966-08-04,-0.028110145933210512,0.0012756755291405371,-7.3453647229951e-24,0.0,0.0,285.612236741348,-0.0032833771527571195,0.0053841870094447075
1966-08-05,-0.030994327728357696,0.001208434923220489,-7.3453647229951e-24,0.0,0.0,286.68703428724615,-0.002760371698413865,0.0006169141371160704
1966-08-06,-0.02729745861669045,0.0015422716989355572,-7.3453647229951e-24,0.0,0.0,284.3887407227425,-0.002546209589404575,0.0067801054081998175
1966-08-07,-0.013301808618556309,0.0013537207397363957,-7.3453647229951e-24,0.0,0.0,281.6108477030321,-0.002927530335925393,0.012421138306790569
1966-08-08,-0.015859287547863136,0.0011933548639049638,-7.3453647229951e-24,0.0,0.0,280.0306422885528,-0.0024726399678294945,0.0030317528764067375
1966-08-09,-0.014969742609619422,0.002354894654225495,-7.3453647229951e-24,0.0,0.0,281.0135441939934,-0.00289782817017729,0.017062158774955295
1966-08-10,-0.024168194729392814,0.0011379479688439667,-7.3453647229951e-24,0.0,0.0,281.91115578689147,-0.0025275112050822226,0.0003959006099185736
1966-08-11,-0.027748076255712135,0.0011821041504542034,-7.3453647229951e-24,0.0,0.0,285.7069186230388,-0.002731161897128585,0.004486034162295482
1966-08-12,-0.008987340002746907,0.0019408336466988604,0.0015361089041902073,0.0007840080639231677,0.00037990087422273925,280.8882190646874,-0.003297168435265789,0.01994660219640015
1966-08-13,-0.022865429225951264,0.001257240435497909,0.002145770803907721,0.0,0.0002783913754642347,282.40168384688496,-0.002720556569175195,0.0033684597075387753
1966-08-14,-0.02747057698204019,0.0011197065061095072,0.000849434660428437,0.0,8.012512225215718e-05,283.0947539694116,-0.0025411601793968075,0.0016914658643066229
1966-08-15,-0.03044739487649357,0.0010927823808907118,0.000360463747645951,0.0,3.856933007469285e-05,284.24505158332784,-0.0024892187829913394,8.52346317969932e-07
1966-08-16,-0.03242750158586071,0.0010849012661788423,-7.3453647229951e-24,0.0,1.589863397980814e-05,287.5228612544173,-0.002567275806124938,0.0
1966-08-17,-0.027757720800779637,0.0010771622597160989,-7.3453647229951e-24,0.0,4.838478598891006e-06,286.8965263869579,-0.002437182865237112,8.583068797918258e-07
1966-08-18,-0.027495526408745075,0.0010901561564644851,-7.3453647229951e-24,0.0,1.3245195992248881e-06,286.13161261247825,-0.0025210748295073455,0.002023639296973059
1966-08-19,-0.02192220138122807,0.0011165788618184753,-7.3453647229951e-24,0.0,3.2705733668332725e-07,283.91907266304327,-0.0023614427727241976,0.004218042166214619
1966-08-20,-0.007596407064610283,0.0011256676440858572,0.0001671282809557439,0.00022118551246190474,2.2299103649322596e-05,279.71487232790156,-0.0019353031849036108,0.006002107498335974
1966-08-21,-0.012469446423363553,0.0010980222016404577,0.01108494990289548,0.0020780076646367035,0.00041867651592540205,274.76485485500757,-0.002161546105171664,0.005254972411252614
1966-08-22,-0.02110256860821934,0.001070429039540264,0.010153445371351225,0.0,0.0006932414605119134,277.57629280305855,-0.0018668901280494738,0.0015644627438304384
1966-08-23,-0.022534911620751618,0.0010435035673238466,0.005912708921845575,0.0,0.0005123778377885873,279.1636116545079,-0.001844372242520758,4.403860550982795e-05
1966-08-24,-0.02728548595460795,0.0010311159036927304,0.0027184208009651606,0.0,0.0002953102233382942,281.7018594544262,-0.002130444577268962,4.4459368106188497e-07
1966-08-25,-0.02941666564530572,0.00102012979108735,0.0012869107521186443,0.0,0.00014873815037436404,284.96252243128197,-0.002346683246225624,8.571912530896952e-07
1966-08-26,-0.033338858877534926,0.0010098924407851225,0.000382992731873823,0.0,5.2201840500373636e-05,286.8416302280462,-0.0024608266618797335,8.376708251489617e-07
1966-08-27,-0.03447928582712756,0.0010027786937810608,-7.3453647229951e-24,0.0,1.224149334228645e-05,284.81966185704465,-0.002310213764424378,0.00026317030016225596
1966-08-28,-0.030291852388678302,0.0009921727712545018,-7.3453647229951e-24,0.0,5.302350904981969e-06,283.2077595087544,-0.0021916769634364014,4.2994685856001524e-07
1966-08-29,-0.0365263037173088,0.0009835560274662944,-7.3453647229951e-24,0.0,2.5996633168667724e-06,285.7105499059242,-0.0023919463704871594,4.156161162812832e-06
1966-08-30,-0.04827283377532905,0.0009749496387223066,-7.3453647229951e-24,0.0,9.96062647824907e-07,287.64026244571204,-0.002620365639022515,4.591032609959106e-05
1966-08-31,-0.025109227851959275,0.0009713880086349231,-7.3453647229951e-24,0.0,3.5530219307053564e-07,283.99408320338944,-0.0017942297614395284,0.000715502856062255
1966-09-01,-0.005556985777986925,0.0012772140529869642,-7.3453647229951e-24,0.0,1.6502825553807835e-07,280.8528521909553,-0.0025297438220705016,0.01345107597570908
1966-09-02,-0.013092673809851633,0.0010366671334552226,-7.3453647229951e-24,0.0,5.9278418788802156e-08,280.38824258146985,-0.002072683998546695,0.006428131390769158
1966-09-03,-0.020659964510613246,0.0009748097193443171,-7.3453647229951e-24,0.0,2.0026066208963344e-08,280.42728560568025,-0.002325924344908046,0.0027994956337125962
1966-09-04,-0.02536391201665846,0.000936611055654321,-7.3453647229951e-24,0.0,7.2190653806352355e-09,282.62776803700945,-0.001921986508588333,0.00010680835794761347
1966-09-05,-0.024943760222634358,0.0009283136344898892,-7.3453647229951e-24,0.0,2.062590108752924e-09,283.69859490331737,-0.0018587631862715813,8.658054748227604e-05
1966-09-06,-0.0257517485800436,0.0009201168172103538,-7.3453647229951e-24,0.0,0.0,284.40243807575354,-0.0019835731867006274,6.735926468815249e-05
1966-09-07,-0.02491793785728304,0.0009221952345411657,-7.3453647229951e-24,0.0,0.0,284.99640105224154,-0.0019351193776070063,0.0009733638183991384
1966-09-08,-0.02656345157805136,0.0009053881558994789,-7.3453647229951e-24,0.0,0.0,284.98109562473337,-0.002189695145829586,0.00023436388425713533
1966-09-09,-0.029252930886327886,0.0008965321516586562,-7.3453647229951e-24,0.0,0.0,285.5760077963217,-0.001954072739108134,0.00016641097065363633
1966-09-10,-0.02881871610038025,0.0008922768177959206,-7.3453647229951e-24,0.0,0.0,285.48341853111253,-0.002001253993245168,0.0006576989317095159
1966-09-11,-0.029596551537176982,0.0009038022345742265,-7.3453647229951e-24,0.0,0.0,285.02218551779424,-0.0022059388058838876,0.0026349476670141274
1966-09-12,-0.01866603949985935,0.0009318422631355329,-7.3453647229951e-24,0.0,0.0,283.0438902328693,-0.002082081027539437,0.005289152113035062
1966-09-13,-0.004624789128195768,0.001066272457440694,-7.3453647229951e-24,4.903955311424989e-06,2.443958810493771e-06,279.0933477398142,-0.002328289630638678,0.014797638807084117
1966-09-14,-0.012000023308446852,0.0008769547198451845,-7.3453647229951e-24,0.0,1.6495669628940734e-06,278.95208141089836,-0.0017539178899957637,0.0017290624304400733
1966-09-15,-0.020166386823869696,0.0008967623198773229,-7.3453647229951e-24,6.549824344909797e-05,1.1332217330313e-05,277.59994267249965,-0.002312728987827813,0.0038180661402503514
1966-09-16,-0.01657619979758721,0.0008657781754509877,-7.3453647229951e-24,2.7892448134341488e-05,2.0200723392815244e-05,275.9271322993909,-0.0018095640139391194,0.0020275703594509493
1966-09-17,-0.01875353187827741,0.0008406660145958938,-7.3453647229951e-24,0.0,2.500251735334343e-05,278.55766157017365,-0.0014407693876721764,0.00022078671697842877
1966-09-18,-0.022932693530610726,0.0008321823710102146,-7.3453647229951e-24,0.0,2.003587403539884e-05,281.5802161725003,-0.0015121660179505914,8.592772928750492e-07
1966-09-19,-0.024831812428889304,0.0008257863211766476,-7.3453647229951e-24,0.0,9.11261781124072e-06,283.9012337449356,-0.00167816899990463,1.655136779871326e-05
1966-09-20,-0.026262932704330166,0.0008206021061724863,-7.3453647229951e-24,0.0,3.561261767721446e-06,285.16679899930506,-0.0016261237847097851,0.00016313655660629123
1966-09-21,-0.02174112179690162,0.0008129207680454362,-7.3453647229951e-24,0.0,1.3747689245784353e-06,284.3726293632091,-0.0016012410817425804,4.351138045421976e-07
1966-09-22,-0.02034713858264988,0.0008192638219413111,-7.3453647229951e-24,0.0,4.657665214969613e-07,284.94295654727915,-0.001539258791481034,0.001135356934730616
1966-09-23,-0.022127383762160262,0.0008008923739363245,-7.3453647229951e-24,0.0,1.221137531733109e-07,285.0386938034029,-0.0016567388570493898,3.028679821901997e-05
1966-09-24,-0.023085093936004213,0.0008303544952371027,-7.3453647229951e-24,0.0,3.532711732185493e-08,284.35783115753344,-0.0018337054630625722,0.0032038727384712737
1966-09-25,-0.016717480569236023,0.000834170371125647,-7.3453647229951e-24,0.0,1.4038240842226538e-08,281.4591955447152,-0.0021314670536982817,0.00402819159643222
1966-09-26,-0.007014281837280188,0.0008861858208300704,0.0013646127589453862,0.0005879172118706893,0.00020974003157373205,277.6511523431753,-0.0022264628034442836,0.009001391479234299
1966-09-27,-0.013617959862711741,0.0007915857989909286,0.002426233668785311,4.622232863458537e-05,0.00013135327289333452,276.5601324918356,-0.0016933959556248905,0.0012010782114066645
1966-09-28,-0.018411253510558674,0.0007741324982400669,0.0017896749205508474,0.0,0.0001103096867853639,278.88570335445655,-0.0012270374655050074,4.045033858994307e-06
1966-09-29,-0.00833467293088719,0.0007842850718794569,0.0027641684322033903,0.001212943324261466,8.317867115055775e-05,277.4004588513276,-0.0011929071503086282,0.0030020403996471904
1966-09-30,-0.014137991530410317,0.0007622204089568834,0.014497171463041435,0.0012000054121017456,0.0,270.2971445719401,-0.0008261181824540689,0.0012137233809859658
1966-10-01,-0.017799215885878957,0.0007650491039631731,0.01433946857344633,0.0,0.0005041898180872708,275.78806242790154,-0.0011907389366441529,1.263062415546301e-06
1966-10-02,-0.01214895818361455,0.0007812691442037034,0.011935074226106405,0.002072684445791999,0.00017914981028791205,277.28731292609666,-0.0011657014604931498,0.004537943022405694
1966-10-03,-0.008197886248429617,0.0007489183865024546,0.09475368923611112,0.012434345643735877,0.0,267.9412753793031,-0.0009665046687011666,0.012667292844777729
1966-10-04,-0.01094597460186414,0.0007588118314743043,0.10142088924199623,7.689399065944436e-06,0.0010462669960859805,269.043782720907,-0.0007872817627454208,7.685901080073607e-06
1966-10-05,-0.014452084225449859,0.0008010476995996163,0.0857774982344633,0.0,0.003936936173819553,275.0333778287956,-0.0011383451752911855,0.0
1966-10-06,-0.017250534252258344,0.000779276008659837,0.05900065104166667,0.0,0.0028004216103903992,277.8364295779873,-0.0013002496381095574,2.1427868546197715e-06
1966-10-07,-0.016962345458019928,0.0007649812489579627,0.039908026571327686,0.0,0.002158155591137665,278.16451479306556,-0.0010691193790085573,6.0049831011198535e-05
1966-10-08,-0.016741536894423818,0.0007413365578247329,0.02664420205096516,0.0,0.001052657594788546,278.38327027803984,-0.0011239128587188696,1.2904405366498395e-06
1966-10-09,-0.0170825610810754,0.0007334695865878951,0.028501693811793787,0.0014389854576964838,2.943247682967429e-05,273.25310919019915,-0.0014473105817612282,0.0029434495524623796
1966-10-10,-0.015903837305341065,0.0007233651681134931,0.028867904749293787,0.0,0.000509837905397523,274.81082612736304,-0.0009940836662794912,0.0
1966-10-11,-0.016212710552969897,0.0007243033519572457,0.023660950741525428,0.0,0.0008310534291516591,277.50835617338424,-0.001108401991679507,2.563985447068262e-06
1966-10-12,-0.015787925045032288,0.0007363692094377206,0.017954680879237288,0.0,0.00038992842964533363,276.9205714978292,-0.001110631062275609,0.0017651972499816316
1966-10-13,-0.003408020288594025,0.0007082372061950339,0.02703822938735876,0.009975486092985012,0.0,271.41334397554846,-0.0005296560604188403,0.010604915729966946
1966-10-14,-0.0067618231652146685,0.0006989171612734174,0.16358847178083805,0.011589881643063606,0.0,265.35997818553517,-0.0004911098818657762,0.011592306844909472
1966-10-15,-0.008497940702626935,0.0007219706888252732,0.15465067200741525,0.0,0.0016633832648312306,264.487267912669,-0.0004967185221401985,1.2842917201229633e-06
1966-10-16,-0.007961061167514933,0.000704497435672135,0.13845417144832864,0.0,0.0007407959382244423,265.32889221751765,-0.0005405197646153175,1.7225742112714215e-06
1966-10-17,-0.008986374205451902,0.0006966992455013728,0.13049178473693504,0.0007466041814472716,0.0004952371457202287,268.65883275838445,-0.0005563979252836126,0.0008932452693217892
1966-10-18,-0.0066911272157383515,0.0006854351883554189,0.16253926480108288,0.005575128973035489,0.0,264.6974929658707,-0.0005011808516531341,0.005619236326603673
1966-10-19,-0.011031893644965976,0.0007103043003270855,0.16134178032309324,2.4826849921275e-07,0.0017969142961300026,269.83574861860546,-0.0005378181977713176,1.965248799412215e-06
1966-10-20,-0.012591788113790716,0.0006998328670943525,0.14282088629943507,0.0,0.0012906469762493662,273.5103378224059,-0.0007989374489265649,3.010033651662525e-06
1966-10-21,-0.00930000816361379,0.0006759504308808321,0.14468803333921848,0.006732489029734822,0.0,269.29387566015095,-0.0008156239554959502,0.0072328231765384455
1966-10-22,-0.008863560518639237,0.0006767243652020471,0.1766182707303437,8.681780621830354e-05,0.0002486872470985025,263.0548891114201,-0.0007338957376988595,9.07659529616467e-05
1966-10-23,-0.006990789609440302,0.0006822588416816152,0.17026141897657723,0.00015370370978015966,0.0007903388475125792,267.61178323778057,-0.0004403876761595409,0.00016371781205903
1966-10-24,-0.010504368839964355,0.0007082487398621726,0.15789576528660546,3.228776451558043e-05,0.0025321000523991504,272.811837830337,-0.0004224275149362909,3.839032911363611e-05
1966-10-25,-0.013353850503089064,0.0007178769104898313,0.13372239509769304,0.0,0.003191109294187551,274.2194732622912,-0.000723340417032188,8.52346317969932e-07
1966-10-26,-0.014519846161543313,0.0007167707728800801,0.10821889528895952,0.0,0.003175472819619933,276.3134481175022,-0.0006319256604643865,2.1522793076655944e-06
1966-10-27,-0.01259287080522311,0.0006791340597605303,0.08824534155779191,0.0,0.0011767909288574747,275.39724579503985,-0.0008561904305371188,1.5636337099035416e-06
1966-10-28,-0.00548706603589031,0.0006586264419016865,0.07948800354578626,3.5569787362201065e-06,0.00019583579594806088,272.83007037706966,-0.0003925027736162735,5.36094122615673e-06
1966-10-29,-0.010989277923511247,0.0006862753360284924,0.07311965741231168,0.0,0.0018758861148087994,274.2330565623196,-0.000540769353803605,8.712573276170588e-07
1966-10-30,-0.0087304899921525,0.0006633454796958105,0.06145906897363466,9.615889797776431e-05,0.0007095976211762025,274.9405824621743,-0.0006014422834508837,0.00019463811441410969
1966-10-31,-0.010241467232084545,0.0006479443298221309,0.06268988715277778,0.002669947064023907,0.0,268.9065640551896,-0.0006349142535594898,0.002742315584656883
1966-11-01,-0.010118955272739217,0.0006511380611839942,0.07697188382768362,0.0002237900165514758,0.0003226176325210744,264.9190744231201,-0.00052257930323229,0.0002262246809710855
1966-11-02,-0.01068982940777547,0.000665667871970915,0.07052146782309324,0.0,0.0012382551669906088,271.17774179965096,-0.0004064672031981797,8.612871056357108e-07
1966-11-03,-0.0063339398574020905,0.0006451806274511047,0.06347587283721752,0.0017592442869129826,0.0002325787761453855,269.39672453210403,-0.0002869564229569866,0.0017613847208107123
1966-11-04,-0.005881728888568232,0.0006391518028442469,0.08588186720221282,0.0028708688283370716,0.0,265.19974321699414,-0.00033223029162924173,0.002876484947391565
1966-11-05,-0.008829153316505885,0.0006484991244677097,0.08991317605343692,1.6271310337519244e-06,0.0006574481873020614,267.747820884719,-0.0004768530485656976,2.487045862822812e-06
1966-11-06,-0.007659902722485322,0.0006431001054365082,0.08206412392596517,0.000539961413054143,0.00038518334638937724,270.5058334443978,-0.0005037133176784731,0.000879381858021452
1966-11-07,-0.0037205590535018406,0.0006332536370067274,0.10760118732344634,0.005189106699689634,2.12326814225838e-06,268.26658710831754,-0.00028455428947499916,0.005199960328093376
1966-11-08,-0.001566388554828989,0.0006312812957386513,0.14977751478637008,0.008041278138167442,0.0,264.0060540969763,-0.000187017502378946,0.008044761788031365
1966-11-09,-0.0036723476513630927,0.0006307506628629178,0.18816759357344634,0.00020512481783069463,8.021453974273919e-05,260.0951484026433,-0.0003194035067733399,0.00020898319535930188
1966-11-10,-0.0061210226793747165,0.0006369929865928693,0.16761104490348402,0.0004941184326248654,0.0005577577667384498,265.8150134867868,-0.0004196214137104272,0.0004977320547108024
1966-11-11,-0.004653853843104368,0.0006257242570489141,0.23808308689383242,0.007511041669101365,5.016724268595378e-06,262.7563276560293,-0.0003902279261478596,0.007536865812910479
1966-11-12,-0.005771749647660445,0.0006288688229975727,0.22484638910958102,4.743031189266571e-06,0.0002989385719016447,267.35621955569854,-0.0003162310748113751,7.181416762993089e-06
1966-11-13,-0.006597186885984604,0.0006278063786231866,0.2051114587011535,1.0803341865539551e-07,0.0003474522908191897,268.5401969916852,-0.00043697608371744053,5.245207717052836e-07
1966-11-14,-0.006295075987355185,0.0006301124385521237,0.19677665408721753,0.0,0.0005896518185818936,270.8008145010853,-0.00034280850599377845,8.61286991948873e-07
1966-11-15,-0.007616720420155823,0.0006288626773209222,0.18663999051024016,0.0,0.0006187435260600289,272.5007366783875,-0.00048672716201698723,8.583068051848386e-07
1966-11-16,-0.007418371273972894,0.0006277982124501029,0.17599389602459983,0.0,0.0006612986115749274,271.6449779108195,-0.0004366247962086888,4.351138045421976e-07
1966-11-17,-0.008884780235209708,0.0006274354491530165,0.16486894568032018,0.0,0.0007477768165411923,269.12484255932594,-0.0006521113827235281,0.0
1966-11-18,-0.0065907516890326475,0.0006218992047390695,0.15618195327212805,1.9731410479141496e-07,0.0005257507670397139,268.3461389882866,-0.0004376815631985665,1.475433738012547e-06
1966-11-19,-0.007767378147375786,0.0006300013954356566,0.14816117511181734,0.0,0.0010911513351451207,270.1926543241167,-0.00040497444043893603,0.0
1966-11-20,-0.007111130671649331,0.0006218522281970008,0.138314169903484,0.0,0.0007336226181458619,271.0848677396326,-0.000403887829032995,1.284479992591514e-06
1966-11-21,-0.00712133969290782,0.0006132372523431724,0.1305028193414548,0.00010836414866528269,0.0003043716026228027,271.7371477389291,-0.00047105149297559334,0.00021858000322139826
1966-11-22,-0.006335232427901468,0.0006083427681087774,0.1258618485905132,1.7615424542777286e-05,0.00017192641978209977,266.536757065078,-0.0003626394680159241,1.8897518408577353e-05
1966-11-23,-0.006147175564267542,0.0006036502493303375,0.12243514411193504,2.6739797012954108e-05,1.0961740367156638e-05,264.68771178035416,-0.0003775757248118773,3.317926226220562e-05
1966-11-24,-0.005091790804418467,0.0006016584607840932,0.11995511674611582,9.288600945876818e-06,0.0,262.4229222421592,-0.00028090452049243247,1.1065838027135128e-05
1966-11-25,-0.006439708257462345,0.0006052872723778763,0.11761532081273542,0.0,0.00029508550625062936,267.19573961318997,-0.00040604404073818934,4.351138613856165e-07
1966-11-26,-0.007230711943012173,0.0005980699749316199,0.14051488384239644,0.005508674740117822,0.0,266.77516964914213,-0.0004931643215865739,0.005557217451522092
1966-11-27,-0.004797783864420013,0.0005962575054438101,0.1555925214806968,1.4436867950999805e-06,0.0,260.50786062912306,-0.00035102241330564366,2.728951015555561e-06
1966-11-28,-0.0070229147450398596,0.000616869515618362,0.1505761442884887,0.0,0.0011865467590800787,268.61236362852395,-0.0003330066410750993,8.465205069448742e-07
1966-11-29,-0.0028866657008559016,0.0005951284688744842,0.14254754994997648,0.001237104083858641,0.00012981675901992175,270.5465589907659,-0.00024548416041721735,0.0012423422544339821
1966-11-30,-0.0025732928076706366,0.0005933997658012952,0.14846738538724108,0.00015813295366400381,0.00013253591575865018,267.2071132444393,-0.00013158408304055533,0.0001625288848745802
1966-12-01,-0.0012755559831015809,0.0005901000425640473,0.14777059608933615,0.000803645068811158,5.1801192895167295e-05,265.60883707380566,-8.910774426945187e-05,0.0008072570554604502
1966-12-02,-0.0026516452600053478,0.0005881559040586828,0.17798150416372413,0.004681723960543757,4.4829701468095945e-05,266.44337322931955,-0.00021691690856790816,0.004683361501241188
1966-12-03,-0.004473275173518618,0.0005854825347156848,0.18946921713159134,0.001087392201531405,0.0,269.5878625463856,-0.00028635899267964444,0.0011874018129936427
1966-12-04,-0.005052660944434882,0.0005918466354494042,0.18646228739995294,3.848378520227422e-05,0.0004261422712924117,266.43762975717897,-0.0004108974152365647,3.891517371651795e-05
1966-12-05,-0.005106574903100225,0.0005818276250429747,0.18160568208568742,0.002071931663542818,0.0,266.59201391403286,-0.00037394263018659284,0.0021432257479030905
1966-12-06,-0.005635561831926895,0.0005859095329618724,0.20762022201624297,0.002727253836090282,0.0003026257358533515,262.30671527740424,-0.0004685626623068153,0.002774014766255971
1966-12-07,-0.003535599568806126,0.0005781651385086405,0.20651009482403485,0.00026482261591038466,0.0,264.52595090776293,-0.00022633154324050678,0.00027010499617213335
1966-12-08,-0.0026045523289233282,0.0005763712744254852,0.20631951800847456,0.0018437948014776585,0.0,259.64686694746865,-0.00025811251568592204,0.001856538737515595
1966-12-09,-0.0022318320675084823,0.0005745625091811358,0.22767791460687387,0.0003757025351968862,0.0,255.2902928871399,-0.00023872941458797723,0.00037834754639745356
1966-12-10,-0.0036150710815090244,0.0005777730780132746,0.223773273820033,0.0,0.0002504574334890829,260.27569445737566,-0.000282514324716929,2.1409177790989257e-06
1966-12-11,-0.004046235338779493,0.0005791731978540367,0.22358384644244353,0.0009326245109576964,0.000411578501432629,265.69401445765953,-0.0002863422604435582,0.0009363210617843087
1966-12-12,-0.0052518698118500795,0.0005807779350523222,0.21889528895951035,0.0,0.0005822356495648454,266.0349323394833,-0.00028292245973469846,8.553265615773853e-07
1966-12-13,-0.004929751368228999,0.0005841495963813221,0.20937196548375706,2.4997918619274423e-05,0.0008347295540369165,268.2298633877167,-0.0002734643002014376,2.5851527747515018e-05
1966-12-14,-0.0022096973186158868,0.0005658954213568047,0.20718665401365352,0.0031952650659838643,2.267370579269646e-05,268.89300830934457,-0.000229391158889916,0.003207429974058496
1966-12-15,-0.004089534282684327,0.0005735534395875231,0.2234790176995057,9.873783015935435e-05,0.0004913490160373644,264.5675978579764,-0.0002607719467605575,0.00010683253550901022
1966-12-16,-0.005234123833772153,0.0005766328445262156,0.21559617209569212,0.0,0.0007291751266536066,268.6258300630386,-0.0003177110410932094,1.7107085454881599e-06
1966-12-17,-0.005786669203790568,0.0005747542037802228,0.2055946824240819,1.6794955663088352e-06,0.0007229430106400096,268.7431233616199,-0.00031008373019890596,4.25699615795622e-06
1966-12-18,-0.004551882292591246,0.0005701479770369449,0.1974198795756827,4.788283995315854e-05,0.0005938578923206546,268.27610082321024,-0.0002407442757302085,5.509656355539939e-05
1966-12-19,-0.004984943290888253,0.0005615489967798784,0.19054417152189265,5.840514339296159e-05,0.0002657932118844178,269.01514637762097,-0.0002683314079113599,6.277608324702834e-05
1966-12-20,-0.006088077853628472,0.0005646602245373914,0.18409766360640303,3.3625270013755325e-06,0.0005095089643688526,270.0203698116957,-0.00037197866555997884,3.3793812863839747e-06
1966-12-21,-0.0038613314177356876,0.0005615068189168381,0.17808150526718458,0.0018360849027916537,0.00044002990096302357,265.7067158873248,-0.0002222431844658097,0.0018386627994674007
1966-12-22,-0.002773811546085918,0.0005505787955839081,0.23269498146186443,0.005051381296693942,0.0,261.32875599115806,-0.00024201508379925445,0.005057633736702631
1966-12-23,-0.0035525462721700722,0.000554178562541466,0.23287176502177498,2.813962219798633e-08,0.0002555144414053125,259.8022639782865,-0.00027161776114486706,1.3172626154300815e-06
1966-12-24,-0.005184614599424568,0.0005530832009126911,0.22696296418903017,0.0,0.00028970159884900024,264.4942382266517,-0.00031638546389038284,8.583068620282575e-07
1966-12-25,-0.0033730674682363954,0.0005475918283570284,0.2213426722869586,0.00016608063952397494,0.00011677210782207339,258.0446745806046,-0.00023983053252690258,0.00016699990637892366
1966-12-26,-0.001471341161404626,0.000543289097015467,0.2221567042578861,0.0004136839955203277,0.0,257.75782292755764,-0.00012051505641748677,0.0004163714451978436
1966-12-27,-0.0013539449306531142,0.000541497085054042,0.23430948203566387,0.0012919562895082485,0.0,257.24841474903053,-0.00012063381320002389,0.0012954948958865912
1966-12-28,-0.0017765231725186278,0.0005398601461938546,0.2379605568061441,1.8743282489183934e-05,8.154713080427742e-06,254.24092005426152,-0.0001975527969794085,1.9083167873533434e-05
1966-12-29,-0.0012913034376451527,0.0005405897979682448,0.2372775607638889,0.001475402717031328,0.00012117573770426088,258.80402989576095,-0.0001427250477553761,0.0014774783519474397
1966-12-30,-0.0027914823869527395,0.0005400950289041982,0.25916630804201973,0.0014897872414966087,0.00016728426608662148,261.47282927274256,-0.0002631739171295517,0.0014957909117010836
1966-12-31,-0.002003439528457189,0.0005341810358446197,0.2902059608933616,0.007052821754398994,0.0,261.42925516405126,-0.00018417433767163824,0.007055846513225589
1967-01-01,-0.0016299773660083277,0.0005322368131519038,0.3166499308498117,0.002924301887804506,0.0,262.754218401433,-0.00015608043446715944,0.0029274875161337988
1967-01-02,-0.0015477598302781918,0.0005302989886978926,0.3496125934263183,0.00359161947406618,0.0,257.1515654978779,-0.00016847202859524281,0.0035964909582252283
1967-01-03,-0.002352675896579937,0.000528318060319976,0.3547763285663842,0.0018810696984078255,0.0,260.1883108530566,-0.00014947913587093356,0.0018872116412470435
1967-01-04,-0.002578424405580187,0.0005263206312211894,0.3573016437882533,0.0007737206116234516,0.0,261.7999052489545,-0.0001593280930892896,0.0007805634368864469
1967-01-05,-0.002561603015088766,0.0005243232021224028,0.35552967021245296,0.0025624454989608397,0.0,265.33308100655483,-0.00021389053113716469,0.0026443262557175736
1967-01-06,-0.002001181960442646,0.0005222792174183043,0.4203239484021893,0.00637682689364347,0.0,256.31230018457677,-0.00024004953013638322,0.0063851981176608575
1967-01-07,-0.001897655595830605,0.0005202865869985462,0.4191053142655367,0.00023446459386308318,0.0,252.64938028698364,-0.0001072923279246368,0.00023647440697572433
1967-01-08,-0.002449101815789433,0.0005182527047766131,0.4151972251647834,0.00040881062126429073,0.0,259.39141941250153,-9.126064635939518e-05,0.0004143338074924432
1967-01-09,-0.0022525463653149578,0.0005162103196321909,0.42594056210275427,0.0036671326448351653,0.0,264.31782733608327,-0.00014027476437011009,0.0036722801331072878
1967-01-10,-0.0037618399424068,0.0005142027880512389,0.43333121836746713,5.992158910648971e-05,0.0,267.0398342434296,-0.00015514130877741314,6.120349760044134e-05
1967-01-11,-0.00488201225713148,0.000512172104948658,0.4199393464571564,4.152162263622392e-06,0.0,270.35606642900893,-0.00034290011235549626,6.864249267200751e-06
1967-01-12,-0.003762876036140205,0.0005101446209654297,0.41154592050670913,0.0010302793971226042,0.0,266.138973232492,-0.0002871885274847349,0.001036863306816429
1967-01-13,-0.0023138517629628804,0.0005081088866217662,0.4220527031102872,0.00681032050969237,0.0,264.47823981376695,-0.0001996252001763064,0.006819556611303609
1967-01-14,-0.0020098649175827113,0.0005060665014773439,0.5199289555379002,0.008718491842349373,0.0,262.1580758103768,-0.0002273448222016884,0.008723112041046357
1967-01-15,-0.0041054773886325,0.0005040076156120516,0.5492419226694916,0.0027038649061305376,0.0,265.59830043455077,-0.00010751552963997686,0.002712918635061626
1967-01-16,-0.0036415095298977223,0.0005019008271438254,0.5526543741172316,0.003128005623143945,0.0,262.4127951368774,-0.0004182081185491745,0.0031928558959664947
1967-01-17,-0.0016234632013207774,0.0004998419412785332,0.584551967469986,0.0028370550417967442,0.0,257.058260114853,-7.872426577207058e-05,0.0028405581576939542
1967-01-18,-0.0023025938935872527,0.0004977516535311769,0.5868037164548023,0.0001545593058322109,0.0,256.3787264886774,-8.156627290329692e-05,0.000159925629633637
1967-01-19,-0.003875344654934555,0.0004956845173054496,0.5779353427348164,8.173829923241826e-05,0.0,263.0116297260292,-0.00014243646403827237,8.383962307238169e-05
1967-01-20,-0.01192398697642957,0.0004936107302789635,0.5586585783015537,2.009728870822885e-05,0.0,269.40417268541125,-0.0006789499683316144,2.1077515612941464e-05
1967-01-21,-0.004255509477550701,0.0004915483927322646,0.53910778785605,0.0005369344673587777,0.0,267.12074650478905,-0.00017090966809267378,0.0005405758059394964
1967-01-22,-0.008898469940417231,0.0004895094592692489,0.5269154694120762,0.0014341595651066238,0.0,270.33274909197274,-0.0005416478435535217,0.0015027899184233474
1967-01-23,-0.0017085563244119203,0.0004874255697605974,0.5611625139771657,0.008922797306782783,0.0,265.30446272381283,-0.00023253999734665714,0.008944189087191324
1967-01-24,-0.0037211729055744106,0.00048539648621769276,0.6384452058321564,0.004180300959759513,0.0,262.21987865469555,-0.0002896573478724323,0.0041832404808826796
1967-01-25,-0.0025030181737942885,0.00048336235143370547,0.6374456545727402,0.0004799718321379969,0.0,258.82948025920746,-0.00015139134632328812,0.00048393078985120705
1967-01-26,-0.0023028423304611682,0.0004812933630862479,0.6307465001912664,0.00013211706263870844,0.0,259.8455017326915,-6.765312394179868e-05,0.0001345229014150773
1967-01-27,-0.003963249382999658,0.00047925097794182563,0.6199252313588749,1.6849761628835216e-05,0.0,264.38617029208024,-6.286117463967221e-05,1.8345627489262337e-05
1967-01-28,-0.005325262492659402,0.000477198490315238,0.6040517228695857,2.3213399332121945e-06,0.0,269.19322019961373,-0.000146257706870467,4.021612903734987e-06
1967-01-29,-0.005535786434755488,0.00047514280356929803,0.5860499150335453,0.0003423404979840511,0.0,269.4848392184845,-0.00024591795679202865,0.0003477853906007
1967-01-30,-0.005904273040550577,0.00047309031594271043,0.569313178628178,0.0002514779946561587,0.0,267.5208906759201,-0.0004196637389013323,0.00025947987291080203
1967-01-31,-0.0029750667133573764,0.0004710527294773166,0.5580254678672316,0.0005416610820145257,0.0,263.5283574070185,-0.00017284508268375183,0.0005445443342998163
1967-02-01,-0.004412975814719658,0.00046903164373279294,0.5617579228460452,0.0010319277012752275,0.0,263.22090088580285,-0.00019264012301540643,0.0010358996309453349
1967-02-02,-0.004683087606214534,0.0004670603127129334,0.5529431129354991,2.9903220928321452e-05,0.0,263.66479092398606,-0.0002398320426375179,3.311722790895814e-05
1967-02-03,-0.004803972687088163,0.00046501607544678083,0.5434735831567797,0.00016803974233104687,0.0,266.1384096738309,-0.00021246446054534054,0.00017458102792836843
1967-02-04,-0.006685690859616814,0.0004629883389014983,0.5410558553289784,0.0009572447019781772,0.0,268.2561597446938,-0.000313497658840007,0.0009621842474085771
1967-02-05,-0.0059995756479306415,0.0004609920042382796,0.5517801115966338,0.004284232265531681,0.0,263.9210119265397,-0.0005968020344942303,0.004340356335255897
1967-02-06,-0.0035999592414683547,0.0004590073716169024,0.5689416802760123,0.0005218353396081655,0.0,260.335020402955,-0.00011558016751613994,0.0005239150191191533
1967-02-07,-0.004310495183292755,0.00045702753767455363,0.6098704077654191,0.005365820149075514,0.0,260.7390195591526,-0.0003070707227719032,0.005368806800599826
1967-02-08,-0.00598467120343009,0.00045508255729567536,0.6181475105932204,5.21540641784668e-08,0.0,262.1887563177421,-0.00018661048810529173,1.7642972807152546e-06
1967-02-09,-0.006490130545729298,0.00045310112379365054,0.6171206027100989,0.0024744547524694674,0.0,264.69424141777887,-0.0004331832278077886,0.00248233864620181
1967-02-10,-0.0026000487686550547,0.0004511478930543372,0.6829004090160077,0.012218495273152314,0.0,263.55351085626927,-0.0002287861412275309,0.012246502180105215
1967-02-11,-0.004736816647362575,0.0004492077113544874,0.7886367481756121,0.005138584449466339,0.0,261.6664689741117,-0.00025918148458004,0.0051543544240695615
1967-02-12,-0.006710594951432977,0.0004472427785733326,0.7858643037900189,0.0008342238511406095,0.0,264.8989670460732,-0.00030017082216375965,0.0008375651754552226
1967-02-13,-0.011461819758859734,0.00044529434651304774,0.7627261174376179,0.0,0.0,267.5662694381455,-0.0006059644017684259,2.5868412194540724e-06
1967-02-14,-0.0057448679528667446,0.00044336906597439185,0.774842802863112,0.012645213028131907,0.0,266.12690635005856,-0.0005336931227880009,0.012658204746731367
1967-02-15,-0.0038480794867553282,0.0004414421858760598,0.9224439717955508,0.005213272015927203,0.0,257.36001445389513,-0.00030554310644918917,0.005217248470667446
1967-02-16,-0.00372669029202165,0.0004395467076597914,0.9133480093573447,0.0002629303789071444,0.0,256.7541805849237,-0.00015906411838733544,0.0002656884111577371
1967-02-17,-0.0036646604201214465,0.00043763792784200554,0.9190588769715161,0.0021621422200216412,0.0,256.8668302618627,-0.00020308975172413275,0.0021702475378693165
1967-02-18,-0.0029676426517761365,0.00043574404918541345,0.9312983223722929,0.004288461501315489,0.0,261.67023191074867,-9.981887467668557e-05,0.004291564253529451
1967-02-19,-0.0027417269887897258,0.0004338517700884976,0.9476688478401601,0.0015997184535204358,0.0,257.75432664975386,-0.00022675919920037697,0.001607467025552598
1967-02-20,-0.004969252199776429,0.0004319661417923405,0.9387995545697976,0.00020786900978303903,0.0,258.24841109238105,-0.0001181132333763575,0.00021594894570949635
1967-02-21,-0.0026212718948132574,0.0004300789139365073,0.9216161465689737,0.0026344555708984873,0.0,261.2611212721428,-0.00014958701143830513,0.0026381437050071004
1967-02-22,-0.004795976825016366,0.00042821803672165524,0.9295964645127119,0.0003988235389108712,0.0,256.806048147198,-0.00021046179078393066,0.00040319583538001686
1967-02-23,-0.003928788216774073,0.0004263787114687559,0.9233894994703391,0.001676817229912106,0.0,259.18227128569464,-0.0002180114756785544,0.0016799559256993482
1967-02-24,-0.0060099001742352194,0.00042448963149119235,0.918123464350871,0.0001297404537093168,0.0,261.86191414798947,-7.960786990358332e-05,0.00013426145659069865
1967-02-25,-0.009139327511275556,0.0004226652073994869,0.8894852173081451,0.0,0.0,268.29556500350463,-0.00030516467378132763,4.348269797159097e-07
1967-02-26,-0.0060715741020138,0.00042080912886366335,0.8784878545786253,0.005771604487619831,0.0,267.74524230382315,-0.0003529579068223636,0.005784265671741232
1967-02-27,-0.008526757317411026,0.0004189581015689226,0.8793409674405603,1.00346061132722e-05,0.0,266.08590377836356,-0.0002723512223969072,1.2592226321327878e-05
1967-02-28,-0.011851080814323857,0.00041713767637640745,0.8515192811322977,0.0,0.0,269.8692195411007,-0.0004470676425739197,8.56400895128571e-07
1967-03-01,-0.01304002350333047,0.00041533880314584514,0.8211028535487288,0.0,0.0,270.7366192237581,-0.0007839316060229885,0.0
1967-03-02,-0.004943500678081298,0.0004135274280936031,0.817660976488936,0.006989308564508029,0.0,266.7777094867943,-0.0005267083192359931,0.007019838303490962
1967-03-03,-0.002916626211276836,0.0004117525061645077,0.8658580600429616,0.002140501166804362,0.0,262.15547356901874,-0.0003421207953055026,0.002156660781594537
1967-03-04,-0.004984738547249703,0.00040993288075183074,0.8845610250411958,0.0019505976957116425,0.0,260.55901416052984,-0.0003634048204890079,0.001955278714395566
1967-03-05,-0.004625127224598901,0.00040818936070479925,0.8901493625676791,0.0018789705078480607,0.0,257.20880911444544,-0.00030019430517308455,0.00188418034061261
1967-03-06,-0.002439075144334028,0.00040639448637342724,0.9035334182997881,0.0035688280427860005,0.0,259.9163924359108,-5.360453331706214e-05,0.0035719542857805577
1967-03-07,-0.005224132142161246,0.00040459961204205534,0.9689217260328389,0.002573657780885697,0.0,254.17309289059398,-0.00029308495169642283,0.0025765575593570665
1967-03-08,-0.007266530714466073,0.0004028725927158938,0.9568530871145247,7.595938477812514e-05,0.0,260.96676076109577,-0.00020284311961656236,7.808950564984085e-05
1967-03-09,-0.011740075624258503,0.0004010974182247442,0.9336365090925142,1.6171548326136703e-06,0.0,266.860283023669,-0.0003946622686281716,1.6117668421254993e-06
1967-03-10,-0.014354890938532558,0.00039928419105077196,0.9005605119320859,0.0,0.0,269.4875090216513,-0.0008314975332153046,1.7234651750186458e-06
1967-03-11,-0.012917941236226574,0.0003975537200432039,0.8676162403631121,8.103032570100774e-08,0.0,269.1448842316249,-0.000765337393024547,2.22148631239775e-06
1967-03-12,-0.00637841696119578,0.00039582855283877273,0.8430709120468455,0.001931596231662621,0.0,267.7511372287844,-0.0004746588525799036,0.0019363588364110828
1967-03-13,-0.006634847676686649,0.0003941310832729448,0.8883463541666669,0.006857217179011491,0.0,265.8105951046989,-0.00036236373339332436,0.006865704480458007
1967-03-14,-0.004559086288435985,0.0003924155134265706,0.8886877372439972,0.0008605793749882005,0.0,263.4730513441585,-0.0004355199792880123,0.0008656964295328002
1967-03-15,-0.008804802335588273,0.0003907363967033429,0.8798136163341574,3.911312774749799e-05,0.0,263.2797271671044,-0.0003148185425979943,4.08383532565772e-05
1967-03-16,-0.008227860860231907,0.00038904237881892147,0.862086064397952,2.9272299870259348e-05,0.0,267.03953960655775,-0.0003141992972732264,3.0260840275920508e-05
1967-03-17,-0.008973662630986359,0.0003873997152188404,0.8426074586570151,0.0004852755089937631,0.0,271.46286313906455,-0.0002121451431832745,0.0010738591183700667
1967-03-18,-0.01202406346966318,0.00038570224565301234,0.8218545859816384,9.019849664073881e-05,0.0,271.0048375821159,-0.0005102559639993361,0.00018774959655928734
1967-03-19,-0.0068253801114815105,0.0003840396296506548,0.8033592094809322,0.002683365243976399,0.0,269.8692552670696,-0.00042875176874426123,0.0027736664169209163
1967-03-20,-0.00857822079274614,0.0003823770136482972,0.8370673975253061,0.0034322728334510396,0.0,265.94734223863276,-0.0005592771853178234,0.0034415961024876975
1967-03-21,-0.01044590788035743,0.0003807457995280034,0.8249102518832392,2.947272890705174e-06,0.0,266.8896492025946,-0.00037719402988414986,3.858184320596474e-06
1967-03-22,-0.012744377982818477,0.0003790698819241281,0.8095551399187855,4.0207879017975375e-07,0.0,269.541930997888,-0.00046338122022354,2.116402641016164e-06
1967-03-23,-0.017511033995003353,0.0003774700696858983,0.7897002081862053,0.0,0.0,274.33059216084456,-0.0009395526564222273,1.2964942470716778e-06
1967-03-24,-0.012932585373436667,0.00037587530868875106,0.7654781018273306,0.0017620447160160476,0.0,271.57039321568953,-0.0010678602835047719,0.0019653665143891243
1967-03-25,-0.009119253963400416,0.00037421749136542197,0.76041574711629,1.920843865238341e-05,0.0,267.07444288681234,-0.0006640644291531568,2.0821027581053384e-05
1967-03-26,-0.010899598357704399,0.0003726541322503386,0.7498193083509888,0.001108996464876132,0.0,266.77433731955546,-0.0006650373244942245,0.0013185380792641666
1967-03-27,-0.011930188637668804,0.0003710476692113499,0.7456185723428673,8.839482473114789e-06,0.0,266.5801435747165,-0.0007390709709649706,1.0256325610773512e-05
1967-03-28,-0.012544171200633725,0.0003694726080544251,0.7350759272745999,4.149956555016297e-05,0.0,268.4496024180267,-0.0004940505144791415,0.00016800512028279277
1967-03-29,-0.02556910079582937,0.00036797710394455215,0.7267098579478579,0.0006562801825124666,0.0,274.0386853155219,-0.001407044529283451,0.0016826199272931633
1967-03-30,-0.006762034812216032,0.00036633578734209313,0.7809311459068976,0.016235623150895547,0.0,267.86678604442073,-0.0008390957942116733,0.016338163175093495
1967-03-31,-0.008804336400692073,0.00036475407538440945,0.8765549596869116,0.0025321443665162324,0.0,261.70121466642047,-0.0005535305724979121,0.002563277989791351
1967-04-01,-0.009230326250784815,0.00036320216574911346,0.8744912587541196,0.001460406508317775,0.0,264.88931630380637,-0.0003479957096489136,0.0014627249826814305
1967-04-02,-0.006713293240231983,0.0003616651572750113,0.8725082483668787,0.0021260327075497583,0.0,265.5140779642511,-0.00036189389957041394,0.0021284895869078968
1967-04-03,-0.013726936390170946,0.00036012814880090924,0.8747970092543551,5.0350455409389437e-05,0.0,267.4933796252235,-0.00048468352984742263,5.080396845691957e-05
1967-04-04,-0.017126472193305778,0.0003586076410476771,0.8572322177348165,0.0,0.0,272.0661565489688,-0.0006949011194335539,0.00027646224606218375
1967-04-05,-0.012244237260629901,0.00035717334114225574,0.8399759353666432,0.0037765579540177253,0.0,271.93648183862143,-0.0007236469168700068,0.004820275060943282
1967-04-06,-0.010124701143658096,0.00035554002233817753,0.877590373411017,0.0081789575853927,0.0,268.6951498114232,-0.0008641576110306433,0.008317152004467658
1967-04-07,-0.015276405307869455,0.0003540328161864631,0.8920804183586395,7.716360065223135e-06,0.0,269.1821769347972,-0.000699955028202911,0.00013347163712237517
1967-04-08,-0.011330119213141965,0.0003525437103152949,0.8755496612376413,0.0008414673729468202,0.0,270.0265707457807,-0.0005857156810619064,0.00111337042043864
1967-04-09,-0.011533943736283794,0.0003510546044441267,0.8793565997969632,0.0025634931474082215,0.0,268.58405634418494,-0.0005414432788130928,0.0026791835740461187
1967-04-10,-0.016246692188042033,0.00034957534849306966,0.8711921418903015,2.2413893102926053e-05,0.0,269.87840244774543,-0.0007077949384679903,2.4218057497153825e-05
1967-04-11,-0.019514457064833346,0.0003480846430622252,0.8534268883886535,0.0,0.0,272.86233706213886,-0.001061516535063248,0.00024999987807747964
1967-04-12,-0.010363934067009533,0.0003466484910350735,0.8355434726636065,0.000450373853498933,0.0,271.3273949308808,-0.0005779541860529259,0.0006897666190627468
1967-04-13,-0.01116642153869241,0.00034517588588477534,0.8289852393773541,0.0010176247964471074,0.0,271.0737985047019,-0.0005923293394136564,0.0010398080047952197
1967-04-14,-0.015729094881795896,0.00034375463501881747,0.814356342322858,0.0004743362256025865,0.0,270.5929374227865,-0.0008976457977278086,0.0010045248572654508
1967-04-15,-0.011307202532129773,0.0003422985305893893,0.806590969279661,0.0010476941400665348,0.0,270.27930209416684,-0.0008182553469208675,0.001299353044974545
1967-04-16,-0.006283451019033874,0.0003408490769607199,0.8601014447975519,0.012126535156183995,0.0,267.17233422202133,-0.0006436234297978003,0.012231872277082617
1967-04-17,-0.013513717695144613,0.00033943102521411444,0.8994131429496235,2.0660670463648222e-05,0.0,265.9709128902457,-0.0005490819865700888,2.15232203795546e-05
1967-04-18,-0.019045835960719546,0.00033801802470859166,0.8859660980167138,0.0,0.0,271.535829745219,-0.0007299356699242431,4.662059703762058e-05
1967-04-19,-0.018160073265517503,0.00033668112956871423,0.8656166780690914,0.00018988393962720022,0.0,273.47288315983144,-0.0010153213884197387,0.0009744653339362618
1967-04-20,-0.005759778037919837,0.00033522502513928603,0.8974620869379709,0.011997333122680417,0.0,269.07266192247636,-0.0006742216751905485,0.012175832234112347
1967-04-21,-0.006746891486105946,0.0003338383752747444,0.9661044535663843,0.0033699876423609458,0.0,263.3030281605694,-0.000699325433095633,0.003388953375961612
1967-04-22,-0.010774493848873396,0.0003324567766512855,0.9727070551583099,0.00022612197461438046,0.0,263.9021868984129,-0.0004318862848278493,0.00022943558625675102
1967-04-23,-0.01156665607865921,0.00033107677758750277,0.9599073736905603,0.00020396584213453497,0.0,264.87247129034415,-0.00047659144163300095,0.00021163582000990777
1967-04-24,-0.007269201810750585,0.00032971833048567263,0.9579687316089925,0.004768871549664245,0.0,266.32000651961215,-0.0002902391824429318,0.004898544863337487
1967-04-25,-0.008646602852869842,0.00032836813374427753,0.9982356127148069,0.0032810640053055383,0.0,265.930391570269,-0.0004399554582975679,0.003429107241654531
1967-04-26,-0.010418211336189745,0.0003270261873633175,0.9989986096398307,0.0005543028230720995,0.0,266.4821284989179,-0.0004420102610763184,0.0006001070562729054
1967-04-27,-0.01785666571330216,0.00032567918974127477,0.984281435749176,1.0171094856693248e-06,0.0,270.8144335234906,-0.0007602138034367966,0.0002774375811758789
1967-04-28,-0.022920840204098805,0.00032437209692378504,0.9605007135710925,0.0,0.0,273.7257148721124,-0.0011295753420662072,0.0002780412525602371
1967-04-29,-0.008065284224553297,0.00032318606551757644,0.9482219573917139,0.0070851802783834066,0.0,272.1467639973384,-0.0006601226984360124,0.008733163909373244
1967-04-30,-0.0030310693602103975,0.0003216932554029476,1.1103865054143127,0.028685592220159577,0.0,264.5547657300299,-0.0008736518185354222,0.029164009444962894
1967-05-01,-0.004932151928459857,0.0003203643580614511,1.3743170039577448,0.019108795471447337,0.0,262.345463513879,-0.00022197280626344142,0.01911589425826811
1967-05-02,-0.007386129749360058,0.0003190538135625548,1.4313424607903722,0.0014083454922094187,0.0,262.4750898328878,-0.00045576680577912574,0.0014148572417228688
1967-05-03,-0.004232858070882701,0.0003177283679024648,1.426418498411017,0.004977547621491266,0.0,262.96793938401504,-0.0002830738812095702,0.004981693638820092
1967-05-04,-0.012057876014440074,0.00031644602616628015,1.433747085025306,0.00048394541198250936,0.0,264.6836949364614,-0.00033443942034648637,0.0004871270980694433
1967-05-05,-0.014154152892066936,0.0003152033366725944,1.3882994570974576,0.00036791613125531687,0.0,266.9855045778379,-0.00047303699904074106,0.0006403538895629952
1967-05-06,-0.0168997672739002,0.00031389599129305054,1.3444874794020716,4.069791254350695e-05,0.0,269.78682661325917,-0.0005665472682333935,4.975226607393522e-05
1967-05-07,-0.011702957463129767,0.0003128903733808442,1.3064836117731873,0.0051357117244752795,0.0,272.83006311046654,-0.000575755370286225,0.008060651243047013
1967-05-08,-0.01826279606186064,0.00033805725601433365,1.2763841991819682,0.0004579259114245238,0.0013538674361961711,274.6998006278288,-0.0008482394140150588,0.0010999023411765545
1967-05-09,-0.020898804573689478,0.00046314543249916906,1.2081050549523304,-1.862645149230957e-09,0.004211201421958579,276.23558999544707,-0.0008329199153487966,0.0011046821787637506
1967-05-10,-0.007892232577679521,0.000463910022024381,1.1469487479402072,0.0018057638179447694,0.0029225753946492904,273.96414037657775,-0.00042210749250515706,0.00711180538718474
1967-05-11,-0.005815392244333602,0.0003076724413424562,1.134372057438795,0.004602722486870437,0.0,270.0832176531776,-0.0009626324714745505,0.004780358231838777
1967-05-12,-0.007741558433926038,0.00030643640264952927,1.2015171661664314,0.011451730620389606,0.0,268.65873633490673,-0.0007104154697245798,0.011713574431031852
1967-05-13,-0.007163563943178641,0.00030524506744018386,1.2403175943090867,0.005506023259486182,0.0,267.7192800274003,-0.0005017900944682165,0.005756437862660252
1967-05-14,-0.009654152443853476,0.0003040851341129023,1.2662348917873119,0.0069085381041138864,0.0,267.44724464416504,-0.00044550358365147804,0.007217369948401889
1967-05-15,-0.00826378436075092,0.00030311596932384256,1.2884411138329803,0.0034419415823820623,0.0,270.82173994750406,-0.00022683797225271917,0.005657906652822914
1967-05-16,-0.014892837337854892,0.00030176366789866306,1.2783952558556968,0.001036966882519803,0.0,271.4332041659598,-0.0007352908483922144,0.001417810903425685
1967-05-17,-0.02291909937804702,0.0003352052411117123,1.2357717970221282,0.0,0.001587411230903561,275.8528639547345,-0.000747967185189495,0.0
1967-05-18,-0.016559280497206137,0.0008028631998320758,1.1818912024776365,0.0010838819257283617,0.004960561244837982,276.2320081276184,-0.000696245107357785,0.005368220082076498
1967-05-19,-0.0071219282466813,0.000989159705948695,1.1529095033692327,0.004427715609807753,0.002169722743795417,273.256095045704,-0.0004954690976584025,0.008560301422410686
1967-05-20,-0.014964641445437393,0.0008628338912112565,1.1512497149393834,0.0008957591433983065,0.0029351616351954686,274.0443250868056,-0.0006839137019242272,0.002292774355963582
1967-05-21,-0.021404780194921008,0.0014713124535178062,1.103404819179614,0.0,0.007526169620496406,276.1623951432395,-0.0006492999829562371,3.5197300426030565e-05
1967-05-22,-0.022970805944359237,0.002399730648698106,1.0420278200770952,0.0,0.013862520582595116,278.61291689253125,-0.0005777808337730203,4.1826289384902094e-06
1967-05-23,-0.023878470526239967,0.0036986938304146805,0.9743374179761065,0.0,0.01720226372955209,279.9377604446842,-0.0005280234572072487,1.0007888529716734e-05
1967-05-24,-0.02191335510062633,0.004445005608143779,0.9058224090748588,0.0,0.016688105581843922,280.06083988829073,-0.0005792033000938636,0.0010063205655271312
1967-05-25,-0.01478847469818794,0.005043763814672912,0.8430157390242466,0.0,0.015692569883698125,278.7440527612431,-0.0002461334185327514,0.003991153061301017
1967-05-26,-0.013358588398849899,0.0014175359307035888,0.7948981965778013,5.655302166265284e-05,0.005356719412204236,275.06482345595424,-0.000599456161765729,0.0013201127512183775
1967-05-27,-0.013621503897642686,0.0017887895221764085,0.7655295966484229,0.0,0.007041789970155491,275.6821239349308,-0.0005387380340341794,0.0004847538859938932
1967-05-28,-0.02022241666323721,0.00496709759289262,0.7236902843985406,0.0,0.013231043424983482,277.5520025817239,-0.00029402690292414975,0.0013319271936578802
1967-05-29,-0.008972843908994211,0.00898279830560846,0.6734522587835452,4.149794494364895e-06,0.014223836383408748,276.8603293100993,0.00012977608074407794,0.008131084637453328
1967-05-30,-0.007633598805484125,0.009704975085069905,0.6344394145038843,0.0010569985787578897,0.014835364611472116,276.4557778884687,0.00021994575900209827,0.00989999340078925
1967-05-31,-0.008933588778231777,0.002860531126712002,0.598408442208098,0.00030777361349197435,0.008539963703034288,275.48030252330943,-0.00016619279812284782,0.0025531966055831294
1967-06-01,-0.017220555346901135,0.0051175748224312305,0.5763325664283192,0.0008181386053730538,0.012790910941732805,276.87272156968635,-0.00043784084040566357,0.0014360135725312853
1967-06-02,-0.025049111895305294,0.004359740237731718,0.5304476922963749,0.0,0.01416931231900797,279.03663349690413,-0.0007222288756468202,0.00012836005054482632
1967-06-03,-0.023834144286179946,0.002996979965328497,0.48625203220633245,0.0,0.009254953681917515,278.1953549609571,-0.0010183537747226864,0.0008046307469037158
1967-06-04,-0.020539851048908667,0.0033378001660276943,0.452550051127001,0.0,0.00974119208374266,277.37372662388,-0.0006739899705527193,0.00024595158389450724
1967-06-05,-0.015089885410615955,0.007210809211272979,0.41590320996645486,0.0,0.015523083297546302,277.8326630673166,-5.3018499902412725e-05,0.002200325729402392
1967-06-06,-0.012393474157920666,0.006258349129035648,0.37044454743408667,0.0,0.013707646058272507,278.0038582394128,-0.00011380820792947113,0.004239799047965434
1967-06-07,-0.014830632566732203,0.007562847376543251,0.3374733790165961,0.0008389501290469521,0.009948139452496492,276.9117973744308,-0.0007144466968579482,0.0111075741006055
1967-06-08,-0.01099946455093427,0.006659026199814963,0.31774879354990593,0.0,0.007065531624070669,276.21726696998616,-0.0008460187516306754,0.007475412246201437
1967-06-09,-0.005302054018287336,0.006782640845088636,0.29494808218573454,0.00011665582404298298,0.00730360789740153,276.17255278765145,-0.0008369716000085496,0.008474992257722096
1967-06-10,-0.010398021736050731,0.007919994282857173,0.2747954460187147,5.59974272372359e-05,0.007524106883059788,276.49539053462547,-0.0010855221899889285,0.008802311669633814
1967-06-11,-0.005128207179786122,0.010137873685966105,0.2615962199123117,0.002461045917312978,0.00777607947840529,276.88344016137995,-0.0010347798529822948,0.017335078810454225
1967-06-12,-0.0065638981970016575,0.011419536619536621,0.2489379193149718,4.628010220446829e-06,0.008670453318936677,277.00091855539443,-0.0011169086236738216,0.009549088481455874
1967-06-13,-0.005372276119256425,0.01586676149045007,0.22485650416372416,1.9585345424501238e-05,0.008832132896292682,277.63124972413493,-0.0012104983394176274,0.017713085237869436
1967-06-14,-0.004134847914094979,0.01649933649321734,0.2032983352459981,0.00016547830007170554,0.007823657033975516,277.68114100382604,-0.0012411501227041423,0.015371000231664506
1967-06-15,-0.0028535133532885102,0.01893918611909037,0.1881158688647599,0.0002988642555172161,0.004840575874188525,276.091712491885,-0.0011798491712007146,0.01537268715450914
1967-06-16,-0.011541704631457896,0.02096072462318981,0.17636562426435973,3.5489072739067725e-06,0.005244613472519622,276.83339709840476,-0.0013297641134194737,0.0045287420520674715
1967-06-17,-0.01860277371554725,0.014908293377881672,0.1582987582391714,0.0,0.007321651730328631,279.7279377666122,-0.0012587291888345434,0.0018689199272571234
1967-06-18,-0.019790402155811508,0.014233096255420966,0.1389679702212806,0.0,0.006580342680720961,280.3888450450143,-0.0014071455909370704,0.004985265408509357
1967-06-19,-0.017456307375835162,0.01268828917021132,0.1207482289459746,0.0,0.007843029490635221,280.38872697977473,-0.0011012584107828007,0.0020865040899073362
1967-06-20,-0.010196696566996602,0.017085491684870533,0.100130300288371,0.0,0.009216375859443751,280.99500748801364,-0.0012175757122241844,0.011441241751854084
1967-06-21,-0.014758448269070879,0.012811633910836473,0.08068089027189267,0.0,0.006785253725819669,279.34445200128073,-0.0012459308856119543,0.002984680621875861
1967-06-22,-0.00850627920721884,0.015193906544292042,0.0628498889183145,0.0,0.007206748644847656,279.67864636422996,-0.0013003654378113776,0.010179996995602625
1967-06-23,-0.004402061892768085,0.012315142205206015,0.11504356829684559,0.017880228279674122,0.002161810437669862,274.3919686031881,-0.0010541200290544559,0.028919202106113057
1967-06-24,-0.015016625282791378,0.009939299212337214,0.18558825476694915,0.0040863790459888805,0.0035436213184884715,274.0402158281,-0.001143409954752289,0.004830016288352454
1967-06-25,-0.017244282246982986,0.010702246494885893,0.156786557644774,0.0,0.006716621923918105,276.5378136931166,-0.0014221326863698368,0.006121807481743656
1967-06-26,-0.02163490564641306,0.008470377174474426,0.1180941766713748,0.0,0.006992033709072125,278.94668108909593,-0.0012695583235998614,0.00064752995967865
1967-06-27,-0.02193529731304632,0.009130700833379886,0.08304919226694917,0.0,0.008176550984719378,281.3093769411134,-0.001054785240673076,0.0008853456299428315
1967-06-28,-0.010284030757381418,0.00986317120029428,0.051596891184086634,0.0,0.006284869112874156,280.1200985701969,-0.0021829350909355,0.011820507523261355
1967-06-29,-0.022652658954852047,0.0077347999575447905,0.03081413312146893,0.0,0.004811711525176204,282.1153719735011,-0.0020626115502189782,0.0007655678158076333
1967-06-30,-0.028096487924540788,0.00742212005254239,0.016371904793432205,0.0,0.0030397796992864988,285.1345055179632,-0.0021063033123053404,0.0009723632685427477
1967-07-01,-0.017887140440065313,0.007061733196010699,0.0081104343220339,0.0,0.001321565044128289,281.78751472070843,-0.0018077012109386048,0.000495801099858688
1967-07-02,-0.022853768309630918,0.006667306867696472,0.004888789577448211,0.0,0.0009198364101897528,281.26631136174035,-0.002055376299820041,0.0002536155072186894
1967-07-03,-0.02250930856345064,0.006467215422183107,0.002388072328154426,0.0,0.0005371972371292654,282.95553697704594,-0.0024144957578704183,0.0043889784137962455
1967-07-04,-0.01747971209092329,0.007842146070663539,0.0009687463217984936,0.0,0.0002840558687845866,283.3147404377968,-0.0034078244793381393,0.018039667589516292
1967-07-05,-0.027775396229857106,0.006513211686732407,0.0005406956214689266,0.0,0.00011168121449691428,284.4562983288379,-0.002833876174764108,0.0027844529871537053
1967-07-06,-0.03207262660150474,0.00541603110604367,4.5057968455743875e-05,0.0,4.7639117570920185e-05,286.7200426256141,-0.002662646673661841,0.00041932298638228983
1967-07-07,-0.02584346817374903,0.005185855310515496,-7.3453647229951e-24,0.0,2.065355663245681e-05,285.4173106069619,-0.0028240079228571582,0.0017569713336599748
1967-07-08,-0.03011673166926972,0.004942608586812424,-7.3453647229951e-24,0.0,6.7682842076835e-06,285.20690672276385,-0.0030628097175204824,0.0013712124634921079
1967-07-09,-0.032143088678518936,0.004707163925898278,-7.3453647229951e-24,0.0,2.3567407144665046e-06,284.8225534765959,-0.0027130831738060475,0.0015197934235556651
1967-07-10,-0.028477400920148627,0.004480879690687535,-7.3453647229951e-24,0.0,1.0061440831523833e-06,284.9110848378327,-0.002837669293759233,0.0011365018995418488
1967-07-11,-0.020258371734012993,0.004845398883361602,-7.3453647229951e-24,0.0,4.970842162094547e-07,283.98773900622933,-0.0030389766203565787,0.008562389992724705
1967-07-12,-0.0212278124050232,0.004160032939102691,-7.3453647229951e-24,0.0,1.9182088011402196e-07,284.7304562319021,-0.0028807307240989923,0.004943164812642976
1967-07-13,-0.025339976626600924,0.00396661233093779,-7.3453647229951e-24,0.0,7.219065380635235e-08,286.2617036205228,-0.0029848177238541137,0.0029925093812407854
1967-07-14,-0.028407087054966536,0.004371062342056448,-7.3453647229951e-24,0.0,2.2688491196282166e-08,286.94100468306897,-0.002811641490223718,0.007044281813371637
1967-07-15,-0.018140433577157684,0.005710582275175106,-7.3453647229951e-24,0.0,8.250360435011697e-09,284.57441242311415,-0.0033892695660476635,0.015357490245882562
1967-07-16,-0.024049900387976806,0.0035681537652419784,-7.3453647229951e-24,0.0,4.125180217505848e-09,284.1557044336352,-0.00300379551021056,0.0032404767254651605
1967-07-17,-0.021712667819133585,0.003449386964410039,-7.3453647229951e-24,0.0,0.0,285.06627913652846,-0.002489168817798297,0.002174820031144939
1967-07-18,-0.011387846016951201,0.006667448807570894,-7.3453647229951e-24,0.0,0.0,283.76786634657117,-0.003445076771964461,0.021924791395993112
1967-07-19,-0.025899434788415665,0.003271744497078287,-7.3453647229951e-24,0.0,0.0,284.85325497198016,-0.0027320695893660106,0.0005359734149085514
1967-07-20,-0.03502627845201115,0.0031999318444796204,-7.3453647229951e-24,0.0,0.0,287.3794273297441,-0.002944101284831594,3.137571661232551e-05
1967-07-21,-0.037882831684276884,0.003134306036146347,-7.3453647229951e-24,0.0,0.0,288.0799762237319,-0.0030492904653909515,4.880054522368868e-05
1967-07-22,-0.034869500977844844,0.0030668222971555205,-7.3453647229951e-24,0.0,0.0,287.88763598354075,-0.003000366433107921,1.4148862567189443e-06
1967-07-23,-0.03295779889081158,0.0030000052378002535,-7.3453647229951e-24,0.0,0.0,287.6136619905519,-0.0028325029896140775,0.00013218758308481885
1967-07-24,-0.03343965879267892,0.002959178160812895,-7.3453647229951e-24,0.0,0.0,287.7765066861657,-0.0029782065648143578,0.0026590483297645015
1967-07-25,-0.03222711283271596,0.0028974648754475484,-7.3453647229951e-24,0.0,0.0,286.4280056531371,-0.003144899541038578,0.003275807079844693
1967-07-26,-0.03044281584226479,0.0028033668206909955,-7.3453647229951e-24,0.0,0.0,286.73307093029416,-0.0029780413944926645,0.0008507978949828943
1967-07-27,-0.025631206562626834,0.0027843325656686127,-7.3453647229951e-24,0.0,0.0,284.3849168227891,-0.002861503353815968,0.005033236203215632
1967-07-28,-0.02878018961114399,0.002667283691928885,-7.3453647229951e-24,0.0,0.0,284.5295157100297,-0.0028504712591316066,0.00046703546057625344
1967-07-29,-0.032049507281537784,0.002596288666886799,-7.3453647229951e-24,0.0,0.0,286.7003523472788,-0.002475190949810427,0.00013241646643282983
1967-07-30,-0.025938186647191563,0.0025936482989855404,-7.3453647229951e-24,0.0,0.0,286.65601110009374,-0.0029198148703507786,0.005476845186308953
1967-07-31,-0.02930373218605074,0.002476517595140274,-7.3453647229951e-24,0.0,0.0,286.9150786785981,-0.002496356344492422,0.000974820892462321
1967-08-01,-0.024649252115333153,0.0024189466642121136,-7.3453647229951e-24,0.0,0.0,284.9987394939933,-0.002477307840760819,0.001703521205207049
1967-08-02,-0.026665543474383272,0.0023955765080317265,-7.3453647229951e-24,0.0,0.0,284.13544491051283,-0.003230158865746469,0.004632729376000927
1967-08-03,-0.02822063273965976,0.0023017092108053006,-7.3453647229951e-24,0.0,0.0,283.9143299849918,-0.0025534969412505967,0.001360014198818099
1967-08-04,-0.03170036911796042,0.002236839152325345,-7.3453647229951e-24,0.0,0.0,285.8963196066589,-0.0028315938767150975,0.000818869335785359
1967-08-05,-0.03394581966817716,0.0021772835887758075,-7.3453647229951e-24,0.0,0.0,287.42693488701144,-0.0025525950526787064,0.00040518136347257155
1967-08-06,-0.03243985658479949,0.0021229971431742955,-7.3453647229951e-24,0.0,0.0,286.13190459486685,-0.0026320738054938235,0.0004293672109004569
1967-08-07,-0.03304200581574845,0.0020738037797690787,-7.3453647229951e-24,0.0,0.0,287.4352032828466,-0.0025402197014477296,0.000897600253421634
1967-08-08,-0.022504909058748666,0.002052429284753099,-7.3453647229951e-24,0.0,0.0,282.54718029790905,-0.0024712019742040314,0.0036903266179359566
1967-08-09,-0.02724987563103606,0.00197370325104665,-7.3453647229951e-24,0.0,0.0,282.85462677231845,-0.002107004992832235,0.0006753669114768572
1967-08-10,-0.030106973892214613,0.0019291317732320669,-7.3453647229951e-24,0.0,0.0,284.25586524072565,-0.002510753681220241,0.0011071820830922128
1967-08-11,-0.0333566137794721,0.0018764224934712643,-7.3453647229951e-24,0.0,0.0,286.4186959634842,-0.002380605555523587,0.0004323432727677483
1967-08-12,-0.03258651036158793,0.0018542528489215227,-7.3453647229951e-24,0.0,0.0,286.87353101827335,-0.002270996812625794,0.002767546079184861
1967-08-13,-0.03100244776677278,0.0018086738168856518,-7.3453647229951e-24,0.0,0.0,285.44148638019453,-0.0025877275235824666,0.002756128405344742
1967-08-14,-0.027677374918245328,0.0017954181816618323,-7.3453647229951e-24,0.0,0.0,284.60538844738977,-0.0026424429458329233,0.005407007843039815
1967-08-15,-0.029383883974646446,0.001721685889077052,-7.3453647229951e-24,0.0,0.0,284.6024223514421,-0.0027766530744015834,0.002221646623889159
1967-08-16,-0.030413021686050184,0.0016799416750837854,-7.3453647229951e-24,0.0,0.0,285.32568089257074,-0.0023797792093144298,0.0018164516661958478
1967-08-17,-0.030874209846817168,0.0016508386128366334,-7.3453647229951e-24,0.0,0.0,285.46043991548646,-0.0028019011294269295,0.0027672155091991537
1967-08-18,-0.025698967783127805,0.0016094533737096412,-7.3453647229951e-24,0.0,0.0,284.40910212198895,-0.0021566721942212624,0.002009447853443986
1967-08-19,-0.03273482182941868,0.0015559510490988611,-7.3453647229951e-24,0.0,0.0,285.4599588002638,-0.002312067869819154,0.00011544362630335296
1967-08-20,-0.03131276322791805,0.0015269425292473056,-7.3453647229951e-24,0.0,0.0,285.4197488738094,-0.002072463443471214,0.0008167120401615925
1967-08-21,-0.03103531370897078,0.0014892097583598337,-7.3453647229951e-24,0.0,0.0,286.3354354757823,-0.0022758701184796074,0.0003458955129237033
1967-08-22,-0.031449851553655615,0.0014581922757423533,-7.3453647229951e-24,0.0,0.0,287.12815471512675,-0.0020996317014855856,0.0005732113359857397
1967-08-23,-0.03356511810910231,0.0014254232752794601,-7.3453647229951e-24,0.0,0.0,287.0948689922326,-0.0022918963541755572,0.0003536962351556552
1967-08-24,-0.03410273049510805,0.001392361807957881,-7.3453647229951e-24,0.0,0.0,288.53943935401475,-0.0020784079965393424,1.4960764929128345e-06
1967-08-25,-0.027495738771338922,0.0013671237870124776,-7.3453647229951e-24,0.0,0.0,285.8274640839428,-0.0018966052112943037,0.0006974864814241054
1967-08-26,-0.02938220106949241,0.001334619555769667,-7.3453647229951e-24,0.0,0.0,283.03003317622813,-0.0018656901952068688,1.2945847629453056e-06
1967-08-27,-0.030894751097522887,0.001310713715472464,-7.3453647229951e-24,0.0,0.0,287.3656815458826,-0.001791197838167013,0.0005967072678474922
1967-08-28,-0.028529685264253347,0.0012927348330869514,-7.3453647229951e-24,0.0,0.0,286.0396258754694,-0.0022065813342730203,0.002030682530810179
1967-08-29,-0.02172321952500586,0.0013276666066067368,-7.3453647229951e-24,0.0,0.0,283.5056057371438,-0.0018830295062839649,0.007755169373345294
1967-08-30,-0.009983384297729212,0.001341692977032419,-7.3453647229951e-24,0.0,0.0,281.3585691398147,-0.002428702189255569,0.01138730227559481
1967-08-31,-0.01815912135913547,0.0012094319540228548,-7.3453647229951e-24,0.0,0.0,281.523279463055,-0.001836696071392399,0.0007395417170659833
1967-09-01,-0.026535886702901225,0.0011831010128818664,-7.3453647229951e-24,0.0,0.0,283.39993758479983,-0.0019857000012350624,0.00035525934170868443
1967-09-02,-0.026967102735392795,0.0011695020616391287,-7.3453647229951e-24,0.0,0.0,285.33621175949185,-0.0019767942106993187,0.0013232521922225196
1967-09-03,-0.023409522648921797,0.0011686921793188753,-7.3453647229951e-24,0.0,0.0,284.02706395165393,-0.002136813871309919,0.003173367620074278
1967-09-04,-0.026237519994630653,0.0011134056721703483,-7.3453647229951e-24,0.0,0.0,285.231053914503,-0.0018528559124149845,8.543303238184308e-07
1967-09-05,-0.0281548354837854,0.0010922672384876316,-7.3453647229951e-24,0.0,0.0,286.3010116404733,-0.001938084503477913,4.4107436991680515e-07
1967-09-06,-0.028811719331700923,0.001072972002675978,-7.3453647229951e-24,0.0,0.0,287.01830032046905,-0.0018976578004868694,0.0002015992425581985
1967-09-07,-0.020211157236395584,0.0010554171719793547,-7.3453647229951e-24,0.0,0.0,283.631821221102,-0.0014290627050029356,0.0005074023189963864
1967-09-08,-0.0218391048453622,0.0010430700866516027,-7.3453647229951e-24,0.0,0.0,283.02296397825194,-0.0018337248156299704,0.001417311935891848
1967-09-09,-0.016621862932787106,0.0010410232395775575,-7.3453647229951e-24,0.0,0.0,283.1982707761776,-0.0017377599537120028,0.0031698628163019872
1967-09-10,-0.02317490803319856,0.0010101369208535232,-7.3453647229951e-24,0.0,0.0,282.7628444125648,-0.001946288766076336,0.0012149806822021854
1967-09-11,-0.024897774649878683,0.0010065715865226789,-7.3453647229951e-24,0.0,0.0,283.1624876370762,-0.0019637804773062636,0.0030974256262983274
1967-09-12,-0.0081921227823543,0.0009926880820322846,0.018511468632297554,0.00973151020158482,9.596808734586684e-05,275.43461128277966,-0.0018921943202530596,0.01345551786777324
1967-09-13,-0.004217327525049953,0.0009537573251347085,0.10855660016478344,0.020705892478173737,0.0,270.9938013971189,-0.0005484416786223482,0.02172504378653438
1967-09-14,-0.009070935601231744,0.0010102352516799325,0.2410180618084982,0.012175162506979066,0.003317350679534977,274.10001507272386,-0.0007345083322228686,0.015931517121391084
1967-09-15,-0.007570063032336155,0.0010772298621592549,0.2478560682968456,0.00181008178719693,0.0047065921254077206,274.4623003634581,-0.0006132117120054482,0.009330193184772427
1967-09-16,-0.005445393296958364,0.0009907063117808542,0.23885872763653487,0.0045555143453980575,0.0027136199470967227,273.40017313337603,-0.000517015876827267,0.007837218786844808
1967-09-17,-0.007442499958189195,0.0009609095457583498,0.22881999617467047,0.0006846799015325342,0.003138146326366791,273.02247016533175,-0.0006821113243951637,0.0018141107404528807
1967-09-18,-0.002540343393713741,0.0009739094198086843,0.21784516242937854,0.007242588210577346,0.002217998422976941,273.02902705521234,-0.00022567014636124598,0.01114157717708685
1967-09-19,-0.009020254352671953,0.0009463082599101094,0.23568030175965163,0.00047138453287593396,0.003792310901785975,273.0718475313061,-0.0008431151772370447,0.0011469744018566001
1967-09-20,-0.009978961851973993,0.0010240301910766775,0.2010201491878531,1.66270018970899e-09,0.009349224510165932,276.59346540275044,-0.0006546120627620127,4.828400520825769e-05
1967-09-21,-0.016442293206513938,0.0011832579381048343,0.13545413834451508,0.0,0.010935669028237041,280.159044319627,-0.0009511509163063126,1.7285345847994904e-06
1967-09-22,-0.02036976187074252,0.0010644414667355813,0.08139836945327213,0.0,0.006994585143560071,283.1736071491422,-0.0014157536002875723,7.266715421514996e-06
1967-09-23,-0.01509633399335678,0.0009953420882844656,0.042269891713747655,0.0,0.006349863463455002,281.1786111842441,-0.0011710652576412187,0.00020230186861113641
1967-09-24,-0.020560209150031462,0.0008834913625555524,0.019585043697033903,0.0,0.002605266174522497,282.7622234179251,-0.0013997044130149535,4.410743663640915e-07
1967-09-25,-0.015084552478655583,0.0009025550831509176,0.00914354917019774,0.0,0.0011826360777104645,282.94816610907435,-0.00181665365705214,0.004075013143194597
1967-09-26,-0.00874732194815652,0.0008618813113304183,0.005921904425612053,0.0006260403805533372,0.00047306080827605256,276.6741172984495,-0.0016620358988895254,0.003240148589647604
1967-09-27,-0.016267839924427076,0.0008268794939342866,0.006668809219044257,1.9700576861699424e-05,0.0005176073350643707,277.34916208917366,-0.0012269281113972772,0.00010333638624069606
1967-09-28,-0.020166286683015233,0.0008191759303464728,0.003722799699858758,0.0,0.00038869105447820356,282.1346120780471,-0.0014367904724542707,0.0
1967-09-29,-0.023975966256217094,0.0008110393070231723,0.0017280650453154428,0.0,0.0001902296549856326,283.355218416778,-0.0015588498405985916,4.410743663640915e-07
1967-09-30,-0.021221277656528238,0.0008373577042488056,0.0005406956214689266,0.0,6.898724089908061e-05,283.00336760899893,-0.001675816757951753,0.0026384218406950706
1967-10-01,-0.01722077638079218,0.0008230668171650947,0.000382992731873823,0.0,2.7820604753359564e-05,279.09605063961055,-0.0018795321216691014,0.0020931549495546696
1967-10-02,-0.01765167435347024,0.0008070908360562083,-7.3453647229951e-24,0.0,1.3779185838618521e-05,278.6070039429458,-0.0015629144585401998,0.001086680688406166
1967-10-03,-0.03514521627944742,0.0007928849781973889,-7.3453647229951e-24,0.0,1.9826226483630596e-05,281.8626753129977,-0.001293628544962339,3.2088400109095374e-06
1967-10-04,-0.017106067831233397,0.00079242674644384,-7.3453647229951e-24,0.0,3.7607331733919135e-06,277.3961900254876,-0.001215929996832616,0.0003713371726411614
1967-10-05,-0.019358732016746608,0.0007899184684968939,-7.3453647229951e-24,0.0,4.6784384439220536e-06,279.4025410941316,-0.0013798282581702465,0.00048516473522967565
1967-10-06,-0.00999971879067394,0.0008075724297997642,0.013229801156426555,0.005921555230509763,4.906407268033863e-05,275.3393544845437,-0.0012434025500285425,0.008306977337945626
1967-10-07,-0.012460477187135126,0.0007864822354693872,0.03755305805673258,0.00010535699752091014,0.00048684305642957736,272.88941681497295,-0.0009602749888590501,0.00012980840973437506
1967-10-08,-0.013033927749779264,0.0008019755283991496,0.031636211158192096,0.0,0.001642723762467083,276.47069431024755,-0.0009207158154771153,4.261732051702438e-07
1967-10-09,-0.013467923353957592,0.0007917611612438482,0.020565284398540492,0.0,0.0010443032945448398,277.589046765631,-0.0008966604110884802,0.0003342392469538176
1967-10-10,-0.014366358139757384,0.0007784433957547119,0.014209582082744823,0.0,0.0006403341510538327,276.3854631111447,-0.0009581713889867573,6.437300612560648e-07
1967-10-11,-0.014790714671046049,0.0007743096284273654,0.010121490995762712,0.0,0.0006105934748541838,279.71587412774903,-0.0011025560062147132,0.0
1967-10-12,-0.00845687125025496,0.000784486363836601,0.014680391875588514,0.007282773190635747,0.0001828377950662947,277.17186399772345,-0.0012610647774769764,0.009675831377168086
1967-10-13,-0.0117827168544807,0.0007681296875247848,0.05612935499058381,0.0006625729134190555,0.0006398923884508974,271.3466883837167,-0.0009025069911264429,0.0006711935661204307
1967-10-14,-0.007891103162267115,0.0007551032102714151,0.055996250073564034,0.0036437303501333897,0.0,271.747643027153,-0.0006553301440372979,0.003955720549507496
1967-10-15,-0.007336661977283027,0.0007507780850943874,0.12900073380120058,0.009130677008359447,0.0,267.5361824969563,-0.0005764305686294022,0.009176917197238309
1967-10-16,-0.012234789629777275,0.0007870710838985982,0.12896854953801792,0.0,0.002475223551362248,271.17621463121895,-0.0009343938291662159,8.702277796146518e-07
1967-10-17,-0.010871653545037503,0.0007670533522374214,0.10863384239642185,0.0,0.0013981864361439723,273.1143134309298,-0.0007961565828592764,2.7461914019396076e-07
1967-10-18,-0.012896849400242844,0.0007945973489244106,0.09310838372469397,0.0,0.0031544983092337683,275.19464682814316,-0.0009377549091974896,8.702277796146518e-07
1967-10-19,-0.012779192651732494,0.0007433740601027753,0.0730578176494821,7.031748523819918e-08,0.00035813455022661023,275.0287125258796,-0.0010354280640176461,7.610536564541403e-08
1967-10-20,-0.01123838560224253,0.000766759706755816,0.06480761167019775,0.0,0.0018648646435158404,273.01473150235336,-0.0006808217214999226,8.642672355563263e-07
1967-10-21,-0.017014852730231098,0.0007550466363712894,0.05147597030955744,0.0,0.00136425972279519,276.41260892792616,-0.0011736681463859848,4.351138045421976e-07
1967-10-22,-0.024169700588546908,0.0007313398149727428,0.04090412951683146,3.791945633915185e-06,0.000130770296531882,275.9504310730038,-0.0014057379258049412,0.0002111222614886395
1967-10-23,-0.006439100929909508,0.0007288457646881793,0.04897042542078625,0.0060115234747444846,2.042150472180318e-05,271.61997445604,-0.0006760819104768462,0.0067268465198366
1967-10-24,-0.006553328222474136,0.0007217432146018508,0.11704290070327214,0.006642042454016411,0.0,266.0019710023525,-0.0005480709385737187,0.0066868853265906565
1967-10-25,-0.007692547420323906,0.0007392381880916445,0.11890797875470813,0.0006344477293518305,0.0011364829300318734,271.0472530824765,-0.0005426076530231595,0.0009342270382380082
1967-10-26,-0.005040025180679257,0.0007168125298063635,0.15617666585746234,0.008441486095978041,0.0,266.85957929463933,-0.0005144467209018557,0.00878898351533599
1967-10-27,-0.008289300073674843,0.000725790689894035,0.16795449696916198,2.410313335515685e-05,0.0007754890195562342,266.0017465278927,-0.000633453887145398,2.4959377644839926e-05
1967-10-28,-0.005916653758725205,0.000743054569104297,0.16162178341278252,0.003787824431550032,0.0007933399161208148,272.6469926241428,-0.0004828966112207559,0.005694048047739234
1967-10-29,-0.005365130675714569,0.0007080913095150965,0.19182395575859226,0.004585997722411561,0.0,265.39163248956544,-0.0005732894333153122,0.0046419789561094405
1967-10-30,-0.006201392555304167,0.000716567460426503,0.21006093860346048,0.0001508146313960943,0.0006728787396082097,265.67096546769363,-0.00043527500988063174,0.00015216058920202938
1967-10-31,-0.009711522545854926,0.0007382464610924156,0.19801046080508478,0.0,0.002085170976943889,273.22446639569245,-0.0005391391130995616,0.0
1967-11-01,-0.004660325619460499,0.0007130290660480996,0.1855517026394774,0.004689100140568901,0.0004653384919557194,272.1749558673291,-0.0004685742380676297,0.0052967288916641285
1967-11-02,-0.003544708093007406,0.000697736938794454,0.27480257253413376,0.010945048120062232,0.0,262.0057904913376,-0.00045716873038623303,0.010970392284329302
1967-11-03,-0.0035108361961477897,0.0006952963474780153,0.2883997340660311,9.3105317509107e-05,0.0,257.0431578972021,-0.0002805642036479072,9.448955951308106e-05
1967-11-04,-0.004074117431869614,0.0006928525570422244,0.2899379119585687,0.0008131352563699088,0.0,260.1100485778349,-0.00032537268990345597,0.0008138603409804868
1967-11-05,-0.00495143584107275,0.0006917518916103127,0.28727190552907256,0.0,7.836710093385083e-05,261.35713338762133,-0.00040878592280008027,8.553265615773853e-07
1967-11-06,-0.008347829098755357,0.0007014924523520605,0.2799527443061441,0.0,0.0008024319711714815,265.3813062046432,-0.0005078013397037647,1.7225742112714215e-06
1967-11-07,-0.009347835292587174,0.000699870667215121,0.2677482418196798,0.0,0.0008403478705950377,267.1262163532207,-0.0005868692319356116,0.0
1967-11-08,-0.007807767828979061,0.000692884800797802,0.2548520075623823,1.2397008427118853e-06,0.0005667688756507669,269.69357326026244,-0.00047401780799283824,1.550596267139749e-06
1967-11-09,-0.006944468592183065,0.0006898392391743634,0.2428527946975047,0.0,0.0005249707080886864,271.8935751474959,-0.0005315423990457746,1.2952729019876016e-05
1967-11-10,-0.006559607209795613,0.0006837732037581968,0.24550362854578628,0.0024336147316768347,0.00030620922308183664,269.61480081058943,-0.0005731686192043758,0.002473353581856604
1967-11-11,-0.006324607857876579,0.0006856816468265772,0.24493097854872883,0.0007008596160317545,0.0005519062617404313,270.3291348423213,-0.00044292902921215966,0.0007065677203054987
1967-11-12,-0.005985310774738507,0.0006932473115328342,0.23593639653954807,0.0,0.0011324548494007628,272.68128693575244,-0.00043250236260352167,3.462322421883381e-05
1967-11-13,-0.007179660648949403,0.0006873472093862329,0.22031162642714222,1.0625390851565001e-05,0.0009025145258943914,272.5254825405258,-0.0005226396339929711,3.005319133843826e-05
1967-11-14,-0.0029269350366403833,0.0006819002035647463,0.21015818105579095,0.0008051378578789491,0.0004670372979957506,270.9390561701888,-0.0002728292592248674,0.001275601393656596
1967-11-15,-0.005913066661964029,0.0006800707282319581,0.20654641706391244,4.938850968571033e-07,0.0007330078610592643,272.2610011917948,-0.0004281119553972099,5.335045006881057e-06
1967-11-16,-0.005218988758022503,0.0006740462813673721,0.2002383014801083,0.001959560744169742,0.0004981286444906461,270.4418670596825,-0.0004197060798773658,0.0020553659920743627
1967-11-17,-0.004759539992122327,0.000675257568978994,0.20504479129884653,9.6769992914577e-06,0.0007053714266604623,268.6692194139441,-0.00031520268422062113,1.0108229072220587e-05
1967-11-18,-0.006813514661990991,0.0006783262821240615,0.19721826815560267,0.0,0.0009859187665295468,269.3983626967321,-0.0003193167517077452,1.290792738473101e-06
1967-11-19,-0.004679376080548023,0.0006632605346582705,0.1886149548316855,0.0006224337102329664,0.00027492979152054435,269.4481398300488,-0.000285648977604963,0.0006346491433792128
1967-11-20,-0.004614788596912966,0.0006620065640595,0.19064394273775898,0.00027961559635771195,0.0003216988959554899,268.55780327791547,-0.0002397022467885314,0.0002804764245513332
1967-11-21,-0.004672381921676593,0.0006540231617157069,0.20637285193032018,0.0029437715703316326,0.0,264.3822146054715,-0.0004055442625267358,0.002947758533848962
1967-11-22,-0.0022073593516807773,0.0006536815294438163,0.21421822585628533,0.0016083539289943245,8.84869888340686e-05,262.8616700827963,-0.0001958571690118919,0.0016099589355871604
1967-11-23,-0.0044373466217585205,0.0006499426849817826,0.23278854571268834,0.0020281847587413034,8.31350094854495e-10,264.582216507073,-0.0003516853834360333,0.0020333532222465475
1967-11-24,-0.004414476959382073,0.0006501068503169691,0.24162496505708567,0.0025355459143549712,0.00011367028800107667,265.31091483164647,-0.000403531027252728,0.0025393642948172185
1967-11-25,-0.004068020499695492,0.0006459337674965293,0.271156555290725,0.00504025528575741,0.0,261.7897126867722,-0.0003895914382011877,0.0051030239648064656
1967-11-26,-0.0025680806845594937,0.000643931034594606,0.30836823027012716,0.0014106618229952237,0.0,255.8755499090852,-0.00026445737434814206,0.0014176505432614366
1967-11-27,-0.0032338896124376416,0.0006419150000911649,0.3086440953831215,5.9528876159150724e-06,0.0,255.49945303634965,-0.0002210911016090442,6.244933537844212e-06
1967-11-28,-0.0034425016597839403,0.0006434124405101195,0.3036870291902072,0.00017509872546303743,0.00018174425398899334,262.66031215689276,-0.0002715789770844293,0.00017624076476380988
1967-11-29,-0.004716085680460526,0.0006440627036121605,0.3001511281044021,0.0002536135331048804,0.0003180569511348918,263.29470282085873,-0.0003196714382808088,0.00025532493138841303
1967-11-30,-0.0035497119787049163,0.0006358575517848387,0.2922627651983286,2.6927387478661402e-05,0.0,264.19125889205213,-0.00026846566568996947,3.0282005044268957e-05
1967-12-01,-0.004279214783576922,0.0006338449689628041,0.2878721420374294,0.00011242248412579469,0.0,261.6783812140341,-0.0003277766491986264,0.00011341619464914824
1967-12-02,-0.004123478706947154,0.0006356443894111504,0.2834504840513183,0.0,0.00019679090144944056,260.07512432752134,-0.0002915932097088146,4.351138045421976e-07
1967-12-03,-0.006299985162282395,0.0006342336619641148,0.2762917843691149,0.0,0.00023899752499356784,267.83760403419393,-0.00046591944255902954,0.0
1967-12-04,-0.0071004026774632726,0.0006363292535146078,0.2663617897392891,0.0,0.00044599671106217273,266.9511737572047,-0.0005047415925116189,1.2833349956054008e-06
1967-12-05,-0.004484852070862291,0.0006256477307465117,0.25733571312970815,6.64036152726513e-06,0.0,265.4236265602759,-0.0003921107131209078,6.644486707482634e-06
1967-12-06,-0.0043610177807888745,0.0006235739437200256,0.26974918343926557,0.003174069237574346,0.0,262.76089582425277,-0.0003739901539464455,0.00317958909908424
1967-12-07,-0.003744221887009292,0.0006264610647481714,0.2822552984492702,3.0228731322423216e-06,0.00024782487396466534,259.78651718096546,-0.0002662795359047793,4.17480881979072e-06
1967-12-08,-0.001710871644949509,0.0006193784670641194,0.2997437672875471,0.004476731779885158,0.0,261.6655459574612,-0.0002021802284118146,0.004480097506005885
1967-12-09,-0.0030175428521835197,0.0006172998813586047,0.3311583668049671,0.000665510652092217,0.0,258.7800908959743,-0.0002305873243485467,0.000666782007379047
1967-12-10,-0.004141342000099225,0.0006152260943321186,0.34049617099223173,0.002090775949806817,0.0,266.50009104626326,-0.000287035448571383,0.0020959039528255143
1967-12-11,-0.0049844888475655165,0.0006131193058638923,0.3369276258680556,0.002436729979380376,0.0,266.2456282240298,-0.0004304122116606114,0.0024396138507881276
1967-12-12,-0.0013584529949446857,0.0006110372684769712,0.36149870159486824,0.001638592910126778,0.0,252.66113798497088,-0.00018876997785548033,0.0016438499008818636
1967-12-13,-0.0007017519598626822,0.0006089089280467923,0.38175639639242,0.0018024460786143267,0.0,248.67395070178358,-8.06872938144005e-05,0.0018086317900141474
1967-12-14,-0.0014788263850966416,0.0006067962885576453,0.38632679165195394,3.220907038888016e-05,0.0,247.93388530494133,-5.464843542730741e-05,3.3496076002013e-05
1967-12-15,-0.0036077992306590752,0.0006127996464907114,0.3820947909310264,2.1095245571459758e-07,0.0003913086812711705,257.75473125191957,-0.00014010739991557127,6.402783798495804e-07
1967-12-16,-0.0029924360372252383,0.0006083665931292173,0.37304595544962343,0.00022747851697738563,0.0002819952255083343,264.92655278868597,-0.00018007999107157445,0.0003455136455385025
1967-12-17,-0.0017710620232221097,0.0006004203174073818,0.38480378634063095,0.0033159636508273546,0.0,260.69884844418976,-0.00021683836176907277,0.0033195046550136506
1967-12-18,-0.0015311311025403992,0.000598301826897314,0.3962459815648541,0.00033135575342313044,0.0,255.7734845766689,-0.00011200711951922563,0.0003383090097675752
1967-12-19,-0.001966363713566193,0.0005961601848656175,0.3925339865819209,5.7340573287953096e-05,0.0,256.8716087305389,-7.209016567906417e-05,5.763668124958621e-05
1967-12-20,-0.0004990887170457572,0.0005939887405115333,0.39456389403837105,0.0012074429436592059,0.0,258.42515380773165,-7.289679100116095e-05,0.001213548715505223
1967-12-21,-0.0012842318685041309,0.000591865198760383,0.39966050200094166,7.46494295906886e-05,0.0,252.1825543635309,-9.409471883275416e-05,7.66311750041141e-05
1967-12-22,-0.0027620873629710095,0.0005897102551271686,0.399297739377354,0.0005827517075053717,0.0,258.2426828395175,-0.00011853127619304227,0.0005856874803015605
1967-12-23,-0.004335107271280667,0.0005932540374960603,0.3943859610404896,0.0003176152621958889,0.0002746672322184353,269.28000365004027,-0.0002699927453183185,0.00032090925217218973
1967-12-24,-0.0015686205719823891,0.0005853705655383525,0.407227941825565,0.010975807126464145,0.0,266.9183106826524,-0.0001981186622616935,0.010981958127964687
1967-12-25,-0.0019735482200390875,0.0005832023203036207,0.49426867238994826,0.0038953715419701935,0.0,261.9407547305982,-0.00018113668439751965,0.0038996734356135034
1967-12-26,-0.001128040169928707,0.0005810489762300826,0.5407399897745998,0.011305256267893787,0.0,264.295028363244,-0.00015079983546908968,0.011312575220106244
1967-12-27,-0.0006511160882852846,0.0005788889813557858,0.5827494188441621,0.0030143592653974977,0.0,257.7373006608752,-1.441059097395105e-05,0.003016166010877313
1967-12-28,-0.002258415654890955,0.0005767007837187772,0.6238864244938794,0.004208133298124971,0.0,262.0131226555776,-9.776606082411137e-05,0.004212875521070189
1967-12-29,-0.0007373715440432231,0.0005745556900056743,0.6404477566649012,0.005965672643844691,0.0,261.12191418290365,-5.366992584224475e-05,0.005970433489066141
1967-12-30,-0.0018909690996347852,0.0005723475399663894,0.6860779153425142,0.002548831983306314,0.0,255.32097818981683,-0.0002694002873564171,0.002553882489413524
1967-12-31,-0.001080174314773689,0.0005701875450920924,0.685167790357227,0.0010825145968609612,0.0,254.85245604434257,2.3866061773677314e-07,0.0010833695783403737
1968-01-01,-0.0005832665552527218,0.0005679942962140014,0.696159865672081,0.0034112648901629588,0.0,259.5680367529056,-1.5916776354030024e-06,0.003417776095653739
1968-01-02,-0.001243880407958381,0.0005657462413701634,0.7373858378207392,0.0026325385196734282,0.0,253.02322490067135,-0.00012937282859268835,0.0026355386453492226
1968-01-03,-0.000823737201044115,0.0005635050898891385,0.7312034707509417,0.0012796743651904631,0.0,251.14930132418704,-3.3449592058267976e-05,0.0012824906129945335
1968-01-04,-0.0022831182863752722,0.000561220581922154,0.7357959352195151,0.00016849597463500032,0.0,259.79164144009525,-5.605909447212005e-06,0.00016920032811030156
1968-01-05,-0.000976962011075963,0.0005589576259171223,0.7430550957803672,0.004720967915435296,0.0,260.7005985317482,-0.0001026627707616084,0.004725537226024995
1968-01-06,-0.001448710422731389,0.0005566848199919793,0.7911427528395716,0.0025681581790164367,0.0,251.97745382089852,-0.0001398337594533371,0.002571522635679747
1968-01-07,-0.0019962945058520907,0.0005544053632660774,0.779888605667373,0.0,0.0,257.3226093752012,-2.7021314254251576e-05,4.3689306039595976e-07
1968-01-08,-0.0026296652053709084,0.0005521224548587691,0.762769106417726,0.000749037785213546,0.0,261.60017559532844,-0.0001553560286171019,0.0007508869224681423
1968-01-09,-0.002484431627106532,0.0005498528480529785,0.7501988527689502,4.2360844248432225e-05,0.0,260.91665958325524,-6.9085129741895e-05,4.2888151723786265e-05
1968-01-10,-0.004443746249554521,0.0005475550384844764,0.7288641345927496,1.3089449392200191e-05,0.0,265.43609161520635,-0.0001777143107127335,1.3513787215766046e-05
1968-01-11,-0.003299103702529002,0.0005452604280353267,0.7324931401541903,0.0043280722184033055,0.0,262.2064276944895,-0.00032761336256891996,0.004332369431259009
1968-01-12,-0.003263307535378947,0.0005429841704287773,0.7447615513918315,4.299637456398226e-05,0.0,256.4783533279506,-0.00013020434706224562,4.711500065950224e-05
1968-01-13,-0.003233272519152043,0.0005406962107803862,0.731148527615937,0.0,0.0,266.30048820797333,-5.5846005762364226e-05,8.553266184208042e-07
1968-01-14,-0.005781763396357413,0.0005384041259517778,0.7107625555408428,0.0,0.0,270.43747999259534,-0.00011901973120573552,4.351138045421976e-07
1968-01-15,-0.0051687276464397625,0.0005361451688459364,0.6868749356314736,0.0,0.0,270.6828681852409,-0.0001648342457868285,0.0
1968-01-16,-0.005711641941366896,0.0005338719840777122,0.6630454772834276,0.0,0.0,270.51500574029325,-0.0003074551011714558,8.661612014293496e-07
1968-01-17,-0.003535283234833325,0.0005315856239889975,0.6439020476547788,0.00037597801725743177,0.0,264.4215999323096,-0.00029705563233902224,0.00037838436115435626
1968-01-18,-0.0037979439827008437,0.0005293141650614766,0.6357911535575564,3.8185277901126847e-07,0.0,260.2819814664047,-0.0001355275816920787,3.9222887006856635e-07
1968-01-19,-0.005335426136935498,0.000527054155613743,0.626037482712453,0.0,0.0,268.40839198843463,-0.00015739547246593541,1.283566007259651e-06
1968-01-20,-0.006717761694374731,0.0005247576930428628,0.6121973299935264,1.7771044861798907e-05,0.0,270.2869322214648,-0.00023170105986675973,2.3218910471468455e-05
1968-01-21,-0.00399240194740942,0.0005224859815532879,0.598001081391243,4.7978792486891235e-05,0.0,270.84730008946076,-0.00012055163582166036,0.00029358796649904474
1968-01-22,-0.004163578699874339,0.0005201961697831666,0.6154461014742232,0.005040291823067908,0.0,268.7740707648901,-0.00031934006634236735,0.005144328280933592
1968-01-23,-0.004113831762540139,0.0005179061054509912,0.6097274176818503,2.2511697758389063e-07,0.0,269.6439050577455,-0.00013436901640925702,6.519804216910766e-07
1968-01-24,-0.00580220926279402,0.0005156210923598984,0.5960012892096281,0.0,0.0,273.2834840153122,-0.00022097568075030537,2.6262646077794275e-05
1968-01-25,-0.002391798979481735,0.0005133807827523873,0.5823799894803438,0.003306703463112567,0.0,270.1061594580527,-0.00021997584545679688,0.003325895944367609
1968-01-26,-0.002150549263940693,0.0005110609160978243,0.6652013631414784,0.007428381381566916,0.0,263.98264201392334,-0.000274547822983925,0.007432813007861854
1968-01-27,-0.0024766532630570194,0.0005088222060499893,0.687735634784016,0.0026284032580205954,0.0,264.8311409815557,2.9006141558878843e-05,0.0026356862549586995
1968-01-28,-0.0002496000063621392,0.0005065121893155373,0.7111172720986347,0.007785906457463227,0.0,264.2425067384364,8.92233335028934e-05,0.007831843450463762
1968-01-29,-0.003837843525544399,0.0005040678095682867,0.7568272017714218,0.0003108205010661971,0.0,258.3463723026427,-0.00022259040993485748,0.00031297062074144005
1968-01-30,-0.005065807388663966,0.000501815797918934,0.7448964954096046,1.6500720870023394e-08,0.0,262.1212276487476,-0.00019842130000476783,4.51614525412221e-07
1968-01-31,-0.002534419298171997,0.0004995685849486098,0.7339103971721987,0.0013464464685000942,0.0,262.0859673099554,-0.0001148570876168666,0.0013495125843630536
1968-02-01,-0.0031737429274004063,0.0004973181728589334,0.7337991315766244,6.51034468648124e-05,0.0,259.8744791393675,-0.00019024523490734693,6.789911938252422e-05
1968-02-02,-0.004067766043425954,0.0004950991626513206,0.7240461503943033,0.00011981284971964561,0.0,264.33060524647743,-0.00010163368562520562,0.00012237980196155382
1968-02-03,-0.0034604243050187318,0.0004928900023638192,0.7257303069091336,0.004894740753254649,0.0,267.6022321661538,-0.0001475878144051396,0.004918359851433059
1968-02-04,-0.0052084596564540755,0.0004906709921562065,0.7418976117437618,2.3039552451527057e-06,0.0,265.94060850772036,-0.00013379408520157056,3.1568741380090736e-06
1968-02-05,-0.00625190172491774,0.0004884551810679463,0.726647788297434,3.4952483608224297e-07,0.0,268.11363073302306,-0.0001410441946680263,7.835485117684545e-07
1968-02-06,-0.004903520020724691,0.0004862460207804449,0.7183221791872646,0.0008803060920225025,0.0,265.9846152433119,-0.0002019855872554294,0.000881937499682755
1968-02-07,-0.006378010378382301,0.0004840533612138134,0.7053482429231404,6.305632618187512e-08,0.0,266.7492579156621,-0.00020194439333205843,2.2147839116240068e-06
1968-02-08,-0.005433215175644826,0.00048187400324869973,0.6937308733521659,0.0,0.0,263.8015933422944,-0.00016812101995709254,4.351138613856165e-07
1968-02-09,-0.008119339744249979,0.00047962998939772783,0.6838698450005886,0.0,0.0,264.79738421898105,-0.000177435440111295,1.716613724056515e-06
1968-02-10,-0.007097826039387008,0.0004774953349161957,0.6739455975606168,0.0,0.0,267.47169541324826,-0.0002449021627337246,1.7225742112714215e-06
1968-02-11,-0.002948553211944925,0.00047530932615032304,0.6643969864495057,0.0006198262385392594,0.0,266.23162082808614,-5.2994353917695716e-05,0.0006219414667894611
1968-02-12,-0.002674412298000465,0.00047311666658369166,0.6776357532221046,0.0019097717763003658,0.0,259.82243936614134,-0.0003743703019315914,0.0019121422605999448
1968-02-13,-0.0020927824711395523,0.00047093890817825407,0.6873032162193974,0.0009487697086428519,0.0,257.3134075136059,-0.00015809061794967976,0.0009519696235607001
1968-02-14,-0.0023922876870564823,0.0004688008020153154,0.6938490355755651,0.0002022885038691052,0.0,259.76418269601027,1.2211901488277196e-06,0.0002121605777794895
1968-02-15,-0.0035059420065691243,0.0004666461951315067,0.6891367996704332,6.950507729740468e-05,0.0,259.0583988556081,-0.00014939787403001626,7.105494956469126e-05
1968-02-16,-0.002733318229853097,0.0004644947873670503,0.6826516706391242,4.051686764436927e-05,0.0,258.36316491250943,-0.00010174483397586198,4.481514958209216e-05
1968-02-17,-0.004008938742559509,0.00046237823316606425,0.6774235669726931,1.8581621727700964e-06,0.0,260.0499812591323,-6.116736196191971e-05,2.437520134922407e-06
1968-02-18,-0.00493962039886895,0.0004602252258419318,0.6731626004149012,0.0008042587735558635,0.0,264.98270484507646,-0.00012430338199529272,0.0008117500107375678
1968-02-19,-0.005060268323973748,0.00045811027120062187,0.6820155716660783,0.0033637624086633247,0.0,268.9297464086961,-0.00015501913714543574,0.0034422606734906213
1968-02-20,-0.0033102053201804734,0.0004560035669197471,0.7191100039724576,0.010045365930277076,0.0,270.14330038871697,-0.00020664865098430615,0.010135182962729729
1968-02-21,-0.003945189764944174,0.0004539035134396311,0.7572924942620056,0.0012016034984992723,0.0,267.59450375831733,-0.00024840074701834537,0.0012439755732380601
1968-02-22,-0.0027423990143220977,0.0004517901583579974,0.7915432170286018,0.010689759195524421,0.0,268.07156417688634,-0.00016574471094514017,0.01070019353570782
1968-02-23,-0.005908213640000188,0.0004497082051584276,0.8389492573711159,0.0015031415442962432,0.0,266.5284260284654,-0.00021604488019720986,0.0015083891524328352
1968-02-24,-0.003916957242003942,0.00044766935588276324,0.8516781334598637,0.006879780062679518,0.0,268.5924295400271,-0.00018405661744586493,0.006913956373482648
1968-02-25,-0.0056623025970943906,0.00044555760036080574,0.8797717767920199,0.0027708411006267465,0.0,265.7939977340555,-0.0003030860880758129,0.0028378861324117677
1968-02-26,-0.007128779455430091,0.0004435302005649287,0.867735322136888,2.0928975552488858e-07,0.0,266.4033762434333,-0.00017327106015830392,7.895987578528759e-07
1968-02-27,-0.004174378632152148,0.00044146154896687655,0.858855454037194,0.0030873067634927353,0.0,265.37638529905047,-0.00021092047504449297,0.0030944175691096807
1968-02-28,-0.003070907572568473,0.00043942589881056446,0.888274399349694,0.0053192393506987625,0.0,265.46868540517806,-0.00019560306001517735,0.005343760676200835
1968-02-29,-0.009378002188300009,0.00043740355025577015,0.8985975017655368,0.00011472646041778522,0.0,268.48934809007665,-0.00018397649213419123,0.00011658722395093791
1968-03-01,-0.010440825069018004,0.00043537615045989304,0.8766549607903721,2.062590108752924e-09,0.0,269.61607830313415,-0.00030231816262680264,1.2844800494349329e-06
1968-03-02,-0.0071709157720123975,0.000433357001024451,0.8560740440354284,8.28956227518071e-05,0.0,267.2258041726667,-0.00031902730507028977,8.815815532777589e-05
1968-03-03,-0.010041705843082257,0.00043135275275020275,0.8398832906661958,3.958912303218734e-05,0.0,266.9683527362773,-0.00031138095204944665,4.158879933790924e-05
1968-03-04,-0.009693403196873639,0.0004293700564379073,0.824611857786017,0.0,0.0,268.4443499821952,-0.0002737903578133233,8.607154455830823e-07
1968-03-05,-0.011429836436853571,0.00042738230888452914,0.8092401939147834,0.0,0.0,270.4410033540313,-0.000368550509256495,8.612871056357108e-07
1968-03-06,-0.011856088277983802,0.0004253863109707159,0.7926616201741996,0.0,0.0,271.81113324282086,-0.0005007491915323641,2.1457671550706436e-06
1968-03-07,-0.007298120586885571,0.0004234499177016781,0.7769681136711395,0.0006889596918208451,0.0,270.1579531545693,-0.00039476636628815016,0.0009420109918935872
1968-03-08,-0.004884633261941921,0.00042148532166992885,0.8247318591101696,0.009624099348392864,0.0,267.9146898632445,-0.0004100867541833113,0.009699050471689754
1968-03-09,-0.0033929894367853803,0.0004195356267993733,0.8530767695827448,0.0038715963393954906,0.0,265.1389437278561,-0.0003258709053871996,0.00388944739814944
1968-03-10,-0.003043928136259823,0.00041760588433109434,0.9061219526100518,0.006476535614432589,0.0,263.4790045420329,-0.0003312064261086243,0.0064899622046560084
1968-03-11,-0.005140606292897026,0.0004156958417030378,0.9459913580655603,0.0015719556539072158,0.0,261.7574966847336,-0.0003536236340885108,0.0015778548972518835
1968-03-12,-0.008069190980687655,0.00041378419951530504,0.9359128560499058,1.3299707302265921e-05,0.0,264.29123215037777,-0.00021708819825770492,1.4008640467163993e-05
1968-03-13,-0.008475516601807655,0.00041187255732757225,0.9191554297610641,7.425324391510527e-06,0.0,268.69251765953396,-0.00027986598532583754,8.715936621940715e-06
1968-03-14,-0.009296298616350033,0.0004099973682629861,0.9332817925347222,0.0058156175086390505,0.0,266.7491082875742,-0.0006313012639260563,0.0058361194157604285
1968-03-15,-0.008752151692317705,0.00040811872751699333,0.9416228041137006,0.0005260664696073802,0.0,264.5260239832819,-0.0004741571012274021,0.0005798818249373566
1968-03-16,-0.009846437406741968,0.00040622863729121325,0.927468854828743,1.109105213887274e-06,0.0,267.02181989953567,-0.0004212135017591682,2.839875052446628e-06
1968-03-17,-0.009643637106917,0.00040438644966836706,0.9101744111199388,0.00016070590854364602,0.0,268.508547209975,-0.0003544837604724082,0.0003527233785548226
1968-03-18,-0.0036744549449554274,0.00040251605928280935,0.904110666048729,0.0028460466929074737,0.0,265.82321695733657,-0.0003681863989617865,0.002856707821392145
1968-03-19,-0.004809194575932067,0.0004006789229010458,0.9566664183880652,0.005184045219320362,0.0,262.39137259804824,-0.0003743982310854109,0.005187760234547614
1968-03-20,-0.003962786563035459,0.0003988516364393935,0.9698249543903014,0.002009920144485215,0.0,259.6791001731169,-0.0003254062701332367,0.0020135439384105377
1968-03-21,-0.0037780414614300276,0.0003970341998978524,0.9787165467572976,0.0010670505169421266,0.0,258.68719857426015,-0.000145936963585137,0.0010706134544753532
1968-03-22,-0.009612784968257624,0.0003952202150377177,0.9759742176465397,4.373210887450957e-05,0.0,264.1357467780679,-0.00013807024491035335,4.4163797358539916e-05
1968-03-23,-0.013713884446243782,0.00039339452813574156,0.9592517342720106,0.0,0.0,269.2009171487697,-0.0004083954145090055,8.553265615773853e-07
1968-03-24,-0.009977062627420588,0.0003916433470397346,0.9385880579831687,0.0005266017748811151,0.0,270.828809878247,-0.0004222876060817202,0.0008100700732236329
1968-03-25,-0.012730016125797551,0.00038988391558329266,0.9466191810852166,0.003809671806918699,0.0,269.44572759078727,-0.000634258528803028,0.003945620687618893
1968-03-26,-0.009514280926373046,0.0003880680786014277,0.9515957877236348,0.007493969410826258,0.0,268.58622885019764,-0.0007802737708398178,0.007692126713004718
1968-03-27,-0.010778661459516,0.0003863019963442269,0.987534575094162,0.0013543714869157068,0.0,266.6225460217722,-0.0005146070451891355,0.0013604491432649005
1968-03-28,-0.01323332616501609,0.00038455081524822,0.9696304694856404,1.4430974836403368e-05,0.0,271.14511509624134,-0.00053797742236132,1.7776899455505164e-05
1968-03-29,-0.013955853500608672,0.00038285258799622965,0.9452619247292845,4.316081350806069e-05,0.0,272.96315826085555,-0.0005692351756796325,0.000326928917286167
1968-03-30,-0.009313202720914184,0.000381159411985322,0.9194050876883241,0.005816607530844414,0.0,272.65036253920164,-0.0007716533491166973,0.006884797009999119
1968-03-31,-0.011144790609004135,0.0003793534249235682,0.9684628703948918,0.0035522491329133855,0.0,266.91735729569547,-0.0008300776714406444,0.0035561298130275935
1968-04-01,-0.011472501407908856,0.00037768819911331784,0.9551328382474106,0.00010121365388234457,0.0,270.2257501239382,-0.00046919414110608025,0.0006437064563137527
1968-04-02,-0.0067038200164245354,0.0003760298766658805,0.9615848634651603,0.007351914010310577,0.0,271.7711983732809,-0.00031270819195246296,0.008495588118920183
1968-04-03,-0.0055663782240307266,0.00037419568684141514,0.9974503166931498,0.0036503598935860022,0.0,263.81628329605707,-0.0008780483661566752,0.003658801418160207
1968-04-04,-0.011639032155106971,0.00037252221067072985,0.9949020127118645,3.503145134381656e-05,0.0,264.0629472678664,-0.0003396070925361019,3.6457568204577966e-05
1968-04-05,-0.012907802343031783,0.0003708553853008034,0.9813880704890539,2.755999228375106e-06,0.0,268.7055453427992,-0.00037373929668617784,5.23815381745156e-06
1968-04-06,-0.005154699171330296,0.0003691968102913118,0.9890518332156312,0.007741515140580592,0.0,267.91077151181787,-0.00035510379505359523,0.007882423791383163
1968-04-07,-0.005542978644371033,0.0003675166833198677,1.0296594077359935,0.0037024825348355678,0.0,263.0041069670137,-0.0004995290326785907,0.0037108987233059553
1968-04-08,-0.005623392297723199,0.0003658796602723289,1.0765426836893832,0.005331722167083773,0.0,262.4969605914617,-0.0002988933369854076,0.005356765180555495
1968-04-09,-0.010869190980822355,0.00036425408670457744,1.1117561757003296,0.0015218622856220958,0.0,265.1651049037438,-0.000345522643061681,0.0015258546602928032
1968-04-10,-0.015398752680942838,0.00036261706365703865,1.0966778483992468,0.0,0.0,271.18848276946505,-0.00039649087051718925,1.2924894576826773e-06
1968-04-11,-0.017252969834427378,0.0003610047916908049,1.0683968466778484,0.0,0.0,274.3105115405584,-0.0006750665163084614,5.0572275786938306e-05
1968-04-12,-0.01250217067824919,0.00035944067488955916,1.0416337927407016,0.00334137290884546,0.0,272.236265861382,-0.0009818467295775982,0.0037266826160742383
1968-04-13,-0.006752712915172685,0.00035780845052104884,1.053794386696681,0.005605849253255768,0.0,266.3738182771902,-0.0009313230271224923,0.005668726916949602
1968-04-14,-0.012937504945501771,0.0003562342312376378,1.0782581049170197,9.37209375160562e-05,0.0,263.95994943234433,-0.0006721544232072131,9.567897564332369e-05
1968-04-15,-0.014502786352472792,0.0003546799643565033,1.0617459686911488,8.664286490214073e-05,0.0,271.16686200646586,-0.0006180918475581429,0.0004984878045463562
1968-04-16,-0.006247481468033658,0.00035308419311113953,1.0883310896304144,0.011797036575732259,0.0,268.4213825448534,-0.000642235585525211,0.012070117141465065
1968-04-17,-0.00431223769309157,0.0003515397761501162,1.231003698431615,0.017355756465829698,0.0,263.6513361059789,-0.0005561986432994827,0.01737170434452185
1968-04-18,-0.008791998323410918,0.0003499804580278989,1.3022925310440208,0.0009142961668766152,0.0,263.7892151669145,-0.0002740728063771954,0.0009156031628672822
1968-04-19,-0.012509214128814849,0.0003484360410668756,1.2747428017596518,5.1544842410222295e-05,0.0,266.8232511854441,-0.0003475881165872186,5.275088501342918e-05
1968-04-20,-0.010253154877888956,0.0003469065252670461,1.2463015683851226,0.0001322276322013241,0.0,266.066198374143,-0.0004459526337220171,0.00013489861272822666
1968-04-21,-0.005352722554557068,0.0003454001609888454,1.2972786826153486,0.014636395393876032,0.0,265.8172343446261,-0.0004052609931361878,0.014651886605171216
1968-04-22,-0.00842872464050681,0.000343872244748692,1.373722284751648,0.0044188439888132505,0.0,263.9552532418749,-0.0005299849277835782,0.004422505999620837
1968-04-23,-0.01481309764634418,0.0003423799818518472,1.3567278443532254,7.856784567321088e-08,0.0,263.650394033802,-0.0005217115789399309,1.3628752883004522e-06
1968-04-24,-0.010976409718478467,0.0003408943697557611,1.3290213317296375,0.00234359262858407,0.0,267.9888310621014,-0.000390005082228763,0.002425810297419333
1968-04-25,-0.0083711690316766,0.00033940450619843047,1.3327583844603343,0.0035650810111040455,0.0,266.7201170624987,-0.00031115039446428,0.0036377993878276846
1968-04-26,-0.00839981731385161,0.00033793619460305253,1.339252938883004,0.00607075460128865,0.0,266.44984581151704,-0.00031530001532223265,0.00618510020653617
1968-04-27,-0.007544241382577326,0.00033645298184648074,1.3975476051229994,0.00889414845634315,0.0,266.6934390490114,-0.000354658633386348,0.009049131613307823
1968-04-28,-0.015089424148117755,0.0003349846702511028,1.3943358455449624,0.0004990493384121502,0.0,268.5758798315476,-0.0004320943591284887,0.0005030928372040202
1968-04-29,-0.019868441767948497,0.0003335395101773537,1.354548969735758,0.0,0.0,273.1135000167818,-0.000558135967891095,8.612870487922919e-07
1968-04-30,-0.022751483582170672,0.00033453662516707086,1.3011518288017891,0.0,0.00014266556939162778,275.4206819660021,-0.0008652244910261052,6.496905484709714e-07
1968-05-01,-0.02398620764751219,0.00036915185424567617,1.2404932284310264,0.0,0.0022627150818789747,276.2539692607528,-0.000996215805663901,0.00013036175630564057
1968-05-02,-0.01231828896002581,0.0003344730637167807,1.1922968345397835,0.0027176722000210973,0.0003067386773346508,273.059215157719,-0.000971527680712568,0.0032410515690071283
1968-05-03,-0.017969767757728277,0.00032781022416669773,1.180884064927613,0.00010124909675727456,0.0,271.11101071129633,-0.0010953398663445383,0.00010690742966321565
1968-05-04,-0.01997533583708402,0.00032640976757653017,1.1539122730549671,1.2023847992137328e-06,0.0,272.78293201927863,-0.0008937609776601954,9.876972864447321e-05
1968-05-05,-0.01985244318253577,0.0003489212127728651,1.1206758143538138,0.0,0.0012284256938823873,275.5467716978544,-0.0011002022857214773,0.0005873265744602614
1968-05-06,-0.009698283537633003,0.00032722091270705406,1.1169086463482818,0.009635377948903769,0.0001766298829162188,272.1327081920962,-0.0009654475281299171,0.010468679346482174
1968-05-07,-0.013493880545352142,0.00032225310128960907,1.1571934586864407,0.002636093246397999,0.0,267.70317421390513,-0.0013220499211785484,0.00270646061264189
1968-05-08,-0.009920676465088365,0.00032088909782258807,1.1726524798434559,0.004135512215437863,0.0,267.699552385147,-0.0006150726628842327,0.004192931433503437
1968-05-09,-0.015471649035222114,0.00031954319463611326,1.1740612310204803,0.0004081837201522569,0.0,270.3702334782947,-0.0004498015899779433,0.0004707559078022412
1968-05-10,-0.011795387471799798,0.00031819409233028615,1.1581748488259183,0.0002628628606513395,0.0,270.3960226709111,-0.000641246310482591,0.00027593239552059756
1968-05-11,-0.018049357722034563,0.00031684658958413506,1.1443730873352165,3.6688005856874975e-06,0.0,270.9148890644368,-0.0006593364043592733,1.1883027775381846e-05
1968-05-12,-0.017058354102622318,0.0003270074977713116,1.1226728478842984,6.105108870624822e-05,0.0003014934265007407,274.5515547391385,-0.0006243102883888503,0.001540871932457252
1968-05-13,-0.012081734373071099,0.0004334019570700867,1.0895724826388888,0.0,0.004157908134541269,274.9008685541243,-0.0003839949893075868,0.0022726994172022606
1968-05-14,-0.01323392145377768,0.0003594837788134645,1.0568229258621704,0.0009832909635904819,0.0012171096510469577,273.49942175367687,-0.0008330333735899064,0.003780083590492258
1968-05-15,-0.00585657071932561,0.0003171150630476785,1.1034140146833806,0.017936729662920127,0.0,271.7056555487567,-0.0007362623125483087,0.019623205367854182
1968-05-16,-0.008871172065451995,0.00031039910127887623,1.246115129546257,0.01288261380320215,0.0,268.67178835752094,-0.0009813974637769712,0.013340366905952689
1968-05-17,-0.008756768232011526,0.00030925886779181706,1.301365854151954,0.00960812998651448,0.0,269.9991251376165,-0.00044445475658117715,0.010606471065074336
1968-05-18,-0.011456599385388153,0.00030793771568664725,1.3348894424582156,0.002604007026401617,0.0,269.2065586729463,-0.0007826796506589416,0.0026749257313988914
1968-05-19,-0.013973938795806325,0.00030677087899655273,1.320821930908663,0.0006832092116444798,0.0,269.383851397958,-0.0005734345196919926,0.0009624801786151175
1968-05-20,-0.017451805751875972,0.00030559234026461676,1.306085216572505,0.0002503869265823041,0.0,271.5966984987708,-0.0005875884918338162,0.00025195658264284593
1968-05-21,-0.020244469329462216,0.00031970003567172986,1.2746855597487055,0.0,0.0007933068199683044,275.3444934995835,-0.0005280244095766613,9.196942802116682e-05
1968-05-22,-0.012821931960219047,0.0006626611207164614,1.2328182012123354,0.0002879282975264188,0.0063707033793131505,275.39350423794906,-0.00044232193317453745,0.007912315177682528
1968-05-23,-0.005386066302067816,0.00037136766533393643,1.2380458451035783,0.014734032137666718,0.0008824886912006444,273.1543238185444,-0.0004985785680049557,0.017648260682826
1968-05-24,-0.007631067418109225,0.0008482204823844178,1.3247764573034368,0.006741627766671828,0.0030196543130497477,273.4310117387502,-0.00041146350151064707,0.01104113065768794
1968-05-25,-0.011156829779094223,0.0007281971011458144,1.3050573891390067,0.0013301008417781464,0.0033640759013130166,273.8502301289762,-0.0004755473290543772,0.0043838899875740574
1968-05-26,-0.009728448791692487,0.0009441774780467406,1.288602724811676,0.0046527150408022825,0.004052859304820078,273.804845547721,-0.00043429340114869644,0.010202240910228777
1968-05-27,-0.01160773327626751,0.000448468883158797,1.3061530334127824,0.00711634302627569,0.0022384187175055682,273.50541934500086,-0.0006862806924487238,0.01079161744669864
1968-05-28,-0.01997401051770496,0.0006850617753583833,1.2820408133239174,0.0,0.003861497792988848,274.9377943854323,-0.0008755791037853829,8.331987798252764e-05
1968-05-29,-0.021702039671146266,0.0019661873410650567,1.228825053701742,0.0,0.013089676613861559,278.80568576173374,-0.0005251811501585832,0.0008078720267927838
1968-05-30,-0.014091385033844555,0.002116081657382728,1.1649238888153248,0.0,0.011673415574313556,277.8197878354463,-0.00018439955988341136,0.002242178402966756
1968-05-31,-0.013263204761144133,0.0008666565862752624,1.1225434211687855,0.0002253054309699495,0.005051536980153478,274.9534851404682,-0.0005524236614168701,0.002812876489100537
1968-06-01,-0.020870104011169264,0.0016570044102641823,1.0901993861081685,0.0,0.008179677429340655,276.5138032018802,-0.0008058744235395713,1.279952698496345e-06
1968-06-02,-0.02493778565677546,0.004827575495014083,1.0352769409869351,0.0,0.017599105708679914,279.43728829507774,-0.0005282163935697685,0.0
1968-06-03,-0.024955323944657538,0.006958076677753429,0.9660467517802496,0.0,0.02083846791989386,281.5442763147157,-0.0004417318061499272,0.00019717672786646306
1968-06-04,-0.004706175861048834,0.008819377860106992,0.8970407029778721,0.0,0.01558586729869331,277.33612033966125,0.0004074311115394878,0.011575083897509872
1968-06-05,-0.005722714009258035,0.009354884846735809,0.8550349521098164,0.0003315096689482867,0.01772331608469877,276.7097107012618,0.00042115760135785334,0.011943526961704172
1968-06-06,-0.005433210040216393,0.01136804586749966,0.8053132540313089,0.0,0.01764790261280065,276.6441025778848,0.0004899876065931078,0.014280317900442189
1968-06-07,-0.01518091016401679,0.010909309915903598,0.7532860132709511,0.0,0.01606877175512287,277.6070163353239,-9.565167970913279e-05,0.00955015111103746
1968-06-08,-0.009604509477898227,0.01016738825598679,0.7096623135151837,0.00012675053992513885,0.010301823669907739,276.6110152372084,-7.211205439042239e-05,0.010438940670994138
1968-06-09,-0.011549468262720916,0.006446551215850701,0.6732481185999294,0.0,0.012323521498569662,276.33244990404495,-0.0001302655617901161,0.004717567706165295
1968-06-10,-0.007515014817485702,0.006316403379548068,0.6421643273305085,0.00014292730786706094,0.00977551200463947,275.27138973674306,-9.246402035998761e-05,0.00553298747471673
1968-06-11,-0.013039765469098494,0.007807068568838518,0.6103692638447505,5.386390928494729e-06,0.012116932220714915,276.448786011748,-0.00013905274813289696,0.004809536011597344
1968-06-12,-0.02012281688088078,0.009668804831424002,0.5672126956803203,0.0,0.01660696101390709,279.2918880484199,-0.0004108811512926204,0.0017066547174817842
1968-06-13,-0.017853103914840074,0.007289545684210998,0.5186291710805084,0.0,0.012062194846612587,278.17032711294866,-0.0005369991179829263,0.0014166138087639644
1968-06-14,-0.01762754204919783,0.006178284011318186,0.49206979755178915,0.00022936320868925862,0.0033392343186052506,274.6458834380529,-0.0010757538158509693,0.0003689845135330598
1968-06-15,-0.016146854871073688,0.006750217433703148,0.47832987582391717,4.666152352330375e-06,0.004509260656975084,275.493770750229,-0.000816932305862001,0.0025592677168877215
1968-06-16,-0.020546890626856162,0.006314699427556184,0.4564498642743645,7.093310524514841e-08,0.007206483433643977,276.49557913225254,-0.0012114961173827366,0.0015045600926459036
1968-06-17,-0.0258905532333137,0.007571128970485623,0.4266421790401366,0.0,0.013263636179226268,280.14660360404554,-0.001124055777271252,2.5892089292989566e-05
1968-06-18,-0.020445310210777543,0.010360755826120322,0.3867405893214454,0.0,0.01645890055066448,281.31925746680656,-0.00072399447908846,0.002308089012480052
1968-06-19,-0.025724764345055922,0.010520606812110728,0.3467355501853813,0.0,0.015647445631734397,283.82096154092625,-0.0011790811668260623,0.0005453166651860469
1968-06-20,-0.021461323703412957,0.010693101391280439,0.3089491562205744,0.0,0.012887568839189022,285.3673067470055,-0.001322177070387676,0.0021079079953790565
1968-06-21,-0.022919185880550558,0.013209518571357945,0.28085919108992474,0.0,0.010057344190818442,281.27926471588086,-0.0014427903260888352,0.0032096186208237067
1968-06-22,-0.027341350323736333,0.013694788608173867,0.25552925641478347,0.0,0.011004873903962853,284.02543213407876,-0.0013830030736865972,3.412810031343822e-05
1968-06-23,-0.018110100537706904,0.015685706488830223,0.22846206119056028,0.0,0.010947761730959188,282.50928272455656,-0.000960899927353455,0.003625955049596005
1968-06-24,-0.006816681832243494,0.02174722458009666,0.20540824358521662,0.0001083076694759272,0.00834232000476223,279.6818918885484,-0.001663677415436944,0.011889180019065566
1968-06-25,-0.013574786778897214,0.014883461476719314,0.1980502313588748,0.0013966538054121418,0.0022565641645657815,275.7486677762479,-0.0013918925634464302,0.0036084407803702494
1968-06-26,-0.022948800044207924,0.01129281638705798,0.1890193271098164,0.0,0.00722490335251652,280.31810863229066,-0.0012981523996440031,0.00011878400862424367
1968-06-27,-0.032167914518191995,0.011203140525494593,0.1648880263506356,0.0,0.010625618599397315,285.17807646570014,-0.001689465627032148,0.0006853293226473748
1968-06-28,-0.03163207722249004,0.00922401375689749,0.13944406742879004,0.0,0.007617730605231841,283.0133923747895,-0.001901911903109591,0.0017865654933808854
1968-06-29,-0.020091371263487867,0.009190406166227525,0.12448436212629473,0.0,0.0058565411906121145,279.6994848879942,-0.0013248989158599392,0.0013916694005654223
1968-06-30,-0.015757536947053705,0.0075587404649809925,0.13541850576741996,0.005679069686744174,0.00025634450764305854,273.7225202104242,-0.0015040261271057156,0.0074322847827330025
1968-07-01,-0.012849302488868522,0.007909495278266863,0.14785220618526365,8.556429864996572e-05,0.0033854195416647163,275.32443254187064,-0.0013183254201365056,0.0046368641368363635
1968-07-02,-0.022380799476036245,0.00797203343130101,0.1314662782485876,4.732276255128075e-07,0.004929599662621817,277.39125147243004,-0.0015178534470624843,0.0017646004249003337
1968-07-03,-0.03080140710887263,0.007422838928335805,0.11265825461982111,0.0,0.006471940395185504,281.61616915542976,-0.001610545883491888,0.00033535396443952226
1968-07-04,-0.025784812236236316,0.009605651353038638,0.09227412164548024,0.0,0.007760126543583844,282.6081282118171,-0.0014086990685617858,0.004645465721130813
1968-07-05,-0.020481829000058148,0.010793191144021892,0.07240700587040962,0.0,0.008943916124812627,282.11133608126596,-0.0014475183193124622,0.00476286344386824
1968-07-06,-0.02753419168083008,0.010799033746207502,0.051288382032721284,0.0,0.008595115931357368,283.1917415123201,-0.0022295589353573527,0.004190337371690052
1968-07-07,-0.029859081289525764,0.011218272865155324,0.03343048383062618,0.0,0.006573561347473813,285.26922969494836,-0.0021238348651993074,0.0017409218064354502
1968-07-08,-0.02460154541636591,0.01050337189334934,0.02021631503060264,0.0,0.004699342899908454,285.1312392067775,-0.002396586998286894,0.0027816086874936754
1968-07-09,-0.027590650118003456,0.00879413992334894,0.010811613553436912,0.0,0.003329197292105626,286.1648707165332,-0.0025235244551789294,0.0013579620143114512
1968-07-10,-0.026111597100556907,0.008754121886808321,0.004956376530131827,0.0,0.0016053211217546195,286.91063196645615,-0.002719373489587994,0.008016132971656266
1968-07-11,-0.01901481191148866,0.01134678620403096,0.002365543343926554,0.0,0.000783349750405651,285.61371638411185,-0.0025805456058706267,0.014794423371436638
1968-07-12,-0.028724757417783898,0.006229305503058568,0.0010138042902542374,0.0,0.00036022786871861605,286.78165708782535,-0.0029970902297119634,0.00011967663280466507
1968-07-13,-0.03636159537370596,0.005765013523020987,0.0005181666372410547,0.0,0.0001407633561872493,286.3909296297983,-0.00278920730796911,9.549113807317277e-05
1968-07-14,-0.036177706078620954,0.005335948140607716,-7.3453647229951e-24,0.0,6.611123260131663e-05,287.92034463828566,-0.003021699855219847,6.838023316722787e-05
1968-07-15,-0.03704451950593183,0.0049544189777751425,-7.3453647229951e-24,0.0,2.807715518326409e-05,289.1519225384556,-0.003012916809842412,0.0004707924726878991
1968-07-16,-0.02773883501015141,0.004635555511814053,-7.3453647229951e-24,0.0,1.0673251360823206e-05,288.2023280659189,-0.0026294440609839678,0.0017601837261686907
1968-07-17,-0.02379160753246081,0.004350711733607923,-7.3453647229951e-24,0.0,4.012916384443725e-06,285.60480155513784,-0.002685885723827586,0.0017567745660436375
1968-07-18,-0.017797877770022483,0.004134770756387442,-7.3453647229951e-24,0.0,1.5219178913676809e-06,282.7176608464588,-0.002649538439966865,0.0041933655738830575
1968-07-19,-0.03539096745057295,0.003858379977571089,-7.3453647229951e-24,0.0,7.533084201273946e-07,286.49830971913605,-0.0027520585552615637,8.472002158588609e-05
1968-07-20,-0.039999714258026946,0.0036532311452984138,-7.3453647229951e-24,0.0,3.3912769818710074e-07,288.7442874944367,-0.003139767059161839,0.00012287268521756083
1968-07-21,-0.035352025917694395,0.003468732628445168,-7.3453647229951e-24,0.0,1.1923033638862567e-07,285.0859064723588,-0.0026710492290430154,4.1813804685375544e-07
1968-07-22,-0.0379812115077245,0.003304602399384235,-7.3453647229951e-24,0.0,5.981511315383481e-08,287.7994441878324,-0.002819864168805254,0.0001685511256438323
1968-07-23,-0.029484573772734845,0.0031535886438552943,-7.3453647229951e-24,0.0,2.0625901087529242e-08,285.5892702415165,-0.002287394288232771,0.00013111800074455326
1968-07-24,-0.026968216534051518,0.0030304553818568,-7.3453647229951e-24,0.0,8.250360435011697e-09,285.22719735973527,-0.0024608363223783043,0.0017228318808766273
1968-07-25,-0.030312733124878453,0.0028939304378746596,-7.3453647229951e-24,0.0,4.125180217505848e-09,286.15194134972637,-0.0026358997733411144,0.0005532882981331436
1968-07-26,-0.026407549105121594,0.0027925791376728123,-7.3453647229951e-24,0.0,0.0,285.8572259640739,-0.0024633073789925228,0.0025196984156700716
1968-07-27,-0.02536693190113973,0.0026797707808219784,-7.3453647229951e-24,0.0,0.0,285.3633477952746,-0.0027155873002642295,0.0017528372631558458
1968-07-28,-0.02958681926888935,0.002574491046242795,-7.3453647229951e-24,0.0,0.0,286.83400607423374,-0.0024183514806847117,0.0012194762795608698
1968-07-29,-0.03611377332001756,0.0024778109654194896,-7.3453647229951e-24,0.0,0.0,288.4019650173726,-0.002931847926334473,0.0011351190380903557
1968-07-30,-0.01856994995121229,0.002433546097938624,-7.3453647229951e-24,0.0,0.0,284.86434285654184,-0.00247609924714444,0.006216927167295035
1968-07-31,-0.01155726178049368,0.002332020024795317,-7.3453647229951e-24,0.0,0.0,278.1791728175966,-0.002240561306644968,0.0032450692465062127
1968-08-01,-0.02977706647693774,0.0022287938722782893,-7.3453647229951e-24,0.0,0.0,282.808445375518,-0.002211300971902023,8.583068797918258e-07
1968-08-02,-0.033235167968744615,0.002157402240623862,-7.3453647229951e-24,0.0,0.0,286.09922524360616,-0.0022485106552051284,0.0003732133045245023
1968-08-03,-0.025365005989195943,0.002107014258702596,-7.3453647229951e-24,0.0,0.0,286.1066783251287,-0.002434232109094744,0.0028991530844047248
1968-08-04,-0.027784110462598207,0.002046476649699238,-7.3453647229951e-24,0.0,0.0,286.2718597562973,-0.0029419448047792174,0.0028581153200494913
1968-08-05,-0.033332551013951925,0.001961222392017559,-7.3453647229951e-24,0.0,0.0,287.3059349060059,-0.002382461044747951,0.0001868905656974059
1968-08-06,-0.03667878447952917,0.0019003599040252341,-7.3453647229951e-24,0.0,0.0,288.4919118899185,-0.002366553308010775,8.977065652103747e-06
1968-08-07,-0.03612911343406149,0.0018435598766736395,-7.3453647229951e-24,0.0,0.0,289.2357018178017,-0.0023194994872151797,2.062707971044853e-05
1968-08-08,-0.01922340926814214,0.0018087778724519548,-7.3453647229951e-24,0.0,0.0,287.4290325825722,-0.002114774590873786,0.0029101399715323164
1968-08-09,-0.009357721665821508,0.0018670839273323449,-7.3453647229951e-24,0.0,0.0,283.1857229904491,-0.00222519860934403,0.01254143477359966
1968-08-10,-0.004358013849810692,0.0026755918890742935,-7.3453647229951e-24,0.0,0.0,281.28563314463014,-0.0020473822846082644,0.02735720546225284
1968-08-11,-0.017200641754993612,0.0017010474440741674,-7.3453647229951e-24,0.0,0.0,282.9517024699353,-0.0018491584092041869,0.003353406227914627
1968-08-12,-0.021121104137372164,0.001651906108452102,-7.3453647229951e-24,0.0,0.0,282.9747262692497,-0.0028855823464481174,0.0031613417764099028
1968-08-13,-0.016599021641548074,0.0016416152149943983,-7.3453647229951e-24,0.0,0.0,283.0551835184044,-0.0019327120508177806,0.004735242107803431
1968-08-14,-0.02077595030857345,0.0015663906174190974,-7.3453647229951e-24,0.0,0.0,283.98105576437973,-0.0025621743893808565,0.0018191443661511955
1968-08-15,-0.022444515031273087,0.0015575872302728859,0.00010390919256120527,0.00011831570395642082,3.0251882844052076e-06,279.8417049451063,-0.0021439466709639392,0.003779643336258366
1968-08-16,-0.01671579454914998,0.0014973258399693982,0.0012694392949623354,6.175269556921082e-05,4.977684489077768e-05,277.09258862224226,-0.0017934216417919446,0.0009588509966424631
1968-08-17,-0.02873054163604133,0.0014864128861723645,0.0007774798434557439,-8.31350094854495e-10,6.813518071578721e-05,282.08975431294994,-0.002562592311178224,0.0024250857236345473
1968-08-18,-0.022471123369736865,0.00145640161077855,-7.3453647229951e-24,1.611979415187728e-05,2.9094611941757852e-05,278.82634219656336,-0.0025868313544887608,0.0027336526584397663
1968-08-19,-0.020079711189041033,0.0014426087760655894,-7.3453647229951e-24,0.0,1.3830066569107402e-05,277.93418525077976,-0.0024259664633937477,0.003150407867503282
1968-08-20,-0.03110666152110881,0.001392875855925393,-7.3453647229951e-24,0.0,1.613431646998993e-05,284.27057694401,-0.0027794507884625662,0.0012248530898714334
1968-08-21,-0.033997031465425334,0.0013566161953123279,-7.3453647229951e-24,0.0,4.409123106864886e-06,285.22285049424113,-0.0023794338885842073,9.729197425664396e-05
1968-08-22,-0.02829959736032001,0.001335321678280157,-7.3453647229951e-24,0.0,1.4948516578997598e-06,283.83023687675177,-0.0022092960816992207,0.0005199276754767152
1968-08-23,-0.009167536251289023,0.0015526583975991287,0.01095920138888889,0.00672704316044258,0.000627603266114569,278.0211244751954,-0.0026090668282855705,0.0244864122005456
1968-08-24,-0.02135782815137152,0.0013370884340361687,0.033669107153366296,0.0,0.002953067663951782,278.64232989309426,-0.0017904070242818467,4.785078864197904e-06
1968-08-25,-0.027455097243274003,0.0012930765495461933,0.015570746527777778,0.0,0.0016190261701069311,283.77850393880783,-0.0021495615253172354,0.0
1968-08-26,-0.02907700739843024,0.0012596705033954254,0.006419381179378531,0.0,0.0007318996082423096,284.81545277683523,-0.002177418362201944,0.000245038011550957
1968-08-27,-0.028355049211426647,0.0012337596571378115,0.0026726731697269304,0.0,0.0003188178785103189,285.35247366307146,-0.0021724419952449153,0.0002897280757710085
1968-08-28,-0.01951867405135753,0.0012886141147990685,0.0011735761681967987,0.0,0.00011156563578689167,283.2632497079853,-0.0018526607503493628,0.00617893255698689
1968-08-29,-0.014044953731157014,0.001250169876605104,0.0005181666372410547,0.0,4.0884229675524656e-05,277.6589685321528,-0.002667921674201044,0.0049671610397394525
1968-08-30,-0.02074691312292875,0.0011756404139901286,-7.3453647229951e-24,0.0,2.1809112217466714e-05,278.94772654603435,-0.001622549142414904,0.00012572693949236015
1968-08-31,-0.022388013532269477,0.001158166655712882,-7.3453647229951e-24,0.0,1.23758037379906e-05,280.35103809766184,-0.0016322978903765733,1.118024858791939e-06
1968-09-01,-0.026028189829177106,0.0011421900011051847,-7.3453647229951e-24,0.0,6.1049194490842225e-06,283.19272050659987,-0.0020182021435792164,8.52346317969932e-07
1968-09-02,-0.012464034860416995,0.001272825113797592,-7.3453647229951e-24,0.0,1.9066014700690232e-06,280.83615981207953,-0.0025897812266639396,0.01182810548187707
1968-09-03,-0.01252212156515337,0.0011804363148360604,0.019832172860758005,0.004029432490552213,0.0005631820209282267,274.26996920382686,-0.002281942915192432,0.008612156587805453
1968-09-04,-0.012633572527244267,0.0011337503033169247,0.022302085172434087,0.0003101984722971243,0.000604568165069246,274.15698486443074,-0.0014681870612384238,0.0026937566572260655
1968-09-05,-0.013593963521011805,0.0011218710471007783,0.02135977592396422,0.00046649875150898756,0.0011559716178535743,275.09188637311405,-0.0017527549364472514,0.0018075873101339047
1968-09-06,-0.02169123329853608,0.0010947571635919777,0.013041982991996236,0.0,0.0010153432350374213,279.73257347868434,-0.0016326149031098956,0.00021772958456299705
1968-09-07,-0.01815034103932354,0.0011364999464002707,0.00648260026777307,0.0,0.0005526222541170605,281.0319138507161,-0.0020031690344972128,0.004851942463007405
1968-09-08,-0.01841578699943036,0.001137466753943492,0.0032634842867231644,0.0,0.00033228181428828483,278.65196405831034,-0.0018786367470935241,0.002183424178535158
1968-09-09,-0.023810143482550387,0.0010441723516431906,0.0017600194209039552,0.0,0.00017132817393979114,281.752039199944,-0.001722784034150132,8.429764761785918e-07
1968-09-10,-0.028041449770078823,0.0010314362365647226,0.0005406956214689266,0.0,6.941257644507846e-05,284.3267402936285,-0.0017876421222410635,1.3558810690863613e-05
1968-09-11,-0.03003001911828747,0.0010199662992509744,4.5057968455743875e-05,0.0,2.9660435130367174e-05,284.5074281387185,-0.0018288079270366894,5.621642816932676e-06
1968-09-12,-0.024503429057234426,0.0010099114671265337,-7.3453647229951e-24,0.0,1.0772571388611013e-05,284.74145862701477,-0.0017939428509460334,0.00010672221749018477
1968-09-13,-0.025662007641657603,0.0010006080913004904,-7.3453647229951e-24,0.0,4.6895932679795955e-06,283.78924505589373,-0.0018629104867156619,0.00024612414625738957
1968-09-14,-0.027303156416631693,0.0009956859936148435,-7.3453647229951e-24,0.0,1.7981576380756617e-06,283.72417969712654,-0.0018384121726714288,0.0008753748263229218
1968-09-15,-0.018308846332595847,0.001007866724736273,0.00043816575447269305,0.0009331861879192503,1.1715185591730022e-05,278.1904025392119,-0.0016808974593456858,0.004127545562031202
1968-09-16,-0.007024106501185961,0.0010041381511311073,0.027410877177495293,0.006213151423607843,0.0005087228228816879,272.5557478134242,-0.0015451028564218748,0.009171130630142408
1968-09-17,-0.006716261139023776,0.0009779211996638843,0.05072837585334275,0.0016885933987164901,0.0009538085847082786,272.6903592592804,-0.0008872238613959761,0.002116713567642169
1968-09-18,-0.015994066909208137,0.001003522404843131,0.041634252515889834,0.0,0.0032832592746800623,278.7192017291226,-0.0013857615090864528,0.0001524490450533348
1968-09-19,-0.022036098659375298,0.0009759496160819706,0.020957242746586634,0.0,0.0017047701771818315,281.10629190563486,-0.001591138336491787,0.0007455284986118814
1968-09-20,-0.03292381182565528,0.0009627591418681172,0.00946838034074859,0.0,0.0010128284957112567,282.82618657343806,-0.0022196909465358756,0.001284473932361441
1968-09-21,-0.019623357192271176,0.0009386436750659834,0.007807212585334276,0.0010260048685437543,4.691507477881545e-05,276.76303950451637,-0.001636902554392141,0.002644687116391888
1968-09-22,-0.018510380454656097,0.000916484974871921,0.011920591307674202,0.0,1.9251290014234642e-05,272.2821180771075,-0.0011025516863512456,4.4524952613755886e-07
1968-09-23,-0.012495991537126445,0.0009144262573813315,0.013913027086275896,0.0012967312066568494,0.00024018397733653339,273.8192704267197,-0.0010320901355080011,0.0016770262502340005
1968-09-24,-0.015469262407997909,0.000910688591542217,0.016076269347339925,1.2865889880616787e-05,0.000685086989470121,275.74871561801143,-0.0011297154245571903,9.674468609443472e-05
1968-09-25,-0.01907697732502458,0.0009018431107203166,0.011521736331803202,0.0,0.0006857015360883401,278.22242228908505,-0.0012599805022700358,1.7237393876712304e-06
1968-09-26,-0.020149048817696545,0.0008901818155568873,0.007195251809675142,0.0,0.00046702060785333994,279.0665396781965,-0.0011737203004501635,8.594437304054736e-07
1968-09-27,-0.01972302062026525,0.0008833229036654457,0.004217517802495292,0.0,0.00021214301219094273,279.1697480153229,-0.0011686719743545448,0.0005453255705853123
1968-09-28,-0.013802806704731312,0.0008778226914378883,0.0028310657221045196,0.0,0.00014229497667086327,277.1636217049062,-0.0013172434127263432,0.001067974506863438
1968-09-29,-0.01728813480691048,0.0008619059782243719,0.0019678378060263655,0.0,0.00010960582791075196,277.56532826037505,-0.001321805172762965,0.00011224103512239658
1968-09-30,-0.019635218474487803,0.0008526379610859069,0.00135449770480226,0.0,7.881578794643706e-05,280.17335544377846,-0.0012601112557501443,8.409756446781103e-07
1968-10-01,-0.019606224855797442,0.000844096649164534,0.0005406956214689266,0.0,3.536251810310925e-05,279.80390034332567,-0.0011773462391505808,4.2763720031757657e-07
1968-10-02,-0.006904071081156112,0.0008616369154493689,0.02984814545080038,0.008619362498912436,7.787540470812955e-07,272.60194002571757,-0.0010830295708893383,0.011171256536042005
1968-10-03,-0.012858455716553382,0.0008419651096150028,0.05851880664430321,0.0004069078608421283,0.0009159167312969597,270.9217041037177,-0.0007245711940156539,0.00041032190966623416
1968-10-04,-0.016556993674086987,0.0008491743250755268,0.047598226371233524,0.0,0.0019161320465095975,276.6424095886576,-0.0011844305363667889,3.862380253849551e-06
1968-10-05,-0.016571058770694303,0.0008171453314312434,0.037397194267890774,0.00028957161357847316,7.975568710747412e-05,274.9901617592562,-0.0012759034295624259,0.0006131702721588206
1968-10-06,-0.01390686248150249,0.0008165357308199178,0.03502912216042844,3.3342400513126353e-07,0.0006461269669445222,274.6732904753892,-0.0008827806739820598,1.993141590207677e-05
1968-10-07,-0.010844881546362647,0.0008065557412508519,0.03308335356344162,0.0010496976517014585,0.00022142713016035868,273.2773283762672,-0.0008708899735478358,0.001580930327626912
1968-10-08,-0.01110520596894841,0.0007984900878647626,0.03899077507062147,0.0019482169405551956,0.000301991752480383,268.9823446579124,-0.0004665561778060461,0.0020417192560455086
1968-10-09,-0.013568661223023627,0.0007920708023222154,0.0474219025865113,0.0003925229154400906,0.000328084801213216,268.60918210275656,-0.0004138701179690954,0.0003927930095101481
1968-10-10,-0.017553169469712145,0.0007888853213207871,0.04216897105991055,0.0,0.0005529129530413676,273.22155493037627,-0.0006842626164020118,8.553265615773853e-07
1968-10-11,-0.01707448625126801,0.0007837595744321577,0.035773957965513185,0.0,0.0006450474009675496,275.2931339817083,-0.0009789420660101088,4.781470952006675e-06
1968-10-12,-0.021454204778886786,0.0007848087172050261,0.028844915989877595,0.0,0.0011952882895698658,278.8102241595137,-0.0012743906512603922,8.611505109001882e-07
1968-10-13,-0.021400058841974726,0.000771763213610245,0.019725734904661018,0.0,0.0006873470304881112,278.66828266869385,-0.0011576028530207057,9.49828515580531e-05
1968-10-14,-0.011559284213235824,0.0007923103995242361,0.01555787282250471,0.0001173093073112143,0.0006291543233529324,277.2153434322379,-0.0016704442631979449,0.0034155715809819965
1968-10-15,-0.007133699953556061,0.0007966219705376922,0.024929470486111115,0.003812470846930467,0.0001464878277337484,274.0739163831578,-0.0013235523286512345,0.008020376586644663
1968-10-16,-0.006826193403389495,0.0007431356415236738,0.04986468816207627,0.0042327345469913924,0.0,267.76440102456877,-0.0004035751466865594,0.004283168928725895
1968-10-17,-0.009978744648607438,0.0007390181223551432,0.06714280985169493,0.0005954097177685992,0.00011455231888146053,266.2809606972388,-0.0004640253797426062,0.0005965511844980379
1968-10-18,-0.01097476545531871,0.0007494193012431518,0.061937924832274026,0.0,0.001189786946074774,272.24558353962874,-0.0003356838777745511,4.4107436991680515e-07
1968-10-19,-0.010603870838712165,0.0007328094735657429,0.05745327764536253,0.0009396147551172871,0.0004272417002226,272.0172834773522,-0.00041750199187778485,0.000962190203747507
1968-10-20,-0.014193024802005898,0.0007358227914336038,0.05365438515183617,0.0,0.0009975466077442225,274.54366284530266,-0.000689404506215268,8.583068797918258e-07
1968-10-21,-0.012386246168680785,0.0007156661506426536,0.05529440324858757,0.0032298986689519075,0.0,271.548357397823,-0.0006590694357446358,0.003265156348541373
1968-10-22,-0.009223307719675162,0.0007171587923825799,0.06518370777424672,0.0006433675686518352,0.000453425729173725,270.07059777254443,-0.0004131234603497268,0.0006460300946483035
1968-10-23,-0.00877504265409405,0.0007106201291757789,0.08571221015772129,0.004208454514964152,0.0003094534984247833,270.4148451199864,-0.000579160043580384,0.00446036326672942
1968-10-24,-0.010261551598034336,0.0007350751235660187,0.08351425486993881,3.4758852700055667e-07,0.00232361398090077,273.51493697875867,-0.0003826657867869415,2.496524729328079e-06
1968-10-25,-0.013878348225590873,0.0007299851563017248,0.0657825649570386,-2.062590108752924e-09,0.002245927618890159,275.7189449374959,-0.0007267335513974988,4.422993486843173e-09
1968-10-26,-0.010039009027561899,0.0006985773811232572,0.05339139374411488,0.0016802820234985676,0.0004648663377189367,273.79285990540814,-0.0004944431169305818,0.0018459704299381328
1968-10-27,-0.01397991609775414,0.0006969635937846988,0.05693603055849812,2.2611859659690642e-05,0.0007202154456895625,270.6069597183199,-0.0005082505844575538,2.3028692283199333e-05
1968-10-28,-0.014379171159981337,0.0007036171727261301,0.04856881179378531,0.0,0.0014315871416596372,275.18270797873174,-0.0005052401500064774,8.553265615773853e-07
1968-10-29,-0.01395159627253053,0.0006980691420829904,0.03800708605520245,0.0,0.001359552376519489,278.60304768521013,-0.0007348081654748002,8.82311724126339e-07
1968-10-30,-0.01535202158709704,0.0006824831167856853,0.028433647083921845,0.0,0.0006734994003328227,277.2741646165004,-0.0008260396935340375,8.583068797918258e-07
1968-10-31,-0.008005837978279523,0.0006701296332192287,0.031365633459863464,0.003027266870110722,6.964772224089522e-05,273.01434504693964,-0.0005660407971275055,0.0033241212536336442
1968-11-01,-0.008531670070300668,0.0006658987136883925,0.045118658780602644,0.00025268317868480574,0.00019220249085439802,269.4452052215174,-0.0003255096048453434,0.00025838557936248114
1968-11-02,-0.0109478022250752,0.0006667222343595689,0.043154729063677025,0.00016239032907001047,0.00048822476028722564,269.9167841428193,-0.00025994172793323715,0.0001653750246903188
1968-11-03,-0.009929572289946391,0.000663240161319237,0.03861238009063089,0.0001042206576988522,0.0005212647177405277,272.20829466192964,-0.0002925357292011633,0.00011587039137109219
1968-11-04,-0.0030377569508417855,0.0006552425313130611,0.0509178032309322,0.006038611218080684,8.440482835311675e-05,271.63741915284356,-0.0003466227454906803,0.006627023725186365
1968-11-05,-0.00220826238730533,0.0006474539385003559,0.09099088909486819,0.0054040384073715435,0.0,267.46248378502224,-0.0003168738452391436,0.005448542409023997
1968-11-06,-0.0025843168466778126,0.0006435729016018453,0.13469091153189738,0.004512630381995003,0.0,264.9285274728319,-0.0002755902518155211,0.004515365362344466
1968-11-07,-0.00366972959310995,0.0006460089468013096,0.14008108595221283,0.0006001042991371477,0.0004148231661420758,262.7967931025446,-0.0004153484110273211,0.0006059918363215559
1968-11-08,-0.005255508852207055,0.0006406824130796444,0.1371435822740113,0.00013821489982685802,0.00030137341743135187,262.58337146953,-0.00042226750635157876,0.00013890377535529037
1968-11-09,-0.0032517737840528547,0.0006326740070924921,0.15133385379884653,0.009396786427935639,0.0,268.6188093641608,-0.00031010068342678966,0.0094080871057011
1968-11-10,-0.0037652049108413657,0.0006291375490231703,0.22744388903601698,0.006009610127762887,0.0,263.331880019883,-0.00031777992213176474,0.006027147647007612
1968-11-11,-0.0055559887471845594,0.0006381367559486864,0.22867700609110173,1.2080884922695701e-07,0.0008403837449301435,265.80783709294377,-0.0002994688995982294,1.422101988249121e-06
1968-11-12,-0.006818560094146406,0.0006286493465725312,0.21758286068443974,0.0,0.0004309534521426185,271.67536074607835,-0.0005423341177951145,2.9911241767877073e-06
1968-11-13,-0.004655947708814158,0.0006188062456368054,0.23201750272186913,0.004473603630470018,0.0,266.12801941909356,-0.0003964916755587368,0.004651470777084707
1968-11-14,-0.0040444032536388124,0.0006154387515816985,0.24398499109875235,7.602938656079567e-06,0.0,261.41352782455994,-0.0003095622474359254,8.610446608430321e-06
1968-11-15,-0.00280773757541247,0.0006121191601295257,0.24102036068443977,0.0004675874728604226,0.0,259.98747576697406,-0.00023226683043827448,0.00047157814262357783
1968-11-16,-0.002392718179077752,0.0006088459980016375,0.2532218746321799,0.00204256229565642,0.0,260.2487698930356,-0.0001984461984139378,0.002047181045211372
1968-11-17,-0.0020250667959956802,0.0006055926619949987,0.26091184454449157,0.0005280645090644643,0.0,255.6317462669703,-0.00014862041436346238,0.0005324103537524503
1968-11-18,-0.0031766837178650548,0.0006023832296921035,0.25918469904955277,0.0002965582376819546,0.0,259.2561981682499,-0.00017576039595119022,0.00029805269166650753
1968-11-19,-0.005271883165768985,0.0006006759522998402,0.2684280194356168,0.001889674866435218,9.979526538633358e-05,269.9703591305433,-0.00025156788570059225,0.0018938600006295327
1968-11-20,-0.007463050974627673,0.0006104335609802418,0.2607093135740348,0.0,0.0009558722902994371,271.4132559357839,-0.0004099697442883152,1.7218906123162014e-06
1968-11-21,-0.007672303435155901,0.000601881557265244,0.2469199660134181,0.0,0.0005936355956193417,271.7932767526803,-0.0004946292078090926,1.288304531499307e-06
1968-11-22,-0.006706219524313502,0.0005913176863206982,0.23462879590395483,0.0002348720606437511,0.00010025200281439528,271.329250565581,-0.0006105623044873362,0.0002755550004213408
1968-11-23,-0.004818873006408497,0.0005875335490636232,0.2378065321180556,0.0011863155806131956,5.153718136124693e-05,265.4569786129249,-0.0004546900442932959,0.0012665354936122154
1968-11-24,-0.005502428207020301,0.000584973874738661,0.23522926229990587,0.0001493671351233445,8.416827241916443e-05,264.0152445863196,-0.0004116350227156602,0.00015651736882317519
1968-11-25,-0.0016337465600105331,0.0005806956419163506,0.24144404352048024,0.0051749501019547894,-1.862645149230957e-09,264.17615259030447,-0.0001940203799029528,0.005182222238939415
1968-11-26,-0.0032937198372210486,0.000577685775729896,0.29084826683145015,0.0008481270344243885,0.0,260.6548286014133,-0.0001950188261051636,0.0008483763973591693
1968-11-27,-0.0018463434472595905,0.0005747339146285408,0.2946347453948917,0.0033879141181202264,0.0,264.1002218602068,-0.00016404330035892586,0.003405955534745993
1968-11-28,-0.0014852665911960065,0.0005718036054891382,0.32719924265830985,0.0036581655343373622,0.0,260.27025454461915,-0.00011496373720593373,0.0036630563985156476
1968-11-29,-0.004771851087357365,0.0005688831462698468,0.33750970125647367,2.3252672731539627e-05,0.0,261.0239741438526,-0.00021283510062149018,2.368286157602623e-05
1968-11-30,-0.003627036082542549,0.0005660140413348958,0.3347781768626413,0.0017898203542003526,0.0,267.51478768831817,-0.0002662381946535434,0.0017946403241077252
1968-12-01,-0.0014718385402765653,0.0005631449363999449,0.37437056776718464,0.008694285768910317,0.0,264.616133375581,-0.000186791585621524,0.008699895416173612
1968-12-02,-0.00127716888647295,0.0005603040342277054,0.40625183910075335,0.001264067903413611,0.0,259.577455477526,-0.00011089823529713572,0.0012672276483076171
1968-12-03,-0.0025514276266771522,0.0005574796327763359,0.40844841506297086,0.0002785063859096355,0.0,260.1869072061025,-9.728187831950054e-05,0.0002810991476332217
1968-12-04,-0.003765872053507358,0.0005546767832869191,0.4060596530720339,0.0013647937757820733,0.0,264.96563640601664,-0.0002950034077979077,0.001367771726498146
1968-12-05,-0.0035465685913791765,0.000551911986480325,0.41049326521304147,0.0005444345501183117,0.0,260.9283894217396,-0.00022748877731083479,0.0005522639234302756
1968-12-06,-0.0031496466553143864,0.0005491455901140548,0.44247706641360646,0.005125238291792951,0.0,260.858353695627,-0.0002814770681457331,0.005136356633216299
1968-12-07,-0.002883892064377413,0.0005463940949089783,0.45037554437382304,6.064421123703994e-05,0.0,257.9198375565408,-0.00011099145700365811,6.33531218605604e-05
1968-12-08,-0.004646537793894946,0.000543659100424772,0.44223936264124303,0.0,0.0,267.4989188637886,-0.00022482788348096916,1.2939898397235083e-06
1968-12-09,-0.004081313303634946,0.0005409374075420833,0.4310084341160547,3.211452799328303e-06,0.0,265.2823389631656,-0.00021452358844926804,4.498567935598724e-06
1968-12-10,-0.004905148919692821,0.0005382223654601534,0.42150396142302266,0.0,0.0,268.79748993135445,-0.0002659358673513273,1.7164038083759459e-06
1968-12-11,-0.005810206808612846,0.0005355387252602874,0.40932474657191625,6.672786285648239e-05,0.0,269.34839807212245,-0.0004611218316575229,7.948925452948796e-05
1968-12-12,-0.002726971219151707,0.0005328625356410182,0.4806577176024011,0.011304867680126666,0.0,262.5532612809578,-0.0002878292405841041,0.01131315312140826
1968-12-13,-0.0026176515019546123,0.0005302153485642988,0.5044349914665726,0.00014568078147489472,0.0,258.90222073858513,-0.0001163946959258473,0.00014618224343337582
1968-12-14,-0.0037349182165275193,0.0005275756120681764,0.49580616061970345,0.0,0.0,265.16038460381293,-0.0001501271995784199,8.52346317969932e-07
1968-12-15,-0.0054838256226421075,0.0005249598268735207,0.4830609625117702,0.0,0.0,266.91827212619245,-0.00030884607616117447,1.7195939108205494e-06
1968-12-16,-0.0033963834077624954,0.0005223357913184301,0.4712684185940443,0.0,0.0,266.20534524360846,-9.956258207054462e-05,1.7138499970315024e-06
1968-12-17,-0.002779991402801148,0.0005197796107685499,0.517521342764242,0.008194117243848952,0.0,262.8441549793251,-0.0003327582094628932,0.008201992174908914
1968-12-18,-0.001982569484050665,0.0005171489244127005,0.5507083756326506,0.0005951077587860453,0.0,258.91668798874105,-0.00014616647935183037,0.0005986098514875852
1968-12-19,-0.0011621969146917096,0.0005146209466255317,0.5524782802201036,0.0008363338808218639,0.0,257.808992533136,-4.562405648372941e-05,0.0008408484188870882
1968-12-20,-0.0011215835893894994,0.0005120828663561978,0.5633441472457628,0.0011376770749940712,0.0,257.31148097654295,-0.00012249536391368697,0.0011439353732739467
1968-12-21,-0.0009048303305092505,0.0005095333366070765,0.5688428286105226,0.0006273031697771644,0.0,254.48785298378007,-6.126986532393149e-05,0.0006311714480811526
1968-12-22,-0.0009695454000753199,0.0005070383602616478,0.5681800626765537,0.0001886231288061304,0.0,251.27776871517784,-2.966949053234973e-05,0.00019389209096208122
1968-12-23,-0.0015392641479012655,0.0005045351335557841,0.5658641750529662,0.0003828054009857824,0.0,258.8506921240166,2.462666818482728e-05,0.0003849547292317103
1968-12-24,-0.0012636606471013215,0.0005020319068499205,0.5597652571798494,0.0006614927055135286,0.0,266.9029689041684,1.3361116713386473e-05,0.000664858674844123
1968-12-25,-0.0017107897727502942,0.0004995749831873146,0.5504364186087571,0.001514769353940662,0.0,267.3940279362566,-0.00011002190810980771,0.0015199756385566687
1968-12-26,-0.0006276758882285512,0.0004971098091642736,0.5480621395362524,0.001227842843801962,0.0,262.0389775780859,-3.581871883680592e-05,0.00123219282773008
1968-12-27,-0.0022047023146839467,0.0004946709857822139,0.5797408798993645,0.0020785661530023244,0.0,260.4453205496578,-0.0001290805301087051,0.002079964181571137
1968-12-28,-0.0025655021943614986,0.0004922489156830782,0.5733086250147129,8.458208482144243e-05,0.0,259.641902352457,-0.00012186440076194915,8.578543394902472e-05
1968-12-29,-0.0010254103164214874,0.0004898316442629711,0.5830898823711159,0.0017605359103046569,0.0,256.0065180137332,-0.00013296491345443295,0.00176557125679264
1968-12-30,-0.0006214578104557964,0.00048744257560557567,0.6019848035104756,0.0016752689192860814,0.0,246.74715373296075,-0.00010229407225624991,0.0016802751747552148
1968-12-31,-0.0012812880472948323,0.00048505510650785627,0.613545160958098,0.00010932171664669016,0.0,249.9880806120102,-1.8184257429198357e-05,0.00011197952668575619
1969-01-01,-0.003523157983176452,0.0004826907889317658,0.6082441829243173,0.0003546740712419068,0.0,266.6311904706075,-0.00010245648018047635,0.0003585324251068317
1969-01-02,-0.001397581381649621,0.00048033152259675804,0.6213461665783898,0.007454425370120733,0.0,264.9925750042759,-0.00010983228136253897,0.007459352952510005
1969-01-03,-0.0025754179068877875,0.0004779970073430552,0.6629776604431498,0.0002706281967082266,0.0,260.7885598687353,-8.399734052561098e-05,0.0002719166756000086
1969-01-04,-0.0020589063228186916,0.0004756624920893524,0.6597969356903249,0.002607861018113497,0.0,265.37999401343967,1.6440737382166803e-05,0.00260983466428552
1969-01-05,-0.0028820673877236534,0.00047332957639532576,0.675001931055791,0.008640579626721852,0.0,269.88470515737873,-0.0001508997342849182,0.008661254415399352
1969-01-06,-0.0010191917756183,0.0004709966607012992,0.7562267353754709,0.017005368667302158,0.0,268.91009631758584,-0.00010016065427644105,0.017076499111817356
1969-01-07,-0.007493056651562621,0.0004686613456677583,0.7892225017655368,0.0004107228948571588,0.0,269.73656838627187,-0.0005173937622773447,0.0004164890885003406
1969-01-08,-0.005623280749482623,0.00046634413091476356,0.8220538985257769,0.00919801080967747,0.0,260.05847601881584,-0.000653994611680171,0.009227720290252643
1969-01-09,-0.0019730335827601157,0.0004640112152207369,0.8414545723722928,0.00011966089155040891,0.0,253.04212620837544,-7.781466353411056e-05,0.00012135956905835736
1969-01-10,-0.002278112085525599,0.0004617296538110507,0.8323455063412195,0.0002558630822742053,0.0,256.896151285836,-3.6567070726620955e-05,0.00025901538238018364
1969-01-11,-0.0023454884014560678,0.0004594198896386529,0.8204288231226461,5.550600462040659e-05,0.0,260.832140586695,-4.6923025221811176e-05,5.757851868188251e-05
1969-01-12,-0.003680934761203615,0.00045714152734831903,0.8015649368084982,6.493726103319287e-05,0.0,265.25572678014606,-8.827280568874488e-05,6.920972785338938e-05
1969-01-13,-0.0042944984500017545,0.00045483521485732774,0.7769917920933381,0.0,0.0,268.91573426413674,-0.00010291607471677544,4.351138045421976e-07
1969-01-14,-0.0034381200869878135,0.00045257495284754004,0.7486983764418551,1.676220678340244e-05,0.0,270.3724421449076,-0.00011862592382282862,1.7691163591126052e-05
1969-01-15,-0.003878829927094239,0.0004503298445610004,0.7351048931114643,0.0020367934205437785,0.0,269.1320974813343,-0.00026925551142059477,0.0021970084326415414
1969-01-16,-0.004870827799126253,0.0004480977853139242,0.7231645314706922,0.0007037962813161862,0.0,260.89114625934377,-0.0005308660115562589,0.0007090601543872471
1969-01-17,-0.0024843298445987165,0.000445857475706413,0.715075016919727,0.00040542134373201496,0.0,258.24007598603964,-0.00011118898157682796,0.00041080935526702363
1969-01-18,-0.0030772875005242516,0.0004436336668197718,0.7118152108345104,5.566061469121168e-05,0.0,257.9834068894611,-0.00014664336912712807,5.961036951528431e-05
1969-01-19,-0.002760404331535943,0.0004414098579331307,0.7032918983933617,4.093370026787796e-05,0.0,263.7214143828484,-9.943757437716771e-06,4.37777930384165e-05
1969-01-20,-0.005029538214880195,0.00043915944584345417,0.6918271741849107,0.00037508108521585416,0.0,269.80817916209196,-0.00016227956482414474,0.0004803616784264406
1969-01-21,-0.006841241134762091,0.0004369654392792008,0.6731945547904897,2.617725713104852e-05,0.0,271.0578835553818,-0.000448647844420988,3.078864401326901e-05
1969-01-22,-0.001258663285923543,0.0004347911325551696,0.7028413187088042,0.007729112891490851,0.0,265.72538962786257,-0.0001921481794893405,0.007787984418039505
1969-01-23,-0.0015624067035772034,0.00043261282693194807,0.7465038694679851,0.002205183992614854,0.0,256.00677822493793,-0.00025080509568001593,0.002208484582947715
1969-01-24,-0.002205545451007994,0.00043046752275046664,0.747118588894774,1.7133957080248387e-05,0.0,251.22197040909882,-8.825644703403032e-05,1.944278087012979e-05
1969-01-25,-0.0018303695708344885,0.00042834962155185855,0.7417307133504002,1.1240610968595171e-05,0.0,255.17394709183,1.1385760485789196e-06,1.308303256216488e-05
1969-01-26,-0.002965257960861012,0.0004261769143875036,0.7344950013241525,0.00013278879351535087,0.0,265.61317257423184,0.00013660993111335628,0.00013505158114567988
1969-01-27,-0.006993913970424631,0.0004240672635493306,0.729342990451389,0.0013924595494728307,0.0,264.8231809044962,-0.0005684326439674965,0.0014479514737587192
1969-01-28,-0.004302383100582382,0.0004219823637924625,0.7182198792078626,5.362235472700691e-05,0.0,259.6395601391119,-0.0003200376532593016,5.704016325034643e-05
1969-01-29,-0.0026544046267277777,0.0004198825628744007,0.7098761089777543,8.650332436723226e-05,0.0,258.8256748185095,-8.697034317558096e-05,8.811732012973306e-05
1969-01-30,-0.002311116894759701,0.00041781256427872655,0.715649965792726,0.0006600593316689724,0.0,255.57749505770408,-0.0001279316568947108,0.0006626417576256446
1969-01-31,-0.0044603156673032685,0.0004157375144419697,0.7209888752795435,0.0009202981567652212,0.0,256.2687070167671,-0.0003203986433602996,0.000922635180767889
1969-02-01,-0.0022358241054297842,0.0004137055685291183,0.7240558056732581,0.0018017008521799317,0.0,257.27490390267525,-0.00013420575082638843,0.0018065891358908421
1969-02-02,-0.002926709372445015,0.00041170342493865455,0.7632406058733523,0.0016728272756277507,0.0,255.34910408206807,-0.0002397504440471951,0.001682554665167426
1969-02-03,-0.004066023281065085,0.00040963822502200893,0.7689220478754709,0.00010619110475152228,0.0,258.2389765162926,-0.00011838962045093041,0.00011089683259360549
1969-02-04,-0.006035744386204219,0.0004076360814315451,0.7601791927818974,0.0,0.0,265.0057077856836,-0.00017083923484982743,1.7225741544280027e-06
1969-02-05,-0.007602897404277393,0.0004056304861596749,0.7465259386770247,0.0,0.0,266.2780690130317,-0.0003301639236130957,0.0
1969-02-06,-0.004434836154940438,0.0004036530936505162,0.7339598230049437,0.00016276647815596586,0.0,263.97903333545406,-0.000218308525486181,0.00016726687850436488
1969-02-07,-0.0030976139472029306,0.0004016839515017924,0.72660502920492,0.0006852310129814904,0.0,263.7017733327862,-0.00015061683847574192,0.0006924948088511484
1969-02-08,-0.005399665295404229,0.00039971986059415143,0.7197290912635358,3.1934577529713258e-06,0.0,262.8091166293329,-0.00015074067806961848,4.237688091568813e-06
1969-02-09,-0.0065227680455493394,0.00039776056836553886,0.7090848358786489,1.6071786314754164e-06,0.0,266.3399607376415,-0.0003242368499437968,3.882889020240913e-06
1969-02-10,-0.004493734173182041,0.0003958443800608317,0.700771640698564,0.0009630693933047819,0.0,264.7309761586163,-0.00029415877188666395,0.000967743033012832
1969-02-11,-0.004392188400198511,0.0003939223407352038,0.6980571279866997,2.1969889011760217e-05,0.0,265.5676927440809,-8.764903529384043e-05,2.3947852278943586e-05
1969-02-12,-0.006079014411753855,0.0003920012274704411,0.6871360879384416,3.95491129934451e-07,0.0,267.6541977826709,-0.00023238932829623842,8.289422342869396e-07
1969-02-13,-0.006414546047226858,0.00039010566506682146,0.675044460260711,2.3552674358173955e-06,0.0,267.87753655097805,-0.0003181604805302485,4.075160286177734e-06
1969-02-14,-0.0045149333059451005,0.00038822087864417824,0.6913418814736347,0.003594137728214265,0.0,265.09789685969525,-0.0003963331612995116,0.003616489571693095
1969-02-15,-0.00554619430653793,0.0003863576441834875,0.6976883882856638,1.6343290522947153e-06,0.0,264.6389832792982,-0.00020965082455152848,2.497871734978853e-06
1969-02-16,-0.00397406089103828,0.0003844744573205204,0.6886659898775896,0.00017015789609170904,0.0,264.31397452776497,-0.0001995107632572368,0.00017712466450604995
1969-02-17,-0.00266267519212712,0.00038265087510232877,0.688934958362759,0.002699871184462208,0.0,263.6707637018179,-0.00011715339233646286,0.0027092516352497558
1969-02-18,-0.006375199110157746,0.000380802541802832,0.7130703970986346,0.0007777427254760333,0.0,262.32448304530146,-0.0002561007326437255,0.0007840016030481537
1969-02-19,-0.004579759460721313,0.00037898055914431647,0.7047535237170434,1.3954642802308508e-05,0.0,262.6959239183846,-0.00011834721633438339,1.5866066000609532e-05
1969-02-20,-0.0027392149224119674,0.00037714872656568967,0.7101009390448447,0.0020980948824330242,0.0,263.4614128285209,-0.0002514583263861931,0.002101829698427976
1969-02-21,-0.00313328901084803,0.0003753714473907557,0.7184237895038843,0.00047706444300500694,0.0,260.0852041334307,-0.00019770837520475444,0.00047977985971567663
1969-02-22,-0.003946324694628096,0.0003735519903527815,0.7132908593014361,0.0005103404091744774,0.0,260.5997318045119,-0.00011726498267071397,0.0005113347690308025
1969-02-23,-0.006323352371905484,0.0003717854871588239,0.711236813647599,4.30622090727596e-05,0.0,261.4496822357178,-0.00022622362557945955,4.512082550442144e-05
1969-02-24,-0.00582889286474993,0.0003700148587846487,0.7040461595898071,0.0004960692535012455,0.0,263.9066308195757,-0.0002690938769676591,0.0005008331464233832
1969-02-25,-0.006811059169513358,0.0003682458299701497,0.6979019538606404,0.00021590578690760552,0.0,267.45556244428104,-0.00028721103181610005,0.00025538991806667896
1969-02-26,-0.0040125586302940455,0.0003665066034780384,0.717757805143597,0.005529933666947198,0.0,266.24225728525283,-0.0003461013363916322,0.005601018049316086
1969-02-27,-0.005019303474385861,0.0003647599264053302,0.7344922426730226,0.0006429273319446435,0.0,260.94014543508183,-0.00035049788401288505,0.0006470106405088258
1969-02-28,-0.0077920482404487965,0.00036305130201544464,0.7286655117113936,8.740751756786628e-07,0.0,260.7741471198993,-0.00028458334463464345,2.307606309186359e-06
1969-03-01,-0.007312343113839963,0.0003613352270449622,0.7205026630178909,3.573353176063064e-06,0.0,264.08785610234895,-0.00028200435983595875,4.000661366612059e-06
1969-03-02,-0.005106501786385552,0.00035963245367599746,0.711915441825565,0.0001229787150682029,0.0,262.4470978681202,-0.00024251902928460118,0.00012622647366281284
1969-03-03,-0.005889733884967654,0.0003579395302271439,0.7053300818032017,0.0003791087554336268,0.0,262.6058648822447,-0.00018901394753806337,0.00038275277537011814
1969-03-04,-0.005755725679761272,0.0003562713578595954,0.7062712416137006,0.00046094028163427695,0.0,262.6585876910251,-0.00020195700038792727,0.00046456276025523465
1969-03-05,-0.007821771510913548,0.0003545834856518245,0.6996953069826978,1.91439932349038e-06,0.0,262.683486694221,-0.00029475855940984467,3.7638201628381517e-06
1969-03-06,-0.004043545510809301,0.0003529368652462286,0.6947274360728579,0.001538264149494764,0.0,263.34235822458504,-0.0002370479037869448,0.0015446290736619275
1969-03-07,-0.0031510922784185685,0.0003513035464421504,0.7323255520980462,0.002875342901985524,0.0,259.36015230383583,-0.00038159946453268255,0.002880060436933108
1969-03-08,-0.0036259336491762583,0.00034966357683731343,0.7458020226430085,0.00038893550297634756,0.0,255.75909958675987,-0.0002437803399680698,0.00039393177812592457
1969-03-09,-0.002949533278995988,0.0003480318575929114,0.7485907890477872,0.0007803479030644154,0.0,255.17819018103535,-0.0002332843661224101,0.0007847406769535368
1969-03-10,-0.004215214127874644,0.00034642834111122095,0.7538034902454096,0.00023632458711074573,0.0,255.96162300325383,-0.00012285022412316274,0.0002393167401711784
1969-03-11,-0.0076003896314545535,0.00034481977338844775,0.7484889488435734,1.0464487776244429e-07,0.0,259.3131551796434,-0.00020217713452665145,5.43322343640536e-07
1969-03-12,-0.0043372168800251635,0.0003432327576276273,0.7444889047051554,0.0005516475750564856,0.0,258.23023732144054,-0.0002735006901840706,0.0005552137066390811
1969-03-13,-0.004070588592755593,0.0003416539922272418,0.7453776501441856,0.00024360586694404906,0.0,255.86420511076906,-0.000211472407320125,0.00024887589943684853
1969-03-14,-0.0065903743613237725,0.0003400669764664214,0.7419684171227637,9.257241157488635e-06,0.0,259.04848263986594,-0.00017609682965413325,9.692119214709608e-06
1969-03-15,-0.00895055114044308,0.0003385113625876648,0.7350350072828389,0.0,0.0,264.4201445426869,-0.00023433720787702982,8.52346317969932e-07
1969-03-16,-0.011270150879008622,0.0003369408475477144,0.7249843216660782,0.0,0.0,270.04897913959746,-0.00033811648181602784,1.285108055526507e-06
1969-03-17,-0.011847886662025239,0.00033540678563091043,0.7120177418049671,0.0,0.0,270.61488731657266,-0.0005702301965089841,1.2904404798064206e-06
1969-03-18,-0.011962954733668074,0.0003338727237141065,0.6989341491584276,0.00012564276066203577,0.0,268.81795662271105,-0.0006942814005549345,0.00015420737017071115
1969-03-19,-0.008649687856267402,0.0003323285593151373,0.7309961121410076,0.008200269508159767,0.0,266.62386638835324,-0.000614524887359075,0.008264163827800082
1969-03-20,-0.008798814889064617,0.00033080114819909225,0.763201984757533,0.00022599724052989553,0.0,263.4125345161855,-0.0004124912133408805,0.00023000593805552516
1969-03-21,-0.012081949682222249,0.00032932004012630486,0.7537478574476225,0.0,0.0,265.1322525584765,-0.000426517825805198,0.0
1969-03-22,-0.013603848168405437,0.00032782723001167604,0.7423638237847223,0.0,0.0,267.51209866798536,-0.000521237072719019,0.0
1969-03-23,-0.005582040944005137,0.0003263312207776948,0.7731177263565208,0.01248834324253481,0.0,266.8623261604381,-0.0004533265406886737,0.012496444319267708
1969-03-24,-0.0058766448565122096,0.00032483681110338975,0.8886201502913136,0.006277505182108636,0.0,260.5234570584055,-0.0005680387681823666,0.006284354101097895
1969-03-25,-0.00719719864217575,0.00032337885455223126,0.9062651725812146,0.00021522582671736594,0.0,258.9743560065433,-0.00028544725944935266,0.00022022989410828102
1969-03-26,-0.008624172774748614,0.00032193739872194284,0.9007630429025424,0.0014457959408140455,0.0,264.5787319283926,-0.00027954976184893466,0.0014513756258444596
1969-03-27,-0.012633840116740621,0.0003204429890476378,0.8902086735669728,9.365253529306186e-06,0.0,268.02891258555843,-0.00042037685312288633,4.975886668046989e-05
1969-03-28,-0.00829860264972105,0.00031900978357778434,0.8952997642272834,0.005222768749052522,0.0,266.8435816899531,-0.0005319477558809486,0.0053779119152133755
1969-03-29,-0.008697977300080878,0.00031756832774749587,0.8992090027660075,0.000747573535657872,0.0,267.0078519975623,-0.0003574985095252425,0.0007544271352251235
1969-03-30,-0.01289979187445452,0.0003161500234388362,0.8801639650276603,8.257053329446222e-06,0.0,269.6698933402024,-0.00045714231660473815,1.0705516163238699e-05
1969-03-31,-0.0158679062700541,0.0003147399694906117,0.856343012520598,0.0,0.0,272.95839629739027,-0.0005949039517317789,2.1331968582671834e-06
1969-04-01,-0.012533376067034944,0.00031340787302976277,0.8347744986611348,0.001827062817953401,0.0,272.16340443957773,-0.0008586550257721191,0.002908862765224566
1969-04-02,-0.01685087126022005,0.00031191001167405125,0.8210373355843927,1.3782732230795306e-06,0.0,272.3924280802409,-0.0007125408688591698,4.6602363513531375e-06
1969-04-03,-0.015714132768959648,0.00031063246861689516,0.7980437485287195,0.00018422332944843057,0.0,273.2193703804088,-0.000783585980113617,0.0014800373404270078
1969-04-04,-0.012867928140580992,0.0003091428576216186,0.7859222354637476,0.0010282012113070086,0.0,271.762535580134,-0.0007252425355257961,0.0011009248932808433
1969-04-05,-0.019321520576032543,0.0003261593102061816,0.7639068201212336,0.0,0.0012165960450630404,273.9364195893713,-0.0008806821358742687,8.642663260616246e-07
1969-04-06,-0.022712763083183162,0.0003235172585578962,0.734464196386535,0.0,0.0010817579419936166,275.23139900092576,-0.0013576996549543015,7.831729407285246e-05
1969-04-07,-0.007660810851444633,0.0003060424058450818,0.7204736971810265,0.007865665469971082,5.688040522532275e-05,272.67700059894344,-0.0007011687414625944,0.009287876732537115
1969-04-08,-0.006865911438303478,0.00030370645940640555,0.87447746549847,0.02152594500931643,0.0,269.8506865348744,-0.000693527155550523,0.021720372334004364
1969-04-09,-0.011467966445758518,0.0003023509588618737,0.89400595684734,2.0122671194669222e-05,0.0,270.67100933671225,-0.0003382388902249309,2.1721548850980646e-05
1969-04-10,-0.018214006040055873,0.0003017614790275272,0.8705732844868174,0.0,4.8114628778339116e-05,272.33305884036196,-0.0006264925350324583,4.261732051702438e-07
1969-04-11,-0.012157259477397143,0.00030733198769348493,0.84859855924847,0.002726150392475775,0.00016080959579028653,273.4585183784787,-0.0005670939966783686,0.005358472200604434
1969-04-12,-0.010936904930125523,0.0003324577027121506,0.874826664754002,0.004430073066114706,0.0012783858988244655,272.74162698375756,-0.0005506922064696328,0.006856050552943605
1969-04-13,-0.012008268617640781,0.0004489154970578554,0.8450679455773304,6.631130384186567e-05,0.0029323577544109972,273.81358131581106,-0.0003711581756334521,0.002357836177115127
1969-04-14,-0.005942610613370347,0.0003131875547312074,0.8342972520156544,0.00805980345960391,0.00036644497833683,272.1740742555895,-0.0006471222771678942,0.009877355330408392
1969-04-15,-0.01063805372364777,0.00029455933530451886,0.8633001007827213,0.00044707267802987396,0.0,268.5133327979826,-0.0009368972295084918,0.0004605157461683917
1969-04-16,-0.012638263951587141,0.00029329324172715015,0.8514638782221046,4.893385589459522e-05,0.0,267.67190033792326,-0.0007702541553368003,5.1516683665833966e-05
1969-04-17,-0.015574025779457415,0.0002920588025938993,0.8410649129001884,0.0,0.0,268.8599388999005,-0.000597620035632182,3.011615262948908e-06
1969-04-18,-0.0162811445566894,0.00029085071410162977,0.8302613454125473,0.0,0.0,272.2868718041314,-0.0007002908199772997,2.84220201384584e-05
1969-04-19,-0.016200878104921115,0.0002897519849787998,0.835217721942679,0.003004728905898703,0.0,273.339340752352,-0.0007956608614258175,0.004393051462525403
1969-04-20,-0.015988415117654423,0.00028853244700674285,0.8245063393802967,0.0017050127525114072,0.0,272.40991544633715,-0.0012218768176975225,0.002522129005620116
1969-04-21,-0.017496519169564975,0.00028727460378980907,0.8216515952359935,0.0002987579900329396,0.0,273.3079124206428,-0.0006321322825332146,0.00041649262436909844
1969-04-22,-0.02090440997801258,0.00040076597262237026,0.7914634460334276,0.0,0.005502767566233706,276.9323953639317,-0.0007319945768363733,0.0002430145486387427
1969-04-23,-0.02178379922768491,0.001953853894088228,0.7430544061175848,0.0,0.011765689815336702,278.85108742291874,-0.0009544139233349408,0.0036811305977408094
1969-04-24,-0.0289390921003401,0.0003679832496212027,0.6979932192355226,0.0,0.003790737903219158,277.61515782961516,-0.0017276598024839735,0.00041189439542420146
1969-04-25,-0.006491075927591594,0.00031010680279489294,0.7454132827212806,0.01974963207366103,0.00010718986139459126,269.7268544680206,-0.0010671721992351242,0.021369162343766887
1969-04-26,-0.007043257271502651,0.00028199353123788785,0.8831113538724106,0.013995864275990234,0.0,264.91896940040954,-0.000700905003537566,0.014007380814409722
1969-04-27,-0.012531458531732613,0.00028112707501750885,0.9676182633739409,0.003416721661717205,0.0,264.53471179825664,-0.0005085466398020923,0.00341929709160266
1969-04-28,-0.015647782317999393,0.0002803202234419052,0.9615347479696329,0.0,0.0,269.2435921311603,-0.0003774177156767603,8.52346317969932e-07
1969-04-29,-0.019608601633101536,0.00027954157462901317,0.9440752449682204,0.0,0.0,273.1240075177841,-0.0007334741537517073,0.00010801654641878579
1969-04-30,-0.011489519965177202,0.00027883583206241415,0.9404432508680556,0.003958620425671507,0.0,270.1635465783588,-0.000979207571869516,0.004529466814469419
1969-05-01,-0.01544933374655449,0.0002780454812076806,0.9376788525482581,8.213130683548706e-05,0.0,269.9964927091437,-0.0007227692374233472,0.00017815929348185915
1969-05-02,-0.017030265708427646,0.0002850522260881413,0.9207230332656545,2.0041661915806058e-05,0.00010875926095213594,273.19787840834226,-0.0005362491612717257,0.0016647198611010369
1969-05-03,-0.01458106450946991,0.00034711312102732685,0.889514872807792,0.0,0.002781585174596916,275.040354597591,-0.0005358389531404285,0.0015435634695982528
1969-05-04,-0.00961804179485235,0.0007118920316803928,0.8517206626647835,1.7724384022297832e-06,0.007906732796612432,275.4268805904353,-0.0001298427202944028,0.0015328601740674905
1969-05-05,-0.010080223787302353,0.0015333106288802152,0.808806625912194,0.00019276607255477694,0.006794272779913273,274.9586381822432,-0.0002362318810517505,0.00404509600042245
1969-05-06,-0.0172766432755411,0.0007212016373704383,0.7694013635092987,0.0,0.005560250395098648,275.2269056180103,-0.0005164773145553757,0.0005696889033530391
1969-05-07,-0.011170427046589932,0.00031189081695793717,0.7320460087835453,0.0002905188686093368,0.0014101039134176438,274.14847405571953,-0.000662814594258023,0.00037199056754677986
1969-05-08,-0.01736880325328159,0.00027685768186709304,0.7200854170344868,0.0002509656725293499,1.1228046006402054e-05,271.16394747717914,-0.001283670417796084,0.000253417565997711
1969-05-09,-0.022661667801229295,0.000324065149840662,0.7078160862464691,0.0,0.0015029572371372396,274.69203045229006,-0.0010494849628816217,0.0010496671927127563
1969-05-10,-0.019102143618346612,0.00042076551981564975,0.6870275809939973,0.0,0.001690884115500639,274.3136859757303,-0.0009744115973596519,0.001820569939309794
1969-05-11,-0.017558473525410994,0.0009389434662242394,0.6632358242113936,0.0,0.003842027594814193,275.0833175213773,-0.0007203963222139974,0.0024999918786159725
1969-05-12,-0.021330053102498678,0.0009863035658658561,0.631678234610405,0.0,0.007290927472255998,276.50074021290925,-0.0008610669881273798,0.0019378182778289192
1969-05-13,-0.025082886976710822,0.0009185749258698718,0.5953734661899719,0.0,0.008149802958392828,277.32553758279977,-0.0010413697968095035,0.00011401349872896216
1969-05-14,-0.021935906955751323,0.0015463238887194186,0.5573321268832392,0.0,0.010057384558653428,278.11770224705924,-0.000867881712182767,0.00010428320890092582
1969-05-15,-0.013174390599215774,0.0019086966406827595,0.5212404642625943,0.00041931932844684625,0.007847552771790552,276.4722973667296,-0.00037886325985530005,0.0037941404041583466
1969-05-16,-0.012519374489784242,0.0006694275107087389,0.523668766919727,0.004082456915139479,0.0026279308617451775,273.9489758809408,-0.0006615523364668512,0.005683880943260678
1969-05-17,-0.015845338377238668,0.0009601914276510983,0.5092918266684322,0.00016112394083691185,0.0043104586880759336,275.1654344978979,-0.0007845628848772939,0.0036378822147075836
1969-05-18,-0.018565078113375412,0.0016250034510079078,0.48410741084039555,0.0,0.008295213182767233,276.22770920087163,-0.0006666937737730937,0.0011893008272289669
1969-05-19,-0.008380406362525487,0.002416518700998382,0.4901077069356168,0.011541916615208666,0.007373215914782831,275.28491200879915,-0.00012701799261704677,0.016458264683599528
1969-05-20,-0.00722636198256649,0.0021382980259124842,0.5188461849693975,0.0005411438770213371,0.010212881248549554,275.715678130615,8.158822475516864e-05,0.004143688257084644
1969-05-21,-0.009143685595800649,0.0010793601388985156,0.5215174788135594,0.004705026324859447,0.0012596183282844093,272.30785079639963,-0.000684455715877525,0.006820223141342385
1969-05-22,-0.01814492939218963,0.0008249491621545479,0.5191942347869586,1.154694769342067e-05,0.003777416980704345,273.846640046258,-0.0006856402897902128,1.4511480049666224e-05
1969-05-23,-0.02465769231824552,0.0016223656929145425,0.4921532467484699,0.0,0.006406512279800104,276.4186713655116,-0.0007464318762475488,1.8625106313676935e-06
1969-05-24,-0.024688299219150327,0.0033104892841166697,0.4532758062617703,0.0,0.01331466244859884,278.7003075874458,-0.0005754939475133595,1.9147768537776382e-05
1969-05-25,-0.02554868624708747,0.00418820025893928,0.4033993938323917,0.0,0.015780546213105578,281.2105290400331,-0.000848460279531398,0.000932234965034695
1969-05-26,-0.029602904104243564,0.003584535108447749,0.3529710212894303,0.0,0.015068153561340216,283.0470729439945,-0.0012714760325386026,0.00016715167930188125
1969-05-27,-0.035668775397168714,0.004600983049909948,0.30610797544432683,0.0,0.014192071253970517,285.10791077048094,-0.0017854192972940916,1.715232493007331e-06
1969-05-28,-0.02551785397664302,0.003632777744093857,0.2656958053790019,0.0,0.009314507414392159,280.75386381777895,-0.001467179796411156,0.0015571557027422205
1969-05-29,-0.030213286521407843,0.003094417816501553,0.24206336069915257,0.0,0.007977853113480206,281.3016113920625,-0.0014867571177287291,3.313839843005327e-06
1969-05-30,-0.02984583630400189,0.002973720936451928,0.21771366672551792,0.0,0.006648819072771882,282.4922700368303,-0.0017733935919185145,0.0002509989475799819
1969-05-31,-0.01036080848530861,0.0027345301067761784,0.21617778770892188,0.006222793948178911,0.0014811868090077313,275.0367676363153,-0.00132775796566811,0.00981828514792022
1969-06-01,-0.01833902038423355,0.0023397200525143726,0.25374969654837576,0.0024123339371829385,0.0003573819363521318,272.11446504539015,-0.00155026526164032,0.0026946088788543034
1969-06-02,-0.020303451913898273,0.0024573013270642124,0.24884458495174203,0.0,0.001960852367561416,275.8792599500236,-0.0013142141255702677,0.0018585140341571588
1969-06-03,-0.01656049649930943,0.0035645519777879877,0.22762573012299908,0.0,0.006678438603372899,278.1988331243368,-0.0013805060400127692,0.003751763577659694
1969-06-04,-0.023938304413173163,0.004591377609867161,0.20147417718632302,0.0,0.00924677022938001,282.01843493761544,-0.0012630759817311322,0.00031344049178073236
1969-06-05,-0.029637264834958956,0.0069253582738887124,0.1708078617879002,0.0,0.011096596802021826,285.79027796240626,-0.0013387786897983256,0.000607399718234694
1969-06-06,-0.023558194438616436,0.010536961131176708,0.13943602136299438,0.0,0.010938456692432954,284.6178206822742,-0.0013617074727422774,0.007750190550256396
1969-06-07,-0.008799097548096869,0.011794922547151813,0.11365757599164313,0.0,0.009445207730188209,281.22110257624684,-0.001252417989327746,0.012263155825303074
1969-06-08,-0.01022483909365821,0.006648058440052184,0.09038122719515067,0.0,0.007933017729365893,279.33643868009926,-0.0011547421668208927,0.004791240879885304
1969-06-09,-0.019248294628272624,0.008783444341293162,0.06972835562323447,0.0,0.009451321478785768,280.8231881100355,-0.0011595179100578788,0.002009952239550392
1969-06-10,-0.0062919700213071314,0.008469828778067552,0.05637165651483051,0.007975059250990551,0.003860337691286864,278.4998593052004,-0.0010580352197090788,0.022736140905735575
1969-06-11,-0.006045350583933168,0.007597456459945205,0.09430081067561207,0.0009035883776548893,0.004930531237758486,275.628783346345,-0.0010364088992782907,0.005459770178438673
1969-06-12,-0.004894167858328523,0.006867771431551142,0.07558704096045198,0.0011574225447608928,0.002318003230680854,274.0829124127404,-0.0012113318415516515,0.0059242302181608105
1969-06-13,-0.007310955453727206,0.0065064516107914815,0.18432479254943507,0.021888835187264755,0.00035335475021162953,271.0656320209108,-0.0008437997045910966,0.02491962657136432
1969-06-14,-0.01611905279806105,0.006194822784871033,0.23252578419256126,7.472067313679194e-05,0.0032077756010543156,271.6286007401634,-0.0010572965072709961,0.00017542419788188162
1969-06-15,-0.016077974337642475,0.0061433792619381925,0.19860380068561678,0.0,0.005091563540663423,274.53266519521367,-0.0011492872158181198,0.0008513651325204278
1969-06-16,-0.014724381099649743,0.0055402746308321335,0.1637199674846987,0.0,0.0035815161500273454,275.62286013802566,-0.0012333498962518188,0.000993663224123292
1969-06-17,-0.01925321398986935,0.005566103983733614,0.13498102967572978,0.0,0.005388312946773518,277.02309734179255,-0.0012558389055190116,0.0007889371301145068
1969-06-18,-0.022825660931188506,0.005767573828751085,0.10106065538194446,0.0,0.006652172612773497,279.1927970448007,-0.0013837972340189806,0.0008081485659389174
1969-06-19,-0.018972008283865655,0.006893041106940664,0.06439473355108287,0.0,0.005842318074346263,281.78411766813747,-0.0014849775918038554,0.005958477857993875
1969-06-20,-0.01415648652335345,0.006121433134806359,0.03812639771657251,0.0,0.004608086989087574,280.5845554409279,-0.0018692961288879146,0.0037988308021931908
1969-06-21,-0.01544906960873954,0.006824335725293995,0.021010576668432205,0.0,0.0029159759902684704,280.6421104186897,-0.0020033322895566625,0.006880990184156431
1969-06-22,-0.013588600281604938,0.006251191520421518,0.011196905161252355,0.0,0.0014813713897756265,279.41908464234206,-0.00252689688997922,0.008296557604154006
1969-06-23,-0.017302086924092245,0.005697934893564989,0.007254332921374765,0.0,0.0005957142023716943,277.5171211120549,-0.00282691559086075,0.0041970802369180205
1969-06-24,-0.012565528100493268,0.005894738823007056,0.005091550435499059,0.0,0.0005925035914458799,279.2247498327281,-0.0025451567266031173,0.008630061418951219
1969-06-25,-0.005916819944556824,0.006306716614523851,0.006043055187735406,0.0019387285525010807,0.0004833557427266223,276.1822612496644,-0.0030115861813985022,0.014035653252079644
1969-06-26,-0.004213995642244479,0.0053534970781897425,0.07166469882886065,0.01908857376435719,0.0008469398454420985,273.49784856462213,-0.0010265054044413702,0.02237618818112347
1969-06-27,-0.01595460059447477,0.0053086380163828535,0.12441884416195859,0.0008994478753394327,0.005384125720478047,275.3419305941479,-0.0015623812789970874,0.0017841586621117995
1969-06-28,-0.015072374062686317,0.005945841471354167,0.07850040644126649,0.0,0.006503151108821234,277.71777200429455,-0.0018719260680810205,0.008074856225289168
1969-06-29,-0.024481522666532442,0.005024342718770949,0.05126102540901601,0.0,0.001204094160242943,275.95318820472045,-0.002203965822687257,0.00024367867161982366
1969-06-30,-0.024301979164619233,0.005013335138390968,0.040482975444326746,0.0,0.0016610348797113884,276.2974244169821,-0.0019962456877117103,1.402400154171571e-05
1969-07-01,-0.02933139707577431,0.004968662888316785,0.02660190273363936,0.0,0.0025676314187588665,280.8756653378015,-0.0023702746730739793,0.00012727850268468135
1969-07-02,-0.03127619670440922,0.0048410581835245685,0.011350699961746704,0.0,0.0017157015364385596,284.3396164522333,-0.002678062561583721,0.00013062139913956787
1969-07-03,-0.036540782342186086,0.004701570097335989,0.003254058895362524,0.0,0.0005878054321148975,287.26541498331477,-0.0028754379547669398,0.0004909734772528632
1969-07-04,-0.03255687898161721,0.004574781252165973,0.0008924236405367233,0.0,0.0001430821704999202,282.02594480855765,-0.0026914361801187872,0.0005162339930926608
1969-07-05,-0.030651851772925277,0.004447969171286976,0.000405521716101695,0.0,5.805768114698809e-05,282.6312850154726,-0.0025310628010896644,3.2396639338791397e-06
1969-07-06,-0.024455070116762387,0.004663886239299668,-7.3453647229951e-24,0.0,2.6471155174707967e-05,283.55842725390994,-0.0025245824165768547,0.008598057664718932
1969-07-07,-0.019342837023869748,0.005212691628326804,-7.3453647229951e-24,0.0,8.740372913705428e-06,281.61144994387297,-0.0028538800944379497,0.011835191041062782
1969-07-08,-0.03221344510040714,0.0041037861068369975,-7.3453647229951e-24,0.0,2.03636574879878e-06,281.6942726142438,-0.0025348130845080663,1.867082668073985e-05
1969-07-09,-0.031202776283867615,0.0039986040295854125,-7.3453647229951e-24,0.0,1.1189551339984615e-06,282.95649947329883,-0.002554569235545094,8.789739908972015e-05
1969-07-10,-0.03289324205137242,0.0038942456413797073,-7.3453647229951e-24,0.0,4.836984273404051e-07,284.7129368108545,-0.0028188277856778287,1.2478080846495548e-05
1969-07-11,-0.035431873411108546,0.003790529097540904,-7.3453647229951e-24,0.0,1.8157107008379056e-07,286.6456463592874,-0.0029599748783360772,2.7304416317464936e-05
1969-07-12,-0.041000984188190294,0.0036883887092945943,-7.3453647229951e-24,0.0,5.941522323479088e-08,288.90308381204557,-0.0031481616009595035,0.00020466527695885822
1969-07-13,-0.041635793018139015,0.0035868375483205767,-7.3453647229951e-24,0.0,1.4438130761270471e-08,288.4327963274078,-0.003123041147650299,0.0004698035657231159
1969-07-14,-0.03692536047622983,0.0034810727262227555,-7.3453647229951e-24,0.0,2.062590108752924e-09,288.94809518156757,-0.002792580958224286,9.084402257379014e-05
1969-07-15,-0.030389773854091345,0.0033889825397965603,-7.3453647229951e-24,0.0,0.0,286.76249767741695,-0.0027453680285962965,0.000988441840346654
1969-07-16,-0.023977443912608476,0.003300321388379329,-7.3453647229951e-24,0.0,0.0,286.0453174864056,-0.0027463561250159973,0.0019429550810794915
1969-07-17,-0.03002878577358979,0.003190908812533664,-7.3453647229951e-24,0.0,0.0,287.2585306437002,-0.0026807145420777597,0.0002703265852025273
1969-07-18,-0.023352647400171744,0.003097916558637458,-7.3453647229951e-24,0.0,0.0,286.78688750473566,-0.0021264931492212804,0.000522150023406562
1969-07-19,-0.026471005363316185,0.0030087550817909895,-7.3453647229951e-24,0.0,0.0,286.1471354813226,-0.002561548061795154,0.0007393170547114656
1969-07-20,-0.030147371192773185,0.0029144551457658324,-7.3453647229951e-24,0.0,0.0,287.51738746197657,-0.002500366366936662,0.0002506137061463909
1969-07-21,-0.03618283856049769,0.002825017281844791,-7.3453647229951e-24,0.0,0.0,287.5922363446482,-0.0024569301134617317,0.00013980406242551467
1969-07-22,-0.03137281052978699,0.0027454210876745023,-7.3453647229951e-24,0.0,0.0,287.3732178503062,-0.0024948301961866476,0.0010084794722612486
1969-07-23,-0.025961460661416674,0.0026614109506714815,-7.3453647229951e-24,0.0,0.0,285.7234709393058,-0.0021310931040068805,0.0008183295146074086
1969-07-24,-0.029386503842927646,0.0025792888833978084,-7.3453647229951e-24,0.0,0.0,286.07763170432685,-0.0025148879115780196,0.0006431525447101323
1969-07-25,-0.03411051908792075,0.0024953892001997957,-7.3453647229951e-24,0.0,0.0,288.1650315300893,-0.0023036334179552267,0.00015812075061647215
1969-07-26,-0.04066399522757126,0.0024164682727749066,-7.3453647229951e-24,0.0,0.0,286.33075402685483,-0.002368439115205054,4.26710998603583e-05
1969-07-27,-0.03652803578787605,0.002341548938535701,-7.3453647229951e-24,0.0,0.0,284.8243788128294,-0.0021586205473559054,5.684341886080802e-14
1969-07-28,-0.03074761526396046,0.0022702899861470455,-7.3453647229951e-24,0.0,0.0,288.1359456021009,-0.001976520917509909,8.016887010698245e-05
1969-07-29,-0.03336336636273875,0.002205965882640774,-7.3453647229951e-24,0.0,0.0,288.6087290266364,-0.0020828335572265636,0.0007176536456339779
1969-07-30,-0.02867434817855641,0.002143221218033699,-7.3453647229951e-24,0.0,0.0,287.53568439519563,-0.0021890492341612696,0.0010584998993291691
1969-07-31,-0.03399147341648738,0.002098249766112721,-7.3453647229951e-24,0.0,0.0,287.5472986756521,-0.0026099738996412797,0.002977674492232597
1969-08-01,-0.026821570712967785,0.0020591826257059134,-7.3453647229951e-24,0.0,0.0,285.6103123666652,-0.0031186877407849175,0.005703337639618447
1969-08-02,-0.03386344684887741,0.0019631884192342812,-7.3453647229951e-24,0.0,0.0,286.9950524525903,-0.0023522932334976683,0.0003424699506359184
1969-08-03,-0.03877874771080448,0.001905828125059268,-7.3453647229951e-24,0.0,0.0,290.48757788016974,-0.0023413582752316686,4.697048057944088e-05
1969-08-04,-0.03638051896445496,0.0018524694240699383,-7.3453647229951e-24,0.0,0.0,288.9585115716507,-0.002145985967484908,2.9839439577820277e-05
1969-08-05,-0.043540072853619105,0.0018009446603430195,-7.3453647229951e-24,0.0,0.0,290.0187496249959,-0.0023176287232482503,2.17863390841717e-06
1969-08-06,-0.0458738536147748,0.0017514581565803056,-7.3453647229951e-24,0.0,0.0,286.12959090913535,-0.002120559166927459,1.7167167243314907e-06
1969-08-07,-0.03860880952265303,0.0017040546162653781,-7.3453647229951e-24,0.0,0.0,284.7620466343652,-0.001946812821815243,8.701242109054874e-07
1969-08-08,-0.039571332982030964,0.0016575655189611145,-7.3453647229951e-24,0.0,0.0,286.91091865783807,-0.0018713507054131586,2.5728962214088824e-06
1969-08-09,-0.0358222359738781,0.0016131357284589005,-7.3453647229951e-24,0.0,0.0,285.48722678434154,-0.0017939252400044669,0.0
1969-08-10,-0.038113551077532906,0.0015702088505534803,-7.3453647229951e-24,0.0,0.0,290.1032181396772,-0.0017828584496079193,1.2914846934108937e-06
1969-08-11,-0.03794263303279877,0.0015292053168776347,-7.3453647229951e-24,0.0,0.0,291.1185347921656,-0.0016447134252827046,2.0547236415033266e-05
1969-08-12,-0.027410449239157017,0.0015283572976872075,-7.3453647229951e-24,0.0,0.0,287.3270250704778,-0.001980617231989311,0.005017454273877064
1969-08-13,-0.029258412493150792,0.0014542953274344322,-7.3453647229951e-24,0.0,0.0,283.2612599087301,-0.0016285529739018215,4.54831930868503e-05
1969-08-14,-0.03356703101410031,0.001418263561981546,-7.3453647229951e-24,0.0,0.0,286.12045392253754,-0.0017108844677354658,4.816860846622252e-06
1969-08-15,-0.03737436209694814,0.0013837283108867494,-7.3453647229951e-24,0.0,0.0,287.6086586918086,-0.0017016652266437053,4.4876101281333006e-05
1969-08-16,-0.03664026952396005,0.0013673324874565428,-7.3453647229951e-24,0.0,0.0,288.88126145558624,-0.0020116868265772944,0.0023758251451503087
1969-08-17,-0.03218229047659427,0.0013193323113824017,-7.3453647229951e-24,0.0,0.0,286.3406743482457,-0.0016868115629011628,0.00021938799752165626
1969-08-18,-0.03263135637435536,0.0012876610297941219,-7.3453647229951e-24,0.0,0.0,286.77579723149825,-0.0015266778021208985,2.5717898043722998e-05
1969-08-19,-0.03550322816870307,0.0012580653031667073,-7.3453647229951e-24,0.0,0.0,286.7946297884437,-0.0015788482512626273,5.33970904215581e-05
1969-08-20,-0.03488284101088842,0.0012475942487770555,-7.3453647229951e-24,0.0,0.0,288.1221517178523,-0.0016459390668377366,0.0027266478793360797
1969-08-21,-0.032057258663541185,0.0012070373290002684,-7.3453647229951e-24,0.0,0.0,288.00673718641036,-0.0018393464470650518,0.0008902413369238061
1969-08-22,-0.032778610322771774,0.0011775656945287845,-7.3453647229951e-24,0.0,0.0,288.18349646444375,-0.0019321181616709059,0.00045796636123488497
1969-08-23,-0.03463995742932552,0.0011512771838128905,-7.3453647229951e-24,0.0,0.0,288.35744681062,-0.0017605734473399525,0.0004419408499838012
1969-08-24,-0.03342602385134347,0.0011243848814129157,-7.3453647229951e-24,0.0,0.0,289.5274401627018,-0.0016257826733471312,0.00012342028458432123
1969-08-25,-0.03654747325821785,0.0010999617098414966,-7.3453647229951e-24,0.0,0.0,290.53306049052384,-0.001602004124325211,0.00016943977375235257
1969-08-26,-0.03691188658529756,0.0010760965320350086,-7.3453647229951e-24,0.0,0.0,289.23852941365794,-0.0015401928606679886,0.00012689458448334604
1969-08-27,-0.038521192715329645,0.0010529695089254003,-7.3453647229951e-24,0.0,0.0,289.898966579114,-0.001532661881150499,6.502691633030516e-05
1969-08-28,-0.036395719074933545,0.0010304882869882099,-7.3453647229951e-24,0.0,0.0,289.6679188751681,-0.0013680669273865426,4.201201395799884e-06
1969-08-29,-0.030054225717897474,0.001016288995742798,-7.3453647229951e-24,0.0,0.0,287.04336638729,-0.0013674543749562092,0.0014382612738109847
1969-08-30,-0.022946892274638354,0.0010215560931943904,-7.3453647229951e-24,0.0,0.0,282.46165996127655,-0.0024493530361076534,0.005084064064030083
1969-08-31,-0.02819242404173997,0.0009751234014155503,-7.3453647229951e-24,0.0,0.0,283.2207110345701,-0.0015612539314364985,0.0010350799493196994
1969-09-01,-0.03094435272748861,0.0009515194569603872,-7.3453647229951e-24,0.0,0.0,285.0785549041691,-0.0014249753985701309,1.6876196457167806e-06
1969-09-02,-0.03470777821237758,0.0009329328260852793,-7.3453647229951e-24,0.0,0.0,287.0883831196586,-0.0013367587300596266,1.2993811537853617e-06
1969-09-03,-0.03625591886413973,0.0009153046682056061,-7.3453647229951e-24,0.0,0.0,287.71523204451455,-0.0014399488240817175,9.435277027993274e-05
1969-09-04,-0.03867370226962419,0.0008990714105509097,-7.3453647229951e-24,0.0,0.0,284.3430147979219,-0.0013784224346364287,0.0003538865490139674
1969-09-05,-0.03250747102465333,0.0008807734581036756,-7.3453647229951e-24,0.0,0.0,280.47262094788636,-0.001133573709823991,1.2874602930423862e-06
1969-09-06,-0.031503919280518246,0.0008645737070148274,-7.3453647229951e-24,0.0,0.0,281.703974675324,-0.0011115969384962558,8.52346317969932e-07
1969-09-07,-0.028769874050792333,0.0008487762872782132,-7.3453647229951e-24,0.0,0.0,282.76816842246194,-0.0010738381695023366,8.523463748133508e-07
1969-09-08,-0.030860487476917314,0.000834071198425724,-7.3453647229951e-24,0.0,0.0,284.33048107125666,-0.0010431848655817872,0.00014638894013889749
1969-09-09,-0.02420530245128998,0.0008438307855088834,-7.3453647229951e-24,0.0,0.0,284.3988503745271,-0.0009655437016554473,0.0036536387804537848
1969-09-10,-0.021129978578642936,0.0008075266739742906,-7.3453647229951e-24,0.0,0.0,283.71057114538274,-0.0014186264357745311,0.0006507616595359846
1969-09-11,-0.024415763126591505,0.000800967805803159,-7.3453647229951e-24,0.0,0.0,283.6948007666234,-0.0014822745358960777,0.0016248025463012116
1969-09-12,-0.02533694184095846,0.0007805293899471477,-7.3453647229951e-24,0.0,0.0,283.7118020030739,-0.001248041567745182,0.0006805708346717639
1969-09-13,-0.022900750450158526,0.0007801311837751314,-7.3453647229951e-24,0.0,0.0,282.64165420675903,-0.0014898428419804844,0.002533273188402838
1969-09-14,-0.025209397793152913,0.0007534811725724216,-7.3453647229951e-24,0.0,0.0,282.99350375374837,-0.0011879120621893367,0.00033259334516165913
1969-09-15,-0.02276273585308743,0.0007422236399461995,-7.3453647229951e-24,0.0,0.0,279.7523624003495,-0.0011903481915761522,0.0005517969865583431
1969-09-16,-0.02486532227804432,0.0007277822258782253,-7.3453647229951e-24,0.0,0.0,279.97986262980606,-0.0010064047008837011,8.627175134279241e-07
1969-09-17,-0.025991984469405677,0.0007161531744703736,-7.3453647229951e-24,0.0,0.0,280.9275059816752,-0.0009764198392713812,2.586196039295684e-05
1969-09-18,-0.028133473406403757,0.0007046201808304438,-7.3453647229951e-24,0.0,0.0,282.04403173227547,-0.0010405306225526806,0.0
1969-09-19,-0.028711327220087002,0.0006984869639078776,-7.3453647229951e-24,0.0,0.0,283.9332340549391,-0.0012336061309791556,0.0010993804297528564
1969-09-20,-0.026645217069798274,0.0006887123072888218,-7.3453647229951e-24,0.0,0.0,283.29247126247026,-0.0016788176687087043,0.0013373504838436493
1969-09-21,-0.016914476698401286,0.0007000858500852424,-7.3453647229951e-24,5.4037945587082774e-05,0.0,280.9831341278306,-0.0010988327469361031,0.004380676108307737
1969-09-22,-0.016271624524714586,0.0006769150495529175,0.0012694392949623354,0.00010387380581117621,3.3754950105133703e-05,275.83077973116144,-0.0014792742775910992,0.0022254734564693675
1969-09-23,-0.02229143258205242,0.0006531413833973772,0.0009039180202448212,0.0,3.271701477341733e-05,279.04465038134333,-0.0009452136822760443,2.5584639047337987e-06
1969-09-24,-0.020350570648403492,0.0006627964939774768,0.0005406956214689266,0.0,2.301263354592404e-05,280.0621528338129,-0.0013766460973074883,0.0031907832907552723
1969-09-25,-0.018132551368010248,0.0006429090001488809,0.00042805070032956693,0.0,1.7088874753585644e-05,277.8109299000599,-0.001634718329345776,0.0015314210269069671
1969-09-26,-0.023228927773270902,0.0006252288144860564,-7.3453647229951e-24,0.0,1.2612170250402332e-05,280.0441851104047,-0.0009972041651690748,8.52346317969932e-07
1969-09-27,-0.024051023278869477,0.0006167117485218804,-7.3453647229951e-24,0.0,1.1021639667661852e-05,281.4233583209654,-0.001076768431286354,0.00010744057132699396
1969-09-28,-0.026640582219355526,0.0006102359732665586,-7.3453647229951e-24,0.0,5.69326434768526e-06,283.76863914604695,-0.0012353270151520854,0.0005878597834007348
1969-09-29,-0.024942934050061608,0.0005994995603453642,-7.3453647229951e-24,0.0,3.206285800637499e-06,282.45943701648895,-0.001056990707240536,0.00016491595150130395
1969-09-30,-0.03019967064850748,0.0006112527039091466,-7.3453647229951e-24,0.0,1.1563448414290694e-06,281.81697590068234,-0.0017021658625138009,0.003634161413657948
1969-10-01,-0.015519491654668151,0.0006095377233742321,0.009084468058498118,0.0024503704139405055,0.00026963434397837534,275.93421035522346,-0.001632942191961795,0.006143489024638024
1969-10-02,-0.009860586353951257,0.0006059283590586173,0.015506607889006593,0.0042131458761665115,0.00035404851712749505,277.10831130291785,-0.0010304837198243978,0.008278959484418648
1969-10-03,-0.004945162494303817,0.0005701774426099271,0.08539381583980697,0.010553812113522137,5.72912500234647e-05,269.72888816143836,-0.0008080558440947939,0.011044682873798953
1969-10-04,-0.005082655129796368,0.0005605619842723264,0.11896223222693032,0.004075362478609139,-1.862645149230957e-09,266.77247909143597,-0.0005529624972976534,0.004088097793850926
1969-10-05,-0.0077875154671695965,0.0005569031177941016,0.13541827587982583,0.0008667293872873661,0.0003631618084375468,265.57955531750696,-0.0006757348481207918,0.000872763132679018
1969-10-06,-0.006587681250046876,0.0005469886259844075,0.13953832134239644,0.003749444133649438,0.0,268.7528104800065,-0.000610171369997795,0.004119004533732797
1969-10-07,-0.009346788801715872,0.0005547307473791521,0.15312927590925143,0.0009097022314866384,0.0015814949226918193,272.65521219400813,-0.0006368993597347184,0.0011220280058963689
1969-10-08,-0.01282636783385681,0.0005639733399375011,0.1345343580802731,0.0,0.0031894465308573293,275.3056925649697,-0.0010855087410595458,1.1745819832646761e-06
1969-10-09,-0.012107460343905089,0.0005287203916722098,0.12928280587923732,0.005840417797450966,1.869290688280332e-05,272.51864116474735,-0.0011261998923063953,0.006818506188980344
1969-10-10,-0.006490806654348213,0.000526269276936849,0.15892221339453863,0.0029203500072498105,0.0005328292500669673,266.9895261883063,-0.0006664165816569733,0.0029960350464397906
1969-10-11,-0.004047597153375378,0.0005151826446339236,0.19346558306850287,0.0039767690718510735,0.0,262.69235418790254,-0.0005098432144623691,0.003982932385694913
1969-10-12,-0.003375539166779168,0.0005093594897264815,0.21516927083333337,0.003411559146002861,0.0,259.8789472382396,-0.00047853605369221696,0.0034180751628121414
1969-10-13,-0.00535769566977765,0.0005036688457101078,0.2273282555761535,0.0010230041156380862,0.0,259.9565804188759,-0.0005307553788531298,0.0010248535433163078
1969-10-14,-0.006653721554804657,0.0005040753022425593,0.22067048096162903,3.4327392524245095e-08,0.0006279480975058119,262.0736719803173,-0.000629974844849716,3.8052682822707016e-08
1969-10-15,-0.005024727917997178,0.0004925142742146207,0.2284160836717279,0.003948361965390923,0.0,263.60694817006026,-0.000497320793190245,0.003952111699379565
1969-10-16,-0.005459270066460647,0.00048817727862104855,0.23930746822033902,2.7435363433455342e-05,0.00010433111150385971,262.76913325351063,-0.0004989160593115004,2.8674211879234532e-05
1969-10-17,-0.006930921626629803,0.00049117565323404,0.23222394178142658,9.580310118400444e-07,0.0009464639012759688,264.85679456204343,-0.0004932210165060173,2.2456638548467038e-06
1969-10-18,-0.0062389846491274865,0.00047965962334541284,0.22145324821975051,7.408291185643041e-05,0.00029033567693273905,265.85042354705865,-0.0004783087531052067,7.602239901063134e-05
1969-10-19,-0.00352939117257878,0.00047176815358932416,0.23400924883768834,0.00394230604298034,0.0,268.2540635002984,-0.0003777940226139995,0.003962317092270501
1969-10-20,-0.00859835537645103,0.00047544158447933744,0.24332705280426084,0.0,0.0008596933241617881,268.2842557731097,-0.0006354936519585088,0.0
1969-10-21,-0.007467779273030449,0.00048016070646081274,0.22837608323034372,1.4063497047639837e-07,0.0017782166116150084,272.8335924561639,-0.000523172097943597,5.756648137562968e-07
1969-10-22,-0.01105036851713213,0.0004873558626336567,0.20586709922316382,0.0,0.0029098969900001916,272.86715043062543,-0.000712343139079331,8.520852929905232e-07
1969-10-23,-0.011795825330214312,0.00048264490682526506,0.18135625404602165,0.0,0.002814678348979708,273.59876917894724,-0.000877729380282305,4.351138045421976e-07
1969-10-24,-0.010755432611804897,0.00046895435974422827,0.15998935160663844,0.0,0.00192781478840079,272.11326908391754,-0.0008240928715568478,2.0265579081524265e-07
1969-10-25,-0.002901132876253398,0.0004455297764411754,0.15049430430496705,0.0025138750167216285,0.0002023650196480886,270.9346601985493,-0.0004003200585306702,0.0025250956500267683
1969-10-26,-0.0034120047496537034,0.00043886786295195757,0.18226591925612054,0.0026368893009457886,0.0,267.68184790817804,-0.00036272868556154654,0.0026428502409795445
1969-10-27,-0.0067847205252297175,0.0004455063302638168,0.183318344662194,6.5271926801756955e-06,0.0009253915441406649,267.8860130561498,-0.00040100749561005396,7.995769363392331e-06
1969-10-28,-0.002826730199789597,0.00043710813683978583,0.17909944753413373,0.006324487743573,0.0002014224685854831,270.4934853052689,-0.0003647040733594006,0.007082365074343332
1969-10-29,-0.003385877794465103,0.00042654338192805064,0.2611532265183616,0.008141837614235906,0.0,267.89099673183176,-0.00038343380694672214,0.00815050071568683
1969-10-30,-0.00543666071137466,0.0004282119752323561,0.2727269174464454,9.179513080645415e-05,0.0004706381699122951,267.35058256821,-0.00039610063057329695,9.22260648113186e-05
1969-10-31,-0.00260794642618147,0.0004251127020787385,0.2642385479196092,0.0017185510678143154,0.0005271681558109274,267.0945670312857,-0.00023630105148432623,0.0017381347673711234
1969-11-01,-0.00349751885159541,0.00041505854345310884,0.332049641007533,0.010898054109118078,0.0,266.402613961315,-0.0003214315800680279,0.010935017618082339
1969-11-02,-0.005909470052032148,0.0004114229126838642,0.3503962802348164,0.0001646532219345287,0.0,262.94163285810396,-0.0003832146199157009,0.0001685036630487829
1969-11-03,-0.0072204301838820935,0.0004168201637806866,0.34143319282603585,0.0,0.0007470198670181178,268.5231918615136,-0.0004485494399306465,0.0
1969-11-04,-0.007832738933926922,0.0004120162651363739,0.32558566163488706,0.0,0.0006368823433663212,271.1987446858609,-0.0005313361663434465,0.0
1969-11-05,-0.008810234608623268,0.0004176026010243906,0.30769029175494356,0.0,0.0013666812982936363,274.4409018658424,-0.0006454858486935244,0.0
1969-11-06,-0.00865979787320067,0.00040564109376594844,0.2860980994732816,0.0,0.0006618839977993131,271.9316974431557,-0.000638144522231851,8.583068797918258e-07
1969-11-07,-0.008285815264545592,0.00040353758860442603,0.2718616205420198,8.185367799748135e-06,0.0007263040643627362,271.09419384828846,-0.0005913640209342127,9.28866829575792e-05
1969-11-08,-0.0067081840361578994,0.00039761189350300593,0.2617523135887477,0.0005097432367208989,0.0005273713209366395,269.50324014710395,-0.0005625463485465212,0.0005295551934484708
1969-11-09,-0.006445412834485372,0.0003940633966424371,0.2534384287458804,7.031748523819918e-08,0.0004923511401744886,267.81884217127566,-0.0004890460236850431,7.610536564541403e-08
1969-11-10,-0.0041000710873954046,0.0003852271764291882,0.24666708965983997,0.0006292528015072063,4.78724428152634e-05,267.2821985772775,-0.00038261302236446555,0.0006350150383448733
1969-11-11,-0.004005913638462455,0.00038159668108837753,0.28453118563147367,0.006173443196520294,0.0,268.4572250416499,-0.0003433264634114201,0.006212155899656749
1969-11-12,-0.002434081276931332,0.00037867815817816785,0.32601876986228817,0.012171203954576772,0.0,268.71339921179015,-0.00021554418644831005,0.012235605784055205
1969-11-13,-0.004783654701238298,0.0003758011396321873,0.41186638381297086,0.0037662023625804884,0.0,261.42834546292124,-0.0004547661549206508,0.003779965587727416
1969-11-14,-0.004932671659073588,0.000373535826381317,0.41024958436322984,0.0,4.28282734701189e-05,263.3974876188289,-0.00024725282091205404,-3.428617430143657e-09
1969-11-15,-0.006463755069479431,0.00037314898550173654,0.3999784365436676,0.0,0.00023019380109795074,269.52640371089154,-0.0004149954713417986,0.0
1969-11-16,-0.0025236639851904186,0.0003674979095405105,0.3985423287429378,0.009405723862392083,0.0,268.5039615415584,-0.0002864362924533376,0.009421370293059464
1969-11-17,-0.001823085639099617,0.00036486596037439033,0.5540803668638183,0.015102896355302993,0.0,261.93301322276085,-0.00027226660884706316,0.015108517105335584
1969-11-18,-0.0028019520101574182,0.0003622654130903341,0.6060572622410546,0.0006673567965205779,0.0,257.11264279827117,-0.00015987754709976542,0.0006710438331639012
1969-11-19,-0.003753194785387503,0.0003597327208114883,0.5912667542078626,1.8982606082312805e-05,0.0,262.03885270961035,-0.00013709768105698173,2.169090465507917e-05
1969-11-20,-0.005726798779546879,0.0003572266317356778,0.5754973847987288,4.449091051931436e-07,0.0,267.767728241599,-0.000303405805327798,1.5095969701754048e-06
1969-11-21,-0.0051717425638673,0.0003546808904173685,0.5563178628177966,0.0,0.0,269.91111582237005,-0.0003341879001108267,8.786811349636992e-07
1969-11-22,-0.0036994021827891723,0.00035227245866915603,0.5492361754796375,0.002506977420742229,0.0,266.5768909993145,-0.00024344594254668822,0.002511296568617309
1969-11-23,-0.004166645392522973,0.0003498887780022487,0.5525635685175377,1.5852478264415334e-07,0.0,265.1077894006072,-0.0002024791776965567,5.758750560456625e-07
1969-11-24,-0.004299267831832003,0.0003475151998175066,0.5383466300317796,0.00022910693186824606,0.0,267.59685447031944,-0.00032852724783838134,0.00023162002954105876
1969-11-25,-0.004101343074087369,0.0003452060249565685,0.5280506543520481,2.1440413712108205e-07,0.0,263.2597301361027,-0.00022904163405383377,1.5058413466871221e-06
1969-11-26,-0.0030775689809335828,0.00034295165606137724,0.5315447158957156,0.0021776036269920696,0.0,262.93436442660754,-0.00021878257393836978,0.0021822584213728826
1969-11-27,-0.003899204949874663,0.0003407036854048907,0.5352008481932675,7.031748523819918e-08,0.0,262.0892471162613,-0.00012021538627854848,7.610536564541403e-08
1969-11-28,-0.0052017851148621515,0.00033850546947306834,0.526709260240113,0.00026553540916766157,0.0,266.23972040021937,-0.00020777912400031496,0.00026639028110617277
1969-11-29,-0.005123853978127409,0.0003363288055031987,0.5181850282485877,0.0,0.0,266.6648916901842,-0.0002056739140449271,0.0
1969-11-30,-0.006392354429778407,0.00033420669493702175,0.5064214501677261,0.0,0.0,272.22456609147645,-0.00016935716388420872,1.7136326277977787e-06
1969-12-01,-0.005188591020592189,0.0003320731348910575,0.49387464505355466,0.0,0.0,270.0036758523427,-0.0001944739129499527,4.351138613856165e-07
1969-12-02,-0.004264867196312059,0.000330019679109929,0.48368579699270253,0.0,0.0,270.15636891295003,-0.00014865735156387934,1.7237789506907575e-06
1969-12-03,-0.004548553314249395,0.0003279547738490132,0.474270060911017,0.0,0.0,269.31278476966526,-0.0002373345722418047,4.351138045421976e-07
1969-12-04,-0.0042682834769372895,0.000325935371851517,0.4654065148305085,1.7846118932389942e-05,0.0,270.8251298412316,-0.00030372829550066914,1.9695435307664417e-05
1969-12-05,-0.002281887551485482,0.00032394737173608467,0.46993185212158667,0.0028671526092257206,0.0,264.04912941424413,-0.00029045991115482517,0.0028699229598883663
1969-12-06,-0.002100366741250464,0.0003219924993434195,0.4895725286164078,0.0005742704001186932,0.0,259.0603030935744,-0.000150041559995231,0.0005757133064337408
1969-12-07,-0.0011303631094215954,0.0003200657034324388,0.49772871056967993,0.0016901898855543407,0.0,257.8337129531832,-9.594048967974335e-05,0.001696485491356661
1969-12-08,-0.0019144626744722916,0.0003181604594834107,0.5141357881650189,0.00029365446860507387,0.0,259.1018640586437,-5.281695538321457e-05,0.0002963165198639346
1969-12-09,-0.0023517515615554853,0.00031627676749633536,0.5090035476253532,0.0,0.0,258.6751227405785,-0.00012500973492018922,0.0
1969-12-10,-0.0015966688509041307,0.0003144211519909444,0.5212708094250236,0.0029792761230199353,0.0,259.52023977074924,-0.00010768823472961868,0.002982412438608159
1969-12-11,-0.002343281893070135,0.00031260531500907946,0.5485936396539548,1.2386064071439753e-07,0.0,258.8833499484593,-6.719354519062797e-05,9.736591762749274e-07
1969-12-12,-0.0031560298665768687,0.00031080757830776064,0.5410220618526366,5.776094178021965e-07,0.0,267.32633882727333,-4.719907554697856e-05,1.7191577442023467e-06
1969-12-13,-0.0038142639954211353,0.0003090066424870896,0.529288369159016,5.490278120094774e-06,0.0,268.8640558957605,-0.00018449188709932532,7.210444584485478e-06
1969-12-14,-0.0041339255574732855,0.000307258660510435,0.5168142085245998,9.438433384491226e-06,0.0,271.6528695927277,-0.0001939102838941887,1.2137127085592471e-05
1969-12-15,-0.004934089626632841,0.00030549737693226275,0.5029988836658428,0.0,0.0,270.51223846478655,-0.00031480286796550967,3.0174533094395883e-06
1969-12-16,-0.004772380920453261,0.000303747795395932,0.492647275188324,0.0,0.0,266.99293687967713,-0.00030550276492275093,4.2614982476152363e-07
1969-12-17,-0.0037022165238520524,0.000302069267984164,0.4840359157986111,0.00019267041467677402,0.0,268.88301828172473,-0.0003045281700495273,0.0001948039746090515
1969-12-18,-0.0022934503474477995,0.0003003726402918498,0.47768802966101703,5.135680996092026e-05,0.0,266.7533828031321,-0.00012728318277388645,5.644743450213386e-05
1969-12-19,-0.0030504603170405675,0.00029870901404127566,0.472139462688324,0.00021161231617469574,0.0,267.9426555633545,-0.00013366725695672008,0.00021644084170579307
1969-12-20,-0.001805084236597611,0.000297073590553413,0.48447293211511305,0.006818029440223835,0.0,268.62498267222264,-0.00011358273841735336,0.006860516456096948
1969-12-21,-0.002055311017790757,0.0002954578669057728,0.5189146914724577,0.0006096843145998185,0.0,267.19523911916156,-6.676932512703589e-05,0.0006175626614315604
1969-12-22,-0.007105379875770397,0.0002938788489433332,0.5317175913665255,0.00543175934482429,0.0,268.9397468674655,-0.0006203440591524551,0.00590934585043124
1969-12-23,-0.0025680145974886623,0.00029227962601656297,0.5432453047757768,0.00013275391890504268,0.0,264.610780328007,-0.00020862768514681672,0.0001366742249140226
1969-12-24,-0.003131134446057896,0.0002907120575339108,0.5471370718573446,0.0012013270693310236,0.0,262.2566171563503,-0.00024173545551165352,0.0012698091558654033
1969-12-25,-0.003216829845460795,0.0002891758909333224,0.5584484610404896,0.0012238534367353903,0.0,259.80087430418774,-0.00016300099254664728,0.0012306746833405798
1969-12-26,-0.0014487443923276698,0.0002876330735319752,0.5561305044285546,0.0008059953060527307,0.0,259.27558422268226,-8.184624846372228e-05,0.000813889406915331
1969-12-27,-0.0017187874869438217,0.0002861200584530157,0.5855561164812854,0.003028261754135628,0.0,260.1062434029445,-0.0001216192051010617,0.0030379179426239912
1969-12-28,-0.0011226836655099514,0.00028464349649720273,0.6100536281779662,0.0007330064298742909,0.0,255.1380841314456,-0.00010362320111296273,0.0007376202754591815
1969-12-29,-0.001651521751099387,0.0002831387317786783,0.6107409920845104,0.00028727696103564765,0.0,255.6995086167043,-8.990577721999865e-06,0.00029084030849952475
1969-12-30,-0.002017050771053228,0.00028170847286612303,0.662799037782486,0.005823549956588423,0.0,259.50077976075943,-0.00011504642497011499,0.005828758114372997
1969-12-31,-0.0009746647487252446,0.0002802468120715039,0.6982840270421375,0.0027043021752335933,0.0,259.3096649902689,-6.792886908781731e-05,0.0027070188971962347
1970-01-01,-0.001408713390934939,0.00027881655315894864,0.7530676200564973,0.00477748010623253,0.0,257.4091238355906,-0.0001578014396594069,0.004784157295012516
1970-01-02,-0.0010368661523538795,0.00027738469468671726,0.7926954136505415,0.001576644721004249,0.0,255.91049730261392,-4.8044600687121276e-05,0.0015826507476749327
1970-01-03,-0.0014247608471051449,0.0002759858376562259,0.8016136729784604,0.0007524381965230416,0.0,254.71834875275633,-3.6125855341469504e-05,0.0007559947784486419
1970-01-04,-0.001177602821150742,0.0002746077328078491,0.8084001846457157,0.0013368144673479479,0.0,253.00618113142403,-0.00011305683055671596,0.0013384907472669579
1970-01-05,-0.0010183217835291632,0.00027322217737887547,0.8061679761064031,1.548975706100464e-05,0.0,247.90848310294575,-1.6559846699237823e-05,1.6200259669164816e-05
1970-01-06,-0.001248697650297887,0.0002718621728110448,0.7988653667902543,3.174431411559973e-06,0.0,249.512958727763,-1.3144492134872805e-05,4.468024741781539e-06
1970-01-07,-0.0012510905073860946,0.0002705412732679292,0.7917988520333099,8.059760271492653e-06,0.0,251.15947798820537,-1.0931569725106666e-06,8.465644324980878e-06
1970-01-08,-0.002306398277902334,0.0002692118708023244,0.7840442837070387,0.0,0.0,252.4461521105578,-1.9928156319311112e-05,1.716613724056515e-06
1970-01-09,-0.0021519681154671365,0.0002678941703785611,0.7756917777483522,0.00022132473729424558,0.0,259.3539281870237,1.1791690847294479e-05,0.00022445869981189227
1970-01-10,-0.002852290026885642,0.00026657487039512164,0.7633412966395952,0.0006010218781266509,0.0,267.1835610915937,-5.420307907681009e-06,0.0006143100517617782
1970-01-11,-0.0037867609137869156,0.0002653183741758099,0.7803440129914078,0.004522222078452677,0.0,264.540206183597,-0.0002674972533253627,0.004530249442395516
1970-01-12,-0.0029835770022397664,0.00026402049987329603,0.768505031779661,5.897892228627609e-06,0.0,260.9664988365102,-0.00012771100710845938,8.603846251870208e-06
1970-01-13,-0.00296725362202542,0.00026274830271295235,0.753260265860405,0.00010651901448513828,0.0,265.0579961931189,-2.6760428175751102e-05,0.00011008595258881595
1970-01-14,-0.003427528981435097,0.000261510832835052,0.739284939236111,0.000702625466773739,0.0,266.3783051981091,-0.0001551277335670035,0.0007047647860057454
1970-01-15,-0.00203970255656431,0.0002602609874164991,0.7270666434939973,0.0025869280226149803,0.0,266.3742293018406,-8.605562655602472e-05,0.002592466443156861
1970-01-16,-0.0019253941915803037,0.0002590276427188162,0.7390127523246235,0.0013975174413562495,0.0,265.03381614182183,-0.00011537414528219041,0.0014007426587875282
1970-01-17,-0.001156748982809358,0.00025781584998308603,0.7324758985846281,0.0013142760821991722,0.0,263.6912100588984,2.6662039470537912e-05,0.0013202671613047215
1970-01-18,-0.0015894925526979953,0.00025661070804811466,0.7354837478666431,0.0024934038519859314,0.0,264.2425729388796,-5.400835899478299e-05,0.002499450599977579
1970-01-19,-0.0015599979771732614,0.00025539891531238453,0.7838297985816857,0.01021044168852817,0.0,266.2783556038377,-6.454632128194227e-05,0.01023643202017127
1970-01-20,-0.001459950612763227,0.000254225175259477,0.8470052083333334,0.011411921810463996,0.0,268.025091573568,-7.777624779333503e-05,0.011486990371035859
1970-01-21,-0.0032687092063117167,0.0002530165816430992,0.8935668715424907,0.002239091753286157,0.0,265.90363677791737,-0.00017708297924133346,0.002324731168716354
1970-01-22,-0.004971846853945889,0.00025186944479322704,0.8805943146039313,0.0019755792609379118,0.0,268.59337415892753,-0.00023550073495187332,0.0019979443084486193
1970-01-23,-0.004817073165023394,0.00025072205538130077,0.8547866735081215,3.824921819449818e-05,0.0,270.10713995019375,-0.00015295275860587084,3.870382137088431e-05
1970-01-24,-0.0072466136708771445,0.00024959141925229864,0.8263130259828155,4.583820279708691e-05,0.0,270.84911276391676,-0.00041242629963125885,0.00019210664555722017
1970-01-25,-0.0077505277543418166,0.0002484541323225377,0.8052596902218693,0.0009216515526259688,0.0,265.4809373076128,-0.0007310515995753013,0.0009398549963070713
1970-01-26,-0.005085788119984212,0.0002473184449524529,0.8048272716572505,0.0019372072344445914,0.0,263.749916180828,-0.00036774996120882576,0.0019438631932478345
1970-01-27,-0.0032766980808333493,0.0002462290606256259,0.7989350227312854,0.0006483233412780331,0.0,267.234585713532,-5.988209471527466e-05,0.0006680588769373921
1970-01-28,-0.003484610278727645,0.0002451066748570588,0.8370876276335922,0.00784446585313075,0.0,261.96670017134676,-0.000521964051545003,0.007859175774291734
1970-01-29,-0.0024724083684258542,0.00024404056833288767,0.8874157691854991,0.0017770743681549356,0.0,256.47928194092714,-0.0001616368680603087,0.0017820587938779625
1970-01-30,-0.003709030185042128,0.0002429511840060606,0.8839148110140067,7.0021987634863565e-06,0.0,258.65573749075276,-7.283570781602698e-05,7.861195882215125e-06
1970-01-31,-0.005174348414954493,0.00024187017632069563,0.8722234176377119,0.0,0.0,261.53617898398653,-0.00012027275995851238,2.5786412152228877e-06
1970-02-01,-0.0034416879048455237,0.0002408089947565801,0.868419467617114,0.004208273238549798,0.0,263.4613828030459,-0.0002840001578048124,0.0042137795982813454
1970-02-02,-0.0017196775577162622,0.00023977921507452844,0.9320884460334274,0.005091112969958849,0.0,258.1284870463801,-0.00017345272067744854,0.005095812846609481
1970-02-03,-0.003962799612074922,0.00023873293467160676,0.9702410509357347,0.0009475487394858215,0.0,262.60025211556933,-7.751518807842235e-05,0.0009524330074828087
1970-02-04,-0.006629672385541733,0.00023768160302760238,0.9610970419903485,0.0012858952000989754,0.0,260.4674133257677,-0.0005818608264296742,0.0012890384178656136
1970-02-05,-0.00398075647946805,0.00023667177574782723,0.9464120523628766,3.0177861115353258e-05,0.0,259.995219153424,-9.399739825456156e-05,3.376410591668017e-05
1970-02-06,-0.0035809670380279844,0.00023565689722696942,0.9309357896362995,0.00021498214642880328,0.0,263.72947550987345,-2.1881786948543483e-05,0.0002212383757954622
1970-02-07,-0.004005252304723708,0.00023464547038751807,0.9187839314088982,0.0012602430405253072,0.0,265.0886381224724,-9.935156121260703e-05,0.0012640833011778598
1970-02-08,-0.00620650782086755,0.0002336470925875303,0.9081870328684087,3.62426547680871e-07,0.0,264.5061179877675,-0.0001338172419849089,2.5194236246729534e-06
1970-02-09,-0.007964123777077024,0.0002326388648674313,0.8902155701947977,0.0,0.0,267.81481666708623,-0.00016629448591989315,8.440582632829319e-07
1970-02-10,-0.008461850511152192,0.00023166549071080268,0.870210981638418,0.0,0.0,269.6482921284246,-0.00027620842901326844,1.2814997489840607e-06
1970-02-11,-0.006234250457610115,0.00023068866487276757,0.8512905429761064,4.513020821883854e-05,0.0,266.8667767806691,-0.00020874375845752872,5.113839968494099e-05
1970-02-12,-0.00697080454247146,0.00022971183903473246,0.8343094360581451,0.0,0.0,267.1735363545391,-0.0002714839611349806,8.58740136817813e-07
1970-02-13,-0.003631277735960686,0.00022876826720049154,0.8209577944768127,0.0016180820721017441,0.0,268.1038199279268,-0.0001816734524264848,0.0016268369167188332
1970-02-14,-0.0033698625820504746,0.0002277847905616976,0.8549335716807911,0.006747219816776319,0.0,266.26109128617975,-0.000281234592788637,0.00675532427201034
1970-02-15,-0.006249673790850883,0.00022687262060952057,0.8785742923140302,0.0016297191423548145,0.0,266.2089111450253,-0.0002710401780356122,0.0016732123004468086
1970-02-16,-0.010148493415218288,0.00022590244557224424,0.8643302270921611,1.66270018970899e-09,0.0,268.5356234785752,-0.0005517824537168115,6.955239979687048e-09
1970-02-17,-0.012639314988575413,0.0002249985259805022,0.8451821997116291,0.002053470808570668,0.0,270.6448182071894,-0.0009043868420656119,0.00230505304821467
1970-02-18,-0.0033411556633852306,0.00022405655370593745,0.9163924107668314,0.012137103299636626,0.0,262.99531163289276,-0.0005060761514524956,0.012202178893013917
1970-02-19,-0.004130309247701181,0.0002231459833134366,0.9600811687117468,0.000844710269721888,0.0,261.0479794338823,-0.00021038637996393414,0.0008481674262058686
1970-02-20,-0.006637191957673111,0.00022223036167985302,0.9514923383062619,0.00024278259883492683,0.0,263.85228102085955,-0.00013609425727762072,0.00024652562250765056
1970-02-21,-0.008839302270089167,0.00022130329056648215,0.9352675615730934,0.0,0.0,266.9575872511065,-0.0002606485175800189,1.5467662706214469e-09
1970-02-22,-0.009030939285027781,0.00022039272017398127,0.9176418498411018,0.0,0.0,266.35646403756294,-0.000292771695823656,8.643398814456305e-07
1970-02-23,-0.008404135661946853,0.00021949865050235035,0.9008961478195622,2.691469623544122e-06,0.0,266.96831942772013,-0.0002596442834974009,3.684307894390179e-06
1970-02-24,-0.005733090647533115,0.0002186178824322372,0.8854118390271893,1.603173418233624e-05,0.0,265.01296774366705,-0.0002528643077712948,1.6997931367259913e-05
1970-02-25,-0.007510680347512672,0.00021773711436212404,0.8724133047904897,4.983470264801198e-06,0.0,264.49403710733475,-0.0002550525948573641,6.727151846377438e-06
1970-02-26,-0.008115689927912029,0.0002168081911270228,0.8603876548522834,0.0,0.0,265.72408262708996,-0.0003386861723610911,0.0
1970-02-27,-0.00638513957376534,0.00021593407385766844,0.848500857020951,3.384864010379813e-05,0.0,265.441033016715,-0.0002870923486974953,3.8055465647515014e-05
1970-02-28,-0.0042068486833302995,0.00021507140606810148,0.8394065037959041,0.0002686573076719618,0.0,264.6579959531738,-0.0002700336603710881,0.0002770992103380791
1970-03-01,-0.004424991033508279,0.00021419063799798827,0.8298484672934323,7.378985568628474e-05,0.0,266.5370497191693,-7.428034171882996e-05,8.652617702234263e-05
1970-03-02,-0.006437639563770617,0.00021333967225026278,0.8192593849311441,0.0005430704835107772,0.0,268.674158376489,-0.00033589530904582664,0.0006571721895939887
1970-03-03,-0.006147305675819096,0.0002124687541002608,0.8130735695474341,0.00020034426012955145,0.0,262.3233956518371,-0.0006101428567942253,0.00020398948825685318
1970-03-04,-0.006446930101025577,0.0002116143366711288,0.8055065894979991,5.3826067070503024e-05,0.0,261.19003351574344,-0.00039507348700768534,5.6372725928624255e-05
1970-03-05,-0.006431346896004542,0.00021078492288535602,0.8017267776747882,0.000829694150699734,0.0,262.7650241061568,-0.0003476095633149821,0.000833831786413139
1970-03-06,-0.009459211033279614,0.000209922255095789,0.8012575770951037,1.4112746648195776e-06,0.0,264.01634158836697,-0.00034873796847917273,1.8341224696104033e-06
1970-03-07,-0.010062928800865756,0.0002090811392681747,0.7931492117614173,0.0,0.0,269.52636977732743,-0.00027691808629170655,4.351138045421976e-07
1970-03-08,-0.004441167759356526,0.0002082996280853358,0.7988741025188324,0.007781183315535723,0.0,269.35152123517685,-0.0002991472407754532,0.008062673928368978
1970-03-09,-0.0028202923088423955,0.00020743696029576882,0.9548572030220104,0.017393166609739854,0.0,264.22235196503317,-0.0005052876106258166,0.017406199039033995
1970-03-10,-0.004202890067787494,0.00020661074562934836,1.0326865675759183,0.0010633884513445494,0.0,259.2516844043624,-0.00030459578827781196,0.001065815724187894
1970-03-11,-0.0063765406356019495,0.00020579278132336289,1.0213273617731875,2.5847663650404937e-05,0.0,258.50822825530605,-0.00019401607056290416,2.8840044089872217e-05
1970-03-12,-0.007187327001727907,0.0002049814678181363,1.008331816075212,0.0,0.0,260.2378005981446,-0.00023565237215683287,4.4107436991680515e-07
1970-03-13,-0.005489523422583349,0.0002041850554741035,0.996538122719515,0.0005330195660981755,0.0,263.1594089680472,-0.00011092597502941467,0.0005378780837971182
1970-03-14,-0.007886620648836688,0.00020335219000692422,0.9869904311587806,0.00014299017477170225,0.0,265.47054897459213,-0.0001933152740031986,0.00014622419144603752
1970-03-15,-0.0048052261104691504,0.00020257413050549182,0.9967293891978578,0.005377804934136612,0.0,268.11303079824216,-0.00018445705458269284,0.005407711813000377
1970-03-16,-0.00854416595677198,0.0002017692152389699,1.0022701399923495,8.592525191899748e-05,0.0,265.942234987593,-0.00029332915815593165,9.740637523236728e-05
1970-03-17,-0.003542327064242067,0.00020097120333526097,1.0044508537105696,0.006985584179223594,0.0,266.1973783884569,-0.00033666470251177664,0.007000740306978381
1970-03-18,-0.004155811995772992,0.00020018144179198707,1.1119088210628532,0.009279463250758286,0.0,260.05939983288897,-0.00046809398079827684,0.009284382091832117
1970-03-19,-0.005340240390624031,0.0001993932798083893,1.1493398088070856,0.0007037529669239024,0.0,259.1443892908186,-0.00022884404634015038,0.0007069638218907177
1970-03-20,-0.006610553395950189,0.00019861176862555037,1.132880316840278,7.2612853373511366e-06,0.0,260.01316832418496,-0.00013791208844737146,7.26587354800122e-06
1970-03-21,-0.004827552596054509,0.0001978534089643403,1.120356960260711,0.0027200697505541443,0.0,263.7209484509829,-8.8520416474275e-05,0.002725309183939756
1970-03-22,-0.005648619626874979,0.00019708679894269528,1.1385139422228105,0.0029990074282648877,0.0,263.5710424793194,-0.0002493220460364374,0.003004839043478954
1970-03-23,-0.009049273774785512,0.0001962986369590975,1.1318862828831215,0.00035828128878006156,0.0,266.4216739417469,-0.00036990675170206087,0.0003652384928832465
1970-03-24,-0.006686293683146354,0.00019556688050092281,1.126079092366996,0.006893723382283066,0.0,267.88132448789094,-0.00048619062550323835,0.006947991944924772
1970-03-25,-0.007046707479630487,0.00019479521923819506,1.1591675034575095,0.0023214310554966417,0.0,260.04840113393783,-0.0006080952257254703,0.0023245459740237986
1970-03-26,-0.004048594352552447,0.0001940666618993727,1.161047524202566,0.004444403163457321,0.0,261.01578498739764,-0.0001865288737298405,0.004455876627480329
1970-03-27,-0.00628973606784465,0.0001933216038396803,1.1997686411252355,0.001177502490874738,0.0,258.15162837572694,-0.0003138673518084537,0.0011808707983003983
1970-03-28,-0.006790572261742954,0.0001925714945389053,1.1832879994997647,0.0003976838105479203,0.0,263.09294056578096,-0.00013549189677851346,0.0004034965051769537
1970-03-29,-0.006475799543372655,0.00019184133764040673,1.2127147609904663,0.005895410680164725,0.0,263.4856443135752,-0.0003774216619588562,0.005902459830191338
1970-03-30,-0.0040774380335700045,0.00019110612950082553,1.2515712817060969,0.004847129901586953,0.0,261.0803772734159,-0.00037004526094191494,0.004863218499865667
1970-03-31,-0.005093052899096645,0.00019037757216200317,1.2776295002795433,0.001986743724447186,0.0,258.40731662814903,-0.00035152101289417784,0.0019907091295975616
1970-04-01,-0.007868573532602882,0.00018968706750600357,1.2710266688000238,0.0003010856861111808,0.0,259.4181994170568,-0.00023147290162110735,0.00030286669057641327
1970-04-02,-0.003639344652157046,0.00018897181176869883,1.2641350985022364,0.00476606926843945,0.0,263.00970583985753,-0.00010588935623734685,0.004775923052647748
1970-04-03,-0.006721937302815712,0.00018822835326868265,1.2921756378001414,0.0012883635942882064,0.0,261.1810625187646,-0.00033757994004056954,0.0012922051672057677
1970-04-04,-0.011780711048740452,0.0001875444994134418,1.2692946956656075,3.5417197787829044e-06,0.0,264.0317825956758,-0.0003620296043191253,4.1063317613114094e-06
1970-04-05,-0.01105825548286492,0.00018683749403657212,1.2443537307997883,0.0014273431046871142,0.0,268.95037284678665,-0.00039967833518308435,0.00152596068574081
1970-04-06,-0.014774662584571517,0.0001861469893805725,1.2170709010122411,5.285176685300924e-06,0.0,271.8006631955364,-0.0004165306855729744,8.18784884091851e-06
1970-04-07,-0.014462969986732396,0.00018545993640597936,1.1733400736375943,0.001065279404490681,0.0,273.143372875149,-0.000860836109577936,0.0015919874086429613
1970-04-08,-0.011403363345369783,0.00018477103130965585,1.154975273290372,0.0016134341936663722,0.0,266.4577763049167,-0.0009991116032509481,0.0016486130864029685
1970-04-09,-0.015676051378250122,0.0001840573751320273,1.1350214898923023,0.0002550440445794898,0.0,268.60341823527597,-0.0005996000432109429,0.0002581706658123034
1970-04-10,-0.01601610063327908,0.00018349113100666112,1.1131842374352636,0.0010004810104935857,0.0,272.50043527060757,-0.0008551938101480912,0.0024135233572549672
1970-04-11,-0.0049978897480641386,0.00018274102170588608,1.146720009784016,0.01630369556994088,0.0,269.428423718095,-0.0006262439929243536,0.016569871749569025
1970-04-12,-0.0069280594671513405,0.00018205051704988645,1.2428429095309559,0.005292125993360908,0.0,264.88776248278145,-0.0006140925958331696,0.0053088694666389965
1970-04-13,-0.0088555027367705,0.0001813749135550806,1.2375481384622178,8.704003977910273e-05,0.0,263.348701922458,-0.0004323826218813153,8.989062247549602e-05
1970-04-14,-0.008017269147317962,0.00018072086202222752,1.239412526850871,0.004989398190867429,0.0,266.3206135880925,-0.00034653489072780826,0.005003412312033486
1970-04-15,-0.006425101415248914,0.00018005856012893938,1.2645325741525424,0.0032133664830593066,0.0,263.79007543861985,-0.0005190098384595187,0.0032170884183894983
1970-04-16,-0.007278612104512879,0.0001794127589565213,1.256286046374765,0.000652546726040921,0.0,261.8182563961338,-0.00039909868422201126,0.0006563695110884805
1970-04-17,-0.008868775925057084,0.00017877520814453817,1.241155534589807,7.804504222115556e-05,0.0,265.50174490071964,-0.0002391821162848823,8.3236488816482e-05
1970-04-18,-0.00581511594144638,0.00017811130669157386,1.22856091285605,0.003201379509127073,0.0,266.674345889334,-0.0003402244173369165,0.003209890618836139
1970-04-19,-0.009599984786604758,0.00017745885471839688,1.2307839258915962,0.0014935921940763118,0.0,264.9492497489053,-0.000495752509115106,0.0015011424229293758
1970-04-20,-0.008353198525932548,0.00017684125630869032,1.2341745380178908,0.003434090312086257,0.0,264.2515156453163,-0.000493286672116673,0.003437881894021526
1970-04-21,-0.008336227871267135,0.00017619545513627223,1.2447049990436678,0.0014583717000349768,0.0,263.70518223175225,-0.0003851364645580788,0.0014651768961641343
1970-04-22,-0.008695713796858061,0.00017557120592580678,1.2380463048787667,0.0013245631240855504,0.0,264.4395846709918,-0.0004729043302983888,0.0013286902277019376
1970-04-23,-0.011382107133582488,0.00017494695671534135,1.2297395465513183,0.000466315801871025,0.0,265.36238805048885,-0.0005133257137011674,0.000474664273975053
1970-04-24,-0.016188525631602876,0.00017431605670411709,1.2148232900041198,0.0002373749295533714,0.0,267.365133562106,-0.0007786326226120615,0.00023879048890907052
1970-04-25,-0.01733548842412604,0.00017371335945560434,1.1944340995027072,3.9257698476651294e-05,0.0,269.71728579203295,-0.0008312308645181064,4.29517467466988e-05
1970-04-26,-0.015808379119735656,0.0001731024118466566,1.1817516607079803,0.0016695103992176597,0.0,271.8056055525153,-0.0007933450725960866,0.0020082124376351413
1970-04-27,-0.008650820176143433,0.00017255931924291924,1.1779736879855227,0.004502854588846703,0.0,272.35391856766466,-0.0004040205240838946,0.005585013839046983
1970-04-28,-0.003666447675497519,0.00017189036654887226,1.275137748646422,0.024084928366592376,0.0,269.49785603956093,-0.0006051103947526318,0.02462872606128673
1970-04-29,-0.005102139702961271,0.00017127596725851802,1.373927114598046,0.007442665723084056,0.0,263.950215686288,-0.0006327237618171563,0.0074530509905626555
1970-04-30,-0.006869952262794905,0.00017066661920924647,1.413397894965278,0.004912751437412144,0.0,265.0672982713372,-0.00026643031018938726,0.004920748215346069
1970-05-01,-0.009709061875855183,0.00017009027260171493,1.4243085900717984,0.002491339872785881,0.0,264.9966473947586,-0.00039969472014634623,0.0024937236376401397
1970-05-02,-0.015586831727943852,0.0001694785252129291,1.4123723664077215,7.109621823844265e-07,0.0,269.438256247569,-0.0004028592490207005,1.7628157829935164e-06
1970-05-03,-0.019006332898207304,0.00016890057904572138,1.3794577503383945,0.0,0.0,273.01078255791674,-0.0005840836987320313,9.945565361087606e-05
1970-05-04,-0.02256660912669985,0.00016829868157704672,1.3377894744585688,0.0,0.0,274.4038739931786,-0.0008077930901094346,1.1966996272330903e-05
1970-05-05,-0.024072311313475595,0.00019606063931675285,1.2877429452095104,0.0,0.002216467623320003,275.60011922257996,-0.001055553392375593,4.351138045421976e-07
1970-05-06,-0.02465424497248763,0.00025147014418564276,1.2306905915283664,0.0,0.006321818267895004,277.746774662686,-0.001164032177904905,0.00011925371851469154
1970-05-07,-0.016754773882149306,0.0002447429013117559,1.175230209436794,0.0,0.005181278970281957,275.62016967371136,-0.0005976264233474678,0.00043048611992759823
1970-05-08,-0.005106514330300908,0.00018004778414796305,1.1580649625559087,0.008928763895890134,0.00030492896498259854,272.22575762042896,-0.0006690868939467743,0.010479612097734674
1970-05-09,-0.01094273233649421,0.00016551191187174307,1.198270233786488,0.0025144091223256067,0.0,271.8467910608554,-0.0007966894309146931,0.003428851416635288
1970-05-10,-0.013856928143124125,0.0001649605689075707,1.2035119008209747,0.003988325701089902,0.0,272.23691348347063,-0.0008892884088606486,0.004799782985025757
1970-05-11,-0.020339275568218556,0.0001643461696172165,1.1876110357079803,0.0004885268245039687,0.0,270.76278597441996,-0.0015229452296165425,0.0006302293578547676
1970-05-12,-0.016951242493370832,0.00016386108209857832,1.189124155852754,0.004763364223605496,0.0,271.66953188147255,-0.0009126185234320368,0.0051127349926203755
1970-05-13,-0.010740869841669914,0.00016334459269787632,1.1955412381561912,0.0029390244455324054,0.0,270.59700192525116,-0.0007811633470115691,0.0033991255160778933
1970-05-14,-0.009269760237575251,0.00016284620357772054,1.3069647665077684,0.018167952549154476,0.0,269.19992199051853,-0.0006219906322026658,0.018562497038591624
1970-05-15,-0.016269282390505582,0.0001622733086515955,1.339274548316855,0.0002696753221716585,0.0,270.56400395696903,-0.0005798869908361111,0.0003037495184474539
1970-05-16,-0.02218045483706361,0.00017943801516193456,1.3096916931497176,0.0,0.001166713397718419,276.08090440566934,-0.0004962336240431009,2.562998815847095e-06
1970-05-17,-0.025615871584011338,0.00037285281439959,1.2531758971133478,0.0,0.01004317760635904,278.630393773598,-0.0006951692824562391,0.0
1970-05-18,-0.019636592622530664,0.0005264699795825334,1.1871786171433616,0.0,0.011319134384393692,278.7300470212085,-0.0005511442294060173,0.00012108111112131238
1970-05-19,-0.018945495666420394,0.0018979382548628557,1.126063000235405,0.0,0.018075000978795823,279.2188933708349,-0.00024069678880232206,8.469104430096298e-05
1970-05-20,-0.018681810695236015,0.0013391702188610358,1.0605797489259654,0.0,0.012254501256228841,277.899215806002,-0.0005174306836926331,0.000529981111994382
1970-05-21,-0.007126169815912086,0.004358158273211981,1.0054184505943973,0.00020108216226437674,0.01603039250956417,276.6730828581557,0.00030934253423395806,0.011884127296296891
1970-05-22,-0.006351004928182074,0.002156583434444363,0.9606425542166902,0.001033120383482195,0.010376809491107693,275.3785070753367,6.841548250219918e-05,0.008073542833101984
1970-05-23,-0.013263508424920552,0.0016372415979029771,0.9235154778719398,0.0,0.00850975475573944,275.622168898358,-0.00030567729582557575,0.0028392758724434274
1970-05-24,-0.010405256081435641,0.0018397797804094306,0.8827246829390302,3.331032513225146e-05,0.00830591442642239,275.35992427330234,-0.00028571918985601197,0.004346562559995275
1970-05-25,-0.016141894636517867,0.0009883987364795923,0.8499144358374531,0.00017038835896610543,0.006723813796784245,275.25660308291907,-0.0005753625100110211,0.0005459288756052653
1970-05-26,-0.022276249519512483,0.001515388657144234,0.8062042983462806,0.0,0.01314137817102637,278.6465510675463,-0.0006153009263640745,0.0002028208025238863
1970-05-27,-0.01863533919308819,0.001918284401381757,0.7561538610081215,0.0,0.012620503577472127,278.0305822519708,-0.00044773654791258153,0.00044225395389066555
1970-05-28,-0.01545546877350511,0.0009452304934377725,0.7148534052789549,0.0,0.007900833999369779,276.44045158070134,-0.0006303980441416724,0.0012531865363765624
1970-05-29,-0.0199905565734637,0.0006780642910865741,0.6888761071386535,0.0,0.004624714706577151,275.7394264566023,-0.0010119138843258898,0.0004113187055007481
1970-05-30,-0.016449969788055636,0.0005580411624100249,0.6637505425347223,0.0002360360981044123,0.0028185661524365857,275.00437602170666,-0.0009412877577341211,0.0026769875132991233
1970-05-31,-0.013138408630581225,0.00044408028071883036,0.7265500860699153,0.015167663284277511,0.0,271.7644726489224,-0.0011820686076067935,0.017080721494739392
1970-06-01,-0.016178259994350585,0.0005158563118196478,0.755745810528484,8.964046078213191e-05,0.0014984430692626934,272.9629000144715,-0.0007882121908294279,0.00033140268366073486
1970-06-02,-0.021069759829232922,0.0009801282552676014,0.7311478379531545,0.0,0.006420617344352486,275.7410188304952,-0.0005337879703627468,2.2453271736532957e-05
1970-06-03,-0.02317747385320017,0.0024153269448522795,0.6869055106814972,0.0,0.015050512459655266,278.4561574472546,-0.00029855095755077356,8.738259765711113e-06
1970-06-04,-0.024395096352544884,0.0034195651947441755,0.6338810175376649,0.0,0.015170539923980413,278.60088261462425,-0.00043915731485112247,0.0009767133140949123
1970-06-05,-0.02657603506146178,0.003221877971611454,0.5854319771804379,0.0,0.015904418050737706,279.7247762805774,-0.0006122872559616795,1.3994463419510148e-05
1970-06-06,-0.024955966420429576,0.0046419573705748654,0.534642451227048,0.0,0.01634308460068568,281.1041504021194,-0.00040160102696068544,0.0013592959628940303
1970-06-07,-0.02624227573810998,0.004978995454513421,0.4842720103578155,0.0,0.017082003634528255,280.27557141363286,-0.0005346941682746856,0.000454451354107668
1970-06-08,-0.018647350455071293,0.009342291092468522,0.43553698983345107,0.0,0.016939226159099804,280.11512380265924,-0.000463177623637652,0.006099294050265167
1970-06-09,-0.020108397986929295,0.0062384103651100635,0.38882314103695864,0.0,0.015126615846897925,280.04707181251655,-0.0009527099397728,0.003455019765654966
1970-06-10,-0.010632689431899012,0.0072353209479380474,0.3558687544138418,7.9096900036106e-05,0.00813343234907436,276.3900587401597,-0.0008350444778715824,0.008363979684374159
1970-06-11,-0.005208448838379424,0.005483068567884844,0.35979914261122886,0.009735944117866668,0.0015806733383297248,273.95023606366806,-0.0009119344906786742,0.015547150541828592
1970-06-12,-0.00345002287356867,0.004961838072302651,0.4834917718632298,0.0293340095987091,0.00011892915613907206,272.1510431357921,-0.0006245554682646094,0.03167257919356052
1970-06-13,-0.018436375731802256,0.0052210843495729955,0.5977836077271659,0.0002907634960056025,0.00668465592345949,275.38373194620885,-0.0007590323655029474,0.00033771803582291184
1970-06-14,-0.025271676059833357,0.005769309350999736,0.5273784630267185,0.0,0.01149272419891115,278.6265098226946,-0.001118820944622075,0.0006329562840637458
1970-06-15,-0.023245276030847584,0.00521363242197845,0.4850042023452213,0.0,0.005185967258645991,276.5874335438069,-0.0015790538262512724,0.0010430003251341812
1970-06-16,-0.020291596987826677,0.005453678510956845,0.4494242695091808,0.0,0.005260672062467047,277.00271886620817,-0.0012957226737576018,0.0010709686287276973
1970-06-17,-0.011611476077535059,0.010058990474474633,0.41667977025953395,0.0,0.010433953318555476,277.88600739157584,-0.0008534196090731918,0.009278802128209217
1970-06-18,-0.01657243148755219,0.006435456164812638,0.3755871329154897,0.0,0.010139800734439139,279.10107561244354,-0.0011168160596809818,0.0017188059120488589
1970-06-19,-0.021579143901666008,0.006556270822966841,0.3433830993997175,0.0,0.008581997858265699,280.50145757355483,-0.001335574366615317,0.0016348940928078957
1970-06-20,-0.0236772515595296,0.006911286273918583,0.31425082391713755,0.0,0.008706273290060336,281.67277591511356,-0.001374026902525102,0.00035531839645813404
1970-06-21,-0.023217024481565943,0.008968242396742612,0.2852231472899011,0.0,0.010702535552156849,282.95423017383297,-0.0012499768928871992,0.00039421468808236804
1970-06-22,-0.028584843680346753,0.010717924368583551,0.2505970180820386,0.0,0.012463954503590105,285.0666205878536,-0.0014672651886940005,0.0003475136492048313
1970-06-23,-0.02477435595066534,0.013116324352005783,0.21828608683498119,0.0,0.011735406383282722,286.1840523182785,-0.0015173033616468733,0.004898828705734426
1970-06-24,-0.027219856315750187,0.015113450376327432,0.1844576675788607,0.0,0.012639397365898739,285.54965578140286,-0.0015826426751616987,0.002168972726883824
1970-06-25,-0.032530488099082044,0.014263673017253986,0.1508995961334746,0.0,0.011646150385087494,286.18591688985885,-0.0018492582080475355,0.00024679266119994675
1970-06-26,-0.03406599096659214,0.013575845855777549,0.12033994857874296,0.0,0.011562428842324996,287.41522985124317,-0.0016870171747217744,8.467418410873506e-07
1970-06-27,-0.03599681966217225,0.014325906748825551,0.08723383614347929,0.0,0.013215145969626595,289.7601103055275,-0.0018541300564078288,0.0005641901221630477
1970-06-28,-0.04979056700811548,0.02039858412607915,0.05057113273893597,0.0,0.011090213506571992,287.3676307663855,-0.0028644741044542886,0.00013243362391593768
1970-06-29,-0.037237714618276074,0.011179352463301966,0.029180551877354056,0.0,0.006143880113538376,287.6942803442142,-0.0027699348185274563,0.001575445102117682
1970-06-30,-0.0313468276191566,0.009293965448093954,0.015890750058851225,0.0,0.0021113635035557936,282.0398502493534,-0.0028127374359022427,0.004077045494492874
1970-07-01,-0.03204215520014197,0.007972919587361611,0.012280365392537665,0.0,0.0016499441432750834,281.40129715439963,-0.0025178484965936616,4.410743663640915e-07
1970-07-02,-0.031949882369256964,0.0071337058887643336,0.007344448858286253,0.0,0.0014972607631467832,284.1135014894992,-0.0026042100021057882,0.0009242001605020112
1970-07-03,-0.028500042140147105,0.006445380506542444,0.0038749852871939744,0.0,0.0010297247287580523,284.18120142834334,-0.002480233198631618,0.00028709055331127775
1970-07-04,-0.030702114652442398,0.0058845968569739395,0.00162208686440678,0.0,0.0005682681155743572,286.8981886897833,-0.0026769159561665047,1.4326700280668832e-05
1970-07-05,-0.032752610069547,0.005436477603885414,0.0005406956214689266,0.0,0.0002272923787434896,288.18023545863264,-0.002694675983008692,0.002023746687711349
1970-07-06,-0.029523279791497915,0.005046243721482445,0.00029287679496233524,0.0,7.87065022409299e-05,286.84047956879755,-0.002985460704750261,0.0025380359025998305
1970-07-07,-0.026295602700467838,0.004738598388467132,-7.3453647229951e-24,0.0,3.084997083507689e-05,285.4202947311258,-0.0032474517474992805,0.004990999358340117
1970-07-08,-0.026191574579241587,0.004451413780955945,-7.3453647229951e-24,0.0,1.200017029956236e-05,285.36073323697025,-0.00321645134965242,0.0044458640948827925
1970-07-09,-0.02858263102628417,0.004194594540838468,-7.3453647229951e-24,0.0,4.744672842618436e-06,287.30967215629624,-0.0027408657995405174,0.003814215646623818
1970-07-10,-0.018340145842840442,0.00581548628160509,-7.3453647229951e-24,0.0,1.6674988687375174e-06,286.3339976007207,-0.0026704426381295014,0.01396199235808378
1970-07-11,-0.02550402351018399,0.0037807787710663968,-7.3453647229951e-24,0.0,6.89368126756054e-07,286.3770920166188,-0.0031572342613490965,0.0032754259257666814
1970-07-12,-0.025916637842264553,0.004141124965107375,-7.3453647229951e-24,0.0,2.491735132400599e-07,285.7779906824259,-0.0024303987432839507,0.005406350026893041
1970-07-13,-0.02791035949847119,0.0034949930205857016,-7.3453647229951e-24,0.0,9.075396478512866e-08,286.21879872898603,-0.003116563478179571,0.005175231582955356
1970-07-14,-0.02841278397094059,0.003286993436220676,-7.3453647229951e-24,0.0,2.8876261522540942e-08,283.83888439674166,-0.0025781104078063857,0.00016966546322666321
1970-07-15,-0.03181237268582576,0.0031617768740249894,-7.3453647229951e-24,0.0,1.4438130761270471e-08,283.7711551795572,-0.002780918016145795,0.0
1970-07-16,-0.037061836802016544,0.003044760749164948,-7.3453647229951e-24,0.0,6.187770326258773e-09,287.93498656709323,-0.002758424602827783,0.000328042951578528
1970-07-17,-0.0358856466867156,0.0029330066705154163,-7.3453647229951e-24,0.0,4.125180217505848e-09,288.8784653471464,-0.002887249592754801,0.00046799654337602813
1970-07-18,-0.030710842902377498,0.0028454167189571142,-7.3453647229951e-24,0.0,0.0,287.7118354086149,-0.002757678345098334,0.002261693026386412
1970-07-19,-0.02292108767281818,0.0027538359501941057,-7.3453647229951e-24,0.0,0.0,286.1917533802672,-0.0025523655684822695,0.0030745130181540296
1970-07-20,-0.028591920048166807,0.0026347422498767662,-7.3453647229951e-24,0.0,0.0,286.38655596803136,-0.002785433888814207,0.00042717413039706863
1970-07-21,-0.02568776640346495,0.0025530687328112326,-7.3453647229951e-24,0.0,0.0,287.7480081856363,-0.0022980594260376057,0.0013935562749352766
1970-07-22,-0.031991054488103944,0.002460676061231538,-7.3453647229951e-24,0.0,0.0,287.15379110433287,-0.00278117417194749,0.0006075913286428769
1970-07-23,-0.024609126150608066,0.0024136071656383367,-7.3453647229951e-24,0.0,0.0,283.2420100052254,-0.0028338980792605947,0.004230864505881024
1970-07-24,-0.03230155650841988,0.0023000784176217637,-7.3453647229951e-24,0.0,0.0,283.50704117683375,-0.0025670370718432686,1.3005689468005934e-06
1970-07-25,-0.03881326604024165,0.002225086177136265,-7.3453647229951e-24,0.0,0.0,287.5696451973781,-0.002661637930294215,8.429436837883199e-06
1970-07-26,-0.03450650662857261,0.002154315595572951,-7.3453647229951e-24,0.0,0.0,287.32936157614495,-0.0024096026416804833,0.0002156096158054589
1970-07-27,-0.026502248804784766,0.0021434751270854543,-7.3453647229951e-24,0.0,0.0,286.64731962846946,-0.002248762043898052,0.005489591083952677
1970-07-28,-0.023177899462355066,0.002087853975215201,-7.3453647229951e-24,0.0,0.0,285.4323520660401,-0.0030226963756363944,0.0059842258906932675
1970-07-29,-0.035018686815506996,0.001962047512248411,-7.3453647229951e-24,0.0,0.0,286.65396796691664,-0.00272291293630829,0.0001462914484716486
1970-07-30,-0.034489479989318526,0.0019082642544460838,-7.3453647229951e-24,0.0,0.0,286.51141092691944,-0.002543499019775687,0.000877151802321073
1970-07-31,-0.031170279882048485,0.0018501580603378642,-7.3453647229951e-24,0.0,0.0,284.61675232637623,-0.002370593422171423,0.0004074557351964744
1970-08-01,-0.03364494775479796,0.001795670659528614,-7.3453647229951e-24,0.0,0.0,286.28039039640555,-0.002383819723364997,0.00013022767954120522
1970-08-02,-0.032605426543850013,0.001745647124651462,-7.3453647229951e-24,0.0,0.0,287.6570226306521,-0.0023023588004085307,0.0002546748693242024
1970-08-03,-0.031565919813126495,0.0016959775975868528,-7.3453647229951e-24,0.0,0.0,287.4590932591038,-0.0022676364008316213,1.8651499839003305e-05
1970-08-04,-0.03603275040280348,0.0016495082001228118,-7.3453647229951e-24,0.0,0.0,288.12539457331945,-0.0021752021827940215,5.648297551256985e-07
1970-08-05,-0.03215367119696181,0.0016195925615601623,-7.3453647229951e-24,0.0,0.0,289.82078871215134,-0.002653824270697637,0.0020538209858587237
1970-08-06,-0.030844078562353966,0.0015642550368767,-7.3453647229951e-24,0.0,0.0,289.67513342316767,-0.002013074286745093,0.00011991077213508243
1970-08-07,-0.03433189903107067,0.0015434511637283587,-7.3453647229951e-24,0.0,0.0,288.7053580921698,-0.00222898347797872,0.0023226019467250357
1970-08-08,-0.03824871130245554,0.0014877300814720197,-7.3453647229951e-24,0.0,0.0,289.8492197981438,-0.002467178413381348,0.0006270388930417185
1970-08-09,-0.028742956576374296,0.0014582272976805264,-7.3453647229951e-24,0.0,0.0,285.5022151465694,-0.0020327387367096326,0.0016032604847874446
1970-08-10,-0.03283667665416912,0.0014166821025859166,-7.3453647229951e-24,0.0,0.0,285.3395941423607,-0.0021963606004492715,0.0007735882086802836
1970-08-11,-0.03677344578976012,0.0013757739531791817,-7.3453647229951e-24,0.0,0.0,287.1512703329831,-0.0020166527122090767,3.0543171079818815e-06
1970-08-12,-0.03846193555384706,0.0013422356486993998,-7.3453647229951e-24,0.0,0.0,288.8752522118348,-0.002040246280573182,2.760498190200914e-05
1970-08-13,-0.040165140888111746,0.001309527852440958,-7.3453647229951e-24,0.0,0.0,289.6923815768542,-0.0020397741473832374,0.0
1970-08-14,-0.03440918903903099,0.0012914750535609361,-7.3453647229951e-24,0.0,0.0,287.0103101999747,-0.0018714354136737728,0.0019446363219311276
1970-08-15,-0.028896369208387066,0.0012517657320378192,-7.3453647229951e-24,0.0,0.0,283.38596897879563,-0.002027571338128909,0.00045185948852796655
1970-08-16,-0.0363742122374012,0.0012206338388098161,-7.3453647229951e-24,0.0,0.0,287.3232429454107,-0.0018927525771034641,2.1358634967327816e-06
1970-08-17,-0.03770713756481807,0.0012002242150279763,-7.3453647229951e-24,0.0,0.0,288.9955209922432,-0.002098849916693855,0.0011044496597251209
1970-08-18,-0.03731997950939136,0.0011671754599964553,-7.3453647229951e-24,0.0,0.0,287.3761054252725,-0.0017830982362314807,0.0001883434341324815
1970-08-19,-0.035536432628240966,0.0011404055660053836,-7.3453647229951e-24,0.0,0.0,284.7594348023841,-0.001702832657906969,1.2904404798064206e-06
1970-08-20,-0.035649647694186305,0.0011155758537141616,-7.3453647229951e-24,0.0,0.0,285.70201830316176,-0.001602342899488864,2.5710269255796447e-06
1970-08-21,-0.03436331488823487,0.0010962896259491053,-7.3453647229951e-24,0.0,0.0,285.9055738467057,-0.0017322693020105364,0.0009434445358605405
1970-08-22,-0.03365427621845472,0.0010690875982834122,-7.3453647229951e-24,0.0,0.0,285.06835067878336,-0.0015171768543663,5.793753930678793e-05
1970-08-23,-0.03448525685711769,0.0010549341049571497,-7.3453647229951e-24,0.0,0.0,287.1581928770421,-0.001715184641886229,0.0013813888285793155
1970-08-24,-0.03284384137661444,0.0010295305716789376,-7.3453647229951e-24,0.0,0.0,287.1858361741693,-0.001701171304714882,0.0008611356807917628
1970-08-25,-0.03522469233826729,0.0010113820517803989,-7.3453647229951e-24,0.0,0.0,287.5554905332864,-0.0018895759936527344,0.001014972170765171
1970-08-26,-0.026772008735244556,0.0009970941112539863,-7.3453647229951e-24,0.0,0.0,288.01489366290707,-0.0014060833465076436,0.0020007807416599936
1970-08-27,-0.03016698406746159,0.0009681393871199614,-7.3453647229951e-24,0.0,0.0,287.11482492364286,-0.0018196500585240837,0.0005247237645170762
1970-08-28,-0.024370110683185234,0.0009487320137562726,-7.3453647229951e-24,0.0,0.0,286.3036543564159,-0.0013999959011956797,0.00041606907780431744
1970-08-29,-0.03110030508142407,0.0009288031839381504,-7.3453647229951e-24,0.0,0.0,286.9778620797138,-0.00140638889397605,3.0148164027154787e-05
1970-08-30,-0.028488341066460154,0.0009136889445579659,-7.3453647229951e-24,0.0,0.0,285.4713425501592,-0.0015343945620760406,0.0005501729619355388
1970-08-31,-0.03284392366975041,0.0008941280976527157,-7.3453647229951e-24,0.0,0.0,287.93985398430834,-0.0013564355187328523,4.591365416314086e-05
1970-09-01,-0.027990657646777266,0.0009016372726461982,-7.3453647229951e-24,0.0,0.0,287.37517903933195,-0.0018676707079097377,0.0038832384599962067
1970-09-02,-0.029110747205335543,0.0008623647151020287,-7.3453647229951e-24,0.0,0.0,284.8339513358423,-0.0013426464724507036,0.0001010483941115902
1970-09-03,-0.03202798036532214,0.0008469282065407705,-7.3453647229951e-24,0.0,0.0,284.1296563947717,-0.0013776191084061639,0.00012378741455474815
1970-09-04,-0.03671496795058925,0.0008311308709915076,-7.3453647229951e-24,0.0,0.0,285.7530256080987,-0.001438454514379892,4.177713011078677e-06
1970-09-05,-0.028999848428082335,0.0008191996711795613,-7.3453647229951e-24,0.0,0.0,284.76091745523865,-0.0012839805324283025,0.0006343457489582644
1970-09-06,-0.0043169879222993805,0.0009722195271044803,6.32190883945386e-05,0.00034206390044109976,1.4409612295991283e-06,280.572527901601,-0.002193200896562493,0.02134136005127603
1970-09-07,-0.013929633686771501,0.0009589762674213129,0.023061403895951037,0.004533777802677478,0.002825008915726748,278.41563657627717,-0.0019160504268724366,0.01735540709380928
1970-09-08,-0.023362540466300517,0.0008085322076991453,0.01004953617879002,0.0,0.0012915189677880983,282.1738059731751,-0.001787280705941599,0.00166434904452565
1970-09-09,-0.01797655654155602,0.0008131277426487983,0.017880427186322975,0.004056033357388556,0.00022226226868602515,275.5090125563455,-0.002209316854928173,0.00870996178698315
1970-09-10,-0.021624089971100546,0.0007664470349327993,0.0271727136299435,0.0,0.0010409179738180788,276.3116571817919,-0.0014834617090932396,8.58892050894862e-07
1970-09-11,-0.018847680655913166,0.0007534671132847415,0.019290327801318268,0.0002865379855120923,0.0007492310057083765,278.63372508550094,-0.0013606517844028392,0.0006210569607895781
1970-09-12,-0.006187040211453951,0.0007314208032047681,0.05323323107933146,0.008365227846102526,0.0,268.522830295024,-0.0005429780300138361,0.008481625547437237
1970-09-13,-0.007234287674480912,0.0007242562912278257,0.11056374874941151,0.007464861907696321,0.00024084061763044132,269.5445462278952,-0.0006651861993017171,0.0075594021661350465
1970-09-14,-0.004569250985053974,0.0007135690437198359,0.11973649364406783,0.0024409310650185677,0.00011504925576980506,270.5362062579943,-0.000502571989755846,0.002693317606913284
1970-09-15,-0.011258826206969677,0.0007229971010132699,0.14005120056497175,0.0022940845518125653,0.0017006811870019988,270.1107850263348,-0.0010421554752662358,0.0024917887091286976
1970-09-16,-0.015540708130025595,0.0007332419439897701,0.12107283022893126,0.0,0.003251096980888291,271.7541368559929,-0.0013242450747954645,1.7106532936850272e-06
1970-09-17,-0.017168243136783105,0.0007313316487996593,0.09480012653013185,0.0,0.0036800451218913506,274.2763653950952,-0.0013537507840974184,-5.960487214906607e-09
1970-09-18,-0.0212262128874407,0.0007388987446908897,0.06602486648128532,0.0,0.004722831907582149,279.1167446826137,-0.0015000738519228111,4.261791595183695e-07
1970-09-19,-0.02655612247980247,0.0007001320689411487,0.036533276689030135,0.0,0.0024521541544946573,281.3516517754104,-0.0018722432123570794,1.2835268385913423e-06
1970-09-20,-0.009566296333983794,0.0007078991939792527,0.025768790092396427,0.003728757933371485,0.000736675967099303,278.14275884538495,-0.0013022012535040663,0.007635810514384207
1970-09-21,-0.007549566779769747,0.0006590898932710207,0.051229071033427505,0.005257169679228196,0.0003958433803360341,271.5379429258645,-0.001004913122009086,0.006033185917897492
1970-09-22,-0.013240631732900262,0.0006506544890376809,0.0787056960628531,0.0007292019403250204,0.0005709011381292075,270.6140260462932,-0.0011260233093368806,0.0007916603383695202
1970-09-23,-0.013526504996132716,0.0006889439066924619,0.06815569459157252,0.0,0.0025544173089461137,275.1487844183396,-0.0011538802514557786,0.0015887246966808126
1970-09-24,-0.004163296545966198,0.000636378587302515,0.08394437455861584,0.012238257138405815,3.890007060799895e-05,270.97209566550964,-0.0007763212536182782,0.01333391838150003
1970-09-25,-0.008195813682119727,0.0006370610941601339,0.14297996851459513,0.0013389343259024755,0.0010782184637030642,266.13716967810797,-0.0008856093374180929,0.001347144562600346
1970-09-26,-0.011280790434382057,0.0006426483561090158,0.12898441178201508,0.0,0.0019030837015917071,269.53636159735214,-0.0009076036302383337,4.351138045421976e-07
1970-09-27,-0.014390719138969813,0.0006604528023024737,0.10976351003413372,0.0,0.003514317995579229,273.44480108990285,-0.0010645079905282982,0.0
1970-09-28,-0.01733730224061147,0.00065228848134057,0.08323609088100284,0.0,0.0032486633665985984,276.3103211684865,-0.0013056507513011244,8.787598062554025e-07
1970-09-29,-0.018381903863559333,0.0006493129635934776,0.05960065766242938,0.0,0.003344228585897866,279.3010328260519,-0.001374993357533789,4.1425228758384947e-07
1970-09-30,-0.019724414173492605,0.0006298101217733265,0.037542483227401134,0.0,0.0023887822730729808,279.1035371194901,-0.0012475483087917506,4.351138045421976e-07
1970-10-01,-0.01813903143682049,0.0006077486579701052,0.023688767140419023,0.0,0.0013212217596796274,279.29944758585845,-0.0011552667434690364,2.5755547312655835e-06
1970-10-02,-0.01578682850478059,0.0005972996606665144,0.015240627942561206,0.0,0.0009941627918663672,279.37231768951136,-0.000992712643692049,-1.0747442047431832e-08
1970-10-03,-0.017862464453877704,0.0005873045173742004,0.009752061631944444,0.0,0.0006748160168444369,279.8586742451411,-0.0012687617218342878,0.0
1970-10-04,-0.02235760341929851,0.0005779322762947299,0.005604889433262713,0.0,0.0003950687725160082,281.5333074185359,-0.0013418818881872012,4.261732051702438e-07
1970-10-05,-0.022234301866784607,0.0005699379295952576,0.002981642096280603,0.0,0.00017367568561586284,281.08413375524026,-0.00123708026936162,3.0481478587308172e-05
1970-10-06,-0.01091386659839059,0.0005781408925514437,0.0185613542402307,0.006160915360949135,1.3911538878403143e-06,272.9980867497216,-0.0011076367339171932,0.00796524282892416
1970-10-07,-0.006267353134640194,0.0005586150675843664,0.10131008342161019,0.007704922750508045,0.0,264.61925959183003,-0.0005046876442045143,0.007720314345003656
1970-10-08,-0.007025538822688627,0.0005547197188361217,0.10317171315913372,0.0004266883104534473,0.0,263.0953175280727,-0.0005070778283443155,0.00043017361263127384
1970-10-09,-0.007033164007852307,0.0005614792054655863,0.09125227128943031,0.0004955381786419174,0.0007491267607205331,265.7373396914782,-0.0004036410653826881,0.000497054312771296
1970-10-10,-0.0042307716136598325,0.0005472621506890335,0.13088673162370532,0.011595034540373054,0.0,268.3804935448138,-0.0003608129129318868,0.011616098013304623
1970-10-11,-0.00834610077452525,0.0005505798900194761,0.16246294211982112,0.00019237845294219625,0.0005165552773044608,267.83742108318097,-0.0006147220541360015,0.0001967235305215006
1970-10-12,-0.007924974911798865,0.0005749988522233263,0.15074143346869115,0.0001730199187657254,0.0023497757054654895,273.54368539943084,-0.0004876999047684805,0.0005490724313057076
1970-10-13,-0.0050346930695455636,0.0005386515525774767,0.19210418873587573,0.010328644307824852,0.0,267.2195054214104,-0.0005412673798658081,0.010691927179676045
1970-10-14,-0.006817859150258835,0.0005331138769785564,0.2215268122498823,0.0026817564657852476,0.0,264.70472009662404,-0.0004974497629508461,0.0026913209822542116
1970-10-15,-0.010458283631478327,0.0005430616227920446,0.21822884482403485,9.94547275500109e-07,0.0009703069588558823,266.95920824241284,-0.0005896870562501546,1.8591177173852811e-06
1970-10-16,-0.013678221884420364,0.00054717821589971,0.2045008772510593,0.0,0.001480093320547524,270.33345115072535,-0.0007002469267969752,8.404674076700758e-07
1970-10-17,-0.012811596489558786,0.0005428472817954371,0.18809770774482112,0.0,0.0013791047731193445,272.2708923857091,-0.0007867009542082664,8.583068797918258e-07
1970-10-18,-0.012819088616613617,0.0005432396790402084,0.17270167578860643,0.0,0.0015996161764119305,270.4796015816669,-0.000851585540268044,8.332627139395754e-07
1970-10-19,-0.010504925697200043,0.0005355541315455895,0.156812075167726,5.245461302288508e-05,0.0012761933339686044,271.42048602993214,-0.000744403508297131,5.357590435588428e-05
1970-10-20,-0.011769475909949699,0.0005318368390455085,0.14415768265948684,0.0,0.001231059316272116,270.7941527645018,-0.0007722850594311785,4.351138045421976e-07
1970-10-21,-0.010939597704653014,0.000514661356554193,0.1324830710775659,0.0,0.0002624064494492644,270.9591820998829,-0.0008289448937958917,8.521594736521365e-07
1970-10-22,-0.008764546848623093,0.0005191981287325843,0.1258744924081921,5.665295204873812e-05,0.0007737436052937966,268.15919237801364,-0.000542326614597423,5.779183853817525e-05
1970-10-23,-0.00875559575476889,0.0005063121601686639,0.12145950116231169,0.0004104340059609063,8.744479151768874e-05,269.5006286743222,-0.0006027868975185405,0.0004117218113538773
1970-10-24,-0.0052295721183388925,0.0005081136011134433,0.11868521767596517,0.0013631535957088579,0.00029869352356862215,269.4408910790855,-0.000412554732697495,0.0016060142530545608
1970-10-25,-0.005923185392288165,0.0004995675747003933,0.147983242113936,0.004944029037898544,0.0,265.04736026756734,-0.0005390722683425677,0.004975698391585108
1970-10-26,-0.005458404115364377,0.0004968980779755587,0.16849174427671845,0.0011775624322689186,0.0,262.9130152506568,-0.00048029234390811065,0.0011822753154115547
1970-10-27,-0.003708764910697938,0.0004942998879373411,0.17595021738170905,0.000987721175628867,0.0,260.9610755870122,-0.00034628179197931024,0.0009916741295722918
1970-10-28,-0.012619980437270667,0.0004918009547863978,0.1796458903454567,0.0005973162455747356,0.0,264.48781509543096,-0.000870935482072965,0.0006005540404939919
1970-10-29,-0.013779659097814291,0.0004892724718751208,0.17391571217337573,0.00016201417998405501,0.0,267.5504989372584,-0.0009142663487690992,0.0001628814274632188
1970-10-30,-0.005444576805931026,0.0004867985423675365,0.19358466484227876,0.007466946407563269,0.0,269.1320286731038,-0.00041609170115263454,0.007496778096662965
1970-10-31,-0.004439243910002844,0.0004953715929203788,0.22059070996645483,0.0007402693989586695,0.0007224125250921412,267.3113889388894,-0.0003127812297414925,0.0007516815801627775
1970-11-01,-0.0039212627094344235,0.0004819813421217062,0.21913942958451038,0.0007109145954840602,0.0,264.85374553055414,-0.00029376056571464755,0.0007153777946169425
1970-11-02,-0.003757017733013563,0.00047963579832497287,0.2180697626088748,8.919830881269637e-05,0.0,262.7589785006536,-0.0002614448720452476,9.354472486856946e-05
1970-11-03,-0.0057927594851639305,0.00048626184800250387,0.21365775990171845,4.997712659970516e-05,0.0005849713280712817,264.1481660135273,-0.00036747038027661,5.3067193820974826e-05
1970-11-04,-0.007497265766569451,0.0004852484848539709,0.20546916379766952,2.4700568894208493e-07,0.0006667213609157982,265.0691658278643,-0.00039301781604687375,1.0939640164238461e-06
1970-11-05,-0.008261179982942377,0.0004745454101239221,0.19563181386829098,1.1967673981930578e-05,0.00011847696482798474,269.22970500234834,-0.0006167422085579506,1.2202535645436434e-05
1970-11-06,-0.005964752981218242,0.0004788337454283979,0.18876966918255653,0.00017615241435288038,0.0005431778539540403,269.90661930364405,-0.0003551105089948676,0.00019666539069116445
1970-11-07,-0.0031605584304885007,0.00047299400561273436,0.1839728346427731,0.0017502164352411606,0.0003078526969851747,268.19194810224343,-0.00020737452485130337,0.0017732410612738671
1970-11-08,-0.005302943920685073,0.0004762593804106201,0.22950506120527306,0.0061224967157099885,0.0006536788144017344,268.06713839888346,-0.00039098041374131115,0.006164218667699239
1970-11-09,-0.0058728017460154954,0.0004749410064880457,0.23059564795197743,2.0789224549201925e-06,0.0007038875193582416,266.9750563590989,-0.0003407079579129731,2.3216345889420163e-06
1970-11-10,-0.0024180501110136173,0.00046169168531557937,0.2443951105667373,0.007890483648595164,0.0,268.0771515409825,-0.00022095393410510267,0.008170565474447963
1970-11-11,-0.004925294616128092,0.00046133633050541423,0.28072378729696335,4.8078301936219655e-05,0.00011400160732242348,263.51155323811616,-0.0003788683531900584,4.864370418807208e-05
1970-11-12,-0.003136878549042395,0.000462549133489361,0.28055367047728347,0.0047119947434481925,0.00031948721004744707,267.82880490333577,-0.00029930660216990167,0.004718613582655261
1970-11-13,-0.002139213731733419,0.0004553877364444194,0.3427515981785546,0.008398218890704677,0.0,265.0189275005219,-0.00020486827792420901,0.008411808050953477
1970-11-14,-0.004433202373105928,0.0004533427414921045,0.36839716852048027,0.0005887216009662651,0.0,263.80599734203963,-0.0002617455208621456,0.0005900695667428485
1970-11-15,-0.006226117117593517,0.0004579483789239227,0.360044892449388,0.0,0.0004123665266117807,267.7725382479795,-0.0003630862976450705,1.2818768482247833e-06
1970-11-16,-0.006341969773257519,0.000455583135286967,0.34702061080214225,0.0003908315599806565,0.000387046970216568,270.1335839848061,-0.0005086437025565213,0.0005041494207412374
1970-11-17,-0.0035094729924606068,0.0004472958166047005,0.3479079769156074,0.0023672395401586922,0.0,266.55686082498727,-0.0002662714960127227,0.0023830534711395956
1970-11-18,-0.002193549216467109,0.00044534847897998353,0.37469930702683624,0.005168523565776605,0.0,264.59827250320814,-0.00020212341773476306,0.0051755152516445874
1970-11-19,-0.0024041950618479886,0.0004434261449986259,0.4177758743084981,0.0036043544420919856,0.0,261.63655643139856,-0.00018085670357538485,0.0036107991206443917
1970-11-20,-0.0032974266904895596,0.00044149370853510276,0.43055049802848405,0.0006511688948014362,0.0,262.6964845998588,-0.0002324538315925221,0.0006558749129143776
1970-11-21,-0.0024765857027075388,0.0004396011768761328,0.4373825274393833,0.005475187642594516,0.0,263.9023790054178,-0.0002872088218981264,0.005500147895383832
1970-11-22,-0.0021155499300714265,0.00043774164665890287,0.47881562831038144,0.00140078921439284,0.0,253.16027305804178,-0.00021045060438961634,0.0014070304436872233
1970-11-23,-0.002475611907614153,0.0004358821164416729,0.4743866139212571,3.5596411612074255e-05,0.0,253.19738732892918,-4.6943440654520266e-05,3.903584794960997e-05
1970-11-24,-0.0055036970366865905,0.0004394326337986747,0.4641202937411724,5.353915657700792e-06,0.0003327042243238223,271.02372233791317,-0.00021117810412483702,7.685867569954884e-06
1970-11-25,-0.010929882147554625,0.0004322096116125247,0.4425844239200801,0.00285858197905923,0.0,272.59964375397135,-0.0007703588423082384,0.0032906901741007947
1970-11-26,-0.0033067112083488945,0.00043035833175572976,0.46742561757003304,0.003775436452216348,0.0,265.56654510569894,-0.00031925046995366364,0.0038049951909252065
1970-11-27,-0.0035297413077731593,0.00042854350502208137,0.4714635931614877,0.0009465238637169876,0.0,263.79464363198724,-0.00022666937655816646,0.0009660332889830426
1970-11-28,-0.004610261085343227,0.00042675528149146817,0.4654552510004708,0.0,0.0,265.2513998466248,-0.00029384370598584244,1.2814997489840607e-06
1970-11-29,-0.004695394660456706,0.00042496200671977244,0.45348201543373357,0.0,0.0,267.3876356997733,-0.0003301707690971046,1.2982795283278392e-06
1970-11-30,-0.010270193976871038,0.0004231820335495944,0.4421207406426554,0.0037455142891339665,0.0,271.88658599350634,-0.0006131686870071847,0.0038644855978002927
1970-12-01,-0.005698829678829107,0.000421440113062239,0.45624894251706694,0.0009788541638918516,0.0,264.8569261295872,-0.0004775245268802858,0.0009876491490444365
1970-12-02,-0.005175274980943756,0.0004196848909733659,0.4482513830037665,1.9228391054659913e-06,0.0,262.6201243104234,-0.0003418163896280494,5.04955756525439e-06
1970-12-03,-0.006246580789654942,0.00041795787164720444,0.4485959845074153,0.0016343580758841024,0.0,263.9403557714545,-0.0005018599541847316,0.0016625773603633298
1970-12-04,-0.005563587329145206,0.00041625720296202415,0.4458941156132297,1.4476751708714977e-05,0.0,264.269302964435,-0.0004088291582667221,1.5946347161201434e-05
1970-12-05,-0.003949390629590569,0.00041456823631868525,0.4380834547139831,1.1146994633863202e-05,0.0,263.27773686137806,-0.0002444342336496391,1.2282900879692871e-05
1970-12-06,-0.003991476223293671,0.0004128609168327461,0.43074866113465166,0.0,0.0,268.59105152913185,-0.00018990707010199122,1.7046928064701206e-06
1970-12-07,-0.004806084316329094,0.0004112645562759228,0.42245615583804147,0.0,0.0,269.5892991462894,-0.0002700993107200343,8.52346317969932e-07
1970-12-08,-0.003790459053664558,0.0004095572367899835,0.4196301476430085,0.002296440703215572,0.0,268.7752873336304,-0.0003227066290748995,0.0023131050632498357
1970-12-09,-0.001448083816275085,0.00040791617274957867,0.4300279635269539,0.0020503405334249057,0.0,267.0901285124813,-0.00012709586591707112,0.002062074107547911
1970-12-10,-0.0021302512304931043,0.00040630491103156146,0.4543183465012947,0.0025469860282994936,0.0,264.7547774880619,-0.00022406022637914128,0.0025512136139657403
1970-12-11,-0.0012671802256066923,0.00040467209735159154,0.4581372392155132,0.0030875669445021682,0.0,263.2237452921895,-7.862019442063942e-05,0.003089656269428309
1970-12-12,-0.0023155520948986547,0.00040306416103395366,0.5683708693797082,0.008116409582438443,0.0,261.08177299283994,-0.00018397017282112844,0.008121469465307247
1970-12-13,-0.0023468306424927576,0.00040145529865545074,0.5752953136034605,0.0,0.0,260.61695207714365,-6.392473449646417e-05,1.286590077143046e-06
1970-12-14,-0.003097015838165068,0.0003998630632788448,0.566330846869115,0.0,0.0,262.44661274064066,-0.00010850693041321921,8.70227722771233e-07
1970-12-15,-0.002487011801051555,0.0003982914538033265,0.557646842999647,0.0002218321765546745,0.0,261.8357752065425,-9.391274261104186e-05,0.00022583315938206046
1970-12-16,-0.001814384581679005,0.0003967049431666143,0.5536704772834276,0.0005078488529401985,0.0,262.802656784345,-1.853663937351798e-05,0.0005123409847755217
1970-12-17,-0.0024805731103245154,0.00039517138637391863,0.5475382257091573,8.698992725819518e-05,0.0,260.87965096726936,-0.00018002670573986186,9.00679714797692e-05
1970-12-18,-0.0008379171291987101,0.00039358487573720643,0.5645414018361582,0.002045569383660279,0.0,258.8842318583343,-0.00012938012132200145,0.002049076236440312
1970-12-19,-0.0018517792982570196,0.0003920579697452696,0.5702219242879002,9.712075951409206e-05,0.0,256.57637691318206,-8.766239477416217e-05,9.934610123073176e-05
1970-12-20,-0.002155331694810404,0.0003904895593891036,0.5637933476047553,0.0,0.0,256.1876352960332,-8.23376710805516e-05,4.351138045421976e-07
1970-12-21,-0.001868461695431316,0.00038898740447847186,0.5591123764124294,0.00017790538443010408,0.0,257.44254621588357,-4.96914683930618e-05,0.00018181755372020467
1970-12-22,-0.0010266150374197017,0.00038746049848653504,0.5729637936234699,0.0030215531587600712,0.0,256.4046746916691,-8.45224170361535e-05,0.003025884042249615
1970-12-23,-0.0016306423198031842,0.00038595009321546825,0.6054124275394304,4.2535659283567955e-07,0.0,253.0003410633899,-5.886706360484247e-05,1.272777950750018e-06
1970-12-24,-0.0017118023782126649,0.0003844479383048365,0.6081662510298965,0.001565935037567117,0.0,255.33474136611167,-0.00013581392392095202,0.00156841089486273
1970-12-25,-0.0022082854125459314,0.0003829556333143159,0.6277922147186913,0.0005716604238512826,0.0,258.14989754125446,-3.110248027211529e-05,0.0005755308320398384
1970-12-26,-0.0030999056531884578,0.0003814667800052018,0.6190318881679615,1.6029397983335508e-05,0.0,261.94220990110927,-8.219737285948069e-05,1.7314688790453653e-05
1970-12-27,-0.002365490600550916,0.0003799893761758751,0.6083641842484699,6.200049051457206e-05,0.0,261.6169115414952,-0.00012316107539470588,6.606244022706272e-05
1970-12-28,-0.0021931481058314697,0.0003785186231473072,0.5989928164724576,3.0131095041662965e-05,0.0,259.91915555548087,-8.36546401266998e-05,3.4112565027938264e-05
1970-12-29,-0.0023239593805566344,0.00037704787011873925,0.5903313415872176,2.1769375787616453e-06,0.0,261.53455756164095,-7.476019909826375e-05,4.513326702743729e-06
1970-12-30,-0.0025049491790728384,0.00037559361781104133,0.5812491724046611,0.0002303182615735437,0.0,260.4508741274617,-0.00013229750770296755,0.00023461807715088239
1970-12-31,-0.0028698754175908153,0.00037415931790562006,0.5752507154101931,0.0002877552293788242,0.0,265.2658295209349,-9.783998258033044e-05,0.00029187001153673653
1971-01-01,-0.0037482328249909785,0.0003727066651575983,0.620713286031662,0.005949478596448898,0.0,259.91255779230437,-0.00044493763418184166,0.005957979216311665
1971-01-02,-0.001062127872038696,0.0003712822151722881,0.6372780665165961,0.0004442929379684104,0.0,250.62527495993064,-0.00012314556387521455,0.0004478066654528602
1971-01-03,-0.0008287040443070192,0.0003698330141056729,0.6547527420992233,0.0015914771853193725,0.0,250.8377638527678,-9.550937151504775e-05,0.0015958786010514816
1971-01-04,-0.0005209399229389127,0.00036843651432102016,0.6670662113053202,0.00048097999671758236,0.0,246.90545657529668,-4.039434347785799e-05,0.00048398308444002453
1971-01-05,-0.0004962652837489284,0.00036704691789918027,0.686651255002354,0.002040098994801947,0.0,247.53132159920963,-4.754271253017383e-05,0.0020440506106936835
1971-01-06,-0.0009399249223666003,0.0003656240674735463,0.7030870685469633,0.0006144408999526569,0.0,249.17927411181776,-2.2480127501622427e-07,0.0006175467355053405
1971-01-07,-0.0008803340001294843,0.0003642408692904112,0.7122411925464925,0.002510428218181524,0.0,256.22547555194285,2.2973191771803605e-05,0.0025147328605709877
1971-01-08,-0.002129273268125825,0.0003628478211871648,0.7571299637329332,0.007818347969129261,0.0,262.8953697075278,-2.852194853084909e-05,0.00782162705235316
1971-01-09,-0.00237157296831325,0.00036145477308391854,0.7949175071357109,0.003703978081039117,0.0,264.48239239910004,-0.00015779239478084327,0.0037080510861456062
1971-01-10,-0.0028007938868581913,0.00036010802802392995,0.7821815045315443,0.0011793831942108392,0.0,264.95694880296963,-0.00014171007452374798,0.001200086147771717
1971-01-11,-0.0017791013680608933,0.0003587314806415537,0.7703618338777073,0.0006932151309177701,0.0,262.9283678518177,1.3077947295318217e-05,0.0006977546349707397
1971-01-12,-0.0029180916184085915,0.00035737143398004736,0.7606932214424437,0.0020205124918013643,0.0,263.3129755620005,-8.588184281594337e-05,0.0021171576709135393
1971-01-13,-0.004289182692261066,0.0003559882357969123,0.7680264058086158,0.002855446884187602,0.0,261.4142559647785,-0.00040875503130383416,0.0028725436078412834
1971-01-14,-0.002936782725786759,0.0003546497410973587,0.7721682905926318,0.0009047762822296661,0.0,256.4838944343524,-0.0002410401679617537,0.0009122060853868488
1971-01-15,-0.0020526117187435345,0.0003532614916731409,0.7653778708362758,0.00017075741526770727,0.0,260.49903413445713,-1.3325205546314434e-05,0.00017552869131336107
1971-01-16,-0.0032172411848596263,0.000351888143410117,0.7502793134269068,0.00010366537897600293,0.0,267.3135121663412,-7.447054725413942e-05,0.000104944298428142
1971-01-17,-0.004039467685976944,0.0003505296963082869,0.7442082119526837,0.005525322473150189,0.0,269.3804389501022,-0.00018634355632262043,0.005601583345473069
1971-01-18,-0.005610715113790695,0.0003491414468840691,0.7476730777718927,0.0010690291301678804,0.0,267.78341253463833,-0.00035309799983676543,0.0010757672246890417
1971-01-19,-0.00378409903601738,0.0003477979009434328,0.7277795249234935,4.0782078848046775e-05,0.0,268.8392248243486,-5.0818426587150593e-05,4.1816463573245e-05
1971-01-20,-0.0026086989769154353,0.00034643120348116775,0.7128975216278249,0.004950470380527152,0.0,269.8680138812452,-0.00010343752064778982,0.005010346388108075
1971-01-21,-0.004555158274995405,0.0003450727563793377,0.7578212357285783,0.003295822458415382,0.0,260.8436113059409,-0.0005679636204478431,0.003309157434670664
1971-01-22,-0.00519307799595224,0.00034374065991848876,0.7612254112229285,0.0013290976021586166,0.0,256.41976325256,-0.00042185186287440826,0.0013498093714847171
1971-01-23,-0.0031808327231030013,0.0003423705107748172,0.7633309516978579,0.0010256714024449473,0.0,260.1859513801819,-0.00011340949663334649,0.001033659321394667
1971-01-24,-0.002948350741364862,0.000341043465555051,0.759968615745645,0.0004296842436332487,0.0,262.5991407886513,-0.00012010722657886601,0.00043126918828290714
1971-01-25,-0.005354409626985001,0.00033968821757257323,0.7497908022893127,0.0010110161525044739,0.0,263.5366530517176,-0.00034495257893524603,0.0010178997226814631
1971-01-26,-0.004795072147738463,0.00033836437147215936,0.757494565457274,0.0021416722339088635,0.0,267.16864956570214,-0.0001753503456711769,0.0021508739956891468
1971-01-27,-0.004584220422189789,0.0003370107230493578,0.7451776479372647,0.0004793138658933047,0.0,269.1227062677934,-0.0001921016186223192,0.00048506472373895066
1971-01-28,-0.0058607097483624184,0.0003356935277497028,0.7288779278483992,0.0,0.0,268.59910889893155,-0.0002413876565162745,8.702277796146518e-07
1971-01-29,-0.008149310230872052,0.0003343630308485301,0.7127722328890067,9.02067470011738e-07,0.0,270.519508049313,-0.00047441474083116506,3.4740611884593677e-06
1971-01-30,-0.01042901383618177,0.0003330772374309389,0.7064565310145952,0.010408021972677803,0.0,271.6830735826223,-0.0006271953994439821,0.010814475423769817
1971-01-31,-0.002724988396558385,0.00033174674052976626,0.7542340697092751,0.0043959765784484526,0.0,271.0991323833861,-0.00017594594487362666,0.004490416989878827
1971-02-01,-0.004399884513205728,0.00033042289442935233,0.7789649173140302,0.003941086347156999,0.0,269.6604306962755,-0.000282770675201874,0.003950668995445614
1971-02-02,-0.004029209288836873,0.0003291171486094847,0.766053510475518,7.412445831433529e-05,0.0,266.75584662701453,-0.0002714983361252284,7.668573990559261e-05
1971-02-03,-0.0023640869448413957,0.0003278148544710235,0.7998881366966809,0.006805296040187448,0.0,263.9655469510066,-0.00031411117942488126,0.006808164391166706
1971-02-04,-0.0024994080517925115,0.00032653891097354353,0.8259008375264832,0.0005397198900664594,0.0,258.0477278111345,-0.0001788343865908472,0.0005447980916409824
1971-02-05,-0.0021965426240263685,0.0003252613679163874,0.8487201697857817,0.0020128483068471573,0.0,255.35875022299098,-0.0002074586174919107,0.0020185924030126936
1971-02-06,-0.0012504128833948558,0.00032398542441890746,0.8710296113612289,0.0024856115759766036,0.0,252.07742029394808,-0.00014936341509475546,0.0024904364035520216
1971-02-07,-0.0010044015733535682,0.0003227227825229451,0.918519330788018,0.003955933291696559,0.0,251.91960208698853,-4.8587224998716585e-05,0.003957606759403035
1971-02-08,-0.002159857143790035,0.00032146174018665897,1.010770693561676,0.006971525059918226,0.0,259.9675377201001,1.7809702641209642e-05,0.0069751858197023625
1971-02-09,-0.0055680814604301245,0.0003202155990115667,1.0156652303289784,1.3083093247171178e-05,0.0,263.10457901317073,-6.462362105563535e-05,1.480222412755915e-05
1971-02-10,-0.003851385439856578,0.0003189612074760394,0.9948969551847928,0.0030852446995549287,0.0,268.2031666563505,-8.223074262088302e-05,0.003092372623566179
1971-02-11,-0.0038443675822457356,0.00031770176469942947,1.0228933560646187,0.011172458508425513,0.0,266.8922272734274,-0.0003237729039737734,0.011238126562091754
1971-02-12,-0.0054778052588640635,0.00031647464986574853,1.0393312385975753,0.0002580185941720413,0.0,265.9649212077513,-0.00011207473774751027,0.0002622274028538614
1971-02-13,-0.00615534628346815,0.000315250860432447,1.0072299648363936,0.0005239373293973633,0.0,270.12836236828014,-0.0001754938272264718,0.0007460129455790531
1971-02-14,-0.00749201154978262,0.00031400139385697536,0.9808494438559323,0.0004878253333986142,0.0,268.4115105932491,-0.000251078209971304,0.0004899298402873
1971-02-15,-0.0064211486086333544,0.00031279835660578845,0.9521217705390773,0.00026040785225097746,0.0,270.02591956043426,-0.0003219987818245161,0.0003902097206331242
1971-02-16,-0.006060900871699813,0.00031155381499037234,0.9699502431291198,0.0061767814775644725,0.0,265.01800419651187,-0.0005892623626327111,0.006295322832127794
1971-02-17,-0.004605544573169644,0.0003103523772988616,0.9709097939471518,0.0006686460837132515,0.0,261.9426372118589,-0.0002563583459389412,0.0006709231984096877
1971-02-18,-0.002778447280495854,0.00030912273684463934,0.9737578713512242,0.0016942268374276028,0.0,264.8778657176849,1.522063114548807e-05,0.0016996257217135671
1971-02-19,-0.004207117914480005,0.00030792954951356364,0.9612425608374531,0.000444737510324198,0.0,263.7501097821022,-0.00010681582751583919,0.0004460269346851795
1971-02-20,-0.002873381399838938,0.0003067297113817291,0.9604850812146893,0.0017471414290915776,0.0,260.1950251333233,-0.00031571833700951886,0.0017526143022786847
1971-02-21,-0.004289704569652256,0.00030552162288945947,0.9620041784369116,0.00021421488395518502,0.0,254.73842321277337,-0.00024155255849078554,0.00021768288083626048
1971-02-22,-0.00740772498361135,0.00030433828547849493,0.9527521223222692,0.0,0.0,259.6556734455059,-0.00011491634498881755,8.52346317969932e-07
1971-02-23,-0.00587955020410193,0.00030316505054969577,0.9419733826947976,2.923281600246322e-05,0.0,262.4796834791223,-8.216936478001923e-05,3.1513632251771616e-05
1971-02-24,-0.0064473373994315426,0.0003019734627782962,0.930357622336982,2.2743191927839804e-05,0.0,263.4428062007926,-0.00015733740950203213,2.4027791943543925e-05
1971-02-25,-0.006168640981623009,0.0003008034269688493,0.9239416894715162,0.0027772866315760856,0.0,264.0280961900557,-0.00043564742315286973,0.0027934969144343793
1971-02-26,-0.0038844422768738313,0.00029964164151983754,1.006546049243762,0.007771261836175865,0.0,258.5481557253391,-0.00041202980877652677,0.00778341928120128
1971-02-27,-0.004311692116960968,0.00029847985607082565,1.05021618629355,5.852094309478157e-05,0.0,254.24411422025463,-0.0003220348455811625,6.009951871907764e-05
1971-02-28,-0.0045007735406611595,0.0002973247214225726,1.0379194988818268,6.16265092529146e-05,0.0,255.09876910710742,-0.0002057644838498811,6.575494846676758e-05
1971-03-01,-0.0024703795795386796,0.0002961711863339958,1.036762704508004,0.001151918607243037,0.0,254.8309764323262,-0.00016244139922203993,0.0011583331108076017
1971-03-02,-0.004571266724901685,0.0002950408027670478,1.0402112483080275,0.00016198214669685583,0.0,253.5595401361613,-0.000162007755436803,0.0001644144126876302
1971-03-03,-0.006560841185898431,0.0002939088196404237,1.0302244714424436,0.0001396088318972938,0.0,261.8277342341939,-0.0001379365133026899,0.00014075219665867628
1971-03-04,-0.004806025258902103,0.0002927536849921706,1.034818315236582,0.003983582291057554,0.0,262.4830509947294,-0.00028396148424027337,0.003987812928458446
1971-03-05,-0.0037948708076261536,0.00029165310374761034,1.06653383761476,0.0018495287598863162,0.0,258.7365019128372,-0.0003293946301196255,0.0018536179247499289
1971-03-06,-0.004761999609780177,0.00029054427214261503,1.1009206538370997,0.0019341714806475883,0.0,256.2600469427594,-0.0003543754166128945,0.0019365754565640592
1971-03-07,-0.006658388059691522,0.0002893989874144732,1.0927715983992468,9.382301467960165e-06,0.0,259.30906245847655,-0.00010878462239173846,1.065153056749352e-05
1971-03-08,-0.0057012431618184015,0.0002883034574109956,1.0757495714895247,0.0013905560103176678,0.0,264.7492009214987,-0.00015475032167077738,0.0013944987690705226
1971-03-09,-0.006504136037691838,0.00028719622536567646,1.0669218878737052,0.0006418182477775941,0.0,263.0571591723886,-0.00025596920043061686,0.0006484552506501163
1971-03-10,-0.00795728372315229,0.00028610389448155123,1.0483129469014831,0.0001963718589079582,0.0,265.29493409496246,-0.00027582748124828447,0.00020014519061616564
1971-03-11,-0.00915927351531336,0.0002849966624362321,1.0265554654396187,0.0002576389934046794,0.0,266.66802952294074,-0.00043678595184606353,0.00026299639538519376
1971-03-12,-0.010507031096576972,0.00028392428395438335,1.0043329213747647,4.198326397750338e-05,0.0,268.18174683306853,-0.0005219898444447814,4.561697048558084e-05
1971-03-13,-0.010325121298684913,0.00028286840619340457,0.9851660432115114,0.003932260987112079,0.0,270.5670755533625,-0.0005971668919516822,0.004136454091994212
1971-03-14,-0.006571176656558689,0.0002817694245085205,1.0163960429908194,0.006156480876402667,0.0,264.08511763822344,-0.0006863041965048867,0.006184381892806306
1971-03-15,-0.007154397750641667,0.000280700245146024,1.0434926638270952,0.0016320335578783758,0.0,261.69025515612014,-0.0004096677958291803,0.001642058663346727
1971-03-16,-0.0056304364217876724,0.00027962946622385145,1.0422965586746706,0.0013041584673574417,0.0,260.4418870347593,-0.00031837413750462613,0.001309093731842526
1971-03-17,-0.0032624308083016996,0.00027858183882330776,1.086828774202566,0.009081533315491542,0.0,260.33216111493874,-0.0003063838960508169,0.009084073786636181
1971-03-18,-0.00545120879081683,0.0002775193102615701,1.18160361309734,0.0023924807076063535,0.0,257.5307383061354,-0.0003201193886540704,0.0023967222755538263
1971-03-19,-0.009013895724116074,0.0002764815327811376,1.1697246314442091,0.00010449045711317981,0.0,260.70565656529084,-0.0003318767836790974,0.00010599696019819207
1971-03-20,-0.011733478240374118,0.00027544880654178775,1.1465928819444444,0.0,0.0,266.4945696850506,-0.0003861086074746935,0.0
1971-03-21,-0.004828103307613545,0.0002743796271792913,1.1248425269979991,0.004190737160585695,0.0,265.0357757288184,-0.0003267304950767318,0.004192643768347077
1971-03-22,-0.0056424029381935215,0.0002733618021011353,1.1916067119821092,0.003587011226826469,0.0,262.3824497409684,-0.0002826982635562703,0.0035921554326610377
1971-03-23,-0.00605520172476095,0.0002723306754214616,1.1849641099487997,0.0019006124450325291,0.0,267.3414643030831,-0.0001083859794978368,0.001904882768419072
1971-03-24,-0.005924007481774369,0.00027131697552352303,1.1675266761564267,0.005577561229804142,0.0,268.5260323490351,-0.00022684163966421353,0.005656905867957726
1971-03-25,-0.007687449497354906,0.0002703131255456957,1.2123264808439267,0.006820686266752286,0.0,267.7445543651976,-0.0005330912516278737,0.00688872184556148
1971-03-26,-0.011983574446985279,0.0002693086020690573,1.1929639683380417,3.1418930002525026e-05,0.0,269.87502380773395,-0.00048217006911665714,0.00033318428476978646
1971-03-27,-0.014244912749966658,0.00026827242414830096,1.1553290702977874,0.0011616876233095505,0.0,269.95553438362657,-0.001044664952882939,0.0011820434613198528
1971-03-28,-0.008881144478159436,0.0002672942513126438,1.1370297879149012,0.002182797923431558,0.0,265.31375571428725,-0.0007196053241690001,0.0021892830981023433
1971-03-29,-0.013025462374848836,0.0002662846765949228,1.1302736214100753,4.24367391456992e-07,0.0,266.94627687486553,-0.0004859273137766763,8.536933155919748e-07
1971-03-30,-0.016108389964884957,0.00026528495179731296,1.1062163444562148,0.0,0.0,272.45959610948006,-0.0005529955829267449,1.772003996633543e-05
1971-03-31,-0.007885028202991702,0.00026434988288556114,1.0954456508945385,0.007657293861700317,0.0,268.5021576423429,-0.0009882160709739406,0.007870982898648796
1971-04-01,-0.007317670152685737,0.00026332700656632246,1.141883864465631,0.0021457835653070677,0.0,260.9352917069545,-0.0005542168256926671,0.00215363056033644
1971-04-02,-0.01263648856662761,0.0002623719852522942,1.1394532629325564,8.907905742946993e-06,0.0,263.8677027427545,-0.00039421900643803984,9.754807216411967e-06
1971-04-03,-0.007396055816930566,0.00026139221285696084,1.1332085963247411,0.003378792839535212,0.0,264.3379868221822,-0.00047608371297855166,0.003423147075219562
1971-04-04,-0.007197707302152774,0.0002604371915429326,1.1506329265242468,0.0017640289066538299,0.0,262.1199114201433,-0.00040051806718111044,0.0017666025170479246
1971-04-05,-0.015124809354712061,0.00025947551942814547,1.1396688974958804,1.6447093527195822e-05,0.0,263.9100264066132,-0.0004201550825925197,1.865175711874006e-05
1971-04-06,-0.017673408118008223,0.00025850399739324714,1.1213266261328863,0.0,0.0,270.2760251327199,-0.0005351018876174075,8.522933718779768e-07
1971-04-07,-0.018869893572761514,0.0002575638772404127,1.0977105034722223,0.0,0.0,273.63730434554225,-0.0008321693851112646,0.0
1971-04-08,-0.016023849784317663,0.0002566304078883371,1.0876538407780132,0.003519686180992989,0.0,270.42658186587465,-0.0011167790488166324,0.0037128868411813623
1971-04-09,-0.01835740050353573,0.00025567538657430877,1.0744417409663372,-2.062590108752924e-09,0.0,270.2406701305268,-0.0008202750698826409,1.7178585949295666e-06
1971-04-10,-0.0306586056190022,0.00025475176714234433,1.0506594095750943,0.0,0.0,275.605508973145,-0.0017251852310478351,7.24009031953648e-05
1971-04-11,-0.013321865918272634,0.00025382494859102755,1.0214439147834276,0.00034818644661687863,0.0,269.40822464822605,-0.001183285446321897,0.000471829795563029
1971-04-12,-0.008305233161328203,0.00025288482843819314,1.0114601264565677,0.0013770129384294068,0.0,267.52328871603066,-0.0006506236817287861,0.0013835862194523571
1971-04-13,-0.013479327919792996,0.00025197611016742255,1.0151974090748588,0.0008712532998478346,0.0,266.8653805942859,-0.0005157901563465932,0.0008733941319035252
1971-04-14,-0.019423708740600763,0.0002510575419765408,1.0026979608050848,0.0,0.0,272.6781669228764,-0.0007059866625626208,1.3075162428322074e-06
1971-04-15,-0.01746276117819177,0.00025020842835054565,0.9825280830685029,0.00010221180016711608,0.0,274.7797620238108,-0.0009116583140724797,0.0009385470532430643
1971-04-16,-0.012718952771297285,0.0002492467562357585,0.964457538841808,0.0004187568727522921,0.0,270.17914006579844,-0.000993223587250979,0.0005006495504834557
1971-04-17,-0.01918859552528899,0.0002483877926896521,0.9517511917372882,3.7400988535692466e-05,0.0,273.4140016516274,-0.0009806057554011965,0.0007214095885193291
1971-04-18,-0.009639388381761347,0.00024749077646072303,0.9329433979961159,0.0015089234474015103,0.0,272.4363527387774,-0.0006315562937219265,0.0022652872369219356
1971-04-19,-0.0048545195305414795,0.0002466169117534228,0.9755976617673023,0.014381361904285723,0.0,271.0791492929117,-0.0005922325871000856,0.015096945867026595
1971-04-20,-0.006836622322009783,0.00024573799580503993,1.0925653892272835,0.017183480373883654,0.0,271.03802600508584,-0.0004581160432959008,0.01803200959640655
1971-04-21,-0.005713539692641652,0.00024482262673351053,1.1424342153660547,0.008181781944750393,0.0,270.4362610818752,-0.0005412949459616748,0.008818616402346277
1971-04-22,-0.007977104161755514,0.00024399346550979184,1.2200778307438795,0.010112299715395028,0.0,270.69025227893326,-0.0004659335281552568,0.011265147197623702
1971-04-23,-0.013884287011825435,0.0002430945971591325,1.2197136887947269,0.00019209602542516203,0.0,272.5474117911244,-0.0005496612744732091,0.0011226779496890148
1971-04-24,-0.00859621600747782,0.00024233009182127188,1.1867494170050614,0.0016349700758349424,0.0,271.6991121324442,-0.000527461211981073,0.0035650105798635647
1971-04-25,-0.005554604959689965,0.00024188726635302528,1.226769398834746,0.012592039665596634,0.0,270.54879875685987,-0.0007461112750283742,0.013514590128666936
1971-04-26,-0.007250118600783375,0.00024045944887366003,1.2888176697122176,0.009894166888911171,0.0,267.8230511545013,-0.0007237180183499545,0.009987157616911636
1971-04-27,-0.007322392052849807,0.00023961033524766483,1.3450530028837102,0.006034436693551851,0.0,266.59052086235664,-0.0005124913381233727,0.006066582297201211
1971-04-28,-0.013069066497902413,0.0002387678724224285,1.3544869000853343,0.0015568841185610175,0.0,268.0718105122195,-0.0004546449619666332,0.0017329017836202009
1971-04-29,-0.013331258111754379,0.00023797171264044981,1.3360687658162667,0.0007709488167432742,0.0,270.12439081942745,-0.00044934043797564377,0.0014545864503640773
1971-04-30,-0.015067327914938415,0.00023714415097640732,1.3225134438265067,0.0008568821085543283,0.0,271.43443853302864,-0.0005345368536852174,0.0019447421286739198
1971-05-01,-0.01730063810186871,0.0002362801361892183,1.2943039371468927,0.0,0.0,273.72645935231014,-0.0006098957774413508,0.0007755648618364066
1971-05-02,-0.02136575232791362,0.000255440377582938,1.2543752206920906,0.0,0.001365870637240383,275.19826421719716,-0.0007768668244871716,0.0001697668751282338
1971-05-03,-0.017911073514970684,0.0002982088569867409,1.2062664139742232,0.0,0.0035399604525606513,275.42820807275575,-0.0007360913385610797,0.0013546173008685634
1971-05-04,-0.011188842566673365,0.000604198056425752,1.1576141529837571,0.0,0.007384096056559665,274.85827935572627,-0.0002487553441423481,0.0026521976046966836
1971-05-05,-0.013221027739977435,0.0004578311901308049,1.1284883143538136,0.0027551017491157445,0.005073036788041983,274.639635405747,-0.0006070363119581325,0.009834381968875662
1971-05-06,-0.01669228666246274,0.00024287368954911743,1.1047308108227403,4.124843468100338e-06,0.000500111709122604,273.17762261011734,-0.0011247594625094517,0.00027637445468454096
1971-05-07,-0.015927846822361487,0.00025315288096497965,1.0778803995998119,0.0,0.00014084859588051922,272.92558834916457,-0.0009300805638823133,0.0016901833350167017
1971-05-08,-0.018111609469699322,0.0002610030147315419,1.0541603677465865,1.2699661955321578e-07,0.0014414941144865112,274.2289739526149,-0.0009473324516567134,0.0004894893720648921
1971-05-09,-0.012370700932155223,0.00037569986224848,1.0285056019008947,0.0005906596674589114,0.0023081713056160233,273.8749143129913,-0.0006983573469570129,0.003501348966749922
1971-05-10,-0.014314612089577369,0.000233472488020773,1.009860338688795,4.791849329646698e-05,0.0001779972749241328,272.63491739391606,-0.0011238170482512921,6.688651392015361e-05
1971-05-11,-0.017491672966776596,0.00022898740687612765,0.9915803668638182,1.7141091958277643e-05,0.0,273.06918673326743,-0.0008982857215707585,5.976073068055063e-05
1971-05-12,-0.022445662715340743,0.0003592971354554603,0.9657736453183853,0.0,0.004205216480008627,275.9840470976749,-0.0007099928755292112,3.823402135439297e-06
1971-05-13,-0.025391996201485568,0.0007496494694618182,0.9263568885357818,0.0,0.008312833027145958,278.1039273213532,-0.0009977657211113111,2.9508306413531835e-05
1971-05-14,-0.017458273781894965,0.0003276409234030772,0.8977754237288136,0.002342288124527635,0.0033462920178801325,275.51541708463105,-0.001019857623903765,0.004001717025277305
1971-05-15,-0.024745691504518868,0.0002596382535783585,0.8923309958362761,0.0,0.0011908483538923965,274.99920118012227,-0.001564267017789143,0.0001564149633744341
1971-05-16,-0.015591116822035301,0.0003534523443987141,0.8679548647893127,0.0,0.0030201627415115547,275.96273459957143,-0.0008829871960784082,0.0006430163235424932
1971-05-17,-0.0144482460399132,0.00024537556925735907,0.8675817572239877,0.004436165852061772,0.00011767941595470839,270.0183330866352,-0.0016335184333351371,0.005596628347290923
1971-05-18,-0.007939962259793687,0.0002285810345310276,0.9095392316972692,0.007501125146271819,0.0,267.4384784016008,-0.0007075100589943471,0.007564241384279984
1971-05-19,-0.011395987354766178,0.0002295347930347852,0.9487143766184087,0.0028412853299224447,0.0,267.7301186419701,-0.0005404016865933009,0.0031415560824722896
1971-05-20,-0.01617409537235896,0.00023047390293940315,0.9552401957538843,0.0002855150670991779,0.0,271.2899003073769,-0.0007588386293605896,0.00033203934166994967
1971-05-21,-0.010355764652712872,0.00023983713597227629,0.9597915103431028,0.001990645745043027,0.0002550911053089099,273.30848418700947,-0.00020765051203595718,0.0034545407793161427
1971-05-22,-0.006972915371932553,0.00033970589691636257,0.9730341852048023,0.007666945015474902,0.0028107870938414237,274.01790772993013,-0.00028596001829804676,0.01076492795162458
1971-05-23,-0.014074565200819135,0.00024093064547932086,1.0054623591248824,0.00451424720007821,0.00015947860428842448,272.4997146017359,-0.0011032059957078622,0.004841959576128637
1971-05-24,-0.018787474787167913,0.00024714602925683145,0.9993140154190208,2.216958140922805e-05,0.00035290169598019055,273.5907479733397,-0.0009167948106335381,0.0012213657467711175
1971-05-25,-0.019014235985817883,0.0005208512315642362,0.9748261590012948,0.0,0.004852615823011614,275.5173667972371,-0.0005372455185752805,0.0014459049970067018
1971-05-26,-0.02320137367410175,0.001236307671514608,0.9388825439912902,0.0,0.00968537856377451,277.23322164316414,-0.0006358444132963144,0.0017922729927154048
1971-05-27,-0.023754488445271206,0.002273301030956419,0.8920194981461866,0.0,0.015941259488042467,279.47374773474513,-0.0005327120612738497,3.961980469978437e-05
1971-05-28,-0.020318489163945623,0.0036536647943453604,0.8393391467308144,0.0,0.016962555736976827,280.6477720508468,-0.00037543129407416624,0.0013255786442934582
1971-05-29,-0.004679384246721106,0.005086368591771961,0.7887937614024247,0.002375873826486243,0.0146149187059389,276.49113728367007,0.00042297251227885316,0.013586048217714223
1971-05-30,-0.004007147446190571,0.0051905408417437715,0.778929284736935,0.0028270520059402384,0.009851003286697099,275.22717547371786,0.00017914734254617477,0.012146958456196094
1971-05-31,-0.00660232517678859,0.001952473895024445,0.7680553716454803,0.001574329063717255,0.009104091337340027,275.0638899758262,5.528193998471484e-06,0.005166452516841404
1971-06-01,-0.013533670223702146,0.0027157056466334288,0.7456969640124765,0.0,0.010188980059603513,275.86574582820117,-0.0002818744745379114,0.0023314533668890415
1971-06-02,-0.020118659372720345,0.0008745179169595579,0.7125936102283429,0.0,0.00543498357305419,276.1764680320036,-0.0009287184441072794,0.0009204229320788481
1971-06-03,-0.021542047923904357,0.004958994644509871,0.6813992430261301,0.0,0.011851464435037247,277.51125468956326,-0.0007131808190106672,0.0037703503154765416
1971-06-04,-0.01605231112847894,0.0017774622824232456,0.6431493956714925,0.0,0.007455952107737968,276.8007094999267,-0.000531922794331265,0.0008367594689299158
1971-06-05,-0.01971612664434196,0.00171901715003838,0.6160792119085452,0.0,0.005788146712854084,276.2352666549539,-0.0009545750316169304,0.0005059592434632979
1971-06-06,-0.015735333248720333,0.003124070285403796,0.5886152306967986,0.0,0.007004855737342674,276.0783382710315,-0.0006448778002864897,0.004191583399955688
1971-06-07,-0.011796747855210708,0.004012548738280259,0.5656469312764831,0.0005334891631441601,0.00901160944821471,275.73313009042977,-0.0003686691081877482,0.005960209610421671
1971-06-08,-0.023357746165014258,0.004387696752440458,0.538063178628178,0.0,0.013725236458125087,278.3810008169343,-0.0006056481625063945,3.5083164839383923e-06
1971-06-09,-0.022028316506894973,0.005297938645896266,0.49424867216925616,0.0,0.014977554922218377,279.78943367866475,-0.0005313601860471365,0.00037907486581035594
1971-06-10,-0.020065299240546036,0.004911621748390845,0.45544709458863,0.0,0.01379217502087523,278.6742095839506,-0.0006229613334108882,0.00017399725603694632
1971-06-11,-0.02034928898016612,0.00579411540664522,0.4166468963335688,0.0,0.013844209244359012,279.4246057449312,-0.0008690676541399148,0.0007551016278508326
1971-06-12,-0.018652558579283246,0.006283583614112295,0.3825364049994115,0.0,0.012762400053315243,279.14871123865277,-0.0007964781995883771,0.0009790977969310083
1971-06-13,-0.02454897980232024,0.007463520697954686,0.3507006514094868,0.0,0.012875922655655165,280.62825248560216,-0.0011567711135593512,0.00012423571812174273
1971-06-14,-0.02684786419073741,0.006454202246531255,0.31916811955626184,0.0,0.010926293514374286,281.55324673697555,-0.0015641181535050697,0.00022313771485913116
1971-06-15,-0.026211310367463,0.006674292397364385,0.29186689876118177,0.0,0.010235567677155727,281.17084063154607,-0.0014853867160230035,0.00012655032473617855
1971-06-16,-0.027662920581418924,0.006496747334798178,0.2683930765213042,0.0,0.00921202646726269,282.17988349354204,-0.0015466631847923086,3.1335357127862944e-05
1971-06-17,-0.02802144950729306,0.007189397842197095,0.24542155867467044,0.0,0.008164876787844352,282.1421861451,-0.0016215300229562206,0.0008178295220358897
1971-06-18,-0.03030508857662395,0.008072032851014434,0.22355855880708572,0.0,0.00932601022686662,283.24785540377803,-0.001766844878846643,0.0003327145583212039
1971-06-19,-0.030320172634838667,0.00806884694907625,0.20121417431732583,0.0,0.008019140968888493,283.5709246727033,-0.0018818962287768136,6.253186955202675e-05
1971-06-20,-0.029632929228456686,0.009492044310785283,0.18131579382944915,0.0,0.009212929755449297,283.4092149429178,-0.0016169687154266121,0.00033750550542696806
1971-06-21,-0.030151055988955636,0.0114805063622146,0.15856128987170434,0.0,0.010867432159724211,285.2320290294295,-0.0016093176742226392,0.00023428602857728626
1971-06-22,-0.03037637190125083,0.013113335448469819,0.1336164169167844,0.0,0.011528065038771282,285.2918826963493,-0.0015843918252378536,0.0004147445759126203
1971-06-23,-0.03453914694866892,0.01920473735548009,0.10742877162782487,0.0,0.011158537729985298,286.99914163564335,-0.0017546285469989993,7.813921418103793e-05
1971-06-24,-0.03449968526423988,0.01227924724419912,0.08306229585981639,0.0,0.010059370285710374,286.09520491188755,-0.0018323663053876262,0.0003490068480671057
1971-06-25,-0.03568647149424096,0.011038770109920179,0.0602815847163371,0.0,0.009755265746412979,286.178968681005,-0.0021846729072894757,0.00027905429823923923
1971-06-26,-0.0352500082746064,0.01068979670098946,0.03881330184792844,0.0,0.007497232512565656,286.56968367481414,-0.0024845715149142654,7.967679509502336e-05
1971-06-27,-0.018042471870190684,0.010016629840694579,0.023323015978107348,0.0,0.005091504441142756,283.2815679022148,-0.0019820333737353823,0.004836783031947949
1971-06-28,-0.0179194661941232,0.008781471326526276,0.015530286311205276,0.0,0.0030593057136751164,280.45278553145533,-0.002339707661188592,0.0038938332243031973
1971-06-29,-0.024203938026886206,0.0076190960609306725,0.0091764230961629,0.0,0.0013824237015961254,280.30630572547125,-0.002290536670572004,0.0015367169163758878
1971-06-30,-0.0317673333368059,0.0069175616832776255,0.006803753236817327,0.0,0.0007104034730270085,279.1738612862855,-0.0023477442752001653,3.000844117195811e-06
1971-07-01,-0.03403035660753143,0.006378149245418399,0.005001434498587571,0.0,0.000913357625236619,282.34215245363634,-0.0026464158363934966,0.0001093672308779993
1971-07-02,-0.03735487230416746,0.005866094497637561,0.0029287679496233523,0.0,0.0007224356345200945,285.8729319743069,-0.0026606381213092538,1.286897955143855e-05
1971-07-03,-0.027133114215007616,0.005424967677579762,0.001441854990583804,0.0,0.00040336740387361604,283.7621190238134,-0.002265631784237711,0.0011938869261723733
1971-07-04,-0.029227965000995813,0.005033325088226189,0.0010363332744821093,0.0,0.0001724733008166491,281.1675123009978,-0.0022094958319754925,0.000723122339886262
1971-07-05,-0.03245413867430499,0.004687483112017314,0.0005406956214689266,0.0,0.00010922235452522666,282.3757656837363,-0.002353597721768975,2.698751823753949e-05
1971-07-06,-0.03847296439153327,0.004386146358177486,0.000382992731873823,0.0,7.85766642982677e-05,285.36553266852144,-0.0027022315557562026,0.0002582483652376228
1971-07-07,-0.03555919192099976,0.004120888514707318,-7.3453647229951e-24,0.0,4.35504536170744e-05,284.160025993534,-0.0023528937523984643,0.0005971473825803686
1971-07-08,-0.024280544138897613,0.003917054604675811,-7.3453647229951e-24,0.0,2.0702995654553344e-05,282.1439264768037,-0.002466518537136121,0.0030621508420474214
1971-07-09,-0.0315555968863816,0.0036826015023861906,-7.3453647229951e-24,0.0,1.1936587802434372e-05,285.2845061458437,-0.0026646340160635905,0.0007582097403697476
1971-07-10,-0.039078759482014655,0.0034891586687605266,-7.3453647229951e-24,0.0,5.915866228146743e-06,286.75547531903806,-0.0027612249214349497,0.0003504256743146065
1971-07-11,-0.04016031619519164,0.003319494299969431,-7.3453647229951e-24,0.0,2.6643823432383566e-06,286.86533178268405,-0.0027360791961352033,0.0007307761806552694
1971-07-12,-0.031990336959308155,0.0031658315052420405,-7.3453647229951e-24,0.0,1.2863827290508034e-06,284.6881096367557,-0.002476058458372698,0.0009801593372327562
1971-07-13,-0.035046937396634094,0.0030169964341794035,-7.3453647229951e-24,0.0,6.266906436553783e-07,285.15628085163354,-0.0024421140025396135,2.139116354311808e-06
1971-07-14,-0.034701235844927326,0.0028861097696810797,-7.3453647229951e-24,0.0,3.0033837603983907e-07,285.35816626539787,-0.0023358977626019954,8.542765011969425e-05
1971-07-15,-0.03394673028066334,0.0027647057158798824,-7.3453647229951e-24,0.0,1.3366846714989614e-07,285.5805476704111,-0.0023263054557860234,8.623975418231566e-07
1971-07-16,-0.03824289677675161,0.0026573255910711776,-7.3453647229951e-24,0.0,6.766558366980257e-08,288.2099546119992,-0.002215952344112477,0.0007043656992997255
1971-07-17,-0.03201488607515723,0.0026416240607277826,-7.3453647229951e-24,0.0,2.2688491196282166e-08,288.44869102865965,-0.0031239549329472806,0.009594240507826689
1971-07-18,-0.029457081340800575,0.002463667322013338,-7.3453647229951e-24,0.0,8.250360435011697e-09,285.03980694427776,-0.0026495624017917507,0.0012062064862380657
1971-07-19,-0.03155644208529575,0.002372138917782886,-7.3453647229951e-24,0.0,4.125180217505848e-09,284.1020841544631,-0.002354744842833719,0.0008505518995208525
1971-07-20,-0.03316768027294827,0.0022835596806585453,-7.3453647229951e-24,0.0,0.0,285.87172152991576,-0.0024231145274167683,9.051817284641629e-05
1971-07-21,-0.02648768174109486,0.002267480317482167,-7.3453647229951e-24,0.0,0.0,286.54213733277976,-0.0022715306130506228,0.006235190533886253
1971-07-22,-0.02032080031720932,0.0024261397998885247,-7.3453647229951e-24,0.0,0.0,284.1542752691582,-0.003207014494780767,0.012195039805617092
1971-07-23,-0.02496263186978755,0.0020729537400822184,-7.3453647229951e-24,0.0,0.0,284.5558866296111,-0.0025775056953231497,0.0008870652839962374
1971-07-24,-0.02535112471567036,0.002070412292318829,-7.3453647229951e-24,0.0,0.0,285.5945068905358,-0.003062570483376414,0.006863923598041696
1971-07-25,-0.01020732534638906,0.002152256709707659,-7.3453647229951e-24,0.0,0.0,281.4225569399961,-0.0031973222786255474,0.01639490268990269
1971-07-26,-0.021629925333173934,0.0019505357338210282,-7.3453647229951e-24,0.0,0.0,279.9748182745752,-0.0024616717555597007,0.0017919496954481998
1971-07-27,-0.023914097855656836,0.001922828750421772,-7.3453647229951e-24,0.0,0.0,281.58247509110447,-0.0023226369077623903,0.006255893973307422
1971-07-28,-0.010391038689909683,0.0018755139435751964,-7.3453647229951e-24,0.0,0.0,279.9213713019132,-0.0028821972098811875,0.006704940078519885
1971-07-29,-0.02007022929393639,0.0017642457943178166,-7.3453647229951e-24,0.0,0.0,279.1834376814676,-0.002159714788240565,0.0005344493584043011
1971-07-30,-0.03250512493363882,0.001718723167807369,-7.3453647229951e-24,0.0,0.0,282.19468935375613,-0.0024589341880995675,8.93888825096627e-06
1971-07-31,-0.03066195366577914,0.001684738165241177,-7.3453647229951e-24,0.0,0.0,284.25589908448995,-0.0023296083044786913,0.0007417690618213825
1971-08-01,-0.025899117528381997,0.001671713371734835,-7.3453647229951e-24,0.0,0.0,284.1651558633578,-0.0026821583446304683,0.003124321131468379
1971-08-02,-0.030012442398879492,0.0016257087726377498,-7.3453647229951e-24,0.0,0.0,285.5483252171519,-0.002761671603736231,0.0021868853245751337
1971-08-03,-0.02800864259065208,0.0016259907160775136,-7.3453647229951e-24,0.0,0.0,286.3190572957759,-0.0027614016569940387,0.004786752716399526
1971-08-04,-0.02581440838380049,0.0017124044019623667,-7.3453647229951e-24,0.0,0.0,286.87123893119974,-0.0028732876677465976,0.00693943018967149
1971-08-05,-0.03049601728128175,0.0015296738194880515,-7.3453647229951e-24,0.0,0.0,287.3752276102702,-0.002770196288655707,0.0023762056849873287
1971-08-06,-0.03224501577811052,0.0014924334604187876,-7.3453647229951e-24,0.0,0.0,288.04116425092167,-0.00281565549578202,0.002187774807181975
1971-08-07,-0.03206229184643697,0.0014483771250072845,-7.3453647229951e-24,0.0,0.0,288.1989871849448,-0.002659645336706423,0.0006270653138644108
1971-08-08,-0.021267253800300555,0.00205033453507612,-7.3453647229951e-24,0.0,0.0,287.18397876143234,-0.0024598280630879483,0.00952465066519061
1971-08-09,-0.024322211826588475,0.0015607747317707473,-7.3453647229951e-24,0.0,0.0,286.4139219524721,-0.0028175083120579774,0.003369431222894512
1971-08-10,-0.031048746348100866,0.0013656478985554757,-7.3453647229951e-24,0.0,0.0,285.939603245191,-0.0024706938246128254,0.0004699714439687183
1971-08-11,-0.03138171342638253,0.0013369741076129978,-7.3453647229951e-24,0.0,0.0,286.57911678536914,-0.0024498764551797152,0.00011288014230130703
1971-08-12,-0.033508908108802846,0.0013152637050650215,-7.3453647229951e-24,0.0,0.0,287.1730105549153,-0.0024518020619443584,0.0005234179691056612
1971-08-13,-0.03526661275638699,0.0012872793243429756,-7.3453647229951e-24,0.0,0.0,287.918351132093,-0.0024835211093311256,3.0778823777304985e-05
1971-08-14,-0.03550631628703264,0.0012632446773981644,-7.3453647229951e-24,0.0,0.0,287.19319786818915,-0.00252216131463226,1.7174880397472967e-06
1971-08-15,-0.03780268982978864,0.0012396993273395603,-7.3453647229951e-24,0.0,0.0,289.51731170323836,-0.0025657334149220574,3.275566621205709e-06
1971-08-16,-0.03467209767655465,0.0012609736394074006,-7.3453647229951e-24,0.0,0.0,288.60353067545344,-0.002684895827903249,0.004488025142636757
1971-08-17,-0.03203715076722668,0.0012074865527072196,-7.3453647229951e-24,0.0,0.0,287.9614236655658,-0.0025081410688363903,0.0014820254623553173
1971-08-18,-0.03115724890077182,0.0011753244588604082,-7.3453647229951e-24,0.0,0.0,286.5418614532988,-0.0022326751722622725,0.0002278114106202518
1971-08-19,-0.03284225596041329,0.0011668748269646856,-7.3453647229951e-24,0.0,0.0,285.5367327436889,-0.0023765029585630882,0.0016216348074274095
1971-08-20,-0.035711362242361926,0.0011347663604607016,-7.3453647229951e-24,0.0,0.0,287.20628532582083,-0.002276587163198129,0.0003446660808574545
1971-08-21,-0.036226776149650086,0.0011122828654650241,-7.3453647229951e-24,0.0,0.0,288.0649369449939,-0.0022310433267368436,8.470762579857925e-07
1971-08-22,-0.03562101936441357,0.0010924165026616245,-7.3453647229951e-24,0.0,0.0,288.39181309500657,-0.0021884939343915825,1.6805647406975325e-06
1971-08-23,-0.024451821242685374,0.0011086071615165238,-7.3453647229951e-24,0.0,0.0,287.3245521624434,-0.0020312146878259333,0.003852189484141902
1971-08-24,-0.02586108690264535,0.0010555592802284801,-7.3453647229951e-24,0.0,0.0,283.36792637668765,-0.0019594833496852783,3.6175944642643335e-05
1971-08-25,-0.03120129757513435,0.0010373046842672058,-7.3453647229951e-24,0.0,0.0,286.3280955276921,-0.001957317161778946,2.6714199359019122e-05
1971-08-26,-0.03264097919908621,0.001023029456030851,-7.3453647229951e-24,0.0,0.0,288.2343177508051,-0.00190021836930244,0.0005429796718935981
1971-08-27,-0.030550762169105187,0.0010238686355493838,-7.3453647229951e-24,0.0,0.0,288.0465074851689,-0.0022163564960161848,0.0027335434309043454
1971-08-28,-0.02715972798355555,0.001057307767329243,-7.3453647229951e-24,0.0,0.0,287.887516908951,-0.0022221667386886092,0.00701074994216389
1971-08-29,-0.011882248908112953,0.0010268411225518265,-7.3453647229951e-24,0.0,0.0,285.86184689868423,-0.0026472702117289527,0.006663503114786526
1971-08-30,-0.016394119351933908,0.0010609221828859407,-7.3453647229951e-24,0.0,0.0,283.67922134543096,-0.0030156550350162272,0.010220675847828735
1971-08-31,-0.027971125423571486,0.0009444196850566541,-7.3453647229951e-24,0.0,0.0,285.0577961334401,-0.0021727302843062893,0.0004814221696201689
1971-09-01,-0.0375467191139857,0.0009258467767198209,-7.3453647229951e-24,0.0,0.0,286.0459546126889,-0.0023294173044252535,-3.6672672983724294e-09
1971-09-02,-0.04370470757538317,0.0009135709980786858,-7.3453647229951e-24,0.0,0.0,287.2593380412589,-0.002559025661420014,0.00034300826353412546
1971-09-03,-0.009808643221181666,0.001031668593654525,0.0011924269509180792,0.003095793269448361,9.864563448617687e-05,280.8139083991617,-0.00216013566185694,0.015363497587508403
1971-09-04,-0.005997875989493679,0.0009788734427953172,0.036672818458686446,0.005916563615118718,0.00266449156580335,275.0632894519583,-0.0021731665326377094,0.011669199676425629
1971-09-05,-0.018487909082639017,0.0009232233725698655,0.035980626912664786,3.222336119177651e-05,0.0026918896026698886,278.0233561018317,-0.0019004782714412713,0.0008283515088813941
1971-09-06,-0.026550710327544455,0.0008906512863218449,0.01856963019362053,0.0,0.0018971087358428933,283.01346164638716,-0.001921939710944386,0.0
1971-09-07,-0.013236079512342897,0.0009614425358799218,0.007404679407956686,0.0,0.0008760703948594756,282.28824098231433,-0.002432983326541502,0.008488767177326181
1971-09-08,-0.01564421319523774,0.000857611413055894,0.0032860132709510367,0.0,0.0003924409590535245,280.0244521053049,-0.0019146152587849543,0.0010362531842484986
1971-09-09,-0.025402533679695458,0.000832078568005966,0.00135449770480226,0.0,0.00015976151588272916,283.07802001680136,-0.0018525832769392574,1.2896805969830893e-06
1971-09-10,-0.026912710929321036,0.0008204217347721596,0.0004956376530131828,0.0,6.115605980999725e-05,283.7218747866356,-0.0019072191210958247,8.572565661779663e-07
1971-09-11,-0.02863404222127408,0.0008104017562111892,-7.3453647229951e-24,0.0,2.7836274124134734e-05,285.93419711872684,-0.0020074466306526785,2.723124061977784e-05
1971-09-12,-0.030851115235837844,0.000800843461085174,-7.3453647229951e-24,0.0,1.0172305049869301e-05,284.5522424766124,-0.0020661975209743293,4.975286676732605e-05
1971-09-13,-0.030945117022358092,0.0007910549977404925,-7.3453647229951e-24,0.0,2.932708478916837e-06,285.281752487585,-0.0019951159408116074,1.2703580409834103e-09
1971-09-14,-0.02098891888297884,0.0007862076584228688,0.008537335584392656,0.004550265116711795,5.865854732060837e-05,277.2448229565235,-0.0012877527940071236,0.005103939304785404
1971-09-15,-0.01343259358473417,0.0007760602202119127,0.03375025747410546,0.0057767551750113055,6.426222580300886e-05,270.9790358103377,-0.0010023468074067839,0.006001970492054741
1971-09-16,-0.006160081948264171,0.0007665627083535923,0.07737441700506122,0.005132557287559672,0.0,267.78312889645105,-0.0005456903570536841,0.005229222353409698
1971-09-17,-0.007358717127034894,0.0007600793562366466,0.10558484323505178,0.003797955305899604,7.980296882869161e-05,265.6955526175921,-0.000534244849856964,0.003868467651119192
1971-09-18,-0.00898615296109248,0.000752449877518045,0.12580161804084275,0.0012664694949395241,4.286226411323763e-05,266.14720102802283,-0.0005970451938735564,0.0012828123831809537
1971-09-19,-0.012727118818099892,0.0007710796965044097,0.11818245350753297,8.163647463092697e-06,0.0020354224084797555,269.87305220551866,-0.0008234008199582667,1.0998403901838194e-05
1971-09-20,-0.004888471657946958,0.0007406213862747796,0.11441390617643597,0.005527661281958812,0.00013598772344616177,270.46026211539237,-0.0005556783391594215,0.006093740255253278
1971-09-21,-0.008037485645315742,0.0007324904035040215,0.1477554235081215,0.0015854235043970205,0.00011914597013912633,267.9808992217041,-0.000729695078259134,0.0016768925057601342
1971-09-22,-0.01211027018094467,0.0007427198401952195,0.14450067494997645,0.0002530280521697244,0.0014532915405971183,269.3958479635236,-0.0009855486841946,0.0002547348623172139
1971-09-23,-0.015700627686613698,0.0007705254911702905,0.12543126912664784,0.0,0.003981929198749322,273.0439739586495,-0.0011992675467988867,4.3436197927348985e-07
1971-09-24,-0.01878415469059163,0.0007689675200456954,0.09581140205685029,0.0,0.004147414612652218,275.9607384065675,-0.0014460257407130496,0.0
1971-09-25,-0.022992196982189763,0.0007463195229654259,0.06726763881532487,0.0,0.0029093878459458974,278.26850278678364,-0.001718962091510579,0.0
1971-09-26,-0.016387276309358198,0.0007224684044466181,0.04994882702153955,3.1451931444265075e-05,0.0005678583231181074,275.8236184057319,-0.001845437570311929,0.0024475909390237237
1971-09-27,-0.01419846385212268,0.0007047340021295063,0.04649361648128531,0.0008621467750961499,0.000563208224241343,273.70950832833904,-0.0013374511973332551,0.0019642425121893046
1971-09-28,-0.015433227232957293,0.000685982784982455,0.05041388962452919,0.0005368014302967632,0.0001256514950997412,271.05001492688893,-0.0010527164207003211,0.0005939987081916183
1971-09-29,-0.019401924253183572,0.0006809568001052081,0.047468799655720345,0.0,0.0002005566648170773,273.7883508039284,-0.0013352740703329528,0.0
1971-09-30,-0.007931471965407248,0.0007122211200369282,0.04335588070856874,0.001922196734928142,0.0013090813753463457,274.80674121519047,-0.0010296473816289742,0.004297692391831996
1971-10-01,-0.002482409531113792,0.0006776465534490381,0.12364826094632769,0.0205999403392191,2.432298862327964e-06,271.6933827732467,-0.0005343460114830632,0.022218431069250217
1971-10-02,-0.005803662126010421,0.0006617465093310944,0.31034986133180326,0.02821139999702152,0.0,268.99648256535363,-0.0006526941696634401,0.02826078414564417
1971-10-03,-0.009422285661185529,0.0006565022266517252,0.36581622050082396,2.5606635263410666e-06,0.0,271.15453892508475,-0.0007640961873329292,3.848481264931817e-06
1971-10-04,-0.007862156183369417,0.0006748120495155034,0.3448461040489642,0.0,0.0016981348458488111,272.6736418980888,-0.0007176345982457285,3.6828598733675686e-06
1971-10-05,-0.008742955571177316,0.0007250867994491664,0.3130956387564737,0.0,0.005381231064681953,274.7589626527776,-0.0005737204357223996,0.00018463077518226064
1971-10-06,-0.010703503369948287,0.0007741877251425705,0.26296290165960456,0.0,0.008345888853914995,275.7706583924662,-0.0008768601406176213,4.351138045421976e-07
1971-10-07,-0.007068287223409125,0.0007466268067979544,0.21567870174199624,0.0008965093368864328,0.004734921305950752,274.6812606208069,-0.00046282998775526636,0.0028078356368620924
1971-10-08,-0.01136594261490019,0.0006473668887790314,0.1946616882209275,0.0,0.0009153451728450378,272.7913146584721,-0.0011138318916835356,4.385352762728666e-06
1971-10-09,-0.011879576254362442,0.000760949264138432,0.17682080170080042,0.0,0.007508124009111507,276.2456798840827,-0.0009201803049967115,1.28698457046994e-06
1971-10-10,-0.01181909736603667,0.000757279705866582,0.13101271002530604,0.0,0.007072332267791539,278.4876195401122,-0.0009182439538213493,8.52346317969932e-07
1971-10-11,-0.011035705732423708,0.0008440751813899326,0.09276998918608757,0.0,0.005496471509926737,278.2271653981757,-0.0008008592304284291,0.0014181110145008499
1971-10-12,-0.010449283751054,0.0007486089137987902,0.07478105505532015,0.002049753242461695,0.0007234704759666476,274.7997881679212,-0.0011742934689851806,0.00689247639502012
1971-10-13,-0.011827924157266564,0.0006664581386382971,0.07471047956391243,0.0,0.002521162736887313,275.75858557965125,-0.0010639856237981279,1.7272207060159417e-06
1971-10-14,-0.0071297958914169485,0.0006141744259387087,0.08485357999352637,0.012989634237552096,1.4917767148906904e-05,273.3475438385585,-0.0005532470505453099,0.013260255341475968
1971-10-15,-0.002670466857778151,0.0006118095190511586,0.20515145914253768,0.00785031266468393,-8.31350094854495e-10,269.96098531302766,-0.00038527308484423634,0.007976179405794306
1971-10-16,-0.005494749015670712,0.0006700852664850526,0.23569248580214222,0.004224717069817129,0.002953374684698838,272.05594484505235,-0.0005171480193986731,0.0045804808536142145
1971-10-17,-0.006709515964244046,0.0006563586872176262,0.21969138969809324,0.0009993936466631916,0.001927599321398358,273.60257972746024,-0.0006339655410351053,0.002249579664358839
1971-10-18,-0.002418558034351317,0.0006114408626394758,0.2616927727018597,0.019131127008273775,1.9994495952196718e-10,270.7857142626229,-0.0004072081781713303,0.019787733433608883
1971-10-19,-0.007556092204515544,0.0006087906448181066,0.34688152880767426,0.0006321078471544772,8.097577229731501e-05,268.423572112836,-0.0007301558461566429,0.0006344731865144657
1971-10-20,-0.009067868445552676,0.0006251424382635429,0.3337223031426554,0.0,0.0010399729287051886,271.8703243988382,-0.0007794674927905456,4.351138045421976e-07
1971-10-21,-0.0042343962158860465,0.0006133088115918434,0.3151232473369821,0.0005549870136767458,0.00041215552153897156,271.1882550262911,-0.00045103013599659766,0.0006221641254622788
1971-10-22,-0.008271866767419934,0.0006259497949632548,0.30571463777071567,9.669969647617665e-06,0.0011700792606435925,271.3062872877678,-0.000685117823087563,1.0820499213644269e-05
1971-10-23,-0.008348055015512779,0.0006434845890702501,0.2870061554702213,0.0,0.002126809325342798,272.5599411319654,-0.0008581139852350715,2.5644351780677214e-06
1971-10-24,-0.010352924676601497,0.0006416349087731313,0.2637900372233993,0.0,0.002026828553127704,273.72373883737686,-0.0009845784302316817,1.2993811537853617e-06
1971-10-25,-0.006744037829549973,0.0006263321739132122,0.24491810484345578,6.109932805858764e-05,0.0012507411824949717,273.1343282782201,-0.0007276081369589953,0.00032475253956466073
1971-10-26,-0.008982026055034271,0.0006384532162025151,0.22867493710275427,0.00020495183387045135,0.001682053451652581,272.37244269448263,-0.000653753278114028,0.00047343665699463864
1971-10-27,-0.0021957326154250886,0.0006003230810165405,0.2876390360169491,0.017411102472388813,0.0,265.9364605380991,-0.00042981868030997995,0.017534412468803107
1971-10-28,-0.0020962826444604304,0.0005998038976205945,0.48579087769244356,0.011644122017137076,0.0,256.7880986100536,-0.0003200287925405691,0.011650644050819673
1971-10-29,-0.002540815263818213,0.0005993262185888776,0.539400204875824,0.0017810329836977406,0.0,258.12888755367305,-0.00026183576444111303,0.0017853144751027578
1971-10-30,-0.003307976502146424,0.0005988056881953094,0.5142346398305084,0.0033434708576417916,0.0,262.24274856222553,-0.000349803575140945,0.0033485306858342927
1971-10-31,-0.004357931809236775,0.0005982521563600013,0.4917847369350283,9.194239553085154e-05,0.0,262.99084598735226,-0.00034370470665774107,9.712670457189153e-05
1971-11-01,-0.004319738828192997,0.0005976970249650169,0.4772243463835923,0.00020274614631119424,0.0,263.3234015929946,-0.00035865654337540864,0.00020431966667265546
1971-11-02,-0.004316706189327995,0.0005971386944506802,0.4815211754060735,0.0020709330963212895,0.0,261.92143892119384,-0.0004329398579600841,0.0020769357848739625
1971-11-03,-0.004828512794890647,0.0005965836893367229,0.48196026071092285,0.00012628561527715566,0.0,263.7791301490223,-0.00038883996085595284,0.0001283731669924355
1971-11-04,-0.00889197286576201,0.0005959221030359214,0.46935483426024016,0.0001074036762202527,0.0,271.3399747931127,-0.0008710795687248479,0.0001088275579409411
1971-11-05,-0.005228249492955073,0.0005951909358892064,0.4876400934998824,0.004728848146179975,0.0,261.7186545643205,-0.0006430867933115717,0.004731302628409392
1971-11-06,-0.003784631142171763,0.000594545050529437,0.5173073174140773,0.0011276935495562474,0.0,259.51893947263676,-0.0002924416340508704,0.00112974374307751
1971-11-07,-0.00633468340008946,0.0005938794653294451,0.5081616992555321,0.0,0.0,266.4696364465631,-0.0005591863524273964,4.261732051702438e-07
1971-11-08,-0.006285651129181102,0.0005930499673563208,0.49382200079449157,6.589470273357328e-06,0.0,267.44262405797815,-0.0005315444142804981,8.630718774849173e-06
1971-11-09,-0.005936233042660407,0.0005922718236675371,0.48169129222575335,0.0,0.0,268.11069627535545,-0.0005138090595939739,0.0
1971-11-10,-0.0077669484972280305,0.0005946575248308775,0.46780585165077687,0.0,0.00018886271548473232,272.2729507597153,-0.0006284346004242952,2.1480627765413374e-06
1971-11-11,-0.007229917761632952,0.0006024514214467195,0.450100139036017,0.0,0.0006984967506874753,272.5529108460565,-0.000648305846094075,8.598912017987459e-07
1971-11-12,-0.007136025713325221,0.0006006143692523073,0.4296829022481168,0.0,0.0006335542489916591,273.4189743142568,-0.0007054561875381713,8.463859657581452e-07
1971-11-13,-0.002715377821087164,0.0005886403180785099,0.4187494482697741,0.0031888100218638196,0.0,270.03070285674994,-0.00037081794823798754,0.003714250474326355
1971-11-14,-0.0024254569141878247,0.0005877283165010356,0.43430364289077217,0.0013175070454171823,0.0,266.33911284394634,-0.00022494878704096638,0.001323352394457599
1971-11-15,-0.0018317870753633103,0.0005868245652839964,0.43644274695444923,0.0005674706087947566,0.0,265.9373557167987,-0.00018429903492415693,0.0005741336463368904
1971-11-16,-0.0017661245192511607,0.0005859160153879285,0.44750493798552266,0.0035893840473250485,0.0,266.23701461246014,-0.00022457825219900595,0.003592420319789024
1971-11-17,-0.0027241272020474667,0.0005850157158522957,0.49369372351694923,0.004080579526680337,0.0,262.2976106295253,-0.0003515988756707833,0.004083550313007333
1971-11-18,-0.0018891599976410302,0.0005840310605905823,0.5180397392890772,0.0016000204966903405,0.0,257.369596039508,-0.00015728414521715736,0.001602895886108754
1971-11-19,-0.0033840573271789118,0.0005830232538072403,0.5270122520892184,0.000650127013187624,0.0,263.501613807319,-0.00017677379066998006,0.0006533450326003597
1971-11-20,-0.003274082506107072,0.0005819840451418343,0.5183670992231639,0.00039883101053830595,0.0,270.72891914238363,-0.0002291333666965786,0.00041087331463762446
1971-11-21,-0.004361041184872558,0.0005809067837936058,0.5041446434351461,2.5268686188142852e-05,0.0,270.16965404876885,-0.00029949382957765615,2.9393227061703686e-05
1971-11-22,-0.002940694701536901,0.0005797749690416843,0.4900720743585217,0.0007459892349391333,0.0,269.2104784108825,-0.0002600256995545269,0.0007501256950542026
1971-11-23,-0.0030293775311971112,0.000578651404650198,0.5005841443767656,0.0017451060525441574,0.0,262.5711209033169,-0.0003837850576235076,0.001751079714660134
1971-11-24,-0.003341331951699014,0.0005775179903386003,0.4989730921168785,1.2265002660158666e-05,0.0,264.9521427549661,-0.0001385746586878421,1.4971474464744489e-05
1971-11-25,-0.003182897333708187,0.00057633002262331,0.49165232168079104,0.0014341898304594438,0.0,266.5061475211393,-0.000251007529428113,0.001472012340505734
1971-11-26,-0.0033601800263938254,0.0005751668059893249,0.5505577992584747,0.0065042635394355,0.0,262.8889558041388,-0.00030423893914215984,0.006544503603186957
1971-11-27,-0.0008930608125056251,0.0005739482361718087,0.5821379178436913,0.010512522742741526,0.0,265.5738308075008,-4.603490654358083e-05,0.01051709227638223
1971-11-28,-0.0020215232661888426,0.000572748692695704,0.6672269027336394,0.0021418467963819454,0.0,262.3703144274638,-0.0001993470925227397,0.002145245848252175
1971-11-29,-0.002056069082796237,0.0005715118963166147,0.660193032015066,0.0009013141826384486,0.0,260.40153208515295,-0.00012305549393265935,0.0009054687404333974
1971-11-30,-0.0016685929675560214,0.000570231322514809,0.6744035336481875,0.0018965413341414457,0.0,260.7670996929967,-6.885588232238414e-05,0.001900933135700765
1971-12-01,-0.003039927890071761,0.0005689672494338731,0.6768509169756357,0.00014137421960884567,0.0,259.6021107926881,-0.00013776650747000164,0.00014301089631649867
1971-12-02,-0.0027303454481949242,0.0005676254714276158,0.6653344680584982,0.0,0.0,258.2654192182753,-0.0001295654702994783,4.4336416497720935e-07
1971-12-03,-0.0017324725197533433,0.0005662786421802759,0.6559442494997647,0.00035960319857139376,0.0,258.90655191425105,-8.214496623324811e-05,0.0003624455740222824
1971-12-04,-0.0020700867819247273,0.0005649286138135835,0.6822882183527543,0.0023437233925875972,0.0,260.17212218304365,-8.784785424753773e-05,0.0023480717070909814
1971-12-05,-0.001542984807895402,0.0005635785854468912,0.6862406757591809,0.0018595910004976784,0.0,259.80382668231164,-6.290563082290908e-05,0.0018651667773086067
1971-12-06,-0.0015312365051043239,0.0005621689524354235,0.6939982326241761,0.001725769249227761,0.0,263.50127442498217,-3.315034811779604e-05,0.0017356136760574277
1971-12-07,-0.001802270316471488,0.0005607428187030857,0.7461514517861346,0.004773257121359562,0.0,255.11581316012226,-0.00034038314206452023,0.004777006678662058
1971-12-08,-0.0018192056545429985,0.0005593182845304241,0.756996169153131,7.623648744518475e-05,0.0,251.84501790551369,-6.205282347687222e-05,8.165470028300552e-05
1971-12-09,-0.003784314218887502,0.0005578672734357544,0.7490197592984935,0.0005833548046438034,0.0,262.0216152708409,-0.00010145899687109693,0.0005864072309158331
1971-12-10,-0.003332912080032004,0.0005564378143030372,0.7362534115318974,0.0003764766589396418,0.0,258.19015811841143,-0.00035906154767604876,0.00038796461234658455
1971-12-11,-0.0023347387290270317,0.0005549387743244063,0.7280707925052968,0.00012149592324838801,0.0,256.2890671947357,-0.0001388159185900527,0.00012379046264647571
1971-12-12,-0.00176927308409901,0.0005534876369487095,0.7216960095191856,0.00027140586684315895,0.0,255.34443562897363,-8.278949933368608e-05,0.0002777095736756836
1971-12-13,-0.0013745286538776032,0.0005519654454484498,0.7227059057203391,0.0010920053737311713,0.0,257.5907722947288,-4.7252687104677755e-05,0.0010981610438521392
1971-12-14,-0.0008321309746321986,0.0005504565555497079,0.7245762711864406,0.0003408520866585317,0.0,258.0745652265244,2.268901736722828e-05,0.0003449996805938546
1971-12-15,-0.0020071390995198054,0.0005489128120874955,0.7362032960363702,0.002133883788424023,0.0,260.0847206834122,-0.00014235880646833594,0.0021392128561167527
1971-12-16,-0.0022954233622146866,0.0005473624178245244,0.7448912079949388,0.0005199985399758075,0.0,255.87696966253878,-0.00016049348807099177,0.0005226937727512208
1971-12-17,-0.0027205388845696963,0.0005457955228406831,0.7387670024864643,0.00022485376582980833,0.0,263.83647344700586,-2.0139098251606786e-05,0.00022593679401160637
1971-12-18,-0.003309247857433255,0.0005442020246538066,0.722779699638065,0.0,0.0,265.9251353808042,-7.064000171961759e-05,1.2845364949498617e-06
1971-12-19,-0.002966591783162565,0.0005426452321521307,0.7056597406132298,2.585991291003039e-05,0.0,264.41973843547584,-0.00016582193179319135,2.8575726325681572e-05
1971-12-20,-0.0026083972915417735,0.0005410384323637365,0.693206039974694,0.00030902055444690475,0.0,262.3444405607809,-0.00017425722553063248,0.0003148436018798203
1971-12-21,-0.002598771772815683,0.0005394185835358787,0.6833732877971987,1.1077245413246802e-05,0.0,262.4894661050283,-8.607865705833597e-05,1.477459876231206e-05
1971-12-22,-0.00262037437346022,0.0005377803818654207,0.6713418906691384,6.74584827854135e-06,0.0,266.1257619372869,-8.494657395923205e-05,8.809930425235055e-06
1971-12-23,-0.004216495754018342,0.0005361405806352863,0.6560044800494351,0.00018279778502755246,0.0,268.75666224664667,-0.00015376250412167802,0.00019066519059917307
1971-12-24,-0.003637379298439134,0.0005345074302059109,0.6406902880767421,1.2050051305253628e-05,0.0,265.3277305631764,-0.000349126645695355,1.4035210097576938e-05
1971-12-25,-0.003033304071359042,0.000532846077013824,0.6279802627707156,1.812280066269266e-06,0.0,269.1641612474977,-1.8174175993870884e-05,2.205669875365857e-05
1971-12-26,-0.0019574863257381205,0.0005311698226605432,0.6331534233021422,0.008356589550352365,0.0,268.75632625155976,-0.00010718041662610856,0.00847781377980049
1971-12-27,-0.001654515495408053,0.0005294555156244397,0.6728669649688089,0.00010382998629478414,0.0,260.67052559933427,-0.00018420846511920294,0.00010717292280854461
1971-12-28,-0.0026804633901617624,0.0005277792612711588,0.6646567594309087,0.0,0.0,260.0555283497956,-9.466458827593906e-05,0.0
1971-12-29,-0.0018451388946360788,0.0005260748041551667,0.6606153355255415,0.00034721749229619733,0.0,261.14820999389764,-6.164117889889216e-05,0.0003483752862292403
1971-12-30,-0.0018929447242095646,0.0005243918990011269,0.6598102691707863,0.00035666030342296017,0.0,258.0537676694479,-0.00014588549880489792,0.0003606813438868119
1971-12-31,-0.0018533532649783766,0.0005226658899231819,0.658274160266596,0.0003485086737042767,0.0,260.3402750694146,-4.0523997260689066e-05,0.00035219652167821336
1972-01-01,-0.0019365526356939547,0.0005209465316459958,0.6990805875559087,0.005983866961662379,0.0,259.89153678089434,-0.00020076436027463546,0.005988191261798391
1972-01-02,-0.001302345155996118,0.0005192287729284858,0.8423690652218692,0.015891649123639037,0.0,260.75184854051264,-0.00016592206738594563,0.015895419824549357
1972-01-03,-0.0013967427914425479,0.0005175176650117346,0.9743810966189973,0.001997977747755536,0.0,249.46300468157472,-0.0002292889133516678,0.0020005550761453446
1972-01-04,-0.0010915100574493408,0.0005157701039718369,0.9686670105785075,6.847622367621816e-05,0.0,248.79863354311155,-1.249095098783741e-05,7.048104433350625e-05
1972-01-05,-0.0013828425336692293,0.0005140456944535682,0.9710812900923965,0.001722257963176501,0.0,257.5553248884988,2.0413712130091284e-05,0.0017269294840371212
1972-01-06,-0.003140272435832159,0.0005123228844949755,0.969496674905838,0.00017969373424174426,0.0,262.6545867345203,-3.244544216300135e-05,0.00018467093243518094
1972-01-07,-0.002755004218069174,0.0005105455211326901,0.9421956839983524,6.197073028586006e-05,0.0,265.2451643252328,-9.167257506968612e-05,6.394489317162521e-05
1972-01-08,-0.004075267683651488,0.0005088144608136624,0.9116673011564268,6.323375102490356e-05,0.0,263.6919316796484,-0.0002832196200382238,6.556733169668792e-05
1972-01-09,-0.004456041222911771,0.0005070567972915995,0.8888665897922552,0.0006206910320594487,0.0,261.02522692707305,-0.00034610443027679533,0.0006254714760053493
1972-01-10,-0.003977784918526472,0.0005052975342098603,0.8923450189795198,0.00410020128313431,0.0,258.879282403576,-0.0004069054509791951,0.0041592225010436
1972-01-11,-0.003478967958250962,0.0005035366715684449,0.9234906500117703,0.001548503583433938,0.0,257.2323055590614,-0.0002213357342670193,0.0015502276359755365
1972-01-12,-0.003390047046761055,0.000501787258406817,1.0072267464100753,0.010836683887209597,0.0,258.99531898570376,-0.000296547093381316,0.010845769360891332
1972-01-13,-0.0012249510082821388,0.0004999997925623662,1.0603613557115112,0.00257321280863999,0.0,250.7142429926526,-0.0002027184065789153,0.002578653033165349
1972-01-14,-0.0011779582601482586,0.0004982338786798683,1.0655289989406782,9.435366860217296e-05,0.0,247.7347516313111,-1.5817698364877434e-05,9.588435879281682e-05
1972-01-15,-0.0014229498088023083,0.0004964695643570464,1.0540155385622647,7.93930921850905e-06,0.0,259.40190097212565,0.0001015994213731949,1.0650448388265936e-05
1972-01-16,-0.0038976944604162444,0.0004946754477118369,1.0315509228607582,0.0,0.0,267.38207545163715,-1.8837761744267524e-06,1.2904404798064206e-06
1972-01-17,-0.004059704725688461,0.000492911133389015,0.9975351452153954,8.309291580976068e-08,0.0,268.4058349810527,-0.00020171727164316987,1.3711256487354636e-06
1972-01-18,-0.004833233137588717,0.0004911186163034817,0.9645871954449154,0.0008016070193153317,0.0,266.26410303277487,-0.00036242998883885856,0.0008062208762239453
1972-01-19,-0.004887004651255527,0.0004893327500187072,0.9355958410575567,0.0005320785619781517,0.0,268.4402774336648,-0.00020933753184679542,0.000533374069412874
1972-01-20,-0.004537703669340597,0.0004875633844548026,0.907574152542373,0.0,0.0,267.4850741420538,-0.0002677747190503751,4.351138613856165e-07
1972-01-21,-0.005159327455159635,0.00048577166714910736,0.8821118026129944,0.0011102384598241687,0.0,268.7531443558171,-0.00022796290468866544,0.001129121427018908
1972-01-22,-0.0029135292532753813,0.00048398740042400907,0.887973476488936,0.006438638909725147,0.0,265.3864234809373,-0.0003855163705045894,0.006554946104293292
1972-01-23,-0.001439987729161473,0.0004822006080783693,0.9322532754384418,0.006568116172727219,0.0,264.7316689284732,-7.12630459986164e-05,0.006590608223437507
1972-01-24,-0.0022885259346099897,0.00048040716493197083,0.9835221170256593,0.0039788553817460765,0.0,259.40167739925636,-0.0004073554744659845,0.0039984617096610305
1972-01-25,-0.0017024816597922374,0.00047864019870758057,0.9929401519832863,4.1486137667618234e-05,0.0,256.8802103735858,-8.732943379946349e-05,4.389436479044181e-05
1972-01-26,-0.000749202939750111,0.00047685248030107576,0.9802052988170905,0.00013178898453038965,0.0,253.67830395025052,3.243091458317924e-05,0.00013712074715290765
1972-01-27,-0.0020691256149340483,0.00047506316233489473,0.9724238336423023,0.0002107592878368615,0.0,254.28869023296122,-1.0266594883412292e-06,0.000213463697033575
1972-01-28,-0.0026738977870025206,0.0004732903450895838,0.9632283298758241,5.4346618510909e-05,0.0,255.01287803362544,-0.0001132971328278046,5.65482123677144e-05
1972-01-29,-0.0016041955789603756,0.00047151087704351395,0.9648173129266715,0.0016422588904361941,0.0,254.07072912097652,-0.00011113429136868925,0.0016503633921999255
1972-01-30,-0.002848541248316146,0.0004697231586370091,0.9740307479254945,7.83453805971954e-06,0.0,256.0511776372762,-5.878718559351345e-06,8.696570212046259e-06
1972-01-31,-0.003916722822324031,0.0004679601913118094,0.9620807310057674,0.0,0.0,260.3133197324649,-5.8032751167561376e-05,2.1427867977763526e-06
1972-02-01,-0.0014816175325442168,0.00046617567202465694,0.9745799493879475,0.0033721616965229234,0.0,255.43447381359033,-0.00021466517052744745,0.0033774438882209212
1972-02-02,-0.001937053213685246,0.0004644044543390221,1.0066490388859466,0.0002419037881207332,0.0,250.3737745087475,-0.00012334330944018177,0.00024433110877838525
1972-02-03,-0.0023279389587499326,0.0004626497373742573,1.0002002320945151,0.0002525400812343016,0.0,254.8238281350576,1.9072539220422e-06,0.0002575478816436509
1972-02-04,-0.004346343125663909,0.00046088171880797474,0.9914146179084277,4.656692851061202e-05,0.0,260.9153241877726,-3.115232970754979e-05,4.742366896873476e-05
1972-02-05,-0.005199350122004579,0.0004591054498812574,0.9756578923169729,8.745701973047634e-05,0.0,264.5698559001341,-0.00015178509056568146,8.745289455025883e-05
1972-02-06,-0.004571953609501575,0.0004573431560548686,0.9633869523157956,0.0007810809223328607,0.0,263.27316555734404,-0.00014984730294363648,0.000785131171593299
1972-02-07,-0.002736565588557788,0.00045559003864977996,0.9550707685969869,0.0021487370049212613,0.0,263.30493324983814,-5.500149087043805e-05,0.0021511202140366828
1972-02-08,-0.004412379263147796,0.0004538410464249088,0.9737128133827684,0.00237256829432175,0.0,264.71314451429583,-0.00010989289099382143,0.002378567160757302
1972-02-09,-0.00289499772302175,0.00045208287777873763,0.9918180706361819,0.005498529911714759,0.0,263.30247085197726,-0.0003023098912195297,0.005502017793568649
1972-02-10,-0.006166992214439953,0.00045033135993332516,1.0076469809322035,3.064566918012113e-05,0.0,259.2893146435869,-0.0002026993854992134,3.169889503953148e-05
1972-02-11,-0.007474235474726575,0.0004485781162472095,0.9907502427612995,0.0,0.0,263.198375867136,-0.0002179178909140792,1.2674579465965508e-06
1972-02-12,-0.006379588007253443,0.00044681342308130643,0.9762091627677733,0.00043588630476240386,0.0,264.3281321372914,-0.00024909796561561735,0.0004384632332622938
1972-02-13,-0.005293579803685011,0.00044506510435524636,0.9589308111905605,0.0001084551762389598,0.0,267.1359458319885,-0.00019347640859373547,0.00011016560068104048
1972-02-14,-0.0041223222673949554,0.0004433069357090751,1.0210121858815917,0.009603346808482027,0.0,262.0254605467486,-0.0004244854116002046,0.009608819053485124
1972-02-15,-0.003678061488994771,0.00044154876706290386,1.0379224874205508,0.0018177303343506182,0.0,260.8454359381437,-0.00017047014697796882,0.0018195914070666876
1972-02-16,-0.005678383475643095,0.0004397937975360849,1.0421356373587571,0.0017036753101537458,0.0,266.1463976103932,-0.00018907035832519585,0.0017069475292923492
1972-02-17,-0.004347878913421415,0.0004380255264077484,1.0455549854343222,0.004054747542924127,0.0,263.87945518206294,-0.0003612095248059365,0.004086560481674962
1972-02-18,-0.005708831851765262,0.0004362623065204944,1.0462729243908897,0.0012409681359590113,0.0,266.04226990967373,-0.00011411243470880272,0.0012437729342832942
1972-02-19,-0.00944238244476965,0.0004345238377145455,1.0263517850311912,0.0,0.0,269.4316380100286,-0.0002927831505651528,2.5826410023910285e-06
1972-02-20,-0.009388721679563576,0.0004327622173869677,0.9996521800700331,0.0,0.0,270.38379294185313,-0.0003594393068450993,8.642663260616246e-07
1972-02-21,-0.00658067113767236,0.0004309888950175485,0.9830119964542138,0.0016441376785100517,0.0,267.4794604019481,-0.0004797396644697351,0.001662812276646296
1972-02-22,-0.0073304677666243875,0.00042924790059105833,0.9692318443973634,1.1500286853919597e-05,0.0,267.7725347457857,-0.0002862419933080674,3.076083454792454e-05
1972-02-23,-0.007123263879010907,0.00042750105514364735,0.9550466303995998,0.0011252876644754144,0.0,264.60007571994475,-0.0006129856268733236,0.0014031111015438361
1972-02-24,-0.005038851651094728,0.00042573678291450115,0.9533617842219869,0.0020944916217003843,0.0,262.1494179346692,-0.00039147588261271606,0.002146803823965993
1972-02-25,-0.00412805605742891,0.000423988211626387,0.972748205037665,0.0019404646956314477,0.0,259.69122305113945,-0.0003114911743392379,0.0019676552652963
1972-02-26,-0.00559927678882739,0.0004222611923002254,0.9782889558321565,1.6942325621674963e-05,0.0,260.37056245462594,-0.00023161271050319837,1.8785715408002276e-05
1972-02-27,-0.009535282429328747,0.0004204844182493997,0.9672405580567325,0.0002417996694139168,0.0,267.40763810080546,-0.00026751167040928614,0.00024448111222159373
1972-02-28,-0.013001274927861272,0.0004187672488433493,0.9482458657015065,0.0,0.0,272.0150074177543,-0.0005348669470282598,8.514356863997818e-07
1972-02-29,-0.008359350390353446,0.0004170782822000105,0.9254322806320622,0.0007589273786140701,0.0,270.1574947371546,-0.0005924519951229042,0.0013823930707995346
1972-03-01,-0.006161515322108727,0.0004153081589499436,0.9622929172551791,0.005862910068978025,0.0,263.1533849647939,-0.0007358155671065138,0.0059543761997905564
1972-03-02,-0.006228182107041785,0.0004135957882229219,0.967909760843338,0.0006469793533538022,0.0,264.02190554703253,-0.00026169517682602176,0.0006519172326120677
1972-03-03,-0.0054946589772984136,0.00041188686917730644,0.9980990594838749,0.009295274456173687,0.0,266.1384744231086,-0.0003881750754633193,0.009345455347705402
1972-03-04,-0.004594734454222319,0.0004101728988906085,1.0538502493820623,0.0028103857306437307,0.0,259.7428822562295,-0.0005100165930508221,0.002816790688601194
1972-03-05,-0.007375132692398999,0.00040848048056586316,1.0685453540636771,0.00048186036489777646,0.0,264.53180469362076,-8.828606519658687e-05,0.0004850462249340121
1972-03-06,-0.0162941775584625,0.00040679631260155284,1.0474752365083568,0.0003534599002135002,0.0,272.5734599844435,-0.0006613568692220807,0.0008034934316010601
1972-03-07,-0.008204816424914,0.00040510549383648376,1.0785753497969632,0.008208236914906799,0.0,262.7793570337098,-0.0009788437667539564,0.008361328894112906
1972-03-08,-0.009391494937198985,0.00040339977391022077,1.0776925814353815,8.475012277479227e-05,0.0,265.40702497263186,-0.00023790859317375442,8.647770571918812e-05
1972-03-09,-0.01287819983932258,0.00040172545586602166,1.0580052377589455,0.0,0.0,272.2070297521386,-0.00033773627069036844,4.275434619671614e-07
1972-03-10,-0.014273913735050268,0.0004000593881822575,1.0318619607756592,0.0,0.0,275.38340125290466,-0.0005821874049507966,8.525447547924614e-07
1972-03-11,-0.012626697030444604,0.000398421523261205,0.9998988494585688,0.00015976599885919002,0.0,273.0689317124936,-0.0007753915042947915,0.0007920325812646898
1972-03-12,-0.010152896455789017,0.00039674055441624704,0.9800361015477872,0.000519177334456794,0.0,269.99482879710513,-0.0006088815987278513,0.0005411499974403611
1972-03-13,-0.010311164214449414,0.00039508273709291795,0.9632446518950095,1.807811822594896e-05,0.0,272.4541792645069,-0.00036863109759860125,5.777692050540507e-05
1972-03-14,-0.0076293242769052754,0.0003934762740539292,0.9667948060116527,0.00715050623241791,0.0,270.85682631167543,-0.0006139265783762528,0.007845038578033713
1972-03-15,-0.008539568317138544,0.0003918051551290825,0.9944452260622648,0.002860717917397871,0.0,268.81200695217444,-0.00046547515959726213,0.0028826593847143312
1972-03-16,-0.00922013124672033,0.00039015558816618844,0.9913548471339454,6.49507310094133e-05,0.0,271.444975474011,-0.0002869966276789789,6.802843104055349e-05
1972-03-17,-0.01021365615102531,0.0003885589750473109,0.9736523529455038,0.0009554674648969188,0.0,272.2453235619037,-0.00045790184436544863,0.0011613896336582958
1972-03-18,-0.014177263035612592,0.000386927508364963,0.9570101003413373,0.0,0.0,273.14864396061154,-0.000555579571611127,1.7106532368416083e-06
1972-03-19,-0.005559434156633366,0.00038543545593649656,0.944531571842632,0.0027666164741004255,0.0,271.94302836560036,-0.00038288245345913084,0.00447828422562551
1972-03-20,-0.006926460580973975,0.00038372603176677295,0.9595126566913842,0.004323120360488946,0.0,270.95663874926095,-0.0006227238777246179,0.004520454833601758
1972-03-21,-0.013221660450016711,0.0003821243674068128,0.9624395855402542,0.00010396131856293328,0.0,269.9633530941836,-0.0005747096844564724,0.00010739488963304598
1972-03-22,-0.01461164510182742,0.0003805160522460938,0.9488021936793787,0.0,0.0,272.3282911081548,-0.0005433306908287571,8.540367844034336e-07
1972-03-23,-0.010081601134464565,0.00037901389733546205,0.9320321235728578,0.003045460514429599,0.0,273.09247296723044,-0.0006797089699213788,0.003957258105951514
1972-03-24,-0.010441737070595477,0.00037739893137398416,1.0234227871939736,0.013254153947372223,0.0,268.5709576831251,-0.001003188833510135,0.013691009675324554
1972-03-25,-0.010739122701566772,0.00037586007077815173,1.0275991551171137,0.0006487634727510356,0.0,268.8354295561767,-0.00047892371013676387,0.0014527790626213913
1972-03-26,-0.009047898826962811,0.00037424670437635,1.0358555680614407,0.004816884627449984,0.0,266.0087803986113,-0.0010423452809116263,0.0049382171220025105
1972-03-27,-0.00597164405267791,0.00037268974349997144,1.0929741293697035,0.003804812344622478,0.0,259.4148998871137,-0.0005482658849092528,0.003835687967320782
1972-03-28,-0.004353448874869589,0.0003711277313825101,1.116936232859581,0.0021560091714737783,0.0,258.4443830931928,-0.0002513929759546862,0.0021635358616116087
1972-03-29,-0.0043633315438604625,0.0003696186731090654,1.1389118776483051,0.002555131301873148,0.0,258.8928657862202,-0.00015064305231227715,0.0025694284060108594
1972-03-30,-0.003829668470695194,0.00036808646331399177,1.1769810333539314,0.004966078084067437,0.0,259.73220730007483,-0.00014411447580251318,0.004970930390438791
1972-03-31,-0.006026318265219867,0.0003665558530785943,1.2470919219338512,0.006866175386696887,0.0,263.9452215938245,-0.00014679802129160887,0.006878766232286211
1972-04-01,-0.012120861581153117,0.00036503029408427957,1.2582318149717515,5.6750504142147005e-05,0.0,266.7853083278276,-0.00030487480094540593,5.8451593837948535e-05
1972-04-02,-0.005743937893102399,0.00036355103813322253,1.2447215509504475,0.005642718388199133,0.0,269.5332469616906,-0.0001548726511540386,0.005872300368244365
1972-04-03,-0.008921849609768323,0.00036202615263771875,1.2984554772098635,0.00489398510863552,0.0,262.70298722189926,-0.0007072147139805859,0.0049031399070125934
1972-04-04,-0.012804859901888897,0.00036053439486498216,1.283360368114407,0.0,0.0,266.5533723777297,-0.00037800715867914055,2.7071556735272117e-06
1972-04-05,-0.015246972315392252,0.0003590435631531107,1.2557648911987993,0.0,0.0,272.54212920769015,-0.00039181666774938337,3.6075795096596045e-06
1972-04-06,-0.014258060246537634,0.00035762551140650523,1.2156566325329567,0.002186172468177343,0.0,274.14780803903125,-0.0008956395026485799,0.0031124916116615337
1972-04-07,-0.014693491413431655,0.0003560981002904601,1.204124321371822,0.0016461555019947095,0.0,271.0315574135933,-0.0009142812551920025,0.0017960662558927376
1972-04-08,-0.015599284720959635,0.000354666746942337,1.1772187371262948,0.0002572177619920612,0.0,270.06002928308175,-0.0009959782710519888,0.0006293970781625522
1972-04-09,-0.015035273496714017,0.00035318243975019726,1.1578387531632532,0.0001133281506050778,0.0,270.13857756361455,-0.000974711651603381,0.00022831340294099799
1972-04-10,-0.011326456979169685,0.00035171463327892755,1.1390502699799905,0.00048785639853127265,0.0,270.65154791506893,-0.0006005179326413042,0.00050610842677833
1972-04-11,-0.010958760050730518,0.0003503495353763387,1.1224337647863702,0.0007694769798025573,0.0,272.358187720376,-0.0005607829287143077,0.0016051343268544088
1972-04-12,-0.015827769781910094,0.0003489232332692982,1.115535067973164,0.0024628243751108315,0.0,271.93150124127806,-0.0011098898242169854,0.0036207753386151426
1972-04-13,-0.007766978004894688,0.0003474139224337993,1.1111570886299436,0.0054785557470079195,0.0,268.618890291778,-0.0006589028026677122,0.005647212947018399
1972-04-14,-0.010811578671810991,0.0003459857682050285,1.1743453720868646,0.005636967550226524,0.0,268.5240413895659,-0.0005673457431675351,0.005758135180683873
1972-04-15,-0.012606639057229469,0.0003446222698621158,1.164503884180791,0.0005866280509590429,0.0,268.91247458017926,-0.000546938560818885,0.0012108230994464853
1972-04-16,-0.017783630113143708,0.00034320901679453877,1.1552044712217515,0.0004079690634530817,0.0,270.8044417609379,-0.0007853049069306272,0.0009045810011470923
1972-04-17,-0.010045906749822326,0.0003418223669299972,1.1512878762800143,0.005264933920849515,0.0,270.25832273551526,-0.0008815991360757312,0.00582000763056976
1972-04-18,-0.002976396999790171,0.0003403809110997087,1.2328434888476931,0.01346312882115612,0.0,267.1713303495936,-0.0003687956786088351,0.013588728901872613
1972-04-19,-0.006073503676107374,0.0003389908095537606,1.3124549420315443,0.004236960436327983,0.0,265.76539636960365,-0.0004457864005350124,0.004242269618308934
1972-04-20,-0.00937471370407417,0.0003376222599697652,1.3143689861405365,0.0027087765856314517,0.0,266.9909401083621,-0.00034299760130839164,0.002746993672542944
1972-04-21,-0.01389999788696483,0.00033624546002533476,1.307106147378178,8.704900573202446e-05,0.0,267.80565310691935,-0.0005237855448645387,0.0002114504238979965
1972-04-22,-0.007054112556963992,0.0003349149631241621,1.3093195051347695,0.007182071227475076,0.0,267.6214148347212,-0.0004594907543416751,0.007330659536889771
1972-04-23,-0.012282918065281237,0.00033352646113789014,1.33739958509887,0.0008891197079319066,0.0,265.5864420565733,-0.0005719505334641301,0.0008924212159928731
1972-04-24,-0.016353112829607087,0.00033217281271508863,1.3167901622822507,0.0,0.0,269.80198258150324,-0.0004910358969690437,8.662734671815997e-07
1972-04-25,-0.009762915598470614,0.0003308638677758686,1.2939246226165255,0.00422852437964267,0.0,272.6496283859857,-0.0005561218802201546,0.004676244049993666
1972-04-26,-0.008152097926638222,0.00032950676767166053,1.3319917093338043,0.007032725160236413,0.0,268.2632865510643,-0.0007602430322328532,0.007088688217077954
1972-04-27,-0.015340492171419544,0.0003281813220115705,1.3287146616790255,1.3995852510807879e-05,0.0,267.7742701313141,-0.0007284089849241038,1.5158936955904315e-05
1972-04-28,-0.01723954994968102,0.0003268572233491025,1.3071613204007768,0.0,0.0,269.9629781582935,-0.0005281279547571463,0.0
1972-04-29,-0.019263705922722144,0.00032555492921064135,1.283155768155603,0.0,0.0,273.97167979525983,-0.0007061310228233959,0.0004362530795413087
1972-04-30,-0.004395244190585142,0.00032426913579305017,1.2827759938500471,0.01159612541902537,0.0,269.4542438952488,-0.0007593488204950667,0.012196888747818473
1972-05-01,-0.008736904984140127,0.0003229301359693883,1.3730215873646423,0.005220289515741801,0.0,265.0107647775481,-0.0006644404730049231,0.005234146791657901
1972-05-02,-0.014373147639177613,0.00032163769175103834,1.367830495600871,0.0004097201603617372,0.0,267.4470356116861,-0.0004902980211427657,0.0004118529752473236
1972-05-03,-0.015243658659148352,0.0003203931501356222,1.348627065310146,0.0005744533392332368,0.0,269.80062895306094,-0.0006126258417037921,0.0009995525839183827
1972-05-04,-0.01798903895805111,0.00031906930403520836,1.3300995045462571,0.0,0.0,272.4832206122619,-0.0006889666162304959,0.0002395095292449131
1972-05-05,-0.007297339075702731,0.00031789606910640915,1.3129866720368408,0.003748330608599604,0.0,272.2844080161689,-0.00040248859315942235,0.005223936734797645
1972-05-06,-0.010609612752825529,0.0003165935224058938,1.3199297371557206,0.002533029933265374,0.0,272.1931703894376,-0.0007023747515796268,0.0033027116714440213
1972-05-07,-0.005671661368197641,0.0003154021871965484,1.2977324807262243,0.0019635231902370345,0.0,272.33811697448044,-0.00032458929502862996,0.0034021052064418388
1972-05-08,-0.005038701039923113,0.0003344303807296322,1.313415182512359,0.0059142940083129255,0.0008108552734730608,272.704948992828,-0.00031086791433015113,0.00852937709282003
1972-05-09,-0.008863870075530252,0.0003238665518787621,1.3052263565207158,0.0016744841458433768,0.000611213683071783,272.90785767578586,-0.000526192834821798,0.0025515550605128396
1972-05-10,-0.007802830703851193,0.0003132534734273361,1.3516652597545904,0.01371311663655238,7.946993419006047e-05,271.91579039981366,-0.0007010770298666874,0.014600741240264335
1972-05-11,-0.009260502070356898,0.00031034766280718445,1.3819340995027072,0.0029918879565209323,0.0,270.7193454914848,-0.0008032799903619088,0.0035164303529384307
1972-05-12,-0.005961237106956331,0.00030922098348369707,1.4233586945327212,0.01329085422353556,0.0,270.18951735703064,-0.00042946510395761267,0.014977283161237342
1972-05-13,-0.016054635288688425,0.0003078420788554822,1.4634848844309087,0.0023197721753080015,0.0,271.9289850640881,-0.0008467841409357255,0.002653458445085644
1972-05-14,-0.022057953443230884,0.0003066140379609362,1.4303026792019775,0.0,0.0,274.8538849394201,-0.0007939608294074818,3.161029614588609e-05
1972-05-15,-0.025301420840166386,0.0003831289750708025,1.3823789319974105,0.0,0.005171538998851669,277.63737843041145,-0.0009912778281391005,0.00031864934849271657
1972-05-16,-0.027076858458882674,0.00044587246105495825,1.325199680364289,0.0,0.008934177984457232,279.0498727809238,-0.001199142554890638,8.51040174609031e-05
1972-05-17,-0.027787282389436067,0.0006836041555566304,1.2665811025041196,0.0,0.011024739677454792,279.38823715396745,-0.0013038259273194998,0.00021272795033150353
1972-05-18,-0.018729708036460447,0.002867511100014724,1.2093324248175612,0.0,0.011116066074135613,278.1359658393932,-0.0007020991590231826,0.007488509793659954
1972-05-19,-0.005565515977177917,0.002204214028045956,1.1550603317002122,0.0,0.01660376416761323,276.70920252395894,0.00042457069338715014,0.0038256297676454425
1972-05-20,-0.015201587587763361,0.0022802182004950143,1.0994383386299436,0.0,0.01683022439648203,277.28893757764456,-0.00012908648636381507,0.003196640450431141
1972-05-21,-0.024007457671529158,0.001959345098269188,1.0450260140801555,0.0,0.009938688685665022,277.6697532129378,-0.001041203768829168,0.004261867087337311
1972-05-22,-0.021079797066200924,0.00033755423658985204,1.013720151394774,0.0,0.0006533587130449587,274.3662333910524,-0.0015003000422891253,0.00048175582102209834
1972-05-23,-0.016465490399780923,0.0003717981994488819,0.9938059086629003,1.599458651354084e-05,0.0012698970777166765,273.7141810594979,-0.001014688930942514,0.0008395934172383001
1972-05-24,-0.022694323190861506,0.0004329966791605546,0.9715580769626884,0.0,0.0029126822232863328,275.00788006540074,-0.001137934840878861,0.00030079377837078573
1972-05-25,-0.015146874649039771,0.0006933770442413071,0.9433979961158192,0.0,0.0042200299600760145,275.75699198448046,-0.0008082112223751802,0.001795842031744457
1972-05-26,-0.016893448045024767,0.0005457392856899628,0.9422607421875,0.003115359251782046,0.0005648985378823038,273.42838227726423,-0.001151602452168357,0.005610724323784618
1972-05-27,-0.01327337934977591,0.0004539785243697085,0.9264063143685265,4.539360939446142e-06,0.0013779610142869467,273.46861799423306,-0.0007261759522607771,0.0016839691636315972
1972-05-28,-0.012636097137537381,0.0005238451863412803,0.9118325903366291,0.0007024032753066155,0.002890908827552688,273.7890233257172,-0.0006703398174653619,0.0020728818440272985
1972-05-29,-0.014699033214210792,0.0007236192455399509,0.8909479920697976,3.8082148395689203e-07,0.004069145242709898,274.52838737142963,-0.000574616325945504,2.1387964977989063e-06
1972-05-30,-0.02152074439882559,0.0015937784465692812,0.8601809859051318,0.0,0.009843933948520888,277.08869303687146,-0.0006200347706086218,0.0
1972-05-31,-0.024264708456009795,0.0030002719433294177,0.8171225797434087,0.0,0.014671397242842422,279.42459249765864,-0.0006209895077903393,0.00024253183828779515
1972-06-01,-0.022494887817377424,0.004030679915584414,0.7648355660016479,0.0,0.019279170234156196,280.2559464736623,-0.00034661952006278065,0.0001780634010142781
1972-06-02,-0.020591302359171507,0.0069652780637902735,0.709730820018244,0.0,0.0226668728946966,280.06188790991257,-0.00013741913993479843,0.0020192308118960963
1972-06-03,-0.011283239696995689,0.010776906784644909,0.6533515772128061,0.0,0.021925772566579828,279.06213960090827,0.0003558102953063566,0.008297715722215288
1972-06-04,-0.014735232512492919,0.008651951022740812,0.59928293461629,0.0,0.02314884590227052,279.4434824833987,0.0003384281223439901,0.0030802177843847114
1972-06-05,-0.013285098860492815,0.00818909502635568,0.546619364995292,0.0,0.019546561848140707,278.9611168446514,0.00016268683165985312,0.0026416925112442385
1972-06-06,-0.01521458956649748,0.013210052824289786,0.497131232712453,0.0,0.02237311733812936,278.9503534212849,0.00024038613221402896,0.0048821431909693335
1972-06-07,-0.019365815456304177,0.014210356662502397,0.43780460106226465,0.0,0.02635653529547702,281.46043070202273,0.00011023912199978102,0.0002542012956764203
1972-06-08,-0.01890535172769579,0.02742782218308099,0.37528046286487765,0.0,0.02475529307194349,282.9302346001462,-0.00040791774600070754,0.013153900736423859
1972-06-09,-0.00967208102429654,0.027582762352490832,0.3212511310469633,0.0,0.01963706139874997,281.35790718926324,-0.00022435210392636766,0.016542012027452393
1972-06-10,-0.02020542883435212,0.025258791564548085,0.2793931979019539,0.0,0.01573539967254057,282.437768523078,-0.0010046501786021864,0.001077981379395724
1972-06-11,-0.028063323832837876,0.013899075951279894,0.24340452492349343,0.0,0.012748243613431685,283.93649262178644,-0.001559187179315562,0.0004597752444488181
1972-06-12,-0.024853981484127586,0.01250232511994529,0.21619227062735405,0.0,0.00961575421404704,282.42323821906547,-0.0013932548884281334,0.0006605947421768965
1972-06-13,-0.029414677476815587,0.011421796039672897,0.19512881981226463,0.0,0.004667354358286508,280.447975970482,-0.0017759223694855213,3.1997432470902336e-05
1972-06-14,-0.022322627910449682,0.011571672255710022,0.1818495928230932,0.0,0.005898163774929478,279.502413640139,-0.0013943279509322118,0.0021273391188917313
1972-06-15,-0.021823489354491906,0.012410500292050637,0.164608942811323,0.0,0.007448292216338681,280.62315753354864,-0.0014373304711728448,0.003949751241259877
1972-06-16,-0.027195463704187323,0.010729820714832026,0.14474251669903485,0.0,0.009212678771908001,282.22379259874594,-0.0014455402427810736,0.00021041981330357641
1972-06-17,-0.023533104334847402,0.011731647165481654,0.12261445643538137,0.0,0.009362572309492672,282.9682151665122,-0.001451838035452164,0.0016990856262250136
1972-06-18,-0.02422638982534409,0.011894469459851583,0.10311998845044729,0.0,0.006448715525326756,281.4767141108684,-0.0014624697824487578,0.001178352408398989
1972-06-19,-0.009753446794499113,0.012269477891383199,0.12717105843926557,0.01140206330324297,0.0030011102178339236,275.8347014303261,-0.0014793416853510055,0.025916665960726226
1972-06-20,-0.011484287131977623,0.010225144483275333,0.1557775809939972,0.0003441596603662954,0.005157188149326939,275.7558340945487,-0.0013236959049172995,0.005993604823871687
1972-06-21,-0.020054805581852544,0.009074733334746066,0.13318261902660075,0.0,0.005090172681431313,278.14836544460724,-0.0015939560134784652,0.0015741315265046137
1972-06-22,-0.026277395459891717,0.0086355640389825,0.11091202845456685,0.0,0.0061839515248597685,280.7433560617451,-0.0016152622009822206,4.493180295516511e-05
1972-06-23,-0.02743459421362581,0.009585530070935266,0.08625957251942092,0.0,0.00843115125672292,282.7476993927175,-0.001919218723130765,0.005210369876096072
1972-06-24,-0.0271421193571414,0.00817022603110405,0.0656775063265066,0.0,0.004987086911322707,281.01505615751626,-0.0016897470495626753,0.0005911442182831844
1972-06-25,-0.023250633629701905,0.008135097595931447,0.05026952021539548,0.0,0.0045385727353688685,280.39404404275615,-0.0024543949376560205,0.00462770615602001
1972-06-26,-0.029532455707673978,0.0068135561663552205,0.04045286016949153,0.0,0.002127400225838699,278.08440303263694,-0.002249043513783964,0.0001701995799327709
1972-06-27,-0.02331011397185299,0.006575923518272443,0.034484978225047085,0.0,0.0017149967199328255,277.9752393711758,-0.0021942150647525738,0.0012890873570946795
1972-06-28,-0.026936346023096205,0.006622189434908205,0.027588350400188328,0.0,0.003679189599503232,281.2191279495728,-0.0020394637749272552,0.00033111501545976107
1972-06-29,-0.030768285868531572,0.006466592856719669,0.016831909869350285,0.0,0.0037464782343072413,284.79787783434165,-0.0025478436816799444,0.00032844547373163857
1972-06-30,-0.03301529476871598,0.005800531408881064,0.008515956038135595,0.0,0.0021510882103173753,285.52906351035597,-0.0026477353994624094,0.0006647333754990465
1972-07-01,-0.022098138128633555,0.005465526449478279,0.004505796845574389,0.0,0.0009059644183196592,282.4110835734509,-0.0022512176942269682,0.003117039559561265
1972-07-02,-0.005527475669895862,0.005308505168742379,0.06270643905955745,0.0209762202102249,0.0010154372723089101,275.22496873241363,-0.0013201406730686204,0.02917251849578599
1972-07-03,-0.007772166260891717,0.004924560081487322,0.1399385556438324,0.003292973747866302,0.0014519803436462491,272.0410988407171,-0.0008879613320706257,0.004304807485719994
1972-07-04,-0.01668083394146235,0.0047902487597223055,0.14171972472339925,0.0005749836985000784,0.005142951584131705,272.9680143022268,-0.0016939832413263914,0.0010045244862330407
1972-07-05,-0.025185227688759734,0.004651310501125573,0.09685509173434559,0.0,0.007647649611288546,278.4829906779719,-0.002081514404570989,8.840192163391957e-05
1972-07-06,-0.016553053832323538,0.004548780578004439,0.04922169256120528,0.0,0.005465850739155786,281.6143627023069,-0.0017600701543065789,0.001902326251062943
1972-07-07,-0.023514645921308443,0.004210191594678804,0.019513088880061206,0.0,0.002928752199573032,283.1605184414966,-0.0023362656350189685,0.0014013413377458581
1972-07-08,-0.02990945748521784,0.003997012720269672,0.00669869460628531,0.0,0.0010610023081976143,284.4750759210964,-0.0026957381011570914,8.583068833445395e-07
1972-07-09,-0.03815506196628183,0.0038395529076204467,0.00211979350576742,0.0,0.0003410680272148154,287.4486621023347,-0.0029760555622015297,2.8555878092663346e-05
1972-07-10,-0.035025374911262494,0.003704211721986027,0.0005632246056967986,0.0,0.00011019263479669219,285.46770582181136,-0.00270536461434627,0.0005646381000964756
1972-07-11,-0.032861779133478805,0.003569015338595978,2.2528984227871938e-05,0.0,3.773916912617657e-05,285.1567468984428,-0.002836081299320453,0.00023456182173287109
1972-07-12,-0.029859979484377613,0.0034384907638959294,-7.3453647229951e-24,0.0,1.323822948892238e-05,284.9424790779301,-0.002611326074785432,4.8221841370318575e-05
1972-07-13,-0.034010496348311,0.003311449609233835,-7.3453647229951e-24,0.0,3.832713358819822e-06,287.28464133052506,-0.0028929424151188914,1.9446207299891178e-05
1972-07-14,-0.02243541349462197,0.0032942473551647814,-7.3453647229951e-24,0.0,7.090469201405843e-07,283.5404761075525,-0.003377824727088045,0.008861433827286096
1972-07-15,-0.022265095916171537,0.003093361012679709,-7.3453647229951e-24,0.0,1.99734491143523e-07,280.3305502925665,-0.002694057111265296,0.001849252313196164
1972-07-16,-0.027966772137725426,0.0029688841205532273,-7.3453647229951e-24,0.0,8.622889464857888e-08,282.443087482632,-0.0023285964303939354,0.00017094787453533877
1972-07-17,-0.011731651290661872,0.0032523552239951442,0.004910628898893597,0.002185397881404155,0.0008939812328182372,278.9825218401835,-0.003361130385833272,0.021174931816224
1972-07-18,-0.024823956612476522,0.0027980162935741884,0.0064060476989171375,0.0,0.0008684481983467683,281.7287951754985,-0.002479797339666698,0.0004253064408140555
1972-07-19,-0.017512477850173153,0.002707620545969171,0.0022765768449858757,0.0,0.0002681021341833018,281.5987396599434,-0.001891985877632758,0.0008641073595892372
1972-07-20,-0.011074181582968115,0.00270420144506767,0.0008675957803672317,0.0,0.00012065282901801633,279.93034003952806,-0.0022648932770062977,0.005770112961503918
1972-07-21,-0.024594723336440697,0.002585668516697857,-7.3453647229951e-24,0.0,3.7993351786823596e-05,283.15781066018087,-0.0028885241787312394,0.0027740812298505443
1972-07-22,-0.028698593925284798,0.0024948174838965898,-7.3453647229951e-24,0.0,5.073087700342728e-06,281.0164215497378,-0.0024727307849347928,0.0010038076860540643
1972-07-23,-0.03402580127204206,0.002420026030244127,-7.3453647229951e-24,0.0,2.2584940754087635e-06,282.4983632111055,-0.0026479237791845354,4.351138045421976e-07
1972-07-24,-0.036540839463304,0.002356363050008224,-7.3453647229951e-24,0.0,1.2277146685594894e-06,285.45977274217626,-0.002791914004979834,5.715093706463352e-05
1972-07-25,-0.031848574888571506,0.0023098814453782336,-7.3453647229951e-24,0.0,4.277033152553321e-07,287.1975479772536,-0.0027301768840706283,0.0016198102699371381
1972-07-26,-0.031523194227178225,0.002234705255529975,-7.3453647229951e-24,0.0,1.1512620300896425e-07,285.6744583295115,-0.0027038090267760607,1.4454261046425749e-05
1972-07-27,-0.027666211717546327,0.0022219766331257797,-7.3453647229951e-24,0.0,2.8307996900741665e-08,284.4534499604823,-0.002919380084774589,0.004420317195800792
1972-07-28,-0.027716431661514242,0.0021278883441019866,-7.3453647229951e-24,0.0,4.125180217505848e-09,283.96717188991397,-0.00267908983143036,0.0006414281109518386
1972-07-29,-0.03641176770972667,0.0020680545413561463,-7.3453647229951e-24,0.0,0.0,286.9748489645691,-0.002626557276705227,1.4114884961446033e-05
1972-07-30,-0.03427449559087808,0.0020312321724864726,-7.3453647229951e-24,0.0,0.0,288.5354934591807,-0.0026030653856147484,0.0017162708281939412
1972-07-31,-0.010599200713769191,0.0020683758002890034,-7.3453647229951e-24,0.0,0.0,283.65790578694896,-0.00237307562308628,0.0094732740503684
1972-08-01,-0.02198953408811052,0.0019739972332776605,-7.3453647229951e-24,0.0,0.0,283.3680709364724,-0.0028767276997283355,0.004627925325928096
1972-08-02,-0.009970384676240932,0.0024527500746613843,-7.3453647229951e-24,0.0,0.0,280.9613963089421,-0.003188107983540681,0.01722343636434631
1972-08-03,-0.008428100559671046,0.002190115003936035,-7.3453647229951e-24,0.0,2.062590108752924e-09,279.4442752938711,-0.00334420628151146,0.010659589673132117
1972-08-04,-0.024898155513456317,0.0018039813822945633,-7.3453647229951e-24,0.0,0.0,282.48621157198977,-0.0025805170505733815,0.0003135830837404762
1972-08-05,-0.029937379356831485,0.001779781223016944,-7.3453647229951e-24,0.0,0.0,285.01533749682756,-0.002418028301227901,0.0014060120124260317
1972-08-06,-0.027276647503429886,0.0017537342458121522,-7.3453647229951e-24,0.0,0.0,284.2254164313193,-0.00241144150916466,0.0015626784673591022
1972-08-07,-0.024667783308837374,0.0017808384477755446,-7.3453647229951e-24,0.0,0.0,285.01228875628976,-0.00239976644936928,0.0046031469342349045
1972-08-08,-0.017866427405069104,0.003005481793382074,-7.3453647229951e-24,0.0,0.0,283.4888644891944,-0.0024767366716753965,0.011526015687066687
1972-08-09,-0.024963567107074,0.0016990238327091024,-7.3453647229951e-24,0.0,0.0,285.4330395053785,-0.002764579561133843,0.003658591269773279
1972-08-10,-0.030250445429214654,0.001658725873225153,-7.3453647229951e-24,0.0,0.0,287.0283802880182,-0.0028567434325393313,0.0028261250358467154
1972-08-11,-0.031931419114945306,0.0015983609324794707,-7.3453647229951e-24,0.0,0.0,287.18230841613314,-0.0027412397018765325,0.0005972820148953474
1972-08-12,-0.033678516198349544,0.0015703571044792563,-7.3453647229951e-24,0.0,0.0,289.74549695102957,-0.0027783327067723387,0.00044091837149206107
1972-08-13,-0.033104638847927595,0.0015586769513491183,-7.3453647229951e-24,0.0,0.0,288.8448614203099,-0.0027098576248870735,0.0016883726173306589
1972-08-14,-0.027382764775874254,0.001523585558611121,-7.3453647229951e-24,0.0,0.0,288.1862374501489,-0.002699797730998131,0.0005811871681534133
1972-08-15,-0.02730707963139324,0.0015037240786741008,-7.3453647229951e-24,0.0,0.0,286.5177607239977,-0.002507369565424946,0.0008911816183754214
1972-08-16,-0.030648890524934243,0.0014733442310559549,-7.3453647229951e-24,0.0,0.0,287.1394650877757,-0.0024455603275258665,0.0001546773364988424
1972-08-17,-0.029150560371956586,0.0014608302022104211,-7.3453647229951e-24,0.0,0.0,287.0130950295544,-0.002611743181017833,0.0013049100801769224
1972-08-18,-0.02364784942171668,0.0014810147932020287,-7.3453647229951e-24,0.0,1.031295054376462e-09,285.93497525590516,-0.0022489774740685176,0.0047531633895669285
1972-08-19,-0.008251412187592459,0.007922141481254062,-7.3453647229951e-24,0.0,-1.031295054376462e-09,283.24007923679386,-0.003005928049484889,0.03710819650624888
1972-08-20,-0.019542156723933033,0.0014308849297000863,-7.3453647229951e-24,0.0,0.0,283.2752339601966,-0.002344363700535338,0.0029763672156284523
1972-08-21,-0.013014255775570197,0.0016128966363809878,-7.3453647229951e-24,0.0,0.0,281.9431529826364,-0.0023338892207728267,0.008303313807476766
1972-08-22,-0.016828350343946686,0.0015871027263544375,-7.3453647229951e-24,0.0,0.0,281.22746659043594,-0.002339515193118214,0.005024009269486875
1972-08-23,-0.009144656781086141,0.0017327602300266764,-7.3453647229951e-24,0.0,0.0,280.1570875092415,-0.0021532690836548133,0.010903908287064504
1972-08-24,-0.01646933961386061,0.0014188492533850805,-7.3453647229951e-24,0.0,0.0,278.77791313846683,-0.002550120470719149,0.003599440043517603
1972-08-25,-0.021331301516732255,0.0013486580491739479,-7.3453647229951e-24,0.0,0.0,279.7849571062796,-0.0020226025322483757,0.001375054418271232
1972-08-26,-0.02285972473311559,0.0013527061979649432,-7.3453647229951e-24,0.0,0.0,280.55245540999647,-0.002194777294193621,0.002315198689905752
1972-08-27,-0.025256079426929777,0.001321788645733548,-7.3453647229951e-24,0.0,0.0,281.74446401937314,-0.0021859730388653483,0.0003084259388787113
1972-08-28,-0.026789056589711188,0.0013095170764599816,-7.3453647229951e-24,0.0,0.0,283.2026708247298,-0.002120021667520879,6.65080075883596e-09
1972-08-29,-0.02486947279865459,0.0013030902140558102,-7.3453647229951e-24,0.0,0.0,284.2072541080626,-0.001947893603247101,0.0002257620546427687
1972-08-30,-0.02186920194976074,0.0013643088987318136,-7.3453647229951e-24,0.0,0.0,283.4812032049435,-0.001879698638988417,0.004582512883714417
1972-08-31,-0.006551645990818907,0.0015303477392358295,-7.3453647229951e-24,1.8914666889751025e-05,8.500754664846734e-06,279.73092545403375,-0.0029903501693138296,0.014858901326103652
1972-09-01,-0.0041992217723259145,0.0017637510252537702,0.019393317443502825,0.006077442486575768,0.0017945004553444643,276.3983405592752,-0.0021931244807559896,0.020814491233114577
1972-09-02,-0.01346377569571727,0.0013872353033830892,0.023784630267184557,0.0,0.002191427726782648,278.301792396215,-0.0017542395909122155,0.003003188125826286
1972-09-03,-0.011914700227605421,0.0017286778169836702,0.01141575815089454,0.0,0.001061234644240579,278.1423930331588,-0.0019341737852763322,0.006818049152646685
1972-09-04,-0.01788518577814102,0.0013251558872266005,0.005977537223399247,0.0,0.0005648240531231724,278.8008727775904,-0.00176366217602781,0.00042702303803200344
1972-09-05,-0.01711559392469751,0.0013385699630457132,0.002866698299199624,0.0,0.0002456021384667542,280.9223050334809,-0.0014255601218191246,0.0004044133054334565
1972-09-06,-0.010970763230727891,0.001834614128716248,0.0015797875470809793,4.652422447662569e-05,0.00015512277177498167,278.23152103172634,-0.002759722019361574,0.013306678604271453
1972-09-07,-0.016263223216358553,0.0014004969159088568,0.00227588718220339,0.0002461210693006462,9.840779469511604e-05,276.43690098476947,-0.0015716512587531813,0.0010435484651602155
1972-09-08,-0.02365381982030168,0.0014325291086724925,0.0019678378060263655,0.0,0.00012031879465458758,279.17512664148364,-0.0017939345163982471,8.043714060001915e-06
1972-09-09,-0.028767746762704043,0.0014820018898969317,0.001254956376530132,0.0,9.334518832001984e-05,282.51875875225176,-0.002142481137551157,0.0015921639183770566
1972-09-10,-0.015429704202770515,0.0022639949611351316,0.0004956376530131828,0.0,4.388549822871968e-05,280.34405699692206,-0.0021039149487170126,0.00732554419566009
1972-09-11,-0.019099607011355924,0.0015339129893793225,-7.3453647229951e-24,0.0,2.6278787076809985e-05,280.32789657793927,-0.0022779753336967046,0.002433165901648134
1972-09-12,-0.023239146518168476,0.0015019968067858853,-7.3453647229951e-24,0.0,7.064392169316611e-06,280.94830947990926,-0.0017538320504676152,0.0005892070655089949
1972-09-13,-0.01796517887357938,0.0015081988889618784,-7.3453647229951e-24,0.0,1.118776235876784e-06,277.0903817300743,-0.0016570574956509356,0.0010938333227703118
1972-09-14,-0.023458795695655094,0.0014929636723577642,-7.3453647229951e-24,0.0,2.035313406906559e-06,278.93397244311547,-0.0017535932267368852,0.0
1972-09-15,-0.026002283444849113,0.0014884854103885802,-7.3453647229951e-24,0.0,1.0214767045220413e-06,279.4711949766917,-0.0016793320008085275,0.0
1972-09-16,-0.029416171255084757,0.001483292566180903,-7.3453647229951e-24,0.0,7.989063943173253e-07,281.53905098406835,-0.001937756241209763,8.583068833445395e-07
1972-09-17,-0.031428715856061815,0.0014789186965274274,-7.3453647229951e-24,0.0,5.277284121109268e-07,281.804829110758,-0.001994037421914817,0.0001946494067456089
1972-09-18,-0.02976844985943056,0.0014702354447316318,-7.3453647229951e-24,0.0,3.592063814906751e-07,282.6892924658996,-0.0018378097648169363,5.155943198726657e-05
1972-09-19,-0.032694711439353596,0.0014673460506449986,-7.3453647229951e-24,0.0,2.528882801195996e-07,282.55710249432065,-0.0017506591291666705,0.0005928706756800357
1972-09-20,-0.026527246049905227,0.0014545606017786232,-7.3453647229951e-24,3.1684330627743134e-06,3.925235257983882e-09,275.05389445604806,-0.0012470692669772833,0.00010582260147183491
1972-09-21,-0.024608579943072327,0.0014447262563274405,-7.3453647229951e-24,0.0,7.176550768189512e-07,276.5184862815728,-0.001631422562914043,8.647221463721858e-07
1972-09-22,-0.025526469078777876,0.0014360642197441924,-7.3453647229951e-24,0.0,4.818883992857852e-07,279.63726082853907,-0.001422589066001655,0.00020533416220567974
1972-09-23,-0.021776691247514413,0.0014591143798019929,0.0004156367702448211,0.0007123584506538628,1.0557346424813998e-05,277.1149868004291,-0.0017902764812701168,0.0038202224309948746
1972-09-24,-0.015618154684365807,0.0014135057980057882,0.004011078742937853,1.8550409267177694e-05,0.0,271.3388773815781,-0.0008406199588529809,7.915557440567488e-05
1972-09-25,-0.005200650900770716,0.0014040012144099522,0.06475841572504709,0.013588386803528684,0.0,268.2326166436722,-0.0005162991793815699,0.013829419909133051
1972-09-26,-0.01309701960302342,0.0014091342014108,0.10330320886299435,0.0001655707167366804,0.0011193410698640146,267.4733683807028,-0.0006861734588099066,0.00016757953635000234
1972-09-27,-0.017610144690941958,0.0014273925858028864,0.07995375581155839,2.737393823720641e-06,0.0009940599359698214,275.134919132441,-0.0014580759446078777,0.0024582885247789637
1972-09-28,-0.007901294883024896,0.0013883799987997713,0.09345965196857343,0.00445846432430596,4.245667050113786e-05,270.9526417080292,-0.001105521237319809,0.0059295626536735625
1972-09-29,-0.011520595158224052,0.0013657742637698935,0.12113214122822505,0.0047971970575340726,0.0006490017966193668,269.04082529244005,-0.0011839830911176354,0.004836330110607111
1972-09-30,-0.01550628379576624,0.0014124337562733454,0.11247342499411488,0.0,0.004201782341141485,275.25528189736343,-0.0012622384386042416,4.410743663640915e-07
1972-10-01,-0.01674478538965775,0.0013835654925491853,0.081486186514242,0.0,0.003159894939448874,276.4955245662768,-0.0012199348891101316,4.351138045421976e-07
1972-10-02,-0.01036964420039775,0.0013745786611643216,0.06067699137829567,2.369453004524533e-05,0.0019371769690917711,276.12220512720603,-0.0010563287263115246,0.001976201914707119
1972-10-03,-0.015185540257874183,0.0013416127885802318,0.04756627199564501,0.0,0.002050090507514733,275.82352170926254,-0.0013082730820623495,0.00012802003462602856
1972-10-04,-0.01724605422235478,0.0013166285504055564,0.033908190251294726,0.0,0.0014825243250293247,278.04244085624396,-0.0010254364618557995,0.0
1972-10-05,-0.004478453747970236,0.0013211754250661127,0.06511405183321563,0.010313346918861746,0.0002210629041080421,272.2143117901071,-0.0008710538547507115,0.01329642625163542
1972-10-06,-0.009763120300015488,0.0013139306825433075,0.09036076719927026,0.00013609468347608708,0.002629693092431052,272.2500677521844,-0.0007614616809760111,0.00014698749544930323
1972-10-07,-0.012781957406445412,0.0012987236687019047,0.07023180945444917,0.0,0.002410465293684922,275.1010683566164,-0.0010728035964029659,0.0
1972-10-08,-0.013570232622030767,0.0012833439866028265,0.05274908780602637,0.0,0.00219230079171011,276.1840889637978,-0.0010110037032998887,4.410743663640915e-07
1972-10-09,-0.014626801392789615,0.0012586003979720639,0.03804915548493409,0.0,0.0014836968127953805,276.95840596703715,-0.0010229703354633461,5.065375198137735e-06
1972-10-10,-0.009059432578288904,0.0012992998469347334,0.027811571254119587,5.8668523521746626e-05,0.0012232237679641802,276.5410763117329,-0.0011209136001386886,0.003798730840508862
1972-10-11,-0.009483510323163481,0.001242332413034924,0.02123977459981168,0.00011171996172538586,0.0007684632799046187,274.7144530344818,-0.0011646130706294108,0.0013340752003556593
1972-10-12,-0.014877570087963577,0.001211688680163885,0.01605075182438795,0.0,0.0005860652164214076,277.08134550249065,-0.0010115296900861683,1.293420723413874e-06
1972-10-13,-0.00982101888811521,0.0012219804154951022,0.012398527615936914,8.359244145916008e-05,0.0005115894337663543,277.45527381681455,-0.0010142962443037223,0.0018729386317676536
1972-10-14,-0.004930206148301142,0.0011885145963248561,0.025062115627942562,0.0036570399494494426,6.820455109332241e-05,272.4925683411277,-0.0007407576435029844,0.004137442948419094
1972-10-15,-0.009330226708266696,0.0012074254326901194,0.030992066119350282,0.0,0.00163548484991836,275.6352715752668,-0.0007195701233327053,0.00021719434529699624
1972-10-16,-0.011436552693278104,0.0011748517468824226,0.021667825300141247,0.0,0.0004717870852199652,275.09044043761867,-0.0007051943543519677,4.056550597713302e-06
1972-10-17,-0.008265012485832819,0.0011888483991730685,0.019682056261770244,0.002162786463728059,0.0003569127181492283,273.68037736034216,-0.0009507701000840651,0.004203854492823698
1972-10-18,-0.007220363886342884,0.0011536175921811897,0.03171529249058381,0.0003148096134770388,0.0001627529450392319,271.3266202276485,-0.00047175699876526655,0.00033699203334366517
1972-10-19,-0.009644312836692832,0.0011567188016438888,0.028969285178319214,0.0,0.0007405359045428746,274.13252874327696,-0.0005434115685648838,8.52346317969932e-07
1972-10-20,-0.005719133352829238,0.0011653698938714583,0.02380807880178908,0.0,0.0007199442571839372,275.93284608370396,-0.000785885215605383,0.0014578696772975421
1972-10-21,-0.007261342879405804,0.0011465946833292644,0.022226222266360642,0.0004553478737335421,0.00039679260324623625,273.85437763882226,-0.0007503645042073255,0.0015169769135171675
1972-10-22,-0.0045746543818274464,0.001153773254593887,0.023765089821680796,0.0019868313213862944,0.00029367025373345715,272.3269993482112,-0.0007915121245350543,0.004313682937352671
1972-10-23,-0.008350832692984134,0.001122930460730515,0.03317806725223635,0.00019838627280488528,0.00046702625892930107,271.830519397829,-0.0005952107725338747,0.00023503719649199857
1972-10-24,-0.007291118303934734,0.001114542959100109,0.04981273356579568,0.004419611167099516,0.0002620943248440317,270.82918748298835,-0.0005798335950084999,0.0047740081870434724
1972-10-25,-0.010243660186306906,0.0011226584513982138,0.05416082752177495,1.2080884922695701e-07,0.0012156130630249357,272.70804240339896,-0.0005048379081033045,1.1920928955078125e-07
1972-10-26,-0.00897210735385701,0.0011018557568727915,0.045670389006591344,0.0001573259126668596,0.0003661300965958396,272.84976305844873,-0.0005416484223415624,0.0004563846830594338
1972-10-27,-0.0060554661993253035,0.0010879013666325373,0.07891696276188795,0.005124884683870326,1.903742257147859e-05,265.04553720147373,-0.000506668472609951,0.005253699539744922
1972-10-28,-0.009415641216571723,0.0010827158467244297,0.07594267706862053,0.0,0.0001375717400325894,265.17972231360255,-0.0005233213305473328,0.0
1972-10-29,-0.0033986075533985415,0.0010738064677028333,0.08466438250353107,0.0034841459433911214,-8.31350094854495e-10,264.074452164932,-0.0003104410476267001,0.003500376464956898
1972-10-30,-0.003812614512645593,0.0010673146968507498,0.11721853482521187,0.0016520437758184424,0.0,258.94036373131246,-0.00039127119685296964,0.001657710438965458
1972-10-31,-0.007956910394342607,0.001082877570626426,0.1060568024658663,2.4700568894208493e-07,0.0011606110775538084,261.2864083220057,-0.00040982562606617563,1.0790628552299985e-06
1972-11-01,-0.007264410961145737,0.0010833817686738269,0.08950397613582863,2.229070596102268e-06,0.0015378309950485071,267.82811552791276,-0.0003098589026153425,2.79779824833412e-06
1972-11-02,-0.0042513319328006385,0.001052729574973974,0.08054617614171376,0.0008880212734648064,0.00025057889479028305,268.2143368406709,-0.0002829821748753726,0.0009002458094254646
1972-11-03,-0.006677960271889207,0.0010529867673324327,0.0857701418314501,0.0006781202756752403,0.0006023682232967205,267.1455428595822,-0.0003491163590533585,0.0006804449998366321
1972-11-04,-0.007610161299422637,0.0010518960360079836,0.07886477827801318,4.442566532199666e-07,0.0008862486982581306,269.25641108367404,-0.00034832037816950157,4.425454922493579e-07
1972-11-05,-0.0037543598120495427,0.0010391014949076593,0.07790154925847459,0.003490757365516351,0.0005160451230019499,269.95429081027794,-0.00026086127480207864,0.0035986382913105095
1972-11-06,-0.0054023249001152775,0.0010234301036360575,0.12995315810381358,0.007114668918699869,3.914328786612905e-05,267.6669883548428,-0.0004024972486714859,0.007160025531871818
1972-11-07,-0.006524210090691087,0.0010228563668364186,0.1351244795344868,0.0,0.0003441945139297658,267.365959462024,-0.0005088272099356867,1.2755393754559918e-06
1972-11-08,-0.005498604543801755,0.0010132798030551545,0.1314922555467279,0.0014180658269399979,0.00016891112351148142,267.3986188417999,-0.0004358733136017444,0.0014675005007484673
1972-11-09,-0.005082759606299427,0.0010157869023791817,0.14906233448093223,0.002336284640313542,0.0006231247936770068,265.65903901066036,-0.00033362225055862956,0.002353508994933961
1972-11-10,-0.005939642630391202,0.0010118879335748274,0.1438900934998823,8.397477831544176e-07,0.0007354521776660015,265.84349067242584,-0.00038638883033546357,1.825567879363929e-06
1972-11-11,-0.004569148571141023,0.0010005887282096735,0.13610196158486348,7.064362703743628e-05,0.00046278968832250367,265.07701226861235,-0.0003416302829644101,7.367267463093726e-05
1972-11-12,-0.001620931435102797,0.0009855284529217219,0.14092362398481637,0.002148007647802601,0.0,265.32070750795066,-0.0001823192746457407,0.002151388165635992
1972-11-13,-0.0037859027079269717,0.0009825190918593758,0.14955935145951035,0.0005377623236785501,0.00015841770685661987,264.56262562638625,-0.00032995398140559765,0.0005440481889968654
1972-11-14,-0.005646492212505664,0.000987096863277888,0.1452825226577213,7.538135442356606e-07,0.0007239427670078764,264.45063202708906,-0.00035304771894115514,2.473407511899629e-06
1972-11-15,-0.0033015616785335004,0.000976999853290407,0.1396376327830744,0.0012142764520173695,0.0004896425910420338,265.54861099257533,-0.000286564878109148,0.0012163821585758122
1972-11-16,-0.003398162539059159,0.0009639587274378977,0.14762806578095572,0.0007855333598320094,0.00013176435973011167,265.88467340415485,-0.0002794422282926781,0.0007873713801809624
1972-11-17,-0.003218503279537804,0.0009553647984219136,0.14522436109639833,7.539164632727199e-05,0.0,263.71846130069366,-0.00024886096243636086,8.33533240454613e-05
1972-11-18,-0.0032809058488425563,0.000955766119525931,0.1435880212011535,5.596163708948146e-05,0.00031422070190731416,263.1440365498574,-0.00026375895081940347,5.853166011050589e-05
1972-11-19,-0.004667249313518826,0.0009500261417216501,0.1383493427053908,3.412744756472313e-08,0.00033858939373897294,261.1967311471196,-0.00037977864471195786,3.2782565995148616e-08
1972-11-20,-0.0025029137814785805,0.0009388395790326393,0.13364814140477874,0.00013860630787025066,5.857069781944577e-05,261.7163423656744,-0.0002115556159935429,0.00013945836805354404
1972-11-21,-0.00393053266288197,0.0009343268844367421,0.13416125051494823,0.00018698566377499683,0.00012173859328873415,260.94563405886436,-0.00029069765097340623,0.0001878943820457674
1972-11-22,-0.0059326635410556685,0.0009438424965756088,0.12983729475635594,0.0,0.0008625410244626514,262.5560366887382,-0.0003117957904850696,8.52346317969932e-07
1972-11-23,-0.007342506136934636,0.0009425891152882982,0.12081604578625238,0.0,0.0011243800511636303,265.73246749691145,-0.0003193442336162605,8.77187744663388e-07
1972-11-24,-0.00370334934885219,0.0009143194236324332,0.11393298132944917,0.001042534339394273,0.0,265.24448221641296,-0.00019486606815608885,0.001044610304729617
1972-11-25,-0.003482504290039257,0.0009085943469893462,0.12766163856520718,0.0008087374354149663,0.0,260.6580976173703,-0.00020813864082266386,0.0008126945945295028
1972-11-26,-0.0025202159238400432,0.0009027947645402899,0.15804220368408664,0.009544050710349434,0.0,264.30512730370356,-0.00022495227029262967,0.009551803472979918
1972-11-27,-0.001400821542335769,0.000897024731851567,0.21817252236346518,0.003597002539594295,0.0,258.54029851220196,-0.0001708518366439868,0.0036007828126405727
1972-11-28,-0.0012652603330585244,0.0008913241537277309,0.22598295337511773,0.0009506257661318375,0.0,253.96452996780195,-0.0001136845261868784,0.0009543147631608025
1972-11-29,-0.0021589478783014806,0.0008856714782068286,0.22208245056497178,0.0015082592723396542,0.0,256.0274443509664,-0.00015494784624394724,0.0015109326879515891
1972-11-30,-0.0048274948014377875,0.0008832728121913759,0.23140669138418082,0.0008608106376424348,0.00014935133947154225,263.3925403767386,-0.0003374015154727435,0.0008649494182356064
1972-12-01,-0.00899270374727788,0.0008752708044429285,0.22453420175670905,3.4074409533355205e-05,3.816885084418928e-05,267.79457331152736,-0.0006041394462440647,3.6463772641908474e-05
1972-12-02,-0.008651037295322635,0.0008688433527272975,0.21594238281250003,0.00015224644777465005,0.0,267.83756644398034,-0.0006795674509837129,0.00015640408567649524
1972-12-03,-0.00032645851205297783,0.0008633075292501073,0.23505178907721283,0.003013634559630001,0.0,255.50946280197462,-3.1108105039529206e-05,0.003018857328226752
1972-12-04,-0.00041001071195817935,0.000857811358015416,0.31792074947033905,0.0065776199986368935,0.0,251.32502838537073,-9.652658097319684e-05,0.006580979339228076
1972-12-05,-0.00039991067122604893,0.0008523282358201884,0.33958328735581456,0.00028753303791170066,0.0,245.00127929931756,-6.320218076813693e-05,0.00029112854682423334
1972-12-06,-0.0011873407299909215,0.0008468781150667008,0.3165136075064736,5.2176226498716975e-05,0.0,245.44262859825812,-5.180774898515584e-05,5.572764886974615e-05
1972-12-07,-0.0006065593011635172,0.0008414742973564709,0.2999984827418785,0.0003602510833807584,0.0,249.8619888506816,-7.01193818769886e-05,0.00036505951395399236
1972-12-08,-0.0010391579004330825,0.0008360784774446219,0.2988324928642891,0.0005991257474584096,0.0,250.2366805821938,-0.00010492901533505337,0.0006029830813285589
1972-12-09,-0.0010588636337700537,0.0008307521120976593,0.2901995240407251,6.820732927591788e-06,0.0,247.58814456817566,-9.280379524843843e-05,8.680759747876746e-06
1972-12-10,-0.0012675762429075728,0.0008254089934677728,0.2883103077919021,0.0,0.0,247.25944682119484,-6.994353028508902e-05,0.0
1972-12-11,-0.0020215013774774844,0.0008201419802035317,0.286720405190678,0.0,0.0,252.29045536019706,-0.00012632141594832902,4.351138045421976e-07
1972-12-12,-0.0016457999156693282,0.0008148648644571251,0.2853964825358993,0.0001557131566233554,0.0,253.06618702344304,-0.00011759592314897958,0.00016056430536178534
1972-12-13,-0.00200165185214436,0.0008096372508733286,0.2883944466513654,0.0002726923863766557,0.0,254.0971389741772,-0.00013706332209420072,0.00027525744869210625
1972-12-14,-0.002110002320365044,0.0008044426387312722,0.28629948100576746,1.4063497047639837e-07,0.0,255.38310204342488,-0.00013838021747641645,1.00455704926076e-06
1972-12-15,-0.003320415520061881,0.000799241375788457,0.2851157897834275,9.966336485356262e-05,0.0,256.0083012015133,-0.00019834085899052644,0.00010094734708246574
1972-12-16,-0.004714572286538485,0.0007973923689901493,0.2812536782015066,0.0,0.00014856518746095865,264.1825258466933,-0.00035167409706923926,1.7080564020943712e-06
1972-12-17,-0.0044828625553745335,0.0007910001917747455,0.27421337063029666,1.2205271734356207e-05,9.206682443618774e-05,269.0605670620044,-0.0003190648736758421,1.2208597134735626e-05
1972-12-18,-0.0037355175462819765,0.0007838302918073148,0.2738375044138418,0.0019227441000399619,0.0,269.30225956731823,-0.00031520906141248805,0.0019310678633243218
1972-12-19,-0.003957383671386094,0.0007803923329391049,0.278010883798258,0.00046349175821589893,7.410808387449233e-05,268.0570669910553,-0.00030830840311818204,0.00046846324430891334
1972-12-20,-0.002942760111921925,0.0007737045739330141,0.2830084102077448,0.0024242089840315157,0.0,266.23873496190305,-0.00022625794244856485,0.0024379808573188467
1972-12-21,-0.005051030824750157,0.0007700854438846394,0.291009877810146,0.0003691042883921478,6.26578674478046e-05,267.77888969019085,-0.0003190805114763605,0.0003724129523211381
1972-12-22,-0.004625959879597703,0.0007637239108651372,0.2851479740466102,0.00019613579757469526,0.0,269.38616578772024,-0.00036402855405194616,0.0002307310952978619
1972-12-23,-0.0034434666993927825,0.0007587417034106066,0.3206056066825565,0.006026957752340932,0.0,266.53198238954707,-0.00024595975581198767,0.00604709696623646
1972-12-24,-0.003074265932295956,0.0007538140493597689,0.33060019972634186,0.0010225849257687392,0.0,267.80582458151264,-0.0002593133693276826,0.0010244138328369056
1972-12-25,-0.0032382952207225865,0.0007489457473916522,0.34775763042902547,0.001976646840740732,0.0,262.31103822740465,-0.00023943656729271185,0.0019931650767551034
1972-12-26,-0.0054418543132685,0.000744087295343647,0.34530794822563565,1.312228245923748e-06,0.0,266.8821835311344,-0.0003014753840989986,2.02026157596861e-06
1972-12-27,-0.008022299341562778,0.0007392865958186867,0.3356958881385358,0.0,0.0,269.72486435626183,-0.0006523899323606896,4.261732051702438e-07
1972-12-28,-0.003878233628084431,0.0007345039965742725,0.32763166122292847,0.0007096319380453078,0.0,267.92213408691066,-0.00031675778771356005,0.0007122651331501222
1972-12-29,-0.001123410412820719,0.0007297759507335512,0.36170146245291906,0.006507184461685224,0.0,261.6000135245746,-0.00016869700350667126,0.006512043525237388
1972-12-30,-0.001352207598376409,0.000725001349287518,0.411883625382533,0.002065545295254659,0.0,257.8123342905566,-0.00011008093396654237,0.002070975981693489
1972-12-31,-0.0010354030182806112,0.0007201918942780145,0.4197579651453625,0.0023728787772736306,0.0,257.92576756809615,-0.00010424110996352752,0.0023786331518449695
1973-01-01,-0.0023558419723968722,0.0007153406823422277,0.43586457965513187,0.001166294839254207,0.0,257.4886086422621,-9.136807468146255e-05,0.001169462654561974
1973-01-02,-0.0035122789147883486,0.000710524071407857,0.42981738649070156,1.1832532236131572e-06,0.0,263.91493075311524,-0.00014971161924176297,2.3103365554376622e-06
1973-01-03,-0.0013179151436029856,0.0007057090600331626,0.45792298397775427,0.0059733448897377915,0.0,258.08898209896915,-0.00022755526427158533,0.005979867795153078
1973-01-04,-0.0013791254937312025,0.0007009353004606431,0.4795469007474106,0.000574163671603984,0.0,250.1854412452425,-9.990641373698994e-05,0.0005784946072783557
1973-01-05,-0.0018250960330505157,0.0006961663395671522,0.47369925001471286,4.8418902913055856e-05,0.0,250.03763835713016,-6.542343246398e-05,5.092827941398818e-05
1973-01-06,-0.0016802686166628607,0.0006914452812765952,0.47099830067090404,2.3958499485490014e-05,0.0,249.68051371960541,-6.90032049255856e-05,2.6088161577504745e-05
1973-01-07,-0.0010513276451051573,0.0006867556248681021,0.4685502276806733,0.0002137408460264152,0.0,248.42747722417397,-6.1209666105987e-05,0.0002195956679037599
1973-01-08,-0.0010829103615997875,0.0006820739662579898,0.4690624172404661,9.966340694723832e-05,0.0,246.4901186768843,-4.102601169866358e-05,0.0001028953972459614
1973-01-09,-0.002372135760757209,0.0006774718646949294,0.46727848950976936,1.3270031260905294e-07,0.0,245.43336472807633,-6.80654998973938e-05,5.644255762582994e-07
1973-01-10,-0.002655516446983747,0.0006728844117310088,0.46394396995645015,0.0,0.0,252.98098644967806,-7.545009339596592e-05,1.2904405366498395e-06
1973-01-11,-0.0028755815099861665,0.0006683350114499109,0.45934943649952925,0.0,0.0,258.38894519338953,-0.00010852316278690673,1.293121329126734e-06
1973-01-12,-0.002606610204540404,0.0006637755086866476,0.45430501302083337,0.0015302310555668202,0.0,264.8544949569271,-8.152631021993982e-05,0.0015348499946001562
1973-01-13,-0.004195428669115918,0.0006592639085263183,0.45611882613877125,0.0002561757751440598,0.0,268.2197499535627,-0.00019601009533566947,0.00027194102806475136
1973-01-14,-0.0053246481775564,0.0006547853098077289,0.443626274496822,0.00025443663283929987,0.0,271.5094729026608,-0.00028510405392633323,0.00030740413080499726
1973-01-15,-0.005515466344221838,0.0006503530141323973,0.4295346247498823,0.0,0.0,271.6235107666131,-0.0003234079781140985,8.628866084684677e-07
1973-01-16,-0.0063995136800458876,0.0006459255171360944,0.41685632393185035,0.0,0.0,270.0656916264536,-0.0004238637985061791,1.2814998058274796e-06
1973-01-17,-0.0023956464256270457,0.000641560823903919,0.41253351761122886,0.0043327889831389415,0.0,268.57467450215546,-0.00022995487213303142,0.00437886681253541
1973-01-18,-0.0036544072846908357,0.0006372490845157603,0.4573995299258475,0.002218454465859354,0.0,264.44789343365176,-0.0002596938488005245,0.002223962413313658
1973-01-19,-0.0022068510284531592,0.0006329753978104242,0.4530521256326507,0.001108768927512196,0.0,263.749127102437,-8.732657669122611e-05,0.0011411802355490125
1973-01-20,-0.004870407620055528,0.0006287411107855328,0.4861901924435029,0.0036722750818662057,0.0,263.1647143319053,-0.00030212139047808566,0.003675833298877535
1973-01-21,-0.0012247906734714402,0.0006245467285651946,0.4859060513771187,0.0016600463939251875,0.0,260.17827351888025,-7.146077577845525e-05,0.0016633607245321118
1973-01-22,-0.005151232462481591,0.0006203653953843198,0.5153960319562148,0.002214918449773627,0.0,259.7211061179526,-0.00029427062004467865,0.0022173840296840497
1973-01-23,-0.004380729575615145,0.0006162370160474616,0.5149259118261535,0.0,0.0,263.5534122632273,-0.00011396023450093081,3.869375177600887e-06
1973-01-24,-0.0069157108243575885,0.0006121283365508257,0.5039007326977402,0.0,0.0,268.8760891391733,-0.000282995976339289,1.2904405366498395e-06
1973-01-25,-0.0051353103612775865,0.0006080742104578827,0.49073346096692566,4.31704319129556e-06,0.0,269.5531588337067,-0.00027799257471904917,6.036172213513919e-06
1973-01-26,-0.0019325368569395637,0.0006040083823230982,0.4810482966248823,0.0013428898475601175,0.0,265.79224808112826,-0.00019111525856674053,0.0013470837347173117
1973-01-27,-0.0023809468089523965,0.0006000253103547177,0.5149305095780368,0.0029865000502201124,0.0,258.7767629892813,-0.0002475281030276401,0.002991096229157529
1973-01-28,-0.005412526975917278,0.0005960603386668836,0.5175958263447505,9.91969037864168e-06,0.0,261.71773812820237,-0.00015251973044064088,1.1638766582725989e-05
1973-01-29,-0.007341358031930224,0.0005921384709029548,0.5082244585687383,0.0,0.0,266.47384879189474,-0.00030598128582798155,4.351138045421976e-07
1973-01-30,-0.0065484270032516315,0.0005882677048613124,0.49659398540489647,0.0,0.0,266.3805687180572,-0.0004056068716076135,1.7046928064701206e-06
1973-01-31,-0.004514032543379036,0.0005843785859770695,0.4874617007268126,0.0003732999544695946,0.0,260.34031842477805,-0.00021881412314829853,0.00037652378811046515
1973-02-01,-0.003093085509572326,0.0005805525234190084,0.48535891890301325,4.4027669618358724e-05,0.0,259.91165532185755,-9.531070515092484e-05,4.751903459448887e-05
1973-02-02,-0.004782262116165485,0.0005767693122227987,0.4798510420344868,0.0,0.0,263.0167886191618,-0.0001003701124066687,3.000528977281647e-06
1973-02-03,-0.006230155711120132,0.000573010852107894,0.4721603824593927,0.0,0.0,267.96075374438044,-0.00030745692172292943,2.581014996394515e-06
1973-02-04,-0.005849563679789419,0.0005692590427937482,0.4626205070768597,2.152544293699965e-05,0.0,266.53206702050966,-0.00034841207924198974,2.208672000863458e-05
1973-02-05,-0.003152189955199506,0.0005655748359227585,0.45605537716278244,0.001168913655193512,0.0,264.597886816481,-0.00020235630625722102,0.0011749300579517003
1973-02-06,-0.0010043465569194428,0.0005619107077350725,0.5078354887594162,0.005675057654326919,0.0,262.05494779382053,-0.00010567357353234697,0.005679748627390853
1973-02-07,-0.0031525973798864977,0.0005582810542677756,0.5428234610404896,0.0005263241039494337,0.0,258.16929458718744,-0.00015283452799427983,0.000530302911817098
1973-02-08,-0.0055641960457893415,0.0005546845285232458,0.5378532912547082,7.049322633420007e-07,0.0,255.36985874714824,-0.00018186442617137554,2.413649376083896e-06
1973-02-09,-0.006677714571104212,0.0005511227300611593,0.5312097696710217,-1.862645149230957e-09,0.0,259.3159690181639,-0.0002256608489206282,2.1420698317342612e-06
1973-02-10,-0.005396499850992429,0.0005475923334811368,0.5233774993379238,1.2652811694279905e-05,0.0,260.4138993983439,-0.00020352468462818762,1.536329851290448e-05
1973-02-11,-0.005901009602061772,0.0005440733863809014,0.5154594809322034,8.12600729829174e-05,0.0,264.11729258018255,-0.00028395017156493196,8.125342218215857e-05
1973-02-12,-0.0028961943199405566,0.0005406124443657654,0.5270191487170434,0.004202932498212589,0.0,265.1834792695701,-0.0002130006076925892,0.004207524929625901
1973-02-13,-0.0029400297477420443,0.000537164551390093,0.5433878350841573,0.000693352440487867,0.0,261.03182502789684,-0.0002323225361563392,0.000696928049850841
1973-02-14,-0.0037494185617414576,0.000533753111537567,0.5378197276659604,2.0464976965370825e-05,0.0,259.7153273580663,-0.00012655940306725475,2.2539269516117224e-05
1973-02-15,-0.005103377635869603,0.0005303648232066699,0.5302490694150189,-1.66270018970899e-09,0.0,260.2958372047841,-0.00017083177374581162,1.2786529168806737e-06
1973-02-16,-0.005781463731480184,0.0005270012859570778,0.5235729037929614,0.00013241100277604359,0.0,262.20883854005746,-0.00022486623608123111,0.0001353825216239455
1973-02-17,-0.005482025149851869,0.0005236923021111785,0.515799484683969,1.0988532991732583e-05,0.0,265.9965862482506,-0.0001387151200219063,1.0979882741378527e-05
1973-02-18,-0.0028034817364256262,0.0005203617663033265,0.5106564394273776,0.003416362644757255,0.0,265.0190618734126,-0.00018273552848120867,0.0034190618384566007
1973-02-19,-0.0044042880168068885,0.0005170889830185195,0.5737801244703391,0.003665340127749632,0.0,261.1971984583106,-0.0002442766928066642,0.003671609092561953
1973-02-20,-0.004256130990672247,0.000513834552576313,0.5769314236111112,0.0008167775589867501,0.0,262.4992638855556,-0.0002476468703335962,0.0008218309490643057
1973-02-21,-0.00829807988836267,0.0005106280247370403,0.5773006230873352,0.000313227922566193,0.0,262.5258542687655,-0.0002658622139422907,0.0003157965375082909
1973-02-22,-0.009059589587699224,0.0005074512992201552,0.5654326760387242,0.0,0.0,269.0365979900468,-0.00029726645325200035,2.5831650418695062e-06
1973-02-23,-0.009168504826766623,0.0005042910744241403,0.5515897646686676,0.0,0.0,269.13051047388,-0.00039839695633973106,3.004073732881807e-06
1973-02-24,-0.009244240652033164,0.0005011705018706242,0.5384523783250943,1.0126475560463081e-06,0.0,266.5056780691201,-0.0003806542931387654,2.861202703845502e-06
1973-02-25,-0.0076612301044544934,0.0004980267777954791,0.5281437588276836,0.0005668538522585637,0.0,266.9662961798199,-0.0004035512269553492,0.0005719412889800616
1973-02-26,-0.008516515042148742,0.0004950004108881547,0.5205418358639361,1.0813023410947985e-06,0.0,267.3829144228201,-0.00031664221952695635,1.5271922403001753e-06
1973-02-27,-0.007870557239163394,0.0004919476933398489,0.509984018214454,1.6443894407843468e-05,0.0,269.0312071870276,-0.00042704823768913413,1.7516895773774275e-05
1973-02-28,-0.010306734318113596,0.0004888931236698129,0.5024634754590396,0.00038293203980909233,0.0,268.2158865740071,-0.0004017292758670904,0.00039413409894027896
1973-03-01,-0.009518836051394038,0.0004858965590848762,0.4931445220544963,0.0,0.0,268.1844433929961,-0.00037451849797856345,4.4287513389917876e-07
1973-03-02,-0.003997960880314563,0.0004829329959416794,0.49047138910958105,0.0043168722067849115,0.0,267.719561747463,-0.0003431402988689768,0.00433004622797402
1973-03-03,-0.008918483967834947,0.0004799694327984826,0.5203740179201978,0.00019304725830837833,0.0,263.36737073478054,-0.00034594229596146087,0.00019604893504485086
1973-03-04,-0.00962723955764609,0.00047704552189778475,0.5126318635240114,0.0,0.0,264.6566379029872,-0.0004068467618718659,4.318514470469381e-07
1973-03-05,-0.004053270875734124,0.00047415301287915076,0.5080672154543315,0.00207537877778549,0.0,264.78903985248,-0.00023734190180308405,0.0020785359001752888
1973-03-06,-0.004766678111364613,0.00047126715466127563,0.555461071754355,0.004759386497533928,0.0,263.8858232623889,-0.00023761359017110818,0.004766750403077348
1973-03-07,-0.006837739740724619,0.000468425999926982,0.5691963957303438,0.0006320480741349991,0.0,263.162168280104,-0.00026560460064707506,0.0006337974030524323
1973-03-08,-0.0077329561703622695,0.00046558804431204076,0.5652342830449624,0.00017405490754014355,0.0,263.4959036976155,-0.0003305892802059314,0.0001775500127483626
1973-03-09,-0.007923947257847437,0.0004628014429814399,0.5554233701889125,4.86312023663925e-05,0.0,265.1861971839,-0.00033616891267609466,5.2199393378988e-05
1973-03-10,-0.00913624608584043,0.00045999488924856235,0.5460818878001413,5.843023122367212e-07,0.0,265.4537157500531,-0.00039543873909334687,3.2880509688329565e-06
1973-03-11,-0.008391721942330484,0.00045727774248284806,0.5377431750971046,0.0012170945183705476,0.0,268.21434554047954,-0.00034965675240014235,0.0013026327293757256
1973-03-12,-0.005955296131850637,0.00045451749179322847,0.5534107043020244,0.0030077958932030672,0.0,269.1214525362866,-0.0003625794319109728,0.0030388694698186653
1973-03-13,-0.003233448049779666,0.00045183334646925423,0.5543079555820387,0.004840586755403691,0.0,267.2397993055441,-0.00020329681577655555,0.004880139741554831
1973-03-14,-0.004927146906233104,0.00044914920114527994,0.7230576337394067,0.02289921232620202,0.0,264.6734422694492,-0.00041677834371388973,0.022906415661073733
1973-03-15,-0.005516132855482694,0.0004464799569824995,0.7754522348752354,0.001994536926517379,0.0,262.46393487502854,-0.00025886709217802956,0.0019994585602348377
1973-03-16,-0.008609101218355578,0.00044384051514210674,0.7743322225164784,0.00011676265779188126,0.0,264.22177947667586,-0.00020036252352309092,0.00011917605236172
1973-03-17,-0.010971848826623906,0.00044123407474345414,0.753427853916549,0.0,0.0,268.61110846381183,-0.0003871408548984825,2.1523467239603633e-06
1973-03-18,-0.004684425301134249,0.00043865583710751295,0.7348421315913372,0.003652782468809247,0.0,267.0109860299895,-0.00028958352608869306,0.0036610286030430085
1973-03-19,-0.009845503053422702,0.00043606589742973027,0.7735581909869351,0.002640341150726976,0.0,265.72335356013696,-0.00031253221934124576,0.002641706648519484
1973-03-20,-0.012179759557301044,0.000433535562396723,0.7540133776188794,0.0,0.0,267.7946557801098,-0.0004496865637474142,1.2904405366498395e-06
1973-03-21,-0.010433412709478606,0.00043103343012642725,0.7324057828684087,0.00029998131643580855,0.0,269.6594853553844,-0.0005324602463824601,0.00043857109401729803
1973-03-22,-0.005901792039305477,0.0004285145445732074,0.7192980520244823,0.006261984907132758,0.0,266.03430590656524,-0.00046195073505747797,0.006266321587023763
1973-03-23,-0.0048380944099129936,0.0004260669657066044,0.8156963571092279,0.010705878758161083,0.0,265.93553327212004,-0.00030196534922230717,0.010711490013505107
1973-03-24,-0.0071994837394541945,0.0004236177872803252,0.8510834142537667,0.0025117377734790417,0.0,264.6687606193701,-0.00042990928168519076,0.0025194861793572487
1973-03-25,-0.0125780100960516,0.000421153455130798,0.8361296860287195,1.000368830847875e-05,0.0,265.612120059026,-0.0003831038609315447,1.0853972036339929e-05
1973-03-26,-0.01479403809302271,0.0004187537788671289,0.813382768361582,0.0,0.0,268.59310196483204,-0.0004563533916732685,1.2814997489840607e-06
1973-03-27,-0.00515927555365751,0.00041636075340421863,0.7998771020921611,0.0029100835912645204,0.0,265.4294922787367,-0.0003748136062153989,0.0029184539561135413
1973-03-28,-0.004135456083521331,0.00041398582822185456,0.8388982223252118,0.004802497914113568,0.0,264.27695707188263,-0.0003383450978304034,0.00480848843765081
1973-03-29,-0.004859669355012603,0.0004116822097261073,0.86654013653484,0.0037890681733856093,0.0,263.39451401202246,-0.00032431608076486214,0.003799506112578279
1973-03-30,-0.006765132948840406,0.0004093320356250483,0.8718560572622412,0.0011591445128459716,0.0,263.87136227666997,-0.0002784426666080615,0.001166985802726298
1973-03-31,-0.010287259047651022,0.0004070249654478946,0.8549338015683853,4.351320071408978e-05,0.0,263.503031635464,-0.0003871323624994122,4.777169532333749e-05
1973-04-01,-0.006840540611811277,0.00040472614563117596,0.8420582571945622,0.0027572437489436848,0.0,265.0644330313875,-0.0002692536277286077,0.0027625936024194124
1973-04-02,-0.005687603632272302,0.00040244222697565114,0.8690275203036725,0.005833762450575155,0.0,264.74359398103707,-0.0002711031186041859,0.005874530070245604
1973-04-03,-0.005608086910961711,0.00040010535447610975,0.8910829360875707,0.0033778320934812907,0.0,263.86928793266,-0.000332602946940115,0.003383289622721699
1973-04-04,-0.011429951226307173,0.00039789754118623035,0.8934880200976932,0.0005538546096133647,0.0,264.47137104544487,-0.0003349088858497345,0.0005572290549133545
1973-04-05,-0.01417086694368535,0.0003956748267351571,0.8714778921698446,0.0,0.0,269.57619669567623,-0.00043477184312828526,0.0
1973-04-06,-0.006742722907308806,0.00039348696584755424,0.8725406625176555,0.009271776293125531,0.0,268.61553271162535,-0.0005824153422046516,0.009444113538036022
1973-04-07,-0.006089742868970343,0.000391322003919526,0.9910985224664549,0.01024554545680682,0.0,260.3437529346588,-0.0006048175122188984,0.010253223051976188
1973-04-08,-0.004101945308305449,0.0003891588941132282,1.0194569963070856,0.002845889367794587,0.0,257.4499264805106,-0.0002194905053761046,0.002848784834822059
1973-04-09,-0.008788221973483844,0.0003870354365494292,1.0395615859669258,0.0007343196473215933,0.0,258.49430159301187,-0.00029887167452755624,0.0007365182967159571
1973-04-10,-0.006883748717563975,0.0003849069277445476,1.0260614369997647,0.0024246734246022284,0.0,264.7846892656804,-0.00011176047688823635,0.002428307377692561
1973-04-11,-0.011387370484696945,0.0003828100733837839,1.0140916497469399,0.00026777841277041684,0.0,268.45087850969395,-0.00026395250280193016,0.0002702946711325769
1973-04-12,-0.01629148124806625,0.00038070151698117873,0.9800069058233286,0.0,0.0,270.0042735960075,-0.0005767238720998925,1.716613724056515e-06
1973-04-13,-0.01562317915387073,0.0003786259620203137,0.9471081519979991,0.0,0.0,271.22425348386025,-0.0006486126984664276,6.680365477980862e-06
1973-04-14,-0.009026859271324288,0.000376585260622919,0.9161250514948212,0.002463499536622042,0.0,271.1280550732227,-0.0005269853061454445,0.0027172393003826916
1973-04-15,-0.010921717531936992,0.0003745544091456355,0.9832071710216572,0.009154718095636637,0.0,264.816914369831,-0.0008034731792864827,0.009167943386923377
1973-04-16,-0.013689117074686256,0.0003724953549056404,0.9746415592631829,1.6142924626668296e-06,0.0,265.7077254494705,-0.0005245877556123976,2.605531170283997e-06
1973-04-17,-0.01165807356605422,0.00037056401287768523,0.9537059259504472,0.0005738493581276155,0.0,270.1718133793488,-0.0004096366780794273,0.0010333968179230722
1973-04-18,-0.003615436791363409,0.00036854461088018904,0.9567590630885124,0.010844022035598757,0.0,268.5290742037211,-0.0003011770136022972,0.010961590362054375
1973-04-19,-0.0030607036867384184,0.00036656006244616324,1.0830855145068268,0.028393255451978263,0.0,266.34657146791506,-0.0003448749897675326,0.028398384953554557
1973-04-20,-0.005778727600466734,0.000364620217495719,1.3572179647039786,0.028483281385595517,0.0,266.4400469066958,-0.00032522315212057143,0.02848728661141994
1973-04-21,-0.007224692042264562,0.0003626952737064685,1.3821798493408664,0.002267502016771985,0.0,266.2195563307365,-0.00039792847477615223,0.0022749826226854592
1973-04-22,-0.013664300411434498,0.00036074372671418277,1.3366106108757063,8.489147333775537e-05,0.0,267.414642014297,-0.0005088720291768764,8.905514670778106e-05
1973-04-23,-0.011626665832969429,0.0003588634864085138,1.288483413150306,0.0012601270303551088,0.0,270.29001401193625,-0.0003488460282063754,0.0015121766571271219
1973-04-24,-0.005169749259948731,0.0003569765953020861,1.2665185730785076,0.007229189835699265,0.0,269.787549516351,-0.0003951094139598857,0.007436161526076592
1973-04-25,-0.0036444587811911852,0.00035509635499641725,1.325188185984581,0.015101303046537657,0.0,268.8405645841035,-0.00033409891934212994,0.015348442563800543
1973-04-26,-0.010084175709950722,0.0003532706680944411,1.3522429672787195,0.0007620739861059996,0.0,267.32914709820363,-0.0004198911289374034,0.000794525133009425
1973-04-27,-0.017342406940662254,0.00035140027770888337,1.3092045613376886,0.0,0.0,271.33583483722924,-0.0005555503638619084,3.4089798890237565e-05
1973-04-28,-0.017666929354101926,0.00034964749705320027,1.2588474539489172,9.697850393710163e-05,0.0,273.5838346678883,-0.0008104729892338737,0.0010006016257069308
1973-04-29,-0.005768804732015577,0.00034779040826916024,1.2253946710216574,0.006763281837358313,0.0,269.3816428642489,-0.0007376062162851882,0.007087832049456434
1973-04-30,-0.004622928840292376,0.0003459910720081653,1.310004800052966,0.016412986263548587,0.0,267.9086557988169,-0.0004573518483988984,0.01654551067921272
1973-05-01,-0.005794319771440689,0.00034422339019128835,1.405997123646422,0.012140008857694722,0.0,267.64019406852077,-0.000384395247546293,0.012197495224828435
1973-05-02,-0.010121341689495043,0.00034247540821463377,1.4436016765242468,0.005047407190678484,0.0,268.0557973865287,-0.0004978961453346884,0.005098195028775641
1973-05-03,-0.01712060075695232,0.0003407125250767854,1.4120548916401838,1.178601872449541e-06,0.0,270.2933634598152,-0.0005726378758327437,2.023897499741593e-06
1973-05-04,-0.016919756676517638,0.0003390425005875065,1.363561942752472,0.0,0.0,273.23253737196416,-0.0007172859573768357,0.0005897514563146148
1973-05-05,-0.012616157910581363,0.0003372846686907408,1.3106597498087336,4.2964909541404856e-05,0.0,272.316264064523,-0.0005747266008523898,0.0006409560394655853
1973-05-06,-0.008074235949812637,0.00035694797160261773,1.270012174846987,0.0010919165350286302,0.00075364775829396,272.89507497367214,-0.00036133995206005836,0.0031521892143280762
1973-05-07,-0.008486716634472884,0.0003573633519943151,1.2336979810351933,0.002004678597894766,0.000630282181299339,272.36367572274366,-0.0005344768175802663,0.004989806659488947
1973-05-08,-0.009547950226371572,0.00034476387298713304,1.2122055599693973,0.0017695055885166772,0.00018364180531878931,272.69074151565354,-0.0006976083268300961,0.003868677770104263
1973-05-09,-0.016129826969009334,0.0003350529461930701,1.2028817789253767,0.0044840450509119854,5.326565291921971e-05,270.9566125564432,-0.0015943613492668011,0.005514596343611648
1973-05-10,-0.012501716319113804,0.00032890609091958085,1.2089931107285783,0.0016953098971796575,0.0,270.51473182204086,-0.0008429259714265329,0.0023437564151330185
1973-05-11,-0.014078147583088632,0.0003272241118264064,1.2038843187235169,0.00138708121948323,0.0,268.6768737189514,-0.0009676079386792614,0.001484829321122438
1973-05-12,-0.016104462161912757,0.0003255721876176737,1.189089442826036,0.0,0.0,268.8640914600897,-0.000627142371936033,4.2964952835937916e-07
1973-05-13,-0.015750687422051945,0.0003239466140499223,1.1739421492467044,7.677044572129762e-07,0.0,270.6308122660032,-0.0005652297624928804,2.77872139451194e-05
1973-05-14,-0.017850918453291988,0.00032234444456585387,1.1546738906544256,1.4534483184922213e-05,0.0,272.3307809524393,-0.0007001856068349155,4.1708602743633726e-05
1973-05-15,-0.021953932856772582,0.0003549682218476204,1.1261600128001414,0.0,0.0017615461795680268,275.5839375713226,-0.0007746513448866073,-3.199119352351475e-09
1973-05-16,-0.022776949077339497,0.0006275692228543558,1.0816848093955982,0.0,0.006841473386617704,277.2779259044123,-0.0007562982339390928,0.0003433168607916536
1973-05-17,-0.021355976240109587,0.0012143154939015706,1.0347702687294023,0.0,0.011777762470945802,278.2379334013341,-0.000714460045814851,0.0008271003058944909
1973-05-18,-0.02334254504428745,0.0017375321374774654,0.9823517592837807,0.0,0.01001388217601399,277.87177533079677,-0.0008631627743611229,1.5514049713303682e-05
1973-05-19,-0.024112248993189325,0.0013342437434331173,0.9342608837982582,0.0,0.010043379550768158,277.23020089144086,-0.0008428475193384677,1.1507963758676184e-05
1973-05-20,-0.021109091570485114,0.0019940877028104278,0.8866559906867939,0.0,0.011020997654920244,278.1743982318656,-0.0008286717900280226,0.001054167242316607
1973-05-21,-0.017357205140725366,0.0004487061231149792,0.8505962824417374,0.0007931484214666873,0.0014718157886448554,274.11311021722196,-0.0011622283165737737,0.0014737196392882446
1973-05-22,-0.02345147270098918,0.000316248943576705,0.8420428547257535,2.944389473920488e-06,0.00014484875788122923,273.44601754010733,-0.001544514523640191,5.51360956752294e-06
1973-05-23,-0.020790429480668518,0.0005546929472583836,0.8196281246321799,0.0,0.0033099228926634387,275.95167864064933,-0.0010243189010748083,0.00019968470325216906
1973-05-24,-0.01634200611862086,0.00137526908163297,0.7942296834539784,0.00013067192361179721,0.005571521734450496,275.2543502311922,-0.0007181698509023687,0.0038099009438423118
1973-05-25,-0.010141193866729736,0.0036554626152340303,0.7679889341307675,8.756993601551166e-05,0.008347480184277573,275.56368674441694,-0.0003521861403254466,0.006690010916681183
1973-05-26,-0.010810123072505671,0.00037672324369182695,0.7496629847869587,0.0010478134124965992,0.0002904629892548599,271.14394818681336,-0.0011903338849881275,0.0017650125220994358
1973-05-27,-0.017134717039469272,0.0003195007642110189,0.7500947136887948,0.00027974370845967097,0.0,270.1646618600619,-0.0013517058733324549,0.00028372881722762646
1973-05-28,-0.016290682436382705,0.00032412029255581443,0.7462530621027543,0.00033468612085627974,0.0,271.46801207878275,-0.0009462780208658365,0.0016194745304956267
1973-05-29,-0.008863274870956011,0.0003397653331864352,0.766258110434322,0.005110366659312598,0.00018706004329993903,271.3710018129223,-0.00043737503705220033,0.00814530485647724
1973-05-30,-0.017949074759321698,0.0006233563194167143,0.7736616404043078,0.0006758994133458973,0.002811336900386433,274.15360470500593,-0.0006908060888112602,0.001108101397482069
1973-05-31,-0.02770062973775433,0.001490951005348378,0.743804299449741,1.031295054376462e-09,0.00651244040431276,278.00409093953795,-0.0010914021503117125,4.261732087229575e-07
1973-06-01,-0.023168497040110123,0.0024625983952128957,0.7046891551906781,0.0,0.010780135032820836,278.72917996063524,-0.0008663898333907127,9.618497500985357e-05
1973-06-02,-0.01011513377734497,0.011649399406492374,0.6674425372969632,4.9795681810648426e-05,0.01216926888725852,276.1039213227238,-5.3290414523943673e-05,0.023446161312469706
1973-06-03,-0.01909493989611076,0.0005258771322541318,0.6480149666019304,0.0005720659753697067,0.0005126822171574932,271.60633471142324,-0.001725708118687242,0.00182972493135657
1973-06-04,-0.01732243189198823,0.000429432186703224,0.6481292207362288,0.0005715745948465531,0.0,271.8726456097964,-0.0010930801673376628,0.0020010460399638463
1973-06-05,-0.021359694584951565,0.0007487339320155861,0.6405286770980462,3.4147442060675325e-07,0.003207582938300688,275.1802000164313,-0.0009268197194162737,4.00195137132026e-05
1973-06-06,-0.02547396732083822,0.0025717482223349105,0.6123761825417845,0.0,0.009797249957498186,278.69808687328623,-0.0008348776132794423,2.115888662501675e-06
1973-06-07,-0.026500948657423765,0.0046421462869913575,0.5718833219309087,0.0,0.014360831871544574,279.8626241666,-0.0009406765102077338,-8.074607649177779e-10
1973-06-08,-0.02555239562597652,0.007176057093561032,0.5273127151747882,0.0,0.018344724203570417,280.3470082723039,-0.0006534919921456085,4.261732051702438e-07
1973-06-09,-0.03044170052823374,0.010575020717362226,0.4775503269921139,0.0,0.021664913133376065,282.4330462870625,-0.000868236072529844,0.0008091000682166842
1973-06-10,-0.020099992385018344,0.009836755650865158,0.42290121822033905,0.0,0.020962484265114628,280.5790427220519,-5.503744939289525e-05,0.0008685731955167265
1973-06-11,-0.010990074083293227,0.008253207735422641,0.3747457443208569,0.0,0.019577572322161188,278.8768299016575,0.00036865100264549266,0.001285978461389488
1973-06-12,-0.01887201551495299,0.007850175944425292,0.33052548625823924,0.0,0.020724034726114594,280.24465303367145,-0.0003056253364446473,0.00035912800295285563
1973-06-13,-0.027866140134253748,0.007409606276258911,0.28464796852930796,0.0,0.017282705501479617,283.06235971468766,-0.0009667090492817643,0.00038085586596887645
1973-06-14,-0.01664389897201021,0.009039821008504447,0.24554914628943034,0.0,0.014307079847249608,282.3942362539288,-0.0009571655027273685,0.006709146975098607
1973-06-15,-0.012487314304726275,0.00567613382123958,0.2143382271804379,0.0,0.00848677604969612,277.66929667413575,-0.0010545736989059017,0.00493191876179677
1973-06-16,-0.019211510059523717,0.003181822387512121,0.20519329868467517,0.0001584089198018198,0.000528209963760807,274.63102390626955,-0.0017604114919227394,0.0021994193058229436
1973-06-17,-0.019340885982001572,0.0036493948960708363,0.2009452058321563,0.0,0.0011218962191188403,276.29250419027613,-0.00185092964267495,0.005107517329941012
1973-06-18,-0.01736160982294945,0.003420112328340778,0.24302681960628533,0.009924778662158944,0.0001607923268598352,270.4312572838448,-0.0015227187919498837,0.010689957060965415
1973-06-19,-0.011696675276688938,0.003516514590904538,0.2929319679849341,0.007762467183467359,0.001713087266616229,272.68512812397125,-0.0006243291305704306,0.01121286121813382
1973-06-20,-0.01797372696258254,0.003696592345749592,0.2961821187911959,0.0,0.00441493413879373,275.60593569480767,-0.00128931885764087,0.002600338504093047
1973-06-21,-0.02060433771819045,0.004168934488700609,0.2662151214542137,0.0,0.0073429426273046924,277.66113626440597,-0.001304764274276246,0.0011864467866003177
1973-06-22,-0.027391777073932908,0.005014112692768291,0.2311696772745999,0.0,0.009612299880738986,281.4800370570181,-0.0012471704759587675,0.0001404985700387468
1973-06-23,-0.032383341700007014,0.006570658441317284,0.19957852408486348,0.0,0.009614685413527623,283.95897062484823,-0.0015808848800968989,0.00022371197487674866
1973-06-24,-0.024676998245850797,0.005612028520659539,0.1724159255090631,0.0,0.008109773598653449,283.40028309866983,-0.00128954186467296,0.00019113468584543907
1973-06-25,-0.029713631602330398,0.0057109168357094816,0.15267823644950568,0.0,0.007160461365671482,282.4271088113444,-0.0015979391485873588,1.2993812106287805e-06
1973-06-26,-0.02456800934285094,0.008955067413001411,0.13126466682850757,0.0,0.00943445222778509,283.6247826628317,-0.0013286488362203885,0.0012916565108757772
1973-06-27,-0.020082858701546986,0.015391762563064274,0.10534162216042844,0.0,0.011852070941763411,283.66677556154644,-0.001234727253937452,0.009506756641613158
1973-06-28,-0.022555162846031835,0.012843094892421011,0.07713441435675612,0.0,0.011550550175420308,284.15498299966873,-0.0012428428725165838,0.0020347684621810917
1973-06-29,-0.02317354828119278,0.011109630603574765,0.05077090505826271,0.0,0.00940072877427279,285.08387278253304,-0.0015881266287070212,0.002431493974820299
1973-06-30,-0.028802639052356034,0.009333186735541135,0.029893433306850285,0.0,0.007265787403293923,285.6237096876299,-0.002239473453475594,0.0003281955664318428
1973-07-01,-0.02901621440709648,0.008011345556900326,0.015462699358521658,0.0,0.00371614452135765,285.7995387003696,-0.002428526058793068,0.0015810713662613332
1973-07-02,-0.03246358739959318,0.007535024214599093,0.009446770906897363,0.0,0.0015324745853405215,282.35843879714076,-0.0024293809602994707,8.656481468612795e-07
1973-07-03,-0.03478285775514646,0.007027815543325608,0.005519601135828626,0.0,0.001323857549893654,285.4711971211119,-0.0026658619043685625,6.662139138964033e-06
1973-07-04,-0.03766745392043712,0.006488002121111768,0.002635891154661017,0.0,0.0008115473566418988,287.1074821055497,-0.0026225839546844786,4.40908732351522e-05
1973-07-05,-0.04176585140538082,0.005989020153627558,0.0012165651483050848,0.0,0.00041469133927323723,288.40155531457594,-0.002995914532303137,2.059269833819337e-05
1973-07-06,-0.04403509393250201,0.005544197929781036,0.0006082825741525424,0.0,0.00019130306476253578,290.17923590737325,-0.0029486398722997492,5.311968902980756e-06
1973-07-07,-0.041277836608347926,0.0051581021082603325,-7.3453647229951e-24,0.0,7.231546155476975e-05,287.02922631028457,-0.002833096363113425,1.7646197190032515e-05
1973-07-08,-0.037215922764465635,0.004822821603656489,-7.3453647229951e-24,0.0,2.8186451412190154e-05,288.6959204808467,-0.002663538459751566,0.000242104924228959
1973-07-09,-0.035441680395670534,0.0045364685146148595,-7.3453647229951e-24,0.0,1.137438466993429e-05,287.6550716895842,-0.0027571651810980114,0.001056754690003314
1973-07-10,-0.03477716488016527,0.004266062362045892,-7.3453647229951e-24,0.0,4.399546795645676e-06,288.3041264521425,-0.0027041990667749935,1.3561908808131677e-05
1973-07-11,-0.03926618060486465,0.0040299260178528265,-7.3453647229951e-24,0.0,1.6923130905560855e-06,290.33935915772753,-0.0028638958583696414,6.659573075875714e-06
1973-07-12,-0.021028819309789584,0.003903475690022701,-7.3453647229951e-24,0.0,5.445869292243053e-07,286.11073350636974,-0.0022732877398783206,0.007007362428255728
1973-07-13,-0.01538785197640543,0.00372008356334126,-7.3453647229951e-24,0.0,1.8523321986871927e-07,282.6471817749368,-0.0029446910119662853,0.006894117223238595
1973-07-14,-0.02138852551158539,0.0035002873947391406,-7.3453647229951e-24,0.0,8.82914847573318e-08,281.23549550805393,-0.002286050963283932,0.0009701803776533933
1973-07-15,-0.02742010173992922,0.003345054505908557,-7.3453647229951e-24,0.0,5.362734282757603e-08,283.14731356877616,-0.0023287147504545878,0.00017724720771703344
1973-07-16,-0.028850626937076875,0.0032339415139397663,-7.3453647229951e-24,0.0,2.6813671413788014e-08,285.00927710308645,-0.0027632271018573793,0.002508921441373933
1973-07-17,-0.03244486678454836,0.003132184178142225,-7.3453647229951e-24,0.0,1.2375540652517547e-08,286.45513979593915,-0.003061697602608783,0.0047308015283655715
1973-07-18,-0.024073348796300294,0.00304410762369296,-7.3453647229951e-24,0.0,8.250360435011697e-09,284.6710041786094,-0.0030574110668089433,0.006618194223032807
1973-07-19,-0.012060588657182488,0.004098151363221939,-7.3453647229951e-24,0.0,2.062590108752924e-09,282.95103551214476,-0.0034202753781935598,0.01760886626439709
1973-07-20,-0.002340435645001083,0.0030928917523831297,-7.3453647229951e-24,0.0,0.0,280.7358801423269,-0.0023014669564400017,0.018953905203993676
1973-07-21,-0.01323959757547594,0.002764597282571308,-7.3453647229951e-24,0.0,0.0,281.5254809887845,-0.0024901224710678653,0.003748410334021359
1973-07-22,-0.013993919022002463,0.003654682871985571,-7.3453647229951e-24,0.0,0.0,280.59229556225563,-0.0027694480104298244,0.010900373066416679
1973-07-23,-0.0063572015381802285,0.0027944851393080033,-7.3453647229951e-24,0.0,0.0,280.07320295574533,-0.0031118238355311973,0.01141935675717778
1973-07-24,-0.012463045196007874,0.0033445841511764098,-7.3453647229951e-24,0.0,0.0,280.1451633618601,-0.002401604054043185,0.007641654703738913
1973-07-25,-0.023300770607035046,0.0025320621365207737,-7.3453647229951e-24,0.0,0.0,281.5001554040137,-0.0023137776202148638,0.000805802258277431
1973-07-26,-0.02249280737955018,0.0025166651118273117,-7.3453647229951e-24,0.0,0.0,282.72047645942416,-0.002656407822660134,0.0024842060767778455
1973-07-27,-0.020977645481036884,0.0025446173329811313,-7.3453647229951e-24,0.0,0.0,282.6953697779309,-0.002880473915845324,0.005607989581862466
1973-07-28,-0.023632035838008603,0.0025414889310039373,-7.3453647229951e-24,0.0,0.0,284.5698954336163,-0.002647833888140102,0.0047821525125845135
1973-07-29,-0.01718845774056548,0.0036651742997142562,-7.3453647229951e-24,0.0,0.0,283.3785259189355,-0.0028899802200201543,0.011087484098015727
1973-07-30,-0.018472659217435763,0.002609284331569564,-7.3453647229951e-24,0.0,0.0,282.09490667583805,-0.002738604632516702,0.00647997606545566
1973-07-31,-0.025944665537378887,0.0023769498881647142,-7.3453647229951e-24,0.0,0.0,282.9584331692051,-0.002702073962296133,0.0023802023870656214
1973-08-01,-0.02878910134741142,0.0023443109571597,-7.3453647229951e-24,0.0,0.0,284.2941517982555,-0.0027109780427763018,0.0017606336686556557
1973-08-02,-0.02841266716099055,0.0023465463839008314,-7.3453647229951e-24,0.0,0.0,285.1680946852977,-0.0027901100857698987,0.0033014962564404267
1973-08-03,-0.02997474540761635,0.002278738607794552,-7.3453647229951e-24,0.0,0.0,285.3123587340734,-0.0026144093891742543,0.00042542008564834435
1973-08-04,-0.01852451487954727,0.0023216411555554233,-7.3453647229951e-24,0.0,0.0,284.55594236298475,-0.00240746838708887,0.005190011522008821
1973-08-05,-0.026055231395751072,0.0022498152855425905,-7.3453647229951e-24,0.0,0.0,285.1175534020261,-0.0025286290289486873,0.001654180890457451
1973-08-06,-0.024523904262962987,0.002254784023020901,-7.3453647229951e-24,0.0,0.0,284.53760327412806,-0.0021438203636283256,0.003616292533499514
1973-08-07,-0.01986424667013567,0.0021916494026022445,-7.3453647229951e-24,0.0,0.0,282.3052623231533,-0.002613909011127922,0.0017786526410138405
1973-08-08,-0.025492637255097515,0.0021515096311515336,-7.3453647229951e-24,0.0,0.0,282.3059292486159,-0.0022672775522463743,0.0005358568894180769
1973-08-09,-0.03143298802739483,0.0021288348624935263,-7.3453647229951e-24,0.0,0.0,284.1346355948296,-0.002548076375519152,0.0011329033112072104
1973-08-10,-0.02923283515508566,0.0021061026780618787,-7.3453647229951e-24,0.0,0.0,285.42157566480046,-0.002426773025575331,0.0012575915763782589
1973-08-11,-0.0214113654558268,0.002138060365019545,-7.3453647229951e-24,0.0,0.0,283.95493480086105,-0.0026393369903082906,0.006211180740807852
1973-08-12,-0.02048501094519082,0.002059237515859011,-7.3453647229951e-24,0.0,0.0,283.12287413243297,-0.0023876647122919896,0.00216267139214451
1973-08-13,-0.02723675532697958,0.002005087117017326,-7.3453647229951e-24,0.0,0.0,285.0540795371133,-0.002514672686614223,0.0001962979802750194
1973-08-14,-0.03474926144558158,0.0019818226159629177,-7.3453647229951e-24,0.0,0.0,287.0496058922029,-0.002747261023285699,0.001062743642049968
1973-08-15,-0.03133964938464138,0.001959728234905308,-7.3453647229951e-24,0.0,0.0,285.7963205865548,-0.0026739137247204785,0.001373421767739903
1973-08-16,-0.03395322428248023,0.0019323830045549213,-7.3453647229951e-24,0.0,0.0,287.563751874446,-0.002738673040001406,0.0020997157247165245
1973-08-17,-0.03646701056573351,0.0018818821273954576,-7.3453647229951e-24,0.0,0.0,288.66795728794824,-0.002671731620143026,9.672444744379484e-05
1973-08-18,-0.03407596729401142,0.0018871694298113809,-7.3453647229951e-24,0.0,0.0,288.4122884753958,-0.002835803912521082,0.0031932638850440853
1973-08-19,-0.03425643635166567,0.0018284651687589743,-7.3453647229951e-24,0.0,0.0,286.87302289485035,-0.0027379036307503277,0.0007939663309826822
1973-08-20,-0.03299341847499212,0.0017998568755758684,-7.3453647229951e-24,0.0,0.0,287.78743118889594,-0.0026840282193684984,0.0011228734338916107
1973-08-21,-0.022157086533004956,0.0018324926916488823,-7.3453647229951e-24,0.0,0.0,287.2967419741069,-0.0022397820790440353,0.00618482292708704
1973-08-22,-0.0182244142906814,0.0022743942037140585,-7.3453647229951e-24,0.0,0.0,285.1616186116824,-0.0029084303831986794,0.011082941038386456
1973-08-23,-0.023376317263323038,0.0017294962864137639,-7.3453647229951e-24,0.0,0.0,284.13237479042874,-0.00276503126836766,0.0019913964015615864
1973-08-24,-0.041810348840419856,0.0016815787823186757,-7.3453647229951e-24,0.0,0.0,286.44270114216204,-0.002594133975815638,0.00044386435699504315
1973-08-25,-0.03242000402872172,0.0016512752084408778,-7.3453647229951e-24,0.0,0.0,284.74106172608344,-0.0023375505707779174,0.00014911820994005363
1973-08-26,-0.03159595314560637,0.0016213661364916357,-7.3453647229951e-24,0.0,0.0,285.8460085701808,-0.002357947876897909,1.3242892736096852e-05
1973-08-27,-0.03691370195924899,0.0015976103180545872,-7.3453647229951e-24,0.0,0.0,286.7183906569544,-0.0023167185527456684,0.0007224775483820649
1973-08-28,-0.033754284435746365,0.0015636428264574817,-7.3453647229951e-24,0.0,0.0,283.3819595775137,-0.0021857578086398417,5.54169302273875e-05
1973-08-29,-0.031233747463441843,0.0015348156461607938,-7.3453647229951e-24,0.0,0.0,283.5117574788756,-0.0020264540141248437,8.702277796146518e-07
1973-08-30,-0.03282667519682545,0.0015067678723631607,-7.3453647229951e-24,0.0,0.0,284.9150915163834,-0.0021200613197633776,2.139806667855737e-06
1973-08-31,-0.030103153722771146,0.0014885665669953085,-7.3453647229951e-24,0.0,0.0,285.66494394650795,-0.0020327852291744312,0.0010596905387677815
1973-09-01,-0.008634251347706144,0.0016155801923935027,-7.3453647229951e-24,8.289675928105069e-06,1.933131009171912e-06,279.7221175048311,-0.002594149613616157,0.01449901205667162
1973-09-02,-0.002673144689050772,0.0016226398069306284,0.0800080092837806,0.025916453535105553,0.003270668772149221,274.55028344996686,-0.0009780549523183857,0.035952468713124595
1973-09-03,-0.012694645399427685,0.0015252342837005013,0.15238283089100754,0.002573254470855503,0.0059346719986974866,275.23397885338744,-0.0011443345423387942,0.0034536789870295553
1973-09-04,-0.01457051427687629,0.0015155085399325959,0.10611036627530603,0.0,0.006975358773001844,277.57565932264885,-0.0010936245858921844,9.865243892387818e-05
1973-09-05,-0.01654845025748183,0.0015664142740648348,0.060577450050023546,0.0,0.006701012399826347,280.6032066452975,-0.001304383884252465,1.9997542835720604e-06
1973-09-06,-0.021305669456888728,0.0014172856417079432,0.023502558189147836,0.0,0.0034757856868923047,283.3978946348144,-0.0017538647730387538,8.672358084993448e-07
1973-09-07,-0.023896526145396262,0.0013560341239649025,0.008274114289077214,0.0,0.001131976633674681,283.9785913909223,-0.0019037583527171005,0.0003888086747314971
1973-09-08,-0.009095587930773611,0.0018336892464740132,0.0035085444620998117,0.0,0.00040477766829021905,280.5646849774147,-0.0023834046586758677,0.012713832000826134
1973-09-09,-0.012995508683603364,0.0013773775538482235,0.0011264492113935971,0.0,0.00022556097115163752,281.1351569439732,-0.00197283153311681,0.003976371749589403
1973-09-10,-0.01678788741934771,0.0012958929531991818,0.00045057968455743883,0.0,6.766136377881477e-05,282.69173798498235,-0.0014761587825872131,0.00034356631432617285
1973-09-11,-0.007047092131638933,0.0013457839771852656,-7.3453647229951e-24,0.0,2.616075641017849e-05,281.5632050975792,-0.0017345285748189454,0.005028714567927991
1973-09-12,-0.016936972821499672,0.0012886296894590735,-7.3453647229951e-24,0.0,8.07009426887426e-06,281.25613037296165,-0.0019893645871914716,0.0015836919223690944
1973-09-13,-0.010943190484060405,0.0013383465298151566,-7.3453647229951e-24,0.0,2.2481811248649986e-06,279.8577258618314,-0.0015397737444625735,0.004813737586381826
1973-09-14,-0.005450381734276896,0.001308135982960631,0.00014459929672787193,0.0008474651955615329,3.734677188140525e-06,278.40601812603336,-0.0014045861007719392,0.005103111485908745
1973-09-15,-0.0036881640553474426,0.0012952205488237284,0.046947644479755184,0.008953101754104352,0.00015775600479821028,272.0545433173746,-0.0011058737087131893,0.011773625664034169
1973-09-16,-0.00412788402057637,0.0012385873808025642,0.08204090527895481,0.005524598903911936,0.0,270.63467490920016,-0.0006227377107587912,0.005857578927513733
1973-09-17,-0.014400090033051658,0.0012883047262827556,0.09301504936146424,0.00015373292279108772,0.0029784837727156064,271.6403364156375,-0.0011695204092200195,0.00015614935222399415
1973-09-18,-0.01740164911679629,0.0013058444032561308,0.06869684998822977,0.0,0.0041201335751572575,275.62628419879695,-0.0013253136122294065,8.452814143498667e-06
1973-09-19,-0.015272678796854396,0.0012687860572405455,0.042293800023540495,0.0,0.0025803529799489655,278.61039736401113,-0.0010954429432328812,8.776901805468198e-05
1973-09-20,-0.017433344223405013,0.001256170919386007,0.025309014904072506,0.0,0.0018718544246449983,280.62627170584295,-0.0015730541409914103,0.000842331762362749
1973-09-21,-0.012633264612006603,0.0012712652905512664,0.02352163885946328,0.0034579430827818354,0.0011540661844830055,276.68623139045565,-0.002021401362904048,0.0071778245717204646
1973-09-22,-0.017289421821044666,0.0012221407923994764,0.030011365642655368,0.0,0.0012160666855209965,276.19313053626803,-0.0013797324056089935,0.00012384027618224028
1973-09-23,-0.014731655391932882,0.001261457211553714,0.02083977018596987,0.0,0.0012619269138338875,280.0092662337136,-0.0016844816358581103,0.003091203088802887
1973-09-24,-0.009896679534076972,0.0012576287917498144,0.01780893214453861,0.002448470031811019,0.0006612703141014455,275.83094603687584,-0.0018201277428175097,0.006613698782170256
1973-09-25,-0.007917850157298612,0.001212472548592562,0.026629719132532956,0.0016809365380618534,0.0005022733561736716,273.93880884705743,-0.0011309600187897008,0.0035656065198381355
1973-09-26,-0.010603375438242984,0.0011811045940312963,0.039912854210805086,0.00120979189704367,0.0002658630663392234,272.5387444828414,-0.0010855340235735064,0.0013439254892541022
1973-09-27,-0.014330533180533157,0.001221003842219121,0.034562680231873824,0.0,0.0024122309970990414,276.5743982886191,-0.0009814960419037247,1.7220285322139262e-06
1973-09-28,-0.016546809698565534,0.0011975594327948188,0.018891013050258948,0.0,0.0015066925878241912,279.4527029802571,-0.0011731636799914018,2.139806667855737e-06
1973-09-29,-0.0194842316589113,0.0011763955745319862,0.010636209319091337,0.0,0.0007435373204239345,279.7891985898638,-0.0012810109656746108,8.474942205793923e-07
1973-09-30,-0.019155040509619956,0.0011656267494805116,0.005803972089806968,0.0,0.00046357636650403344,281.2897393106292,-0.0012875670504014372,-8.426184194831876e-09
1973-10-01,-0.022206166243485814,0.001156137235420572,0.0032678521510122412,0.0,0.00023044763648577332,281.7003354864606,-0.0014433396485565748,1.9477007339893613e-05
1973-10-02,-0.016089692164612358,0.001151212696301735,0.0019678378060263655,0.0,0.00010157224990553776,279.6289904642914,-0.0011303468454776512,0.00027075800505088274
1973-10-03,-0.01593347121093233,0.0011542981627297266,0.009408609566266478,0.0015567466195693797,9.005193698540919e-05,272.9927857645038,-0.0013509602838401068,0.0025580304827393786
1973-10-04,-0.01807670307866598,0.001140332743946442,0.010249308498116762,0.0,0.00016637461123156683,274.06748487181585,-0.0010178978844298484,8.52346317969932e-07
1973-10-05,-0.01924157037404971,0.001138319403438245,0.008434116054613937,0.0,0.000323697345825912,277.6592745197246,-0.0012949641667685267,1.7454177054787579e-06
1973-10-06,-0.021055690481164364,0.0011308872598712728,0.006220068635240113,0.0,0.00021065018102947602,278.3846763388136,-0.0012871918957785698,1.293420723413874e-06
1973-10-07,-0.022433300350008713,0.0011235926784364518,0.0044347615789783424,0.0,0.00011295387468769052,278.75835633861595,-0.0012722943862110883,8.583068797918258e-07
1973-10-08,-0.008476571258852037,0.0011182924111684165,0.004995687308733522,0.0008892932812036094,3.667196816643753e-05,275.50636102565045,-0.0006076755412554337,0.001054315580486578
1973-10-09,-0.003253731055785034,0.0011124393697512353,0.03144425501706685,0.01017888873226225,0.0,271.0034975529615,-0.00030449711544028784,0.010331326992395962
1973-10-10,-0.003770886041687033,0.001106540362040202,0.13574333693797083,0.011464403868563433,0.0,268.47856312193215,-0.00041642445165895474,0.011484479163269268
1973-10-11,-0.006605097297894753,0.0011099061723482812,0.15385250228048494,0.0008335026601950327,0.0005224297970196622,268.89611899381305,-0.0006559221652773142,0.0008468108837940487
1973-10-12,-0.006649482974224845,0.0011005668485231993,0.14794668998646424,0.0003595128865902033,0.0002729287634124864,267.7273417686563,-0.0006958418920383616,0.0004380916134785798
1973-10-13,-0.010010858376820884,0.0011330954940979093,0.14299307210746234,0.00031465386687699014,0.0025941133078208754,272.1704768344283,-0.0008426586450156519,0.0003210099166666223
1973-10-14,-0.011599465952081197,0.001173989836779018,0.11796980748293315,0.0,0.005180425268445312,276.31348537366046,-0.0009160994704665438,2.5885992727125995e-06
1973-10-15,-0.008644642213643607,0.0011461930254758415,0.08262321055496705,0.0,0.0037042223716859763,276.3901519021072,-0.0006058121489434593,0.0
1973-10-16,-0.009993484506836046,0.0011539980348220652,0.056495336040489647,0.0,0.004000961517462623,278.2155063866222,-0.0008329872968001554,0.00046192564196505796
1973-10-17,-0.013007752050114217,0.0011034246723530658,0.035201997631238234,0.0,0.0018636281417924807,277.60459270225857,-0.0009356039223697902,4.417646621444525e-07
1973-10-18,-0.01388328097297647,0.0010846549339887115,0.024087392228695857,0.0,0.001215892259852361,279.27988777950884,-0.001021038309413161,1.2844800494349329e-06
1973-10-19,-0.015042945826794468,0.0010686888869872874,0.01634201940619115,0.0,0.0007120257948583129,278.22589584752893,-0.0010167315265553146,4.351138045421976e-07
1973-10-20,-0.014141654059038326,0.0010576650584484897,0.012106340483757064,0.0,0.0004455862872007877,278.45570484168564,-0.0009666981733283081,8.523464316567697e-07
1973-10-21,-0.015673147756501107,0.0010479780408622183,0.008923546742584746,0.0,0.00023065478998725698,277.44792159128997,-0.0009741890270494473,9.366297350145115e-06
1973-10-22,-0.014437186852686823,0.0010433703829339667,0.007275482580037664,0.0,0.0002896639671029344,277.68366708773453,-0.0009316414342088215,4.426089681430767e-07
1973-10-23,-0.023030023664067693,0.0010341047230413407,0.005668108521657252,0.0,9.173217971446151e-05,279.205144408059,-0.0012887505982807801,8.554425789952802e-07
1973-10-24,-0.00977522934560722,0.001032322813562081,0.0652393405720339,0.014357566633551136,0.0,272.86099295607175,-0.000936272990821445,0.015057972427141872
1973-10-25,-0.006183327886007601,0.0010329659207392549,0.09817096832332865,0.002062047700171417,0.0006410032931694204,269.4739230886916,-0.000560174548819577,0.0022055395673557395
1973-10-26,-0.0056538571324725615,0.0010220159245076155,0.11003776593396894,0.0013656810262782427,0.0003128477851044661,265.7455566499642,-0.0005767795041540249,0.0013743154588218395
1973-10-27,-0.006882858562604182,0.0010372513936737838,0.10653519854931734,5.275305718351893e-06,0.001475606450421662,267.58669636254035,-0.00047826380758298994,6.834586597210675e-06
1973-10-28,-0.010051776460335081,0.0010593280112002532,0.0915883669520951,2.14804027040126e-07,0.002976036151755328,273.0753948226038,-0.0003946023588042475,1.7218837840406549e-06
1973-10-29,-0.004159098543689749,0.001002119591007125,0.0824452775570857,0.005525146205883242,0.0,272.0408266789496,-0.0003755067890815143,0.005726074892522762
1973-10-30,-0.00550374527603893,0.0010014064399536048,0.11246721802907252,0.00031489072799009124,0.0002705875973580248,267.2899668706115,-0.00042256890759292975,0.00032106843371351897
1973-10-31,-0.002954464300540881,0.0009916985439041913,0.1464806967984934,0.00984165230292385,0.0,266.3648929739627,-0.0003170804830931001,0.009909570894299868
1973-11-01,-0.00225667255578068,0.0009868001028642817,0.2967671827183381,0.022835443417231243,0.0,264.209750259888,-0.0002849170422486666,0.022899272234018442
1973-11-02,-0.002185065909630835,0.0009819216142266485,0.3684102721133475,0.001750814018108077,0.0,258.08965458842994,-0.00023847187495669404,0.001755755872268618
1973-11-03,-0.0021065936586951136,0.0009770300765495517,0.3493286822475283,0.0015201817377138945,0.0,256.9364171216717,-0.00028035940739226206,0.001523663768660551
1973-11-04,-0.0030356140039061426,0.0009721598382723534,0.34581508025835694,0.0004306853785689942,0.0,256.8138460026398,-0.00021742364275926924,0.0004372109127242416
1973-11-05,-0.004408980767100544,0.000967261902356552,0.3426063092190443,3.441545249378614e-05,0.0,260.35343865935187,-0.00026017510579467496,3.655606734884642e-05
1973-11-06,-0.00601738057820137,0.0009623703646794552,0.33574692318443977,5.011877181839809e-05,0.0,267.999549097036,-0.000361732238808931,5.153725708438843e-05
1973-11-07,-0.003393647276749045,0.0009574128241188783,0.3336135663106168,0.0013403068322919856,0.0,267.6024148441753,-0.00022432298562621,0.0013431287598914322
1973-11-08,-0.002120492822032864,0.0009524472857599205,0.3414297445121234,0.0021027730051743783,0.0,267.74904688962664,-0.00015973656485646458,0.0021085380652579836
1973-11-09,-0.007298938845847287,0.0009579131495481159,0.3433856281632533,0.0003589638587781939,0.0006295287255513466,272.6680644586711,-0.00047834602179331974,0.00036261357830708654
1973-11-10,-0.006645980317377102,0.0009596907654724552,0.3237300089748117,0.0,0.0010327583778712709,274.9022458897247,-0.0006359023236706433,3.27153723242576e-06
1973-11-11,-0.006088352514862341,0.0009591499459272052,0.30486451344750476,0.0,0.0012933492113304677,273.72914262904516,-0.000429424346756127,8.602963248449669e-07
1973-11-12,-0.009356390790077255,0.0009808024275774335,0.2818900070621469,0.0,0.002824203190156969,275.8254799995495,-0.0005864410550665048,7.175624593637519e-06
1973-11-13,-0.010285709621542592,0.0009571443506553349,0.2551706317678908,8.4785060525614e-05,0.00016610144432318414,269.9594189451688,-0.0009107357890760831,0.0017092714200682016
1973-11-14,-0.004736298768870576,0.0009217966074323924,0.249846664974694,0.000486873427016587,0.0,266.2313874454822,-0.00038784114107237025,0.000493954332432558
1973-11-15,-0.004569872329800816,0.0009168613765199307,0.256666970118291,0.0007964039884381375,0.0,265.23405952956495,-0.0003306420341049884,0.000820160871799706
1973-11-16,-0.005154889392650734,0.0009128329275691578,0.2532140584539784,1.7983512689838304e-05,4.526326632769095e-05,267.74388960211513,-0.0003596000731159738,2.1962613215041815e-05
1973-11-17,-0.005035945124882089,0.0009082342776875039,0.2539938371733757,0.002149289547555191,5.959511055784711e-05,269.0031881314438,-0.0004068665564228586,0.002189891294188259
1973-11-18,-0.0030073293269017322,0.0009024284653744456,0.2616831174229049,0.000552652898312962,0.0,267.370647951259,-0.0002894620332172362,0.0006597124081197294
1973-11-19,-0.002719796099568491,0.0008976605989165226,0.27763087960510835,0.002561526551926877,0.0,266.3353810175664,-0.00026400867155042745,0.0025851093106236973
1973-11-20,-0.004375530417356114,0.0008929374359421811,0.2821185153307439,8.332779852010437e-06,0.0,262.23469836204515,-0.00021468538601519702,9.475218854408076e-06
1973-11-21,-0.004334325928472531,0.000888224375450005,0.2848861320768597,0.0009912691042248138,0.0,263.50051454949966,-0.000328731023322391,0.0009964763613020734
1973-11-22,-0.0035743439349077517,0.00088352116487794,0.28543464387653017,1.121649129242547e-05,0.0,258.979661593105,-0.0002742745508413531,1.1219816692804886e-05
1973-11-23,-0.003030333731134059,0.0008788312559073929,0.2822803561970339,4.632347973726564e-05,0.0,259.09624885300457,-0.00022935185392024157,4.7955405217941156e-05
1973-11-24,-0.0018538004681888948,0.0008741578476577157,0.2810959753119115,0.000951730788259183,0.0,260.1679060733027,-0.00015360607349939942,0.0009565236708862497
1973-11-25,-0.002687489371852013,0.0008694479862848918,0.3213127409221987,0.002524774900432361,0.0,261.131328399572,-0.00021203513662357117,0.0025310965748594036
1973-11-26,-0.002671740317748765,0.0008648027807979261,0.3353503670845103,0.0014622754885651973,0.0,259.901775069156,-0.00018646742748675373,0.0014662852900176398
1973-11-27,-0.002728262779402868,0.0008601160709467313,0.3457601371233522,5.889006253689696e-05,0.0,257.839797291154,-0.00016765867354674526,6.230965163408681e-05
1973-11-28,-0.004012231730808647,0.0008554426626970539,0.34305550957803677,0.00014856945996904105,0.0,266.2693513198537,-0.00021449477532825906,0.00015183823583360428
1973-11-29,-0.008161591523784702,0.0008507692544473767,0.3346264510504944,0.0,0.0,270.08699781342415,-0.0005663435716750259,4.295211510907393e-06
1973-11-30,-0.006364608930665895,0.000849038615065106,0.3240851853077919,7.031748523819918e-08,0.00017098106949006098,269.93878833677365,-0.00046244323632474676,1.9155002488425176e-06
1973-12-01,-0.008600106347078659,0.000843764951000106,0.3134648382326978,0.0,0.00013629467052928473,271.40950871771116,-0.0006632315584242681,8.556166833219671e-07
1973-12-02,-0.006483694548997503,0.0008367833781377071,0.31114918049670437,0.0030672419921489763,0.0,268.5015587600162,-0.0005641946316523067,0.0030751329019909667
1973-12-03,-0.0030484807356602733,0.0008321379200886873,0.3249035851430085,9.88648899194211e-05,0.0,263.54312933726055,-0.00019757374910648262,0.00010102859321244013
1973-12-04,-0.0027025871526050035,0.0008274709100777148,0.3567103728960688,0.0041299263004866025,0.0,261.3671072153498,-0.0002376279809464843,0.004137193236682497
1973-12-05,-0.002025275496439745,0.0008228204007876121,0.3731726235140066,0.0007283954465456602,0.0,259.7538496653239,-0.00011876754799468371,0.0007328586250651559
1973-12-06,-0.0032308031357614338,0.0008181847926587036,0.372405258724694,0.0,0.0,261.69079169580493,-0.00012097488773071161,8.583068051848386e-07
1973-12-07,-0.003845808869701321,0.0008135805864118587,0.3665268030543785,1.1965148361389248e-05,0.0,267.9481386913867,-0.00016283028690660068,1.6264187701057444e-05
1973-12-08,-0.004966831013644483,0.0008089183750799148,0.36055386358286257,0.0012074076691589788,0.0,266.59837647705655,-0.0003853304480007813,0.0012138873643894547
1973-12-09,-0.003028133705174182,0.0008043091175919872,0.3619977875617938,4.3979472359695006e-05,0.0,260.639794584946,-0.0001617118632052578,4.510494162627396e-05
1973-12-10,-0.004816717726025878,0.000799684958942866,0.3571315269685735,0.0,0.0,266.1774304420486,-0.00024238353500426828,1.2912069564663398e-06
1973-12-11,-0.004825099292448012,0.0007950639994130971,0.350123173772952,4.407047888653427e-05,0.0,270.154465669966,-0.0003530911227824998,4.695083528834706e-05
1973-12-12,-0.004928933740672419,0.0007904480911244109,0.3627856123469869,0.00540997828804167,0.0,268.03320035557294,-0.0004498852616817938,0.0054137218264004
1973-12-13,-0.002857136355955048,0.0007858601330363818,0.38069937323446335,0.0001056522215153538,0.0,264.6691449842435,-0.000134740629901657,0.00010776888512579055
1973-12-14,-0.0034290994122876963,0.0007812772261894356,0.4004361427436441,0.003394068655489529,0.0,262.67026602032047,-0.0002760410014182161,0.0035035495704176744
1973-12-15,-0.002472186955691731,0.0007767073683819528,0.4377618419697505,0.002659761699411156,0.0,260.26795070454233,-0.00012442417505939129,0.0026660524510054924
1973-12-16,-0.003057453844506862,0.0007721707645782644,0.4420844184027778,0.0005931080987224472,0.0,267.8039308609038,-7.331416558074414e-05,0.0008911625909360408
1973-12-17,-0.004047166450885729,0.0007676405590132805,0.43643171234992945,0.0008455364422946327,0.0,270.9166404020091,-0.0003023545841796924,0.0012784626186668265
1973-12-18,-0.002065173523910975,0.000763078951566233,0.5041163672610641,0.013584911570710652,0.0,265.3318724695123,-0.00033134421975599174,0.013662125363856801
1973-12-19,-0.0021151237736987526,0.0007585700454011477,0.5348148669226696,5.603299639319296e-06,0.0,255.3231934405541,-0.00010107008287798887,6.4604662294304905e-06
1973-12-20,-0.002747449623999623,0.0007540778925189864,0.5275754766949153,0.0,0.0,263.9632736141399,-9.871075340246751e-05,4.351138045421976e-07
1973-12-21,-0.003997126836224465,0.0007496054394770477,0.516003854755179,0.0,0.0,268.73618769600796,-0.00014797783335723447,2.57537277548181e-06
1973-12-22,-0.0036675048160687684,0.0007451345859947853,0.5029048596398306,0.00017654321203797554,0.0,267.9463075253474,-0.00019614551069036042,0.00017966897463938592
1973-12-23,-0.0024228205451857572,0.0007407084359961042,0.49917723230049443,0.0015213841646067843,0.0,264.81029557553165,-0.00021342901607691235,0.0015249237333937655
1973-12-24,-0.0016747806957886047,0.0007362721835152578,0.5004365565413137,0.0004116406632682025,0.0,259.86410101120083,-6.29918386707198e-05,0.0004148280773874523
1973-12-25,-0.001747610247404562,0.0007318707845978818,0.5142994681320623,0.004302918027013036,0.0,262.50033582985515,-0.0001393933754182805,0.004306056152621927
1973-12-26,-0.001527432710100702,0.0007274757839192105,0.5540447342867232,0.0023920667583996295,0.0,258.7889822297177,-0.00013917766637721305,0.002394635455089629
1973-12-27,-0.0018270714050632412,0.0007231105855629269,0.5605537716278249,0.000140581721976652,0.0,257.8747431185735,-4.64232522720671e-05,0.00014238244732894467
1973-12-28,-0.0014054058382740131,0.0007187685387282722,0.592347455788018,0.005448662565421251,0.0,261.106430021383,-8.414019593747995e-05,0.0054515065925321805
1973-12-29,-0.0013570369216008376,0.0007144661441361164,0.6551805629119587,0.002799862964173495,0.0,259.4426302290232,-0.00011061933838714988,0.002802882660743909
1973-12-30,-0.0011777826874269605,0.0007101488483827666,0.6753150379590396,0.0024644608298937483,0.0,258.3238996300994,-0.0001249168604864913,0.0024686078061142078
1973-12-31,-0.0008678107948626502,0.0007058728044315922,0.6857526243967751,0.0007574929734744595,0.0,251.23458691325789,-0.00011774477164792476,0.0007616875030226626
1974-01-01,-0.0005720375621386168,0.0007016348131632401,0.6856995203625236,0.00019607253078013492,0.0,247.0995464073512,-1.832284559469439e-05,0.00020173006812057925
1974-01-02,-0.0004914647946923467,0.0006974050722553232,0.6912253284633946,0.0010664661093957007,0.0,248.6031313211905,8.193123559493804e-06,0.0010702292629554445
1974-01-03,-0.0012395678687903843,0.0006931950311876286,0.6947538731461865,8.714843099400149e-06,0.0,247.94087161766387,-9.994848636584094e-06,8.985501219737992e-06
1974-01-04,-0.0010083105183590604,0.0006889982917214518,0.6884910454184322,7.332101632646249e-05,0.0,249.7238079185989,-2.7918861915836232e-05,7.630389018103195e-05
1974-01-05,-0.0007117598575387298,0.0006848412044977738,0.6990196673434559,0.0015495322897272597,0.0,249.8592689104673,-8.293974744734791e-05,0.0015542360956506383
1974-01-06,-0.0012905281563263156,0.0006807237695165947,0.7018178591395952,8.604115685500668e-06,0.0,251.42200264508668,4.573846183254225e-07,9.795484524311898e-06
1974-01-07,-0.0013383027102987644,0.0006765996837346568,0.6954088229019538,0.0008160526848445506,0.0,254.68006069736518,-2.765164600085404e-05,0.0008198220064624792
1974-01-08,-0.0019126079429340904,0.0006724721462713123,0.7281491841749059,0.0024540052659767497,0.0,251.57267016610183,-0.00017070438775975826,0.0024588584226289847
1974-01-09,-0.0011598725019201723,0.0006683560582877553,0.7261664036752591,4.1701299490901716e-05,0.0,250.50452100534676,-4.101531990503861e-05,4.2845401364019325e-05
1974-01-10,-0.0008031170246964796,0.0006642713721862621,0.7196440328536959,0.00038058022405468143,0.0,249.68869889253955,-1.4428501832956649e-05,0.00038247714603855103
1974-01-11,-0.0015883664205922918,0.0006601816348436862,0.7360260527012712,0.0010628365190689176,0.0,249.48288074141394,-5.119877977896545e-05,0.0010682067796554133
1974-01-12,-0.0017280087380085961,0.0006561166485824155,0.7305485209951742,0.00019130407501075227,0.0,258.5522186473265,1.9469729882512393e-05,0.00019623246570091467
1974-01-13,-0.004130480148024479,0.0006520583131219034,0.7166049188588748,9.307921943017993e-05,0.0,265.16395602612397,-7.720552069150797e-05,9.419919733817946e-05
1974-01-14,-0.005906002290841549,0.0006480095750194486,0.6902742834863467,4.24586278570574e-06,0.0,268.2911793911749,-0.0002636817983735753,4.252387305437509e-06
1974-01-15,-0.012620682475593807,0.0006439858405603528,0.6573743802230462,7.897362870685125e-06,0.0,273.1742281473738,-0.0006346992495874902,2.8841744594789255e-05
1974-01-16,-0.01247157105955027,0.0006399453528183329,0.6139070040313088,0.0,0.0,275.17615057878805,-0.0008447599613060385,2.1462119548232295e-06
1974-01-17,-0.007414117455482484,0.0006359628701614122,0.5768371696975049,1.851132528930061e-05,0.0,271.81271371284674,-0.0006653418985463806,3.0902004170577834e-05
1974-01-18,-0.004671888162860762,0.0006319854387455742,0.5886508632738936,0.004478869128361934,0.0,266.8338237446356,-0.0003700975623339584,0.004522655603615012
1974-01-19,-0.005295978638075167,0.0006280708110938637,0.5809602036987995,0.000537204856084565,0.0,268.835372752389,-0.00034111189408659264,0.0006385498126671676
1974-01-20,-0.0037138962981391093,0.0006241511322010709,0.5779535038547553,0.00100607957459439,0.0,265.56735392209504,-0.00027998869365217997,0.001024603624699533
1974-01-21,-0.0021918536832103625,0.0006202165521470841,0.5902104207126883,0.0037152692044185383,0.0,261.73464785502233,-0.00027893888264220987,0.003720607949424572
1974-01-22,-0.0016093965051537853,0.0006163945305818892,0.6234013616701978,0.0009618994416826864,0.0,257.16519465329736,-0.00011342941746536622,0.0009660277326178517
1974-01-23,-0.0016789883375167849,0.0006125310046524652,0.6473087519126648,0.004279477742768951,0.0,261.4981181078263,-4.464851976451228e-05,0.004283799407743518
1974-01-24,-0.003464566912017973,0.0006087188330073816,0.6697027921227637,3.369522970275017e-05,0.0,263.57012106828995,-6.263341102222939e-05,4.0180928495227804e-05
1974-01-25,-0.003694927667157125,0.0006049529644055556,0.6559295366937383,0.0001630578084854083,0.0,266.7572764380504,-0.00011460982936587037,0.00016746066375301365
1974-01-26,-0.002229013769640088,0.0006011439918798242,0.6806755568797082,0.005971269376870604,0.0,263.5084122982852,-0.00023631792578656795,0.005985945160060601
1974-01-27,-0.002864939681554245,0.0005974228267615798,0.7087135674140772,0.00034325595124293186,0.0,259.75474970039903,-9.88137145332024e-05,0.0003462573098463791
1974-01-28,-0.003754742738217284,0.0005937096594417163,0.7082096538076742,0.0013645335526789651,0.0,262.4097507570199,-0.00016101537598560086,0.0013688886750636334
1974-01-29,-0.00482149497937348,0.000590023095324888,0.6980010354137242,6.769313398054091e-05,0.0,262.7163032488635,-0.00025583746301083917,6.976819634308228e-05
1974-01-30,-0.007896896178102764,0.0005863828342513176,0.6822121255590867,0.0008300325417585966,0.0,265.5307078029252,-0.0004833588366117855,0.0008331893695495089
1974-01-31,-0.004094336581768963,0.0005827590738986172,0.677138276468338,0.0008351642869960118,0.0,265.08528390442586,-0.00024514801084658523,0.0008386108235438354
1974-02-01,-0.005735401927077838,0.0005791451634660279,0.6636985879384417,0.00048240625673094716,0.0,265.7392185484173,-0.0003293873110817651,0.0005168078458226861
1974-02-02,-0.00346702783457977,0.0005755512054357152,0.6775389705449624,0.0031733671992512074,0.0,262.10845393021003,-0.000253012209162537,0.00318366474350967
1974-02-03,-0.003925283581523572,0.0005720181990477998,0.687583679084275,0.0011462574287996454,0.0,262.6675617016866,-0.00017415659533718888,0.0011541931473594061
1974-02-04,-0.005617406282384518,0.0005684838456622626,0.6802845180820387,0.00016335802058042108,0.0,266.01168408007726,-0.0003309072242618281,0.0001672752327042379
1974-02-05,-0.003142260267572888,0.0005649856928378176,0.7218042865760359,0.007439852644831447,0.0,262.36507377337153,-0.0003683199885032945,0.0074455669093941345
1974-02-06,-0.0027437893263364244,0.0005615239931365192,0.7446454581567798,0.00034541150523444353,0.0,255.19278195483543,-0.000150305350537354,0.00034640463385075484
1974-02-07,-0.002300552939627804,0.0005580819932754431,0.7959943006267657,0.005020657291183364,0.0,256.86357311026075,-0.00014645622064501552,0.005024465362569413
1974-02-08,-0.003051450486573796,0.0005546434450957735,0.8262323354372646,0.0010473351441534226,0.0,259.6595400219359,-2.9537090137179965e-05,0.001051321457334831
1974-02-09,-0.006036213057189338,0.0005512064964757801,0.8151379601430085,5.23293843377108e-06,0.0,265.4017047486961,-0.00013348283404010841,6.50291721193121e-06
1974-02-10,-0.006885938178011254,0.0005478621539423021,0.7927294370144775,1.4852942888346098e-05,0.0,265.64684714839956,-0.0002437420189380646,1.7250975016179576e-05
1974-02-11,-0.007688484117809663,0.0005445045098073065,0.7722319694562149,0.0,0.0,266.88641885804145,-0.0002682689303732188,2.589234497918369e-06
1974-02-12,-0.005987081824049438,0.0005412131211178452,0.753075896009887,2.1294895875251902e-05,0.0,265.1465904357968,-0.00027256042270337125,2.334033670220605e-05
1974-02-13,-0.0062082451531442545,0.0005378935296656722,0.7374221600606168,0.00027150267177382436,0.0,264.4325463497931,-0.0002868528356828259,0.00027448817830468295
1974-02-14,-0.005531887971075241,0.0005346649447403385,0.7247753538429851,7.031748523819918e-08,0.0,264.1249089285928,-0.00015381679970160716,9.28451683615346e-07
1974-02-15,-0.006064537681091977,0.0005314347602553288,0.7163290537458804,0.0008669948089594222,0.0,265.52014897233346,-0.0003305733898433589,0.0008682267476373876
1974-02-16,-0.006470837162039375,0.0005282160252501062,0.704110068340984,3.097168469833116e-06,0.0,265.3070220911346,-0.00020926226835466376,4.633402329353099e-06
1974-02-17,-0.0033299786559606004,0.0005250188422068364,0.6986088582126884,0.004835499608415669,0.0,266.69353606876007,-0.0002478161184801221,0.004841189515792718
1974-02-18,-0.0045298521464827365,0.0005218828633680182,0.7316995681791432,0.00048625755444758363,0.0,262.1311361991753,-0.00023698179040756602,0.0004912545282612276
1974-02-19,-0.005274670061755315,0.0005187402337284413,0.7258537565471987,0.0012892591161916486,0.0,264.78697438069435,-0.00020872298522857624,0.001297237071522858
1974-02-20,-0.004333128531773885,0.0005156340572120107,0.7503188540931026,0.004537025982208845,0.0,262.49653482167736,-0.0004224941281780685,0.004573124647038185
1974-02-21,-0.005493098522646953,0.0005125542313365614,0.7607483944650424,0.00014784816378927501,0.0,258.2483046975289,-0.00022211124183936309,0.0001504118781943973
1974-02-22,-0.007131402186081235,0.0005094861075029536,0.7499979310116526,9.82129851640281e-05,0.0,262.38122761541393,-0.00037832893852123435,0.00010541583570636768
1974-02-23,-0.004148092436588417,0.0005064757361923907,0.7890367525894539,0.007452597957378054,0.0,259.61822176787814,-0.0003772301304727624,0.007456202493446749
1974-02-24,-0.005089653624316394,0.0005034704161229108,0.8413890544079567,0.0008943716095665754,0.0,258.4623817185224,-0.0001603010620942897,0.0008968038073699756
1974-02-25,-0.008122125335332365,0.0005004799972146245,0.828424543535193,1.66270018970899e-09,0.0,264.2881424611122,-0.00018251966158885742,4.4606707660932443e-07
1974-02-26,-0.010725998861641533,0.0004975308301085133,0.8081537451447741,4.0504428963203216e-06,0.0,268.45421847830164,-0.000525224932843009,6.909738946327871e-06
1974-02-27,-0.012538294628851832,0.0004945933650442436,0.7845470478754708,6.948525117615522e-05,0.0,265.4255225653927,-0.0009197470558396842,8.665139631378066e-05
1974-02-28,-0.008763784700531073,0.0004916657499000851,0.7671211084628061,1.0104229052861532e-05,0.0,264.6795625237647,-0.00039435934675278637,1.1020530230248601e-05
1974-03-01,-0.012450272080588477,0.0004887926881596194,0.7490753920962806,3.5967067473352294e-05,0.0,271.0258625519029,-0.0006221411223549629,8.398398830936433e-05
1974-03-02,-0.011140862848125611,0.0004859810831856594,0.7378603258150895,0.012345568860991528,0.0,271.999432414714,-0.0006235254781141793,0.013156304790372957
1974-03-03,-0.0073559950974028,0.0004830912681622694,0.8060516529837571,0.00365116895507958,0.0,263.68997471839924,-0.0008289609946268428,0.0037202184899700445
1974-03-04,-0.006591310103734335,0.0004802629099053852,0.8036022006679614,0.00015052254338048944,0.0,259.26545265255226,-0.0004921253286512558,0.00016139935975694388
1974-03-05,-0.007921199635260523,0.0004774808546917587,0.7956825730490819,0.0004370756405221541,0.0,264.40023591424114,-0.00028398256264837446,0.00044151672642459813
1974-03-06,-0.0056945373446254405,0.0004746987994781322,0.7860197078036725,0.003134501750691463,0.0,267.3055803726398,-0.000326362717370529,0.003168395178352507
1974-03-07,-0.008531254816189998,0.00047193829622645833,0.8454895594250237,0.0058382217914371174,0.0,267.6738472811022,-0.00026378509625371566,0.005849169725078648
1974-03-08,-0.01187760210306631,0.00046923234637847737,0.8323848171198213,0.0001164315699857507,0.0,269.2422762509794,-0.0006959703935068206,0.00020782978969632524
1974-03-09,-0.008867429600933851,0.00046650484456854354,0.8303606568532251,0.0022199191363517848,0.0,266.57182368046824,-0.0004971764802848552,0.002253602352485387
1974-03-10,-0.009131426570442436,0.0004637855931190448,0.8170864873911253,1.4827876104473396e-05,0.0,268.244495244574,-0.00022789782260434105,0.00015147964833146435
1974-03-11,-0.010566645759647178,0.00046113099755540414,0.7999030793903014,8.000618657149838e-06,0.0,269.42967419525553,-0.0004560615193877516,1.0015297698758995e-05
1974-03-12,-0.011176857023926106,0.00045848785147155075,0.7827647293579332,0.0,0.0,268.1598925761135,-0.0005004661168250661,1.2823807651329844e-06
1974-03-13,-0.010372187331908167,0.0004558729081504089,0.7687719312764831,0.0008969524991040851,0.0,268.48501506094203,-0.0005423634465636507,0.00115176163140534
1974-03-14,-0.008525281513141374,0.0004532545131478606,0.7657381046963276,0.0011521646868711138,0.0,261.93616477334115,-0.0008227759288192469,0.0011587386414106384
1974-03-15,-0.006523486710874375,0.00045069252367073534,0.7744561319297317,0.0012414482985175937,0.0,262.7605323396385,-0.00029330131318946345,0.0012440197123230149
1974-03-16,-0.008493649168203107,0.0004481403841137213,0.7677558281102872,0.00023736510068009804,0.0,270.160551067575,-0.00014678321484118534,0.0002430970385923224
1974-03-17,-0.012287621444228005,0.00044751807121233756,0.7521342764241996,0.00018363989005654548,9.723567524872258e-05,273.42185613484935,-0.0005582241962353389,0.0006587060113640476
1974-03-18,-0.009861037219311558,0.0004439793400845286,0.7611431114642185,0.005795287231435883,5.025837549382011e-06,268.6545957576084,-0.0010519970923998936,0.006205006743464065
1974-03-19,-0.003730474723934454,0.00044058482188962954,0.7875496097428202,0.006001377909702096,0.0,262.97025855112884,-0.00044428416143702925,0.006007259092081732
1974-03-20,-0.005536696457930204,0.00043812874010053736,0.9026189254502119,0.0037827386526064688,0.0,254.6386596514456,-0.0004641903501193402,0.0037872889283337026
1974-03-21,-0.006431302571364043,0.0004356708061897149,0.9061159755326037,0.00043678847746660485,0.0,257.82374287908806,-0.00021756226775673156,0.00044347335717432907
1974-03-22,-0.0052294544665153425,0.00043323787592225156,0.9456120435351932,0.005926443000802886,0.0,258.40117040731144,-0.00039264065145099236,0.005932777160236877
1974-03-23,-0.004568030647302078,0.0004308395466562045,0.9849366153925379,0.0005773776815941105,0.0,253.2815682398622,-0.0003049895851372999,0.0005821493890999401
1974-03-24,-0.005869976123847531,0.0004284462686312401,0.9776165346192328,0.0002662280816479592,0.0,257.9514571224004,-0.00012159592729840576,0.000268590601778623
1974-03-25,-0.009005950416548779,0.00042607614212790456,0.9702672581214691,0.000497124920793846,0.0,263.8235478877123,-0.00016403036707707047,0.0004994664156078406
1974-03-26,-0.007988360136915736,0.0004237672198290205,0.9513413021568974,0.0009199097584196404,0.0,269.98973537883296,-0.00022112950682640076,0.0012947200885924106
1974-03-27,-0.010739908632585558,0.00042145004716970155,0.931263149570386,0.0009676413978897247,0.0,271.75070992521876,-0.0005102561955145523,0.001741552925379263
1974-03-28,-0.011540090296901551,0.00041912622370962377,0.9039219283339219,0.0021871668049844644,0.0,271.15515916540573,-0.0008887442481298906,0.0028853096024788576
1974-03-29,-0.013880964094972881,0.00041679574944878707,0.8944946978725282,0.00033304657218819964,0.0,267.89034386184034,-0.0010263134730653576,0.0003744999487178648
1974-03-30,-0.01198271695671782,0.0004145695833163073,0.8747652847663606,0.00024171979666429724,0.0,270.23191944488696,-0.0005243547618557506,0.001105123994040624
1974-03-31,-0.011043181948069126,0.0004122854120987283,0.8668040474929379,0.0036089034951002586,0.0,269.3102081104861,-0.0008895677161839723,0.0040642374989676615
1974-04-01,-0.010456176211604966,0.000410029443643861,0.8739972303142656,0.000964072169893879,0.0,265.96070534585783,-0.0006385358145176355,0.0009682011637642963
1974-04-02,-0.006607961435775973,0.0004077982262702986,0.8762767956979757,0.005307048916985087,0.0,266.92571541594026,-0.0003794714924221659,0.005360846095040908
1974-04-03,-0.006074326354905037,0.00040558191005792997,0.9056104527130415,0.0036382202037983694,0.0,264.97820783783936,-0.0004357986815147481,0.0036627302281129308
1974-04-04,-0.007220519254099853,0.00040339379660827294,0.9379114987935498,0.00424368054432384,0.0,263.42908037045584,-0.00036468590467663136,0.004257297381888175
1974-04-05,-0.011222800713474469,0.00040125358576154985,0.9507532496910313,4.0108138053430676e-05,0.0,265.74986757396977,-0.0004018022189453497,4.238184899260096e-05
1974-04-06,-0.010534620428152678,0.000399123477396992,0.9361172261211158,0.002960669392414686,0.0,270.35844055721765,-0.0005019647832223251,0.0034048289901442985
1974-04-07,-0.010752703215779558,0.0003969484129867985,0.9564677955067091,0.004168202690148759,0.0,267.4398692359134,-0.0007883776189748851,0.004215516884495292
1974-04-08,-0.01414366840979474,0.0003948430557035457,0.9468660803613467,0.00015867055304306373,0.0,266.79366007587555,-0.0006113851463979921,0.00015982823847711405
1974-04-09,-0.01707468181848526,0.0003927475483404041,0.9281270230108286,8.992871827324905e-06,0.0,271.95106954628466,-0.0007982292701884852,4.600635941219762e-05
1974-04-10,-0.0059898847577262064,0.0003907914552311439,0.9460131973870058,0.01726178355557097,0.0,270.96165349928003,-0.000573599595302916,0.018946586119847002
1974-04-11,-0.0061342086916589475,0.00038860948745813754,1.0957084124146657,0.014138448730868811,0.0,267.6691258820212,-0.000531574674371609,0.01418450276897932
1974-04-12,-0.0031842559070910438,0.00038654378241738364,1.1405675281014596,0.01158542859520616,0.0,266.77407373906084,-0.00020550137206827855,0.011604877868613207
1974-04-13,-0.004812944364749779,0.0003845243804198874,1.2488351595603813,0.010746757947118943,0.0,265.5822516619149,-0.00035952595141479533,0.010766497896426547
1974-04-14,-0.006443786166482054,0.0003824818269007624,1.272944620998117,0.0032578220559378807,0.0,264.56666369177753,-0.0003226433622803392,0.0032644668877452915
1974-04-15,-0.012800760735562966,0.00038048237730554273,1.2545641882944916,3.9372298508714155e-05,0.0,266.33112626156566,-0.000384039540201594,3.9796236556047804e-05
1974-04-16,-0.015752454851306764,0.00037848612682967543,1.2196210440942798,0.0,0.0,269.7972797171095,-0.00046837594528487846,8.52346317969932e-07
1974-04-17,-0.01429231637446894,0.0003765263294769546,1.1838344423110876,6.721728602371648e-07,0.0,270.5603619268385,-0.0005321749301869318,1.2346075079535361e-06
1974-04-18,-0.01748789156560844,0.00037458968364586267,1.1501283232550612,0.0,0.0,272.37095522476454,-0.0006412093838055929,8.631188848085003e-07
1974-04-19,-0.015925699876526655,0.0003727988503073569,1.1092154580096516,5.9901173673780626e-05,0.0,274.46758827741087,-0.0008772743371246899,0.0018933932658966516
1974-04-20,-0.005636478842651778,0.00037082095267408985,1.1546309016743173,0.021964898764413633,0.0,270.79738852578146,-0.0007591314698006474,0.023408144459886066
1974-04-21,-0.009025254786688057,0.0003688095484749746,1.2238672978460452,0.005390215307305763,0.0,268.3061420059922,-0.0006858063388173863,0.005439219855296572
1974-04-22,-0.014873553930366108,0.00036688435212367006,1.2194343753678203,0.00012853729017710283,0.0,269.74824251293467,-0.0004884081940024587,0.00013140917115483176
1974-04-23,-0.019586171975917065,0.00036501556129778847,1.187806440163018,0.0,0.0,273.7406820415777,-0.0007403920388827891,0.0
1974-04-24,-0.02381991195139912,0.0004059258153883077,1.1389024522569444,0.0,0.002842203035192975,277.3953659395265,-0.0009921511561520357,8.641274289556798e-05
1974-04-25,-0.023809031536013395,0.00047119719497228075,1.078811904131356,0.0,0.007132122745621676,277.8330016630069,-0.0011817557147919796,8.583068833445395e-07
1974-04-26,-0.01278302220806564,0.0014164484826858436,1.0221324281279427,0.0007005089336195909,0.007764169767414783,276.2196460838821,-0.0005148475158349269,0.006564055290599328
1974-04-27,-0.011708409772754391,0.0003678109181129327,0.9936010788165018,0.004438962050750431,0.0003921015577464454,270.46622868625906,-0.0013399510933770299,0.0052944960903531955
1974-04-28,-0.010402561033849664,0.00035603933751919857,1.009387919682792,0.002340224545217503,0.0,268.3509057147355,-0.000840340114835292,0.0024716991320841734
1974-04-29,-0.012616897875306298,0.00035446562335989575,1.0204216046521895,0.0019313352087796745,0.0,269.9622700685835,-0.0004677663657203907,0.0024327162125445216
1974-04-30,-0.01767163723707199,0.00035282540119300457,1.0118196706538374,1.5814383487916937e-05,0.0,271.81930794868543,-0.0006856050310751139,4.078624612193997e-05
1974-05-01,-0.020108507177924034,0.0003615331515080512,0.9904815041637242,0.0,0.0003611127830157846,275.29540072726667,-0.0008461484527688915,0.0011911992297876754
1974-05-02,-0.012574330224829205,0.0003576945450346349,0.9855088056144068,0.00821008002859051,0.00030921570072739814,272.45896164486413,-0.0012021164204609597,0.009453287939521876
1974-05-03,-0.017544667852126945,0.0003484155835404908,1.016377422095692,0.00011502827207247417,0.0,269.98530805627286,-0.0009272119219777948,0.00011749784488462461
1974-05-04,-0.01843740365936258,0.00034700098347529185,1.002952216484228,4.614077213793825e-06,0.0,271.78894321348264,-0.0007475576716038467,9.487217428496666e-05
1974-05-05,-0.021471260925807523,0.0003576967339057707,0.9848161542931968,0.0,0.0006639128182567446,274.188281168821,-0.0007327542098312729,1.8396788170377612e-06
1974-05-06,-0.023146507135555574,0.00040280734751857607,0.9532969559204333,0.0,0.0031303285836836716,276.17285678525883,-0.0009621838581258969,0.0
1974-05-07,-0.016492315520674497,0.0004703977518835984,0.9160862004914078,0.0,0.004128091037273407,275.89220182056033,-0.0007162817811730218,0.001588047678758923
1974-05-08,-0.016634670396645866,0.0006303678629762037,0.883166067119821,0.0,0.006037410937965252,276.17391797153743,-0.0005824105487873325,0.0014143761268443308
1974-05-09,-0.019328838772019425,0.0016667303224067907,0.8459364609080744,0.0,0.007548464135935079,276.4672973582525,-0.0007928792587192046,0.003788573863141207
1974-05-10,-0.009746347738187866,0.00037591967542292706,0.841688827830744,0.014072088766737847,0.0011789847354767686,273.1112863106018,-0.0009016437445488354,0.015597255064941324
1974-05-11,-0.014937063100311043,0.0003390325243863683,0.9398391062705979,0.004284834552366856,0.0,268.77864061416653,-0.001370201902832352,0.004583170353356055
1974-05-12,-0.020713314961242138,0.0003387045725590766,0.9383763315089454,8.173592093974184e-06,0.0,273.0620448979954,-0.0007604094022243039,0.0006815719907111906
1974-05-13,-0.021518283013233358,0.00033997344431904074,0.9246945713423965,0.0026677235287461583,1.2886473688028626e-05,271.3601588304883,-0.0017537557714655575,0.0031684413299672446
1974-05-14,-0.01118220338376902,0.00033828666654683783,0.9501070356638419,0.00452398666638439,0.0,267.7567662204951,-0.0007079550470251822,0.004571673088729284
1974-05-15,-0.01738304093395923,0.0003382944959705159,0.9544475433292139,0.00046072843468795396,0.0,268.56953166523454,-0.00101344348957478,0.0007455240871833003
1974-05-16,-0.01624424014724581,0.00033825922147028866,0.9480900019126649,3.79746832416556e-05,0.0,267.29624118194295,-0.0008976849606313275,3.8945287583975365e-05
1974-05-17,-0.011986603886730928,0.00033829180197527184,0.9409784291872646,0.0004258211807342573,0.0,270.69704579498807,-0.00041899494405856923,0.000434255151483195
1974-05-18,-0.02061273452252318,0.0004562347874803059,0.9231442094073682,0.0,0.004104804605413965,276.8834709483576,-0.0005605867037833747,0.0005395216557762285
1974-05-19,-0.010183813881739386,0.0008845418944197187,0.8798860309263183,2.0928975552488858e-07,0.010701188280925913,276.4226142933589,-5.4991267368955124e-05,0.00020333048925941016
1974-05-20,-0.008853722005914161,0.0007364983949284096,0.854892421801436,0.004305121167904913,0.002102332873701376,273.55910111551236,-0.0005815074710691043,0.008048846391634753
1974-05-21,-0.010379626841868385,0.0003430418207147028,0.9010681037399955,0.006857085362666071,0.0,269.4833879309186,-0.0011826206188080676,0.0071901172904303935
1974-05-22,-0.014916948679476807,0.00034525561130652996,0.9207046422581217,0.001723731262872448,0.0,270.71790449498064,-0.0008089664986746459,0.002214741767465581
1974-05-23,-0.019609348374908256,0.00035868138916748395,0.9114861497322269,1.0551621684920318e-06,0.00040516093120736594,273.31610548159495,-0.0007415709248875493,1.6330956569196792e-05
1974-05-24,-0.02290558326715804,0.0004989268247690579,0.8879785340160077,0.0,0.0039399388525108835,276.23486157864505,-0.0007521440248704898,6.0651632584704405e-05
1974-05-25,-0.016194280426381,0.0019068893066233835,0.8489086776129944,0.0,0.010763583652212121,277.4681340449274,-0.0003815714248829643,0.0031741784831943237
1974-05-26,-0.016975749178794818,0.0031164416485587082,0.8025660972810735,0.0,0.01426192855009925,277.6606435254918,-0.0002339307302977406,0.002999491922306439
1974-05-27,-0.021396213500513198,0.004265487867560091,0.7484305573946565,0.0,0.01640812941106026,279.33318334604616,-0.00047090926370715023,0.0012576796428035424
1974-05-28,-0.013734827817833358,0.004203913575511868,0.6928354611729048,0.0,0.014474049484157293,278.0370757144275,-0.00020267175626283314,0.0038241751112157206
1974-05-29,-0.009820844325642127,0.0076613970058786,0.6607909696474812,0.00213242275903454,0.012588979644795597,276.557998994874,-4.063834999240725e-05,0.01395046545950577
1974-05-30,-0.011241784582367052,0.001677825710194259,0.6711379803731168,0.012023092810548633,0.002625161287306392,273.6244644014175,-0.0006658015509614837,0.016875062958668856
1974-05-31,-0.016113807294665085,0.0007781875503938752,0.7034709808292137,0.00022848653422910615,0.00033147896161187163,272.82814426386204,-0.0010864715444418671,0.0005605873414975877
1974-06-01,-0.018151402557637062,0.000903637395740229,0.6891540412399954,5.751643014156213e-05,0.002216425613831666,273.89459872200894,-0.0008592661154472223,0.00019863571140596402
1974-06-02,-0.0250286195995444,0.0012755345153269795,0.6615564953360406,0.0,0.005683338448489454,277.04155500595186,-0.0009576728893707029,0.00011958104994596493
1974-06-03,-0.02772808790543659,0.0018739697791762273,0.6213006488347458,0.0,0.010017143046788577,278.9817923314154,-0.0010698966071598947,1.637770758869442e-05
1974-06-04,-0.02721819896145729,0.0023983429043979965,0.5796916839542139,0.0,0.009366051520163057,278.6544414527448,-0.00125046058605283,0.00042684704066210536
1974-06-05,-0.01168721788010355,0.003088036162705072,0.5441871542490585,0.0017609719376442798,0.007682171034610878,276.56073283251175,-0.0004827575179311516,0.007091218906602358
1974-06-06,-0.015373573464862372,0.0015888042369131316,0.5497994000853343,0.0030744683397355057,0.00139956795058008,273.0389386229147,-0.0010196287921593016,0.005311939356012273
1974-06-07,-0.009623465943807936,0.0017345969454716826,0.5540723207980227,0.004404102930914884,0.000687725841999054,272.366701521218,-0.0007762707306840326,0.005829668378114422
1974-06-08,-0.008224584877827746,0.001952101786931356,0.5831064342778954,0.003246437105755348,0.0019249999211669645,272.9172777761399,-0.00044058823147736034,0.006038733963238991
1974-06-09,-0.017214085422666732,0.002226745846581324,0.5833363218720575,0.0010562270753464457,0.0030540146649220574,274.29991427563453,-0.0008556899630417259,0.003824639286698595
1974-06-10,-0.020627803048171568,0.0027742630849450327,0.5616678069091338,0.0,0.004706358358179783,275.64162535586604,-0.0009608453949966,0.0018600388940395035
1974-06-11,-0.020609095608447234,0.003724827688966094,0.53226909170492,0.0,0.009627611118521394,276.5610488273779,-0.0006006215514857219,0.000168976426502318
1974-06-12,-0.025365469356377922,0.0049451322710446725,0.4889366595309558,0.0,0.014026941026503084,279.6224574468006,-0.0008839366820740835,0.0011749942760683049
1974-06-13,-0.025578396089669674,0.007166769881706453,0.4376009206538371,0.0,0.01795773951094703,281.73085872556754,-0.0009123593105771447,0.0010949534211440882
1974-06-14,-0.026108073144309265,0.008914060511831511,0.3868897863700565,0.0,0.017859809837267225,283.87740773130946,-0.0008096387820307818,0.00013897831484756883
1974-06-15,-0.025323320874723335,0.009769784949593626,0.338476838365113,0.0,0.017202147193210948,284.06361436933673,-0.0009343690412529444,0.0010429522579322966
1974-06-16,-0.024313338942783702,0.010371325127149033,0.2947142865024718,0.0,0.015094052368806581,285.34250326928895,-0.0011653471685482957,0.0008560899960778461
1974-06-17,-0.02951916904941117,0.010428558045861411,0.25758100319267896,0.0,0.01371263811564715,286.0467797870241,-0.0014824735863649913,0.0008661901209937753
1974-06-18,-0.03162832393989724,0.0103227571915772,0.2233137285193032,0.0,0.012349644433812236,286.2561909986306,-0.0015833583728825978,0.0013259883990159548
1974-06-19,-0.031094269774391156,0.01054088131519361,0.1925901711099341,0.0,0.011960262169608963,286.48145493545104,-0.0017008457206568477,0.0009804278075466885
1974-06-20,-0.036259921972697735,0.01228301547004678,0.16130246954449157,0.0,0.011921090110715502,287.2232478477636,-0.002106269747860688,0.0019950066017241485
1974-06-21,-0.031787790821097,0.009445040576202048,0.13478355623234464,0.0,0.006340699680780961,283.1579855220242,-0.001874681304361524,0.0005701047889256882
1974-06-22,-0.02165805986203716,0.012415638246105216,0.11544679113700566,0.0,0.009290172050228227,282.1240091916532,-0.001294866435776996,0.002740213291690902
1974-06-23,-0.02890025428627844,0.013355638095214542,0.09056720625882769,0.0,0.010375864656463183,284.538851775692,-0.0014877951688180538,0.0005720676170230586
1974-06-24,-0.030338588491671502,0.012843757699438409,0.06522623697916667,0.0,0.01049711355297579,285.9978399977173,-0.0017084266916759271,0.00018133164125647247
1974-06-25,-0.03331599565549086,0.011872551198733058,0.04127838652012712,0.0,0.008599036641545215,287.84756882446635,-0.0023180331382374308,6.673783905762064e-06
1974-06-26,-0.03838976186379201,0.010231191323975385,0.02298508121468927,0.0,0.0056242906399029124,288.73727551691957,-0.0028554186761631808,1.2904405366498395e-06
1974-06-27,-0.03766304797540277,0.009183361116102188,0.012155306541313558,0.0,0.002822885973810476,286.4125137185422,-0.0028327721155295945,8.553265615773853e-07
1974-06-28,-0.03747309327630673,0.008030875591234974,0.006533405426082863,0.0,0.0016444446255931748,286.5710451445786,-0.0028061130015695165,0.0
1974-06-29,-0.0349881129581376,0.007184317388103508,0.003469463571092279,0.0,0.0009275580951049504,285.3469528981297,-0.0025735246122809458,0.00019409528078385028
1974-06-30,-0.03482644891334793,0.006490345560224717,0.0018699056909133713,0.0,0.0005220231194954135,285.1101981556348,-0.0025861227179819583,4.2472569449415054e-05
1974-07-01,-0.038661280678490464,0.005914121361102089,0.0009687463217984936,0.0,0.0002502731052832415,287.38347772285766,-0.0025456870753465402,0.000262140554223357
1974-07-02,-0.02393060931041416,0.005462666857714034,0.0005406956214689266,0.0,0.00010554755559075352,283.710516640471,-0.0020543763277220866,0.0025387699321164927
1974-07-03,-0.018078670410786646,0.005130345454323764,0.0003204633062617703,8.910700763012731e-05,9.92531619839749e-05,279.8225315762105,-0.0035318033611875478,0.007548981803958699
1974-07-04,-0.034138274226485,0.004696570715661776,0.0003379347634180791,0.0,5.975340382527497e-05,283.7639131276621,-0.0027015678963418738,2.7461914019396076e-07
1974-07-05,-0.03956236610304838,0.004394947640639914,-7.3453647229951e-24,0.0,2.7857226251208857e-05,286.99938441849474,-0.002744022893619403,6.342498259355793e-05
1974-07-06,-0.03278961550381224,0.004135640664289227,-7.3453647229951e-24,0.0,1.2494991980703539e-05,287.2001778302669,-0.0024974315432505423,0.0001239818705003814
1974-07-07,-0.03795882331281059,0.003908030815043692,-7.3453647229951e-24,0.0,5.561963649792861e-06,287.29031498508493,-0.002818142042868892,0.0003301682445239314
1974-07-08,-0.03948692834309939,0.0036997182221062443,-7.3453647229951e-24,0.0,1.7580213183063576e-06,287.5146561207744,-0.0027137232186683156,0.0001495916627894687
1974-07-09,-0.040389191717077784,0.003510325810330063,-7.3453647229951e-24,0.0,7.109832292222709e-07,288.4952642401284,-0.0027499071948524924,0.0
1974-07-10,-0.0385812294095923,0.003357340387031857,-7.3453647229951e-24,0.0,2.2648502204377774e-07,289.25614882503305,-0.002938991628250497,0.0019862106290914243
1974-07-11,-0.03666412632512507,0.003195979500894493,-7.3453647229951e-24,0.0,8.004112432232012e-08,286.94994946927005,-0.002710095096358472,0.001327444353195702
1974-07-12,-0.04103782852995867,0.0030472462123396706,-7.3453647229951e-24,0.0,1.8563310978776318e-08,285.3803465352894,-0.002614269096214893,4.4107436991680515e-07
1974-07-13,-0.04076508154808465,0.0029156666017521576,-7.3453647229951e-24,0.0,8.250360435011697e-09,287.7319592908727,-0.002530521939450738,2.884363045967222e-05
1974-07-14,-0.03641697781234138,0.002794053931694247,-7.3453647229951e-24,0.0,6.187770326258773e-09,288.79318247003073,-0.002385983085733349,7.64610296937334e-05
1974-07-15,-0.039869320931407694,0.0026857755278463418,-7.3453647229951e-24,0.0,0.0,289.5286482794811,-0.002733468904165225,0.0007979280831251078
1974-07-16,-0.027076809756499905,0.0038368903984457767,-7.3453647229951e-24,0.0,0.0,287.92162421777874,-0.0028999802830108144,0.013538897434403556
1974-07-17,-0.025231900356583674,0.002560461139948355,-7.3453647229951e-24,0.0,0.0,286.8375737285435,-0.003246319548642568,0.007533977102536488
1974-07-18,-0.02696222268928916,0.0028619757816616426,-7.3453647229951e-24,0.0,0.0,287.3760175471476,-0.0029548396866789645,0.005621951637130414
1974-07-19,-0.022011741995811466,0.0038444997563873984,-7.3453647229951e-24,0.0,0.0,287.056889331049,-0.0027239596323862594,0.013271066104482672
1974-07-20,-0.017598155275576535,0.0024773096297420354,-7.3453647229951e-24,0.0,0.0,286.7144408540313,-0.003037629843726334,0.007704267495091094
1974-07-21,-0.022246434021804293,0.003368405298998127,-7.3453647229951e-24,0.0,0.0,285.5546103870802,-0.0034987095238293636,0.011344439599428123
1974-07-22,-0.027117716474721665,0.0021445364770242724,-7.3453647229951e-24,0.0,0.0,286.41204913726637,-0.0032982944831841414,0.003078029165810946
1974-07-23,-0.03800819313290429,0.0020563559511960565,-7.3453647229951e-24,0.0,0.0,288.69448533210834,-0.0030083898560138746,0.000571314409622779
1974-07-24,-0.028593181637720875,0.0020149345956953237,-7.3453647229951e-24,0.0,0.0,285.88511591622165,-0.002751165185397291,0.0020459420600179904
1974-07-25,-0.03214317034024977,0.0019452926297645785,-7.3453647229951e-24,0.0,0.0,286.23574401654315,-0.002681620608446962,0.0001292373105701119
1974-07-26,-0.03518394953281866,0.0018937700549087957,-7.3453647229951e-24,0.0,0.0,286.843680318915,-0.0028091582053967113,2.5001656435357436e-05
1974-07-27,-0.03331773997531772,0.0018544255171791986,-7.3453647229951e-24,0.0,0.0,287.32578254239934,-0.0025743547995380088,0.0011587286902211464
1974-07-28,-0.02670929008452906,0.001876439162566837,-7.3453647229951e-24,0.0,0.0,285.84224384832294,-0.0029225350005057573,0.006982343580631484
1974-07-29,-0.024564364030536287,0.0022720815771717136,-7.3453647229951e-24,0.0,0.0,284.4011364845233,-0.003310009742439804,0.007347452235556331
1974-07-30,-0.02733049301777856,0.001826451912438129,-7.3453647229951e-24,0.0,0.0,285.2817856201345,-0.0026851910887296594,0.005319040912647355
1974-07-31,-0.024029517704147407,0.0017017266676250824,-7.3453647229951e-24,0.0,0.0,284.15225313118395,-0.0027175782048432843,0.00286349106979909
1974-08-01,-0.024732451443955052,0.0016879930166201402,-7.3453647229951e-24,0.0,0.0,282.9714653891583,-0.002647375193356121,0.004485270869078555
1974-08-02,-0.022827878131368072,0.0016083766174855205,-7.3453647229951e-24,0.0,0.0,281.4259815000545,-0.0023965862669092786,0.0010946837945191817
1974-08-03,-0.026095452450089537,0.0015644156663431287,-7.3453647229951e-24,0.0,0.0,281.5966059618302,-0.00218132229279832,4.687185431112855e-05
1974-08-04,-0.022910935520115545,0.0018636798117793887,-7.3453647229951e-24,0.0,0.0,282.5792428320186,-0.0022221203777665474,0.007826102322698491
1974-08-05,-0.026644879478519252,0.0015055466506440761,-7.3453647229951e-24,0.0,0.0,282.5724433963582,-0.0026437906695708723,0.0007734894428167382
1974-08-06,-0.03228834949139148,0.001469319149599237,-7.3453647229951e-24,0.0,0.0,284.91720000588515,-0.002503971027284019,0.00017669924729725507
1974-08-07,-0.019416437058125513,0.0024296494021927573,-7.3453647229951e-24,0.0,0.0,283.7939711999983,-0.002169611579659632,0.010332318652079417
1974-08-08,-0.017891148978707482,0.001467749392245449,-7.3453647229951e-24,0.0,0.0,279.7799690555494,-0.002797245153220697,0.004660855119300772
1974-08-09,-0.016295510286328484,0.0014513077708960926,0.000582765051200565,0.000295786429091362,4.296582507885109e-05,278.0777258648486,-0.0023765419530919047,0.0062285353908722385
1974-08-10,-0.015525090281909472,0.001411235770263241,0.0021908287723634654,1.7784020237329988e-05,0.00011278809926940898,277.0150767935198,-0.0030518115187684698,0.004563584671182148
1974-08-11,-0.025409269509679186,0.0013603138721595377,0.001111046742584746,8.31350094854495e-10,6.954264590295695e-05,280.34421562295404,-0.002418243936605036,0.0019311077850572944
1974-08-12,-0.02463482383449199,0.0013199783651168739,0.00042805070032956693,0.0,4.812891958123546e-05,281.64206904610677,-0.0021130867923299474,0.00026530204182964264
1974-08-13,-0.02766609191894531,0.0012998765302916705,-7.3453647229951e-24,0.0,2.1062075755016954e-05,283.8492249921666,-0.0023211173418551515,0.0005112056611127536
1974-08-14,-0.023559031934387943,0.0012922622894836686,-7.3453647229951e-24,0.0,7.99133700166045e-06,282.91682380920525,-0.0024269961641501573,0.002002184842265932
1974-08-15,-0.027421904822527352,0.0012570564019477976,-7.3453647229951e-24,0.0,1.987537084999731e-06,280.03476907259557,-0.002123257050574836,0.0003789020459749469
1974-08-16,-0.0320291117591373,0.0012336127502096575,-7.3453647229951e-24,0.0,1.262168342110801e-06,281.32684380051785,-0.0022248127418806997,8.644505555821524e-07
1974-08-17,-0.03242184326978727,0.0012173048183742891,-7.3453647229951e-24,0.0,8.059149913195164e-07,283.19167186356316,-0.0022469299271871144,0.0004907736501101583
1974-08-18,-0.03302749077984169,0.0011960105539041725,-7.3453647229951e-24,0.0,4.002161450305228e-07,284.04233880052016,-0.0023147363878660288,0.00025975518980942205
1974-08-19,-0.03215667171835226,0.0011745882404726104,-7.3453647229951e-24,0.0,1.416452186929304e-07,286.2753528300428,-0.0021764970579221422,1.1607516278395534e-05
1974-08-20,-0.016221441244338195,0.001463436726796425,-7.3453647229951e-24,0.0,5.20277831514003e-08,281.55280479603573,-0.002678060662106606,0.01284924759019437
1974-08-21,-0.024397341629206124,0.001141726381361148,-7.3453647229951e-24,1.7513431566583234e-05,7.272398067732989e-06,278.1936404808318,-0.0019505198224116181,0.0003355540628810924
1974-08-22,-0.0306330180100802,0.0011215356446928897,-7.3453647229951e-24,0.0,4.706283410390219e-06,281.626905549044,-0.0020466445771566894,8.523463748133508e-07
1974-08-23,-0.031600008871258994,0.001107091620817023,-7.3453647229951e-24,0.0,2.495944499969483e-06,283.1488879611488,-0.002189798838337936,0.00038693486629399874
1974-08-24,-0.03217692816324827,0.0010881759015853795,-7.3453647229951e-24,0.0,1.271292146316356e-06,284.35235557627993,-0.002188209623182561,0.00013645290989951702
1974-08-25,-0.033377611578184335,0.00107048746556212,-7.3453647229951e-24,0.0,5.245503395964198e-07,285.5802990757139,-0.0021210684635713274,8.22870735728789e-06
1974-08-26,-0.027713992122539697,0.0010554095109303792,-7.3453647229951e-24,0.0,2.068272754970917e-07,284.79714169116124,-0.0018627027018090427,0.00018599491322398835
1974-08-27,-0.02596364801718017,0.0010393644961933634,-7.3453647229951e-24,0.0,7.40427755366611e-08,283.6735931152229,-0.001864200047517227,0.000142982713124623
1974-08-28,-0.021781817541620827,0.0010553037716170487,-7.3453647229951e-24,0.0,1.530105111289159e-08,282.7926540231076,-0.0019475543229593398,0.003603665774819956
1974-08-29,-0.01788231688367445,0.0010698266790411567,-7.3453647229951e-24,0.0,4.125180217505848e-09,280.4743925191588,-0.002362788055028956,0.005629209172208755
1974-08-30,-0.018029451496520285,0.000997955179483877,-7.3453647229951e-24,0.0,0.0,280.1475960790774,-0.0014322967410592712,0.0004805365072546159
1974-08-31,-0.01764551781665134,0.0009940402992701127,-7.3453647229951e-24,0.0,0.0,278.9788806290276,-0.0017230825993300833,0.001830369435748191
1974-09-01,-0.005461361532830923,0.001014119403510444,0.030645395627354053,0.011137545119318585,0.0003040670759260318,274.37317682255457,-0.0018373329381821519,0.016264667147194652
1974-09-02,-0.013056815428248908,0.0009762083238127542,0.07509669072210452,0.0010133093317686503,0.001529343657742786,271.8895218484595,-0.0012950135742203666,0.0012568311165955107
1974-09-03,-0.018931440714388917,0.0009815030347155988,0.06055193252707157,0.0,0.002899836454182695,275.655046850948,-0.001533006312651823,0.0
1974-09-04,-0.022143747973240032,0.0009704200224687824,0.03896525754766949,0.0,0.0028882386573290423,278.7704265436435,-0.001641512737940934,2.016202878143828e-05
1974-09-05,-0.021927902674944388,0.0009723660972832287,0.02041700690030603,0.0,0.0015572603834045813,280.54637888101985,-0.0019150380739721203,0.0034046855855122803
1974-09-06,-0.020608965286427302,0.000934050918298926,0.011632542152189267,0.0,0.000923809863753238,279.1306431190218,-0.001974670768920648,0.001272939440220763
1974-09-07,-0.0255433598817405,0.0009010938432930553,0.006019836540725047,0.0,0.000504022443109313,281.87927131509156,-0.0017730633565093165,2.509247784736802e-05
1974-09-08,-0.0279430666633245,0.0008875385852856825,0.003000492879001884,0.0,0.0002868382186539429,283.29162399019003,-0.001952634482397198,0.00021856100535532828
1974-09-09,-0.026852619471186303,0.0008729667650104243,0.001637949108403955,0.0,0.00014433887718761035,283.07835638545555,-0.001824546137056445,8.764330946749881e-05
1974-09-10,-0.026758482858622815,0.0008654255988234181,0.0005406956214689266,0.0,5.2488203776084775e-05,283.2174347987059,-0.0017608994575964534,0.0007694770723972752
1974-09-11,-0.005362249026864262,0.0008815145593578535,0.0468623561823211,0.015952887381874236,1.1926032813255396e-05,273.0778492318708,-0.0012450668024225424,0.019771493087266934
1974-09-12,-0.008303681967285393,0.0008430727625970787,0.11850705479048965,0.0023492472614608916,0.00029233306393784995,267.7066221793942,-0.0009862890067157772,0.002385145021697222
1974-09-13,-0.012646114632571486,0.0008594866863078318,0.11013362906073447,1.2086714896778602e-05,0.0022724496968890315,268.484789077845,-0.0011987756558899153,1.2093765587456484e-05
1974-09-14,-0.01650333274050621,0.0008744196703205001,0.08887339446504237,0.0,0.0038688962931855255,272.0223840652437,-0.0012457268575658906,8.553265615773853e-07
1974-09-15,-0.016315970843457907,0.0008722249902574356,0.06103446658721753,0.0,0.003587815742203072,275.87881011388174,-0.0013785231227086763,0.001096105289279054
1974-09-16,-0.018914338222331246,0.0008374892048916575,0.03817421433615819,0.0,0.0023273831328092997,277.80779535756943,-0.0015381554636241352,5.4384540680599705e-05
1974-09-17,-0.019559519144438084,0.0008216395889971889,0.023062553333921848,0.0,0.0018440001449510875,279.2739344702827,-0.0013885471054305464,4.261732051702438e-07
1974-09-18,-0.022345495383954993,0.0008015065206646247,0.012119214189030133,0.0,0.0010971771921478423,281.42529832800454,-0.0014289541454133342,8.70227722771233e-07
1974-09-19,-0.010776253953828651,0.0007882037405240335,0.006347426362405839,0.0,0.00028938029782246737,277.77405451471077,-0.0009349018735232327,0.0009264365091162213
1974-09-20,-0.012427544863210559,0.0007772997947735975,0.005837305790960453,0.0003940068016954735,8.058673202317987e-05,274.9714291064304,-0.0012580270294920875,0.0013539757016570485
1974-09-21,-0.016725964633758462,0.0007646580537160238,0.007066054981756121,1.6050970992126036e-05,0.00023837486481935964,274.0522832241885,-0.0010923666374410615,3.5234999487871436e-05
1974-09-22,-0.019822074279273297,0.0007570779929726812,0.005159367275776837,0.0,0.00024890404005171893,276.2533736471403,-0.0012425273383236202,8.583068797918258e-07
1974-09-23,-0.021644671758015953,0.0007485449314117433,0.0032998065266007536,0.0,0.00018179082011772414,278.4069825404108,-0.0012786320205462184,1.2845811197313211e-05
1974-09-24,-0.019659071234659962,0.0007399378691689443,0.0020128957744821093,0.0,0.00010892394193484959,278.3298462689933,-0.0012168125644073649,1.7106522136600688e-06
1974-09-25,-0.02230799997930473,0.0007325554803266364,0.001377026689030132,0.0,0.00010404470613447287,280.9672203818284,-0.0015398664663066974,2.56520456787257e-06
1974-09-26,-0.025399031275409767,0.0007244069023994404,0.0005406956214689266,0.0,5.535251003200725e-05,282.8245781253736,-0.0015103134016195936,0.0
1974-09-27,-0.00814434220898623,0.0007196401303770852,0.028940089453860642,0.00984337854351701,6.517626892375408e-06,274.14412812055167,-0.0008612233924411112,0.010370848831931168
1974-09-28,-0.013235599097222259,0.0007184385243108717,0.06346184969397364,5.2541347041641935e-05,0.0006714187099435236,270.1256220291339,-0.0007904183361574081,5.395835056477329e-05
1974-09-29,-0.013211980041137522,0.0007175415080819427,0.05433416276777307,1.8021039201714898e-06,0.0010580912674382583,273.7106917681219,-0.0008655860020363398,1.6268982078612796e-05
1974-09-30,-0.015098444191412739,0.000717130757994571,0.04489038039959981,-1.031295054376462e-09,0.0015070442278674768,274.89333844588975,-0.0009856045004085633,1.2237846409516865e-05
1974-10-01,-0.015523698201960761,0.0007095453934480915,0.03410313493114407,0.0,0.0014014327530301898,275.46544936013083,-0.0010139201215263142,8.463859444418631e-07
1974-10-02,-0.019669382711925077,0.0007017291871841345,0.0243409582450565,0.0,0.0012808077479318036,279.39273328475815,-0.001327731630812257,8.702277796146518e-07
1974-10-03,-0.01405647464391202,0.0006903166656440261,0.015927302186322975,0.0,0.0006181246648400518,278.9425809253183,-0.0010207768761168767,0.0005946849758223536
1974-10-04,-0.008142533191179826,0.0007115350773105514,0.06592256650188323,0.013832756902201702,0.00028158884263981533,273.41234727992406,-0.0011744405705965846,0.017728565200579752
1974-10-05,-0.0032207865667881943,0.0006664672308722458,0.11916246432144541,0.008818309333196469,0.0,268.28658947702183,-0.00045403501934419247,0.009172650754522747
1974-10-06,-0.009498107946861937,0.0006635263983139211,0.17456514462688325,0.00108856166907623,0.0002142711526761621,265.6323416219593,-0.0007794414525904225,0.0010994262614151583
1974-10-07,-0.012208125643474236,0.0006996149060416357,0.15500883687911957,0.0,0.003305723375014666,272.09261964988355,-0.0007468062047820307,1.7039409954122675e-06
1974-10-08,-0.012933410493667518,0.0007022802775862527,0.1271997943885358,0.0,0.0037214580797037835,273.9562128789007,-0.0009748119871410947,0.0
1974-10-09,-0.014244910813657578,0.0006933496833521095,0.09976133069974107,0.0,0.003335043030270076,274.9370447974196,-0.001163240943082982,4.261732051702438e-07
1974-10-10,-0.013652353342306817,0.000651555967196233,0.0784567277983757,2.615343211060864e-06,0.0008797540755595191,274.64232948360694,-0.001108106878180962,5.302641351344222e-05
1974-10-11,-0.005785167554004045,0.0006514751473389103,0.07134032743349812,0.001878943715223485,0.0007496884482055062,272.9852623158256,-0.0005962408942270414,0.0027897600171816746
1974-10-12,-0.009684460774316627,0.000651699759192386,0.07908133239171376,0.0004774019080030043,0.0015015343761881866,272.7657110354321,-0.0008818156554200556,0.0005797837749704262
1974-10-13,-0.009703713369234807,0.0006372222287506708,0.06769270097693032,0.00023519778150623132,0.0008409158826547828,273.26672981104156,-0.0007426254398657777,0.0004268037227911328
1974-10-14,-0.010584874089154822,0.000624925992583151,0.06320115716219399,2.808466890437455e-05,0.000372700214301799,270.18745440682454,-0.0005743721878882182,2.9649101351344537e-05
1974-10-15,-0.013186293427890303,0.0006401901696361392,0.056621314442090405,2.8760714382775094e-06,0.001655158876194119,274.2755072103382,-0.0007736643429024745,0.00013066065503249713
1974-10-16,-0.014721064202192814,0.0006468463583854633,0.043751747145715635,1.66270018970899e-09,0.0023429744513863227,277.9050288083639,-0.0010805217559728246,2.5749206429281912e-06
1974-10-17,-0.01552709549833826,0.0006334419641117593,0.028979630120056502,0.0,0.0017468235060825188,278.9131155534877,-0.0008891087109591329,1.2874602930423862e-06
1974-10-18,-0.01457399382429608,0.0006185398768570465,0.018979979549199624,0.0,0.0010788985291274927,279.16873704870767,-0.0008815283134663847,2.9802436074533034e-09
1974-10-19,-0.015819957195702245,0.0006083157439689853,0.01288979740466102,0.0,0.0007106194346301301,278.22463406636444,-0.000939748286779991,4.351138045421976e-07
1974-10-20,-0.01681002065286798,0.0005987576172176728,0.008686072857815443,0.0,0.00038119728577002294,279.3208482817742,-0.0010540565886234833,1.2814997489840607e-06
1974-10-21,-0.009925549818297564,0.0006145884593327842,0.006425358256826743,7.58852578152371e-05,0.00019607560361846018,277.5433855864962,-0.0007865135531640996,0.0020939518837807002
1974-10-22,-0.0050460475649537345,0.0005928847917729179,0.015107063250353108,0.0024608225472229355,0.00041413143024606223,273.35200613995283,-0.0006593001459193769,0.0026998682765478365
1974-10-23,-0.010978684965836802,0.0005920689321507168,0.018502503016125237,0.0,0.0007138160704556159,275.5230684262436,-0.0007119473953873425,1.7106532936850272e-06
1974-10-24,-0.011528507885286364,0.0005819223358132746,0.014101994688677025,0.0,0.0002949120276896967,275.06493539684465,-0.0006468902936594635,8.51318418426672e-07
1974-10-25,-0.011068689915756722,0.0005804892987181238,0.0118196706538371,0.0,0.0004333715970064961,275.34315007958713,-0.000658241858295465,0.0
1974-10-26,-0.011363069889909132,0.0005753397268090545,0.008701705214218456,0.0,0.00033042141062728436,276.0675548043404,-0.0006563190823305125,4.2319288695580326e-07
1974-10-27,-0.011367966563014663,0.0005699357407241218,0.006738235272481168,0.0,0.00020148556700534068,274.70027674658826,-0.000590687928100427,1.715453038286796e-06
1974-10-28,-0.012817631038905538,0.00056510439700326,0.005401209024835217,0.0,0.00010534978897894844,273.57442618404184,-0.0005901861767479256,8.523463748133508e-07
1974-10-29,-0.009665223543590071,0.0005668984294611183,0.004912238112052731,5.660757506634556e-06,5.5108029963606495e-05,272.99095806473844,-0.000679417634330227,0.0007667609837570303
1974-10-30,-0.0010035120497989118,0.0005922932072547869,0.018850552833686442,0.011380915503717412,0.00012440799530279837,272.6559992932106,-0.0004567716765285886,0.014696342998876464
1974-10-31,-0.002323065816009112,0.0005629513054917762,0.2587341193649953,0.036441457452578735,0.0,270.622846959001,-0.0004141387440222132,0.03783597383785253
1974-11-01,-0.002368641564738279,0.0005511021883474232,0.3311098605225989,0.0019308612129445805,0.0,267.2238904626132,-0.0003029945080226424,0.001938859099688072
1974-11-02,-0.0018867755592879604,0.0005481317218414135,0.33982374977930796,0.0021603408632642138,0.0,266.9864127056747,-0.00024806270323230725,0.0021672005418918033
1974-11-03,-0.003985962667370921,0.0005452424119421318,0.34542817943738235,0.00021690919490183815,0.0,263.1091919017153,-0.00027439745911265497,0.00021871321115505112
1974-11-04,-0.0068377157473294755,0.000542351502483174,0.33961225319267896,0.0,0.0,263.4729052613684,-0.0005492121823089945,4.351138045421976e-07
1974-11-05,-0.007956907363597958,0.0005405779275517006,0.33157078514889365,0.0,8.513024971310029e-05,266.96862291526435,-0.0005776078761213244,8.553917609788186e-07
1974-11-06,-0.006203484905641632,0.0005365630327644994,0.3229626441854991,0.0,0.0,266.7464722958437,-0.0005583765911264609,0.0
1974-11-07,-0.006190428878627929,0.0005384109451272394,0.3151434774452684,0.0,0.0003562418291460997,269.8121643102326,-0.0005305271837755112,0.0
1974-11-08,-0.005284904844343325,0.0005309004231361347,0.3032640360169492,0.00016205221162003986,0.0,271.43708334669554,-0.000593222093657922,0.00016567624546794547
1974-11-09,-0.0023287122616660124,0.000528155326169763,0.333789890095339,0.006613660961557917,0.0,269.00821098859257,-0.0003072700415879993,0.006741279523414621
1974-11-10,-0.003708814497047899,0.0005254746325271952,0.3509939879796375,0.0005568519318844639,0.0,264.3354538596058,-0.0003311166666069273,0.0006416415764063867
1974-11-11,-0.0033962365850216934,0.0005227973905660338,0.37408573703801795,0.0026649005163860867,0.0,262.42675752514054,-0.00030095502734184265,0.002690097728775668
1974-11-12,-0.0048715063491783575,0.0005201267994056314,0.3741721747734228,0.00014165843610709672,0.0,266.3605122682963,-0.0003756181058068734,0.00014423587107478334
1974-11-13,-0.00594515816471671,0.0005174495574444702,0.39928348634651606,0.006956193048906867,0.0,265.23937075914864,-0.000597218798715516,0.007055688830316458
1974-11-14,-0.004327979675457303,0.000514861722450472,0.41596183130296616,2.360777497965064e-05,0.0,262.002605104177,-0.00024705922683585164,2.6445738945114945e-05
1974-11-15,-0.003564487658651535,0.0005122209336124572,0.4107895903219163,0.0005493830826322912,0.0,266.33717526509486,-0.0002581138311132873,0.0005514411938830013
1974-11-16,-0.005372064640629763,0.0005096530510207354,0.40389089350871005,4.318348095241913e-06,0.0,266.7344586898603,-0.00032876473509490834,5.162671449575024e-06
1974-11-17,-0.005737277537079181,0.0005070404649454322,0.39455079044550373,0.0,0.0,268.8100551346601,-0.00042806746764371625,1.7225742112714215e-06
1974-11-18,-0.004474038163484154,0.0005044643319932755,0.3857759809763418,0.0014444169519984792,0.0,268.82048372674575,-0.00041807521829160594,0.0015097240438341692
1974-11-19,-0.00333474538588928,0.0005019345020843765,0.43355214034545675,0.0060535036658836625,0.0,263.88689716432503,-0.00031081624434324307,0.00610818745044789
1974-11-20,-0.004639219976751144,0.0004994395257389479,0.4376735651335923,2.97522309136256e-06,0.0,265.80235716896993,-0.0002730561651836681,4.540236902632623e-06
1974-11-21,-0.006228758537836668,0.0004968982463502615,0.4261003339806968,0.0,0.0,272.20118596639117,-0.0005905753748733446,2.1548082713707117e-06
1974-11-22,-0.005600045587720171,0.000494388368843639,0.41035211423022605,0.00010480108739292557,0.0,271.6732498571249,-0.0005601694870550754,0.00010678118639356719
1974-11-23,-0.0033222404913713704,0.000491914944460163,0.4226940894979991,0.002895785758724321,0.0,265.1332465493298,-0.00037392109927147796,0.002917740501683804
1974-11-24,-0.0037194695428939863,0.0004894713223990748,0.42212074983815917,0.000354928906354527,0.0,265.63996607031527,-0.00017869614043646617,0.00035791697151429014
1974-11-25,-0.006434180263408834,0.0004870740033812443,0.41455859742820156,1.6727753109851128e-05,0.0,269.8320937363217,-0.00046212126706111234,2.0589649911707864e-05
1974-11-26,-0.0047200111682805645,0.00048468838640525517,0.41436894016301795,0.001743762801259251,0.0,263.5376955847732,-0.0004525542690676485,0.0017817664449497805
1974-11-27,-0.003521646946500251,0.000482325920950895,0.4151500982079803,0.00018341641473231345,0.0,263.28284077186373,-0.00013940319376813489,0.00019014255464957914
1974-11-28,-0.0037743412168686,0.00047997330541664604,0.4335677727018597,0.0026054639727045585,0.0,262.6152571661998,-0.0003389729881438159,0.0026098797834753005
1974-11-29,-0.002425027306133745,0.00047765554344586736,0.4349438798405132,0.0,0.0,258.12094953145464,-0.00013326212111334346,8.480579367642349e-07
1974-11-30,-0.0042974185303779645,0.0004753443059948205,0.4308086617967279,0.0,0.0,259.81748705933995,-0.00012502586732139696,8.52346317969932e-07
1974-12-01,-0.004673072763081998,0.0004730496955456707,0.42484813625529666,0.0,0.0,267.0740821213372,-0.00020168405973305137,8.702277796146518e-07
1974-12-02,-0.003944864717580505,0.0004707485605767892,0.41791173787664787,0.0,0.0,263.0960068101039,-0.00020586317247253355,1.2846575714320352e-06
1974-12-03,-0.004519354236327996,0.0004684787012089444,0.4112638484286724,0.0,0.0,267.90712039035145,-0.0002137842130357936,2.568959644122515e-06
1974-12-04,-0.004884353465279617,0.00046624529496424623,0.4036770980461394,3.36875686537748e-07,0.0,269.5269113134754,-0.00028921698488421364,1.1979763457595955e-06
1974-12-05,-0.0015052259810226787,0.0004640004392397606,0.40099362015948686,0.003464505960375576,0.0,269.22273518046865,-0.00014574430083150918,0.0034799130381366087
1974-12-06,-0.0026418292673967654,0.00046175878263462745,0.4204694672492938,0.0001420277449707527,0.0,263.6159824974793,-0.0001646376893681995,0.0001461995630928853
1974-12-07,-0.001950996407007767,0.0004595304276310118,0.42746471685204807,0.0015223026486103144,0.0,261.74510153718364,-0.00015309930247607204,0.0015255384861736514
1974-12-08,-0.0033770411112214217,0.0004573417248698951,0.43400731778189744,5.560574558495129e-08,0.0,260.0960114689197,-0.00011902175696387804,5.480596574686342e-08
1974-12-09,-0.005524351814035642,0.00045514982298942614,0.42829162252824865,0.0,0.0,266.89217803078634,-0.00027118010267531133,0.0
1974-12-10,-0.003200895705465544,0.0004529909225506972,0.4215899393832392,0.0,0.0,263.47542186959765,-0.00021188274699415868,1.7066915525276727e-06
1974-12-11,-0.0021767221854231454,0.00045080062022990434,0.4164832163665254,0.0003261046305214619,0.0,263.11876654759646,-0.00011214560245053245,0.0003278830637340547
1974-12-12,-0.002508916760568565,0.0004486616721934518,0.4301084241849106,0.0030012327525238535,0.0,261.6834227351819,-0.000182858726146531,0.0030073619795782675
1974-12-13,-0.0018324830101034738,0.0004465325740771106,0.45223740399894075,0.0014504187524655445,0.0,260.56629050878036,-0.00010032642969472261,0.0014549971703684344
1974-12-14,-0.002131926600879195,0.0004443869752398992,0.5063327135563795,0.003983602117178804,0.0,260.7029767153178,-0.0001672731480945302,0.0039864334851335
1974-12-15,-0.0017377891193675458,0.0004422943302467045,0.5623639065442562,0.005615587267330138,0.0,260.3244066184524,-0.00017064867677998407,0.005620926298659142
1974-12-16,-0.0010777405847263875,0.00044016363257068705,0.5928221736699624,0.0008788223110013089,0.0,260.31120614233214,3.038060530430853e-05,0.0008857067020923269
1974-12-17,-0.0024827539836619534,0.00043808934042009263,0.5867421065795669,0.0006785758765740583,0.0,264.7888537261446,-7.406864210037189e-05,0.000679853305875972
1974-12-18,-0.0028265137120155296,0.00043598499338505633,0.6043526457303438,0.0030066118191527783,0.0,261.873573098479,-0.00020870257505757663,0.0030499685617927505
1974-12-19,-0.0017138727556514203,0.00043396525463815466,0.6260229997940208,0.005125843598849356,0.0,261.15675586405894,-0.0001594767363815658,0.005130419252131783
1974-12-20,-0.0009467817716679333,0.00043189576116658875,0.6560079283633476,0.002155473066420205,0.0,259.9128493113257,4.5084957517473044e-07,0.0021581798197560136
1974-12-21,-0.0033847790653422733,0.00042985607001741054,0.6626043229902308,0.0002347435907455488,0.0,265.83782347986255,-8.958004057239006e-05,0.000238155908198159
1974-12-22,-0.005423457230215019,0.00042785443155105506,0.6750805526129944,0.005068308321264505,0.0,260.64381907978526,-0.0005465994278589885,0.005302387543294551
1974-12-23,-0.0007391470131901024,0.0004258445427242646,0.7027036160399012,0.0022497161128426676,0.0,253.17389453737078,-0.00011097545088347743,0.002257020308393435
1974-12-24,-0.0015326286271467049,0.00042382640353703905,0.719770471030485,0.00019275906395777473,0.0,251.7202000088162,-4.105547727164576e-05,0.0001946053935187279
1974-12-25,-0.0016717085309621306,0.0004218545673930712,0.7107464634092514,0.0,0.0,258.7946433087078,2.6921378606456823e-05,1.2934207802572928e-06
1974-12-26,-0.0040567154433094185,0.000419871029207262,0.7208079537429379,0.00267775491469324,0.0,262.67909197259536,-0.0001753424478452758,0.0026808963774726316
1974-12-27,-0.002921716852039941,0.0004179340466267646,0.7122947563559323,2.8144315642825635e-05,0.0,263.4494990188972,-0.00022749554386920174,3.0705657663133294e-05
1974-12-28,-0.002064763068479333,0.0004159837624447494,0.6944653642155132,0.0005422761758505289,0.0,263.50766158957043,-0.00010789589335521063,0.0005485391211926195
1974-12-29,-0.0025172882666022094,0.00041404332818284554,0.7073420580273071,0.002041732776636458,0.0,260.6780166877416,-0.000220413588113704,0.002046037562047075
1974-12-30,-0.001992972430873052,0.0004121095447217004,0.7029525843043786,0.0007796888002904797,0.0,258.8505114287756,-9.67535553342205e-05,0.0007817723992618194
1974-12-31,-0.0014590083458329327,0.0004101957136628318,0.7242284512564737,0.002154217327887056,0.0,258.25601772444844,-0.00011721313904739371,0.002157067576246517
1975-01-01,-0.002030663613208943,0.00040827843092255674,0.7211491069326742,1.7904544954246047e-06,0.0,260.40134486325945,-2.386195764029767e-06,2.2222428995873847e-06
1975-01-02,-0.002042897045612335,0.0004063712506644471,0.7328924549052496,0.00442005001471541,0.0,261.46052951058425,-0.00013744916851069294,0.004422180310682519
1975-01-03,-0.0023073338098445187,0.00040448629586710096,0.7463544425317797,4.590170110686351e-05,0.0,258.81909930414173,-0.00012181483545882554,4.9633275888787616e-05
1975-01-04,-0.0025048355261484785,0.0004026162422309488,0.7335954511681969,0.00017999520914702767,0.0,259.9373903974975,-0.00010775932568614767,0.00018185207453611044
1975-01-05,-0.0031313062303483822,0.0004007346128339822,0.7331848719250236,0.0013834243735014384,0.0,259.7694288961407,-0.00019663729110343307,0.00138745152993724
1975-01-06,-0.0034327412729209432,0.0003989059372810321,0.72632387667726,0.0006690437005738081,0.0,261.875749412005,-0.0001584046578171563,0.0006755450074421922
1975-01-07,-0.0024327951467643352,0.0003970549099862912,0.7352552395980463,0.0031940065282212815,0.0,261.3252382942961,-0.00020469081098750487,0.0032003036326558004
1975-01-08,-0.0014019118527234611,0.00039523368501393814,0.7458429426347694,0.000477739604516218,0.0,260.62518557316844,-2.9475780698539163e-06,0.00048337846479044107
1975-01-09,-0.0027745975191983798,0.0003934058092408261,0.7412486390654426,0.000980957542772347,0.0,260.27875676846554,-0.00026431147240649515,0.0009928684166725826
1975-01-10,-0.0011551453400466404,0.00039159948542966686,0.7546651089483288,0.001974584503194033,0.0,255.75977179963715,-0.00016447909618333238,0.001978207947844166
1975-01-11,-0.0006918205043016854,0.0003898080627797014,0.7747294682791902,0.001117608241610608,0.0,247.25808675949185,-0.00015236198439099694,0.0011224981762384208
1975-01-12,-0.0005434389505009194,0.00038801983924908833,0.7769085727842515,0.0007069376691923304,0.0,249.05714098971666,6.956161962727369e-05,0.0007089354896599828
1975-01-13,-0.0027968129195735957,0.0003862598184811867,0.778186977695386,0.0014411761809540334,0.0,264.24895941739703,4.4211576887443246e-05,0.0014453278591403855
1975-01-14,-0.003840764405700447,0.00038448329699241517,0.77161196261476,0.001697375297041263,0.0,265.94151514487976,-0.00019291971973275064,0.0017009334879730246
1975-01-15,-0.0021159174920475417,0.00038272327622451355,0.7800389521539549,0.006072356876006909,0.0,265.1764314834681,-0.00022998081762238415,0.006077629731771016
1975-01-16,-0.002342571141356129,0.00038101780886030473,0.8067730402542374,0.00141874029390556,0.0,263.01557446424124,-8.593364960729739e-05,0.0014224127355941946
1975-01-17,-0.002966445718107924,0.0003792577880924031,0.8098211198652309,0.003392399367639574,0.0,265.7826781694948,-2.2182504167664528e-05,0.0033983279232919516
1975-01-18,-0.003744830898309158,0.0003775342204476481,0.8153561234698682,0.008177125458158341,0.0,268.58755586915095,-0.00027559510311164423,0.008197156285071077
1975-01-19,-0.0034487604842347616,0.0003758221022826804,0.83309287090984,0.0002611335051261773,0.0,262.0698898983541,-0.00019662184272445528,0.0002639819672884644
1975-01-20,-0.0051678610639383565,0.000374144837681183,0.8135981730373117,0.001546734807181493,0.0,267.6143587403379,-0.0002789902316648408,0.001548948608610181
1975-01-21,-0.0023313494725415934,0.00037246092227892697,0.8374956781132298,0.0037016273807671117,0.0,259.0559676290681,-0.0003186677303691369,0.003732973537385361
1975-01-22,-0.003212693973449664,0.0003707653048348293,0.8325671179819917,2.892193316066333e-06,0.0,261.44955525514996,-5.482366087578111e-05,3.338482991503916e-06
1975-01-23,-0.00483124576887842,0.00036910959219528457,0.8185446644008946,0.0006192887864880643,0.0,267.4899042779668,-0.00015967277189095816,0.0006220968372036176
1975-01-24,-0.004995176263448209,0.00036748023019672117,0.8125526442590632,0.0028776358076408087,0.0,265.09170198530353,-0.00042670186461701913,0.0029915788751861336
1975-01-25,-0.0012755920152879706,0.00036581121595565886,0.8661417413341573,0.010868996486993835,0.0,263.9616771274143,-0.00010399648782897131,0.010874627421157577
1975-01-26,-0.0008630614075283547,0.00036418185395709545,1.001720248867114,0.017480527003437787,0.0,264.9767903796697,-7.741080628613294e-05,0.01748483497544197
1975-01-27,-0.0029635544298058855,0.00036254584115777313,1.1363318491790255,0.00467176926927378,0.0,257.0007251265359,-0.0003654427016101315,0.0046751880038579845
1975-01-28,-0.0017322133489921269,0.00036094468192192125,1.1185948718514596,0.00012391851951846968,0.0,255.1884769037394,-7.434370848587004e-05,0.000125005437133164
1975-01-29,-0.0028379714421633275,0.0003593368718853105,1.1038268928024955,0.00035720777376896916,0.0,254.8757257982387,-9.368558409018706e-05,0.0003587641789065106
1975-01-30,-0.0020777653839628577,0.0003577455625695698,1.084643232844868,9.029002933852418e-05,0.0,252.39675980188977,-0.00012354247566670349,9.44948128151757e-05
1975-01-31,-0.00246354642897676,0.000356129502172524,1.0694800770215396,0.00020399630743231478,0.0,255.40087221795784,-2.5447079185712138e-05,0.0002073430671669865
1975-02-01,-0.003351268753156824,0.000354551494458301,1.05261506333863,3.5602830897616804e-07,0.0,258.7004191224409,-5.0806193112653534e-05,2.072563866266466e-06
1975-02-02,-0.004824605702006884,0.0003529601851425603,1.0307451668432206,0.0,0.0,262.0318921407064,-0.0001027043172195133,1.7195939108205494e-06
1975-02-03,-0.00459258199411597,0.00035141197975072487,1.0048228118379239,0.0,0.0,263.8291978961779,-0.000161406242072919,0.0
1975-02-04,-0.0012187349089121415,0.0003498190708753079,0.9836090145362525,0.0005456984758713825,0.0,259.5439417205064,-0.00010125907822012229,0.000551648991201397
1975-02-05,-0.0010577825418973375,0.0003482807154035838,0.9812880693855933,0.0007988913879219422,0.0,255.5244292386732,-0.0001195161892785191,0.000803703327957115
1975-02-06,-0.0035845495886721855,0.00034674235993185963,0.9722590042372883,3.077405489097207e-06,0.0,256.39780759362407,-9.473007551189197e-05,4.437346802727413e-06
1975-02-07,-0.0021369306549514086,0.0003452008053407831,0.9604149654984699,0.0013092790367239613,0.0,259.2019505725293,-4.174595035738865e-05,0.0013123032736685586
1975-02-08,-0.0013181619388235493,0.0003436789505899289,1.0694570882621235,0.009092770264310353,0.0,254.04570401725124,-0.00018331257489609856,0.009096027818035082
1975-02-09,-0.002985993810629441,0.0003421770482413513,1.1228229644832863,9.459427605241034e-05,0.0,259.0179833845006,5.893077764470699e-06,9.62686066792374e-05
1975-02-10,-0.004604200269542846,0.0003406519943711448,1.1323419200947507,0.005879459828980225,0.0,265.4089074503006,-7.611875143428308e-05,0.005890854671073135
1975-02-11,-0.00507196308360935,0.0003391399895404019,1.1192764885681499,0.0007757270277219978,0.0,263.7068084206734,-0.00025069413675090014,0.0007794246274269078
1975-02-12,-0.005961792869756451,0.0003376976918365996,1.0855574958068503,6.789124786517041e-05,0.0,264.8518894540388,-0.00027067775148793133,7.12982189161215e-05
1975-02-13,-0.004711845079384282,0.00033619073824693927,1.0520419535663843,0.0011208330170582917,0.0,268.3178056655856,-0.00019529171414294484,0.0011348334913523722
1975-02-14,-0.00223933699104072,0.00033471358697966674,1.0466239627471752,0.0039232399546157174,0.0,266.2366682832075,-0.0002132487499107749,0.003945287549576302
1975-02-15,-0.0038248428517142262,0.00033323138447131147,1.0353626890595575,0.000360958783303277,0.0,262.8963869924599,-0.000292392173981936,0.0003683564762916132
1975-02-16,-0.0043681787148033835,0.000331755832763715,1.0128477279749293,1.5845301292710387e-05,0.0,262.03315110574783,-0.00017943601571233933,1.798206969492203e-05
1975-02-17,-0.0022490309540834806,0.00033029518221731245,0.9961086926936207,0.0003556392160849383,0.0,258.42953271021725,-0.00010950215118753036,0.00035965095796488086
1975-02-18,-0.0033132430944739096,0.000328844381591021,0.986738244467985,5.096626483787925e-05,0.0,257.69635465948824,-6.011220505513714e-05,5.2654221233001544e-05
1975-02-19,-0.005099653482100385,0.0003273919814050535,0.9744125912193974,9.688827614326263e-06,0.0,260.0790088244077,-0.00011365018827093524,1.6016475168055616e-05
1975-02-20,-0.0037113123778569493,0.0003259528828206036,0.9634841947681262,0.002230692486473396,0.0,263.5753220236684,-0.00011212163010222764,0.002235700804589482
1975-02-21,-0.0036473598352259836,0.0003245268332756172,1.0089518229166667,0.0042802915818947185,0.0,258.01324435950676,-0.00043551149215065153,0.004285491539933588
1975-02-22,-0.004038189427327302,0.0003230975846112785,1.0150649938206215,3.1680037072822874e-05,0.0,254.41119167450012,-0.00016521774021919166,3.3313959269149965e-05
1975-02-23,-0.006650563939816535,0.000321669935506616,1.005615234375,0.000262213607797515,0.0,264.4059366452492,1.90369753261744e-05,0.0002650721056291121
1975-02-24,-0.007865235462027081,0.0003202489372027123,0.9873065266007535,0.0003449858750327159,0.0,268.5783526138622,-0.00028982198676147033,0.0003634176900452158
1975-02-25,-0.0032921875853323002,0.00031887264238239006,0.9720948644950566,0.0009925940868544714,0.0,261.40393336524176,-0.00034402565514974004,0.0009975893348274122
1975-02-26,-0.00662562802518155,0.00031746309355827374,0.969895070106521,0.000251056026604216,0.0,259.72853437879894,-0.00025203111081641946,0.00025279121210346114
1975-02-27,-0.00807574277712127,0.00031606204765664657,0.9572140106373588,0.00021111908352981182,0.0,263.90802689460713,-0.0004034254300055532,0.00021703502542425664
1975-02-28,-0.004544636034696116,0.00031469720231611185,0.9449253692914312,0.0015739493156220281,0.0,264.7204913913418,-0.0001232212693509409,0.001576032342210328
1975-03-01,-0.006535997835256286,0.00031332915785622467,0.9514932578566384,0.0018568411679927915,0.0,269.3798886961856,-0.00012448664733582298,0.0018719181484734724
1975-03-02,-0.006294020320062583,0.0003120372187619829,0.935323884033663,0.0021749856108326023,0.0,269.8164213399654,-0.0002714644033609137,0.0029990068688039305
1975-03-03,-0.004973344757395277,0.00031064097153938426,0.985122824343809,0.009226014848146063,0.0,267.9648328411153,-0.0003540941519336512,0.009503372308110922
1975-03-04,-0.00658394135324295,0.0003092827769996083,0.9909789809174907,0.00015597373752270716,0.0,266.3386419910496,-0.00039327419284036606,0.00015910397475005537
1975-03-05,-0.006337827166258278,0.000307962635142655,0.9948332763212099,0.0030714385842872884,0.0,266.04919847032227,-0.000365891699063576,0.0030999068311109504
1975-03-06,-0.0024622455239295964,0.00030661109140363795,0.9991533239907017,0.002972467113181023,0.0,264.1838456601073,-0.0003363437277112303,0.0029752840568789273
1975-03-07,-0.003809934997625944,0.00030532075186907236,1.0354617706126412,0.0019841181945666085,0.0,261.8410001456625,-0.00027210918902340585,0.0019869724046014912
1975-03-08,-0.006210984904213813,0.00030397905805016646,1.0257299390889831,0.00011915608314471055,0.0,265.69073332231596,-0.0001009308790924859,0.00012276756897660636
1975-03-09,-0.0037995717451397306,0.0003026804681551659,1.0136258974811676,0.001544010357163047,0.0,265.82575035813613,-0.0002449348169026402,0.0015595544529450243
1975-03-10,-0.0036552659535812122,0.00030139012862060035,1.0233685337217515,0.00245097064870899,0.0,264.65404699796113,-0.00022569882793951846,0.0024543784611918747
1975-03-11,-0.0034134128672928463,0.0003000947378449521,1.0341914117673023,0.0031186102515896835,0.0,263.1034231419393,-0.000332334078848362,0.0031254444050060008
1975-03-12,-0.007679004453669834,0.0002988275498320154,1.0415944819621,2.4305140904787572e-05,0.0,259.1700432879777,-0.00031481570653659483,2.536676419268809e-05
1975-03-13,-0.0069085209298942055,0.0002975537110183199,1.0282529554349107,0.0,0.0,261.98775064069673,-0.00019045154127360738,2.553538251959253e-06
1975-03-14,-0.007999108672815527,0.0002962782726449482,1.0158691406250002,0.0003529627528567772,0.0,262.4347341612908,-0.0002907690313239556,0.0003569992990748487
1975-03-15,-0.009671157152302521,0.0002950342361536403,1.00500764146363,0.0,0.0,263.3811502474626,-0.0003575201351511277,1.284479992591514e-06
1975-03-16,-0.010802570583119906,0.00029379845002276754,0.9906895524364409,2.0884440443610066e-05,0.0,266.32939166627585,-0.00044755317733786206,2.1757778798193695e-05
1975-03-17,-0.008733533996309939,0.0002925395123702658,0.9774098656720812,0.0004261124268763483,0.0,265.33279590642616,-0.0005102062776768949,0.00042920977081796165
1975-03-18,-0.008581232216398595,0.0002913177013397217,0.9651437533103815,1.8258237064221484e-05,0.0,265.3653036178618,-0.00045427318009953044,2.0100771113663805e-05
1975-03-19,-0.010249452612831096,0.0002901316699335131,0.95740573689089,0.0021806905035581968,0.0,269.7501335072203,-0.0003599579061912952,0.0025267782673246706
1975-03-20,-0.01280517114252694,0.0002888867073813401,0.9506518692620057,0.00038701883059436996,0.0,269.76169059236173,-0.0008460299222398614,0.000519360728080717
1975-03-21,-0.008082963694623635,0.00028768072357285496,0.9374354015860406,0.0001995962765593987,0.0,265.0550487575783,-0.0007630648922785528,0.0002038819755826849
1975-03-22,-0.007292390164345671,0.00028648458968448103,0.9325620144774011,0.002516460241907734,0.0,267.3393404362565,-0.00037070307985874224,0.002566364338611295
1975-03-23,-0.006886866469841219,0.0002852935070371898,0.9563482539577448,0.003715005845336591,0.0,262.8358352862285,-0.0006820344087262613,0.0037253847061122745
1975-03-24,-0.006565464881517121,0.00028410402394957467,0.9796618445444917,0.0015975924492892574,0.0,260.43455210109215,-0.0003449958091401785,0.0016014500189067279
1975-03-25,-0.004274346018578373,0.0002829459427440234,0.9839039603195622,0.00243084700935978,0.0,263.5098195947047,-9.043434750562334e-05,0.0024461102855740024
1975-03-26,-0.0034822372898543627,0.0002817548600967321,1.0432597876942091,0.010435942307872287,0.0,264.83717432040055,-0.00028455658358032425,0.010511469020564884
1975-03-27,-0.002647332173619567,0.00028059012809042205,1.1200305198770009,0.004756202552951662,0.0,254.00066979546557,-0.0004957491363593414,0.004758678283966249
1975-03-28,-0.0026902260921769223,0.0002794453484863885,1.2053781283103815,0.003584863712727014,0.0,251.26899474264314,-0.00019945958787101812,0.003589254668198478
1975-03-29,-0.0021146782542352622,0.0002782872672808372,1.2296970173463984,0.003095777252804762,0.0,254.21334247265833,-2.176931790881238e-05,0.003100524295419004
1975-03-30,-0.007428334973289469,0.0002771424876768037,1.2529604924376176,0.0003540311745331112,0.0,262.96064522306796,-3.2051755799412055e-06,0.000358635321814704
1975-03-31,-0.004203760522907063,0.0002759910572720113,1.2476372153072033,0.004262652816408772,0.0,262.231878650615,-0.00036370903674492057,0.00428579722420644
1975-04-01,-0.0036061882635967882,0.00027486277838884775,1.301219185866879,0.0034004187811229195,0.0,257.48508124701726,-0.00035399651565289097,0.0034091684271710604
1975-04-02,-0.00634222557652468,0.00027374115030644305,1.305613027454096,0.00030269097052725024,0.0,257.1203067010855,-0.0002415244662239727,0.00030462654330585534
1975-04-03,-0.01034346492277027,0.00027262777258447334,1.282709096560146,3.598167397881632e-05,0.0,263.0947680069229,-0.0002701376212266206,4.0277235501309034e-05
1975-04-04,-0.012341259226287154,0.0002715242447826149,1.2532706108021423,1.5751874379519016e-06,0.0,266.3182726032092,-0.00040268762784320764,3.693462867616645e-06
1975-04-05,-0.01257125553438219,0.00027042576822183903,1.2277894100900424,0.0014057160897106775,0.0,268.324447613876,-0.0005912564768545373,0.0014247058306710197
1975-04-06,-0.013796524476196807,0.0002693139900595455,1.1957614704713984,1.001884203172673e-05,0.0,269.928225508293,-0.0006549882118479681,2.063881788768351e-05
1975-04-07,-0.005040403771198402,0.00026826021698235123,1.1701915331479522,0.0053729469240722015,0.0,268.5928723035335,-0.0004929928687837838,0.005400788682899961
1975-04-08,-0.0038374135807409124,0.00026713353765886385,1.228666201374176,0.007818664576710956,0.0,263.4473247635836,-0.0004966230378986078,0.00782212008852824
1975-04-09,-0.006513553487378999,0.00026611941682416843,1.2543223465454334,0.0008923996050479048,0.0,262.21919467085496,-0.00034189401562772907,0.0008963767017847868
1975-04-10,-0.006328304524475571,0.00026501428946263376,1.2373566420962807,0.00035359672570632687,0.0,261.94190004855227,-0.0002791251682039708,0.00035445755818889633
1975-04-11,-0.007485886120190056,0.000263948814343598,1.222941310616761,0.0004042138235043672,0.0,263.8272815172731,-0.00024480235862866633,0.00040544008794348097
1975-04-12,-0.012262412973042936,0.00026290489118651483,1.201634638727048,2.7049943215429448e-05,0.0,265.35522814030475,-0.0003961992139617602,2.8334650547975736e-05
1975-04-13,-0.011437422643273566,0.0002618460668682379,1.1779106987847223,1.476309393758828e-06,0.0,265.385638562075,-0.0004816258926007708,2.186042338494986e-06
1975-04-14,-0.011862162479573052,0.00026080214371115477,1.1566281650923966,5.273495690297273e-07,0.0,266.9372783380713,-0.00040365751874817297,1.1816031458418129e-05
1975-04-15,-0.008982275081219647,0.00025978137207570054,1.13603437463218,0.0002686661683906943,0.0,268.2593858183665,-0.0003368724611098484,0.0003827494584339486
1975-04-16,-0.009463162450803876,0.0002587954540037166,1.123822975517891,0.0016907375242750525,0.0,270.64877713736837,-0.00040773942140536124,0.0025274508079216845
1975-04-17,-0.0050914380173225195,0.00025772492764359814,1.193606044388536,0.015854745008851177,0.0,268.13443164502166,-0.0005611419404125483,0.016147869791688217
1975-04-18,-0.007292376483901073,0.00025670255644846774,1.2428504958215632,0.003697420012647823,0.0,263.110409921621,-0.0005737179732423718,0.0037086505842747666
1975-04-19,-0.010090845957987727,0.000255661832410737,1.2678788179731637,0.003856875528555132,0.0,266.68509627376346,-0.0002951432061565798,0.0038859218302585595
1975-04-20,-0.00673619043187233,0.00025467591433875304,1.260887936234699,0.004704694310992451,0.0,268.0174642049211,-0.00033646065341887507,0.004759868507999899
1975-04-21,-0.01531895729949919,0.00025367164342416883,1.2748910792578863,0.0009944445458845905,0.0,267.0270353306485,-0.0006540015781834975,0.0009966932952740772
1975-04-22,-0.010711033255030207,0.00025274187831555387,1.2490691851312383,0.0013662718952038868,0.0,271.268874777239,-0.000374083228325103,0.0022746960995560987
1975-04-23,-0.014797523280995041,0.0002516995547181469,1.2379118206361819,0.0012689076869164483,0.0,271.2961595251511,-0.0007080517309365301,0.0017072742941639618
1975-04-24,-0.016087001663143353,0.00025071523620583916,1.2124846435087102,0.0003774083393105006,0.0,270.5671424255084,-0.0008950543058457349,0.0005777625679902709
1975-04-25,-0.020795709711346925,0.00024972931813385527,1.1857792913576979,0.0,0.0,273.59851667616107,-0.0010415679738346468,0.0007973451670812667
1975-04-26,-0.018200635825846828,0.00024885275943131095,1.172154543314501,0.0034496337806774404,0.0,272.569346684745,-0.0012148092158854344,0.005316226091757074
1975-04-27,-0.012331798462207708,0.00024776707934794453,1.195661699255532,0.0060694425414174295,0.0,270.4278447928851,-0.0009468188667196339,0.006310886279235506
1975-04-28,-0.008578951118019342,0.000246800861116183,1.1894892173522835,0.0032217887119721563,0.0,267.5461883832281,-0.0007863261363348044,0.0032448932781057845
1975-04-29,-0.005686386072703001,0.0002458346428844215,1.2738602632856637,0.01661011644002408,0.0,264.6388071351132,-0.000508930655143692,0.01661841237718187
1975-04-30,-0.00820484269136763,0.00024483702277059615,1.3578699259210218,0.004398546081646688,0.0,264.23796637942786,-0.0004732552968428634,0.00440616944436283
1975-05-01,-0.011827547923993258,0.0002438543038179646,1.3512946809528013,0.0002538989703197264,0.0,266.0205438437884,-0.00045351365760052943,0.0002590640452840772
1975-05-02,-0.013049655883325696,0.00024291123710783188,1.3315326238082628,0.0017645588660307526,0.0,267.96201742930157,-0.00047969127252782135,0.0018992785679409867
1975-05-03,-0.016931109130382538,0.00024200462352084575,1.3161464770185969,4.980734175881424e-07,0.0,271.4649435104399,-0.0006243916712490853,4.997361177778514e-07
1975-05-04,-0.02274573548028698,0.0002410615568107131,1.280989997131003,0.0,0.0,274.8580237207215,-0.001075502358755823,0.00016300273539573645
1975-05-05,-0.009932208111730673,0.0002407535994793736,1.2420263487964927,0.005346054937374794,0.0,273.5034591725093,-0.0008128361808041395,0.0062606666552591055
1975-05-06,-0.0030196653836864545,0.00023922517811511196,1.3106319334098402,0.019387531730919907,0.0,270.1657801913676,-0.0005790383823342243,0.01952650247313796
1975-05-07,-0.004392443614154213,0.000238311913727367,1.428669557733051,0.01296040512579309,0.0,269.0195636425988,-0.00043775484302623123,0.013117449482156948
1975-05-08,-0.005065774176753847,0.00023742685210233354,1.4885732072445856,0.008859755902808939,0.0,269.68300760488285,-0.0002789562094514653,0.009375114764151924
1975-05-09,-0.011787889114880967,0.0002365218380750236,1.5082212401424202,0.0021733408215018992,0.0,270.9782305392393,-0.0005052008502985125,0.0026234498805195704
1975-05-10,-0.012256835645201516,0.00023567642869248907,1.4694534560381356,0.0005293381795034571,0.0,271.7602164633081,-0.0005940701759888628,0.0016995475464481348
1975-05-11,-0.01734163426915131,0.0002347118100204037,1.4335707612405837,0.00010205540111509422,0.0,271.8388998387224,-0.0007824748333564586,0.0002190304158888427
1975-05-12,-0.007744865102619775,0.0002479723281106033,1.4110921223958333,0.005628415693839392,0.0008143768724748645,273.38687353259877,-0.0004029336390690615,0.009591019911115576
1975-05-13,-0.016149733362898315,0.0002854182726919315,1.393412846854402,5.312011403552557e-07,0.00369541561704571,274.4914061372114,-0.0005871217834663258,0.00025332740134438554
1975-05-14,-0.02185214104625465,0.00030498130846831763,1.3385481035193032,0.0,0.005036289661617602,275.71982499390225,-0.0007663931392427893,1.2814998058274796e-06
1975-05-15,-0.024260519082936863,0.00037491717244272183,1.2791488273893596,0.0,0.00868837996307066,277.53996525421434,-0.0009598962667971682,0.0001274962840264477
1975-05-16,-0.022285767362616157,0.0007995027775144847,1.217229753339807,0.0,0.010674280403865935,277.89100145889546,-0.0008318461530373596,0.0004360115124007403
1975-05-17,-0.016235239845884722,0.0007282727855747029,1.1614130454772835,0.0,0.010746070283786054,276.78893408622673,-0.0005346458657818326,0.0009844643545596043
1975-05-18,-0.021263149372265165,0.0005594635077115507,1.1135047007415255,0.0,0.007927807184767589,276.70099999091946,-0.0008604298687755727,1.2755393754559918e-06
1975-05-19,-0.01210335785217878,0.00029989959156445867,1.0719315983256827,0.002215314424980832,0.00243675142610814,274.852828530493,-0.0008003540537030684,0.003953482488449425
1975-05-20,-0.005568266967258885,0.00022924257873815335,1.1784667968750002,0.020670500494497646,0.0,269.18300100639044,-0.0011119990856886584,0.021159454758560518
1975-05-21,-0.0047444283204563596,0.0002276244978446745,1.3262976235140067,0.019401040496462484,0.0,269.11126998139866,-0.0003933408586992383,0.0196025055175433
1975-05-22,-0.010699539745258073,0.0002274820528461435,1.3910771888977165,0.003092410179686412,0.0,271.16652390287874,-0.0004680691507913299,0.0033898236724602235
1975-05-23,-0.014464306418841843,0.0002273545090088063,1.3709822545168315,2.267312700465574e-05,0.0,270.7670869342352,-0.0006916204541079743,2.8917287641128673e-05
1975-05-24,-0.015901717467833375,0.00022734827914480435,1.3458856557497645,0.00017960601102160872,0.0,272.50121459673585,-0.0006782544229579511,0.0006726970023131963
1975-05-25,-0.01174199955779954,0.00022735349876058976,1.3687597012564738,0.010112819677523975,0.0,269.14528556507634,-0.001125744565016469,0.01074688905932759
1975-05-26,-0.016387530976096118,0.00022737176741583878,1.3917758172963748,0.00044596847672920444,0.0,269.221627021689,-0.0008059087825023522,0.0007148049110471971
1975-05-27,-0.013845054190711116,0.0002274913976421464,1.3737684921580746,0.0011801985066152564,0.0,272.5798692002808,-0.0005405506087561786,0.0022869774299259927
1975-05-28,-0.007370089112365314,0.00022758442466541876,1.3632702153954803,0.005023107016827427,0.0,272.0410321014749,-0.0004734552575875137,0.00627993505206356
1975-05-29,-0.01527873540328721,0.000227612795802833,1.3638589575241291,7.812937690039814e-05,0.0,272.4296970151912,-0.0006973620577804786,0.0005835385645281796
1975-05-30,-0.012002360180946395,0.0002951187602544235,1.3312882532956687,8.64756688223047e-05,0.0012300850686717169,273.551310336298,-0.0005031637742189364,0.00463398949756664
1975-05-31,-0.004849732806116848,0.000491012371866043,1.3151483050847457,0.005856072814282724,0.002240279531579907,272.25586107401307,-0.0002879525434836156,0.012031715838820302
1975-06-01,-0.015310900233222942,0.0002479298134981576,1.3234201204978815,0.0015695925149540443,0.00038361993465719927,272.67881047882827,-0.0009673687992459637,0.002852102036530015
1975-06-02,-0.021453077173502436,0.0005092646105814789,1.2892599734433852,0.0,0.005351736299735678,275.84084354551504,-0.0007301344467842647,2.885689843172408e-06
1975-06-03,-0.014602551605068358,0.0011772687657404756,1.2388293020244823,0.0,0.009998688442727268,277.1355124256256,-0.0004176093886295954,0.0015515572943020405
1975-06-04,-0.01631630767705077,0.0005575926963892361,1.1972748205037667,0.0001032557233241992,0.004329445861322058,274.7902564284043,-0.000791141147709499,0.0024183903035794813
1975-06-05,-0.020365765876015702,0.00109464182692059,1.1615629321886771,0.0,0.008630261730171195,276.80814586790274,-0.0007980710084913141,3.895207729967276e-05
1975-06-06,-0.02044750682714969,0.002234185230260515,1.1106731752442327,0.0,0.014012517502247279,278.5940263931361,-0.0005426077529956392,0.0006651787134934551
1975-06-07,-0.01338305303269187,0.0025693306141653977,1.0553599212129237,0.0,0.015149830319618777,277.80128732598655,-3.479213827410661e-05,0.0012793988226928986
1975-06-08,-0.006382300102778075,0.0013438693884402348,1.0144256764212571,0.0027316561610685234,0.006756490885706272,274.6122001533006,-0.00016866639088102654,0.00896495850067058
1975-06-09,-0.00952845950753002,0.0003401818922010519,1.0368447743791198,0.0070145254333814,5.344966542249346e-05,271.6966917645011,-0.0009328109333239034,0.009085282228713906
1975-06-10,-0.01005764044610794,0.0004043628772099813,1.057936501368291,0.0021566865008092874,0.00027114769580674036,271.7805974137761,-0.000716409177682494,0.006354035630624309
1975-06-11,-0.017154082192876244,0.0004802959955344766,1.04899548316855,0.0004034345222395019,0.001947143299263076,273.8482049054794,-0.0008707244822618652,0.0019430909789660829
1975-06-12,-0.022162000506611195,0.001037959661860924,1.0185995155808618,0.0,0.005867606965498736,276.6107851125426,-0.0009086743512817022,0.0010206494135588842
1975-06-13,-0.021073294350993164,0.0015955088333894979,0.9797664433998353,0.0,0.010640576629147018,277.9016476647329,-0.0007162030765229026,2.6885230662459037e-05
1975-06-14,-0.01191669315268091,0.004796592781772722,0.9397935885269538,0.0,0.011714226003252181,275.9707827199875,-0.00022655134062982553,0.012265438935849552
1975-06-15,-0.016394905451327393,0.0018259719603479247,0.9058426391831451,0.0,0.009353698394392845,276.5954323245981,-0.000603135580481109,0.0017603465729514086
1975-06-16,-0.010253319548348249,0.0021509452391478977,0.8748222968897128,0.0013343840311307693,0.00699898973107338,275.2356050099806,-0.0003816441732779735,0.0057329476553168
1975-06-17,-0.010625425831409498,0.0010546546871379272,0.873897229210805,0.0033221666380173747,0.0009769076891874863,273.0182881184666,-0.0007731606815494387,0.0071439574718830685
1975-06-18,-0.0045850072792694395,0.0036162928504458935,0.8841966532044492,0.0052026147180694645,0.008368609315257963,274.91200076747975,5.430234648750326e-05,0.013718049270182735
1975-06-19,-0.015715752154757075,0.008734483587539803,0.8776538223870057,3.135978838818221e-07,0.006545235860650823,275.18555247851015,-0.0005476137381152246,0.01394408149907818
1975-06-20,-0.02346422805287744,0.0020377434748040757,0.854527590189501,0.0,0.004262542741446846,275.71121188161965,-0.0012373196034781676,4.36289498580242e-05
1975-06-21,-0.008478404564709314,0.004944665199619229,0.8270523444856404,0.00045601164890547935,0.010640318994804965,275.757532130527,-5.840877397248974e-05,0.006589571045616926
1975-06-22,-0.014195052496457503,0.004642005525739854,0.7969527020068268,0.0,0.010301051103630983,276.0193899876654,-0.00025874791972044497,0.002399196912831986
1975-06-23,-0.02345536607133467,0.004886522131451106,0.7607520726665491,0.0,0.012209386559529495,277.9389456625039,-0.0007495325753244304,6.92321939964144e-06
1975-06-24,-0.028856898052880997,0.009688756644389052,0.71427868629355,0.0,0.019755156763361002,280.9027733165217,-0.0008657242324055925,4.8401446563429545e-05
1975-06-25,-0.035218600204772195,0.009042626551989107,0.6591419859345575,0.0,0.015706446316451003,281.991703184311,-0.0016968638588816434,0.00020720485576802058
1975-06-26,-0.02093986291333107,0.017282426778206045,0.6193695930437854,0.0007455268359116916,0.014044009380589773,277.5811383450323,-0.0005936386158405725,0.015029449971274936
1975-06-27,-0.03441028040176058,0.012389791466422,0.5854694488582863,0.0,0.012166700520589525,279.8444709490473,-0.0016642191294728027,0.000738987713906563
1975-06-28,-0.0342983388799732,0.011627605911028589,0.5451894641596046,0.0,0.013096393691112767,280.5277525116944,-0.0016182991070935958,0.00015819191064225116
1975-06-29,-0.02826606153936709,0.013004818710230166,0.5018241580596752,0.0,0.019111832509101447,282.31507400469593,-0.0011984406638953647,0.00020382685513004072
1975-06-30,-0.02761748134248001,0.0129311423180467,0.4522852206185264,0.0,0.02002566099419432,283.28783554680604,-0.0011588112045984485,6.241802409740147e-05
1975-07-01,-0.02617130340155909,0.01524423963606021,0.3955078125,0.0,0.023593460225452813,285.7101248042507,-0.0009778589957346352,1.2604900627136137e-05
1975-07-02,-0.022752027474554248,0.015970924311438525,0.34530587923728817,0.0,0.020128412287955904,286.7603812567932,-0.001091603663260654,0.0006683316439558557
1975-07-03,-0.024032879010432183,0.019232106747600317,0.3000037701565443,0.0,0.018371154822535436,286.66381722071304,-0.0010379480229595962,0.0029366716808513025
1975-07-04,-0.02229879489221142,0.02461986218468618,0.2611332262976695,0.0,0.015255748994101238,286.7771402671512,-0.0011854324658206628,0.005792055651807519
1975-07-05,-0.017710357525591126,0.019033556183179222,0.22835033581979758,0.0,0.013828791825279681,286.21248407597375,-0.001049728159092914,0.005377578230125136
1975-07-06,-0.01821544324442492,0.024795414785207328,0.19615641735816855,0.0,0.013851455923190899,285.2003099330177,-0.001440837642567306,0.014462095734660965
1975-07-07,-0.015879131180081666,0.027902428797409357,0.16391813059086632,0.0,0.01411042034120883,285.18939843689657,-0.0011842700594899345,0.012503853709684256
1975-07-08,-0.012782659444768552,0.0186749153723151,0.13261433689383242,0.0,0.013790375432052181,284.0155639181479,-0.0009836845078879156,0.004198570557884065
1975-07-09,-0.013186637038564954,0.029276304746751733,0.10033237148363935,0.0,0.01471906420537981,284.5658490060638,-0.0010810726569534022,0.013069861942091905
1975-07-10,-0.017822949100012163,0.01572998785703196,0.07002054275541432,0.0,0.010976437521351261,283.0237037134261,-0.0013901056606048917,0.004076264251309735
1975-07-11,-0.023262232163194885,0.012088503036121865,0.04815616356226459,0.0,0.007325685693550919,282.8404366803932,-0.0019343389503363167,0.00044165054300161137
1975-07-12,-0.02688432851080167,0.01071380558660475,0.032875994953507535,0.0,0.005886766449206293,283.0141219410295,-0.002127732839540573,0.00027270808731768767
1975-07-13,-0.0304161990429722,0.010322477773757978,0.02001355417255179,0.0,0.005018180983383104,285.62204740994844,-0.002453662876018697,0.0009438699277117109
1975-07-14,-0.02836757447928359,0.009741722190447447,0.009571140095338984,0.0,0.0032819994635837906,287.06771711575783,-0.0025784193859093607,0.0009322831843325479
1975-07-15,-0.029998889961148387,0.008550611172018753,0.0043030359875235406,0.0,0.0014866892101064243,288.15403555386933,-0.0028167546826735734,0.0021171927083179394
1975-07-16,-0.033835623518558545,0.007614095669008245,0.00162208686440678,0.0,0.0007017168326903199,288.2983188377711,-0.0034601050981525653,0.0024036520449105493
1975-07-17,-0.03509048700837766,0.006854708332799922,0.0006533405426082863,0.0,0.00024156000907138246,286.41992927809895,-0.0028703196531971974,0.000477850942288415
1975-07-18,-0.028017403589466874,0.006277321085418012,0.000382992731873823,0.0,9.515967830426276e-05,283.7749638063535,-0.0026238857121285747,0.0017767130991833359
1975-07-19,-0.02941755798913665,0.005757613370647539,-7.3453647229951e-24,0.0,4.38903390014239e-05,284.7313327609707,-0.002570734980205695,0.0005347576184184963
1975-07-20,-0.029029871110862263,0.005330905991759005,-7.3453647229951e-24,0.0,2.1947189997145013e-05,285.6403207796891,-0.0026859923997252003,0.000641513506539951
1975-07-21,-0.02571752591658447,0.005464037680356516,-7.3453647229951e-24,0.0,9.650617080219723e-06,286.2579251090012,-0.0028294423163610664,0.006522114469686712
1975-07-22,-0.025439636855475654,0.0061167902023778805,-7.3453647229951e-24,0.0,3.967907721713438e-06,285.59835974195806,-0.0031348189423229065,0.009108872433752675
1975-07-23,-0.018475620212864745,0.005940374765692459,-7.3453647229951e-24,0.0,1.6110091559631004e-06,283.80295905779536,-0.0031579004726925144,0.012732378389299127
1975-07-24,-0.023869534670296365,0.00420321153718873,-7.3453647229951e-24,0.0,7.182443882785949e-07,284.49958590419504,-0.0030131671146231857,0.0033020960071316417
1975-07-25,-0.02935601240497525,0.003996435531788627,-7.3453647229951e-24,0.0,3.477779485411564e-07,285.99969879696374,-0.0025599834398698,0.0026467535118598726
1975-07-26,-0.030661576801100696,0.0037918289502461753,-7.3453647229951e-24,0.0,1.4810659791116661e-07,286.75129710123815,-0.002673741151173573,0.0005827542752195887
1975-07-27,-0.03469679651960816,0.0036266710461869754,-7.3453647229951e-24,0.0,6.394029337134065e-08,288.0987327920515,-0.0028092251343410568,1.0116995962379801e-05
1975-07-28,-0.03705807531115699,0.0034848715120789696,-7.3453647229951e-24,0.0,2.2688491196282166e-08,290.1260383914869,-0.002810239555093192,0.000709871422083643
1975-07-29,-0.03681245555648696,0.0033517133886531254,-7.3453647229951e-24,0.0,8.250360435011697e-09,289.40936176206657,-0.0030913288510367697,0.0014066412791344269
1975-07-30,-0.024371038932921526,0.003984611586662336,-7.3453647229951e-24,0.0,4.125180217505848e-09,287.02861786607076,-0.0025083161995740934,0.011071161395366907
1975-07-31,-0.01748802281368924,0.003190537377939386,-7.3453647229951e-24,0.0,1.031295054376462e-09,283.6114808888983,-0.0030795343872685897,0.00726728190133084
1975-08-01,-0.02701241863986193,0.0029840185648977425,-7.3453647229951e-24,0.0,0.0,280.3602970288523,-0.0022198439570470046,0.0004147058010971063
1975-08-02,-0.02993736841247581,0.0028774122060355495,-7.3453647229951e-24,0.0,0.0,281.8485758829925,-0.002529023793962716,0.00013798590175790872
1975-08-03,-0.033822621413543405,0.0027777247004589795,-7.3453647229951e-24,0.0,0.0,284.48537466261126,-0.0025687838173181995,1.177218671992669e-05
1975-08-04,-0.035065458445562483,0.0026862058935865846,-7.3453647229951e-24,0.0,0.0,285.33145967760106,-0.0025815918389181635,0.00020383492570136556
1975-08-05,-0.030205170776547687,0.0026034498955570372,-7.3453647229951e-24,0.0,0.0,286.37509976403186,-0.002540088021906756,0.0007158327040801613
1975-08-06,-0.03669930438874132,0.0025138540961648116,-7.3453647229951e-24,0.0,0.0,288.7873974241555,-0.0026534655378699975,0.00014227546647794942
1975-08-07,-0.04564422718380805,0.00244738691944187,-7.3453647229951e-24,0.0,0.0,288.6380237212963,-0.002960011278842129,0.0016189698337737582
1975-08-08,-0.036337140337222046,0.002356328196444754,-7.3453647229951e-24,0.0,0.0,284.0914140870118,-0.002444165590413883,4.410743663640915e-07
1975-08-09,-0.034310407178886865,0.0022837251929913537,-7.3453647229951e-24,0.0,0.0,284.2994492273996,-0.002353803270449073,5.524023767789184e-05
1975-08-10,-0.038048537353337825,0.002214236868976873,-7.3453647229951e-24,0.0,0.0,285.6874038818417,-0.0023098585411569492,9.529176273159558e-05
1975-08-11,-0.03662285141352207,0.0021470231188219146,-7.3453647229951e-24,0.0,0.0,286.1249064968131,-0.0022303967941868104,2.373416334218597e-05
1975-08-12,-0.02564319168443734,0.002120409139805595,-7.3453647229951e-24,0.0,0.0,283.85394208444717,-0.002161405243947681,0.003897997203026435
1975-08-13,-0.021666189539903978,0.0020833323567600575,-7.3453647229951e-24,0.0,0.0,282.955546585629,-0.002101005318095792,0.005421925382334607
1975-08-14,-0.016579763279796322,0.002045112141108109,-7.3453647229951e-24,0.0,0.0,281.60970033404965,-0.0022781143848926337,0.007026003932543809
1975-08-15,-0.010371977031904428,0.0023974521180330703,-7.3453647229951e-24,0.0,0.0,280.3948702048896,-0.0023914037987926586,0.012107134437739486
1975-08-16,-0.02350170582027759,0.0018952849221094855,-7.3453647229951e-24,0.0,0.0,280.53831840055364,-0.002610309323096006,0.0025272522943176664
1975-08-17,-0.025816867370053197,0.0018205378351911989,-7.3453647229951e-24,0.0,0.0,282.39914662779614,-0.0020031127762996544,0.00028685324609616385
1975-08-18,-0.031087144451626275,0.0017745926723641866,-7.3453647229951e-24,0.0,0.0,285.25097189290824,-0.002401824303939518,0.0003606891227526045
1975-08-19,-0.02978866206387342,0.0017367386716907309,-7.3453647229951e-24,0.0,0.0,284.75593905260337,-0.0023298460442972724,0.0011218956938008667
1975-08-20,-0.043542326969952236,0.0016846057385374597,-7.3453647229951e-24,0.0,0.0,284.8890680000607,-0.0022889817670240244,4.3938492152163775e-05
1975-08-21,-0.02528517360741136,0.0016472949988424442,-7.3453647229951e-24,0.0,0.0,284.1984641583402,-0.0019577475169957697,0.0005136048052944033
1975-08-22,-0.030512224988075303,0.0016217416120787801,-7.3453647229951e-24,0.0,0.0,283.8894133163711,-0.0023756725871461933,0.002086044407196939
1975-08-23,-0.03507904611570013,0.0015695523575874372,-7.3453647229951e-24,0.0,0.0,283.14825942691436,-0.002217139322626389,0.00018376076642355037
1975-08-24,-0.03663231958608843,0.0015573380357128078,-7.3453647229951e-24,6.126313559753074e-07,1.66270018970899e-09,280.56439759277805,-0.002168660762451463,0.002715661785023361
1975-08-25,-0.018352557205210975,0.001523345540472343,0.0058545473605226,0.0011980801526099275,0.0001393182171603381,275.37710697008845,-0.0020792006467611106,0.0038493536958910516
1975-08-26,-0.026094320256494535,0.0014726055712349672,0.006012250250117703,0.0,0.0003922052028994103,278.95925281546215,-0.0018677937529854853,0.0001423661991701288
1975-08-27,-0.029723307254624236,0.001438588661662603,0.003432681556026366,0.0,0.00033445377428989627,284.7447426862411,-0.0020485834855228494,9.614195413643119e-06
1975-08-28,-0.035260559601635585,0.0014053532632730776,0.00147656801730226,0.0,0.00015274218499323743,285.24208042985305,-0.002139302028479886,9.472684266287523e-05
1975-08-29,-0.036068923813475054,0.0013729243797097504,0.0005406956214689266,0.0,4.74829500341146e-05,283.06413457981836,-0.002016938933418632,0.0
1975-08-30,-0.03369278338669384,0.001343334293634878,0.000405521716101695,0.0,2.7501061137786694e-05,283.7502359832074,-0.001987214673752502,4.261732051702438e-07
1975-08-31,-0.03647937335200229,0.0013146441703462334,-7.3453647229951e-24,0.0,1.5651901899758032e-05,285.33159309142957,-0.0020575193362047444,1.2814998058274796e-06
1975-09-01,-0.03263497819839898,0.0012871272819863875,-7.3453647229951e-24,0.0,8.829979825828036e-06,283.8553765938107,-0.0018637027002155447,2.8609612435679922e-05
1975-09-02,-0.031958086089899314,0.0012677161201918867,-7.3453647229951e-24,0.0,2.499501415565189e-06,281.5971693193396,-0.0019911546365352674,0.0012072575966840947
1975-09-03,-0.02935265867555209,0.001235050417609134,-7.3453647229951e-24,0.0,9.384679760636584e-07,279.5889087576426,-0.0015106996005706194,3.0061325446695264e-06
1975-09-04,-0.023910726488983566,0.0012179546605395734,-7.3453647229951e-24,0.0,6.246491003844699e-07,279.5831388987166,-0.0016944347328301205,0.00126370161259829
1975-09-05,-0.02511392340148236,0.001187468231734583,-7.3453647229951e-24,0.0,4.254618270249017e-07,279.80678337082804,-0.0014558778917890486,0.00011920738687116539
1975-09-06,-0.028050228195675347,0.0011636421168591342,-7.3453647229951e-24,0.0,2.503205659025807e-07,282.27964241760606,-0.0014872145444407303,3.588563304339088e-05
1975-09-07,-0.02786060309005996,0.0011407638673728469,-7.3453647229951e-24,0.0,1.2411320276853058e-07,282.94716320289285,-0.0015088261899638311,2.1570264180554967e-05
1975-09-08,-0.029102035582402333,0.0011187062761877891,-7.3453647229951e-24,0.0,5.8015608518137104e-08,283.8880624214359,-0.0015196297843914248,3.58833431524072e-05
1975-09-09,-0.029049179311526025,0.0010972410272070245,-7.3453647229951e-24,0.0,2.724513158959858e-08,283.5402749559076,-0.0014871310148030354,5.3382806254568884e-05
1975-09-10,-0.02683005364096098,0.0010781927970843128,-7.3453647229951e-24,0.0,1.1344245598141083e-08,284.48830384723215,-0.0013662125799531319,0.0003900184469707942
1975-09-11,-0.014633903227283458,0.0010618765307011577,0.0034827970515536725,0.0014394948543128322,0.00019860640168190005,277.5036340918245,-0.0008691746404783876,0.0021074862605845648
1975-09-12,-0.01932695760565289,0.0010425125138234285,0.007376173346280603,0.0,0.0004644086005660774,277.42287182493624,-0.001019953465941599,1.0513434200017252e-05
1975-09-13,-0.022173900641290486,0.0010234225267744335,0.004159356241172317,0.0,0.00034639811785207634,280.08860021616334,-0.0011919703871264295,0.00013852422520265744
1975-09-14,-0.025428899769055643,0.0010038072106528417,0.002168299788135593,0.0,0.00018905434694330573,281.75467140212123,-0.0012727465512136283,0.00017979199818432407
1975-09-15,-0.02504224624842574,0.0009865397113864704,0.0012869107521186443,0.0,8.972943628911918e-05,282.0086084031789,-0.0012875183374952462,0.0004578722684767325
1975-09-16,-0.02237270595663685,0.0009908965751949678,0.0005406956214689266,0.0,4.453786601454525e-05,281.9961933595762,-0.0018434393572184327,0.0036396964626555597
1975-09-17,-0.01706932320938272,0.0009902342733016797,0.00023034736935028253,0.0007501142783521933,1.4013310862799824e-05,278.76237526586505,-0.0018020070573620203,0.006102399384908084
1975-09-18,-0.008657099752776369,0.0009395975177570925,0.018870093279190207,0.004452369254776987,7.32850578040053e-05,272.1492847686883,-0.001134387028040522,0.0053342451819356285
1975-09-19,-0.012713630952067295,0.0009202254188936309,0.04554923824446799,0.0022502935117920918,0.0,269.94007090121346,-0.0007891975458984995,0.0023966565812488603
1975-09-20,-0.014235402399537255,0.0009063702013532996,0.04634051134357345,6.53343517228035e-05,9.140851091867113e-05,271.05780212847753,-0.0006934900394519845,6.703859422727077e-05
1975-09-21,-0.01796534712200111,0.0009006399892817784,0.04190873830331921,0.0,0.0008912063966699913,273.3957090359848,-0.000843224989113498,0.0
1975-09-22,-0.018668441701743563,0.0008974880990335498,0.03328588453389831,0.0,0.0019129188783929849,276.7488867082614,-0.0010089590503586888,2.1436330257529335e-06
1975-09-23,-0.022573365077460553,0.0008749874298181912,0.020481145539077213,0.0,0.0010868359757008525,278.6069480551165,-0.0010942112875439354,1.4055046904104529e-08
1975-09-24,-0.0231842604060631,0.000858760738776902,0.013333940236581923,0.0,0.0008357480315670456,279.38199280345515,-0.001194875292732554,5.318283247543355e-06
1975-09-25,-0.025276919079702455,0.0008411581738520477,0.007912501103460453,0.0,0.00044226064478273446,280.1404215207433,-0.0012585166999596663,4.261732051702438e-07
1975-09-26,-0.014995311444762065,0.0008451462970615108,0.006544210143008475,0.00244144091414193,0.0001558381537933134,278.30753868088664,-0.0013630781427951856,0.005291840351710472
1975-09-27,-0.015438554945301877,0.0008128810737092617,0.019094923346280605,4.4882339609544827e-05,0.00013636940785047026,273.22176445495836,-0.0009770678451000636,6.926031098064054e-05
1975-09-28,-0.020915218244838177,0.0008077359637298153,0.01650592926082863,0.0,0.000771975186837595,277.1318349065978,-0.0010670764203378038,1.2816190064768307e-06
1975-09-29,-0.009305870928670055,0.0008193140817900836,0.013935785958097932,0.0025294880030182123,0.0002839890029807549,276.0911561100272,-0.0013576212186513649,0.006604445180851993
1975-09-30,-0.0108726494814043,0.000779902362554087,0.03565809461805556,0.0013957355950175033,0.0002430008966370491,271.59006494137753,-0.0009415432768689712,0.001529888750250866
1975-10-01,-0.01659351258964862,0.0007793887355233317,0.0317727643891243,0.0,0.001221803211643871,274.85802537303863,-0.0008660788032210479,1.2788246408490522e-06
1975-10-02,-0.019351303198580014,0.0007695425196556049,0.02283289562735405,0.0,0.0012950078073867973,278.73346881543176,-0.001135974822534343,0.0
1975-10-03,-0.02289576533824037,0.000752828383849839,0.01446268832391714,0.0,0.0007678380730630316,280.04464828002705,-0.001218158120321015,8.52346317969932e-07
1975-10-04,-0.029374982467142204,0.0007373725963851153,0.009309987788371,0.0,0.000343736166418609,281.27028383014346,-0.0013799870565617827,1.716307792776206e-06
1975-10-05,-0.022155209828568043,0.0007268852096492962,0.006302368393950095,0.0,0.00031989888619568394,278.74142508857,-0.0011105535415101187,1.2916758009851037e-06
1975-10-06,-0.02287254419367192,0.0007163248324798325,0.004527866054613936,0.0,0.0002681440068671933,281.9389979260116,-0.0011967437047153543,1.2874603712020871e-06
1975-10-07,-0.03586942201617074,0.0007050421278355485,0.0024184174905838044,0.0,9.14866367807496e-05,282.93500599977887,-0.0013381212918182554,9.320272227465097e-05
1975-10-08,-0.011816960648965029,0.0007014452232479377,0.04878329691913843,0.015699054751187394,1.4319531830017177e-06,272.7540221456754,-0.0007716370430790773,0.01692826448187316
1975-10-09,-0.01094441658864587,0.0006999735441585045,0.1044565549229049,1.34034682128389e-05,0.0013854625071846162,269.40539491872556,-0.0008796097416072916,1.4259602961620828e-05
1975-10-10,-0.013969253180390698,0.0006975767302647823,0.087720278292726,0.0,0.0020024417399686608,274.37207862078134,-0.001205256166683752,1.3106118146712455e-06
1975-10-11,-0.016646387634304285,0.0006958372512106169,0.06910053260357815,0.0,0.002536953758385222,275.31187300673093,-0.0011803845659235103,8.612870487922919e-07
1975-10-12,-0.01342731756342333,0.0006798004868340358,0.05098470052083333,0.0,0.0017506906099743766,275.5760615002189,-0.0009213239796417583,0.00010525291251816662
1975-10-13,-0.0047095736204567605,0.0006617947486834338,0.05731005767419963,0.005559217037454164,1.6997163157678594e-05,272.50359050657346,-0.000927402043325753,0.007393563052024396
1975-10-14,-0.002597409411002014,0.0006439344862760124,0.1094662653748823,0.0084304275401568,0.0,267.70048563897944,-0.0003353346791644554,0.008460972756898309
1975-10-15,-0.009225828794099517,0.0006535250251576052,0.13042810587335218,6.4949699714358926e-06,0.0015271281623570935,269.84565603396317,-0.0007159514142210875,8.230155356994219e-06
1975-10-16,-0.009555557563816762,0.0006347124354313998,0.12860486736405366,0.0022234304644967204,0.0005053841840412657,269.0005525743445,-0.0007953129729813776,0.0024388015750297985
1975-10-17,-0.009465963448171563,0.0006735270137840746,0.12096041519538608,2.062590108752924e-09,0.004403421592156767,271.749175817055,-0.0005953688079775391,1.293420723413874e-06
1975-10-18,-0.012858262254019915,0.0006512155977346129,0.09014283376000473,0.0,0.0030079719394782165,275.75030057084535,-0.0009244045368948226,8.553266184208042e-07
1975-10-19,-0.015641660845212346,0.0006211370566470475,0.06985939155190679,0.0,0.0010924060213363777,275.72652140040856,-0.001147933567395318,1.307017782892217e-06
1975-10-20,-0.012855270235551953,0.0006188203891118368,0.0593684711923258,0.0,0.0014488794498861172,275.93222948566444,-0.0009482421696522816,0.0
1975-10-21,-0.01338565235925933,0.0006043205490220064,0.04921479593338042,3.392750260520117e-08,0.0007682073714032685,275.2588148566065,-0.0010301299540504897,0.00022925050918167928
1975-10-22,-0.00735378122262362,0.0005893175211329918,0.059796981667843696,0.00973971158602817,3.264841260546345e-05,272.4201447438386,-0.0005311132171901607,0.010103254213833623
1975-10-23,-0.0025309406347193966,0.0005816207767206398,0.18108383724693974,0.012311065727371283,0.0,263.5877694742379,-0.00035554829900715987,0.012316116168674103
1975-10-24,-0.0033130901681501313,0.0005757716921089733,0.24672226268243883,0.004047407921256319,0.0,260.74728320996417,-0.0003837142034439044,0.004051561257932072
1975-10-25,-0.006487411041717745,0.0005700170657055527,0.23186807578566385,4.150078626675795e-06,0.0,261.5335026218393,-0.0005591378447278745,7.282121789031321e-06
1975-10-26,-0.0062268139363008705,0.0005653953484896213,0.21201751191737286,0.0012883590902649077,1.265455858182099e-05,269.3709006300529,-0.0005955943827238461,0.0015697229953789223
1975-10-27,-0.0015360789194618918,0.0005589048404478084,0.24552224944091341,0.01039324437746894,0.0,266.94400217304127,-0.0002910968463468013,0.010463173881087525
1975-10-28,-0.005586062279124719,0.0005536416998017306,0.3131905823328625,0.004015803779080763,0.0,264.32496292487826,-0.00045829543075655814,0.004019760580381172
1975-10-29,-0.008599117398262026,0.000548388409075764,0.3051640569826978,5.670649520421432e-07,0.0,266.655945833569,-0.0007186404739816984,5.696688992418781e-07
1975-10-30,-0.009080972585637693,0.0005480471135532788,0.29426462636829104,0.0,0.0004203690289609177,273.70690940957513,-0.0009164814810968388,2.1492236896847317e-06
1975-10-31,-0.006461898738381553,0.0005380704914782681,0.2863489068385123,0.0014571470897749995,0.0,270.8707233759419,-0.000634899010387181,0.0014946048999196642
1975-11-01,-0.006634038299490504,0.0005417863527933756,0.2841162385240113,0.0,0.0007401373510980338,269.79507786810063,-0.0005035924509504421,0.0
1975-11-02,-0.009317860975440613,0.0005339624854804433,0.268856989686323,0.0,0.0004860686064608353,271.0567680150552,-0.0007893058160940806,0.0
1975-11-03,-0.007694828308234782,0.0005420510378261071,0.2563354722075094,0.0,0.0015458719289235476,272.8649366885255,-0.0006589429232023531,1.2844793673139066e-06
1975-11-04,-0.008224342797098862,0.0005671520017634678,0.23734238906544258,0.0,0.0038851886819311456,273.68902831786994,-0.0006160625377617314,1.2874604635726428e-06
1975-11-05,-0.00881199921760182,0.0005774348132354392,0.20778597097163373,0.0,0.004848806429549126,274.1223814114788,-0.0005588931436676765,1.7079829035537841e-06
1975-11-06,-0.008630084915686464,0.0005361100206267362,0.17781391610758007,0.0,0.0019043379142291129,273.98979108347055,-0.0007881788894702487,5.161868271174902e-05
1975-11-07,-0.007893668603425646,0.0005138509691098316,0.16436687117467047,0.00032545853469331386,0.0004940829476562597,270.1967419123245,-0.0008141203378300882,0.0008446033727187893
1975-11-08,-0.005430532587786853,0.0005011082453242803,0.16250754031308853,0.0006223425984719379,0.0,266.2518718741035,-0.0005984146484715791,0.0006320158766910715
1975-11-09,-0.004520671684189705,0.0004971049262978937,0.17190120718573448,0.0016049171697958716,0.0,262.52412866064384,-0.00038992010562096616,0.0016091011758114658
1975-11-10,-0.005958211118892089,0.000493223215900572,0.17988290445503766,0.0005344921712484738,0.0,263.10714743590853,-0.0005195495267372348,0.0005637242631942403
1975-11-11,-0.006705630844258993,0.0004894714907737775,0.19470812551494823,0.0032132233014214515,0.0,261.8256308632831,-0.0005590215977807503,0.0032304351136683523
1975-11-12,-0.00486733558151008,0.0004858041213730635,0.2141724782250471,0.00017316109043056683,0.0,260.0077196325959,-0.00040047512637019834,0.00017529379173144105
1975-11-13,-0.008495584088193495,0.0005023588905226713,0.2078940181408898,0.0,0.001480359310484202,269.15170180326135,-0.0004961789811903474,1.2695236364379525e-06
1975-11-14,-0.010108011085434824,0.0005078350251677346,0.1908733705567326,0.0,0.002115479044321567,272.72643982623254,-0.0005825646958277051,4.2974193092959467e-07
1975-11-15,-0.009968475896423147,0.0004843404400820113,0.17335179790489644,0.0,0.0006404132555938711,273.12952972311535,-0.0006958918151377285,3.875316906487569e-06
1975-11-16,-0.009249138124918536,0.0004798385214670904,0.1625130576153484,1.334628395441562e-05,0.0005525196086888934,273.08702922540874,-0.0006928069695914533,2.7021734236552872e-05
1975-11-17,-0.0028832880201312785,0.0004727129882338357,0.16130844662193974,0.002573553556944691,0.00017708485240990163,270.2312640964199,-0.00032667207431658513,0.0030702878224646117
1975-11-18,-0.0016223925065859562,0.0004655337434704022,0.24305302679201982,0.013916721241285575,0.0,265.0296042490814,-0.00022515510393064574,0.013924433206735342
1975-11-19,-0.0019424482759109326,0.0004624376694361369,0.3011189548758239,0.0024124740038887933,0.0,259.9051492622792,-0.00019497337019712911,0.00241647660996254
1975-11-20,-0.00419095377464079,0.0004594078508474059,0.2980428289783427,3.7837584139937063e-06,0.0,256.6589092319295,-0.00025653449744828004,4.638167322072391e-06
1975-11-21,-0.0055844101023539315,0.00045760144284889533,0.2929448416902072,0.0,8.14557664811948e-05,259.3131079952147,-0.00036003118601896,2.147968984900217e-06
1975-11-22,-0.005196081042963233,0.0004563952906657074,0.2870656963571092,0.0,0.0002014940594044109,261.4542029213771,-0.0003338277150513762,8.583068833445395e-07
1975-11-23,-0.0027798511045800767,0.00045069572279008774,0.2976460429908192,0.005578776726783332,0.0,263.912399381792,-0.00026372667023185953,0.005585386334446278
1975-11-24,-0.0008504775452748531,0.00044788277081850563,0.35185399746939744,0.012407917845047129,0.0,263.56653670043374,-5.426424118758595e-05,0.012413413241610391
1975-11-25,-0.0011047896439746276,0.0004451658766148454,0.458471955552613,0.009691607585902942,0.0,259.1087119502986,-0.0002037811456090313,0.009697558212986153
1975-11-26,-0.0013363480483744778,0.00044242903000890876,0.49154427451153493,0.003697116917136025,0.0,257.46997216865844,-6.309809889328683e-05,0.003703803278529765
1975-11-27,-0.0010786223209510418,0.0004397815903701351,0.5034147503236818,0.0015532110454672477,0.0,259.3076320475778,-4.9534800993857414e-05,0.0015552836960923075
1975-11-28,-0.000299782529052368,0.0004371722034141843,0.5071869758562854,0.0026341707440419387,0.0,258.9513286834832,-7.643895802524804e-06,0.0026385086069456516
1975-11-29,-0.0006363263490509853,0.00043462242110300876,0.561351711467161,0.004278247660331133,0.0,255.46078191279466,-0.00011849769070155205,0.004286488098435869
1975-11-30,-0.0013268436331533445,0.0004320742383515095,0.5540755392243409,0.0008032157554128075,0.0,249.07659527047656,-7.277332498865613e-05,0.0008068287925249476
1975-12-01,-0.005194629358369752,0.0004295758103246743,0.571056186367114,0.004259891744892477,0.0,265.0163458197355,-0.00013447845996604802,0.0042641077000079184
1975-12-02,-0.008457856747390188,0.0004271417856216431,0.5713377986699624,0.0023469130829565942,0.0,270.79788380782713,-0.0005040102254199444,0.0024553427925217623
1975-12-03,-0.006588064597151375,0.00042469791099850073,0.5503263024511535,0.0,0.0,270.53023895795286,-0.00044463553839484187,8.583068797918258e-07
1975-12-04,-0.00738196386455816,0.00042230699021937487,0.5287150294991761,0.0,0.0,271.1415679055194,-0.00047280024842353863,1.7106532368416083e-06
1975-12-05,-0.0030446131687379826,0.00041995572168274797,0.5225013977165727,0.004836019023326831,0.0,268.0589991064844,-0.00038639221887635654,0.004839538191217503
1975-12-06,-0.0020199109100352574,0.00041761110394687983,0.549973654881709,0.00030060192454332683,0.0,266.5682331631188,-2.0983313226093685e-05,0.00030795601779087616
1975-12-07,-0.0034604857617852383,0.00041533434121622206,0.5371673066737288,0.00014167946189810326,0.0,268.6188103124472,-0.00016793441343105446,0.0001487143932066608
1975-12-08,-0.004009259033337825,0.00041304932812512936,0.5380353622292844,0.002978698892445214,0.0,269.0125358351655,-0.00025522332680595795,0.0031321325039232115
1975-12-09,-0.005155702937120772,0.0004108553215608759,0.5278855950594398,3.48152582254787e-05,0.0,271.9306286131146,-0.0002373600757475627,4.480736817633011e-05
1975-12-10,-0.004484028634378466,0.0004086049094711993,0.5110311562058616,0.0,0.0,271.4088513146237,-0.00030622024636315764,1.7233504649993847e-06
1975-12-11,-0.0012506073140828625,0.00040642580406813973,0.5399006701683146,0.00925863471071599,0.0,266.6671867514285,-0.00019415647927987375,0.009263529883454252
1975-12-12,-0.002546235077125205,0.0004042797001068202,0.5896030576889125,7.967785590112548e-05,0.0,265.46356322581266,-6.56664182068938e-05,8.139349306327468e-05
1975-12-13,-0.0011458368287921626,0.0004021319965858244,0.6584178400129472,0.009719396294173548,0.0,262.5719301579362,-0.00023164888475574346,0.009725315405789985
1975-12-14,-0.0017904484760289812,0.0004000372469088452,0.7346373017449388,0.0031441349936070415,0.0,256.13570523306925,-0.00021531268701714985,0.003146265000912672
1975-12-15,-0.002642954936472036,0.0003979523471519772,0.7390748219750471,0.0012418446104742042,0.0,259.2010058566451,-0.00010536131212266826,0.0012455129137788905
1975-12-16,-0.0010660106347779095,0.00039586584783543306,0.7863836198652308,0.006556443575411866,0.0,257.50207245102933,-0.00017886287348586964,0.006566117459771323
1975-12-17,-0.0015153881941138015,0.0003938339019225816,0.8205088240054144,0.0002917353126962306,0.0,252.0025656964146,-5.6943935105356124e-05,0.0002947387553650376
1975-12-18,-0.0024498578602984806,0.0003918301587724416,0.8082546657986112,0.00016419821034717024,0.0,263.555517365479,8.03345698589659e-05,0.00016619174193615669
1975-12-19,-0.003412489205767206,0.00038982136438121904,0.7835504851547788,0.0,0.0,265.96934990604495,-9.768747719330977e-05,1.2871761896349199e-06
1975-12-20,-0.003571772642728299,0.00038784902311314297,0.7581102044344398,0.0,0.0,267.132089147909,-0.0001567002427948397,4.261732051702438e-07
1975-12-21,-0.004128530958278032,0.0003858865317651781,0.7354966215719162,0.0,0.0,266.3136044410663,-0.00014591546950198838,8.612871056357108e-07
1975-12-22,-0.0026664003140508792,0.00038395064362024855,0.716582389874647,0.0,0.0,265.09055881895364,-7.508436775645294e-05,8.553266184208042e-07
1975-12-23,-0.00196117053260911,0.0003820163550349952,0.7006569267890773,0.0,0.0,263.7146538377033,-5.930142824427557e-05,0.0
1975-12-24,-0.0016768777606177465,0.00038012836949299965,0.687593564250824,0.0004683597865751234,0.0,261.5532897834275,-7.0770939359557175e-06,0.00047147341357622766
1975-12-25,-0.002496652094657812,0.00037822548278981013,0.6919811988729991,0.001963347533328385,0.0,266.37431147228756,-7.209753207230974e-05,0.001967321462448088
1975-12-26,-0.00222066680421937,0.000376365700010526,0.6790651942826037,9.964570655661114e-05,0.0,265.41094298641116,-8.183943454997015e-05,0.00010235240556970133
1975-12-27,-0.003064280975673158,0.0003745091163505943,0.6757879167402308,0.0026820340525295777,0.0,266.6706861363068,-0.0002666023786121843,0.0026906065683904206
1975-12-28,-0.0033743428645160913,0.0003726740846526152,0.6864924026747883,0.0015957497986359788,0.0,261.06306643584804,-0.0002950760930524034,0.0015965673209583694
1975-12-29,-0.0016658765784764698,0.00037085395411582994,0.6796410627059793,0.00020896723378176072,0.0,263.4441414490034,2.670491187922699e-05,0.000212829042277848
1975-12-30,-0.0018356546422856003,0.0003690436734991559,0.6697857815442562,0.0020663950613326273,0.0,267.0225155393956,-3.60794154937658e-05,0.0020701478261618425
1975-12-31,-0.0013607646954261652,0.00036730469956909877,0.7441918899334983,0.008846903777560273,0.0,259.6416720984795,-0.0003154952563134964,0.008849529054878796
1976-01-01,-0.001455361097209198,0.0003654960185121009,0.872494684998823,0.005508828760877168,0.0,253.34066090341344,-0.0001933044296199993,0.005514840352242249
1976-01-02,-0.00046597336981929634,0.000363751993340961,0.8911300630443739,0.001213284135706681,0.0,253.47127597614872,-7.97046380022825e-06,0.0012177002799363325
1976-01-03,-0.0014811074413822196,0.0003620013173690624,0.9028681236022835,0.0004465530526503332,0.0,252.51270635069656,-3.7498993136115e-05,0.00044960260231490575
1976-01-04,-0.0012275539969993851,0.0003602953448807452,0.8911751210128296,0.0005361300361695264,0.0,257.02684520283213,3.082021060636488e-05,0.0005389423125676732
1976-01-05,-0.0014377186274797903,0.00035859922231253934,0.8891624551259415,0.0017772403645650143,0.0,264.2891223210624,4.9982546160450094e-05,0.0017807848019126815
1976-01-06,-0.001287278314094759,0.00035689324982422224,0.924170197740113,0.005509703593739009,0.0,260.11598103194586,-0.0002188864874385171,0.005515554432216147
1976-01-07,-0.0011230121224613514,0.000355235179938839,0.9378547165577918,0.00033337380842300457,0.0,255.4089377775031,-6.91368470841882e-05,0.00033693251299992793
1976-01-08,-0.0014104330859615304,0.00035357551049377964,0.9261725186852638,0.0010295453465591043,0.0,259.3340213006948,1.5396114417725365e-05,0.001032313468766078
1976-01-09,-0.002330780618608335,0.00035190919024796134,0.9221340833186206,0.0012944536230995159,0.0,264.24002187624717,-1.1219985067507643e-05,0.0012993361913077488
1976-01-10,-0.003529800323106475,0.0003502809226849659,0.9294686470103578,0.0044950018031785725,0.0,262.4032882611406,-0.0003265892181777011,0.0045016552262710854
1976-01-11,-0.002308816180727576,0.00034866755628316416,0.9179618533721752,0.00017590827103388512,0.0,261.27480441881886,-7.024127990007402e-05,0.00017777563479321132
1976-01-12,-0.0019918875926631992,0.00034706244024179753,0.9150507867673024,0.0037642819228145366,0.0,261.36436144870106,-0.00010733879934259729,0.0037678207621015623
1976-01-13,-0.0015638100225373178,0.0003454655745608659,0.9698684031455981,0.003062416373168008,0.0,257.72050519896544,-0.00017072309839860197,0.003068011564695882
1976-01-14,-0.0023291366080106317,0.00034389691164264576,0.9740886795992232,8.131487894866427e-06,0.0,257.3963485473518,-3.818633024301906e-06,9.692618053605725e-06
1976-01-15,-0.004033949163000463,0.00034232984828410176,0.9570797562823682,0.0026107797093984095,0.0,266.4249028854227,-3.727008772771911e-05,0.0026148681239422816
1976-01-16,-0.004000772443194848,0.00034075108288371636,0.9617214166960923,0.004722708909861786,0.0,269.75059509277344,-7.840262799613221e-05,0.0047297857575270014
1976-01-17,-0.004322779170200649,0.00033923377424983654,0.9257915949417375,1.8917739728076312e-06,0.0,270.3751832922524,-0.00010756221152631579,4.798117986873399e-06
1976-01-18,-0.0014822717945454486,0.0003376930615322738,0.8976294451065208,0.004891492342208065,0.0,268.38507971970154,-0.00014208347699736472,0.004898176893630595
1976-01-19,-0.0036846748684759194,0.0003361773524580703,0.9083461150835688,4.788702827388958e-05,0.0,260.4569083068331,-0.0002549302022335893,4.789000840381019e-05
1976-01-20,-0.004205882465098538,0.00033467149330397783,0.8912204088688794,0.0,0.0,263.9203907666682,-7.536746351058874e-05,1.2764587609126465e-06
1976-01-21,-0.005363829939042108,0.00033317388451032043,0.8742153936411253,0.0,0.0,267.54465708400346,-9.310662241305336e-05,1.2904405366498395e-06
1976-01-22,-0.006006805363011226,0.0003316978276786158,0.855461393596987,0.0,0.0,268.50001812520003,-0.0001737574525808884,4.351138045421976e-07
1976-01-23,-0.005491654288634069,0.000330253172728975,0.8367981991525424,3.229923504220564e-05,0.0,267.7979962515966,-0.0002780133426862922,3.272896085625967e-05
1976-01-24,-0.0024629750073292835,0.00032877046509651147,0.8304114620115349,0.0033539575919256377,0.0,261.7058886655531,-0.00033809626632827825,0.0033672526899704153
1976-01-25,-0.001344380952880881,0.0003273258101468706,0.9020460455655603,0.003486559699989308,0.0,256.05492277917665,-0.0001806120814408286,0.0034937525807830407
1976-01-26,-0.002010971686597598,0.0003258729048367948,0.9246423868585217,0.0009984835393011234,0.0,255.762061458523,-1.2854198362194215e-05,0.0010028896695426731
1976-01-27,-0.0035520507454198636,0.00032445300096845903,0.9314983245792139,0.0011655012892801211,0.0,265.620343220885,0.0001021220143568718,0.001201965207635477
1976-01-28,-0.006444707470761854,0.00032303334966217733,0.9092286535575566,1.3506471437249482e-05,0.0,268.47410253751076,-0.000272258789946804,1.7204113392877116e-05
1976-01-29,-0.005668318751504866,0.0003216051954334066,0.884224699490937,0.0,0.0,269.7814612128191,-0.00019550242456002428,4.351138045421976e-07
1976-01-30,-0.002541915592500719,0.00032020524396734725,0.8731786005914548,0.0057833944000093285,0.0,266.7148869078038,-0.00021978645548645386,0.005809078612098044
1976-01-31,-0.005729500393746263,0.0003187986417005291,0.8948891849841103,0.00015896600855272368,0.0,265.6595848176888,-0.0002942388866749187,0.00015895535061593823
1976-02-01,-0.00869933035919222,0.0003174218417560987,0.8757761005178909,0.0,0.0,268.0132446648262,-0.000431777967276883,1.7136334804490616e-06
1976-02-02,-0.008224370789393193,0.0003160301406504744,0.8569007198240348,8.513382767553386e-06,0.0,267.4112791934256,-0.0004358298992369809,1.0947925120477408e-05
1976-02-03,-0.0029228202535607722,0.00031465999150680283,0.8483376368290961,0.004205846453958986,0.0,263.7555130672994,-0.0003523676535167263,0.004209306381436957
1976-02-04,-0.0021865394408419983,0.00031330129184291863,0.9791172408339218,0.009152478101731695,0.0,254.37404750385753,-0.0003772194492025565,0.009157833877447044
1976-02-05,-0.0016309258207089484,0.00031192609145816436,1.092432744085452,0.0035258578715351347,0.0,252.10876542430813,-0.0001674369924654395,0.003532158570672213
1976-02-06,-0.0037823110229551456,0.0003105790938361216,1.098388671875,5.771274452155593e-06,0.0,253.69661203301789,-6.59567225029913e-05,6.5091470190897385e-06
1976-02-07,-0.005687014573374711,0.00030922039417223746,1.0818158453242703,0.0,0.0,262.6295892675942,-0.00010514944412950744,2.1445065385705675e-06
1976-02-08,-0.006861050376447581,0.0003078749961098709,1.0589234088100283,0.0,0.0,267.42143557704776,-0.0001689316915337649,2.15348956089656e-06
1976-02-09,-0.004967395026805038,0.00030654769832805056,1.0268333995409604,0.0006259300951230324,0.0,269.3684651865124,-0.00011068000589723643,0.0006366749585869505
1976-02-10,-0.005316549185979164,0.000305202300265684,1.0622252843249766,0.009402730118083416,0.0,265.6135035046077,-0.0005203844863647797,0.009492209091179751
1976-02-11,-0.006594308352066299,0.0003038899036450575,1.0474352360669728,2.1440413712108205e-07,0.0,265.82959424394227,-0.00026360576141015284,1.5019242027847213e-06
1976-02-12,-0.009083756745535103,0.00030257085622367215,1.017599274658663,2.4090799908180022e-05,0.0,268.7930926450453,-0.0005085498073511878,2.6224030788136626e-05
1976-02-13,-0.008390300649370852,0.0003012568600433695,0.9887734393391007,0.0002529212184208261,0.0,267.33607512005307,-0.0004358102309670152,0.00025581567627432636
1976-02-14,-0.007087435762761003,0.0002999568389633955,0.9641998348487525,0.0,0.0,267.8816277814675,-0.0003339735380673813,1.7127145497397578e-06
1976-02-15,-0.0069429678263637305,0.00029867011948493915,0.9442184649393833,0.00023287059055209836,0.0,264.0569298631054,-0.0004606515505893082,0.0002492896158556418
1976-02-16,-0.004802647073053371,0.00029738912474637654,0.9346562904602166,0.000753146843553263,0.0,262.8659082437864,-0.00019763614245727238,0.0007658260184143086
1976-02-17,-0.00516724590696184,0.0002961230311690078,0.9305757856638419,0.0014432892624267751,0.0,263.3598098718963,-0.00028424085996582013,0.001458750033759963
1976-02-18,-0.005814127118910774,0.0002948337860700101,0.9362296411546611,0.0027165722501816723,0.0,262.2505629013263,-0.00046284352613370973,0.0027646922878836505
1976-02-19,-0.004237198770719733,0.0002935941694146496,0.9434232837511771,0.0003680637748227955,0.0,259.79175449091167,-0.00024825870717144283,0.00037089056714946934
1976-02-20,-0.003480839485165763,0.0002923247504369014,0.9589292019774012,0.0025765211610807542,0.0,260.08119541462764,-0.000223313195178401,0.002581041007387177
1976-02-21,-0.006780517976836297,0.0002910967095423553,0.9715996866172317,0.0007531980505097385,0.0,260.1316781663626,-0.00019749310288557227,0.000759244937287002
1976-02-22,-0.00924639959456557,0.0002898537674866154,0.9596409339689266,0.0,0.0,265.0088050145439,-0.00027984819548614953,1.287691077322961e-06
1976-02-23,-0.009374144176642101,0.00028864062775326316,0.9438412193973634,0.0,0.0,268.507596671469,-0.0004325481920929278,1.2979780308342015e-06
1976-02-24,-0.009264882590811133,0.00028739768569752323,0.9260026317531779,1.3581271898948542e-05,0.0,268.17567115180236,-0.00046239588093959676,1.5865843748622475e-05
1976-02-25,-0.007405603714918688,0.00028619944712536484,0.9094879667637711,5.2555637844538284e-06,0.0,265.6544409786016,-0.0003654702466591604,6.871747741428984e-06
1976-02-26,-0.009008003830236231,0.0002850028081128826,0.8948261957833099,2.3318380959289897e-05,0.0,266.97361243512,-0.0004002205964367269,2.5186548730559125e-05
1976-02-27,-0.01067489145670907,0.0002838045695407243,0.8783703820180085,7.146601117936906e-05,0.0,269.1777248849528,-0.0006408998058677394,7.40176477614057e-05
1976-02-28,-0.006312911709149678,0.0002826310820498709,0.8713282353460453,0.007494362670991381,0.0,268.1889892764909,-0.0006362397255281271,0.007541939135937759
1976-02-29,-0.0032581026944736983,0.0002814328434777125,0.9969868633033192,0.007119802621293203,0.0,264.5526390794082,-0.0003079351006170451,0.007124806788491527
1976-03-01,-0.001848135459221016,0.00028026600678761804,1.0072844481962102,0.004684552929158938,0.0,266.5734397722952,-1.8923764385409276e-05,0.004690178653919121
1976-03-02,-0.0027168626754970875,0.00027906776821545965,1.0940472446592515,0.007416589574962013,0.0,260.297100480218,-0.00045787892435903603,0.007418316669954472
1976-03-03,-0.004776605904775824,0.000277924083046994,1.0928663120880415,5.845651872413981e-05,0.0,255.98713684441233,-0.00026092944024814726,6.052638595884791e-05
1976-03-04,-0.0028285901930372595,0.0002767638971576583,1.0803116907956685,0.00022476585318813218,0.0,254.29571869054536,-0.00016843973748428002,0.00022747742254181774
1976-03-05,-0.004701917538535124,0.0002756367127100627,1.0768493537399955,0.0002561303771148294,0.0,254.37239779815386,-0.00015535522357555434,0.000257407406526824
1976-03-06,-0.006906094355771771,0.0002745063291431147,1.065774059116055,0.0,0.0,260.8608566255444,-6.77560798108241e-05,2.5706464725772094e-06
1976-03-07,-0.009052164221214036,0.0002733642435343252,1.05077573269774,0.0,0.0,264.41315682908686,-0.00010142384865189676,1.2776973790096235e-06
1976-03-08,-0.0086223310501562,0.0002722487611285711,1.0320258706302967,0.0,0.0,265.81496084971167,-0.00022366616117247082,1.2912626061734045e-06
1976-03-09,-0.008013765269753625,0.0002711431286429281,1.0126700248646423,2.7869801736820887e-06,0.0,266.72268213749834,-0.0002849708274427781,4.500958697216277e-06
1976-03-10,-0.009848888858226733,0.00027001434463565634,0.9946925851135829,6.445922420523261e-05,0.0,267.5319738298262,-0.00030868268955898826,6.617354805606902e-05
1976-03-11,-0.004679011465129206,0.0002689385144724011,0.9769491709333805,0.0008363031945322867,0.0,267.0633260795177,-0.0003173682670303658,0.0008375654771486172
1976-03-12,-0.005900072133810507,0.000267847783147952,0.999534477621822,0.002162519253074786,0.0,257.54790833755175,-0.0004897970011678793,0.0021665928390285256
1976-03-13,-0.007558821705775073,0.0002667504010227441,0.995960185307792,3.466540474002645e-05,0.0,261.97199300992287,-0.00031440647182154796,3.6152826864167124e-05
1976-03-14,-0.004141039262383671,0.0002656828212199238,1.017231684395598,0.004993382357271378,0.0,262.2039528431866,-0.0002557786055288073,0.004999315082016638
1976-03-15,-0.005288031267917763,0.0002645904903357986,1.054608878442797,0.0009851538192080915,0.0,261.0225809783361,-0.0002880767777057017,0.0009893389759284574
1976-03-16,-0.008442907809874433,0.00026355431241504223,1.042064372204567,1.330408504453756e-05,0.0,264.06760970796347,-0.0002396531497775498,1.4552120435035836e-05
1976-03-17,-0.009436061868896593,0.0002624933834129808,1.0252618879472692,1.500109157993295e-05,0.0,268.57979203348106,-0.00021766330310180363,1.500109157993295e-05
1976-03-18,-0.012450360940337855,0.0002614340539705956,1.0054343128383947,6.476659222511249e-05,0.0,270.6243826512339,-0.00046501651216866616,7.490787623836475e-05
1976-03-19,-0.005712456622366178,0.0002604013277312457,0.9988489528160314,0.00741437574227651,0.0,268.49750556155567,-0.0006313132606236275,0.007583795125875097
1976-03-20,-0.00878631614022336,0.0002593502486492955,1.0513384975282487,0.0027601266816510996,0.0,261.46800823534954,-0.0007461994612789425,0.0027796997693517655
1976-03-21,-0.006194820343437842,0.00025832897188973297,1.0650903734110169,0.002453337197249892,0.0,262.131375443913,-0.0003563135251992166,0.0024653852659202837
1976-03-22,-0.010414872676302485,0.00025729784521005925,1.0709290585275424,0.00045521226895731045,0.0,265.1585404994125,-0.0002444315764863613,0.000458218756345256
1976-03-23,-0.016315985786712776,0.0002562765684504967,1.0513028649511535,0.0001623760382671141,0.0,269.868813821825,-0.0008840350497324587,0.0001838073891994778
1976-03-24,-0.00919141658281876,0.0002552768436528869,1.0362872969632768,0.0009032733696328718,0.0,265.5251360532254,-0.0006051494103282858,0.0009311989032826179
1976-03-25,-0.0054124825670894255,0.00025426886849484206,1.0534265665460216,0.008605437005980541,0.0,267.87651491973367,-0.000337848608187363,0.008736838324572569
1976-03-26,-0.009244050136057,0.00025326914369723215,1.0809034214630415,0.00021519440378846424,0.0,263.2562185887339,-0.0006173390232152859,0.00021777236785822625
1976-03-27,-0.007068166077810493,0.00025226276809886354,1.0648501408751179,0.0013599501617547482,0.0,265.1123343717356,-0.0002896667505472394,0.0013631185669825529
1976-03-28,-0.006127332858109878,0.0002512861948228826,1.1436749187117468,0.009940530683866328,0.0,263.61632946969877,-0.00044896914544752096,0.009954017640919346
1976-03-29,-0.0064043959150206576,0.0002503378243096131,1.162851452153955,0.0012566153444139299,0.0,260.5480492011751,-0.00035926288172686844,0.0012657859605054382
1976-03-30,-0.008155224055556928,0.0002493181471097268,1.164104799317326,0.0006494515359738453,0.0,262.17914152055585,-0.00022576286820536953,0.0006611594709299379
1976-03-31,-0.01357138489430907,0.0002483564749949396,1.1451565442561207,0.0,0.0,267.7072720572549,-0.0002528871330669371,8.52346317969932e-07
1976-04-01,-0.016056982684606886,0.0002473948028801525,1.1199484500058854,0.0,0.0,271.6932008710959,-0.0005695935296641905,1.7058521279977867e-06
1976-04-02,-0.005970238881596065,0.0002464397815661242,1.1362146065060028,0.010051832150268017,0.0,268.3169967737575,-0.0005382098741618927,0.010202466043196926
1976-04-03,-0.014092826868517925,0.00024548635981177207,1.1655137803819446,1.94574858845964e-05,0.0,267.4620779220667,-0.0004302043004729653,2.1453992279812208e-05
1976-04-04,-0.017120740255393552,0.00024453958885817885,1.1401560293079098,0.0,0.0,271.2709768837679,-0.0005310304084066618,1.7074296536232956e-06
1976-04-05,-0.01755996507271535,0.00024357951630306785,1.1137527494556263,0.0,0.0,271.75298853872414,-0.0006451131197187188,8.52346317969932e-07
1976-04-06,-0.00910435318104965,0.0002457223369576837,1.0845087486022833,0.001269766229525798,0.0,272.7148106497784,-0.0004970178450063124,0.004451472240607267
1976-04-07,-0.0102639753518805,0.00024695256672336555,1.1017535365907487,0.006493708066179255,0.0,272.0898389618725,-0.0008088417330199041,0.008048569162686666
1976-04-08,-0.014732143426008818,0.00024081530880793343,1.081772626456568,4.529910909253999e-06,0.0,271.54252705331584,-0.0008636381698109336,6.553581200491227e-06
1976-04-09,-0.014910579653783035,0.00023990499097748666,1.0548314096339455,1.6539026114900236e-05,0.0,273.052609747188,-0.0007461379466336326,0.00025914840095331423
1976-04-10,-0.008469068860940341,0.000239075829753768,1.0450434855373119,0.004436487174135144,0.0,271.93102250754725,-0.0006360035326521276,0.005756497113627202
1976-04-11,-0.015795519375531687,0.0002413903084178429,1.0380353622292844,0.0004177884446025569,0.0002464420967182871,273.918423643669,-0.0007578212041723526,0.0005251091752917082
1976-04-12,-0.021075654838044768,0.00025439649651953056,1.0029342852518832,-2.062590108752924e-09,0.0012567130648820414,275.61081411429944,-0.0012252548614800987,2.2300555881133865e-05
1976-04-13,-0.01541440298328292,0.000256817640557801,0.9684539047787194,0.0009093992833027058,0.0007578204622713186,274.2218520062118,-0.0010510152679378704,0.0026397124590289422
1976-04-14,-0.00975074749545189,0.00023627053883116126,0.9642936289871705,0.003373795836153677,4.383513314575799e-05,271.7372057999146,-0.0009389692696474368,0.0038192211249581903
1976-04-15,-0.013937290273817245,0.00023452878671850866,0.9650044414283192,0.0001732663246197889,0.0,271.3368981391921,-0.0008844509352482645,0.0004731488001847523
1976-04-16,-0.0045238335085453964,0.0002336432199693669,0.9711185318826507,0.01410516757665381,0.0,269.808937607961,-0.0004913445067523563,0.014505002611829536
1976-04-17,-0.010482685124806764,0.00023275605366054905,1.150201657397599,0.01626171072745054,0.0,269.0574938168858,-0.0006435387425840238,0.016495087926161542
1976-04-18,-0.009518945326576126,0.00023190188879347118,1.1715998245497883,0.004318911519091009,0.0,268.9562958359943,-0.0005301873141762901,0.004364514451870461
1976-04-19,-0.009133607359592524,0.00023103947356595833,1.1758895270568503,0.0016348355023537652,0.0,268.72456173438815,-0.0004643427660573001,0.001641516006634704
1976-04-20,-0.01218840033657807,0.00023019035993996313,1.1676501257944916,0.0001903100539061983,0.0,267.96305077403736,-0.0005713954125925646,0.00019144087522463606
1976-04-21,-0.01211025006016769,0.000229349496674403,1.1628339806967987,0.002373382028213329,0.0,268.9689275881665,-0.0005695991544316044,0.002554830148668537
1976-04-22,-0.01328926192501844,0.00022853178493047166,1.1574757606520716,0.0006754924516893377,0.0,270.01900560124,-0.0005895701936830235,0.0012048873859934078
1976-04-23,-0.008672034336348711,0.00022769597290599414,1.1561656312529425,0.0040827700815631845,0.0,269.69257586060723,-0.0005742288220905315,0.004526630941272242
1976-04-24,-0.01589763661225637,0.00022685005839935128,1.1683345011623119,0.000937004168491579,0.0,269.31570940682224,-0.0005553981373454892,0.0009539917473940904
1976-04-25,-0.012228226131301817,0.0002261749600286538,1.152344899437971,0.0009044775434133024,0.0,272.1434956782282,-0.0005336866140533976,0.0031261962772919237
1976-04-26,-0.003200422572550801,0.00022538570360948815,1.203600407544727,0.014119221244828178,0.0,271.571331537825,-0.0003664276725744124,0.01639559427212268
1976-04-27,-0.0062537615918843775,0.00022442352637059275,1.321885161031662,0.017953172957493088,0.0,268.16383257289397,-0.0007791799666770434,0.018293403619353606
1976-04-28,-0.008182433281241163,0.00022361246542742022,1.3714645586893832,0.0030362077983422473,0.0,267.64127999645166,-0.0004220875348411711,0.0031118323237159266
1976-04-29,-0.009143900568202391,0.00022280300404392393,1.3628757282838984,0.0016413927288715451,0.0,268.73756288718823,-0.0004204612877746087,0.0016477329750169331
1976-04-30,-0.012955025048915951,0.000222028396223898,1.3544243706597223,0.0010276871422926586,0.0,268.3352468961152,-0.0005796171493281079,0.0010322042272134554
1976-05-01,-0.018153376161715407,0.00022122558564116056,1.3312280227459983,1.1083264808870305e-07,0.0,271.4965049470661,-0.0005723450353926858,1.8259647448999693e-06
1976-05-02,-0.0152452793919434,0.00022045097782113457,1.3049408361287667,1.4063497047639837e-07,0.0,272.0303303993354,-0.0005126364087149249,1.499555510415794e-05
1976-05-03,-0.018319768336533156,0.0002197128231242552,1.272443925818032,0.0,0.0,274.1279989842417,-0.0005419463140227028,0.00035610883934216207
1976-05-04,-0.018532774963621365,0.0002640522805984411,1.2296365569091339,0.0,0.002579914900542653,275.69223039702507,-0.000896846728220498,0.0011778113532201046
1976-05-05,-0.010710196979975297,0.0002182248116886549,1.2051484706038138,0.004305799675863342,0.0,272.3345778657443,-0.0009262692130639056,0.005366078389486917
1976-05-06,-0.008145279466769116,0.00022284535028166692,1.2087758669520952,0.0024672680360785988,0.0,272.4999641339433,-0.000563661609960478,0.004495613622115238
1976-05-07,-0.013869341652272112,0.0002434406071732947,1.1969083796786724,0.0004060081295711173,0.0014806606380616204,273.5666773629054,-0.000637019137288891,0.0009718029360960107
1976-05-08,-0.021611458248337784,0.0002573443166280197,1.1622360430643834,0.0,0.0026995943974977158,274.63703083318507,-0.0008026795398633359,1.2369217960643403e-05
1976-05-09,-0.01766382881813804,0.0004898018419405835,1.1229185977224578,0.0,0.00481033135773772,275.9077158674682,-0.0006682983057647102,0.0023826201082273253
1976-05-10,-0.018428693635989046,0.0004613082119300541,1.0826793031279427,0.0,0.00753708890939163,275.9879452908331,-0.0006305347591386004,0.000644167262446329
1976-05-11,-0.014482774261364156,0.0007327549201620502,1.042070119394421,0.0015436667043947233,0.004156396571694121,275.6204020721091,-0.0008385336384345584,0.003804691767288467
1976-05-12,-0.02070725911249549,0.00021315513357604294,1.0614744714424436,0.007126348461471709,0.0,270.7804095129958,-0.0018580348972799415,0.007344664119719867
1976-05-13,-0.019698227655752906,0.00023442321577988107,1.0704966399629237,0.0,0.001111034809027688,274.9850256824673,-0.0005439860840975228,8.303488670783526e-07
1976-05-14,-0.01986705271874444,0.0012199191723839713,1.0329058803407485,0.0,0.01044977466854672,279.16702200463936,-0.00047680157326203957,0.0018429982554696986
1976-05-15,-0.010433166671944204,0.0003727884110757861,1.0845531169079567,0.02260384405568495,0.001349098496349518,272.2371655444416,-0.0009576343894425759,0.025469020110064237
1976-05-16,-0.014975876079104042,0.0002114080776602535,1.151906503795904,0.00023574981901605254,0.0,271.122443042906,-0.0009265253478187627,0.00035244876381543733
1976-05-17,-0.022168107078237048,0.0002477835800688146,1.1291239535516715,0.0,0.0017290690776991982,275.97868596811526,-0.0006908194746001292,1.724862215723988e-06
1976-05-18,-0.02232144398372726,0.0009054900225946459,1.0826126357256358,0.0,0.011385671436618276,279.1968388171295,-0.0005839792327523905,0.0002209462875075228
1976-05-19,-0.018515639259653577,0.0009355362357392823,1.030463554540372,0.0,0.012868698244377717,278.11926181886605,-0.0003249194199419291,0.0002637522368781311
1976-05-20,-0.017079257401032638,0.0026904138299704947,0.9784694175935735,0.0,0.01579326546966693,278.50801972929816,-0.0003321934701864329,0.004675809188751178
1976-05-21,-0.013493345997764566,0.0028594902342995686,0.9277656397128062,0.0,0.013998043128831239,277.29985408818885,-9.921816109263966e-06,0.0026441910172586387
1976-05-22,-0.011583125523928197,0.0010096939270105739,0.8807770752412901,0.0,0.00950727872760956,276.0833954712316,-0.00027793519577737585,0.0008558949171486548
1976-05-23,-0.0035677629254632077,0.001163029232941105,0.8652964446504238,0.00545676218840362,0.005856749491166261,274.49607996392837,-1.0667631855118748e-05,0.010466268675475471
1976-05-24,-0.013282847101405518,0.002360549350242831,0.8727903204449153,0.0007595187947574982,0.011357099007246858,275.87469408786006,-0.00023595054270857474,0.003782544002263609
1976-05-25,-0.013530950677596916,0.0021981923593639655,0.833595405190678,0.00058000416910581,0.00696125908591653,275.6992228987527,-0.00043119632212792417,0.005416161966760334
1976-05-26,-0.01674216973074412,0.000815506372074623,0.8083399540960452,0.0002635118714665289,0.003402715601490043,274.76446651379723,-0.0007538028997974208,0.0009836056289475646
1976-05-27,-0.02243353106544516,0.0015991596178819905,0.7808968926553672,0.0,0.007660165555396324,276.42702420193376,-0.0007823812170217266,1.2670391811298032e-06
1976-05-28,-0.024295168407892778,0.0026092088155153783,0.7377840031338276,0.0,0.014244363343311571,278.97857183251676,-0.0006973122399153009,0.0001712142915025806
1976-05-29,-0.01305085054393542,0.0030346186147571287,0.6900411774658664,0.0,0.012387480439439333,277.38402940638775,-9.618425415565742e-05,0.001652916541801226
1976-05-30,-0.011217574952012402,0.004747277094145953,0.6522239785634417,0.0,0.013119431559817266,276.4382357408772,-2.8553313580946734e-05,0.00477140569159535
1976-05-31,-0.02103118737370281,0.0026381636238367546,0.6125223910516714,0.0,0.01252099864269044,277.9188690005947,-0.0005249390431211493,0.00010805466744056509
1976-06-01,-0.024011983457258194,0.003526277629669104,0.5704338806497176,0.0,0.01315201320132967,278.83249387004736,-0.0007913697795090029,0.0013027710621626885
1976-06-02,-0.021954519810986384,0.005405043983190074,0.5239588850635594,0.0,0.018195826455024676,280.27084966253653,-0.00035936274371073076,0.0009277620751292442
1976-06-03,-0.02359059457219927,0.008576622790535966,0.4718842874588042,0.0,0.021178976080175174,280.61971459685077,-0.0003584923938253505,0.0013047325744791082
1976-06-04,-0.024558968673654872,0.0070596519163099395,0.4183788694679849,0.0,0.017387193727627988,282.3256797934207,-0.0007042660730454209,0.0005432966178121381
1976-06-05,-0.020169454863515953,0.00991661189976385,0.3687868279925848,0.0,0.01995975867250545,282.06296669336814,-0.00044379330182311224,0.0023501336571059056
1976-06-06,-0.018860503357682523,0.011663367182521497,0.3219138969809322,0.0,0.01919031092676066,282.44556925929874,-0.00046956853804278514,0.0009975921639629067
1976-06-07,-0.025222648587604025,0.011448870860250657,0.2769262741290019,0.0,0.01600676002559689,283.9418834679096,-0.0012786876157683841,0.0011046812695922252
1976-06-08,-0.024852728355402327,0.012856281073079944,0.2380559601577213,0.0,0.014420314276285767,283.4491042839381,-0.0013724923249607706,0.003614427208124635
1976-06-09,-0.029186342732381014,0.009882340155078866,0.207714016154661,0.0,0.010310535124466245,283.94210465569506,-0.0016730236478865485,0.00028941399001772587
1976-06-10,-0.031966494133243456,0.0098682566214416,0.1837038661576036,0.0,0.008601745769465713,284.3050222342971,-0.0018277376216683685,0.0007837172114933685
1976-06-11,-0.0338822920191086,0.00964303272592146,0.16011257135710924,0.0,0.006679246044259961,282.9335345611285,-0.0019961427581512326,0.0007847620132691612
1976-06-12,-0.018641832816062,0.008885534217128645,0.17761207479990587,0.008421740668304896,0.0031695322128339008,276.5702565475148,-0.001884951319356086,0.01445928162370185
1976-06-13,-0.012488752856092937,0.008159257429467756,0.18963772473811208,0.0003366566310494633,0.0023922163172293517,276.00190663741813,-0.0013925438104881406,0.005590592475648708
1976-06-14,-0.0034866999771635413,0.007569494557245976,0.2811155157574153,0.0418981780103371,0.00015627043479579992,271.89061019021017,-0.000781950851281484,0.04333099715529154
1976-06-15,-0.015504155623710762,0.007245458536228892,0.49170496593985413,0.003115709681632155,0.002922093716718383,273.21928487299976,-0.0009387348815377823,0.0032436426968077466
1976-06-16,-0.01398984734284676,0.007002068946590532,0.44932082009180796,0.0,0.006232747208263915,276.1370704708351,-0.0008897018213730074,0.0032541411744672704
1976-06-17,-0.007476331908150583,0.006854311473625528,0.4239630690177731,0.005617439957325068,0.005419664716316482,274.5547776949608,-0.00044725039752863225,0.012093305132065467
1976-06-18,-0.008574245760669818,0.006285526068870631,0.41456526416843226,0.0012943119884042417,0.003650728108014091,274.1049553212024,-0.0006182868780810281,0.0046357366998267145
1976-06-19,-0.02050792063865285,0.006841695493897476,0.3802322416431262,4.443734631700031e-06,0.010056089125784104,276.92387061110105,-0.0011935363981430815,0.00041610124116361034
1976-06-20,-0.027602414879421732,0.007153788865622829,0.3138728887123352,0.0,0.012084546946199603,282.597166862416,-0.0015681627822124353,0.0005495006074116835
1976-06-21,-0.024967976798445497,0.008334485824498753,0.25512074615995767,0.0,0.011912980237923101,283.5165418815254,-0.0012938623016668577,0.00040830447838675486
1976-06-22,-0.016589923514484687,0.009585028987819866,0.21138899923493412,0.0,0.010974690907419066,282.98594910860515,-0.000784315642411426,0.0023193904909036933
1976-06-23,-0.016014119452339107,0.01365783389678783,0.17998175612052733,1.0464487776244429e-07,0.004264354432201655,277.4038831599464,-0.0016961081932156774,0.014525459479477447
1976-06-24,-0.01718655190730499,0.008069723676153497,0.19107015433733526,0.003937237596107742,0.0009989595977263263,274.77812696625733,-0.0018190476875015573,0.008169583958686168
1976-06-25,-0.02716428887541011,0.007827366223443027,0.18578641787311678,2.739041791123859e-05,0.001606721978234706,277.10186388982,-0.0022503214093756545,0.002624080511136244
1976-06-26,-0.021735562948183827,0.0074106672052609715,0.19676837813382772,0.005083580306694332,0.00022735789754969928,273.9549146856965,-0.001759840754297494,0.005616395301703922
1976-06-27,-0.029017008125445262,0.0070503982110212094,0.20349144082509416,0.0,0.002692416815434472,278.28831997384685,-0.0019689770468042395,0.0
1976-06-28,-0.030989296902707745,0.0070444198146378265,0.17952404992055088,0.0,0.006159418236232748,281.69591666614946,-0.0017729863250828062,2.3917491781159213e-05
1976-06-29,-0.02533155414512602,0.007343369857066097,0.14895865517596515,0.0,0.008330164487752539,282.94463885032525,-0.0014254030703151296,7.805144045986025e-05
1976-06-30,-0.031500286091182196,0.008138526799315114,0.1147601168932439,0.0,0.010563859979143251,285.65207323336557,-0.001612162838379542,0.00022608420606386864
1976-07-01,-0.03041861555670615,0.009832633922329057,0.07654245380178908,0.0,0.011112874447457535,286.5480749198497,-0.0021335257817122898,0.0024029277643865215
1976-07-02,-0.0195998455592468,0.008806084256387701,0.0488003086011064,0.0,0.005530096190629033,284.1506137201342,-0.0019090919266060251,0.005236226613958493
1976-07-03,-0.024395826256881328,0.008488998743100357,0.033868879472693035,0.0,0.0043238318067486,282.7890519754586,-0.002397697855650032,0.0017141393348995577
1976-07-04,-0.03631847419139356,0.008367826793826907,0.02194093176200565,0.0,0.0034991089401945562,286.2899577864595,-0.002548355903834273,4.7498503647281627e-07
1976-07-05,-0.03399057892587899,0.007726205355029997,0.01182771671963277,0.0,0.0025995044974283983,288.2676591711529,-0.0028796009824605985,7.646405420648162e-05
1976-07-06,-0.02937351962772466,0.007121812741635211,0.005361898246233522,0.0,0.0015254350494866994,287.6591647699504,-0.002658383305168758,0.0020175959430795707
1976-07-07,-0.0328159430353655,0.0065935759221093125,0.002005079596280603,0.0,0.0006844710748074419,288.40549138889924,-0.003042757968907639,0.00011401141093807032
1976-07-08,-0.03851476896785747,0.006082357828226467,0.0008561014006591339,0.0,0.00025582321956332793,289.89298424298704,-0.003247076077228886,0.0007038767112978665
1976-07-09,-0.04419927543165993,0.005585101701445499,0.000382992731873823,0.0,8.841536644488405e-05,290.6338054419911,-0.003248941626841739,0.00011262423911337127
1976-07-10,-0.0396703916922801,0.0051532433194629215,-7.3453647229951e-24,0.0,3.026815204970581e-05,290.07772378149235,-0.00306250969484701,0.0
1976-07-11,-0.0346161660417325,0.004816223504179615,-7.3453647229951e-24,0.0,1.0450470582240045e-05,290.40865396330815,-0.003082722793780478,0.0030379286256872937
1976-07-12,-0.031333838563180914,0.0045069942703354834,-7.3453647229951e-24,0.0,3.081972652909446e-06,290.02276299183876,-0.003149384648491771,0.0030885108108677935
1976-07-13,-0.0296512001988578,0.004199582388845541,-7.3453647229951e-24,0.0,6.909676864322296e-07,285.48402575764055,-0.002544693901377209,0.00014231696564245098
1976-07-14,-0.03160748605505895,0.003959277171199605,-7.3453647229951e-24,0.0,2.557611734853626e-07,285.36632885187583,-0.002507890479923305,0.0005567402488986516
1976-07-15,-0.025881579240499917,0.0037811391771176445,-7.3453647229951e-24,0.0,1.0519209554639915e-07,283.11736445238364,-0.003155916371503792,0.0041489374759986555
1976-07-16,-0.03054740452497019,0.003555064063287724,-7.3453647229951e-24,0.0,5.1564752718823115e-08,285.82197636893466,-0.0025728943489365663,0.0005044801592153345
1976-07-17,-0.03275313131553305,0.0033921264322464076,-7.3453647229951e-24,0.0,2.2688491196282166e-08,287.0900534901018,-0.0028117844719166138,0.0016120961156714704
1976-07-18,-0.029584669839527653,0.0032398890977525445,-7.3453647229951e-24,0.0,1.0312950543764621e-08,287.59527324956696,-0.002857735359483519,0.0028465630892953214
1976-07-19,-0.028650204508991566,0.0030943573699832635,-7.3453647229951e-24,0.0,2.062590108752924e-09,286.09879714620985,-0.002656176938848981,0.0029743096080422264
1976-07-20,-0.021514176859357262,0.0029807081498668697,-7.3453647229951e-24,0.0,0.0,284.00776316755906,-0.003058825751061494,0.004881551116961604
1976-07-21,-0.030218585357490908,0.002812930840556905,-7.3453647229951e-24,0.0,0.0,285.5289122155831,-0.002547684883288408,0.00027466918111014496
1976-07-22,-0.03471716552299295,0.002695588658084977,-7.3453647229951e-24,0.0,0.0,286.9719596546698,-0.0025589742124249035,3.555917123487418e-05
1976-07-23,-0.035005175671671745,0.0025901617640155857,-7.3453647229951e-24,0.0,0.0,287.88236486934227,-0.0024863608013101896,0.00030384843833578966
1976-07-24,-0.03826266266195114,0.0024883558521162997,-7.3453647229951e-24,0.0,0.0,289.86342330257327,-0.0028209387256348203,3.779894214565471e-05
1976-07-25,-0.02417864717837781,0.002465066599980586,-7.3453647229951e-24,0.0,0.0,287.36864381635706,-0.002478202452388524,0.006842510275898842
1976-07-26,-0.024109638638078832,0.0028317121125883975,-7.3453647229951e-24,0.0,0.0,285.0301481487612,-0.0028143241517456243,0.004841662328772788
1976-07-27,-0.029282105128980624,0.002268372787594122,-7.3453647229951e-24,0.0,0.0,286.5373235979098,-0.002569371760733384,0.0035048150915160795
1976-07-28,-0.028459378134059368,0.002170698959275154,-7.3453647229951e-24,0.0,0.0,285.4757193872485,-0.003034534343218399,0.001542748185126435
1976-07-29,-0.032034904648691916,0.0020919355463846928,-7.3453647229951e-24,0.0,0.0,286.9523349302188,-0.002533223322134907,0.0005710379996594769
1976-07-30,-0.029624691201468645,0.002027634089275942,-7.3453647229951e-24,0.0,0.0,286.5733171128958,-0.0023972538883908325,0.0010147965444052022
1976-07-31,-0.019771003369557658,0.002297831709775548,-7.3453647229951e-24,0.0,0.0,285.944164312043,-0.002905782712044689,0.013357918208510835
1976-08-01,-0.010701233763142495,0.002327594800857501,-7.3453647229951e-24,0.0,0.0,285.3355061374815,-0.002427207642776818,0.013532948695950321
1976-08-02,-0.006781076770381067,0.002880945464985519,-7.3453647229951e-24,0.0,0.0,284.4347509071652,-0.0032085279939369966,0.02026231516633724
1976-08-03,-0.020035679183774077,0.0020206703641320353,-7.3453647229951e-24,0.0,0.0,284.35350857032444,-0.002778045496361404,0.003819757514754258
1976-08-04,-0.0281580218908477,0.0017711569023671125,-7.3453647229951e-24,0.0,0.0,283.95006739801386,-0.0024636523261413737,0.0007245160933941771
1976-08-05,-0.022040657825389155,0.001855620219882599,-7.3453647229951e-24,0.0,0.0,281.93679555257165,-0.0027806301164509215,0.006247146351760445
1976-08-06,-0.0319904007733205,0.001693160688809756,-7.3453647229951e-24,0.0,0.0,284.3225714473401,-0.002514747281869253,0.00023838662148066138
1976-08-07,-0.0376306619432013,0.0016591059791166234,-7.3453647229951e-24,0.0,0.0,286.83648846513137,-0.0027626829621734596,0.00034163664963285807
1976-08-08,-0.03561321044035551,0.0016227326655791979,-7.3453647229951e-24,0.0,0.0,285.21218372423994,-0.002543249556868427,3.8650278215408107e-05
1976-08-09,-0.03143827032066335,0.0015918290884481315,-7.3453647229951e-24,0.0,0.0,283.9954443426905,-0.002349989099354394,0.00021916235446961155
1976-08-10,-0.027396195057758504,0.0015615378059236345,-7.3453647229951e-24,0.0,0.0,282.5001819703988,-0.0020533656269985405,0.00030871707162781616
1976-08-11,-0.02425389972615377,0.0015360927682811932,-7.3453647229951e-24,0.0,0.0,281.87571865017134,-0.0021926231556019544,0.0008537521133265354
1976-08-12,-0.028123928875909688,0.0015056756256663867,-7.3453647229951e-24,0.0,0.0,283.40151070201466,-0.0022135563931391065,0.000603678648344792
1976-08-13,-0.03248841260786111,0.001472399564786146,-7.3453647229951e-24,0.0,0.0,285.0686870151096,-0.002271191627418591,9.661595843220255e-05
1976-08-14,-0.03399020374494757,0.001443783021242605,-7.3453647229951e-24,0.0,0.0,285.4212282938697,-0.002319204263220736,6.755100457089072e-05
1976-08-15,-0.044231183574361316,0.001416574932087613,-7.3453647229951e-24,0.0,0.0,287.01676740125527,-0.0025125800153124804,0.00019025937577043134
1976-08-16,-0.03852305144576703,0.001388520339114518,-7.3453647229951e-24,0.0,0.0,284.3868563053972,-0.002252956252481978,0.0001134390548010465
1976-08-17,-0.03469385619217393,0.0013615748303084723,-7.3453647229951e-24,0.0,0.0,285.46171912500415,-0.002227581042985795,0.00010470149034435605
1976-08-18,-0.03198685113993068,0.0013466440351669398,-7.3453647229951e-24,0.0,0.0,286.8862426635685,-0.002409098038481454,0.0015348228356582834
1976-08-19,-0.031039791423722176,0.0013123239669422648,-7.3453647229951e-24,0.0,0.0,286.0828848441891,-0.0021145851851183148,0.00046613328482978544
1976-08-20,-0.03756401026989781,0.0012843753658445542,-7.3453647229951e-24,0.0,0.0,286.75312225787206,-0.0022194654454535012,2.5805511968094627e-06
1976-08-21,-0.03581163762821316,0.0012596967698490552,-7.3453647229951e-24,0.0,0.0,287.1277422716389,-0.0020775773041581706,1.7256417095268262e-06
1976-08-22,-0.03530466556549072,0.001235686368861441,-7.3453647229951e-24,0.0,0.0,288.3772551074989,-0.0020511196031745547,1.0058149003766812e-05
1976-08-23,-0.03723721551356343,0.0012447791921216891,-7.3453647229951e-24,0.0,0.0,288.75676443168226,-0.002650683377422182,0.004130004321114492
1976-08-24,-0.021275773097229545,0.001194810968334392,-7.3453647229951e-24,0.0,0.0,283.08055042187823,-0.001591963072617849,0.0006946191612560298
1976-08-25,-0.028813199808368575,0.0011696986391045952,-7.3453647229951e-24,0.0,0.0,285.1224199284268,-0.001836890417893054,4.9177317193726146e-05
1976-08-26,-0.026545935726098424,0.0011634608614916183,-7.3453647229951e-24,0.0,0.0,285.19429367769465,-0.0019435395912851322,0.00223547881833545
1976-08-27,-0.025645327601729138,0.0011418758980971946,0.00104345978990113,0.00012771103341700668,2.085158632973493e-05,277.95148623910103,-0.0021999855867802765,0.002028542824361446
1976-08-28,-0.0282745283454825,0.0011085827471846242,0.0008312735404896422,0.0,4.4606689174296495e-05,281.95594656130686,-0.0016803694625863923,1.7136334804490616e-06
1976-08-29,-0.029503459394988375,0.0010886599788558014,2.2528984227871938e-05,0.0,3.115026711744104e-05,284.93199762247383,-0.0017230577851082645,3.23370348219137e-06
1976-08-30,-0.02588231474329523,0.0011070236816244612,-7.3453647229951e-24,0.0,1.126557251827865e-05,285.0393152362658,-0.0019779172594432777,0.004542216860482706
1976-08-31,-0.024261256269479208,0.0010680140411786442,-7.3453647229951e-24,0.0,4.905596964776853e-06,282.2157643205029,-0.0018207656145937698,0.0021935185505605535
1976-09-01,-0.028834352974837784,0.0010345760880217042,-7.3453647229951e-24,0.0,1.928648032711051e-06,283.29147982193257,-0.0018869212454995193,0.0001984045329390809
1976-09-02,-0.033988925486297936,0.0010154442598590745,-7.3453647229951e-24,0.0,7.115935875197589e-07,286.2422450114105,-0.001991223017711424,6.785365775803293e-06
1976-09-03,-0.029772997449683605,0.0009977780492965787,-7.3453647229951e-24,0.0,2.840481235482599e-07,285.2459984472243,-0.0016990901776036973,1.709520518033969e-06
1976-09-04,-0.03138327287078578,0.0009807105791770807,-7.3453647229951e-24,0.0,1.1236906725134554e-07,285.21025436387004,-0.0016495378551173345,1.125079763811187e-06
1976-09-05,-0.03162073306107925,0.0009639970326827744,-7.3453647229951e-24,0.0,4.1714832607635674e-08,287.0210734006376,-0.0016131322820392034,1.2934040682921477e-06
1976-09-06,-0.03168279130411687,0.0009476642655787495,-7.3453647229951e-24,0.0,1.2175595692995578e-08,287.6658806881662,-0.0016294425342884443,8.583068797918258e-07
1976-09-07,-0.019888108269979728,0.0010423437181839162,0.007616635769774012,0.003152677610432361,0.0005593653452598443,280.1299350508638,-0.002717373429634477,0.014969156856451497
1976-09-08,-0.01795619751437236,0.000923771979445118,0.022633353195621472,0.002722633087028892,0.00011377787943613731,273.95917619105336,-0.0013023088554625457,0.003822744721615007
1976-09-09,-0.020571492065144126,0.0009189476232744208,0.03138931188206215,2.5235474278024365e-06,0.0013610394198005484,276.3113163123696,-0.0014949288945329392,2.9000454698319476e-05
1976-09-10,-0.026546887590386772,0.0009059190413372665,0.02102758835040019,8.31350094854495e-10,0.0014663097990603097,281.6468198743917,-0.0015874973545640203,1.724624894450244e-06
1976-09-11,-0.024170958558044863,0.0008886321789800785,0.011146789665725049,0.0,0.0010971320992977606,282.84997897677954,-0.0013771618027134803,0.00012276842770393289
1976-09-12,-0.011286175015282496,0.0009347657530994739,0.003947169991760828,0.0,0.0005125990716245888,281.4141806370795,-0.0018274942360355358,0.007385998964309692
1976-09-13,-0.012286014307690205,0.0008706992628884181,0.0019903667902542374,0.0,0.00018169352058636942,278.7937151662823,-0.0015917687682108694,0.002086572639095618
1976-09-14,-0.015088231297536087,0.0008694619613852205,0.0012956464806967987,0.0,9.994286686013649e-05,280.23883346514515,-0.0018187601456029268,0.0034486970490654988
1976-09-15,-0.018871998551201686,0.0008265906471317099,0.0005406956214689266,0.0,4.956920731202358e-05,280.42712690780843,-0.001346066530983327,1.6902496483420035e-05
1976-09-16,-0.020914584229894954,0.000814335410204311,4.5057968455743875e-05,0.0,2.873677360472707e-05,282.1361655147287,-0.0014633572802452718,2.7691981179134925e-05
1976-09-17,-0.02315471182435246,0.0008088978333661785,-7.3453647229951e-24,0.0,1.1251313285639058e-05,284.0477068877714,-0.0017776231644517284,0.0009368038590823438
1976-09-18,-0.015994764275133275,0.0008836295139991631,-7.3453647229951e-24,0.0,3.961372678562747e-06,281.5823867675725,-0.0019048830641612495,0.00902368350544089
1976-09-19,-0.007468117748276663,0.0008284276151387706,-7.3453647229951e-24,1.4702058107839466e-06,2.39973940418265e-06,278.26680202807415,-0.0018734354525804522,0.004813428246396626
1976-09-20,-0.01607676212396999,0.0007706056375288022,-7.3453647229951e-24,0.0,1.451263656723971e-06,279.4270747987564,-0.0011667337237020671,4.304531473016177e-05
1976-09-21,-0.019711159927360083,0.0007600798613607547,-7.3453647229951e-24,0.0,6.113685457046423e-07,280.3376703316209,-0.0012991301147109373,8.625472105450172e-07
1976-09-22,-0.018474461710722437,0.0007644897632006198,-7.3453647229951e-24,0.0,2.2290705961022673e-07,280.66423119798213,-0.0013338773706033406,0.0017232081043368974
1976-09-23,-0.012012606118358464,0.0008569166148449743,0.0009264470044726932,0.00030473804911651184,0.00013376693478075127,278.6003792326329,-0.002328167401127896,0.010657260656667644
1976-09-24,-0.012680834632808882,0.0007614618809209706,0.0009765625,0.0,7.572801688970145e-05,278.6174890119478,-0.0017232615763774029,0.002799445898698588
1976-09-25,-0.007236292680441323,0.0007837363387231773,0.001603695856873823,0.00033631962908189857,0.0001847890263560128,276.84519106116,-0.0016816736930339352,0.005815375818494663
1976-09-26,-0.004604845691872182,0.0007644306636799527,0.0033563588747645957,0.000738618569185505,0.00026099268073416027,275.3052327682294,-0.002069776214785495,0.0054745500201209656
1976-09-27,-0.014534508062284545,0.000711491047325781,0.0053481049905838044,0.00013976567293291038,0.0001622316674829203,274.1610210224734,-0.0011155522707323572,0.0002722580048088029
1976-09-28,-0.01988102466204746,0.0007034550278873768,0.004553843352754237,0.0,0.0002131638364434916,277.2914966791588,-0.0012164995821434899,1.287278621475707e-06
1976-09-29,-0.02075010651754121,0.0006956254358345507,0.00275474304084275,0.0,0.00019646583303893354,279.40798104640004,-0.0012594555520405205,3.001092409249395e-06
1976-09-30,-0.02266976767677372,0.0006870020412455846,0.0014496711687853106,0.0,0.00010960447038971099,280.9784168523584,-0.0013384958045125682,4.351138045421976e-07
1976-10-01,-0.022538399755281244,0.0006791479506735074,0.0008675957803672317,0.0,6.436320853098639e-05,281.622125259227,-0.0013699916922776713,8.62108265664574e-07
1976-10-02,-0.02397804134814753,0.0006718335010237615,0.00045057968455743883,0.0,3.3722516928015455e-05,282.95491751259556,-0.0014064181806509105,2.4115837124161584e-05
1976-10-03,-0.014557439728645285,0.0007136407713432098,0.0033338298905367233,0.0015064687547037157,0.00011341151712977955,277.9573987756072,-0.0015774499677584672,0.0059813769859433045
1976-10-04,-0.0073228929254968295,0.0006602318105051074,0.0155144240672081,0.0032056923219039623,2.483337444100677e-05,272.4777540325445,-0.0005664968084396617,0.003477547364012239
1976-10-05,-0.010276918946686439,0.0006556499139063777,0.0356886696680791,0.0011671408169013633,0.00021134182221471928,270.95225561540684,-0.0005880049087822774,0.0012439343635295608
1976-10-06,-0.005298619763662587,0.0006480822287036875,0.07918179327036252,0.01079025262661573,0.0,270.12476338460175,-0.0006119370786736242,0.011179259974975425
1976-10-07,-0.010786804186422274,0.000654829003043094,0.10354987825153016,0.00013515020662781884,0.0010454500735984683,268.1811350231566,-0.000634715224137414,0.00013719758248889212
1976-10-08,-0.01300145723557068,0.0006764800535083491,0.09028697328154427,0.0,0.003020700772350791,275.0293639842175,-0.0008856453696044826,2.58088101645626e-06
1976-10-09,-0.01666703891787825,0.000674846987266325,0.066789472619468,0.0,0.0032027581611932337,276.98117492876935,-0.0011159881823143718,4.351138045421976e-07
1976-10-10,-0.01566230867710491,0.0006549157160150131,0.04561130789489171,0.0,0.00214169590107802,278.59692880303623,-0.0011390930010100543,3.4430931918905117e-06
1976-10-11,-0.012430878219294684,0.0006724659164073104,0.0315037959039548,0.0,0.0011809607283712108,277.9561865136673,-0.001304104429601276,0.0033585910120971806
1976-10-12,-0.0120012958423566,0.0006421591855038358,0.041316547860758,0.0029243457283677356,0.0010141382720005715,274.66626208964493,-0.0011124224428318988,0.004336437044125142
1976-10-13,-0.014693422927021308,0.0006281113052098766,0.036765693046727874,0.0,0.0012842297953906034,275.5791545156705,-0.0009645190310932822,0.0
1976-10-14,-0.013466958903660209,0.0006116440067183501,0.028201460613818268,0.0,0.0005423171329969741,277.14362468827244,-0.000881554927192839,0.0
1976-10-15,-0.011395106123665632,0.0006004376600017656,0.023750147128060266,1.5108051609858282e-05,0.00010906499784208287,271.13310226612845,-0.0005135527459409951,1.6880472969981483e-05
1976-10-16,-0.011924969358632794,0.000596264282525596,0.02283887270480226,4.910437737481069e-06,0.0001227823901647902,271.67425437611155,-0.0003964920017847234,6.626133751195465e-06
1976-10-17,-0.00629031662381975,0.0005924076178653092,0.025218439191972693,0.005476989104586132,0.00012353856095486442,271.46376851902625,-0.0002545793830169797,0.005536761509473877
1976-10-18,-0.005308660073468915,0.000586172702622279,0.10130847420845106,0.006778511455503562,0.0,264.22985417784497,-0.0004512608198627914,0.006783577580932682
1976-10-19,-0.009696469847428597,0.0006010344641356819,0.10478046654307911,7.309272127636409e-06,0.0013456837942371262,264.7598042281559,-0.0006491352546181382,8.291224873052265e-06
1976-10-20,-0.00903714355607491,0.0005851100898731901,0.08565933601106404,3.4042418339831685e-06,0.00046664678444296634,267.2045205003124,-0.0005023997529583463,4.843841036174928e-06
1976-10-21,-0.0104901684121897,0.000592064049284337,0.07811488494585687,0.0,0.0012265056961000304,268.4265453388911,-0.0004234116650738959,8.642672355563263e-07
1976-10-22,-0.011821411339576636,0.00059231905277166,0.06709867143361582,0.0,0.001431137144481395,270.27000219628866,-0.000378189182256238,8.52346317969932e-07
1976-10-23,-0.00620886207805515,0.0005716115741406457,0.06378507165136535,0.0019418710663830494,0.0002712213597391958,268.11615745271445,-0.00036209834329152513,0.0019829769087376567
1976-10-24,-0.008166569479777988,0.0005717525879542034,0.06756350414901131,0.0,0.0005603897474748267,266.2211012472092,-0.00035117296659845424,1.294834135023848e-06
1976-10-25,-0.005663879552466722,0.0005624444134491312,0.0657922202359934,0.0026539895199449728,0.00010334655095291676,268.26934475368927,-0.0003335255824324102,0.0028677639146309115
1976-10-26,-0.003337049299040757,0.0005593699755641701,0.12821911598104993,0.009385455252423798,0.000162435569247957,267.5254554748536,-0.0003158456388082208,0.009479471737930545
1976-10-27,-0.009132511661214343,0.0005777719835777068,0.13541275857756593,4.9687879907209324e-05,0.001653097759364015,267.34974860785826,-0.000441897697325817,5.125367954598792e-05
1976-10-28,-0.011330700653084254,0.000579230782002379,0.11971028645833334,0.0,0.0019379731709674255,271.65914943572943,-0.00042003886721565223,2.569742434843647e-06
1976-10-29,-0.011997930326704253,0.000571922393841932,0.10301722869585689,0.0,0.001603834099520398,272.252171794798,-0.00048335062834502614,2.1517275854421314e-06
1976-10-30,-0.008804807471016706,0.0005474345663846551,0.09478978158839454,0.0008261173879359402,0.000206107147416826,270.7449016535125,-0.00045913933529018685,0.0008367277638710689
1976-10-31,-0.009596850659887671,0.0005620968880626441,0.09280470221280603,0.0,0.0013417378594141225,270.7868904681305,-0.0003508073304080021,1.2753374676321982e-06
1976-11-01,-0.010158356889493049,0.0005614905707580222,0.08051881951800849,2.7135688032807606e-07,0.0014521031308982336,272.8743275716031,-0.00040474697147722304,8.155072140618235e-05
1976-11-02,-0.0037689346630694507,0.0005379774644549958,0.08261861280308382,0.003503105566326508,0.0001244899306425267,270.69272436080905,-0.0002936517483012825,0.0036480737775382885
1976-11-03,-0.00690582381971812,0.000551986408098943,0.09272378177966102,5.274127095432605e-06,0.001226952320522508,270.4021883603543,-0.000275985679804942,5.281577676029529e-06
1976-11-04,-0.00927518897474149,0.0005619104972666941,0.0809181342690678,0.0,0.0019937119851846483,271.97322962557973,-0.00026156239232606135,0.0
1976-11-05,-0.011214779468916232,0.0005547819332887897,0.06578371439500942,0.0,0.001675023744672032,274.9077833574371,-0.00038667831906659454,1.7225741544280027e-06
1976-11-06,-0.007965300211125174,0.0005261010706087964,0.05583234021892656,2.8214759409090895e-06,8.880176534086972e-05,272.19499617107846,-0.0004173003736946542,7.766449369929601e-06
1976-11-07,-0.009863855306711574,0.0005361168398021978,0.05233207171021657,-2.062590108752924e-09,0.0008342180948304592,272.1031432250574,-0.0003024401553606583,8.538638028145564e-07
1976-11-08,-0.010160585707527097,0.0005323375854115028,0.04506118688206215,2.8876261522540942e-08,0.0007548089018144177,273.3303699780768,-0.00029781297649030637,2.3061935373057092e-06
1976-11-09,-0.005628971435592672,0.0005223766221838482,0.05268288017890772,0.0033598324589136632,9.213758390502068e-05,272.0818531481784,-0.0005035537984327408,0.004173893881382915
1976-11-10,-0.003220650014904259,0.0005170366184859627,0.06658280367231639,0.0012208965875334658,0.00010092255506811844,269.5206289776301,-0.00024133070903477699,0.0012419717122142597
1976-11-11,-0.005024056944806697,0.0005131078473592209,0.0718203327301083,0.00022815877182335504,3.481694197250625e-06,264.37358308062943,-0.0002776248075362653,0.00023365290145793195
1976-11-12,-0.006067228729778764,0.0005151237976753106,0.07014767059498589,2.8523348145565746e-05,0.00023919484962177818,261.31372298763296,-0.0003479884747984046,3.074379749205551e-05
1976-11-13,-0.007057841593599589,0.0005110848253056155,0.0665839531102872,0.0,0.00012745697703738673,262.4414434343184,-0.0003873466561406346,8.824100632409682e-07
1976-11-14,-0.008315788655631286,0.0005108235919542906,0.06306483381885594,0.0,0.00023039675575528445,263.3170615948751,-0.00041377864841182354,4.351138045421976e-07
1976-11-15,-0.008068645867587484,0.0005130463064053638,0.05904134114583334,3.758470638323639e-05,0.00048414330487534153,266.9748421541491,-0.00039229852457841246,4.045495202269251e-05
1976-11-16,-0.006201888923927889,0.0005113014393607102,0.06942191546021657,0.002540218417590621,0.00048523177366472243,266.7683929436175,-0.0003079105600041185,0.00256795297229061
1976-11-17,-0.006883333547640654,0.0005138894427294112,0.06632418012888418,3.52540847945348e-05,0.0007681644674243227,272.7047557723051,-0.00025449777390323795,8.045457062696758e-05
1976-11-18,-0.009267397435371487,0.0005062666148115686,0.05910731888535783,1.1570078168211687e-06,0.00045979743833932503,273.81764919834177,-0.0003723454224945462,3.002101274918367e-06
1976-11-19,-0.004499067862828573,0.0004978638752705634,0.062301607006238234,0.002996603711008352,4.808955147104749e-05,269.7512534621072,-0.0002572653804626842,0.003096602084228976
1976-11-20,-0.004652004268041438,0.0004948371716138333,0.08647428753236817,0.0026892945170402527,0.0,264.160087150818,-0.0002760403542279524,0.002698918789788569
1976-11-21,-0.005035272278523041,0.0004929298229810208,0.0905012285193032,1.3388524957969366e-06,0.0,260.69179839513174,-0.00031507214647060063,3.052046288868468e-06
1976-11-22,-0.003435629530478332,0.0004914966175111674,0.0920918207833098,0.0026396658839815757,2.586620591454587e-05,266.43661724600645,-0.00023263602354432232,0.0026485328115312397
1976-11-23,-0.0059543274300920095,0.0005035826378622972,0.10298343521951507,2.5799697906957508e-05,0.000849646132039485,267.2386448675181,-0.00030677115260544473,2.7085040819900647e-05
1976-11-24,-0.007817685435720756,0.0005013414021939208,0.09459713578448681,0.0,0.0008199191047141782,269.84887675556536,-0.0003729461886956867,2.571940399320738e-06
1976-11-25,-0.004103292390114844,0.00048632877694684915,0.09191388778542844,0.0035187730218394333,3.848732107103208e-05,267.9716285339183,-0.00031206408505049136,0.0035552694298103572
1976-11-26,-0.002136449776800339,0.0004838637712985109,0.17705873536075803,0.008283379261439804,0.0,257.12235822875175,-0.00024535777415596164,0.008306673893044951
1976-11-27,-0.001229514720412971,0.0004821054342776369,0.19627595890713276,0.0004790207255358077,0.0,247.97363338362703,-0.00011784152922320501,0.00048399934650685135
1976-11-28,-0.0008736717077971852,0.00048031089669567053,0.19182119710746234,0.003086728733138176,0.0,253.78911282023918,-0.00011358375392727934,0.0030910824174315565
1976-11-29,-0.001084800115076162,0.00047855946303760943,0.3139234639830509,0.01577628517554978,0.0,260.96723712051886,-0.00012584006424340826,0.015783875002025886
1976-11-30,-0.0018173413677404155,0.0004768410308212884,0.3910914419285546,0.01181899375245396,0.0,265.7743348554479,-0.00014602728082803684,0.011828247436695855
1976-12-01,-0.00427638806697339,0.00047511939948561503,0.4209899327624764,0.004468239570236476,0.0,262.93932854029197,-0.00024028657014760595,0.0044791011166898514
1976-12-02,-0.005733704541699361,0.00047344407119319945,0.39077465682379947,0.0,0.0,268.3551423096163,-0.0003033057591841046,8.583068797918258e-07
1976-12-03,-0.002441800878209583,0.00047175544129926614,0.38446240326330045,0.0007301690214771335,0.0,264.4793824018058,-0.00013900230412429337,0.0007348993403194987
1976-12-04,-0.0017958677842118648,0.0004700702630867393,0.38560908258298027,0.00022423519926556088,0.0,262.332699626628,-6.32003707400823e-05,0.00022815125810224458
1976-12-05,-0.0019250265454168376,0.00046840318515475865,0.4077877181173493,0.003398881130720263,0.0,260.93463814730023,-0.0001832253936320375,0.003403177217570143
1976-12-06,-0.0022536042635723694,0.00046674620970494333,0.41715402836629006,0.000157532161154316,0.0,256.4950245930875,-9.268391772178608e-05,0.00015925270005678706
1976-12-07,-0.00217643771636284,0.00046510573497599803,0.4575397613582862,0.01096869390563103,0.0,265.46963942791785,-0.00013791802365564358,0.01097485527475842
1976-12-08,-0.00510991760398035,0.00046344530784477625,0.4949918987611817,0.001752834556634817,0.0,269.50274273859804,-0.0002706653601621504,0.0017550193543600004
1976-12-09,-0.0025685892182554905,0.00046180988435691364,0.48366073924493885,0.0042739649655792,0.0,267.5116832359587,-0.00027370953795600073,0.004306703401822754
1976-12-10,-0.002606763762269317,0.0004601893620302448,0.515968452065678,0.0007469870655213373,0.0,261.15748689942444,-0.00012792677929004034,0.000750641747820372
1976-12-11,-0.003519373214514242,0.00045854728774162346,0.506949501971516,0.0,0.0,264.69943040822636,-0.0001002796110039377,0.0
1976-12-12,-0.0040519570900222,0.0004569483173769073,0.49813469206096994,0.0003861627504650483,0.0,265.5709064038236,-0.00021779273589283735,0.0003883526151014715
1976-12-13,-0.001620396298203765,0.00045533444585099734,0.48817550170668556,0.0,0.0,267.289161660577,-0.00011376029480311831,8.642672355563263e-07
1976-12-14,-0.004120851598553739,0.0004537189747654112,0.47727101356520724,3.1133829537084546e-05,0.0,267.029273674313,-0.00021552337112568193,3.32766163348609e-05
1976-12-15,-0.004543755350813354,0.0004521415563626478,0.46725090299846994,2.2050266885488048e-05,0.0,265.17653553634045,-0.00020215491432759724,2.5403213286696014e-05
1976-12-16,-0.004028671289567894,0.0004505178349166267,0.45874276313853585,0.0,0.0,268.41533447524245,-0.00019817807222321883,1.7027620060616755e-06
1976-12-17,-0.00442600452293784,0.00044893216615342823,0.4486739164018361,0.0,0.0,271.4734697467639,-0.00024926997089790086,1.78813479578821e-08
1976-12-18,-0.005105599676821866,0.00044735314819098867,0.4386255296610169,0.0,0.0,267.3982427169599,-0.00023058404104184298,8.52346317969932e-07
1976-12-19,-0.0028772214795910037,0.00044575922906735525,0.4446051358727637,0.0018136318204766614,0.0,261.60407905434937,-0.00018156837608854652,0.0018163505582809987
1976-12-20,-0.003087234699119956,0.0004441951122661095,0.4483444874794021,1.4063497047639837e-07,0.0,259.6625499976782,-0.00011086155065877291,5.634827752672243e-07
1976-12-21,-0.002821422734503019,0.00044261954598507643,0.44319201683145015,0.00015762202062849273,0.0,261.80209900520174,-0.00014066885062361843,0.00015795685477175956
1976-12-22,-0.001996139811593934,0.0004410290785428495,0.43987933659957623,3.286825735016731e-05,0.0,259.5120091626873,-6.203169245167642e-05,3.5423292906594056e-05
1976-12-23,-0.0016069367612149084,0.0004394402106602987,0.43594756907662435,0.00018570450066173147,0.0,261.57586787739274,-5.0532968325466757e-05,0.00018846643498469186
1976-12-24,-0.002160883092947599,0.0004378728947397006,0.46295246476282964,0.005084397408079967,0.0,261.99310363439065,-0.00019424720167440213,0.005093316405506457
1976-12-25,-0.0019692091618554067,0.0004362874785385563,0.5006947203095575,0.0004915856666820871,0.0,259.19130177686446,-6.0988411223147554e-05,0.0004942556895778679
1976-12-26,-0.0047636884922361645,0.0004347136380982265,0.5037140639712806,0.00117485343062945,0.0,267.8771538420137,-0.00021030733330269994,0.001181853726656477
1976-12-27,-0.0042005244032137816,0.0004331397976578966,0.49552753685557915,0.0032250129822957315,0.0,265.7082620861391,-0.0003475857225094138,0.003230029950605328
1976-12-28,-0.00393592242130452,0.0004315461310963173,0.5441301421257062,0.002963389064800942,0.0,261.4870487795038,-0.0002612694203432671,0.002965719282210776
1976-12-29,-0.005659351325304495,0.0004299822668571256,0.5363376423463984,1.7838036946657688e-06,0.0,263.4485461815154,-0.00039563720025080076,2.187458564175343e-06
1976-12-30,-0.0035836026914375656,0.0004284250534186929,0.5383169745321328,0.0015026925731513462,0.0,257.7108820503939,-0.00035728270051169536,0.001505249341495898
1976-12-31,-0.0010314344686303436,0.00042685453837874247,0.5440501412429378,0.001458881265026028,0.0,256.0316675261589,-4.529413151538979e-05,0.0014649129446459453
1977-01-01,-0.001707262827851678,0.0004253039757410686,0.585497495144774,0.0016330184657021433,0.0,255.60712080486752,-0.00012136675354282734,0.0016373408883628739
1977-01-02,-0.0019900393014573785,0.0004237518135437184,0.5967838265801555,0.0010337075902580543,0.0,256.3343920411363,-8.152081699526244e-05,0.0010390933912738979
1977-01-03,-0.001162270999560922,0.00042218794930452683,0.5939920716366526,0.00021030082456809657,0.0,259.8896720153464,7.229993951185949e-06,0.00021255915039726224
1977-01-04,-0.0007199937593465473,0.0004206424379079356,0.6227512395539078,0.00449476397391093,0.0,260.47676472205904,-0.00013642805486412373,0.004498099455611989
1977-01-05,-0.0017803960432440549,0.00041907032330830896,0.6433861798934793,0.00017880341090724966,0.0,255.32705206790214,-6.525995115102348e-05,0.00018009843124718316
1977-01-06,-0.0006171730952074299,0.0004175000608304126,0.638277158000824,0.002103008729758236,0.0,257.82335828432707,3.635115121717507e-05,0.002105492252409536
1977-01-07,-0.0010720332716144412,0.00041593804871295134,0.6645572181026367,0.004066180479896944,0.0,264.60152124236083,4.261616343832287e-06,0.004072498809867895
1977-01-08,-0.0012612181194758011,0.00041431988363212116,0.6797764664989406,0.0005458294292964504,0.0,251.64356596995208,-0.00015631907929976782,0.0005495553048007999
1977-01-09,-0.0006712817371228321,0.000412759471074336,0.6786523161634888,0.0009288258724293467,0.0,250.6988453730352,-1.4066064761856856e-05,0.0009344974480106333
1977-01-10,-0.0011924109553213176,0.0004111942598375224,0.6943049026747882,0.0014993973328905593,0.0,256.1782155692465,9.176242402044394e-06,0.0015071449642678706
1977-01-11,-0.002476474112373288,0.0004095792938760445,0.7189488527689502,0.0014172068633938914,0.0,257.7417861018926,-0.00013239370227533545,0.001419999168417548
1977-01-12,-0.0025889629361319677,0.00040801913388031354,0.7106289908486346,5.886463795678092e-06,0.0,261.2057804854801,-7.087809933444202e-05,7.164983414741536e-06
1977-01-13,-0.0033730953342497017,0.0004064704233643699,0.7026971791872647,0.0007771692833321243,0.0,261.9536613421252,-0.00010900968675222776,0.0007812479625637786
1977-01-14,-0.0021469019732232824,0.0004048903109663624,0.693630412473517,0.000931785710282245,0.0,260.12548175100557,-0.00010957214244678198,0.0009379476982321444
1977-01-15,-0.0012279368810734507,0.00040330859900867877,0.7734538220191857,0.009693521206493432,0.0,257.8986907786569,-0.00016504271471567747,0.009700540196419177
1977-01-16,-0.0010881475304479653,0.0004017516381323001,0.8199669789459747,0.002267233038184333,0.0,258.9757612303826,4.3633199260059726e-05,0.002272546459708258
1977-01-17,-0.0006591697449738023,0.0004001467746529876,0.8441950623822976,0.01136203120741467,0.0,264.039422780556,5.142472810664419e-05,0.011366109878295802
1977-01-18,-0.0023498370149041305,0.00039850545805052856,0.9104141838806498,0.005525403903365809,0.0,269.57874788762035,1.531628902349095e-05,0.0055354303926444795
1977-01-19,-0.004615119789953286,0.00039692029441143836,0.8803729328507535,0.00223145793891896,0.0,266.32071497211354,-0.00041994451424159576,0.002275266805611088
1977-01-20,-0.0036122291269948936,0.00039531197925071933,0.8511696221015773,0.0,0.0,264.3563987638542,-0.0001413373139786855,2.56881867244374e-06
1977-01-21,-0.004250691772180763,0.0003937598170533692,0.8264210731520716,0.0,0.0,264.6083875717192,-0.00013541374460788772,0.0
1977-01-22,-0.003114024798075358,0.0003921366007314564,0.8035422000058852,0.0007835847593970219,0.0,266.9299058465186,-0.00013961572999839729,0.000784787703939804
1977-01-23,-0.0026601860247089364,0.0003905381354908486,0.7867059222722459,3.7686194235322174e-05,0.0,261.95641052116787,-0.00015495084541834007,3.93988355405504e-05
1977-01-24,-0.003100275404035708,0.0003889396702502407,0.772162773290372,7.42279456160163e-05,0.0,258.45650963145687,-0.00013847025058700543,7.857891532880606e-05
1977-01-25,-0.003303486285573346,0.0003873478558103917,0.7630677304025424,0.00036168889810809986,0.0,259.3337309634394,-0.00010730550850683686,0.00036651530834785266
1977-01-26,-0.0034229215760689,0.0003857395406496727,0.76615856910605,0.0035169640250798675,0.0,263.5241021553227,-0.00016827527223165428,0.0035225296076302746
1977-01-27,-0.0043919887919883945,0.0003841575761299349,0.7739802646098164,0.0010467697839952458,0.0,263.87222776035804,-0.00028919145506990835,0.0010476080661731512
1977-01-28,-0.0021206127890085772,0.0003825797367904146,0.8002879112229285,0.0052085801285538975,0.0,261.46332336684407,-0.00018516887968542887,0.00521245022991324
1977-01-29,-0.001989431426686756,0.00038100202373192134,0.8188402998469869,0.0013622697127067438,0.0,260.7407947619307,-8.475661046255781e-05,0.0013692738821962356
1977-01-30,-0.003018545902381509,0.0003794217850528868,0.8273833826212336,0.0017565734221436885,0.0,261.29455082564704,-9.84600329466459e-05,0.0017619236141477878
1977-01-31,-0.004918490215546668,0.00037786137249510166,0.8202545683262712,0.00015791789707490954,0.0,265.5983855504325,-0.00013606742782107855,0.0001594817571033125
1977-02-01,-0.004389653939985287,0.0003763076107380754,0.800444694562147,9.124332481184922e-05,0.0,264.9570849970011,-0.00020494421491515168,9.38130299574101e-05
1977-02-02,-0.0030950964928346844,0.00037474054737953144,0.7889693955243645,0.0006878982576946754,0.0,262.24638959737376,-0.00014041674633820853,0.0006934859658024136
1977-02-03,-0.005186324234062669,0.00037318013482174635,0.7758605152424671,0.0,0.0,264.02784514561887,-8.773119688707556e-05,8.667843758303206e-07
1977-02-04,-0.005251282352512166,0.0003716561753871077,0.761143571239407,0.0,0.0,265.7083785421655,-9.504853521531586e-05,8.52346317969932e-07
1977-02-05,-0.006708561321773099,0.0003701057390304609,0.7457116768185028,0.0,0.0,266.57320633581134,-0.0002466793998149829,2.995398062921595e-06
1977-02-06,-0.005372084130001608,0.0003685759285749016,0.7312731266919728,0.0,0.0,263.6099364573448,-0.00023197779947586652,1.284479992591514e-06
1977-02-07,-0.006762458737623895,0.00036703454235852774,0.7199727721133475,0.0,0.0,263.4546889360791,-0.00019799586448629027,4.351138045421976e-07
1977-02-08,-0.007613638615877616,0.00036554543648735955,0.7091381698004945,0.0,0.0,266.7004008894811,-0.00023053006642619094,8.52346317969932e-07
1977-02-09,-0.010078528043577227,0.0003640196249309906,0.6970051623558146,0.0,0.0,267.3977583042871,-0.0003356840145789971,1.28759882045415e-06
1977-02-10,-0.008728794669364133,0.00036251056665754594,0.685224572592985,0.0,0.0,265.7959115698289,-0.0003405076130635321,1.71757301359321e-06
1977-02-11,-0.0056114443446283295,0.00036100655962518385,0.676128840042373,0.0013609717542168787,0.0,266.99414483840854,-0.0003071252551287581,0.0013646921026268652
1977-02-12,-0.002490057446862345,0.00035950735127185027,0.6787389837864878,0.00152655476230686,0.0,266.0361686713727,-1.7314623136304865e-05,0.0015296767660453495
1977-02-13,-0.004136720788007402,0.00035801639327895173,0.6865595298522835,0.00375933111724207,0.0,268.58291608734993,-0.0002298930628319918,0.003767530375954795
1977-02-14,-0.0034819793398097416,0.00035652223616670085,0.6994205913076742,0.0012681499797072115,0.0,261.7178677668455,-0.00033197386748036424,0.0012730610067561523
1977-02-15,-0.0059689532144595004,0.00035505123057607885,0.7038783416460688,0.0004263708189045642,0.0,265.5348874144186,-0.00012472742316076312,0.00043021440495749635
1977-02-16,-0.008904005553426042,0.0003535751737443741,0.6934876522775425,1.7191162385509515e-06,0.0,268.3398526258163,-0.0003462778667440522,1.7362799348130738e-06
1977-02-17,-0.010405878983648484,0.0003521472720776574,0.680864064706921,0.0,0.0,268.945716362215,-0.0005691395072782107,4.2319288695580326e-07
1977-02-18,-0.005591138102913981,0.0003506480637243239,0.7015810749176083,0.0059775866483901185,0.0,266.61030925959074,-0.00040263166430137923,0.006105240522600271
1977-02-19,-0.006290229952941507,0.00034918025725305424,0.712166708965984,3.504753112792969e-05,0.0,264.4003660342114,-0.00024560351177292357,3.738254846028233e-05
1977-02-20,-0.009283613602993852,0.00034773905398481983,0.7024569466513655,0.0,0.0,268.1224929500659,-0.00029261356040751195,0.0
1977-02-21,-0.0093372681804296,0.0003462911999158267,0.6918352202507062,0.00024520239587557524,0.0,270.18306187272293,-0.00036263971005455925,0.0002468792395403156
1977-02-22,-0.002550005660218708,0.0003448813985296562,0.7253523717043314,0.017584443639563976,0.0,267.32828397804735,-0.0003170957736207941,0.017714632635017224
1977-02-23,-0.005424985819953983,0.00034342689365990424,0.871847321533663,0.006030753970482929,0.0,263.675905339013,-0.0004468374585701248,0.006037083335413152
1977-02-24,-0.005747806259804527,0.0003420154927140576,0.8712365101959746,0.0003254817704022941,0.0,260.44393865581736,-0.00034462033355303406,0.0003296127503917219
1977-02-25,-0.004114380158947013,0.00034063709320995096,0.8746337890625,0.0017789263425573793,0.0,258.8869587203204,-0.00020617420264219835,0.0017819384387991505
1977-02-26,-0.0028506617593226464,0.0003392190414633455,0.8883270436087572,0.0031201532163188956,0.0,259.1037430700385,-0.00012819315333150876,0.003134638172080029
1977-02-27,-0.003983236007434501,0.0003378076405174989,0.9364602184116054,0.002662075778185311,0.0,258.92818044314055,-0.00016694898469805046,0.0026693081248248063
1977-02-28,-0.00506700019715196,0.00033641939109328104,0.9503573832538842,0.0013346597026128555,0.0,261.33823326886716,-0.00017761890013507533,0.0013385545429831077
1977-03-01,-0.005974153930184531,0.00033502449086830446,0.9376632201918552,0.00022398976156603822,0.0,263.1832370937657,-0.00017208727024032574,0.00022829729374410882
1977-03-02,-0.0024175140059600445,0.0003336428922448455,0.9377287381561913,0.0034659821855819836,0.0,262.82419571095267,-0.00012506074193170517,0.0035005032679405693
1977-03-03,-0.004386349923193118,0.00033226449274073887,0.9499146197475283,0.0006593004879304919,0.0,260.9474496751631,-0.0002500546496298354,0.0006643334045823257
1977-03-04,-0.004466467994754597,0.00033089939483814997,0.950618305673258,0.002361042182997795,0.0,260.43048742621187,-0.0002850053547802618,0.0023668686884708726
1977-03-05,-0.004570513542762584,0.0003295409477363199,0.9894042508974813,0.003399723162085323,0.0,260.04350303750476,-0.0002480341005796767,0.003405660768099888
1977-03-06,-0.008475717557015393,0.00032819235055460096,0.9943643056291196,4.791102166903222e-07,0.0,264.43070459814845,-0.00010544875121049287,2.275483048810726e-06
1977-03-07,-0.010778572094642511,0.00032683722885315037,0.9695718481491291,0.0,0.0,268.79516898261176,-0.00034569688983219495,8.583068620282575e-07
1977-03-08,-0.016572751736236832,0.0003255242850147399,0.9398565777277544,0.00023250132378211804,0.0,269.69950295572227,-0.000977677856124727,0.0004049579647331244
1977-03-09,-0.01150257380331977,0.00032417981301323845,0.9142422720986347,5.8560111260010037e-05,0.0,267.8101540186536,-0.0006800675185891868,5.9416030728634164e-05
1977-03-10,-0.006233268243781591,0.0003228610181539072,0.9112684461805556,0.005124689853292401,0.0,265.4030765202984,-0.0005618103248419735,0.005146834237422388
1977-03-11,-0.007796085571165139,0.0003215488740953349,0.9243343374823447,0.00029275094890325083,0.0,262.3640892761576,-0.0005231299937444893,0.00029675505691083173
1977-03-12,-0.011014149392728751,0.0003202351304770863,0.9110270642066856,7.455084620222533e-06,0.0,262.2764481187091,-0.0002776484536585835,7.6163790644088585e-06
1977-03-13,-0.01307304249813328,0.000318939487139384,0.8957963214306733,7.088301377107868e-05,0.0,267.80058935133076,-0.0005164987139277539,0.0001325913628815508
1977-03-14,-0.01088470502593423,0.0003176438438016816,0.8813198398511065,0.000559541381011575,0.0,263.5883343332007,-0.0008851120848271807,0.0005946117604843505
1977-03-15,-0.008376155195936645,0.00031634660090430316,0.869093727930791,5.37715136668103e-06,0.0,259.33301543111855,-0.0004891608394471939,8.391236863485446e-06
1977-03-16,-0.007694139866168889,0.00031507250952855347,0.8589747656985641,4.072470516808289e-05,0.0,261.7004419603366,-0.0003298688785167737,4.4249457884835485e-05
1977-03-17,-0.00627043405495121,0.0003137901677923688,0.8527935480667372,0.0021396440343331483,0.0,264.6203241186627,-0.000212869754240001,0.002158100524088811
1977-03-18,-0.0034640150639296927,0.00031251927553597146,0.9007244217867233,0.007861170475765811,0.0,262.4919197312407,-0.0003409534745381377,0.007869506623111876
1977-03-19,-0.006464831362673119,0.0003112552866423871,0.9672787193973635,0.0020177762555537255,0.0,260.07810844809325,-0.0004178634871028911,0.0020235623523120853
1977-03-20,-0.005770070741405595,0.00030999929554718366,1.0194455019273776,0.005289985298436915,0.0,259.74203896028627,-0.0003775556829605399,0.005294463156227231
1977-03-21,-0.0067555950691471,0.0003087483556930628,1.055414174685146,0.0022921000454722154,0.0,259.99078107284294,-0.0002864587389058986,0.0022957923047610463
1977-03-22,-0.010621030367700394,0.0003075123170001359,1.0474237416872645,5.092278207089269e-05,0.0,266.16854061335044,-0.0003249732209211689,5.178555926991041e-05
1977-03-23,-0.015077138856305915,0.0003062680279467739,1.0191503262564738,0.0,0.0,269.70132374808395,-0.0005909175175310529,0.0
1977-03-24,-0.015308399658418646,0.00030505674033515196,0.9866924968367468,3.9229369432912715e-05,0.0,271.09876336350953,-0.0009663269544641179,0.000137408237672795
1977-03-25,-0.004270577750637034,0.00030381085172211385,1.0227365727254003,0.018058367284004298,0.0,267.9838104068447,-0.00043338188891020205,0.018106865621837127
1977-03-26,-0.008711994325710556,0.00030259956411049196,1.1274561190560264,0.003988341991342394,0.0,265.8007535880568,-0.0004989591053566018,0.003997190198269005
1977-03-27,-0.010454026529681212,0.0003013768270190826,1.0993275328095575,6.059016295745549e-05,0.0,266.85959889255673,-0.0004672625307309427,7.230164378738999e-05
1977-03-28,-0.005468723800896251,0.0003001788410089784,1.1181047515007063,0.010198523579849364,0.0,264.2228716367158,-0.0005673177193029452,0.010209187684478812
1977-03-29,-0.0026532745799102355,0.0002989758037577915,1.2542526906044023,0.0233142916007904,0.0,260.32757660673616,-0.00033221229658288474,0.023318531738836214
1977-03-30,-0.005000585090305846,0.00029777621818801104,1.538614678966573,0.010925567756264899,0.0,259.687181084843,-0.0002712341404314769,0.010927365965655534
1977-03-31,-0.01005329983045826,0.0002966080345002945,1.5294683711452448,0.0003134516294056413,0.0,262.5241357189114,-0.0003765802777840593,0.00031417173844143476
1977-04-01,-0.006387428796224002,0.0002954182988506253,1.4694801229990586,0.0018478907265905608,0.0,262.18135961256013,-0.0003239257092782333,0.0018534698896252905
1977-04-02,-0.0034988432449136082,0.0002942418648024737,1.460237262388183,0.005775132505907177,0.0,261.6016750012414,-0.0002818722488348093,0.005783118836572451
1977-04-03,-0.005236633795466127,0.00029307528067443336,1.4858706486876176,0.002137915415447311,0.0,260.5979974929896,-0.0002573693150096694,0.0021418157335400443
1977-04-04,-0.005598949552592585,0.0002918690443038941,1.531225861802613,0.016370307969844948,0.0,266.6307317047694,-0.00010944996555309512,0.016385578866785287
1977-04-05,-0.012583972033807789,0.000290679561216279,1.5244152119379708,0.0032530053397693205,0.0,269.31615885143674,-0.0005540882347751472,0.0034803303115435776
1977-04-06,-0.016662539356509173,0.00028950632628747976,1.4490920819356168,3.4651092890292245e-06,0.0,271.73456921191314,-0.0005467189002340124,4.761737613768891e-06
1977-04-07,-0.01924525790632108,0.00028835969456171584,1.3754972468661724,0.0,0.0,272.49918364760117,-0.0007232456589065029,8.463859444418631e-07
1977-04-08,-0.019976131786397625,0.0002943374174462874,1.3074716686528955,0.0,0.00047029918954197297,273.9733984205458,-0.0008773818917277843,1.29938117154893e-06
1977-04-09,-0.02340582968656626,0.00031410797504381944,1.2396228739995294,0.0,0.0018205311107265076,276.7598532768293,-0.0013102837706689783,1.2679965948336758e-06
1977-04-10,-0.012801431624566097,0.0002896487712860108,1.1727892629619823,1.9672016302744552e-05,0.00030138346729642254,273.86796729667935,-0.000802638335416546,0.00026058581579073653
1977-04-11,-0.009794117703949666,0.00028387057242420437,1.1307517876059323,0.0007681085985932648,0.0,272.0363494851495,-0.0007592567984583015,0.0011154420321991575
1977-04-12,-0.008310707443851538,0.00028272713981779285,1.1387031397128062,0.007632812116779177,0.0,271.10340949595536,-0.0007732701671999055,0.007984988096743655
1977-04-13,-0.014187168687750391,0.00028163346193604556,1.1387173927436443,0.00020974224149170571,0.0,270.59651199527605,-0.0007172424114693356,0.0002372865454170528
1977-04-14,-0.015800874911795902,0.00028051318085126287,1.115346330258357,1.2280619413839222e-06,0.0,271.5183053420762,-0.000745159289720705,0.00012345233206021585
1977-04-15,-0.008285589221507144,0.00027951076205840896,1.1538589391331218,0.011624102749056736,0.0,272.30041142192493,-0.0003852729375163714,0.01272926103205988
1977-04-16,-0.01616582632233194,0.0002783223734063618,1.1503805099458568,0.0,0.0,273.7230117783484,-0.00048352970536482537,9.994823375404883e-06
1977-04-17,-0.010585890861891083,0.0002797869807582791,1.1100071908839455,0.0010373669829072253,0.00016249952006474727,273.0076173038806,-0.0006509619517683311,0.0014012629701916645
1977-04-18,-0.007090600407392966,0.000276182920245801,1.145448961275895,0.009417457453443506,0.0,269.58986497509056,-0.0008785616090826397,0.009537963846948045
1977-04-19,-0.008555240297721605,0.0002751123938856826,1.1629985802142186,0.002750519031690339,0.0,268.31939324416686,-0.000622447569575687,0.002809033471312227
1977-04-20,-0.01322074621747443,0.00027404506664491647,1.1592881944444446,1.0328546250607335e-05,0.0,267.4405178458004,-0.0006809522539882337,1.3178670942553938e-05
1977-04-21,-0.017814885761778233,0.000272999291366103,1.1434048007886064,1.695112319989393e-07,0.0,270.2837954196104,-0.000724287287958261,1.1611485080059493e-06
1977-04-22,-0.018716836506027287,0.00027195191652761345,1.1259119640860407,0.0,0.0,273.5675258923834,-0.0006389263701640954,8.493795715763716e-05
1977-04-23,-0.018760441260486,0.0002709409948122704,1.1010169767390539,0.0,0.0,274.168536913597,-0.000672709733500319,0.0004900643381021791
1977-04-24,-0.019835870818229722,0.00028300319014296023,1.0694462835451979,1.4869590937081032e-05,0.0008129832350601585,274.1487659698601,-0.0008167791848549737,0.0006166998612337597
1977-04-25,-0.019405537153367944,0.00029510242790825624,1.0371401799376179,0.0,0.001485111728563147,273.95773955163764,-0.0008330099116274193,0.0004906313567497569
1977-04-26,-0.021211185992437567,0.0003264702140948194,1.0020910575564972,0.0,0.0034499147980563386,275.46554406304375,-0.0008518199546862457,0.00034824490574280036
1977-04-27,-0.018599401254438413,0.0003542363812020943,0.9639021304143126,0.0,0.004213503083098407,276.47154615872773,-0.0007767953231173047,0.001458575193389041
1977-04-28,-0.018066904260277076,0.0003928750921777413,0.9327693730873352,0.0,0.004284131766880973,275.0285745214833,-0.0008049330774084323,0.0001302263831014687
1977-04-29,-0.018688420160005326,0.0011614887727855964,0.897436799302613,0.0,0.007680526455748553,276.4188576355268,-0.0006040039782722791,0.0018648879002148148
1977-04-30,-0.021080242459383388,0.0007275358095007429,0.8570993427053909,0.0,0.008080778138364778,277.27733397977727,-0.0007832381495479811,0.0002909385448769002
1977-05-01,-0.008899752071685038,0.0016183135031306811,0.8238249525512007,0.0007093476373597054,0.008568351120177635,275.58382123024006,-0.00019614771008491516,0.006214424601172323
1977-05-02,-0.01695658813762126,0.0011888197754736,0.7956975157427025,0.0,0.010156618862670694,276.5471291335514,-0.0006111159731270904,0.0013074882790517536
1977-05-03,-0.024506313694735705,0.0003685082419443939,0.7651817767184558,0.0,0.0035744895053617027,276.60758597523034,-0.001369324491732875,0.0004018450434645825
1977-05-04,-0.02147731184959412,0.00027446137309747906,0.7424675030896893,0.0003799307607324783,0.0004646773792087695,273.72236880429944,-0.00174011122224863,0.0008768968121858516
1977-05-05,-0.021628220665589566,0.0002630064211322763,0.7375561845280133,8.127825745081497e-06,0.0,269.2976609102526,-0.0019196489047111768,9.694375515307315e-06
1977-05-06,-0.012857961452613443,0.00026395563351905955,0.7470638756473637,0.002725658885671594,0.0,272.90146773458656,-0.0004761721675763023,0.0038506312122989213
1977-05-07,-0.020663976543030496,0.001746796871309227,0.7354467359639831,0.00037638203235669325,0.01290457598907126,278.0887275990344,-0.00045338944442528114,0.002653453999988518
1977-05-08,-0.02084828521740639,0.0020362962942338933,0.6904630212011535,0.0,0.013528074269409237,278.941569944335,-0.0005006375380575995,0.000725979943059932
1977-05-09,-0.02202636479152798,0.0029965477474665236,0.6468850690766245,0.0,0.014742567566996915,279.3825999222233,-0.0006077925143184636,0.0011662153907340876
1977-05-10,-0.022767471686258155,0.005361237684212162,0.5961183019950566,0.0,0.018229881354139353,279.8605688386045,-0.0005825722884744575,0.0026813294082260034
1977-05-11,-0.028247571176728287,0.0003673715443260926,0.5599110059145481,4.851362420677466e-05,0.0012346648395398245,275.1586515602644,-0.0019251696744375984,0.00026461003863381466
1977-05-12,-0.030685083509165018,0.0006343356970339845,0.5398480259092515,0.0,0.003911101696013057,277.60245148969466,-0.0017143913655210349,4.351138045421976e-07
1977-05-13,-0.021967388647424303,0.0011913985182336495,0.510510690692679,0.0,0.008003037801738513,279.21336929048294,-0.001060862257276888,5.2001210236272726e-05
1977-05-14,-0.011739477809876372,0.007766376275800716,0.4780264241996234,0.0,0.014479898695049988,277.90150536431213,-4.9208822307613605e-06,0.008057079730112406
1977-05-15,-0.007016679998171531,0.002826826720587952,0.47399580501118177,0.01129013150509468,0.003147870239059804,274.67820315172446,-0.0002817705557760546,0.018876727132969225
1977-05-16,-0.014250580705491839,0.002060287416318042,0.5192151545580274,0.001403437706373506,0.003255769547264455,273.85060521573,-0.000740267462649588,0.006471966737305431
1977-05-17,-0.025459862992925162,0.0009048394227431993,0.5128845099899954,0.0012122334565146495,0.0008933812716586442,274.58607376227945,-0.0015878466478848861,0.0037158432820860007
1977-05-18,-0.009853315723817901,0.0007669117491124041,0.5257485599841103,0.007183911142039434,0.0015399235242840935,273.71993806627063,-0.0006721274411610965,0.010313149512048548
1977-05-19,-0.009506094169482,0.0007076084950549455,0.5570249970574389,0.0024350499576431214,0.00011983480157151736,271.36653164146986,-0.0008951719208373189,0.00299477046829159
1977-05-20,-0.016313697448221302,0.0007441802381795679,0.564252892905485,0.00032228437689064586,0.0,270.30601060727224,-0.0010166918953596537,0.0010316535241186283
1977-05-21,-0.016568964610328783,0.0008093251683617717,0.5612901015919257,6.594683575091389e-05,0.0006161887556482843,271.5811061356252,-0.000903007753277566,0.001712883259617003
1977-05-22,-0.017091813649834888,0.0010352847771456014,0.551506545359581,8.358615897806351e-05,0.0038641532935665157,274.31392304371985,-0.0006159969716001366,0.0018625460607183857
1977-05-23,-0.02446187203381695,0.0021224741713475373,0.5269784586128767,0.0,0.009334584708604435,277.87397525090506,-0.0009319939897895533,0.00043880690278850685
1977-05-24,-0.035072795457422395,0.0020883669287471446,0.48673847435557915,0.0,0.010363557539080496,280.4888722263487,-0.0018016315502046194,4.2915343101412873e-07
1977-05-25,-0.02892926949902443,0.0015606869243632603,0.45085440023246237,0.0,0.00706649062323705,279.08542997284803,-0.001601009166636373,0.00019335403280245717
1977-05-26,-0.022338564281409744,0.0016774513290426826,0.4280500106667844,0.0,0.004518089763357142,276.6378611225193,-0.00115968398013189,0.0011686768907935472
1977-05-27,-0.018750796841699526,0.001706406389926113,0.4082596773481639,0.0,0.004000121085657239,275.7513727234807,-0.0009414245832269476,0.002038068757801379
1977-05-28,-0.0188961081669829,0.0013917682871306685,0.3948284946592514,1.8939333783704682e-05,0.00011162001029246272,273.18066630749604,-0.0014435146161812847,0.0009780648301733438
1977-05-29,-0.021709843838618976,0.0014892950401467794,0.3886849785928672,7.031748523819918e-08,0.0002531781792640686,273.55708118302226,-0.001398509220972573,0.00015793925954852257
1977-05-30,-0.02158080765419761,0.001603891283778821,0.38168283236228817,4.79728993722948e-06,0.0012807999290315444,274.2423694488468,-0.0012373396558529241,0.0001105482423127863
1977-05-31,-0.02578272990419366,0.0030388748746807298,0.3683075123587571,0.0,0.009328686879516324,277.9043806043722,-0.0010184781667960565,4.359764673321129e-07
1977-06-01,-0.027488257967482856,0.005484114006414252,0.32973835113582867,0.0,0.01798235690273808,282.16400636791514,-0.0009748088511622558,1.5600632522464523e-05
1977-06-02,-0.024383710644676194,0.007439559041443518,0.2822854137241055,0.0,0.01673516601660831,283.80475194395825,-0.001089668511755049,0.0027135829499608617
1977-06-03,-0.023634511451263215,0.005946025841653684,0.24634317803966577,0.0,0.013591397616822841,282.3319708290747,-0.0010835151951023416,0.000621878068513825
1977-06-04,-0.027903001271398734,0.007931146665481526,0.21185153307438795,0.0,0.014793290383061448,284.80335446086536,-0.001373787352678466,0.0005897235545323466
1977-06-05,-0.0223803947453445,0.01207651500984774,0.17567343271833807,0.0,0.014983640383865876,286.09430902915716,-0.0010925387216489868,0.004171290546333812
1977-06-06,-0.01834978154823605,0.015946138713319426,0.14258617106579569,0.0,0.013838906935547707,284.30050907386453,-0.0010382424261273636,0.011087038287963221
1977-06-07,-0.019629504342200392,0.011931083465026597,0.11347918321857346,0.0,0.01228665985630057,284.75611466876535,-0.0011607167326797875,0.005364098833446262
1977-06-08,-0.02196939415850882,0.009271735862150032,0.08715659391184089,0.0,0.011280386082533388,285.001164082529,-0.0012093302557023907,0.0006478772325030828
1977-06-09,-0.02312788653508418,0.010113158047536,0.06055767971692561,0.0,0.01081899532490531,285.2886136265124,-0.0013489472011556736,0.003080487566440741
1977-06-10,-0.022428744341020535,0.007867527715230393,0.03977768030543786,0.0,0.006664006302585711,283.1822028977274,-0.0018668556428056654,0.00123363389806735
1977-06-11,-0.019945427859570347,0.008339466432393609,0.02702282691854991,0.0,0.004993091847768611,281.4820664436355,-0.0018530425294644415,0.0026977301317419712
1977-06-12,-0.021569952958047728,0.007889309256090283,0.01674685145951036,0.0,0.0033961322768933364,281.240155663643,-0.002355529026964964,0.003916794398405199
1977-06-13,-0.024357705256022974,0.0071122324736104855,0.010632071342396422,0.0,0.0022098140022848963,282.0407302231439,-0.0022549394854886385,0.001034310361001254
1977-06-14,-0.02827242395635379,0.006830086984203361,0.005722361993879474,0.0,0.0016641395829491699,284.93436756960193,-0.0023643686357191058,0.00047054782612544565
1977-06-15,-0.02829946851157873,0.006475199666400414,0.002996354902306969,0.0,0.0007098747975071945,283.8988263764175,-0.0022862343706906182,0.0005898413281822626
1977-06-16,-0.027523096293042615,0.006128473470440019,0.0018924346751412432,0.0,0.0003966208189557502,282.015010417069,-0.0023321665160484233,0.001072102365446616
1977-06-17,-0.02169478448939189,0.005837547745408312,0.0010813912429378531,0.0,0.0002161862781155581,280.01463138271413,-0.002678306536528014,0.003736245631444035
1977-06-18,-0.021277835729431975,0.005792418778952906,0.0009236883533427496,0.0,0.00013729967808319353,280.19504963072006,-0.002115445848196577,0.004564861321410001
1977-06-19,-0.01650115435069564,0.006588082781619272,0.0005406956214689266,0.0,9.651679945530864e-05,280.887692496377,-0.002923091526253749,0.011546535192213651
1977-06-20,-0.013791710643445032,0.0051321941243726655,-7.3453647229951e-24,0.0,6.6193567830964e-05,282.3650564420021,-0.0030959219971703274,0.008371985825949125
1977-06-21,-0.01871970295906067,0.00559393127085799,-7.3453647229951e-24,0.0,2.7135372330239943e-05,281.5597793090591,-0.0024963224696069116,0.0068470577566287485
1977-06-22,-0.02219442968483025,0.005832928132876165,-7.3453647229951e-24,0.0,1.6080373424594688e-05,282.2371071242568,-0.0028355663989560083,0.007173720557810898
1977-06-23,-0.024599811662051642,0.004511384051398369,-7.3453647229951e-24,0.0,9.63303244720071e-06,283.7760059442898,-0.003106308069690473,0.004355003099657049
1977-06-24,-0.027500949631639796,0.004307721883563672,-7.3453647229951e-24,0.0,5.0225752895161264e-06,285.3514842340502,-0.002976194076703093,0.0012856019754404402
1977-06-25,-0.03015620640273822,0.004194392238633108,-7.3453647229951e-24,0.0,2.2814772223348675e-06,287.3883987002903,-0.002992421288653619,0.0030324462779148017
1977-06-26,-0.0309527454487348,0.004008563477440743,-7.3453647229951e-24,0.0,8.226367039869061e-07,287.40889611037665,-0.0028077503192727848,0.0006333486002822379
1977-06-27,-0.033008793400505845,0.003868232002366061,-7.3453647229951e-24,0.0,3.123140267733127e-07,286.8355071324638,-0.0027520189345893215,0.0003827525727002072
1977-06-28,-0.03492324462549835,0.0037555125473582814,-7.3453647229951e-24,0.0,1.1716774627987275e-07,283.73544330561003,-0.0029500974026524414,0.0013928546742854684
1977-06-29,-0.034491312537489646,0.0036439851010586586,-7.3453647229951e-24,0.0,4.950216261007019e-08,285.36936758511933,-0.00264019680098962,0.002287756891505678
1977-06-30,-0.029220048443409013,0.003516838038708531,-7.3453647229951e-24,0.0,1.8563310978776318e-08,279.6756074585709,-0.0030209707296164024,0.0018872738715481061
1977-07-01,-0.032535943734107044,0.003382006607486703,-7.3453647229951e-24,0.0,1.2375540652517547e-08,283.3692574294498,-0.002761628952319339,2.158802089979872e-06
1977-07-02,-0.03210476049258885,0.0033342937628428144,-7.3453647229951e-24,0.0,6.187770326258773e-09,285.7626746944564,-0.003045187263333865,0.00507816067859454
1977-07-03,-0.03224692918823264,0.0031689893727922173,-7.3453647229951e-24,0.0,4.125180217505848e-09,284.6773941700966,-0.0026730361610314266,0.00015543342310156525
1977-07-04,-0.021805827521671685,0.0031043342446203295,-7.3453647229951e-24,0.0,0.0,285.69657108429016,-0.002702253013007385,0.0038203331036187837
1977-07-05,-0.028682652713552033,0.002980102085124302,-7.3453647229951e-24,0.0,0.0,285.56628149646826,-0.0028000550270922443,0.0007244217361880157
1977-07-06,-0.03445325337224088,0.002897421855710994,-7.3453647229951e-24,0.0,0.0,285.5866859601267,-0.003089415940777057,0.0017935713132666968
1977-07-07,-0.024258269891563784,0.0028053991875406042,-7.3453647229951e-24,0.0,0.0,283.06936277328464,-0.00243218534620805,0.0014131744674593118
1977-07-08,-0.02776318413894729,0.0027100394169489546,-7.3453647229951e-24,0.0,0.0,282.50023271090123,-0.0023333739731355575,0.00021063680748506478
1977-07-09,-0.03319280704030883,0.0026414622526384347,-7.3453647229951e-24,0.0,0.0,285.8595108456082,-0.0030273895363433887,0.001667439786031583
1977-07-10,-0.030615844590178992,0.00256858033648992,-7.3453647229951e-24,0.0,0.0,284.9344939862268,-0.00253589127191716,0.0022818855645616717
1977-07-11,-0.028349314242769767,0.002483074021878216,-7.3453647229951e-24,0.0,0.0,281.102240564235,-0.002508181910225227,0.0013183820798432174
1977-07-12,-0.03636567399831815,0.0024010491909953837,-7.3453647229951e-24,0.0,0.0,284.84991307447183,-0.002836331177902761,0.00027428889887658
1977-07-13,-0.039161220235002916,0.0023312843115316276,-7.3453647229951e-24,0.0,0.0,287.8196743464066,-0.0026687429639074087,0.0005880548454370335
1977-07-14,-0.02408961421352322,0.0022706221052482306,-7.3453647229951e-24,0.0,0.0,283.48248030955284,-0.0025445118883235312,0.0014837378330823392
1977-07-15,-0.034582707588955514,0.0021960994618087167,-7.3453647229951e-24,0.0,0.0,286.1986884029123,-0.0025887845641812367,3.7756360181906804e-05
1977-07-16,-0.038044517028466465,0.002135538448721676,-7.3453647229951e-24,0.0,0.0,288.5603365637713,-0.002612506802388504,0.0004764910395155862
1977-07-17,-0.04122289834217838,0.002071438536132123,-7.3453647229951e-24,0.0,0.0,289.66474438252425,-0.002731213830200966,4.687166516866666e-05
1977-07-18,-0.0437480584628838,0.002013636089987674,-7.3453647229951e-24,0.0,0.0,290.8009052779491,-0.0027511015344979404,0.00042147378172689124
1977-07-19,-0.039606447947227355,0.0019543493366510857,-7.3453647229951e-24,0.0,0.0,290.0465591524056,-0.0024264762862085624,8.934351517908997e-05
1977-07-20,-0.016614777599014134,0.001994853723520613,-7.3453647229951e-24,0.0,0.0,285.9686380303737,-0.002874722420159033,0.010710941313978293
1977-07-21,-0.02293109051925315,0.0026248701884921664,-7.3453647229951e-24,0.0,0.0,285.5299892389617,-0.003404662455037489,0.012722147699924137
1977-07-22,-0.023424710678515464,0.003579968113010213,-7.3453647229951e-24,0.0,0.0,287.32900264258666,-0.0028165265033810827,0.00998126722373402
1977-07-23,-0.02185014180712781,0.002217664051864107,-7.3453647229951e-24,0.0,0.0,286.96284376744273,-0.0028298665153778206,0.010464952759818584
1977-07-24,-0.008571205544943191,0.0018907162429249221,-7.3453647229951e-24,0.0,0.0,285.2644574583812,-0.0030923940893788793,0.013546125110819651
1977-07-25,-0.008917765512978291,0.003026808890919228,-7.3453647229951e-24,0.0,0.0,284.08612618742694,-0.003407278440177104,0.013839605366397362
1977-07-26,-0.024934392106735107,0.0016511752780547923,-7.3453647229951e-24,0.0,0.0,285.9975770170855,-0.00266133354040189,0.0005315172806744118
1977-07-27,-0.026506422603197695,0.001621507992178707,-7.3453647229951e-24,0.0,0.0,285.27414111408586,-0.0023723642347054296,0.0007660349077317128
1977-07-28,-0.028757459152553046,0.001588498889389685,-7.3453647229951e-24,0.0,0.0,284.4580812759543,-0.0025557932985872875,0.00036224945032723035
1977-07-29,-0.035358069096244664,0.0015632779584766109,-7.3453647229951e-24,0.0,0.0,287.1260246018232,-0.0027335552014620965,0.0007878682857938651
1977-07-30,-0.03802487919222838,0.0015326769506863957,-7.3453647229951e-24,0.0,0.0,284.40411653895836,-0.002762046163785929,0.0004664807163713206
1977-07-31,-0.028926153556775244,0.001518742765410472,-7.3453647229951e-24,0.0,0.0,282.6816022373638,-0.002883964565472078,0.001996313953130259
1977-08-01,-0.02951604220489998,0.0014860387575828425,-7.3453647229951e-24,0.0,0.0,284.34112761114955,-0.0026162980955704456,0.001228078778854198
1977-08-02,-0.0332693341003973,0.0014658031490563,-7.3453647229951e-24,0.0,0.0,285.1914220008922,-0.002785475114307835,0.0015609758721892375
1977-08-03,-0.029526379064651536,0.001455730385026016,-7.3453647229951e-24,0.0,0.0,285.393384761056,-0.002543508112009636,0.003277344892253984
1977-08-04,-0.0230062327815988,0.0014321939588266578,-7.3453647229951e-24,0.0,0.0,283.46645292723923,-0.0029359586000189944,0.003584949147299435
1977-08-05,-0.010340308781060795,0.001852818885765507,-7.3453647229951e-24,0.0,0.0,282.22573879838217,-0.002881235111567934,0.014476203276917456
1977-08-06,-0.02025666445662073,0.0013753380310737482,-7.3453647229951e-24,0.0,0.0,282.60857953145234,-0.0026487531824468894,0.002180998894352078
1977-08-07,-0.02240883542151101,0.0013857359266550527,-7.3453647229951e-24,0.0,0.0,283.16429882803885,-0.0030194708793345147,0.0048399471768141794
1977-08-08,-0.018437738977583117,0.0020882385430362944,-7.3453647229951e-24,0.0,0.0,283.2280985442483,-0.002990830410798054,0.011588400714308361
1977-08-09,-0.024205546131578545,0.001620085983626587,-7.3453647229951e-24,0.0,0.0,282.93697530311834,-0.0024510572038296255,0.0040963242028104075
1977-08-10,-0.01043057715320318,0.001410591989587256,-7.3453647229951e-24,0.0,0.0,280.4674129414244,-0.003053586809017227,0.009938596077003856
1977-08-11,-0.024093463006666156,0.0013932786924017353,-7.3453647229951e-24,0.0,0.0,280.94044241393357,-0.0027676712258555797,0.0021129444734428768
1977-08-12,-0.03281141531332738,0.001240426369306058,-7.3453647229951e-24,0.0,0.0,283.4418856985376,-0.002473291488480097,3.0101345487310027e-06
1977-08-13,-0.028001452148970915,0.0012284389323433914,-7.3453647229951e-24,0.0,0.0,284.1746975060012,-0.0022669366039967135,0.0004035297205516304
1977-08-14,-0.025292970408490826,0.0012208746988221079,-7.3453647229951e-24,0.0,0.0,284.848326947056,-0.002645664411665356,0.001145100689530404
1977-08-15,-0.020789102267074047,0.0012485056610430703,-7.3453647229951e-24,0.0,0.0,284.6970048354844,-0.0023434727142254514,0.004159942058706902
1977-08-16,-0.02068657402769994,0.001196627731377122,-7.3453647229951e-24,0.0,0.0,284.0267554568706,-0.002091896073040316,0.0015419461231946467
1977-08-17,-0.02274952980421357,0.0011715979057516756,-7.3453647229951e-24,0.0,0.0,283.9099774369637,-0.0024466600616352037,0.00039466183390865196
1977-08-18,-0.02845822581968739,0.0011634575781849146,-7.3453647229951e-24,0.0,0.0,285.9475915948326,-0.0022760504162160017,0.0011394340969360268
1977-08-19,-0.026903638689868194,0.0011586630243366047,-7.3453647229951e-24,0.0,0.0,285.09823800210904,-0.0023756734184962884,0.0017886392982552418
1977-08-20,-0.02519780687861524,0.0011709081587818384,-7.3453647229951e-24,0.0,0.0,284.80651632046744,-0.002643893630701607,0.0038424257336313545
1977-08-21,-0.022839645502594236,0.0011320753117739146,-7.3453647229951e-24,0.0,0.0,283.41121544631415,-0.00225392363881324,0.0022224729596593794
1977-08-22,-0.021244376687343514,0.0011404219825389022,-7.3453647229951e-24,0.0,0.0,283.9995294775667,-0.0026883625525370835,0.003720589234610466
1977-08-23,-0.02359162304697738,0.0011037168866496977,-7.3453647229951e-24,0.0,0.0,283.36778448575416,-0.0024122628093944435,0.001705445525941687
1977-08-24,-0.03183361812163208,0.0010759263052105231,-7.3453647229951e-24,0.0,0.0,286.49922731546815,-0.0023926980056836783,0.00013314818931838213
1977-08-25,-0.024215430863159526,0.0011132227330558045,-7.3453647229951e-24,0.0,0.0,284.1897374708101,-0.002608188485863519,0.004640962292914078
1977-08-26,-0.014274013370780624,0.001115555143625723,-7.3453647229951e-24,0.0,0.0,280.6536986140882,-0.002994005163173891,0.006283328692018002
1977-08-27,-0.015173458278515921,0.0010797977447509768,0.004151310175376648,0.0018778226133120263,0.0003798560970752253,277.69307053201396,-0.002551056044755009,0.005715505046359564
1977-08-28,-0.02120665183006707,0.001039413914168622,0.008997340660310736,1.3066297870571333e-06,0.0003551876456555674,276.902975337429,-0.0017364158763387108,0.0006105410932294211
1977-08-29,-0.02202700406818067,0.0010497823441769443,0.006368346133474577,0.0,0.0004654267834404768,279.8117202212806,-0.0016242341259441809,0.0018646768425817546
1977-08-30,-0.021687156273483558,0.0010464797585697499,0.002804168873587571,0.0,0.00033689997458862046,281.0980212719876,-0.0022395522107428074,0.0029329008171163806
1977-08-31,-0.016427867240824942,0.0010332114952432234,0.0021181842926082865,0.00018622587292881337,0.00012248720826402225,276.9765601292842,-0.002182408220182031,0.0033668207166642457
1977-09-01,-0.021519678797425525,0.0010436327107208598,0.0019227798375706215,0.0,0.00011544998756236276,278.75946864255627,-0.0022731628795128085,0.004215809789478643
1977-09-02,-0.025583330773364357,0.0009779019207604189,0.0012687496321798495,0.0,0.00010296521382143269,281.45299360128,-0.0019584829145568913,0.0001124318710154733
1977-09-03,-0.02454550555870358,0.0009971811609753108,0.000405521716101695,0.0,5.104036023051053e-05,284.94794493924877,-0.002106593427179897,0.002609906897033002
1977-09-04,-0.025545643758302358,0.0009554769359739488,-7.3453647229951e-24,0.0,1.781288597543361e-05,283.9212784776131,-0.0020173583495414864,0.0
1977-09-05,-0.028820954557866027,0.0009454206726645346,-7.3453647229951e-24,0.0,7.103370913004473e-06,286.2041676911033,-0.0021195552222388614,1.7853224242528067e-05
1977-09-06,-0.028722685524972823,0.0009358324910287804,-7.3453647229951e-24,0.0,2.393993617451124e-06,286.0438964398343,-0.002043355745658026,7.546554177494372e-05
1977-09-07,-0.02913481022341777,0.0009288300397032399,-7.3453647229951e-24,0.0,8.357488839639782e-07,286.35943343455284,-0.002147758053352604,0.00041992792156417155
1977-09-08,-0.02884344163082414,0.0009328705274452598,-7.3453647229951e-24,0.0,1.9686159777775997e-07,284.10020865603803,-0.0021679539149258775,0.0018510993926862402
1977-09-09,-0.0248658207934455,0.0009069938612523053,-7.3453647229951e-24,0.0,4.936535816408147e-08,277.38645603517585,-0.0015659224726049241,4.410743663640915e-07
1977-09-10,-0.02664183374852111,0.0008977675168527722,-7.3453647229951e-24,0.0,5.039665321845793e-08,280.7946844406272,-0.001735823434161938,3.69111023380258e-06
1977-09-11,-0.026254590495494803,0.000888635630661485,-7.3453647229951e-24,0.0,2.601389157570015e-08,281.7729233635797,-0.0016401106239122862,2.9068882182493048e-05
1977-09-12,-0.01683595860745274,0.000925327004012415,-7.3453647229951e-24,0.0,1.2175595692995578e-08,279.5711180261299,-0.0021201066178201285,0.004859586809314577
1977-09-13,-0.021367523587692932,0.0008722052904172133,-7.3453647229951e-24,0.0,2.2625350682748918e-09,278.92604684201115,-0.001579908170016472,0.0001411460718866122
1977-09-14,-0.025352467672299532,0.0008621611500863976,-7.3453647229951e-24,0.0,2.062590108752924e-09,282.09824064940835,-0.0016510201839067171,1.5717104207592175e-06
1977-09-15,-0.021632811275579165,0.0008729191149695445,-7.3453647229951e-24,0.0,0.0,281.2345285649129,-0.0015104118587270297,0.0019180252717209017
1977-09-16,-0.01777261268284361,0.0008490514115425154,-7.3453647229951e-24,0.0,0.0,279.29747282268863,-0.0013987636509335648,0.0005734582067646952
1977-09-17,-0.012675639347168014,0.0008708848959982059,-7.3453647229951e-24,0.0,0.0,278.4940079295703,-0.0016818641037759134,0.003943236736152186
1977-09-18,-0.017795017083822674,0.0008301052164896733,-7.3453647229951e-24,3.2969871483280167e-07,5.817345980197024e-08,275.9433254558039,-0.0014312182853029947,0.00018176116506635794
1977-09-19,-0.019958801651741825,0.0008204948093931554,-7.3453647229951e-24,0.0,7.530558580732615e-08,278.7186879878215,-0.0012118359606734103,0.0
1977-09-20,-0.02549356588367688,0.0008130009564976234,-7.3453647229951e-24,0.0,5.295384401655467e-08,280.6155809305482,-0.0014524770384959584,0.00010439029521187821
1977-09-21,-0.011626241276156433,0.0008647728101008357,0.0024487626530131828,0.0013935106075079428,0.00021921480232376165,277.00713678852094,-0.0025647682911258633,0.007812045337687831
1977-09-22,-0.015508146398821794,0.0008055461665331307,0.007196631135240114,0.0,0.00017264105463768803,275.4429338135513,-0.0012537566734488403,0.0008057568368589001
1977-09-23,-0.01256523407616858,0.0008083693051742295,0.03943928576683145,0.010337126751740774,5.044716562928453e-07,273.7971295143027,-0.0016134546827630135,0.012759537346618999
1977-09-24,-0.012799948664371579,0.000801243351004218,0.06962007856638418,8.250360435011697e-09,0.0012426096419830108,272.9134354887709,-0.00116002308152153,0.0005269791395985881
1977-09-25,-0.014342620421600881,0.0007945621586115348,0.05879513153248589,1.220809201062736e-05,0.0014818373878123397,273.7266104279714,-0.0011411529392172388,0.00010304822719049788
1977-09-26,-0.015455925068949578,0.0008033505604092012,0.045930621763182675,0.0,0.002400340438730973,276.98863293132314,-0.0011721194358700413,0.00042583008104972995
1977-09-27,-0.017552770211198238,0.0007839923524587168,0.02999435396068739,0.0,0.0016804847992577796,278.31932911989605,-0.0011437483984282463,2.1420410689643177e-06
1977-09-28,-0.019640146886224803,0.0007722251496072544,0.01916756782603578,0.0,0.0013093975409444445,280.30626657274036,-0.0013042873160987252,6.832308688406218e-05
1977-09-29,-0.01146541464295091,0.0008209953031970957,0.011031386093455746,0.0,0.0007816631725784076,278.80262461804176,-0.0019490229660424137,0.005651498064504064
1977-09-30,-0.003730210375651128,0.0008711119492848715,0.011493460157721283,0.003222415423662649,0.0004763961638097709,275.90468354234144,-0.0012494282754885275,0.012716473777332463
1977-10-01,-0.006545718064752676,0.0007385463364380228,0.044211062558851225,0.006510088314949456,7.271662480750327e-05,271.4944769685102,-0.0010542447263069746,0.007265341248210956
1977-10-02,-0.013399655115132953,0.000748175096377141,0.08017076970044727,0.0023979967470559695,0.0012784803465092924,271.39826988679994,-0.0011376627105272423,0.0024831442341292646
1977-10-03,-0.015469494554619332,0.0007623079638023163,0.06718648849458568,0.0,0.002381257397138466,275.31618372240087,-0.0011191576256253627,0.00024803698399646133
1977-10-04,-0.004922960269249092,0.0007308804887836264,0.062245054658074395,0.0019135676787397956,0.00018531875421771895,273.15306465953535,-0.0007873145642422014,0.00313433247097468
1977-10-05,-0.0073851395798268295,0.0007204177689417608,0.0653632499852872,0.00021206238175516074,0.000641178108204556,272.9294485282539,-0.00065771182525461,0.00021473080088047657
1977-10-06,-0.01097871211625762,0.000741674738415217,0.056946145612641254,0.0,0.0021923940502485985,276.04725538494444,-0.0008788948489279396,2.0828573614917692e-05
1977-10-07,-0.005857458054009132,0.000732860996224786,0.06477657684498589,0.009893701196053609,0.0005964763504637164,273.8292591145259,-0.0009742563137900359,0.012589888333498476
1977-10-08,-0.010545803918003364,0.0007070408197446059,0.12893084797257534,0.0041429020127670925,0.0007186580007359133,269.42454377585665,-0.001059234531669967,0.004208797468972486
1977-10-09,-0.009476978016101709,0.0006976820486413557,0.1245643630090631,0.0004722102424182461,0.0003764801842849807,270.56065851057093,-0.0008303035040107151,0.0006786672239687213
1977-10-10,-0.007385140211231964,0.0006875274545055326,0.19156188390124768,0.01132969461423529,0.0,265.5244247881931,-0.0007413329325069143,0.011524786789541499
1977-10-11,-0.008812710811189341,0.0006878449250075777,0.19648308762947272,1.5673580142737783e-07,0.0003194917982580972,265.100184352609,-0.0007052830352032253,1.6959513407343014e-06
1977-10-12,-0.012533089240728799,0.0007393506623930851,0.18336524173140303,0.0,0.003824766399075756,271.80999856794404,-0.0006428393193304877,2.1783911847705895e-06
1977-10-13,-0.013203620447614098,0.0007377287930687943,0.1517775368555791,0.0,0.0038073988220954347,275.0842480129666,-0.0009367334114461296,1.2867300256402814e-06
1977-10-14,-0.008282746888149931,0.0007206797599792482,0.12608598899482112,2.4605921264422143e-05,0.0018339447340386063,273.6905619518905,-0.0007286274142689625,0.001342416382071231
1977-10-15,-0.010085936488404786,0.0007305663857756361,0.11154054113700565,0.00015754200055100826,0.003556189795503509,273.89231657038977,-0.0008869417601049285,0.0001871618212008685
1977-10-16,-0.014659077013279759,0.0007240564304556552,0.08611957097457629,0.0,0.003283738690075902,277.33307348851207,-0.001064176039801816,-5.032234184909612e-09
1977-10-17,-0.013440559434015198,0.0006892356158649855,0.06605222310499059,0.0,0.00155780814840632,276.03547640439484,-0.0009718130968805761,0.00010588286957918583
1977-10-18,-0.014120565674736003,0.000702116280625769,0.05299621696975047,0.0,0.0023934415168007893,277.5849078226898,-0.0010395571168533152,1.7194249153362762e-06
1977-10-19,-0.01561018702505672,0.0006812762069163351,0.03795834988524011,0.0,0.0014557456439834532,277.18501387342894,-0.0010353236506551,0.0
1977-10-20,-0.012628519728695605,0.0006671144632296374,0.028983308321563095,0.0,0.0006653615983866029,277.03135693365124,-0.0008952546349100473,0.00043442327798927805
1977-10-21,-0.004518116640169069,0.000710634188463459,0.04455888248881827,0.004440071640041589,0.0007744568826283439,274.3900361177836,-0.0008303470288713772,0.008264360612527251
1977-10-22,-0.009722659858943378,0.0006695915076692226,0.05255575233933617,1.2084462885129249e-05,0.0012686440437021905,273.90882036241436,-0.0007731016241224472,4.1392378123439446e-05
1977-10-23,-0.012152118829347322,0.0006750819541640202,0.04192184189618644,0.0,0.001669962843090801,275.6515818198971,-0.0008309348933609193,8.70227722771233e-07
1977-10-24,-0.010273623895847192,0.0006610660229699087,0.031941731770833336,3.4145863547837e-05,0.000858892786637538,277.2304119641723,-0.0008912751303806817,0.0005893670568682244
1977-10-25,-0.012159731470595646,0.0006622933061782924,0.025322578272128065,0.0,0.0012342882484702741,278.62975410059124,-0.0008896765020270807,1.7217302001881762e-06
1977-10-26,-0.015847961907669652,0.0006487219683868064,0.017268926185852167,0.0,0.0006559792548249671,278.67256217353093,-0.001001929185526856,0.0
1977-10-27,-0.011357849390156528,0.0006450736253275037,0.012724967999646893,0.0,0.0005480424622021152,276.82248117335547,-0.0008369570513818898,4.567998950622176e-05
1977-10-28,-0.015220989573136562,0.0006370021630141696,0.009375735640301319,0.0,0.0002549657292958707,278.05734121462723,-0.0009564824065582901,4.351138045421976e-07
1977-10-29,-0.014263662746397116,0.000633069435081913,0.007042376559557439,0.0,0.00015343557306602177,277.5767556027056,-0.000865401316034255,0.0
1977-10-30,-0.013449190068716383,0.0006314244984233448,0.0066230615878060265,0.0005381088598636584,6.953243818660241e-07,273.0491102653259,-0.0008315465355155158,0.0008918430845616228
1977-10-31,-0.01346568460181608,0.0006267525213586409,0.024174059851694914,0.0035152166008444157,0.0,267.9923930769811,-0.000401107399687592,0.0035274097305557015
1977-11-01,-0.011357004149148696,0.0006254237082044958,0.034518311926200564,0.0003779223557077559,1.7179681335465385e-05,265.5734501495649,-0.00028925900489597,0.00038018090240025926
1977-11-02,-0.012129050274353246,0.0006279163273040858,0.03204334208745292,8.867622095312777e-06,0.00015366384706928232,273.1867739503218,-0.00031827254968006056,0.00028686158064395026
1977-11-03,-0.00819140710568024,0.0006248052679212754,0.05298794101636064,0.0036604020344672234,1.8555734117152328e-06,269.9262014162743,-0.0005925203184202567,0.004078440073519777
1977-11-04,-0.0123939788189985,0.000639163168136683,0.05074906573681733,-1.031295054376462e-09,0.0011072869144253812,274.5971032805362,-0.00048753669706441596,4.351138045421976e-07
1977-11-05,-0.012345280266751003,0.0006343647416702098,0.04174620777424671,0.0,0.0008072838566060794,274.72571843896213,-0.0007948967191459096,0.00023451809492488367
1977-11-06,-0.007808989976759011,0.0006252089462711314,0.03586131525129473,0.00018040629598380486,0.000373513369405337,273.7122942642528,-0.0005302164482615762,0.00044142479266694694
1977-11-07,-0.007710401284492623,0.000624512043376427,0.03361255480520245,2.4760762850443525e-06,0.0005046843345892631,272.6315865381963,-0.0002814003997771754,5.0931663836463034e-06
1977-11-08,-0.006928769124429778,0.0006142464061241366,0.054989342411134665,0.005475934258120208,0.0,263.7033673841401,-0.00033479102881951527,0.005479497677188809
1977-11-09,-0.005926425300412259,0.0006147857102970619,0.07610152939618645,0.0002736201941293512,0.00012662246991685554,259.3326731644108,-0.0003953152204637474,0.00027582480401092986
1977-11-10,-0.007897260877708931,0.0006206291543561861,0.0644839299376177,6.764119038474089e-05,0.0005350582259522993,267.24319515838914,-0.000332720367248449,7.107057472573827e-05
1977-11-11,-0.009647772810553427,0.0006221455369292006,0.05788155823328626,0.0,0.0007052889546263689,270.9061409075606,-0.0002801780941459419,0.0
1977-11-12,-0.011089035052027407,0.0006184406199697721,0.051382635946327686,0.0,0.0005981568036611471,272.54351919429223,-0.00032330018147236887,8.70227722771233e-07
1977-11-13,-0.010010123294962328,0.0006135968165209064,0.04590602379060734,0.0,0.00039849430322647095,272.01154455267556,-0.00029521655438646756,4.4107442320751034e-07
1977-11-14,-0.009977878907979547,0.0006065949545068257,0.04266598803848871,0.0001984273772791954,9.869609427990886e-05,270.98586167229547,-0.00032130985568135475,0.00020194356724367307
1977-11-15,-0.0050996568075007635,0.0006038275478923388,0.0567856840719162,0.006326712457473669,0.0,269.1947045335213,-0.0002840994673091813,0.006403440074305213
1977-11-16,-0.006511069076546168,0.0006021634165176565,0.10319906978283899,0.004903094011679881,0.0,265.21685987497676,-0.00047781633076357977,0.005055540561539219
1977-11-17,-0.0048661157909759695,0.0006020472379727552,0.11805141757886067,0.0011566572080729373,0.00010076813441885393,261.06734372442503,-0.000517793725860321,0.00117842570189573
1977-11-18,-0.003592068361023725,0.00059892060392994,0.1189751059322034,0.0004846715489349797,2.4682784316229956e-06,260.0397310023478,-0.00035380981441608255,0.0004896290894387132
1977-11-19,-0.001565122587532647,0.0005973440274006903,0.12337998212394069,0.0016010436466184714,8.31350094854495e-10,258.0833536855694,-0.00022548533407813415,0.0016055448243797264
1977-11-20,-0.001751384324273147,0.0005957791529132822,0.16519423662605937,0.0024786752327687327,0.0,252.5084312496437,-0.00023990916877479875,0.0024842701557665895
1977-11-21,-0.002464059340415028,0.0005941879277848929,0.15895899540960454,8.112421564463169e-05,0.0,251.79869218240802,-0.00021770776454674995,8.510581850962444e-05
1977-11-22,-0.0031391713494634903,0.0005934207284517881,0.1480574958068503,0.0018455489922714775,4.5835487755004975e-05,262.1412009654072,-0.0002685053968581103,0.0018522069951672742
1977-11-23,-0.004352559393408608,0.0005913205065969693,0.15271317936381829,0.0012100984863305498,1.639792811399126e-05,263.94959145885406,-0.00039067457687888443,0.0012117947562266206
1977-11-24,-0.0048315762463262526,0.0005893796513983086,0.15644310557909605,0.00019232874031120776,0.0,264.0301325343648,-0.00037936207517392227,0.0001950326948280117
1977-11-25,-0.005556733258026469,0.000591837585309131,0.15303893008474578,1.057550984587373e-05,0.00024603511401488957,265.5948242359916,-0.00042944799814015463,1.3174613305485158e-05
1977-11-26,-0.006015412298972999,0.0005891998272157659,0.15520378155896894,0.00558336977820612,3.0557061992796127e-06,271.6649949923298,-0.00043700295000594894,0.006061347140385256
1977-11-27,-0.003671643255794116,0.0005844827257307237,0.19613917578860643,0.001964815992251628,0.0,263.29988254396255,-0.00028431347155638336,0.001987965616433035
1977-11-28,-0.002059356598867535,0.0005828273498405845,0.20576686823210927,0.003319118361351854,0.0,263.1480683041158,-0.00017826664287828457,0.003322719971910089
1977-11-29,-0.0035827262590160482,0.0005811405720683814,0.2214932486611347,0.0010681759124085055,0.0,264.9591923765768,-0.00022605500357635952,0.0010764453370678156
1977-11-30,-0.005136072509369608,0.0005794439443760673,0.24081989870233053,0.003478850895738872,0.0,262.86353290866776,-0.0003790222371449579,0.0036102433138750847
1977-12-01,-0.00211031831758844,0.0005777241651621242,0.2712082799994115,0.004195751085624857,0.0,258.77383631546394,-0.00017146328411533337,0.004201994589994545
1977-12-02,-0.0015659055719941348,0.0005760094371892638,0.3320133187676554,0.015269624437652741,0.0,266.0807686103491,-0.00010351749336988914,0.015300757787230973
1977-12-03,-0.006639637726511659,0.0005742566565335808,0.3786032581508945,0.002351042241026453,0.0,270.62607515554197,-0.00046145834954781727,0.0024209437494030783
1977-12-04,-0.005299136884468424,0.000572522228720498,0.3795145325741526,0.004222009394128444,0.0,266.2229789511183,-0.0004489552124408679,0.004360159524427889
1977-12-05,-0.0017468361868023198,0.0005707513477842687,0.43504135218043793,0.004108901456587733,0.0,257.00538475410195,-0.00020655194602612047,0.0041188366131559686
1977-12-06,-0.001690886956823748,0.000568969017368252,0.4408970489789313,0.0013432765832055086,0.0,259.72780764304986,-3.4361077988215094e-05,0.0013495854737946137
1977-12-07,-0.0032186892073033223,0.0005671866869522353,0.44754884651600757,0.0026356179246121206,0.0,265.8937666115339,-0.00019131676099226302,0.0027335464090579133
1977-12-08,-0.0015105537354609389,0.0005653431523317672,0.499792641390066,0.006039997320727441,0.0,255.0292530993733,-0.00024317582216808355,0.006047174899838681
1977-12-09,-0.002044889760219445,0.0005635097201934642,0.5035402689500942,0.00034185080120792497,0.0,254.1197630672132,-3.4356489777565e-05,0.00034387131868782693
1977-12-10,-0.003325542824416511,0.0005616943883357076,0.49838756841454807,8.950899170953677e-05,0.0,264.9843990807255,-8.077575367386058e-05,9.052610319757171e-05
1977-12-11,-0.0045462251972343964,0.0005598295543153408,0.4849483396598399,6.325837582518152e-07,0.0,269.9563531067412,-0.00028080466903198916,6.271957677636442e-07
1977-12-12,-0.005034707402442135,0.0005579961221770379,0.46975506856167615,0.00029175212911966835,0.0,268.2390546421547,-0.0003794725763343149,0.0002928872650395431
1977-12-13,-0.0032390689866690987,0.0005560998862746072,0.45959748521363,4.3297302251481746e-05,0.0,265.152850181594,-0.00012528200207625407,4.634960752057229e-05
1977-12-14,-0.004612325275011655,0.0005542004512528242,0.45366293697033905,0.0008799190406745437,0.0,270.0485681796029,-0.0002732165947051372,0.0008920481143916933
1977-12-15,-0.002482784375295801,0.000552339068913864,0.4446278947445857,0.0007827121364531545,0.0,270.323961017271,-0.00011159377540908964,0.0009952342909182233
1977-12-16,-0.002712783629948137,0.000550408232010017,0.4683989616437148,0.006654316969847276,0.0,266.17131480703694,-0.00027355521201750656,0.0067138162701816185
1977-12-17,-0.003502672885434102,0.000548508796988234,0.48664054224046616,0.0001852155615717678,0.0,261.743830255196,-0.00024765286342067237,0.0001862133794576568
1977-12-18,-0.0009395006602093325,0.000546559859803841,0.4909348424994115,0.004306479593959906,0.0,262.23267873128253,-4.908299904927022e-05,0.0043124029375431845
1977-12-19,-0.0010993630114921743,0.0005446407249418356,0.5519362052730697,0.0030087202071806805,0.0,258.639092766857,-0.00011807162377793912,0.0030108746835691208
1977-12-20,-0.0028171839855485044,0.0005426819378373313,0.5997250084598635,0.002414511716635214,0.0,257.4670914759519,-0.00019712288374617947,0.0024166017939141918
1977-12-21,-0.002658119519888345,0.0005407330006529383,0.5973976264565678,0.0,0.0,259.98039678440705,-9.932005935806339e-05,1.2993812106287805e-06
1977-12-22,-0.0037293924113451426,0.0005387611645089705,0.5858411770980462,0.00019188166338171664,0.0,264.8232470474674,-0.0002607789500958502,0.0001939480219474034
1977-12-23,-0.002631832692919478,0.0005367776263231612,0.5732681647981404,0.00032486455083566876,0.0,263.1348891788059,-0.00015548331463067548,0.00033300636230341183
1977-12-24,-0.001591661808180944,0.000534769337056047,0.6155946088600519,0.005929005158654715,0.0,260.0246725064438,-0.0001669109109683899,0.005933857665929459
1977-12-25,-0.0022629859336351942,0.0005327892505516441,0.6368943841219398,0.00012660681106949932,0.0,258.09665734170744,-4.201773343618307e-05,0.0001299843612987544
1977-12-26,-0.001579227210101435,0.0005307844129659363,0.652932722016243,0.0037748891081513655,0.0,260.1323609684372,-0.00011639242286736009,0.0037795455441286875
1977-12-27,-0.0016295169874773188,0.0005287513726175169,0.6660342458951272,8.136273945792246e-05,0.0,258.6437711985098,-2.4924896615373216e-05,8.415269976152518e-05
1977-12-28,-0.002421853358799455,0.0005267084823489862,0.6541915864818738,7.031748523819918e-08,0.0,260.6105025268095,-7.313195784381555e-05,9.3441224543724e-07
1977-12-29,-0.003077539599547952,0.0005247102955640373,0.641950761755532,-1.862645149230957e-09,0.0,262.52966817579255,-0.0001075272632520751,1.7167726582556497e-06
1977-12-30,-0.0009766437828877552,0.0005226591549350717,0.6307163849164313,0.0007603752116362253,0.0,261.9016123518432,5.948131030562234e-06,0.0007672151106886551
1977-12-31,-0.000867456787050107,0.0005206146651068651,0.6786201319003061,0.0044064707843597326,0.0,257.7769442053614,-0.00016283883192276551,0.00441144048147153
1978-01-01,-0.0016699760394581294,0.000518575226519741,0.6918908530484935,0.0001961252110152595,0.0,252.60058460127834,-8.111943275073154e-05,0.00019814894014029833
1978-01-02,-0.0025417976039277634,0.0005165415126725106,0.6830565026924436,0.0,0.0,256.41625261037365,-6.428075228202141e-05,1.7136334804490616e-06
1978-01-03,-0.001960686118589283,0.0005144789225637577,0.6736044443708805,0.00018412565107399465,0.0,260.0066891039832,7.28292674836466e-06,0.00018608428663984528
1978-01-04,-0.0038858983813032594,0.0005124635615591277,0.6609486725370765,3.280425391628244e-05,0.0,265.4153732328541,-0.00015132088151018498,3.436902265598369e-05
1978-01-05,-0.0022176178751018762,0.000510387669848857,0.642865024717514,1.6571143589450816e-05,0.0,264.79737828141555,-5.68401531479453e-05,1.9081315638116287e-05
1978-01-06,-0.0019668958618142512,0.000508323480180428,0.6274503718661724,0.0014132050807866673,0.0,265.9341198585352,-8.450251725097161e-05,0.001414776673333766
1978-01-07,-0.0023656930290373033,0.0005062824420336276,0.6535902005355462,0.0037406764208933727,0.0,263.93726031344715,-0.00015101800172847543,0.003752672667638894
1978-01-08,-0.0015225847393779434,0.0005042182523651986,0.6505428105873352,0.0008631540978022216,0.0,262.86765661796386,4.1024748888392914e-05,0.0008698732270648818
1978-01-09,-0.0012455331740406275,0.0005021391615355756,0.6613178720133005,0.004245124694149373,0.0,266.24138729002067,-7.955577371820892e-05,0.004251697708113592
1978-01-10,-0.0017569241887432033,0.0005000254697045364,0.6644923898010829,0.0002896320180030866,0.0,263.588635529053,-7.073882188500658e-05,0.0002970712916514026
1978-01-11,-0.0028041140255281485,0.0004979117778734972,0.6541037694209041,0.00036303246509557393,0.0,264.39044014163835,-6.056887408097586e-05,0.00036617800331719156
1978-01-12,-0.002786552333562388,0.000495854239005827,0.6427291611493645,0.00039087387464814267,0.0,263.2444404738547,-0.00011696235545105854,0.00039410981744566857
1978-01-13,-0.0024180219503445815,0.0004937439988561943,0.6428424957332862,0.0013963049330280326,0.0,262.87515132710087,-0.0001271137241589821,0.0014053172646593104
1978-01-14,-0.0021663506825764975,0.0004916601093475428,0.6372794458421611,0.0005278663109924834,0.0,263.5731043088234,-9.519274288651634e-07,0.0005335600101637406
1978-01-15,-0.0012487668523007195,0.0004895357678165544,0.6492119913047317,0.002806448477641338,0.0,265.21685520179307,-9.300865464459705e-05,0.0028102774342587487
1978-01-16,-0.003166458111698345,0.0004874369771467091,0.6649818204890539,0.001870828938517867,0.0,262.45184950101174,-0.0002119631511764338,0.001872223530464926
1978-01-17,-0.0035451508342883007,0.0004853424379381083,0.6565106925317796,0.00011838128590314405,0.0,265.4619506110355,-9.605583687454968e-05,0.0001231448798529846
1978-01-18,-0.001389651143618223,0.0004832039950257641,0.6492133706302967,0.0006489486849240665,0.0,262.09948461787627,-7.829755691990341e-05,0.0006520742245313138
1978-01-19,-0.002956423929518899,0.0004810820528342899,0.6414436297228109,0.0,0.0,261.07500376584613,-8.640023695547029e-05,8.553265615773853e-07
1978-01-20,-0.0027930661194068567,0.0004789518602823808,0.6324676686087571,6.530939017312002e-06,0.0,263.5687212755451,-6.438133512007989e-05,8.52073652132754e-06
1978-01-21,-0.002813547260343692,0.0004768034411688982,0.6242059682497647,0.0,0.0,261.67886226819286,-3.5240667435408985e-05,1.714616729326232e-06
1978-01-22,-0.0028070731688353973,0.0004746691234367716,0.6163548471339454,5.003300595418208e-05,0.0,262.4313043174097,-7.13837969690393e-05,5.088029742135169e-05
1978-01-23,-0.0024196092607611315,0.0004725546318258943,0.6391422250176554,0.004052723321200764,0.0,261.29159998489644,-0.00024792434658202746,0.004056409022915576
1978-01-24,-0.001804737510990962,0.0004703978360709498,0.6589118684528014,0.0005583139715221642,0.0,257.54793274514867,-8.861747922870398e-05,0.0005599789026198414
1978-01-25,-0.0018394735068251187,0.0004682609927182818,0.7369226143185028,0.011800407900311853,0.0,260.52324370116617,-0.00013658456967375373,0.011807659245061271
1978-01-26,-0.0011194244363887163,0.00046611084776409606,0.8690700495085923,0.009330719562068499,0.0,262.9782073780642,1.707016411474196e-05,0.00933582251076038
1978-01-27,-0.0025607342858099,0.00046394420208904037,0.9063745990760359,0.0026692815840581043,0.0,261.5534525761721,-0.00014799961683440344,0.002674546339188307
1978-01-28,-0.00262968237959059,0.0004618254590169185,0.9085835889683381,0.0009762214149458934,0.0,261.9762586568484,-0.00010418785620207168,0.000979073711210271
1978-01-29,-0.00240641887073463,0.00045967371450305667,0.888877624396775,0.0015926878204790215,0.0,263.7388616299674,-6.540356424905487e-05,0.0015989858887613694
1978-01-30,-0.0030437791667415597,0.00045751026794735327,0.8984818683056733,0.002335359526556091,0.0,261.1083524527972,-0.00022849856249693425,0.0023418922324643676
1978-01-31,-0.003181965716477841,0.00045544607827892417,0.8814717955508476,0.0004736169709660913,0.0,260.7140873120554,-0.00010675625970303002,0.0004754582030170246
1978-02-01,-0.002980292264351064,0.0004533092349262562,0.8826770962070387,0.0010712577798272257,0.0,260.1509329621626,-3.853042499493744e-05,0.0010735445320128518
1978-02-02,-0.004765127717101642,0.0004511838410533755,0.8665314008062617,0.000997767841580224,0.0,263.17590338137643,-0.0002313695300770345,0.0010421092732819058
1978-02-03,-0.003662522145583805,0.0004490882495028825,0.8525075678995998,0.0006893167514248757,0.0,264.9901380018102,-7.95058611422609e-05,0.000692156091920326
1978-02-04,-0.005959140505157622,0.00044698440759195453,0.8560289860669729,0.0026218927344359923,0.0,266.58615654695734,-0.00013561508918212632,0.002649363673316719
1978-02-05,-0.0053970431961582205,0.00044488881604146156,0.8353262288871234,0.0,0.0,268.6045194255879,-0.00021833560224306786,2.58277515285954e-06
1978-02-06,-0.006165162697013489,0.0004428230268133563,0.8085822556202921,0.0006833402282100614,0.0,270.1519909910788,-0.0003933136030442298,0.0007137937733332853
1978-02-07,-0.0053579703310115195,0.00044072903482253944,0.786958798625824,0.0,0.0,265.8242959455357,-0.00029267720604515346,2.995646354975179e-06
1978-02-08,-0.002547662642042516,0.00043868799667573917,0.7721590950888654,0.0014630572102164144,0.0,265.32903816381196,-0.00014008856299570053,0.0014679587512523157
1978-02-09,-0.004317300215279316,0.00043663045780806893,0.7750133794579803,0.0009776733310545905,0.0,265.22493740663685,-0.0001828575317384833,0.0009799922259535662
1978-02-10,-0.0026497096244224726,0.0004345811693008337,0.7629130160516715,0.0011165452289716,0.0,264.8875132451174,-0.000123774948514114,0.0011221365245513222
1978-02-11,-0.000610786095514136,0.0004325467819547923,0.7848376257944916,0.005596226596899625,0.0,264.2701108038089,-0.0001022216974426124,0.005603322481260747
1978-02-12,-0.0015588262997104623,0.0004304924422064744,0.8327625224370294,0.002200999186705735,0.0,260.46877103112286,-0.0001634865851893937,0.002204161915336489
1978-02-13,-0.0028385719084470283,0.00042848120638206186,0.8336133364230226,0.00012423302241637883,0.0,258.4216406798856,-0.00010548720378323466,0.0001291662995312549
1978-02-14,-0.0016588774946449843,0.0004264699705576493,0.8300730674729285,0.0009036008163360552,0.0,258.1303245127762,-8.570322356486725e-05,0.000908663904959477
1978-02-15,-0.0024730184320676126,0.0004244669850936717,0.8299043299788136,0.00029042809359771385,0.0,258.1450264386538,-3.342721926963936e-05,0.0002950524541941603
1978-02-16,-0.001980035949898305,0.00042248715115132305,0.8300165151247646,0.0008244921300707564,0.0,257.1300037980305,-0.0001168750794762272,0.0008284024580284572
1978-02-17,-0.002367504614557924,0.00042048416568734557,0.8283716693885359,0.0002637853646008982,0.0,256.0589097340902,-4.983669157418828e-05,0.000268923108187099
1978-02-18,-0.002307204119229721,0.00041848783102412684,0.8231240252766008,0.0011202064106019878,0.0,257.57315091494115,-2.1437072526600402e-05,0.001125709367268988
1978-02-19,-0.0014989417740854166,0.00041650959664145436,0.8679725661340632,0.005836388233017787,0.0,259.3851232905846,1.1975413956547861e-05,0.005844661660787077
1978-02-20,-0.0032174802769375393,0.00041451326197823563,0.9890968911840867,0.013787572877218497,0.0,262.562876713927,-0.000136901014142454,0.013792250290739607
1978-02-21,-0.007850203810438598,0.0004125597786768682,0.9979677936676085,0.0008597951908569551,0.0,266.2852156041032,-0.00013145778622836044,0.000861462842581821
1978-02-22,-0.00641974646829616,0.0004106097470569072,0.9677019424582158,0.00021378946422183584,0.0,266.4303421552123,-0.00029100381932352896,0.00021943383967096703
1978-02-23,-0.008984250158576642,0.00040868951775933395,0.9397735883062619,0.0,0.0,267.83428877491065,-0.00031160290673964443,1.7134701693066745e-06
1978-02-24,-0.004687263467217569,0.000406780737941548,0.9147140014418551,0.0009569171079471287,0.0,266.77495812381954,-0.0003603558966332237,0.000961272410075284
1978-02-25,-0.002517298284897023,0.00040486050864397475,0.9263805669579802,0.0029514168026083605,0.0,263.7923620263511,-0.000225659249360952,0.0029586710330442452
1978-02-26,-0.004798061640585884,0.0004029501292665126,0.9206687797934322,0.0004961589972178142,0.0,264.33545089621106,-0.00013614684806368446,0.0005050340950589798
1978-02-27,-0.004734015860463267,0.00040108605293230826,0.9113185616760829,0.0009122205066815609,0.0,264.12113071520673,-0.000300853323759669,0.0009161030505450298
1978-02-28,-0.0046846163222345255,0.0003991972255167988,0.9352043424846986,0.004043545405575112,0.0,262.32171664983315,-0.00034229599444542905,0.004047782214624094
1978-03-01,-0.006254295718535192,0.0003973280979415118,0.9379326484522128,0.0,0.0,262.7865599508339,-0.00027937920353675295,0.0
1978-03-02,-0.002826445730729292,0.0003954557712468724,0.9308721107727167,0.0008071649209254207,0.0,257.53777761872436,-0.0002968421226925096,0.0008114851110865673
1978-03-03,-0.0036870509301875276,0.0003936132468746207,0.9248688261387712,5.048784916683779e-05,0.0,255.30759692865578,-0.00012778557605494213,5.233271245180145e-05
1978-03-04,-0.006135542008836392,0.0003917904223425914,0.9145006657544726,9.114543596903484e-07,0.0,261.18195100558006,-7.511022905845427e-05,2.692816507479327e-06
1978-03-05,-0.0062682451417217155,0.0003899627991315335,0.9070601238818268,0.0015810632730944684,0.0,266.57040285660054,-0.00010429371653471965,0.001626221204117166
1978-03-06,-0.004339781647684884,0.00038814157415918043,0.9092723322004473,0.005963316408254333,0.0,267.68320197843565,-0.00020303690837601484,0.005995921664197722
1978-03-07,-0.008879268110471931,0.0003863520036309453,0.9343585860257769,0.0008462021537756516,0.0,266.412310505093,-0.0002845852441117588,0.00084990654752224
1978-03-08,-0.011014096354697384,0.0003845259799795636,0.9133592738494587,0.0,0.0,269.0779668876232,-0.0003340813873262056,4.351138613856165e-07
1978-03-09,-0.009533694361226034,0.00038276435965198583,0.8915585735198918,4.185841413541029e-05,0.0,270.6902710614681,-0.00039799657181999784,8.199470856892844e-05
1978-03-10,-0.007309342213606432,0.00038096148752223306,0.8875799089277306,0.00327711948062067,0.0,267.8533138088363,-0.0005397335494642204,0.0032864167191774298
1978-03-11,-0.007901977726631919,0.0003791982676349791,0.8831812397010359,4.28736714993493e-06,0.0,265.43523114953337,-0.00032448098273937315,5.572438905639533e-06
1978-03-12,-0.006255105137825013,0.00037746644962978904,0.8689888991878533,0.00018795011407237943,0.0,265.3067093434307,-0.00028962434116898287,0.00019207197705601038
1978-03-13,-0.005550634810480021,0.0003756867290216651,0.8632465369732816,0.0009866327805034187,0.0,264.41349460939455,-0.00030770550066300034,0.0009895303958151835
1978-03-14,-0.004186962831155055,0.0003739203100150588,0.8939277950653248,0.006889833863508904,0.0,262.8506933632543,-0.00036569876270105614,0.0068973060717340785
1978-03-15,-0.004289991353864724,0.0003721868924501926,0.9656237586069916,0.004666748272497102,0.0,259.22588748895964,-0.00035656613987044433,0.004709423851158659
1978-03-16,-0.007407251640228229,0.0003704452245248913,0.9860377769685735,0.00037245385054141114,0.0,260.7820021562882,-0.00019804139931996664,0.0003772881070764185
1978-03-17,-0.01169670865697376,0.0003687216568801363,0.9701005896157016,6.93289152646469e-06,0.0,270.1113159625095,-0.0002430393597332098,9.078713357838993e-06
1978-03-18,-0.013699621972391161,0.0003671023973637382,0.9454430761534842,0.00019316455233568525,0.0,272.84827370293397,-0.0006731232828171241,0.0010547868112827522
1978-03-19,-0.013658120975656024,0.0003653721789182243,0.9443980071504238,0.00419610050522675,0.0,272.30427216495724,-0.000709936969866187,0.004641930598997128
1978-03-20,-0.01303477181216418,0.00036369331475705083,0.9357140032809558,0.002612469854664668,0.0,270.5649609502875,-0.0009578553233611383,0.003036641468436032
1978-03-21,-0.012806220579955539,0.0003620109989144708,0.9199172772481169,-2.062590108752924e-09,0.0,271.61546341129167,-0.00045193491850869133,0.0
1978-03-22,-0.007188431497684306,0.0003603238843928623,0.8984761211158192,9.991325395928939e-05,0.0,270.0091572167061,-0.00038791158483863553,0.00012331908031548147
1978-03-23,-0.0054119028950815155,0.0003586814733548353,0.9073293222545905,0.004708632258540494,0.0,270.46463975708815,-0.0003654024127007878,0.004994888628841175
1978-03-24,-0.004122054677898601,0.0003569611048294326,0.9081125492879002,0.005419576824721644,0.0,270.0789719346328,-0.00026738415814220567,0.0056111134209825605
1978-03-25,-0.009205994296208614,0.00035532854371151686,0.9510918741172316,0.0032642438460541313,0.0,267.41028796481544,-0.0005164225243747572,0.003316758884434781
1978-03-26,-0.011968886574446147,0.0003537042329540361,0.9382473645686207,2.1440855695702936e-05,0.0,269.9255805329864,-0.0003882211575147796,5.5481788060570704e-05
1978-03-27,-0.013589197590862965,0.0003521113240786192,0.9206405036193505,7.677044572129762e-07,0.0,271.95025023408306,-0.00045969207786907587,0.00033138330373386877
1978-03-28,-0.01617448082414724,0.00035048196208005574,0.901219599664548,0.0,0.0,272.8952760893971,-0.000560124089025845,2.2791535491186897e-06
1978-03-29,-0.017543570806751143,0.0003585221908860288,0.8777503751765539,0.0,0.0006344446986071809,273.93246943802484,-0.0007293506730663575,1.7225742112714215e-06
1978-03-30,-0.018677723651888682,0.000361722152111894,0.8486682151895011,0.0,0.0009495999748255574,275.46095794921996,-0.0008856912043555984,1.2844800494349329e-06
1978-03-31,-0.014325485980443363,0.00035835659436586896,0.8162749841837336,0.0,0.0008101590019834917,274.48109483808673,-0.0009806255183819324,0.0002562322034595189
1978-04-01,-0.010851116756261405,0.00041664665364949717,0.7950575086805556,0.0007583063495697948,0.002797663380197213,274.3477617684058,-0.00055288139330802,0.004918170286280612
1978-04-02,-0.014600869078757399,0.00034488005153203416,0.7728802524717515,1.5185398738936517e-05,0.00011306089785812938,271.8420626358349,-0.0011926228075293498,0.00020696172269724184
1978-04-03,-0.01089540965813028,0.0003411280738431856,0.781373449638065,0.00386171686952397,0.0,269.20077924135717,-0.0009730348816025729,0.004014041375569698
1978-04-04,-0.01445368892055447,0.0003396112703334141,0.7876406452301082,1.3716224223206947e-06,0.0,269.3079018781414,-0.000747595387537264,2.661717745355151e-06
1978-04-05,-0.014595629089632951,0.00033810591630342994,0.7802297588571093,0.0005576126487915126,0.0,271.49458486840774,-0.00092922117939945,0.0006562306079592808
1978-04-06,-0.014988173072957725,0.00033660401395485225,0.7738710680025895,1.2226486946903379e-05,0.0,269.50025941378203,-0.0009169900411013832,5.325010131419901e-05
1978-04-07,-0.015036464495173955,0.000335153465890615,0.7712678208862995,0.0009792768896299568,0.0,272.6396177151783,-0.0006492578787571293,0.0012626223307536282
1978-04-08,-0.016196481925619528,0.00035458382240122996,0.755379599590984,0.0,0.001261360564474332,274.53030248236075,-0.0008141040317924684,8.865855844183493e-05
1978-04-09,-0.01139813590016069,0.00033421031499313096,0.7444259155043551,0.0027078741603651967,0.00012026118945940741,269.4907726891297,-0.0012207044193805275,0.002761511984518019
1978-04-10,-0.010230215340010864,0.00033079491833509024,0.771031496439501,0.004001399533728422,0.0,266.25710904755385,-0.0007995443397575179,0.004012684986987411
1978-04-11,-0.015235478174214985,0.00032941567695746985,0.7852695845839219,0.00015510799689481488,0.0,271.5608612211411,-0.0005528611409883041,0.00087203482786317
1978-04-12,-0.016626664137436173,0.0003279550264110673,0.783052778513418,0.001120861388195706,0.0,265.8177483337747,-0.0014633076833718915,0.001316349755470416
1978-04-13,-0.013423474747582344,0.0003265457301490051,0.778141459951742,8.288309988328967e-05,0.0,266.02114448260005,-0.0006556505979286076,8.429632338297548e-05
1978-04-14,-0.01370505517148702,0.00032517793825117213,0.7724984091778484,0.00018346101298170577,0.0,269.6624522954507,-0.000529512905089532,0.00039144634863751083
1978-04-15,-0.01166553837431353,0.0003238729501174668,0.7743673953183852,0.0020612156450074944,0.0,271.86872275760174,-0.0003801619076291047,0.0030042086448996857
1978-04-16,-0.01812320703503776,0.0003250251382084216,0.7750634949535077,0.0002162062726115103,0.0,272.82294285230046,-0.0010376295790413008,0.0032307139557363213
1978-04-17,-0.009304931229453977,0.0003213975894249092,0.7725455361346516,0.005397672012532499,0.0,269.38582545709704,-0.0011453719988549498,0.005842201991889221
1978-04-18,-0.010511162380377451,0.0003197759726626725,0.8120462018891244,0.0028538281718889875,0.0,266.5604905489475,-0.0008369771668971596,0.0028623789083827293
1978-04-19,-0.009511088331540428,0.0003184329318461445,0.8217837806026367,0.0013538582176811952,0.0,267.6173801924998,-0.0003566437237764483,0.0013582648025280474
1978-04-20,-0.014639015209540135,0.00031715614647515077,0.8215083752648307,0.00019295185299242958,0.0,269.8678244430916,-0.0006084071293389057,0.0003720240741126282
1978-04-21,-0.009933693176608976,0.0003159075638668686,0.8224688456332392,0.008194232959363421,0.0,271.46763208895754,-0.0007583852120711979,0.009187917408942316
1978-04-22,-0.009757452491818175,0.00031455442056817527,0.9439014499470341,0.010731814587015217,0.0,266.74059121083405,-0.000738825580620833,0.010808386568003385
1978-04-23,-0.010590077056891502,0.00031328243387621004,0.960893361581921,0.0033528401416405445,0.0,265.6753095206568,-0.000654573315533541,0.0034520956418258864
1978-04-24,-0.015298189163881508,0.0003120056485052163,0.9720806114642184,0.0006251133620570609,0.0,266.85443823216326,-0.00046801728085946236,0.0006306327897444053
1978-04-25,-0.017120853782036885,0.0003107536142155276,0.9588071316649012,0.0,0.0,272.9172559296344,-0.00047700679571615104,2.7285962455016747e-05
1978-04-26,-0.020198747936615163,0.0003850917189808215,0.9312353331714927,0.0,0.0037670296190653817,276.21743719456566,-0.0007912451506587072,0.0021750333449471466
1978-04-27,-0.009893955610229472,0.002085423318006225,0.8933852603431027,0.00241910624133665,0.005223191527407722,274.8663517939393,-0.00040255347003707783,0.014630920587184121
1978-04-28,-0.0017009200686115332,0.0006425890882136459,0.9579783868879473,0.023775146127083882,0.0005989904373379077,272.58803828826734,-0.0002842130781398655,0.030456839560788908
1978-04-29,-0.005525469527406208,0.00041841921833275406,1.0561907349782251,0.005946285454398495,0.001722282609023617,272.9756465092891,-0.00035721102550541616,0.008448974426173378
1978-04-30,-0.006958335680139941,0.0004549019754269703,1.0392061797463514,0.0007594013428789075,0.0011339095226452177,272.8002551199129,-0.0005063847822826461,0.004293202102470437
1978-05-01,-0.0069475292233424,0.0006182391596379253,1.021299545374294,0.002167721789351291,0.0014600964463026512,273.0188785236884,-0.0004798970211528789,0.0060726758954539
1978-05-02,-0.01286147189679119,0.0003400074560089974,0.9990551619879946,6.865939430597812e-05,0.0009868725460801422,272.9533169058532,-0.0006540016044920447,0.001461381713054084
1978-05-03,-0.008224587361354613,0.0003282889976339825,0.9808699038518127,0.0062700086352178615,0.0005630135409912822,272.5627521579549,-0.000551879658537396,0.008748980535457036
1978-05-04,-0.004151811202367147,0.00030405255360791913,1.1474618570503767,0.03710643839785609,0.0,268.6896153322497,-0.0009373875103343679,0.037644045512377225
1978-05-05,-0.00477945173190812,0.00030155092646173164,1.3490735070180089,0.01314414789279302,0.0,267.5117021549893,-0.00035084023713897176,0.013503604807320343
1978-05-06,-0.0037335392277119527,0.0003013136865055494,1.431076710731521,0.01445957751008077,0.0,267.92057387213697,-0.00028647034097526033,0.01517405567184761
1978-05-07,-0.005049890254513693,0.00030106659662925594,1.532322885401954,0.016421418637037277,0.0,267.3464152413349,-0.0003925935275810587,0.01673098944001279
1978-05-08,-0.007516233261022191,0.00030096052056652003,1.5977691248087336,0.010701742886149952,0.0,268.6915042252191,-0.00032124895665605195,0.010919801932034248
1978-05-09,-0.01567435630802381,0.0003008392907805362,1.5777590189500943,0.00029191549467501673,0.0,270.7441652588925,-0.0005707095803345665,0.0003345411716428693
1978-05-10,-0.01674616639896975,0.00030082262168496345,1.5157323575064736,7.677044572129762e-07,0.0,274.21880147326914,-0.0007462103372323986,0.000698311365928953
1978-05-11,-0.014281275540085162,0.0003009451142812179,1.4536206376530134,0.0009076469867242931,0.0,272.8292371243407,-0.0009103358044462689,0.0031265403422932165
1978-05-12,-0.01675014837650256,0.0003007975338542529,1.4315636126559559,0.004388254430502822,0.0,270.01292068495815,-0.001404445765718902,0.0052733961134930896
1978-05-13,-0.0187568741161271,0.0003006946569108694,1.4105459094721047,3.479330637360697e-05,0.0,273.24955972933725,-0.0007303714394401023,0.00037136934908096403
1978-05-14,-0.023276534036727952,0.0007183598091373336,1.3559030076653722,0.0,0.00856610217084319,279.0020436037283,-0.0008123728346689946,6.942870249812879e-05
1978-05-15,-0.029025591741510707,0.0018949999479250723,1.2749324590248352,0.0,0.014753369393490132,280.45305402579726,-0.0011743551467434837,8.583068797918258e-07
1978-05-16,-0.015964365780016795,0.0012706428934625314,1.1979162068914786,0.0,0.010213269667941971,277.66851255628796,-0.0005625839381989112,0.001805759351800805
1978-05-17,-0.0035280833220751274,0.00040524709696150097,1.250565753369233,0.03272674649448719,0.0011514222596661521,272.87426366285194,-0.0003427388620073513,0.03601209575173545
1978-05-18,-0.0016782042165260534,0.00033086664595846405,1.5123166876324157,0.047240385291098204,2.813187696165958e-05,272.1015055381646,-0.00031934960055991085,0.04966173527267693
1978-05-19,-0.005016035026749649,0.00034670136069173867,1.7029263771186443,0.015760900821052703,0.0005717578075699887,272.55011420600164,-0.00038922055082469344,0.01757690645534774
1978-05-20,-0.0171350089170165,0.000539583843306633,1.6681632349046611,8.233392474341528e-05,0.0033348275737910623,274.2956700477672,-0.000592850832700056,0.00017976161452589742
1978-05-21,-0.020873131935542587,0.0007294256471644686,1.5833590807438795,0.0,0.005670740758463488,276.6910096974921,-0.0008131287371118864,4.351138613856165e-07
1978-05-22,-0.023047091597217625,0.0012770097302851704,1.50237014109581,0.0,0.009450051638871264,277.5772612189169,-0.0008047156320032427,0.000424435377876158
1978-05-23,-0.018919253500841435,0.0037463644130081783,1.4251131966513655,0.0,0.012255948773548428,277.5067779160264,-0.0004641450099689139,0.002629497916582668
1978-05-24,-0.026028669528705254,0.0027588531795868093,1.3418587147628296,0.0,0.013163431110860265,278.71414376382774,-0.0010434463567568757,0.0012108643235347637
1978-05-25,-0.024956229632183656,0.0005398371630469285,1.2870810988259183,0.0,0.0025164023841505,274.8630045443605,-0.0014886470395798063,0.0006753736633365437
1978-05-26,-0.02363523752507517,0.0005172601359038704,1.2470310017213986,0.0,0.0009209351814062583,274.64648758265037,-0.0015271636578491178,0.0003721431822864078
1978-05-27,-0.017205723050960714,0.0008635988174858741,1.2136492540607344,5.110845727435613e-06,0.003260668682850013,274.6946957403208,-0.0008874530351515546,0.0019323210811665707
1978-05-28,-0.015162711215894777,0.001415891751731183,1.1803026792019775,0.00014244673489514044,0.004374726743853026,274.56177187414943,-0.0007442606160532958,0.003833436470539527
1978-05-29,-0.019232526379453264,0.0013219383308442974,1.1411397183233287,0.0,0.004707880360258501,275.8889847951196,-0.0009578385806016329,0.0012549942327758014
1978-05-30,-0.008952887886661594,0.0007285774595993387,1.142098349590984,0.00948984104361238,0.0008013497217226837,271.8551892569734,-0.000974913196122579,0.01150233693374246
1978-05-31,-0.008312418678049315,0.000722257262569363,1.1976049390889831,0.006556797835786465,0.0,269.78804168413814,-0.0008301662786279697,0.007105240983476673
1978-06-01,-0.01149461898258177,0.0007707530495810645,1.2270641147304615,0.0029154753280898277,0.0,271.17199546109936,-0.0005497102662500016,0.003406068911795432
1978-06-02,-0.01591804312110621,0.0008096735356217725,1.2170794068532254,5.901026102782644e-05,0.0,272.424289811129,-0.0006260584387402078,0.0007678864645087696
1978-06-03,-0.014438520759175729,0.0009205609896762223,1.1924653421463043,0.0,0.002076958827042984,274.0868639613725,-0.0004862503669524597,0.0014248245665605494
1978-06-04,-0.0127621237925217,0.0011369894958485319,1.1612514344985878,0.0,0.004522547146863183,274.5751730636913,-0.0004871204274438196,0.0007118881061846827
1978-06-05,-0.0158933745854992,0.002394175630504802,1.1268142728931263,0.0,0.00774934607963104,275.2795609799258,-0.0004182592202714608,0.0012105570023631745
1978-06-06,-0.018786105185242027,0.0031483958838349683,1.081072848619939,0.0,0.012308204956984117,277.50973429922334,-0.000432019369245249,0.0006888256983342664
1978-06-07,-0.011974361993498722,0.006693813592027136,1.0315116120821564,0.0,0.014092122009918516,276.8933057228275,-6.198976715069034e-05,0.008843222361454506
1978-06-08,-0.018080966368233416,0.0043112280341864985,0.9895033324505651,0.0,0.010555008373691539,276.6821866188122,-0.0005313289998951606,0.0037794147056840464
1978-06-09,-0.027236517623992967,0.00618721098549622,0.9409490035752119,0.0,0.017399439703946733,280.46922577392814,-0.0008590953834986283,7.291914630835078e-05
1978-06-10,-0.02249258857662395,0.004396364008639492,0.8838681438323919,0.0,0.012229453561838065,279.1735860461794,-0.0009432874809382325,0.0007930338488854997
1978-06-11,-0.013841340434079792,0.0036323998270735235,0.8692587872233993,0.0048408615639654266,0.0036096653064428756,274.55025505525697,-0.0008142085188189469,0.008905777089641643
1978-06-12,-0.024508641769657027,0.004061496779743561,0.8696567226488937,0.0,0.004898537665942295,276.1315217314467,-0.0011627372869916555,1.3070020694443484e-05
1978-06-13,-0.023314213853771405,0.00902104546121285,0.8270263671875001,0.0,0.017815146132209206,280.8313511958006,-0.000603696583943852,0.0005994402277181862
1978-06-14,-0.027851845837582302,0.010360351558459008,0.7672792711275894,0.0,0.02078662711684987,282.54183440917853,-0.0007658378868284873,0.00029521047592892617
1978-06-15,-0.02476501506937426,0.015495916881130242,0.7071804470486112,0.0,0.020037629257487713,282.2465580546923,-0.0006243326190838033,0.0037043411010166754
1978-06-16,-0.01710746513079789,0.010615241056108206,0.6546433156044021,0.0,0.013872081613810051,278.4376395309937,-0.00038057001633832685,0.0023562542293355153
1978-06-17,-0.013397997087341247,0.009499967434985492,0.6304936238376884,0.0012851565192311498,0.007797191245744458,275.7105093810518,-0.00041717676035428453,0.005625300432060199
1978-06-18,-0.028289298048127173,0.009424214898529699,0.6072593444709276,0.0,0.010361699019111483,278.9713818788977,-0.001289026401305603,4.4920602647059145e-05
1978-06-19,-0.023096881091257945,0.010147637819166238,0.5689193811793786,0.0,0.009829742507745992,278.65870052272993,-0.0011221399993798827,0.0038751563152324433
1978-06-20,-0.01799248579868489,0.007846312081746463,0.5558164779749295,0.0016554907427332494,0.007090849622999882,275.8238898455087,-0.000679988029944358,0.003151298343793561
1978-06-21,-0.025896501827374692,0.01194675856054166,0.5246772837953155,0.0,0.016238199115473,281.21758675440554,-0.0010845276427134283,0.0018514322358441219
1978-06-22,-0.02631795267432423,0.010632079031507848,0.47818504663959516,0.0,0.015397639871485493,281.8058748981598,-0.0011495680122052211,0.0002808591402506961
1978-06-23,-0.029691840758768184,0.010893501130874547,0.4388262215307204,0.0,0.014646180100360158,282.55805945171926,-0.0012437205361781147,5.254501336668838e-05
1978-06-24,-0.02695629387925574,0.011592571092190718,0.3988250904837571,0.0,0.013598214035148676,283.51677487260207,-0.0014643557738028678,0.0005133292111116592
1978-06-25,-0.01574728221206342,0.017850613526705295,0.3637463126029897,0.0,0.011697171329610092,280.50014794344287,-0.001408125779007451,0.011809175101012124
1978-06-26,-0.020491203093259348,0.013216782592784214,0.34439598413959516,0.0,0.004986239776099469,277.54342677588744,-0.001531461979878151,0.004012841289326296
1978-06-27,-0.024460830257437324,0.012865656092342012,0.3243003600959275,0.0,0.009738336764486497,280.6542292593114,-0.0014906088258587037,0.0003451324381041102
1978-06-28,-0.027730162239680858,0.013984008613279312,0.29720902667431737,0.0,0.012132496904518647,284.34184903433993,-0.001438700378277881,0.0008932982965028083
1978-06-29,-0.024795962466021716,0.016329957435360063,0.2666362755267185,0.0,0.01370250722025074,285.5952216038821,-0.001342740483413645,0.00212806968006191
1978-06-30,-0.027093963434467207,0.016090271752432914,0.23604421382121002,0.0,0.011950962329651676,285.9907329401278,-0.0014019074434109327,0.0009627916584995034
1978-07-01,-0.02926032552442982,0.014536100255567475,0.2106699108403955,0.0,0.009673829448256791,284.25428241075997,-0.0016137337217391548,0.00030224384617322654
1978-07-02,-0.023970597502538712,0.01747728555889453,0.18624757238700565,0.0,0.012194721796418315,285.2632896437708,-0.0014661018983960824,0.004064036415302467
1978-07-03,-0.024721728711478454,0.019225775606214666,0.15725185013535783,0.0,0.012368515638981836,284.8724229349255,-0.0014001265652267274,0.0030792862102538812
1978-07-04,-0.027381244310214697,0.0135646448128641,0.1305409806820857,0.0,0.010093810510332302,283.84311204396624,-0.0015095099280614639,0.00017614024506626495
1978-07-05,-0.029191057897556976,0.010141534152004006,0.11355228747351695,0.0,0.004499315057939056,281.2326290324583,-0.0018615182910093483,1.1163764731520267e-05
1978-07-06,-0.01792280321235711,0.01305337637494513,0.10010271377707158,0.0,0.00761707087105277,281.0479873685963,-0.0012261048275030266,0.007636140112443155
1978-07-07,-0.021638406072295994,0.01057987900103553,0.08302390463159134,0.0,0.007904955180688093,280.5217045318834,-0.0016280496861301572,0.0020329888248508243
1978-07-08,-0.023840500347021613,0.00988098802202839,0.06479174942620057,0.0,0.007412890782632397,283.25220103362636,-0.0016526721396857064,0.0023872415898096226
1978-07-09,-0.008200178838382333,0.017640124017235925,0.04789891934439736,0.0,0.008415815162625016,280.8297343927589,-0.002077441967729122,0.016146804417656372
1978-07-10,-0.02468428832326232,0.017860579036049925,0.03090218007003296,0.0,0.006065481589675624,283.019224809837,-0.0026254826409500202,0.004078942067338685
1978-07-11,-0.03355737628236329,0.009432768670179077,0.01881951800847458,0.0,0.004462212892407078,287.14808482369466,-0.002547816694372118,0.0003575910045069603
1978-07-12,-0.03193156880005605,0.0077835999134570205,0.010183790533780605,0.0,0.002279570757669244,284.1106590048293,-0.0025375842374596893,0.0011977871595802954
1978-07-13,-0.0321504487998068,0.0067825282024124925,0.005992709804613938,0.0,0.0014398079891662816,284.61414966475496,-0.0028375169935788815,0.00022069944832451592
1978-07-14,-0.03159799401537847,0.006100811106336992,0.0030414128707627122,0.0,0.000960124225097861,286.80089814424963,-0.002690384048694945,0.0001960829658009171
1978-07-15,-0.03395309926426344,0.0055715729624538106,0.0013967970221280604,0.0,0.0005073152735071667,288.263889427688,-0.0025847624029732698,0.0013593458603942687
1978-07-16,-0.030835630782579976,0.005231150462802521,0.0005406956214689266,0.0,0.00021678489227752902,288.11479370921796,-0.003913271945959094,0.005359682195885745
1978-07-17,-0.03012826769365429,0.004763318657201562,2.2528984227871938e-05,0.0,6.832643333127944e-05,286.8727384700165,-0.0026683102672298755,0.0011277179259697328
1978-07-18,-0.029811600086379186,0.004493851614537213,-7.3453647229951e-24,0.0,2.5116243941635736e-05,284.1629879263611,-0.002693889820474689,0.0036508966309355797
1978-07-19,-0.01584503951214128,0.004246225549002825,-7.3453647229951e-24,0.0,1.2077875224883947e-05,283.0259798771918,-0.0021264076780127938,0.005148140593314308
1978-07-20,-0.012844578147271258,0.004311357430145565,-7.3453647229951e-24,0.0,6.294267325751526e-06,282.50926749091144,-0.0024745293635096257,0.009139962315318158
1978-07-21,-0.0041868613433029694,0.005350299895146473,-7.3453647229951e-24,0.0,2.4282578694618355e-06,279.80399133570904,-0.003371085324403593,0.027384770792082878
1978-07-22,-0.020460983664639255,0.00366888931915585,-7.3453647229951e-24,0.0,1.2261045854643915e-06,279.6383924214854,-0.00252304191432767,0.0011313974183490452
1978-07-23,-0.028286326950216028,0.003551958307708051,-7.3453647229951e-24,0.0,8.560380356459969e-07,283.43942418430714,-0.002526656335146077,2.2357590494600333e-05
1978-07-24,-0.033921610122009865,0.0034576038182792023,-7.3453647229951e-24,0.0,5.185730376486051e-07,286.8284823387132,-0.002804558576837098,0.0006708234547545545
1978-07-25,-0.03192634013413036,0.003360027984037238,-7.3453647229951e-24,0.0,2.3886056269629526e-07,287.74089022634615,-0.0027903718821241357,0.0008818546772616527
1978-07-26,-0.029240577571136128,0.0032648517418715915,-7.3453647229951e-24,0.0,1.0479220562735521e-07,286.1730037265354,-0.002900743425565925,0.0010374309092424864
1978-07-27,-0.0344124081528793,0.003158055877281448,-7.3453647229951e-24,0.0,4.434568733818788e-08,288.39155041251036,-0.002987077912199969,5.21450653160959e-06
1978-07-28,-0.01966638261147138,0.003242491497158331,-7.3453647229951e-24,0.0,1.5469425815646933e-08,287.37505713784316,-0.002743514107361352,0.01056104477516002
1978-07-29,-0.016093514312458576,0.004350551777640305,-7.3453647229951e-24,0.0,6.187770326258773e-09,284.02902145529424,-0.0027701263605369687,0.016235201540583003
1978-07-30,-0.024801024146335948,0.0029308831287642658,-7.3453647229951e-24,0.0,2.062590108752924e-09,284.0111285818499,-0.002898761160713805,0.0019254927918012637
1978-07-31,-0.024703872069127143,0.002920219874651419,-7.3453647229951e-24,0.0,0.0,283.74772974865584,-0.002770578173004975,0.005468076501743668
1978-08-01,-0.021956499939584467,0.0028205103961761392,-7.3453647229951e-24,0.0,0.0,283.205780532176,-0.0026601359595434144,0.0034543747117313597
1978-08-02,-0.008559430091731293,0.0029068238149255006,-7.3453647229951e-24,0.0,0.0,280.267871001795,-0.0028752776673116255,0.011829477127594273
1978-08-03,-0.020093438989025054,0.002714715687568579,-7.3453647229951e-24,0.0,0.0,280.1589345411168,-0.0025568641616968116,0.002118751743419022
1978-08-04,-0.02847495384640613,0.002614193801152504,-7.3453647229951e-24,0.0,0.0,282.31275943174205,-0.0023514426992101187,1.2927303530265257e-06
1978-08-05,-0.03151390495273353,0.0025922086110896315,-7.3453647229951e-24,0.0,0.0,285.5834972755159,-0.0024995580683909568,0.0019074847638165212
1978-08-06,-0.025540841080374636,0.003926461699318751,-7.3453647229951e-24,0.0,0.0,286.2716876854331,-0.0026855084013804207,0.008065764496464487
1978-08-07,-0.028981411524411648,0.002469865447383816,-7.3453647229951e-24,0.0,0.0,286.150140848537,-0.002534857624878654,0.00035591389825195894
1978-08-08,-0.02607587228218715,0.002478599969276601,-7.3453647229951e-24,0.0,0.0,285.2209247689687,-0.0026660710994133173,0.004283088917169464
1978-08-09,-0.025162969942146778,0.0024287640038183184,-7.3453647229951e-24,0.0,0.0,285.1038712144122,-0.002745182416533346,0.004303894305633287
1978-08-10,-0.028729806427901752,0.0023702608663483528,-7.3453647229951e-24,0.0,0.0,286.02825568175814,-0.002519792782426891,0.0033428589001545913
1978-08-11,-0.032480204341101784,0.0022731846840368156,-7.3453647229951e-24,0.0,0.0,287.1932002820089,-0.0027637879106368725,1.3332026724141655e-05
1978-08-12,-0.03438824427835012,0.002227005396185622,-7.3453647229951e-24,0.0,0.0,288.8121410520737,-0.0027080945102340086,0.000122069776509273
1978-08-13,-0.03165383363342555,0.002239644022311195,-7.3453647229951e-24,0.0,0.0,287.256357318713,-0.002538396840083734,0.004130927048058213
1978-08-14,-0.006686204234085514,0.0036669062019067974,0.0006459841395951037,0.0008572273293120712,5.039672688239039e-05,279.7910795876311,-0.002811916161981006,0.02344350831660075
1978-08-15,-0.0181188295032345,0.0021347450671222925,0.004186942752471752,4.202779908638217e-06,0.000433470096207608,278.72002853063094,-0.002656174807856649,0.0017185119416290755
1978-08-16,-0.024983780658514487,0.0021342867511813927,0.0021770355167137477,0.0,0.00020390164927910955,282.3151903170426,-0.0022746298704191116,0.004193894034720151
1978-08-17,-0.017852333642668645,0.002120415958981056,0.0008538025247175142,0.0,7.850759909988125e-05,279.37175453315353,-0.0026505126139033316,0.005474897520328709
1978-08-18,-0.017550325915638338,0.0020301641717468955,0.002687156088159134,0.0008645845671831551,0.00023757598999529908,276.1831060937569,-0.0018571882303488458,0.002453838532927346
1978-08-19,-0.02594588174995056,0.001993386001236695,0.003803260357815443,0.0,0.0002774900551569664,279.00118275371204,-0.0022309238964554954,0.000591436163146186
1978-08-20,-0.03238350615999793,0.0019554806462788988,0.0025512925200094167,0.0,0.00019912819488573884,283.4279385403276,-0.0024865375421309877,5.149885085519086e-05
1978-08-21,-0.034144327591704784,0.0019248334196327772,0.001187369423846516,0.0,0.00010164391438839801,285.54112662478803,-0.002544888995040608,0.00021522982973497452
1978-08-22,-0.0299121684863069,0.0019356605865187566,0.0003379347634180791,0.0,4.536974228034586e-05,286.0316014945395,-0.002646789554569681,0.003552281704897315
1978-08-23,-0.034179732077202554,0.0018677480813473633,-7.3453647229951e-24,0.0,1.2519795679103185e-05,284.1461736280366,-0.0025625348059555232,0.0005454264454922434
1978-08-24,-0.03593786431234435,0.001833859978422607,-7.3453647229951e-24,0.0,3.876701249914654e-06,285.54863379095906,-0.00256673779633254,0.00014370050133460997
1978-08-25,-0.03524991962532539,0.0018018551465481688,-7.3453647229951e-24,0.0,1.4737627263796534e-06,286.2582608095446,-0.0025146453099398965,0.0
1978-08-26,-0.03163085166512237,0.0017715508991715601,-7.3453647229951e-24,0.0,5.841339375339659e-07,285.1632074259095,-0.002199835975333459,8.203057245877504e-05
1978-08-27,-0.019979033387650207,0.0018018482431853562,-7.3453647229951e-24,0.0,2.457639255092642e-07,282.08845482303593,-0.0020068182404768668,0.0052039128094094654
1978-08-28,-0.021678568953174656,0.0017243239839198226,-7.3453647229951e-24,0.0,8.715495551373325e-08,279.455372090169,-0.00201933344794532,0.0010694000405259763
1978-08-29,-0.021809105061541847,0.0017553721107332046,-7.3453647229951e-24,0.0,3.798954230917376e-08,279.58063679136575,-0.002175152617490898,0.005704065400073877
1978-08-30,-0.023491809555029466,0.00165754691355646,-7.3453647229951e-24,0.0,2.125730622286177e-08,281.18417191370736,-0.0019089444040578636,0.000435151454419066
1978-08-31,-0.025002203923834246,0.0016346570462156824,-7.3453647229951e-24,0.0,8.250360435011697e-09,284.7088852036471,-0.0021275987185664096,0.0010464255754880848
1978-09-01,-0.0278062599442773,0.0015967772842127054,-7.3453647229951e-24,0.0,3.0938851631293867e-09,283.7455642578068,-0.0020190511309241843,1.6451747981945874e-05
1978-09-02,-0.028637445158204114,0.0015683101732178598,-7.3453647229951e-24,0.0,0.0,285.5241096589974,-0.002115130287695066,2.5805512180053136e-06
1978-09-03,-0.030348787915571936,0.0015413282112886678,-7.3453647229951e-24,0.0,0.0,286.7789441412227,-0.0019908901935411713,0.0001309002186618956
1978-09-04,-0.02996679307040522,0.0015141990898692678,-7.3453647229951e-24,0.0,0.0,287.39691661037295,-0.002126910187051458,0.00015933961508971805
1978-09-05,-0.030866272242392523,0.0014865234241647238,-7.3453647229951e-24,0.0,0.0,287.9890480041504,-0.0020710107644146447,6.157021471539092e-05
1978-09-06,-0.03172169381615806,0.0014595093026673054,-7.3453647229951e-24,0.0,0.0,289.10792796894657,-0.0021188834808388,3.4656423066567485e-06
1978-09-07,-0.03009185826374313,0.0014333219851477674,-7.3453647229951e-24,0.0,0.0,289.1092699341855,-0.0020009752120927903,9.941953718739704e-06
1978-09-08,-0.028941060526896333,0.001409988366277878,-7.3453647229951e-24,0.0,0.0,286.01459522570593,-0.001773723979917287,0.0003341425946763141
1978-09-09,-0.03131371555523684,0.0013831693910609532,-7.3453647229951e-24,0.0,0.0,283.3885750671789,-0.0017342713929839055,5.74915422558111e-07
1978-09-10,-0.034334861626059324,0.0013587064830596837,-7.3453647229951e-24,0.0,0.0,285.23894635072986,-0.0017708827304722227,1.7611673991299608e-05
1978-09-11,-0.009495253027495692,0.0015180652256065845,0.002381175700329567,0.004532387932646747,3.9007998792465124e-05,278.97527939676115,-0.0017004539022001171,0.020657147458171952
1978-09-12,-0.0030556648211964104,0.0013375604725153433,0.10669451065207157,0.021257203430105738,2.3250767992714707e-05,271.90970487648485,-0.0007406526197821408,0.023835019741982717
1978-09-13,-0.007585886297589641,0.0013032828347157624,0.18852345956920905,0.003451402977866642,0.000717390349692544,271.40487458611614,-0.0008770568496258245,0.003732700547624194
1978-09-14,-0.010897647736772981,0.0013607379238484273,0.17049889286134653,0.0,0.006050808050033064,273.6145513071179,-0.0008522355665931594,2.139803882528213e-06
1978-09-15,-0.014531823580211167,0.0013796659344333714,0.12418366915313091,0.0,0.008053802900900275,277.0288050304923,-0.0011849658363788141,4.5001788251397556e-07
1978-09-16,-0.010011308652869727,0.0013562124327751205,0.0697704250529661,0.0,0.005719842757545622,277.71462127268876,-0.0011756767881876333,0.0021249587420340173
1978-09-17,-0.00595487645790402,0.0012618894294156868,0.05846524283486347,0.0043624357904418045,0.0011811033101741877,274.64078963184534,-0.001078563937022861,0.0069206102082730965
1978-09-18,-0.004369812075701138,0.0012809102144618492,0.11446976886181734,0.012408737703568519,0.0009076417776319266,272.89314190636475,-0.0008064075083719136,0.017055228082942533
1978-09-19,-0.005927419090001597,0.0011828093037093428,0.16387537149835216,0.003981338971752232,5.598085285243342e-05,266.88535431684073,-0.000791515007951839,0.003988314954506287
1978-09-20,-0.009840506323650059,0.0011854713919472561,0.17704701109345578,0.0007097390874967737,0.0010143550228601124,266.2876342407055,-0.0010174895231585717,0.0007220825738152542
1978-09-21,-0.01404893566659615,0.0011909821275937356,0.1633997340660311,6.523151687309568e-07,0.002113878558584526,269.75928685894127,-0.001299288076490669,6.535464087448552e-07
1978-09-22,-0.01816228701401565,0.0012146362477103198,0.13954843639653955,0.0,0.0042183728583451725,275.95489768119853,-0.0016044676198629338,0.0
1978-09-23,-0.018443777567922735,0.0012231031380130748,0.10487288135593222,0.0,0.0052772967492119745,278.3906229884835,-0.0013857006153228594,0.0
1978-09-24,-0.019575551615259743,0.0012005463158343472,0.06930904065148305,0.0,0.004548573855963131,279.364500828831,-0.0013468389236236697,0.0
1978-09-25,-0.019982996465122634,0.0011674271801770744,0.04072573674376177,0.0,0.003322573241877691,280.66385834544843,-0.0013941239649798238,1.6212396027604065e-05
1978-09-26,-0.019514957937480367,0.0011417896902493837,0.0217986313412194,0.0,0.0018064168171357303,281.11727111442843,-0.0014615451159366106,0.0011997322241465251
1978-09-27,-0.021461903333327193,0.0011040797341341352,0.011470241510710924,0.0,0.001015083517058421,281.724478536631,-0.0015299029248414069,0.00016850485640057064
1978-09-28,-0.01873062012222527,0.0010833210695934837,0.0062554713247410555,0.0,0.0004098163970277808,282.24871926388505,-0.0012191680738818174,0.00024724921573607457
1978-09-29,-0.013504158095114651,0.0011096519265471206,0.005598452580626178,0.00027586869095678384,0.00020455233331790752,276.6229591297789,-0.0015200384034864645,0.003129326112785896
1978-09-30,-0.018798743432524516,0.0010617890600430765,0.004876835422551789,0.0,0.00029019215854547795,278.22096797706047,-0.0012955167041407468,1.7106531231547706e-06
1978-10-01,-0.011055199566197261,0.0011599521010608998,0.0032207251942090393,0.00026550813246581514,0.0001363216630988202,278.26153718549654,-0.0020567702318904763,0.007874748456515911
1978-10-02,-0.011066402924262872,0.0010512188329535018,0.014397860022363469,0.003710015745317869,9.900432522014037e-07,272.21624254776265,-0.0013031966163445327,0.004802467067193481
1978-10-03,-0.015982173467423283,0.0010408040999019216,0.027650190163017892,7.367761290006046e-06,0.00035323571982020044,273.39499533198875,-0.0009753113602009198,8.028223587348423e-06
1978-10-04,-0.0153623129014915,0.001029873971885207,0.02619477180437853,0.0005492007117823693,3.765432932282572e-05,274.5241034376644,-0.001067322926164347,0.0007983579137230999
1978-10-05,-0.013171640198446263,0.0010254211344961394,0.02596879229931733,4.042024161182555e-06,0.0002560934820080881,272.1041214901624,-0.0007322029352693234,5.180918418577959e-06
1978-10-06,-0.014628296055025976,0.001028654602287853,0.022788297434086634,0.0,0.0008086191837565374,274.4986372766298,-0.0008334095805546659,4.261732051702438e-07
1978-10-07,-0.016434170768759346,0.0010218504121748068,0.017241109786958572,0.0,0.0007929272507711994,276.6846298569789,-0.001071574887271318,1.3147538664650783e-05
1978-10-08,-0.01674379951367944,0.0010136080495381761,0.011710703934204331,0.0,0.0005123815420320478,277.8986109609658,-0.0010813319013785508,0.00037542551831810705
1978-10-09,-0.0154229401279304,0.0010011041231748074,0.008448828860640302,0.0,0.0003769410047995843,276.6750889435102,-0.001005939286896738,0.0
1978-10-10,-0.0180724208048508,0.0009927406991268957,0.005739143788253296,0.0,0.0002793949307863322,278.5867744740344,-0.0011081617946426077,8.548876166969421e-07
1978-10-11,-0.019772029865933006,0.0009841390248745848,0.003908778763535781,0.0,0.00010612072412577053,277.9695877391291,-0.001089000779777597,0.00012252422201421888
1978-10-12,-0.012132095793883005,0.0009817033164245261,0.014612115260122413,0.003691634510533285,2.3553516231687733e-07,272.110592330243,-0.0009896434412080017,0.004484964898745634
1978-10-13,-0.013273820070560369,0.0009710264239607558,0.028307668682321097,0.00023514846876516185,0.0001376421627520168,269.6513791775748,-0.0004092481534528194,0.00023728970999744464
1978-10-14,-0.013242572293443196,0.0009729032125850183,0.02542074027483522,0.0,0.0006206844023055276,273.5174815003706,-0.0004806039107721404,0.0
1978-10-15,-0.013764653165461655,0.0009681910781537073,0.020419305776247645,0.0,0.0007076290683389383,276.96573334314957,-0.000747489721887866,4.351138045421976e-07
1978-10-16,-0.013464438039704232,0.0009596805788029386,0.015027752030367235,0.0,0.0005809374700831828,277.79484816369813,-0.0008128123399985714,8.564894642404397e-07
1978-10-17,-0.004226699261005316,0.0009943208957122545,0.01307094882886064,0.0007910395072678387,0.0002026914981967312,274.99342584699787,-0.0010454446908696896,0.005066041252661883
1978-10-18,-0.005509711802005768,0.0009573730035016766,0.02975320187441149,0.002663906263766316,0.0008508357624549651,273.848199467201,-0.0008202789582859327,0.0032008700956391487
1978-10-19,-0.012750363703501428,0.0009490178298141997,0.026479142758356878,0.0,0.0010326387792152201,276.96581733832926,-0.0009189248926895488,2.5664471791394346e-06
1978-10-20,-0.015224475518795058,0.0009359771248984473,0.01967561940913371,0.0,0.000560003495906706,277.68186965769974,-0.0008964122267766188,0.0001533927047757508
1978-10-21,-0.009689462302768298,0.0009369723035790827,0.01635489311146422,0.0009916114941828668,0.00020377279001440707,274.51487502046,-0.0009688363005380847,0.0024862794046671913
1978-10-22,-0.0070289099367998415,0.0009153193168047459,0.0506669958657015,0.0063365617251328835,0.0,270.4453056069642,-0.0006655056113745534,0.006651977866382923
1978-10-23,-0.011357968599446077,0.0009266316553967148,0.059298355476106415,1.9048019654333257e-06,0.0011653660212532948,271.95051794896244,-0.00046915393638408793,2.3449038705446503e-06
1978-10-24,-0.009263305340783071,0.0009178296994354767,0.0497593996439501,8.23973809595162e-05,0.000968928927671438,275.48821495257306,-0.0005863677068366171,0.00010594468798962416
1978-10-25,-0.008195380411915861,0.0008970193438610789,0.072306774879355,0.0053336658425587056,6.275030515961729e-06,268.2291573059312,-0.0005526075949945019,0.005478631069351617
1978-10-26,-0.01149816533266488,0.000908942966811401,0.075114392066855,0.0,0.0011086850558633858,270.08775239430804,-0.0004892355609832511,0.0
1978-10-27,-0.012213878775552169,0.0009077274698322102,0.06456324115760359,0.0,0.0013359616073848166,272.27379623240677,-0.000400095851828823,1.2875358379460522e-06
1978-10-28,-0.011554438410337362,0.0008912962035270734,0.054399220956920916,0.0,0.000680909213204842,272.3845405111654,-0.0004358317934523869,2.273552376219686e-06
1978-10-29,-0.01514697424267645,0.0008808875319647924,0.04831018825035312,1.4063497047639837e-07,0.00019661866465194076,274.6621158010767,-0.000900487999542285,0.0005053964874036223
1978-10-30,-0.00969868826832475,0.0008710479668978245,0.05096975782721281,0.0007890522437917311,0.0,267.88561990525994,-0.0006987620460785042,0.0011134526822850395
1978-10-31,-0.009845970503691227,0.0008776991885934173,0.04887847038312148,0.0,0.0007990143961657239,270.54663382636176,-0.000265113546349908,4.351138045421976e-07
1978-11-01,-0.012563878070499938,0.0008764703058253574,0.041742069797551795,0.0,0.0010290743393749841,274.25087106564627,-0.00029782379982666785,4.261732087229575e-07
1978-11-02,-0.0115580743147155,0.0008694028618645535,0.03396566214983522,0.0,0.0009073950350284578,274.9045641911681,-0.00039608818136871205,8.584159232327693e-07
1978-11-03,-0.010878352458867651,0.00085941874711527,0.02728351945032957,0.0,0.0006179346750348302,274.74837970554046,-0.00041183308398319503,0.0
1978-11-04,-0.014876844982306164,0.0008458751069623872,0.02333634945856874,0.0,0.0001211795366584918,276.3167145472238,-0.0007957473744527768,8.642672355563263e-07
1978-11-05,-0.010333201011358682,0.000839092300436591,0.025960976121115822,0.0013484444658635028,6.750583817056345e-06,269.45625750582997,-0.000326138363340817,0.0013802311177526355
1978-11-06,-0.009498504343005898,0.0008352546200240399,0.02964722369350283,3.367494055106815e-07,7.93229641213929e-05,268.7893201824411,-0.00019843722719930663,1.1865701029392835e-06
1978-11-07,-0.009840474458737562,0.0008414324562428362,0.02685914695150659,0.0,0.0007291516594294101,274.26551284359005,-0.00017047832893618084,1.2904405366498395e-06
1978-11-08,-0.007062261050703836,0.0008287928198690469,0.022030587923728816,0.0,0.0002568031392865262,276.6587893599171,-0.0002891447994921167,2.1984011390215832e-06
1978-11-09,-0.004404531949657505,0.00082334152049264,0.05086102099517421,0.014426694709365652,0.0,271.10349525121194,-0.0003994080148595201,0.015011997209430417
1978-11-10,-0.0017417551013035966,0.0008152650069382231,0.2741558987317561,0.017235752573962943,0.0,257.64272625522653,-0.00025530652495595697,0.017239094807598294
1978-11-11,-0.001872822347670625,0.0008107276454483723,0.36816705103872416,0.004324048820693614,0.0,257.6821245599377,-0.00019985470015787137,0.00432833020632726
1978-11-12,-0.0007284732777520089,0.0008061703315562448,0.3463240513918315,0.004497851692350572,0.0,265.60453946172856,-3.39008888787469e-05,0.00450211623620723
1978-11-13,-0.0014892319417269219,0.0008017090754320394,0.3543514962923729,0.004399543785947865,0.0,260.2069577649938,-0.00020573260841396572,0.004404221550892975
1978-11-14,-0.0034246759983779353,0.0007972262673458811,0.32798315935440214,6.860538812006934e-05,0.0,257.2737925685732,-0.00017263081535107673,7.00370066128746e-05
1978-11-15,-0.0056423392504622045,0.0007927980126634157,0.31138435550553206,0.0,0.0,263.4168962561254,-0.0002518787001401691,1.7217120102941408e-06
1978-11-16,-0.005746617534403074,0.0007883713575406264,0.30580314449446805,0.0,0.0,265.12443176815515,-0.0002951528350848936,2.1412549244814727e-06
1978-11-17,-0.0040990889577542326,0.0007839795559813074,0.30043917725988706,4.1288634141286216e-05,0.0,263.170307629975,-0.0002356751237885427,4.534948516651393e-05
1978-11-18,-0.0018967817732169806,0.0007795976043420998,0.2982076583833569,0.00048826213947123734,0.0,262.49185012199564,-0.00014401969136828085,0.0004928682733574184
1978-11-19,-0.0012502247246645266,0.0007752454550252796,0.2995097417166902,0.0002327973896500755,0.0,261.13536106260483,-2.3827719696834264e-05,0.00023583855461266074
1978-11-20,-0.0016074767809803206,0.000770904755188247,0.2991260593220339,0.00017717912119660672,0.0,260.865259856603,-1.799969770814066e-05,0.00018104488175451304
1978-11-21,-0.004673346456161327,0.0007665757573930559,0.2957232631532486,6.799643996071681e-06,0.0,265.3688675580501,-0.00022261147781953974,9.070311494277552e-06
1978-11-22,-0.0038432701580268518,0.0007622550099582996,0.290349870527307,6.489390454723337e-05,0.0,265.36388372432043,-0.00021687786668370674,6.838866829350267e-05
1978-11-23,-0.00394856117371112,0.0007579606131645246,0.286811210790372,0.00010673190324993457,0.0,264.4242053777261,-0.0002465390384533985,0.00011288523389190376
1978-11-24,-0.004610071411240572,0.0007536861687730262,0.2828982940501413,0.0,0.0,263.51648054104965,-0.00015739492524815144,0.0
1978-11-25,-0.00336487856456789,0.0007494133239412038,0.2788488240789784,2.267796777735996e-07,0.0,263.0308022723584,-0.00017879842806838998,1.1434661790339162e-06
1978-11-26,-0.0014896750618508983,0.0007451471299101405,0.2788656058733522,0.0012053425113360088,0.0,262.482166979946,-0.00012343477373574416,0.0012106783053843567
1978-11-27,-0.0021607821944069727,0.0007408958370402708,0.2995039945268362,0.0011549981174159185,0.0,261.7591940454171,-0.00018443972251172794,0.0011585809052410512
1978-11-28,-0.0031827218872679153,0.0007366642440106237,0.3045566939589219,0.0031936242965991896,0.0,264.6553399648146,-0.0002633376878365285,0.0032009497604667822
1978-11-29,-0.002467448091776358,0.000732412951140754,0.35348780860110646,0.003287275526988304,0.0,261.68754598470287,-0.00013739503078204765,0.0032931288005212506
1978-11-30,-0.002507192351050296,0.000728239363196206,0.36156352989642193,0.0017081313677090038,0.0,261.7934274691422,-0.0001127457004145714,0.001714969455756764
1978-12-01,-0.0011625287812308403,0.0007240210717680763,0.3956096527042138,0.006604546923085122,0.0,262.9960170178315,-0.00016682069895967926,0.006611927788034051
1978-12-02,-0.000912345482804681,0.0007198408330227695,0.42401985125353114,0.0024481985696965017,0.0,257.469514713898,-0.0001326263224506109,0.002454285096211676
1978-12-03,-0.0022586613977696266,0.0007156770949983328,0.43170016588688803,0.00032240931092009036,0.0,256.40640104692534,-7.9028787207132e-05,0.0003230497156378104
1978-12-04,-0.0022512503010404987,0.0007115365084955248,0.441749702065678,0.009518583741901959,0.0,265.53700683076505,-0.00011219850367745437,0.009521916643192485
1978-12-05,-0.0014525640145533502,0.0007073975215523931,0.5834197710687382,0.014598730762126082,0.0,258.73723659407625,-0.00025798168328017166,0.014614561721864039
1978-12-06,-0.0006320373823413742,0.000703288336931649,0.5938835646922082,0.0006526921175967502,0.0,248.50027326450962,-6.805216146390992e-05,0.0006568025637739984
1978-12-07,-0.0006036975626218117,0.0006991940534720987,0.5963378446474813,0.0005303037663300832,0.0,247.8282454359554,-6.005612049399123e-05,0.0005358129628289161
1978-12-08,-0.001113022872283634,0.0006951178702930946,0.5981702786605462,0.00019954984723511394,0.0,247.1354999398557,-2.2594806459327203e-05,0.00020238763859377053
1978-12-09,-0.001235835843503812,0.0006910698898768021,0.5998167336099341,0.0009766234937360733,0.0,255.99021968374598,4.649326983986602e-05,0.0009785164567286861
1978-12-10,-0.001673823948633873,0.0006870368106217036,0.6043011509092515,0.0011476340603693732,0.0,260.75508264588325,-0.00010638171543846023,0.0011510803537853696
1978-12-11,-0.0029053520516487165,0.0006830002796851983,0.5991585654278485,1.3868813797578972e-06,0.0,263.08948608800745,-6.549862229217917e-05,2.3133168736521028e-06
1978-12-12,-0.0033143644699942594,0.0006790167025927098,0.5955624337923728,0.003437658108897129,0.0,264.0768903312037,-0.0002855850741435579,0.0034428701729861764
1978-12-13,-0.002555221824322717,0.0006750315259405449,0.6097150037517656,0.00012560285585748275,0.0,258.0312121116509,-0.000154617937060736,0.0001280235871958325
1978-12-14,-0.002773003600074747,0.0006710793507301202,0.6003762800141244,0.0,0.0,261.9743949401626,-8.997827305295374e-05,1.277327612569934e-06
1978-12-15,-0.003330694795665095,0.0006671205247189367,0.5885241952095104,0.0001753279886676767,0.0,261.9613472854126,-0.0002113118515176288,0.00018078265251580302
1978-12-16,-0.004419204878941768,0.0006632213033525284,0.5857751993585216,0.0005434915044550168,0.0,256.15458795220616,-0.0003564328186761188,0.0005459539465643996
1978-12-17,-0.0011312759949662593,0.0006593162309651995,0.5781564946004002,4.156478970064282e-05,0.0,262.7209178579729,-3.8310895952801246e-05,4.356791879380925e-05
1978-12-18,-0.0016282711830516322,0.0006554284590785786,0.5677294829919963,3.702138776833055e-05,0.0,266.1281985518174,9.300072524843917e-05,3.876367857771384e-05
1978-12-19,-0.0009218976322540455,0.0006515912416964602,0.5761633691590161,0.0071151735376840265,0.0,264.8229461569346,-0.00016401988575182394,0.0071245356467702844
1978-12-20,-0.0016896393002763309,0.0006477564236538559,0.6486319849046611,0.0014501272958550749,0.0,257.998190191955,-9.543066160321908e-05,0.0014533050316201765
1978-12-21,-0.0020050369834495804,0.0006439314555313628,0.6435112387447035,0.0001670990960072663,0.0,261.3514286048444,-5.403045817451962e-05,0.00017140300597174695
1978-12-22,-0.002624815424620095,0.0006401578416932102,0.6408086801877354,0.0010184346156268472,0.0,261.2638374623157,-0.0001583390916555615,0.0010230518834389401
1978-12-23,-0.002248531049591,0.0006363775770542986,0.6506526968573447,0.0025394803260342554,0.0,260.2737670151303,-0.00017545171776565455,0.0025477530086431663
1978-12-24,-0.0027404758384672267,0.0006326452150183209,0.6733265102695386,0.004988003206455102,0.0,263.40288267836064,-0.0001257310521467931,0.005040017494369102
1978-12-25,-0.002832979216413983,0.0006289261545838609,0.7136074145185971,0.003652862067949975,0.0,258.6994989973453,-0.0003455793064108677,0.003780209360769023
1978-12-26,-0.002078120149461563,0.0006252318452307061,0.7297393166637243,0.0007303707133241967,0.0,255.09018310719296,-6.678082196220839e-05,0.0007343908992182198
1978-12-27,-0.0023027247207312936,0.0006215457862379862,0.7214143972163372,0.0,0.0,259.0672401887998,-3.5351615841105834e-05,1.2874602930423862e-06
1978-12-28,-0.001156647621238299,0.0006179076298482001,0.7290432170286018,0.0030614923748929625,0.0,257.0942475773296,-0.00013609687234722288,0.003063896955069849
1978-12-29,-0.0008719919596688223,0.0006142944771017733,0.7589987199858758,0.0004133944962657778,0.0,245.4559637310366,-0.0001059380901903756,0.00041695228730762057
1978-12-30,-0.0008218706411830451,0.0006106794722336161,0.7542400467867232,1.4736069797796046e-05,0.0,243.034111712612,-3.246016968778298e-05,1.5867668436819624e-05
1978-12-31,-0.0006242018971739517,0.0006071107704087165,0.7495526387417609,1.893546116554131e-05,0.0,240.61182297241444,-2.551886468788998e-05,2.0349138636360253e-05
1979-01-01,-0.0003054008982275839,0.0006035553701853349,0.7508393196062855,0.0006731264503662196,0.0,243.70199838196493,7.989179700781397e-06,0.0006773219605947482
1979-01-02,-0.000588858489599605,0.0005999933191611943,0.7550244232580038,0.000393618213928352,0.0,251.14196439337147,5.0701064157620664e-05,0.00039532787501662817
1979-01-03,-0.0008134007622293159,0.000596515623863134,0.757947444017773,0.00038135594735711306,0.0,253.8327748860792,4.1846322727068673e-05,0.00038457937023330833
1979-01-04,-0.0004215437897854606,0.0005929916255218162,0.7668898415430792,0.002193856794955367,0.0,253.26773089249033,-4.0324878389552496e-05,0.002200386163867207
1979-01-05,-0.0017773858824018708,0.0005895237801438672,0.7816888554172553,4.155546595147775e-05,0.0,250.42504495954788,-6.233292531832463e-05,4.2608009791023775e-05
1979-01-06,-0.0008316677337312431,0.000586054335206242,0.772835654278484,0.0001850811354184555,0.0,254.50810061740336,2.1190619317151733e-05,0.0001888195968001647
1979-01-07,-0.0017839038776139085,0.0005826064422305695,0.7701326359463279,0.00022195862595644376,0.0,250.52914231869687,-7.651453721994734e-05,0.0002243289309718796
1979-01-08,-0.002165765833046477,0.0005791899511369608,0.7610985132709512,0.0,0.0,255.2057516776909,-4.578427027511058e-05,8.593796856359859e-07
1979-01-09,-0.00259321713346546,0.0005757817104037873,0.7507629969250236,0.0,0.0,257.63445121779506,-5.425109743735212e-05,0.0
1979-01-10,-0.001762055491997024,0.0005724048715526776,0.7404594349546846,0.00019720032558602802,0.0,258.0885866276513,1.5579606011762458e-06,0.00020196025317529502
1979-01-11,-0.0031581943233807883,0.000569045459483303,0.7366924968367468,0.0015827813896082217,0.0,264.2689056109125,-0.00012603597873348302,0.0015887526973256687
1979-01-12,-0.0006790238585175769,0.0005656917721538221,0.7706032158515773,0.007097838772723904,0.0,262.07556287043514,-0.00014021774848638956,0.007101373820655091
1979-01-13,-0.0011031413398220043,0.0005623869134881403,0.8135390919256122,0.00054226005397274,0.0,256.1818380589315,-3.26991617932158e-05,0.0005459138733283004
1979-01-14,-0.0025145582812654095,0.0005590877795623522,0.8143354225517893,0.0006331462560400452,0.0,256.81690064123126,-6.66429336040707e-05,0.0006363029623440464
1979-01-15,-0.0027521442053681715,0.0005558333491201455,0.8097096243820622,0.0012255567152284633,0.0,260.6966447273441,-0.00010199116616599305,0.0012315584440339622
1979-01-16,-0.0030127204744155797,0.00055257226787718,0.7999148036576036,0.001088941543452484,0.0,260.95701901566963,-0.00015704033864756764,0.001094145525555799
1979-01-17,-0.003487367961703048,0.0005493574896774724,0.7908045881885594,2.1606683731079102e-07,0.0,260.3784013485954,-0.00012800647314153824,6.519804216910766e-07
1979-01-18,-0.0028701645169554456,0.0005461576126389585,0.7731593360110641,9.510173635967707e-05,0.0,265.2392433690935,-4.567045949946689e-05,9.859133564690391e-05
1979-01-19,-0.0030223488134179413,0.0005429659859608796,0.751595419903484,1.4962154929920779e-05,0.0,263.263375646875,-0.0001390788935672092,2.0307942219265274e-05
1979-01-20,-0.00343376924257494,0.0005398339639275761,0.7387118294638654,0.0007903597575459778,0.0,262.7396466781415,-0.0002177881845141535,0.0007945693749949979
1979-01-21,-0.003719080344768568,0.0005366803899323199,0.7242507503531074,3.716783166605201e-05,0.0,264.5633362053478,-0.00016455015556960458,4.1455064013906584e-05
1979-01-22,-0.0024154660223567556,0.0005335747185399978,0.7363304238759417,0.0037143179715353213,0.0,259.81561620177075,-0.0003417086929587995,0.003721420997177868
1979-01-23,-0.0020154358050917505,0.000530505500270822,0.7577014642920199,2.0550679689073292e-05,0.0,253.76802703799953,-7.5014555395323e-05,2.3851320466132952e-05
1979-01-24,-0.003313642689737223,0.0005274312307605636,0.7487211353136771,4.760281177563856e-05,0.0,261.0046464341733,-3.8316499673377324e-05,5.1166445487879026e-05
1979-01-25,-0.0021018072710198873,0.0005244165658950807,0.7708737935499059,0.004266663522875243,0.0,260.25574195991135,-0.00021263642899565778,0.004269699053507552
1979-01-26,-0.0020992475125075735,0.0005213869998684038,0.7994718102636535,0.0010090687096455677,0.0,256.5856832443209,-0.00019933919995854808,0.001012677139379264
1979-01-27,-0.002056254968468079,0.0005183970860842258,0.7947411833509888,7.982057450854847e-05,0.0,253.94171958319882,-8.693825200957768e-05,8.067332071643743e-05
1979-01-28,-0.0013504502716037514,0.0005154021210589652,0.7904673430879238,0.0006528414028175808,0.0,252.55361439189448,-7.344913369013091e-05,0.000657438558430591
1979-01-29,-0.0012610344647687708,0.0005124154063941396,0.7913255134769303,0.00013613109450555792,0.0,250.68408540054008,-6.859012390092268e-05,0.0001373589038848877
1979-01-30,-0.0009832414193341962,0.0005094518432509428,0.7839707196769068,6.443988216125359e-05,0.0,249.19511686924935,-2.4413174323442967e-05,6.524496158813689e-05
1979-01-31,-0.002827366193135579,0.0005065047808286161,0.7784957167343456,6.865478504849019e-08,0.0,250.52861859524546,-3.867344878150918e-05,1.7725478116805229e-06
1979-02-01,-0.002439976496211553,0.0005035742191271594,0.7723122002265773,0.00011686883908880634,0.0,253.82083162929158,-6.452620576667247e-05,0.00011975527815393127
1979-02-02,-0.001844311922283496,0.000500613855103315,0.7669882334333805,0.0002314375324101098,0.0,253.81618628708435,-7.858604066452738e-05,0.00023451271161161328
1979-02-03,-0.0020479823404786278,0.0004977892010898914,0.7626320934116054,0.0002254205150792828,0.0,254.02854492704748,-3.514707214751486e-05,0.00022822199231345105
1979-02-04,-0.0022601409062827376,0.0004948833904697398,0.7845146337246941,0.0023811391560034567,0.0,257.0321128292048,-9.952730230860791e-05,0.0023841267250675805
1979-02-05,-0.003293113267354373,0.0004920289341339285,0.7911935579978814,0.00031729019378538186,0.0,259.9137968828449,-0.00010937646473363294,0.0003188564615393493
1979-02-06,-0.003916129301496819,0.0004891859272779045,0.7967469526100518,0.002179217940501574,0.0,261.1293189018235,-0.00020239015483418426,0.002184135327813962
1979-02-07,-0.0041603687624473355,0.0004863695236249159,0.8065066005326037,0.004605896265830024,0.0,263.08053874071487,-0.00019836546800567609,0.004670236710032987
1979-02-08,-0.005000137971282679,0.00048361912285540745,0.8312128501647834,0.0016173084955767726,0.0,259.18405177588744,-0.0003958067746233132,0.0016759609939338662
1979-02-09,-0.004787112402040407,0.000480804318762095,0.8166922301671377,3.723697052837092e-05,0.0,263.955935214199,-0.0001088114571099901,3.962092469048342e-05
1979-02-10,-0.005066276480585842,0.0004780456676321515,0.7981961640036488,0.00011145437167862715,0.0,266.10440463624656,-0.00015437096294205067,0.00011287107712546793
1979-02-11,-0.005505845245331695,0.00047535167238806607,0.780425163312147,0.0012253092675559266,0.0,267.0053274402511,-0.00025923997900411907,0.0015497809581163915
1979-02-12,-0.006732698130068807,0.0004726111215386687,0.7678997377442326,8.126379827321586e-05,0.0,268.33732263741075,-0.00038114950418640666,8.408859961450437e-05
1979-02-13,-0.008033095822159182,0.0004699203254139357,0.7460089214777542,1.2229454551039442e-05,0.0,270.26792466618025,-0.0004687071856805834,1.3146258925960373e-05
1979-02-14,-0.004321536438613289,0.00046725933161159027,0.725522028748823,0.0026622158659380035,0.0,270.8658762930028,-0.00030597235670702606,0.0027337532196021765
1979-02-15,-0.002389232780637041,0.0004645900874488098,0.8285829360875707,0.010866893949986852,0.0,260.4235944801805,-0.00047140848417740096,0.010915226114649046
1979-02-16,-0.0055546040336291,0.00046197034544863944,0.8397522547375236,0.0,0.0,260.1077616883761,-0.0001799467908965666,4.261732087229575e-07
1979-02-17,-0.005166355878283076,0.00045934900388879294,0.8255337070386065,0.0001225687437138315,0.0,262.5014828863342,-0.00023373843586377505,0.0001294083849954872
1979-02-18,-0.006409872175946747,0.0004567872669737218,0.8112061926200564,2.896339543121683e-06,0.0,263.5994364923452,-0.00021742082248299812,3.754183431560782e-06
1979-02-19,-0.007067706793715051,0.00045421222845713305,0.7951696938265066,3.6616194046149825e-05,0.0,265.7159619950979,-0.0003282039684090911,4.215444208495354e-05
1979-02-20,-0.004840103035929513,0.0004516603414621731,0.7866850025011771,0.0013801895797589407,0.0,262.93173599243164,-0.0003474730956183989,0.0013865737086180777
1979-02-21,-0.003343584510566151,0.0004491449075903596,0.7830148470603815,0.0003466915528653032,0.0,261.4684147053519,-0.0001677483751696382,0.0003512404077254473
1979-02-22,-0.0032208156956117706,0.0004466111208759459,0.7925082851488936,0.002699310412514681,0.0,262.7040241658126,-0.00019502294602367166,0.0027054204275947413
1979-02-23,-0.0038916008536425016,0.000444132140127279,0.8103431945915727,0.000955184174459533,0.0,260.16211324716915,-0.00021004986733534918,0.0009583182934645425
1979-02-24,-0.005331498754900054,0.0004416398577770945,0.80342426767008,0.00025037591908611147,0.0,261.8039447403673,-0.0002546842331014111,0.0002533551325556112
1979-02-25,-0.007630041847794744,0.00043916567570745607,0.7917540239524483,0.0,0.0,264.85927058433634,-0.00021132585292650484,4.351138045421976e-07
1979-02-26,-0.0089355333376739,0.00043676280032443464,0.7770858161193503,0.0,0.0,267.43079344611164,-0.0002651436433280256,4.351138045421976e-07
1979-02-27,-0.0038837186865887403,0.0004343365208577302,0.7715209271274718,0.0027798795388580045,0.0,266.2955389364067,-0.00020478182803776307,0.0027834235105915935
1979-02-28,-0.006748869930956997,0.0004319567969963376,0.7764499470338984,0.0001232093252704642,0.0,266.0634570400145,-0.0002906638392284092,0.00012487172904229737
1979-03-01,-0.0072664969132444955,0.0004295752210132147,0.7617410490966339,2.5000486333491443e-06,0.0,265.26937643507335,-0.0003672281995752437,2.9194123237694497e-06
1979-03-02,-0.0025432178445455047,0.00042720694663160943,0.7591789518596987,0.0034665416736724014,0.0,265.11295343388275,-0.00018160417149801043,0.0034719083777624018
1979-03-03,-0.006566296147424622,0.0004248684745723919,0.7811571254119587,0.00017471752513599934,0.0,259.1150036432873,-0.00033623552065616276,0.0001765657446802536
1979-03-04,-0.007308493815572923,0.0004225531540348032,0.7717059866407722,0.0,0.0,262.3421019825334,-0.00018541957909441268,3.4219749522890197e-06
1979-03-05,-0.006747869658941603,0.0004202593854591671,0.7615863347457628,0.0006585219653986268,0.0,266.8507784899121,-0.00017518639606607837,0.0006634411332848651
1979-03-06,-0.0036611150381928785,0.0004180036695663539,0.7576168656573683,0.0019031368659041023,0.0,269.4593509343609,-5.326236961251599e-05,0.00230124278997077
1979-03-07,-0.00829833619675394,0.0004156816982280064,0.7593506778925377,0.0014236059229252702,0.0,272.54954052869437,-0.00027750306736446374,0.0016027608160245218
1979-03-08,-0.005342014218117558,0.00041345578465758074,0.7669785781544257,0.008039561031901905,0.0,266.80607613960456,-0.000778363964988687,0.008459293067792042
1979-03-09,-0.003081792660352201,0.0004111817159221671,0.8269475157427025,0.004293587669140875,0.0,260.613790494125,-0.0002650351942343227,0.004302458406054502
1979-03-10,-0.00736535290035151,0.0004089656522718527,0.8533882672728345,6.095610432705637e-05,0.0,263.1021123767573,-0.00010886663665710872,6.237695108875379e-05
1979-03-11,-0.013009951991886743,0.00040676448978273216,0.8383972972575331,0.0,0.0,269.7736454656569,-0.0003524355927092881,2.562999668498378e-06
1979-03-12,-0.013045017033983758,0.0004045931296159992,0.8194819161222928,0.0,0.0,269.8830460873476,-0.0005479975166798986,2.139358230124344e-06
1979-03-13,-0.00906966348825875,0.0004024382701701364,0.8170545330155368,0.0024545500423275145,0.0,264.982656399858,-0.0007355842465734752,0.0024630599102731477
1979-03-14,-0.012024825028443742,0.00040029166108470856,0.8112795267625942,1.6500720870023394e-08,0.0,266.12512980746686,-0.00028469788152619274,8.725175959913381e-07
1979-03-15,-0.013611917483941312,0.00039816660396123344,0.797669951300612,0.0,0.0,269.17453089855934,-0.0004944908564205224,0.0
1979-03-16,-0.012571622970077278,0.0003960646983593871,0.7820403535487289,6.4591272065868485e-06,0.0,269.41942715689737,-0.0005753343861739515,0.00023396658358600854
1979-03-17,-0.00993061545541731,0.0003939545423971058,0.7682105457715396,0.0003864470932443263,0.0,268.46678660549014,-0.0005573924515122748,0.00047449099140862294
1979-03-18,-0.005289405668522679,0.0003918789874362407,0.7600688467366997,0.0012163069246515718,0.0,266.9792640994947,-0.0003715015074374986,0.001239037345267258
1979-03-19,-0.004793383054814097,0.00038983003567841094,0.7654935042961395,0.0013662454393287163,0.0,265.257764381653,-0.00037293062982081025,0.0013782212794837306
1979-03-20,-0.005699874654328083,0.00038777123400047007,0.7730671510858051,0.0014121850668373755,0.0,264.73748599697194,-0.0003125975487259149,0.0014277718160208468
1979-03-21,-0.008521977412161853,0.0003857470333239453,0.7718227695386064,0.00027636739577950733,0.0,265.47332788815834,-0.0003107771024865619,0.00028266561569998495
1979-03-22,-0.00585707697996312,0.00038373773380861445,0.7739310686646659,0.002312661606376454,0.0,266.08245017344444,-0.0003610648225340466,0.00231876876674405
1979-03-23,-0.006600209548648469,0.00038174013633512503,0.7799065368997175,0.0008168827931759722,0.0,263.9349676013666,-0.0003451338027325054,0.0008216005010145806
1979-03-24,-0.011501504329301545,0.0003797457379809881,0.7751014264065443,0.00035676932604299436,0.0,267.3228656388047,-0.0004124212168199195,0.00035798785376683467
1979-03-25,-0.004836976612355076,0.0003777877927499976,0.7688671047404662,0.00461653590539081,0.0,268.1572047519145,-0.00030992795202860053,0.004666317822569508
1979-03-26,-0.007599563206319756,0.0003758098951167306,0.8338018442502355,0.0037699257165698685,0.0,264.79832199513356,-0.0004708396460292704,0.0037815234081893315
1979-03-27,-0.011670329981604539,0.0003738154967625936,0.8321638951418315,0.0003847455195451187,0.0,268.35033328385003,-0.00042849551823179605,0.0004458278417587281
1979-03-28,-0.01188468726846458,0.00037196531134136657,0.842896887138065,0.004694547335811927,0.0,270.64013080632844,-0.0006296899127589781,0.00544776396215843
1979-03-29,-0.014223528699686301,0.00036998396202669306,0.8338082811028719,1.1920150222077881e-05,0.0,268.83471446207915,-0.0007355057681768628,4.7082558115744695e-05
1979-03-30,-0.00460435605823657,0.0003680970709202654,0.8478006194091339,0.006797057907965223,0.0,266.8308981879283,-0.00032081491824260543,0.0068743070975859156
1979-03-31,-0.006221614272917731,0.00036618037749144996,0.8783060134916433,0.0033503262547113126,0.0,264.8699463630576,-0.00044616863741881433,0.0033838531389949822
1979-04-01,-0.003376291675419457,0.0003643200895880576,0.9319624676318267,0.007377391291708597,0.0,262.1590833250861,-0.00033680014417501497,0.007386126002909234
1979-04-02,-0.005782580518789884,0.00036247630240553516,1.0304389565677967,0.003893067902427609,0.0,260.50593100653754,-0.00037366601159680363,0.003902005718873432
1979-04-03,-0.0066459924403557,0.00036064236514312406,1.038322721721987,0.001503178397309309,0.0,260.5230627041977,-0.000316897196705732,0.0015068873605226705
1979-04-04,-0.00671682729896179,0.00035882172948223053,1.0432618566825567,0.0017725939594082914,0.0,261.99587281365405,-0.00030227329603022777,0.0017790440616967044
1979-04-05,-0.00873887951427934,0.0003570308961437247,1.051982182791902,0.0030599976284692524,0.0,267.02448700511525,-0.00019618703610142747,0.003077595011639892
1979-04-06,-0.014697764258263477,0.00035522676120370124,1.0287021557939031,1.4063497047639837e-07,0.0,272.01436006865714,-0.0004836747706946681,2.4170530331513236e-06
1979-04-07,-0.011809600401396133,0.00035348063134877695,0.9945528134563325,0.002811398967511237,0.0,271.2712310711992,-0.0008984026525401127,0.0029836757033882035
1979-04-08,-0.01228581949815912,0.0003516764964087535,0.9865968635975753,0.0007230518438385032,0.0,269.14375849003625,-0.0004039841288395521,0.0007273106251683041
1979-04-09,-0.01699095013114692,0.00034994846683437546,0.9605676108609935,0.0,0.0,272.1966319147028,-0.000637341716910823,1.2841485954595555e-06
1979-04-10,-0.005602142063237853,0.00034821563858096884,0.9386165640448446,0.004356939071989329,0.0,270.7116204349784,-0.000505115479062506,0.004723735279956107
1979-04-11,-0.004861504512991609,0.00034640830452159304,0.9868807747763654,0.008436353382586087,0.0,267.57645480556454,-0.0005306246411581497,0.008462143820521873
1979-04-12,-0.008721160854996936,0.00034470182690916765,1.0242995784781075,0.003390234973976168,0.0,263.96089792341394,-0.000628320910667969,0.003395059772016773
1979-04-13,-0.007425492092714472,0.0003430118500176123,1.0175942171315915,0.003618238609557771,0.0,265.1122076713433,-0.0002511043080502311,0.0036356203300131245
1979-04-14,-0.011511612662487784,0.00034131042364626954,1.0427682880178908,0.002582670626162136,0.0,267.36624411315347,-0.0004478022140466561,0.0026543918470828647
1979-04-15,-0.01557696038215174,0.0003396734005987308,1.02417819782839,0.0,0.0,271.31236517811004,-0.0006037006459835559,0.0003076977311204919
1979-04-16,-0.01734495133498294,0.0003380116264698869,0.9950364969544492,0.0,0.0,273.8956009169757,-0.0007165292183221397,7.517731785644898e-05
1979-04-17,-0.02619213922380728,0.0003876254215078839,0.9515730288518128,0.0,0.003588838450147608,277.1713587945913,-0.0013227326385045458,4.257627115955439e-05
1979-04-18,-0.024998469751770218,0.00036837051143754,0.9022007599164313,0.0,0.002195082394416723,276.52259882695256,-0.0015912665169959689,8.904807648416295e-05
1979-04-19,-0.007312647998332977,0.00033541848767275193,0.9060288481344161,0.015563655686748905,9.475033835502668e-05,271.5857523183589,-0.0009086839854717255,0.016367557796376313
1979-04-20,-0.012549355289356856,0.0003315116894447198,1.000912423861229,0.0018968924374903663,0.0,267.92563779654927,-0.0009200229114816014,0.0019593416465877814
1979-04-21,-0.016245787637045157,0.00032993427104195634,0.9848729365289548,1.6894086269335557e-06,0.0,268.53569457849767,-0.0006972570656298918,1.9739408277522375e-06
1979-04-22,-0.01716575624242341,0.00032836190388027564,0.9668867610493175,3.721470297393152e-05,0.0,272.0273157468174,-0.0006301780310222659,0.00011904386140532412
1979-04-23,-0.01824723167271264,0.0003273150341658943,0.9379875915872176,0.0,3.3204143835326376e-05,274.57552298134556,-0.0008011917283726952,6.958898982138985e-05
1979-04-24,-0.01160012438135632,0.0003375789034838057,0.9169905782868409,0.0016328640450528787,0.00015693482032603462,273.3832587585162,-0.000791972218933752,0.003652671383599104
1979-04-25,-0.012112526233586888,0.00032375896044370146,0.9138307733050848,0.0032380730503023016,0.0,269.54410609013615,-0.0011868699858922744,0.0033476976659498783
1979-04-26,-0.007432261555545074,0.0003222709490081012,0.930309345942208,0.005709734655874598,0.0,269.6544513486873,-0.00042811350760150096,0.005916861813749823
1979-04-27,-0.013648897830375845,0.00032075818649119573,0.95589008798258,0.001297406725964304,0.0,268.7336135009363,-0.0006805564892494073,0.0013000247842174467
1979-04-28,-0.013605912273886514,0.00031928347665711315,0.9500842767920199,0.0018432224748161554,0.0,270.00794560850903,-0.0006407941139097942,0.0019448193620477557
1979-04-29,-0.013665865748952337,0.00031786837146780586,0.9458858396598401,0.0014499349067103396,0.0,269.47029010679313,-0.0006424519785885083,0.002080696064518444
1979-04-30,-0.014008923902013208,0.0003164301147568698,0.9534808659957628,0.0017197313744806303,0.0,271.48855597645104,-0.0005092964965408133,0.0024935661127467213
1979-05-01,-0.012112412328100475,0.00031503071050859445,0.9398108300965161,0.0025817477223226584,0.0,272.7097965786462,-0.0005849021681621251,0.0037780113597827205
1979-05-02,-0.0052370897962548645,0.0003135751532969502,0.9669665320444917,0.008247270485607245,0.0,270.9752729419486,-0.0006904919437095944,0.008904462119707883
1979-05-03,-0.010289073706009969,0.0003122047515912245,1.0081237678024955,0.003948210365017929,0.0,270.7724228731432,-0.0006045282392178553,0.005002221610357854
1979-05-04,-0.018036806945410152,0.00031074149123692924,0.9987176869997646,1.1050347554481637e-05,0.0,273.1466297501674,-0.0007834167056585436,1.665441311679953e-05
1979-05-05,-0.018998377909094602,0.00037818448354968916,0.9632789051465395,0.0,0.004235191786356565,276.5350081377335,-0.0007295819988611056,0.00022880514126039496
1979-05-06,-0.01702938106773937,0.00038281647162248864,0.9272637950947505,0.004664766902135591,0.002521739230822709,274.7108908974743,-0.0010301992928577683,0.007871918674916198
1979-05-07,-0.015572890470930413,0.000306686691645175,0.9413225709157251,0.002281650206295111,0.0,269.42077137072437,-0.0015577316168422079,0.0024928741872647393
1979-05-08,-0.007359169634048549,0.0003053857445043359,0.9550949067943739,0.004120362743651127,0.0,268.52913319144096,-0.000630853055729031,0.004469267594509933
1979-05-09,-0.004865445070347544,0.00030408504992555094,1.0173769733551083,0.010819073261345848,0.0,267.03869432424204,-0.00048690639688807026,0.011076550522929312
1979-05-10,-0.010015203749055917,0.0003028306583900237,1.067283730946916,0.0022694643713155036,0.0,266.33215368669585,-0.0006124266439070137,0.002347161271386874
1979-05-11,-0.007711893547389468,0.0003016161716590494,1.0702329588924202,0.005079225494952525,0.0,268.1229418846174,-0.0002476443184045075,0.005497469937532478
1979-05-12,-0.010643012947955374,0.00030047088693090757,1.1248471247498824,0.006088537190341007,0.0,270.1725321624239,-0.00038693323310485666,0.006829179040454801
1979-05-13,-0.015659055762035027,0.00029932930644622634,1.1261149548316858,0.0019630959920458875,0.0,272.1318266593804,-0.0006918624032941242,0.003937503476595889
1979-05-14,-0.01781182054240825,0.00029876457769318493,1.106581865730932,1.5103947476478621e-05,4.171346456317579e-05,273.38903606005306,-0.0007267941189351055,0.0008815934429060942
1979-05-15,-0.02143256471487089,0.0004222403138370837,1.0649885332068034,0.0,0.00646525383584917,276.51469571172856,-0.0006372985866783703,0.0002642582308413247
1979-05-16,-0.025234763315841978,0.0009018133925852804,1.004752006458922,0.0,0.011029391070712085,278.8171179568476,-0.0009271701913600588,0.0006157636978295966
1979-05-17,-0.01571923090239703,0.0006280216456806592,0.9518987795727402,0.0012465197445645844,0.006687872701108793,276.11504545409355,-0.0006525276155121582,0.0032513333124821442
1979-05-18,-0.01902041100176041,0.00035605272330806756,0.9257295252913136,7.986348901091322e-06,0.0027292330175806576,274.9606730682028,-0.0011125364588142116,0.0007534044285507328
1979-05-19,-0.02197894491886689,0.000315472315260246,0.8950528649511535,0.0,0.0010154251703771494,274.8634306446083,-0.0012953075090959922,3.3527781046649133e-06
1979-05-20,-0.017267606478963197,0.00032282060822524597,0.869689826462453,2.0958862062227932e-06,0.0013869336811499408,273.91075876742434,-0.0010228931146152949,3.584697421661205e-06
1979-05-21,-0.022830089733088758,0.0008573921891929066,0.8363262399217279,0.0,0.007595286846666013,277.5078565522103,-0.0008702344329512053,0.000357049291312834
1979-05-22,-0.01597390917398162,0.0018161696902776173,0.7906891846162901,0.00010916199219428888,0.011013412711310523,276.3565805223253,-0.0003722843814030879,0.0048234698967062955
1979-05-23,-0.01834886091745506,0.0011992619536017296,0.7489809082950801,1.1255848879194532e-07,0.011306760190738797,276.47643134553556,-0.0004711273089472184,0.00013335539122261907
1979-05-24,-0.024303037820562808,0.0029300429389975164,0.6991672551789079,0.0,0.01588643498003146,279.29937496293064,-0.0005997823403969323,1.1952785346521281e-05
1979-05-25,-0.013827244272339816,0.0040508998652636,0.6412489149305556,0.0,0.01781282700219397,278.9460486144445,4.287645494365423e-05,0.0021134641928035364
1979-05-26,-0.017614829506577747,0.0055517007907231655,0.5874956781132298,0.0,0.019596523021237326,278.654392619591,1.4912252877391662e-05,0.0010575814939811942
1979-05-27,-0.023045115930549174,0.005900583782438505,0.5281191608551083,0.0,0.021235452365067044,280.41482310824927,-0.0002826004904710641,6.36242034395399e-05
1979-05-28,-0.016774003914857318,0.003822950151680553,0.469214143052613,0.0,0.01737654061809098,280.12456830342614,-0.0002226464839725845,0.0005211501976814749
1979-05-29,-0.003919983440536564,0.00548582738738949,0.4710403701006357,0.016527417352644066,0.006046475600556465,274.5950816167053,4.36734618608561e-05,0.030988209025289034
1979-05-30,-0.009732361188379385,0.0008171929814721232,0.5937378159575095,0.01038305147808824,0.0,270.5675127349106,-0.0009144828154963289,0.011523858403059212
1979-05-31,-0.01015917683220179,0.000911499736672741,0.6268023187382298,0.003296481792704534,0.0,270.58109244653735,-0.0006388479812165439,0.004523667726778958
1979-06-01,-0.01670794483632018,0.0010183141224801879,0.6345378063941856,0.00029261879580842575,0.0009112217500384919,271.9321869349076,-0.0008133390792093034,0.0010577338899765277
1979-06-02,-0.022348119672072137,0.0011539686534364345,0.618672114083098,0.0,0.0036702318127545936,274.5680633695785,-0.0008396048382934878,1.813995568535559e-05
1979-06-03,-0.023161325540583016,0.0020114505021585584,0.5842475962953155,0.0,0.007900137664739695,277.3780756158344,-0.0007237995537997639,1.7595594757857093e-05
1979-06-04,-0.02541533609231313,0.003508990935686618,0.5328596729343221,0.0,0.013523699957772166,278.72535708440006,-0.000685291317433624,0.00026455531685897187
1979-06-05,-0.026656069703358043,0.004494507349817094,0.47633514116937387,0.0,0.015221654926821338,280.2900716454745,-0.0007066621502998185,4.263515194224965e-07
1979-06-06,-0.010081821494856797,0.006536556839269435,0.42244144303201514,0.0007601367509634482,0.01180920608888912,277.5982201103886,-1.6917627157464542e-05,0.01068757316149737
1979-06-07,-0.007347865630004366,0.002771459646144156,0.4527571798493409,0.013697153199358849,0.0013181477953485177,272.12026134857354,-0.0006762200198267813,0.017934407251600545
1979-06-08,-0.007948151626492626,0.0026943711406093537,0.5063129432232816,0.0033483359920608124,0.0,269.54569301138264,-0.0006836001829659872,0.0035368565111842942
1979-06-09,-0.01529476905273179,0.002915977337266093,0.5233577290048259,0.0007922379352615378,0.0022112194680224706,272.0551625734893,-0.0006423398568216018,0.002271210958859185
1979-06-10,-0.022530616760927408,0.0034178907925126244,0.5000731042549436,0.0,0.006111761860254795,276.0923819748471,-0.0007308734801866241,8.863997641064434e-05
1979-06-11,-0.026601773323649065,0.004994366381127956,0.4505709488288607,0.0,0.01338033319193091,279.7353331571245,-0.0009762055666769965,2.6327947503530002e-05
1979-06-12,-0.030923103040221053,0.005811845515407412,0.3889937176318268,0.0,0.01469527540654786,283.02722160425566,-0.0013405955949072111,0.00017352427460756665
1979-06-13,-0.03383227787112113,0.007382695873578389,0.33205883651129947,0.0,0.014468332889389857,285.7309387515943,-0.0018313429344676984,6.85676847124367e-05
1979-06-14,-0.03275931352949412,0.0071091614032195785,0.281258505840984,0.0,0.011969440274656157,285.4617317472699,-0.0019260962088566043,0.0007645699263916279
1979-06-15,-0.028202621992361752,0.005518079393327573,0.2494006830420198,0.0,0.006596860049639718,281.4532250298394,-0.0016778008117850891,0.0008674498331294087
1979-06-16,-0.017249049566223126,0.008128182531076637,0.22562800692973164,0.0,0.007325394215893611,279.8854994657125,-0.001217154386100796,0.00511419328592094
1979-06-17,-0.014849991363994145,0.011869323287306534,0.19795252913135591,0.0,0.010535895256167754,281.01263688153915,-0.0013063899267696391,0.010588490424149024
1979-06-18,-0.022852136927135922,0.009309384024749368,0.1602675155955744,0.0,0.012196844180593384,282.7759308249264,-0.0013465582798261428,0.0032752673167966858
1979-06-19,-0.0217781463837893,0.0079728210881605,0.1381801454360876,0.0,0.0030640594366580075,277.92909234257075,-0.0016345899015412493,0.002528079822238556
1979-06-20,-0.01565192732433815,0.010128414563540014,0.12276411325918081,0.0,0.00713195759108511,278.5210116363066,-0.0018807486025879615,0.005747082035779866
1979-06-21,-0.02486191361637439,0.00922471587940798,0.10357125779778721,0.0,0.005605036466471893,280.3556632636406,-0.001629160369856883,0.002247250080017693
1979-06-22,-0.021174084037373968,0.009813604213423649,0.08312620461099342,0.0,0.006510935934249964,280.6228085426288,-0.0015278490639086498,0.002863848224634473
1979-06-23,-0.023717870651665383,0.00973583025447393,0.0654478486199388,0.0,0.0063539277867408804,279.8784063773865,-0.001393757486915858,0.0009200612550970706
1979-06-24,-0.02905673643121612,0.009421374838230976,0.04771569893185029,0.0,0.006242000913552646,282.1240071549928,-0.0020921033896547925,0.00015972329388455752
1979-06-25,-0.030001823553594494,0.009279728609289828,0.029935502736581923,0.0,0.005095645027645564,284.26244648791527,-0.0023991477407388773,0.0014613922369682186
1979-06-26,-0.030276464750874515,0.008217239110483289,0.016269374926435973,0.0,0.004072043813217832,285.05939383066755,-0.0024759898246344875,0.00032635208253272514
1979-06-27,-0.027984951764850295,0.007625759489792216,0.007792729666902073,0.0,0.00213464286367772,285.3933716826071,-0.002482859449366392,0.0012131774828582698
1979-06-28,-0.029385282579114883,0.007137795036795449,0.0035595795080037664,0.0,0.0009550904318437739,284.1823642824105,-0.0026909341183254274,0.001408738066236259
1979-06-29,-0.0307680892910661,0.00663695294978255,0.0015770288959510359,0.0,0.0005337182579740967,286.3628619170683,-0.0028837603637896017,0.0005074227427796184
1979-06-30,-0.03713993715532756,0.006152115383390653,0.0006082825741525424,0.0,0.0002381133578591428,289.13064482521884,-0.0030009370234053015,0.0004072095376947369
1979-07-01,-0.045977630983974976,0.00570406036525123,-7.3453647229951e-24,0.0,6.329306101394912e-05,286.68304195152615,-0.0030966940425378457,0.0001985130882943295
1979-07-02,-0.0424607460950054,0.005300813643945814,-7.3453647229951e-24,0.0,2.8545468372140228e-05,287.6906322292465,-0.0029650136018119296,0.00010328230548039668
1979-07-03,-0.03386804511991598,0.004945883222218961,-7.3453647229951e-24,0.0,1.1296048339477366e-05,286.1580237336527,-0.002660986688514214,0.00033597968055703545
1979-07-04,-0.02487561056169413,0.004719129221587532,-7.3453647229951e-24,0.0,5.2046725305460275e-06,284.86559354922196,-0.0031941838899237963,0.007091187993011907
1979-07-05,-0.02733916713524673,0.0044209771910629705,-7.3453647229951e-24,0.0,1.8768096711002502e-06,285.183264076822,-0.0026357063002842296,0.004843539706729826
1979-07-06,-0.028589690135697187,0.004140080789388237,-7.3453647229951e-24,0.0,8.523758858610681e-07,286.20699169137384,-0.00317260286228805,0.0024298670264960684
1979-07-07,-0.03597693444140213,0.0038997786866743016,-7.3453647229951e-24,0.0,3.0985154674551587e-07,286.2943306076998,-0.002948071007843072,0.0003347056733686372
1979-07-08,-0.03689141318959705,0.0037022913243137516,-7.3453647229951e-24,0.0,1.1923033638862567e-07,287.4846557681844,-0.002701579561551749,9.10399560331882e-06
1979-07-09,-0.035542177320536925,0.0035271300266018026,-7.3453647229951e-24,0.0,5.362734282757603e-08,287.09953522906693,-0.0027502690057801663,1.762498647293267e-05
1979-07-10,-0.0396146442172891,0.0033667852817955667,-7.3453647229951e-24,0.0,2.4751081305035094e-08,288.9536706489808,-0.002896028018351329,4.900629911045571e-05
1979-07-11,-0.03845649040014731,0.003219265469723502,-7.3453647229951e-24,0.0,6.187770326258773e-09,288.11741022515884,-0.002680706312764163,4.410743663640915e-07
1979-07-12,-0.034109920852601866,0.003091281753475384,-7.3453647229951e-24,0.0,4.125180217505848e-09,286.3575282770362,-0.0026754057613638162,0.0009769100145393496
1979-07-13,-0.0266992661070689,0.002980804291822143,-7.3453647229951e-24,0.0,0.0,284.7310587924304,-0.0027466755844442184,0.002659966801370386
1979-07-14,-0.03208420156253934,0.002848397119570587,-7.3453647229951e-24,0.0,0.0,283.90571027780885,-0.002295012875212788,0.00014224183551589904
1979-07-15,-0.032570136468962764,0.002740629143634085,-7.3453647229951e-24,0.0,0.0,282.62713775706607,-0.002230189424955239,0.00031542428587432873
1979-07-16,-0.0238320358139647,0.0026474323144740305,-7.3453647229951e-24,0.0,0.0,283.35285258607456,-0.0022926299838022996,0.0016081703317836094
1979-07-17,-0.026951720401392144,0.0025562218016823807,-7.3453647229951e-24,0.0,0.0,285.6242580018699,-0.002297767285404906,0.001628768443936224
1979-07-18,-0.03052967845720087,0.0024563492523074827,-7.3453647229951e-24,0.0,0.0,286.0726235707601,-0.0025027880792395543,0.0007989076601743992
1979-07-19,-0.03355837785928263,0.002363224234958153,-7.3453647229951e-24,0.0,0.0,285.97044456970445,-0.0023757095980105427,0.00013757261039236358
1979-07-20,-0.03000076784420822,0.002308125297228495,-7.3453647229951e-24,0.0,0.0,286.7069637492552,-0.0023785979029233174,0.003134473871981842
1979-07-21,-0.02940249859781589,0.002223107942753593,-7.3453647229951e-24,0.0,0.0,287.07323101999174,-0.0025200485383386666,0.0024040018427992933
1979-07-22,-0.026099974910418197,0.0025864392518997197,-7.3453647229951e-24,0.0,0.0,287.6741638506873,-0.002438455793775071,0.007664310647348112
1979-07-23,-0.014930305549990662,0.0035794996103997957,-7.3453647229951e-24,0.0,0.0,285.0617359434369,-0.0031027164636442893,0.019674677556503088
1979-07-24,-0.021236493383760508,0.0028428080054999747,-7.3453647229951e-24,0.0,0.0,284.57080718218276,-0.003001667685427908,0.008830785308149411
1979-07-25,-0.026555342694460336,0.001954071434204188,-7.3453647229951e-24,0.0,0.0,285.2588223423213,-0.002621843584807916,0.0012264024908146078
1979-07-26,-0.025524715077405596,0.001893233613105817,-7.3453647229951e-24,0.0,0.0,285.6881944078061,-0.0023756297989248557,0.0005719162143084421
1979-07-27,-0.02642599261749936,0.0018639475275567697,-7.3453647229951e-24,0.0,0.0,285.2845679496866,-0.0029987298730908144,0.0029329705372132557
1979-07-28,-0.03000409147665326,0.001794835268440893,-7.3453647229951e-24,0.0,0.0,286.4269698873976,-0.0026225692482065347,0.00045879240756568256
1979-07-29,-0.03195622862227219,0.0017497856064704854,-7.3453647229951e-24,0.0,0.0,286.10112099728343,-0.002452871472822071,0.000562208251000097
1979-07-30,-0.025545161238497937,0.001749429999098266,-7.3453647229951e-24,0.0,0.0,283.5922780225506,-0.0023665771961717285,0.004144957981472446
1979-07-31,-0.023409209051037917,0.0016895849152473406,-7.3453647229951e-24,0.0,0.0,283.425792040349,-0.002878470867240833,0.002976833595394415
1979-08-01,-0.033709929656174226,0.0016293593045681885,-7.3453647229951e-24,0.0,0.0,286.4086783242091,-0.0026720027086761717,0.0007114654121934664
1979-08-02,-0.03570694307991341,0.001587318330161316,-7.3453647229951e-24,0.0,0.0,286.2223529528315,-0.002599748988020218,0.0004158402230106505
1979-08-03,-0.0380635198395131,0.0015470959709189035,-7.3453647229951e-24,0.0,0.0,287.4737779182679,-0.0025505058277966613,4.351138045421976e-07
1979-08-04,-0.039222709792481984,0.00151081139084983,-7.3453647229951e-24,0.0,0.0,288.6910212888556,-0.0026187335935521265,4.3847808228747454e-07
1979-08-05,-0.045823796068207696,0.0014751922276060462,-7.3453647229951e-24,0.0,0.0,291.6372398764401,-0.0028133733503225835,4.608112437630563e-06
1979-08-06,-0.04190971180375686,0.0014405261493672086,-7.3453647229951e-24,0.0,0.0,291.2790771742999,-0.002467477904622164,3.692240027560688e-05
1979-08-07,-0.026414524111370585,0.0014186381115078254,-7.3453647229951e-24,0.0,0.0,288.61166510788513,-0.0021855163645778,0.0018627898678541615
1979-08-08,-0.025284518208880887,0.001398240189767827,-7.3453647229951e-24,0.0,0.0,287.51205541319774,-0.0030889563725493047,0.003097801306153422
1979-08-09,-0.015856498126256266,0.001456277181873214,-7.3453647229951e-24,0.0,0.0,284.8711249823849,-0.0032373451401537428,0.011434466320242587
1979-08-10,-0.01759884620116929,0.0014016083573217448,-7.3453647229951e-24,0.0,0.0,282.7786883086584,-0.0029680320919401905,0.008242831829572542
1979-08-11,-0.027692226998213325,0.0013169465260317098,-7.3453647229951e-24,0.0,0.0,285.0903671214361,-0.002982349813742153,0.0023902059778979135
1979-08-12,-0.02269628837620471,0.0012816663852519236,-7.3453647229951e-24,0.0,0.0,285.46651655222286,-0.0020632207772489325,0.0021084320747231967
1979-08-13,-0.002806493875670568,0.0029061418131919904,-7.3453647229951e-24,0.0,0.0,280.79436485735937,-0.00229187806973518,0.03098976376366481
1979-08-14,-0.010864221780313611,0.0014879917357601016,-7.3453647229951e-24,0.0,2.062590108752924e-09,282.18191960077957,-0.002453101998836981,0.010347068983282748
1979-08-15,-0.019094204582736994,0.001217683493080786,-7.3453647229951e-24,0.0,0.0,284.3296182743798,-0.0020656879717684063,0.0014483392406991647
1979-08-16,-0.014599229193339915,0.0030417649422661737,-7.3453647229951e-24,0.0,0.0,284.01898919660493,-0.0026065367510763266,0.012960294579279679
1979-08-17,-0.01544560277360981,0.0017583868597860393,-7.3453647229951e-24,0.0,0.0,282.7269178307887,-0.0024795648089404837,0.0071585284900244645
1979-08-18,-0.0189933958279211,0.001888918422036252,-7.3453647229951e-24,0.0,0.0,282.8454243791081,-0.002037901252423976,0.00515337754767364
1979-08-19,-0.007729348237231628,0.002161735363599271,-7.3453647229951e-24,0.0,0.0,281.3494520672297,-0.0025722960610005817,0.011900749078578195
1979-08-20,-0.002835048878260252,0.0015885154742979063,-7.3453647229951e-24,0.0,0.0,280.0460619306834,-0.002219313650397258,0.014212101525267737
1979-08-21,-0.01502826856186161,0.0011678237026020632,-7.3453647229951e-24,0.0,0.0,280.2963974336671,-0.002503180455437488,0.003056048707054483
1979-08-22,-0.013776195419710235,0.0020593180831542796,-7.3453647229951e-24,0.0,0.0,281.17759323479316,-0.002387950996642059,0.008120496226621974
1979-08-23,-0.018039226068951992,0.0011657558928775248,-7.3453647229951e-24,0.0,0.0,281.27680425051244,-0.002153624059621897,0.0033207397171659864
1979-08-24,-0.01492069792107674,0.001261596541620244,-7.3453647229951e-24,0.0,0.0,281.3194570056463,-0.0025769099066991594,0.008768940535606036
1979-08-25,-0.011271536813280678,0.0016858505327149301,-7.3453647229951e-24,0.0,0.0,280.1043553397256,-0.002571898991357809,0.007454575716191021
1979-08-26,-0.012987638176497767,0.0011873864858163953,-7.3453647229951e-24,0.0,0.0,280.17691190184405,-0.0018610144297113527,0.004919279163999751
1979-08-27,-0.01948393658224472,0.0011118555304694313,-7.3453647229951e-24,0.0,0.0,281.98146771217245,-0.002197046601081972,0.0008092907525675547
1979-08-28,-0.014809697950627171,0.002010247633282074,-7.3453647229951e-24,0.0,0.0,281.0181544460146,-0.0024238293937875726,0.007432041363527546
1979-08-29,-0.024091199250881285,0.001104906874861421,-7.3453647229951e-24,0.0,0.0,282.5809638495724,-0.0021754882461522936,1.6705397153718986e-05
1979-08-30,-0.030874827950350986,0.0011058854686338349,-7.3453647229951e-24,0.0,0.0,286.08880065659343,-0.0023824922677318935,1.7106522136600688e-06
1979-08-31,-0.030605005805438523,0.0011158697517578212,-7.3453647229951e-24,0.0,0.0,283.3829557271552,-0.0020998352770246354,0.0008764593950423007
1979-09-01,-0.02627433419732724,0.0011062696155181714,-7.3453647229951e-24,0.0,0.0,281.42242137097145,-0.002032675012146349,2.4558292270380228e-05
1979-09-02,-0.02795955968105187,0.0011051410840729537,-7.3453647229951e-24,0.0,0.0,284.31234397457143,-0.0022083169038770566,9.542773550344983e-05
1979-09-03,-0.029561046489887995,0.0011008487077756117,-7.3453647229951e-24,0.0,0.0,286.24912296086836,-0.00226451773301693,8.250360435011697e-09
1979-09-04,-0.03450987660615458,0.0010968609213155543,-7.3453647229951e-24,0.0,0.0,286.2626644033946,-0.002287153144088169,4.5360313240148134e-05
1979-09-05,-0.024774842764024686,0.0010920364809575054,-7.3453647229951e-24,0.0,0.0,283.64313426978623,-0.0018152072710000864,1.775629097162655e-05
1979-09-06,-0.02486231140160965,0.0010872620478861751,-7.3453647229951e-24,0.0,0.0,284.26390773607966,-0.001908563535218522,2.5954286881186766e-06
1979-09-07,-0.027513888511954056,0.0010835466916951756,-7.3453647229951e-24,0.0,0.0,286.4190256618062,-0.0020686259630036223,0.00017072251961056123
1979-09-08,-0.032019003552232084,0.0010764637572617181,-7.3453647229951e-24,0.0,0.0,287.2720102680156,-0.0022534509899757678,1.2909025599583401e-06
1979-09-09,-0.03059909000235089,0.0010798973383876565,-7.3453647229951e-24,0.0,0.0,288.1844190141351,-0.0022264805511902955,0.000939595754320128
1979-09-10,-0.019834287632993386,0.0010814708841722566,-7.3453647229951e-24,0.0,0.0,283.8689599117991,-0.0017990464355144124,0.0019668579437629786
1979-09-11,-0.01749060875446783,0.0010596872386285814,-7.3453647229951e-24,0.0,0.0,277.59097484365924,-0.00126095870667595,5.8651272758066565e-05
1979-09-12,-0.012455280596590313,0.001100007676135349,0.01907722200153013,0.004273243921961488,0.0005104288374636807,274.97841534012906,-0.002053394776868955,0.008609422092472941
1979-09-13,-0.009269860083773986,0.0010895894914023621,0.028919629457980225,0.0016780274441349978,0.0007756291178323456,274.1220025531316,-0.0017554071695033441,0.004865768581391285
1979-09-14,-0.01857039833304572,0.0010630304867264915,0.029033883592278723,0.00014759490718949312,0.0012165128258662037,275.4733080531693,-0.0016758287599110337,0.00034771144053356796
1979-09-15,-0.02439939786316985,0.0010599579009632606,0.019428490245409605,0.0,0.0015315037578512722,280.7032996642837,-0.0017440755414844906,8.52346317969932e-07
1979-09-16,-0.02831979453732065,0.0010425866828799922,0.009482863259180793,0.0,0.0008873279169622788,284.0068811930281,-0.001846436521638248,1.2874602361989673e-06
1979-09-17,-0.022519209543190432,0.0010280073699304613,0.0044740723575800384,0.0,0.0004400923258840701,283.8280347727113,-0.0016920421440890956,4.351138613856165e-07
1979-09-18,-0.0230573091213986,0.0010174044781485522,0.0019227798375706215,0.0,0.00022057435438457856,282.9960730241966,-0.0017810363090981199,2.8490892588197934e-05
1979-09-19,-0.02682609355213952,0.001036745680254058,0.0005770178613465161,0.0,7.717172473163928e-05,284.1334576148771,-0.0017275093491636428,0.0025161406345979866
1979-09-20,-0.016142620457767768,0.0010548833399842688,0.000405521716101695,0.0,3.5305744258023925e-05,280.21633476860785,-0.0016538400602879497,0.0044440203635706076
1979-09-21,-0.01818396479396497,0.0010009629409865471,-7.3453647229951e-24,0.0,1.6535784901872193e-05,279.77168725439384,-0.0019122453006563216,0.0007863158727420116
1979-09-22,-0.026389362574633906,0.0009845894272044555,-7.3453647229951e-24,0.0,6.9771530264515e-06,282.5997619521147,-0.0016538859266093224,9.968119095678266e-06
1979-09-23,-0.025880302623503625,0.0009767707795073084,-7.3453647229951e-24,0.0,3.490523345726359e-06,282.34894259680914,-0.0015835474103184071,1.4134786805836977e-05
1979-09-24,-0.021792334309742277,0.0009716153144836426,-7.3453647229951e-24,0.0,1.954925009759806e-06,280.7723821040152,-0.0016259313797799208,0.0003316041011733093
1979-09-25,-0.025165920245782132,0.0009631548224195923,-7.3453647229951e-24,0.0,1.1028122093717932e-06,282.0223778475027,-0.001601216851570512,0.0002620452600860702
1979-09-26,-0.02396261401600757,0.00096489750059311,-7.3453647229951e-24,0.0,4.4981301841089284e-07,282.69634396971514,-0.0017058166890999693,0.0012646930456881398
1979-09-27,-0.022013291043076814,0.0009455621916022005,-7.3453647229951e-24,0.0,1.9081063189748992e-07,279.13173012814275,-0.0013524554669857027,5.122691750766741e-06
1979-09-28,-0.023511368802375046,0.0009376974934238499,-7.3453647229951e-24,0.0,1.408138685980759e-07,280.47401979593684,-0.001412219773072981,4.4431597956418045e-07
1979-09-29,-0.024656708336482615,0.0009296938861157263,-7.3453647229951e-24,0.0,7.99043198763314e-08,281.2502046286948,-0.0013878217629962049,4.4168826818236084e-07
1979-09-30,-0.022836710478963154,0.0009229013138571702,-7.3453647229951e-24,0.0,5.305907820577676e-08,282.16856656191266,-0.0013334639791378194,0.0001620695446759695
1979-10-01,-0.019936031961845138,0.0009186449697462179,-7.3453647229951e-24,0.0,2.6413781494744083e-08,279.2670035676543,-0.0015024125818057924,0.0006500131497948858
1979-10-02,-0.016974866221853572,0.0009459478538588616,8.138020833333333e-05,0.00019462945434333244,1.2807000828328106e-08,279.9992412667715,-0.001172846009544397,0.0038667784235571737
1979-10-03,-0.016969514431926493,0.0009027427367571384,0.008657107020951037,0.0012684751112582323,7.745101626983471e-05,272.9680758977341,-0.0014277801527983725,0.0016922778891982444
1979-10-04,-0.018401544856823097,0.0008968816975415765,0.007897788297434089,0.0,0.0004504906634489696,277.58618242367965,-0.0012054119869477334,2.5722358714119764e-06
1979-10-05,-0.02118109911680222,0.0008861440218101114,0.005043503928319209,0.0,0.000249969473077079,280.12343663863993,-0.0012002929382152476,3.442044771873043e-06
1979-10-06,-0.02004486638105522,0.0008778373400370281,0.0032262424964689266,0.0,0.00021669587467686605,280.92192680014057,-0.0011559282297973579,2.127885977643018e-06
1979-10-07,-0.02029214892010231,0.0008687224596907191,0.0019386420815677968,0.0,0.0001272477609457943,281.2911595956979,-0.0011190135915905744,2.4606615355323656e-06
1979-10-08,-0.009850370050486872,0.0008633678915810451,0.0017795598664077212,0.0006764736552696443,3.905709054173723e-05,278.26227398241986,-0.0007295182637744032,0.0011714414014654645
1979-10-09,-0.01288692573201185,0.0008538360312833626,0.017307777189265537,0.002107695629030971,0.00011217160581868922,271.5568110184032,-0.0008025214097089014,0.0021512162550644787
1979-10-10,-0.01567445236579173,0.0008602022787945419,0.016261328860640304,0.0,0.001212967949061744,278.28418334055755,-0.0009888914797854963,1.263652507077495e-06
1979-10-11,-0.01653064778969113,0.000844606908701234,0.008607681188206215,0.0,0.0005953781475118325,281.0060699484443,-0.0009142589244970494,0.0
1979-10-12,-0.011368008488315649,0.0008363900548320707,0.004720971633709982,0.0,0.0003042492047373185,277.6959632399392,-0.0007501026604977032,0.00042096524584258336
1979-10-13,-0.015187532719919235,0.0008250504816319311,0.002836123249176083,0.0,0.00021842342017397372,279.1208450367671,-0.000927965398772625,1.2814998626708984e-06
1979-10-14,-0.01898171714806961,0.0008160162106745661,0.0015172581214689268,0.0,9.753665555331666e-05,280.2153042220351,-0.0010087543961691992,1.9711559100265557e-05
1979-10-15,-0.01680879795787025,0.000809500698989394,0.001359555231873823,0.0,4.677183000044634e-05,278.832563752284,-0.0008307795992678843,0.00026349263665910477
1979-10-16,-0.005101301239035224,0.000859242879738242,0.014874417005061208,0.003857966196739068,0.0004186652348203174,274.9849133500496,-0.0015679748286887753,0.009592780824332642
1979-10-17,-0.010491829765381787,0.0008003252037500931,0.022740480814500943,0.0,0.0005184444414693758,274.8120199623754,-0.0007492368093739123,4.518811565400943e-05
1979-10-18,-0.0137461415876103,0.0007895429929097494,0.019953093735287197,0.00015065794821176153,0.0002281379880709837,274.5306515918164,-0.0008361191294119182,0.000219686769521008
1979-10-19,-0.011262892792790625,0.0008216544059710315,0.0200570029278484,0.002549462167725051,0.0004687994444942744,275.4095668613125,-0.0011796472846704014,0.006162044178946844
1979-10-20,-0.008639247909104085,0.0007747647452489132,0.03013412561793786,0.0012645560427237367,6.206277863117262e-05,271.69899788190196,-0.0007204084294074674,0.0015229144924649514
1979-10-21,-0.0068459135327635515,0.0007672858777019264,0.08914144339983522,0.008081595755397937,1.5025821614400144e-05,268.3209655388152,-0.0005807700530115495,0.008356454375570584
1979-10-22,-0.009230660348288757,0.0007661927891316388,0.08871546168785312,0.0,0.0004775529401113758,267.3741182553566,-0.0005335023805583264,8.45527822060173e-07
1979-10-23,-0.010046154050166999,0.0007735439444665856,0.08047629031308852,0.0,0.0014824084306167345,272.3714967249926,-0.0004829714327292928,8.583068620282575e-07
1979-10-24,-0.01085563563862763,0.0007616056729171235,0.07022537260181262,0.0002764014706099775,0.001053838869609402,273.66765579396053,-0.0007697399600414233,0.0003043633517485289
1979-10-25,-0.0115953367729645,0.0007729623782432685,0.06036158559910547,0.0,0.0023109268102437094,276.6697164129627,-0.000862568416922106,2.5681970328150783e-06
1979-10-26,-0.007966481864789113,0.0007497860213457529,0.053325186116996236,0.004886397281609013,0.0003705055026684778,275.22010126850256,-0.0008955101645683166,0.0063602556616345635
1979-10-27,-0.009410355934652231,0.0007400855337832607,0.07374633099399719,5.11135085154388e-06,0.0008429347269110761,271.10944917826106,-0.0007548128375730946,7.599662749939365e-06
1979-10-28,-0.007249269697625758,0.0007307481462672606,0.06802994607756592,0.0012072230673442453,0.0004013964516968377,271.5032745081153,-0.0005958904801620602,0.00191290019469471
1979-10-29,-0.003479642930340632,0.0007168348394544785,0.13004074527718928,0.013060030501104344,0.0,268.2191342319697,-0.0003596896905515154,0.013187877892772957
1979-10-30,-0.00523839116433246,0.000711073983187056,0.16679425428142655,0.0014032364775568753,0.0,264.4498615588172,-0.00040557537501477925,0.0014076595600354628
1979-10-31,-0.0049507693719055695,0.0007094007595784248,0.16482365782427028,0.00013435366800275902,0.00027852578057070915,262.0326318543285,-0.0004251307707890279,0.00013762544288338846
1979-11-01,-0.0030411299381215696,0.0007002256010885293,0.1649671076830273,0.002008108916760838,0.0,261.04064221929923,-0.00027062245618320453,0.002013563977834308
1979-11-02,-0.006799651972823225,0.0007005040086595352,0.17610263285663844,0.00041211063915726833,0.00040442528108419,263.35187636840595,-0.0004269581414380316,0.00041424839786954616
1979-11-03,-0.006500666466473187,0.0006975780772624043,0.16921244188441623,0.00013265531446974158,0.0005646228453533798,266.26893644817807,-0.00045110194254561337,0.00013661105735265645
1979-11-04,-0.0021390430839721766,0.0006846506885216061,0.17736839395009418,0.005274636807751521,0.0,267.3570366372721,-0.00023393700225541822,0.005279973334432214
1979-11-05,-0.0019194027882511334,0.0006796263873913868,0.2212445102842514,0.005085529370159753,0.0,267.0264768654344,-0.00022332655465872274,0.005089810019154074
1979-11-06,-0.004857252083592496,0.000676397549903999,0.23417154947916666,0.0004853880253888793,0.00012241691182562187,266.5210592841025,-0.00032847136322219494,0.00048768525657517307
1979-11-07,-0.004868390996240627,0.0006712766858817496,0.22830412841337103,1.014710146155061e-06,0.00010554520886833385,264.2097158449967,-0.00037287526085215097,2.732722301814359e-06
1979-11-08,-0.0046559144548103636,0.0006659983073250723,0.22309211687853106,5.8523426621647204e-05,7.054916882919053e-05,264.9582443057705,-0.0003932369820310572,6.07418475178002e-05
1979-11-09,-0.0030265004284637798,0.0006603051376881572,0.22282268861817328,0.0009121969763168508,0.0,260.96197293168404,-0.0002896419258020019,0.0009157241064226662
1979-11-10,-0.0036142973155625126,0.0006556233107033422,0.23988885394597456,0.0018220035369786844,0.0,262.21527786757764,-0.0002776504162762125,0.001827343153312435
1979-11-11,-0.0023685557778272254,0.0006510391410461255,0.2587957292402307,0.004621523795491558,0.0,262.8392558268459,-0.000217469261780297,0.004629566261084137
1979-11-12,-0.004285080116347405,0.0006506727576929297,0.27160897407603585,9.130379237697622e-05,0.00030115933952021734,262.2651201488833,-0.00026036003383539494,9.272521161763683e-05
1979-11-13,-0.006098204329188935,0.0006482062366722669,0.26443740068855937,0.0,0.0004420089456489531,265.4978381981285,-0.00034856784688887623,1.2894106475869194e-06
1979-11-14,-0.008017425735791525,0.0006465144076589811,0.25545017508239176,0.0,0.0006323612300352863,265.245476886153,-0.00040354320811013044,8.583068051848386e-07
1979-11-15,-0.009098663252625762,0.0006440480550130209,0.2444663757209275,0.0,0.0007602958124404574,269.48116961621076,-0.0004307359435969154,4.351138045421976e-07
1979-11-16,-0.00767664876529726,0.0006418072402814014,0.23247773768538138,0.0,0.0008874010862940449,269.75898112640095,-0.00041102930524591674,0.0
1979-11-17,-0.007630949219067892,0.0006404127609931816,0.2205254218897128,0.0,0.0010758644380306796,270.524450927131,-0.0004456335163049105,1.7091265362978447e-06
1979-11-18,-0.005591778516095911,0.0006249069662417397,0.2097211647392891,0.0015513832749283248,0.00029074993131861183,269.7175955045021,-0.0004696777711311977,0.001553859767918021
1979-11-19,-0.0019749846246282935,0.0006164038753778921,0.22271556099929382,0.002246865781687074,0.0,263.2940470772724,-0.000188085992457503,0.002248828205680184
1979-11-20,-0.0011324470831175983,0.0006123359425593231,0.25761226790548497,0.003955520394831729,0.0,261.0158101744571,-0.00014228214336148764,0.003960453891382433
1979-11-21,-0.0035495831299636326,0.0006083276143855294,0.2785030731373588,0.000787303398894725,0.0,260.1421778296347,-0.0002554871647034662,0.00079050537209597
1979-11-22,-0.005368548303337421,0.0006099927560084283,0.2744398099105462,6.865478504849019e-08,0.00036966770171782394,262.19749121297775,-0.00031098662375730315,9.231815667877877e-07
1979-11-23,-0.005947627884856725,0.0006071647345009497,0.2666411031661958,0.0,0.00043681566998109985,265.05450161073617,-0.0003385448533683847,8.70227722771233e-07
1979-11-24,-0.0038833450210296505,0.0005966733067722644,0.2591911359021893,0.00013024031610812172,0.0,262.93082602908606,-0.00021723420543354112,0.00013123107092913078
1979-11-25,-0.0027247589860258806,0.0005929065962969247,0.2833537013741761,0.004326395753581645,0.0,262.2477048776918,-0.00021231600141289543,0.004332034975618947
1979-11-26,-0.0022698741006312397,0.0005891696881439726,0.2981901869262006,0.0009561760908803024,0.0,257.9293071006876,-0.0001949361172941445,0.000957758396267864
1979-11-27,-0.0010415367824209614,0.0005854955837551484,0.30746477202507067,0.0029683590650895226,0.0,255.39073316211307,-0.0001227153980799314,0.0029753470992742955
1979-11-28,-0.0017392547790613551,0.000581861384170877,0.3408037605932204,0.0017546788699882854,0.0,255.9231852910389,-0.00015880664715827524,0.0017590685732819878
1979-11-29,-0.003258624235115483,0.0005782601860283459,0.3278905146539548,1.043081283569336e-07,0.0,257.51820661253856,-0.0001655045244316597,9.669758042370844e-07
1979-11-30,-0.004390045579543896,0.0005747382923708124,0.3227125264830509,0.0,0.0,262.0843496879391,-0.00024230521445893973,8.70227722771233e-07
1979-12-01,-0.0048191919501891925,0.0005712265011954443,0.31691752000941625,0.0,0.0,264.08730529885736,-0.000252678479978257,8.553266184208042e-07
1979-12-02,-0.004462916761805109,0.0005697272928421107,0.3104976790548494,4.096493377523907e-06,0.00012865414222081503,267.1747047115405,-0.0003266954205214641,5.7554009220795344e-06
1979-12-03,-0.005368594816849057,0.0005691931240976194,0.30098309130767426,2.6357354922483197e-05,0.000317415717126286,270.0273800722399,-0.00033776052190927463,3.0228861910382993e-05
1979-12-04,-0.011018908882545215,0.0005616304059486606,0.2901765352813089,0.0,4.3778517151956505e-05,272.34043451801307,-0.0007378206888245324,1.284479992591514e-06
1979-12-05,-0.009979996093585667,0.0005576224145242725,0.2941974991907957,0.0038125096572994514,0.0,265.6685559511634,-0.0006996886752082804,0.0038925823350069626
1979-12-06,-0.004681138290187061,0.0005542958355219351,0.30438887601518366,0.00015740271257815388,0.0,267.18278251260017,-0.0003060533870327271,0.0001611403488493772
1979-12-07,-0.0027926445091511574,0.0005510254094829668,0.3078459256561912,0.002117791018411938,0.0,266.5371402841055,-0.00027993991234376606,0.002125280203027887
1979-12-08,-0.0033613966178085847,0.0005506250986271659,0.3110537771451271,9.268656962335448e-05,0.00018718459848630225,267.88519175398375,-0.00016333660542291437,9.496184412072667e-05
1979-12-09,-0.004752647236915632,0.000551066913847196,0.30323093220338987,0.0,0.0004236989438870533,269.6270567719771,-0.00026992521127738525,1.2924431942050083e-06
1979-12-10,-0.007093748635491409,0.0005445416364292642,0.2927457590336629,0.0002980044921912716,0.0002051452016931469,270.2906961243481,-0.0005572015566930259,0.0003234625199079244
1979-12-11,-0.0020608010433487973,0.0005382518310331357,0.3192083498852401,0.0030409170914504485,0.0,255.8135625260923,-0.00027531018154432544,0.0030487264737412956
1979-12-12,-0.00307669309572985,0.0005351634180478458,0.3209798636858522,0.00010105390838310544,0.0,257.21171770975866,-0.00021254558558181185,0.00010462908793083007
1979-12-13,-0.004873370804355644,0.0005320734055028797,0.318230178172081,8.658267094590569e-05,0.0,260.4818096412328,-0.0003380036865503101,8.794559250314336e-05
1979-12-14,-0.005743557324180496,0.000530873314808991,0.3131938007591808,0.00012139614019016762,0.00011714050114828317,267.8181716250835,-0.00043551243399664514,0.0001245811630355668
1979-12-15,-0.006168912401643851,0.0005282308422239488,0.3040141592366996,5.887431950218934e-06,0.00014466886003475406,267.72500373998383,-0.0005665876518535075,5.894882530815858e-06
1979-12-16,-0.0029746249823246968,0.0005230447330043814,0.3546457524129002,0.004221238827301284,0.0,259.0505391208915,-0.0002423789888872939,0.004223662142048736
1979-12-17,-0.005443836462363011,0.0005278216916962533,0.3544036807762477,0.0,0.0004927320668926347,268.7019685504576,-0.00031297845439722313,4.417646053010336e-07
1979-12-18,-0.0056583254603342825,0.0005251739153080742,0.3401393854460923,0.0,0.0005055576099851038,272.5971758819121,-0.00046487109956599906,8.583068620282575e-07
1979-12-19,-0.0059347229320450695,0.0005258570956645039,0.3271293568296846,0.0,0.0007235366367014114,268.1797583808109,-0.0003228218762972261,8.553265615773853e-07
1979-12-20,-0.004681811031311919,0.0005162222742360864,0.31588877302554147,7.840368033802442e-07,0.00029817450854737886,267.6717972872172,-0.000286786664424643,3.3592613347583074e-06
1979-12-21,-0.003644733526612406,0.0005124212153213846,0.30787994902012716,3.3176130494155454e-07,0.000236028963226383,264.76476737200204,-0.00023658035880765,2.0535230834152294e-06
1979-12-22,-0.0010161762267856275,0.0005058021952876938,0.3199501971516007,0.006258069458654372,0.0,264.99826588962935,-0.00011180629585422367,0.006261503191283436
1979-12-23,-0.001959952341634675,0.0005030256543455824,0.39608115215983997,0.005555289529137693,0.0,265.3489781288104,-0.00018698366958711107,0.005561205626824212
1979-12-24,-0.0029131037283078426,0.0005022012918008923,0.4037925016184087,2.2414250899169404e-06,0.00011719687510344942,264.8599161446207,-0.00015129754056701552,3.098414408527454e-06
1979-12-25,-0.004649332898148036,0.0004976247831926508,0.39238570908368653,1.1874625911820407e-07,8.186378047964669e-07,267.1165567135856,-0.0003777671037083965,3.1288648544386123e-06
1979-12-26,-0.003156792393511972,0.0004949118457945054,0.38249019759298497,4.005402663333268e-05,0.0,262.6979175467051,-0.00021111235380341106,4.5428690241043134e-05
1979-12-27,-0.0036766076155301543,0.0004926954033011098,0.3765848450741526,0.0,2.5789111347521772e-05,258.31154510440575,-0.0002481016556674478,1.2954208159499103e-06
1979-12-28,-0.002445503690485227,0.0004896565345721056,0.3710944396627825,1.6489776514344298e-06,0.0,261.72839744840866,-9.445222042037943e-05,2.5079747701631975e-06
1979-12-29,-0.00443409711627637,0.0004914564601445602,0.3650902354784605,0.0,0.0002672360357591662,263.3253684394104,-0.00018334598675117655,2.1261327560750942e-06
1979-12-30,-0.0041845387826531626,0.0004885029994835289,0.35773107381414787,0.0,0.000245019940838302,262.64753955546524,-0.00020859358926950876,2.59002382563267e-06
1979-12-31,-0.004104651763277539,0.0004851959519467112,0.35063858175906315,6.09937360731222e-08,0.00019254059778094966,264.62000884219526,-0.00022743881211779212,2.6229998153304856e-06
1980-01-01,-0.0027545756623569857,0.00048105688081622806,0.3477024574064266,0.0016946056384151266,9.81438463017092e-05,266.20007318830767,-0.0001663188423729886,0.0017105182011872464
1980-01-02,-0.0016138482481072851,0.0004769673118483549,0.3776048563294491,0.0034239754333334456,0.0,263.39893250546214,-0.0001266349401682784,0.0034325537589905636
1980-01-03,-0.0016902153943218082,0.00047448934134790456,0.3946551594132533,0.0013508635052179886,0.0,263.1238499621663,-6.839926591364005e-05,0.0013562927344150794
1980-01-04,-0.002372809512130285,0.0004720643246914707,0.40229984146951514,0.00041090421336518844,0.0,260.9052863543092,-0.00016149715388898798,0.0004209001326758279
1980-01-05,-0.003463501142243208,0.00047300831746246855,0.3991853243438089,0.0010201254975324297,0.0001811139959063234,265.90316950983026,-0.00015103536536969708,0.0011840564764662757
1980-01-06,-0.0022432201747166914,0.00046728374594348974,0.4517468238729991,0.007814379672041048,0.0,256.9688583955927,-0.0003622806404775146,0.007926835666907953
1980-01-07,-0.0009445668024531867,0.00046489173072879604,0.4740553458980697,0.0006347245163163224,0.0,249.3889175996942,-5.2500063669210104e-05,0.0006376753309868587
1980-01-08,-0.0003118626562889013,0.00046255772059920145,0.5014310502736582,0.003237853131893665,0.0,251.46582546341895,-4.8851646945974924e-05,0.0032438190473885187
1980-01-09,-0.002010761891717965,0.0004602351599493943,0.5340592264006592,0.0015774820484010512,0.0,258.7802747126578,4.4127389536065574e-05,0.0015831430350203846
1980-01-10,-0.0030423034045655856,0.00045792430134142866,0.5391025004413842,0.008058271754932943,0.0,266.65120257002263,-0.00022054495195210992,0.008171550364945405
1980-01-11,-0.004617280163670664,0.00045565309497596186,0.6056073722192797,0.003365558966741724,0.0,256.8042178576051,-0.00037538787444769327,0.0033692176563241923
1980-01-12,-0.004755041946125569,0.00045339013897093,0.5994468444709277,0.0002898953139445203,0.0,265.3049395250511,-0.00011008682181942935,0.00037063108526977004
1980-01-13,-0.006180256310492586,0.0004511519340472033,0.577007746292373,0.0012846559833335337,0.0,270.5087065220777,-0.0003529167760395061,0.0014495457625791027
1980-01-14,-0.0027390931875018753,0.0004494477294932652,0.5742318535928672,0.005376433101245913,0.0,270.71263794261415,-0.00023712384603959697,0.005854704839381198
1980-01-15,-0.002084219354694173,0.00044670532652213755,0.5795303028631121,0.0004337633312758753,0.0,268.2430029903204,-0.00013531570317549895,0.0004370243198104361
1980-01-16,-0.002919152926253734,0.000444533377043945,0.5769868265213042,0.0020143546711253583,0.0,267.00385315674174,-0.00012584436832174746,0.002028837530427239
1980-01-17,-0.003910399931298811,0.00044234147516347596,0.5695862850900424,2.1067884682262013e-07,0.0,264.7041196158601,-0.0001633470604396136,1.0672063055896055e-06
1980-01-18,-0.0016859390557149038,0.0004402009275673473,0.5694504215218926,0.003248713384408735,0.0,262.3548896056784,-0.00020509454721616486,0.0032533043015798473
1980-01-19,-0.002210115940220612,0.00043805212961078367,0.6621707549876413,0.0060370787136298796,0.0,259.7422592249294,-0.0001503180259954458,0.006041847209252601
1980-01-20,-0.002642526380759848,0.000435928082735525,0.6714998234463276,7.657216346196537e-05,0.0,260.7689805758202,-6.891437674646325e-05,7.912415557742769e-05
1980-01-21,-0.0025444128419046352,0.0004338189370214603,0.6666498848722928,0.002388432032644412,0.0,262.55721260329426,-0.00015824448085774136,0.0023925991212913277
1980-01-22,-0.004228343776727127,0.00043171964122750664,0.6764037856049906,0.000971359595403833,0.0,260.1371177306957,-0.00018987173246125044,0.000972844954937865
1980-01-23,-0.005071469787823952,0.0004296485481962646,0.6615999440913372,0.00017869068404375497,0.0,266.0188284225608,-0.00022720777045535505,0.00018057094116415677
1980-01-24,-0.004334174854270482,0.0004275939558858925,0.6433029605843927,0.002442436408525133,0.0,267.829464680731,-0.0003132692112003343,0.0024473758235262206
1980-01-25,-0.002016150892454352,0.00042554761393595554,0.6999645053554614,0.008985286673246804,0.0,258.3716943061958,-0.0003871538565825608,0.009000935761893826
1980-01-26,-0.001156773186672879,0.00042351457358753614,0.7972251188059087,0.003262566097375363,0.0,249.8093928500533,-0.00017808833406806666,0.0032654754685747813
1980-01-27,-0.0006725781802403725,0.00042152438460096804,0.8108579129149012,0.0013750587816292285,0.0,247.8008114514827,-7.236034919818243e-05,0.0013785125676058106
1980-01-28,-0.001269009869314183,0.00041952274613461256,0.8319075704743409,0.0012549012478462048,0.0,247.0505656405807,-9.40325254269239e-05,0.0012601582849093077
1980-01-29,-0.0010574496230163146,0.00041753920794880333,0.8266895818620528,0.000648914252297353,0.0,248.22070916673334,-1.19247068624712e-05,0.000649764881295673
1980-01-30,-0.0030617658364570748,0.00041557562216527053,0.8473969367937855,0.0014367136199258815,0.0,252.9158648510662,-4.9062778299811195e-05,0.0014391325386226641
1980-01-31,-0.0038222122495457284,0.00041362348586152506,0.8348763388653484,0.0,0.0,255.9971302952021,-0.00012177236294005552,1.7248702804241828e-06
1980-02-01,-0.004042370171196717,0.0004117078026809261,0.8179101746410076,0.0005648445527432329,0.0,263.3174669908714,-8.537062564812138e-05,0.000570583511778244
1980-02-02,-0.0047169082329771616,0.00040975406681750457,0.8087723726606639,0.0021491855972230775,0.0,265.5930012237779,-0.00016107576462508596,0.0021531260619274506
1980-02-03,-0.0032499237249126547,0.00040785648391745185,0.7895011255296611,0.0021998555015372693,0.0,266.88670898336926,-6.405744007078268e-05,0.002216346519815046
1980-02-04,-0.005077761739997541,0.0004059557018980468,0.8264799243761771,0.009887392111754014,0.0,267.2270063949844,-0.0003818391090900885,0.009940681938968863
1980-02-05,-0.004181740858123802,0.0004040597185576703,0.8365844036899718,0.0006974500493477967,0.0,262.27458550117336,-0.00019088668464604074,0.0007049939410566275
1980-02-06,-0.002556051743232598,0.0004022118903822818,0.8179993710275424,0.0012547708837325965,0.0,264.70905534201876,-7.821097022901148e-05,0.0012579063093128133
1980-02-07,-0.0023804692562017066,0.00040033905856353417,0.8267852151012242,0.003900342615647505,0.0,263.4150786390862,-0.0002881502627400355,0.0039041132086076766
1980-02-08,-0.0046670185559887,0.00039846462718511034,0.8282307482933146,0.0003426483921748771,0.0,258.30140989558623,-0.00021542291456865057,0.00034647306142729893
1980-02-09,-0.004318988887266924,0.00039662319724842655,0.8128813835187149,5.816925043440135e-07,0.0,262.88403211834293,-6.982005901087477e-05,1.4325487289319283e-06
1980-02-10,-0.003200732339910195,0.00039475861579011393,0.7955549854343221,0.00015656727939675758,0.0,262.72489933868815,-8.78647653817457e-05,0.00016273487421289
1980-02-11,-0.003780480789936195,0.00039291558629375397,0.7807782706567797,5.713616639880811e-05,0.0,258.2519705820892,-0.0001981116799732386,6.179302754499128e-05
1980-02-12,-0.0024633526296938884,0.00039107575591674636,0.7693048107197505,0.0010457284916928933,0.0,260.27567973020166,-2.8298852049698262e-05,0.0010482976833069795
1980-02-13,-0.0011305013029588818,0.0003892492271412564,0.8225624098840632,0.008806483683276311,0.0,262.0059963053903,-0.00010605466336348636,0.0088099039292143
1980-02-14,-0.001367196103947311,0.00038743094872620146,0.9294810609404427,0.003726377914854362,0.0,260.7738028237151,-7.298660311995252e-05,0.003729646210660196
1980-02-15,-0.001115414550748922,0.00038560601951038775,0.9309555599693974,0.0016982381332055322,0.0,260.4865329512544,-7.371912778770857e-05,0.001705732621624618
1980-02-16,-0.003838633076619294,0.0003837877410953328,0.9303983124411488,0.0005371568061537663,0.0,260.7441010951098,-3.2682666334055244e-05,0.000538558702920123
1980-02-17,-0.006002784322547375,0.00038200751536310063,0.9058345931173494,3.529765174887275e-07,0.0,264.4879959307597,-0.00010730757109694562,2.205369008095525e-06
1980-02-18,-0.0030503787394970823,0.00038023394043162727,0.8811699531397129,0.0032521864283556324,0.0,268.320273986644,1.1687414289194312e-06,0.003385849962024419
1980-02-19,-0.005837829815129102,0.00037845026301798853,0.8762818532250471,0.0012281801825189322,0.0,269.1228786044651,-0.0001620816456227653,0.0012745048866364638
1980-02-20,-0.002928105830135993,0.0003766782876461913,0.8497273073358051,0.0013241814607280798,0.0,268.7419925409522,-0.00014010605291794924,0.001454629332286813
1980-02-21,-0.005644739431849981,0.0003749377141564579,0.8579117654631592,0.00401897618999589,0.0,268.49191735334097,-0.00029676497550839084,0.004030438668207988
1980-02-22,-0.0026306238046473703,0.00037316228710325427,0.8440934520656781,0.0029276553015250948,0.0,265.96490178584156,-0.00031694465206336174,0.002935774020662871
1980-02-23,-0.00341223491787237,0.0003714331630933083,0.8598370740642657,0.002491598959359746,0.0,264.04991511616106,-0.000206419240451802,0.0024970151273316856
1980-02-24,-0.006043239165160617,0.0003696925896035749,0.862155490451389,0.0002661420211280133,0.0,261.6941323971794,-0.0003189669269542236,0.000269429746895647
1980-02-25,-0.0072040163022650166,0.0003679866171152578,0.8465330192149249,0.0,0.0,263.526676472522,-0.00020891641093007587,4.351138045421976e-07
1980-02-26,-0.007208365126181457,0.0003662558935456357,0.8307013502677731,6.526420261226806e-05,0.0,267.808571680791,-0.0001201203545439715,6.646342186475184e-05
1980-02-27,-0.008696176827290637,0.0003645797233797063,0.8105949215071799,1.5564136585946811e-06,0.0,271.8978394833438,-0.00022763434250307624,2.26623592605156e-05
1980-02-28,-0.010792458840345933,0.0003629035532137769,0.7854845294844633,0.0,0.0,272.560322540628,-0.00041640582520746243,1.293420723413874e-06
1980-02-29,-0.002577038555495483,0.0003611744292038309,0.8036679485198918,0.008897255411592581,0.0,267.5451349197359,-0.00047288218902497643,0.008967896992854642
1980-03-01,-0.008391372185979188,0.0003595230101192065,0.8345342661252354,5.088243528274493e-05,0.0,263.37037140007527,-0.00027593500428112216,5.2408703854741936e-05
1980-03-02,-0.008804236470305987,0.0003578766422756648,0.8199727261358288,1.7580423651442018e-06,0.0,266.9968056544072,-0.0002809668927963844,3.4791255735389046e-06
1980-03-03,-0.004379628699714855,0.0003562119215895228,0.8074210933821799,0.0018100081653581502,0.0,267.5605613327745,-0.00021798964484600028,0.001819782422087287
1980-03-04,-0.0022978220282301393,0.0003545804549071749,0.847546823505179,0.0062421766546486455,0.0,263.4389361976006,-0.00034715995550324016,0.006248459017814701
1980-03-05,-0.0033495724201202397,0.0003529439369837443,0.9539732852224576,0.006920651653728916,0.0,261.5006822022117,-0.00021893762073106016,0.0069241826063750275
1980-03-06,-0.004993205605927161,0.0003512693663774911,0.9716546297522365,0.000856745377772272,0.0,264.00448746330994,-0.00015182431660971398,0.0008595164433250511
1980-03-07,-0.005789461571954738,0.0003496874018577533,0.9551487004914078,0.00021304333277341337,0.0,262.9789823938,-0.0002082934297915906,0.00021573112689828248
1980-03-08,-0.006257410566348814,0.00034809718697758046,0.9882550428142657,0.004800860428035596,0.0,263.0187943596849,-0.00035640413709784637,0.004809143886625484
1980-03-09,-0.007140727576899664,0.0003465120233384903,0.9925461246468927,0.0010678940110624175,0.0,263.70398936298614,-0.0003866584140197032,0.0010957190626436773
1980-03-10,-0.007387197876380662,0.00034495321034038135,0.9997294223016716,0.006182506533160722,0.0,267.502550782457,-0.0003176922304818859,0.006222167964663533
1980-03-11,-0.008618936489867625,0.00034338774654151357,0.9933068226959747,2.9667980421734397e-05,0.0,268.7435024318947,-0.0003063454066461089,0.00014116821316002454
1980-03-12,-0.006075548713153366,0.0003418571363061162,1.0057538565942796,0.010242518605822225,0.0,265.7280632816466,-0.0005359928107867807,0.010315013218060725
1980-03-13,-0.007935397453227288,0.00034031482402887723,1.0427689776806732,0.00036445180069928797,0.0,261.85601386018175,-0.000384916746094402,0.0003687431077263178
1980-03-14,-0.010383502448682731,0.0003387560110307683,1.0194907897834276,8.221122167878233e-05,0.0,267.019523890005,-0.00033154703234717,8.494840509096795e-05
1980-03-15,-0.013678506521855373,0.00033726850471927624,0.9897900022804849,0.0006178421531356661,0.0,270.06819092486535,-0.0007850218690552955,0.0010734977221925305
1980-03-16,-0.005223103541102113,0.0003357442927225835,1.0337015213041434,0.009117213767127128,0.0,262.253372095399,-0.0006357890338042362,0.009135176839123078
1980-03-17,-0.008720098326435197,0.00033425333472968496,1.0629446026071094,0.00010236708373673218,0.0,261.2111784760786,-0.0002981412650670036,0.00010263889512643954
1980-03-18,-0.01075143497542473,0.0003327557259360276,1.0410287285928674,0.0,0.0,266.93724447275514,-0.00032155832412552704,4.261732087229575e-07
1980-03-19,-0.00601220787581751,0.00033126636750280524,1.0199666571033428,0.002791499077095151,0.0,265.3986117655724,-0.00035644881953459,0.0027982681821295103
1980-03-20,-0.007253495523821837,0.0003298134621927294,1.0325242669344399,0.0013930586687589095,0.0,263.3995217396939,-0.00029236546554471145,0.0014068941443653431
1980-03-21,-0.009396592565512254,0.0003283539060818947,1.0136567024187855,0.00025116626994084505,0.0,266.8210667252765,-0.0002696245045816831,0.000406151976243574
1980-03-22,-0.00887112593078344,0.0003269026003314951,1.0184779050435497,0.003599573074087585,0.0,265.83889635089656,-0.0005693965312619667,0.003632958052994685
1980-03-23,-0.010551957129421882,0.00032545289414077157,1.004191080729167,1.1266603813333028e-05,0.0,265.07846294194746,-0.0003511423697579379,1.2112303637256048e-05
1980-03-24,-0.004241634896919553,0.00032402979115308346,1.0113789761358287,0.006199775758267797,0.0,265.8633352592167,-0.00030527620623677467,0.006238855870842177
1980-03-25,-0.004158354201222544,0.0003226016369243126,1.0798827205449624,0.008461734458888318,0.0,265.70961942511093,-0.00031021276310002065,0.00846744386821984
1980-03-26,-0.006886775589595407,0.0003212131349380407,1.108620968691149,0.0020474660404994666,0.0,263.8927725739847,-0.0004496550145374853,0.002056163940612112
1980-03-27,-0.010309521761317712,0.0003197982823107876,1.0906747936528958,0.0001402211265038636,0.0,263.5434627425199,-0.0003761841815575368,0.00014286635622466352
1980-03-28,-0.005130359387330416,0.00031840152996408065,1.1001011045639126,0.006168365499562462,0.0,264.87741050792056,-0.0002815426500924563,0.006192563954046217
1980-03-29,-0.009653058302941296,0.00031702632957932643,1.111998017449388,0.00030618487189045066,0.0,264.55808247280663,-0.0003543275561036363,0.00030934071472985263
1980-03-30,-0.009312255739492212,0.00031565272875424833,1.087917521848517,0.0014063581234991214,0.0,266.3130116220248,-0.00039956090435133143,0.0014389329463306319
1980-03-31,-0.004904021945713604,0.0003142990803314468,1.1150017287547083,0.008781862292586075,0.0,266.1986980402313,-0.00036789566846722263,0.008915612101549899
1980-04-01,-0.005075830440063261,0.0003129254795063687,1.1523051288841808,0.004960276502168785,0.0,265.1788625340004,-0.0003580643011435951,0.004965783428337615
1980-04-02,-0.005324321278071,0.00031157183108356716,1.187464367422905,0.005892631192665317,0.0,264.6827611869338,-0.0003810490265825374,0.005906362014872933
1980-04-03,-0.005634743025747397,0.000310254383221858,1.2116862438941856,0.004253530611762894,0.0,264.61211397418873,-0.00034081316053193847,0.004265711822729488
1980-04-04,-0.010514235934295225,0.0003089156359602502,1.2062625058851224,3.5911209165713215e-05,0.0,264.94758019384466,-0.00034425068267826314,3.590834679576637e-05
1980-04-05,-0.012202966137457704,0.00030763304166201143,1.178026792019774,0.0001820211146174178,0.0,268.0969461631416,-0.00040660537042691884,0.0006505934702246678
1980-04-06,-0.009119574422553435,0.0003062892431593211,1.1608626945768599,0.005154357749526784,0.0,269.3176712136709,-0.00048801290807919313,0.005283048833123277
1980-04-07,-0.0054511546162562185,0.00030499174769988845,1.1881885133445151,0.006267831171468154,0.0,265.14073465638245,-0.0004940449949459168,0.006333434228112874
1980-04-08,-0.00949203222990036,0.0003036926526807796,1.203276266036959,0.0002545082552284844,0.0,262.9845066142397,-0.0005144824794793534,0.0002577726787043258
1980-04-09,-0.011109484664801151,0.00030239515722134695,1.1813932659486817,1.3265190488201079e-06,0.0,265.3926089371216,-0.00031182141501014517,2.1819003435445726e-06
1980-04-10,-0.010044840180267724,0.00030111256292310816,1.1795543950829803,0.0054300287685825335,0.0,268.4271642429905,-0.0004771465888131137,0.005535843091023975
1980-04-11,-0.008267945362686439,0.00029983981854498054,1.206606647613583,0.005140635379626926,0.0,265.49572632137665,-0.0005840562641789011,0.0051887510027193405
1980-04-12,-0.008919669409929696,0.00029856387504750056,1.205276517993762,0.0005434058648718279,0.0,262.91981019632516,-0.00048208097785206166,0.0005551236398913187
1980-04-13,-0.014199351860305012,0.00029730948351197324,1.189095419903484,1.476515652769703e-05,0.0,265.2260847684353,-0.0004233476142846259,1.586914735998811e-05
1980-04-14,-0.016106323754720098,0.0002960830421771034,1.1664625264830508,0.0,0.0,271.61455188902085,-0.0004536584808917369,0.0
1980-04-15,-0.014648664469099315,0.00029493455832960917,1.1404300553201507,0.0017302576978664617,0.0,272.615640507355,-0.0006829661048822484,0.0031175504969962
1980-04-16,-0.015330209528322276,0.0002936171104679,1.130806730740937,0.0016327874135162873,0.0,269.8180496876747,-0.0011014476586869882,0.0016937805601678155
1980-04-17,-0.018686939893806046,0.00029237921965324275,1.1084929213012005,0.0,0.0,271.54203656658166,-0.0006993161567018531,8.802716706668434e-07
1980-04-18,-0.02001819869050872,0.0002911727307206494,1.0804581291931499,0.0,0.0,275.23474729218276,-0.0007519364293854117,8.583068797918258e-07
1980-04-19,-0.023258834445880634,0.00031519331837778043,1.040202052804261,0.0,0.0017114683017555605,275.9709650639536,-0.0009908550234753535,1.716613667213096e-06
1980-04-20,-0.02364124896499397,0.00033951967449511513,0.9933148687617703,0.0,0.003416226113920158,276.9398772173233,-0.001109203565760521,4.351138045421976e-07
1980-04-21,-0.02396782521305785,0.0003853517737092272,0.9446524927171611,0.0,0.0064744399176479075,278.47856396245874,-0.0011407995891183785,4.351138045421976e-07
1980-04-22,-0.014715765576578131,0.0004867456727108713,0.8940275662811912,0.0,0.008055505463800862,277.07249366990146,-0.00045262683330282656,1.8218311212830626e-05
1980-04-23,-0.014368720226368663,0.0006038252748338516,0.8503521418167372,0.0,0.007173572598540851,275.5125686588036,-0.0005155629189000965,0.001441655354254394
1980-04-24,-0.014817165242413347,0.0010862092008698458,0.8118480387829567,6.776871317524021e-05,0.007639633228549849,275.44449550104235,-0.0005529786612691179,0.0025404447888574223
1980-04-25,-0.019980271446839566,0.0003154035341941704,0.7768150085334276,0.0,0.0011228156923237494,273.64833451035787,-0.001160795137412467,2.087509564760715e-06
1980-04-26,-0.016629870370619717,0.00030158923170660855,0.7556789132385829,0.00021470891637990705,0.0003302811439764702,272.5384687398562,-0.0010682925066284542,0.0013580241781493902
1980-04-27,-0.015276159228241376,0.0003486029845846575,0.742288190766243,0.0004077224787008965,0.0023649359532332014,273.7562033155768,-0.0007374336585234116,0.0019750890692945425
1980-04-28,-0.01995018734938681,0.0005689515063991655,0.7195155256885594,0.00010130318713053473,0.0036068907228566835,275.3241749061254,-0.0008025311912267895,0.0020087757028981633
1980-04-29,-0.02145026737855653,0.0006352349021340494,0.687871958127354,0.0,0.0062359738147864914,276.6532222223372,-0.000876663694694891,0.00030495524396201295
1980-04-30,-0.009760884999555384,0.0027440485812849917,0.6536258331126412,0.0001164776204669543,0.008844977823522804,275.61904238397346,-0.00016256806961560655,0.006444269486009469
1980-05-01,-0.013002435197937959,0.001312401840242289,0.6257921926494822,0.00035551491346062916,0.006600314067245204,274.74118805290846,-0.00042082921807038586,0.005490982922806184
1980-05-02,-0.00955012162863198,0.002866752151042055,0.606348759710452,0.0008036016491846851,0.005126969457346168,274.2483658691809,-0.0004018744569545412,0.009956977562710806
1980-05-03,-0.014185776818270063,0.0016110014107267737,0.5879786719485641,0.00011262969024437295,0.006633464162800946,275.01589376374153,-0.000440696428009009,0.002697735214883452
1980-05-04,-0.007417698743316414,0.0028510139992008105,0.5591466296639596,0.0,0.008783985013510548,275.39611656562533,3.155468210662143e-06,0.006702674362932902
1980-05-05,-0.012776543780908747,0.0020363170043223326,0.5320867908427495,0.0,0.00915772164777174,275.348313354952,-0.00018927329719740124,0.0021693155253624612
1980-05-06,-0.014540173576376533,0.004679163465392118,0.500990585643244,2.816643586940011e-05,0.009870005824134848,275.93445517114327,-0.00024151584228216592,0.005463050853056164
1980-05-07,-0.013263681429927633,0.001775520080226963,0.46922816619585694,1.8002591648344268e-05,0.007837936219017384,275.22883778731926,-0.0003655479305376441,0.0018718189775592795
1980-05-08,-0.018732981577431414,0.0014501396713957277,0.4429370714895245,1.159807046254476e-06,0.005881387971888827,275.40066398649344,-0.0008357248169049032,0.0020167332078996217
1980-05-09,-0.012446493541790267,0.002556334612733227,0.421365339203743,0.0008018829854531478,0.009523585228259955,275.95981351848826,-0.00029759725692581995,0.0047544976748989136
1980-05-10,-0.004921855436543288,0.0009051813917644953,0.4385009305849812,0.01452612026599841,0.002110096041933965,273.92363671484196,-0.0003278491187230342,0.019257977722682847
1980-05-11,-0.007422573233054857,0.0008094634881800852,0.5627579338806498,0.01202522262425746,1.1931873310757221e-05,270.7364838774371,-0.0008918781696403095,0.013446618894296906
1980-05-12,-0.006726255650910954,0.0008646908958079452,0.640724311440678,0.01149866942547809,0.0,269.6897353335738,-0.0006606998711319294,0.01195611724745756
1980-05-13,-0.011898489195411489,0.000929418761851424,0.6897163462953154,0.002555058974414896,0.0,269.2253632123412,-0.0005448199019341146,0.0029431405713952973
1980-05-14,-0.013647562408514618,0.0009823300070681816,0.7048503063941854,0.0016757419469666348,6.035820575757216e-05,270.9798138146122,-0.0005242580937295312,0.0029073617889368536
1980-05-15,-0.015852197541692165,0.0011002048429122752,0.7033259217572976,0.0003260820788347115,0.0022969004713882836,272.48001204596625,-0.000655669350661127,0.0020721990341065837
1980-05-16,-0.011007689697257546,0.0016089746002423562,0.6820130429025424,0.00020292824355222413,0.0046613042553265895,275.0748249851378,-0.0003120084056409739,0.0029770314219933693
1980-05-17,-0.014338107516536606,0.001304939220854118,0.6503621189383241,2.8854246530155677e-05,0.0040972831601140194,274.63522710997734,-0.0005816579875299486,0.0018594683821011571
1980-05-18,-0.015006400265936125,0.002111372806258121,0.6231250367820151,5.6047308242927175e-06,0.004225070909254968,274.1961045992577,-0.0006592246140800628,0.002624426178408355
1980-05-19,-0.010537370744734835,0.0027762446026344087,0.5938341388594633,0.00011596687685298382,0.008328449696639163,275.2852276803859,-0.00020653413513959464,0.003899816570982422
1980-05-20,-0.018834336371408345,0.0038139828517612094,0.5501279094573917,0.0,0.013868026498515727,277.296200940838,-0.00024611218753507584,0.0002714535274074576
1980-05-21,-0.022305372281599855,0.005516277531446037,0.49179439221398313,0.0,0.017720177390817868,279.40066946069174,-0.00032910117932127023,3.7759710839912714e-06
1980-05-22,-0.025106107068937376,0.005249086746388236,0.4318590182144539,0.0,0.01679874931351613,281.39367288564335,-0.0008039599663372768,1.2974617844921048e-05
1980-05-23,-0.025944423035713243,0.0056466851699150215,0.3791154477106874,0.0,0.013415471834819871,281.0713544762965,-0.0010384050971370634,0.001622388878008794
1980-05-24,-0.029241560290088765,0.004131198687068487,0.34571829758121475,0.0,0.005551015105793033,279.2117247249223,-0.001720235867183761,0.002858596534949965
1980-05-25,-0.020042936680680617,0.005931436678784043,0.3362025603960688,0.005048815476692329,0.0026660078326187567,275.14426678228295,-0.0014542511238132497,0.012828840156850574
1980-05-26,-0.03448480940134512,0.004194929943246357,0.35137031397128066,0.00030786289417811035,0.00015974754078240045,273.6563693224374,-0.0022477906586675996,0.0010252776317000124
1980-05-27,-0.03008755397493557,0.004260627058266247,0.343669079566855,0.0,0.0019943120410550116,276.96094224861565,-0.0018411363806512399,0.0011042589967065902
1980-05-28,-0.022649700316668908,0.004272288016680271,0.32507875948975995,0.0,0.0033631691193513275,278.2448894263661,-0.0016148834736586291,0.001536295861802182
1980-05-29,-0.01013137109703937,0.00512070415046929,0.31060204802259894,0.0005271627152033445,0.0054458084668816825,276.45931749649196,-0.0011716245720952245,0.006913500086199227
1980-05-30,-0.00803991415574726,0.005142462203058146,0.307561784589807,0.002594802444432415,0.00457224218269526,275.43476073126783,-0.001394115819853578,0.008681426739348236
1980-05-31,-0.01268374545257644,0.0050130776092831035,0.2999575627501177,0.00022761460583088763,0.003851576271535313,275.97239674282616,-0.0012707816079090544,0.0053523315715688505
1980-06-01,-0.015558663397859046,0.004134463893491669,0.2854511957833098,1.4438130761270471e-08,0.002844899556057601,276.09983361957217,-0.0012995567656843004,0.0015906757889931889
1980-06-02,-0.02160154072578344,0.005353638428752705,0.27200047264889365,0.0,0.002839947908611621,277.29384328910413,-0.0014814331359361526,0.0038348219819129246
1980-06-03,-0.0285694684601773,0.005569750979795294,0.25802399658662906,0.0,0.004471627542864805,279.55065373422514,-0.0020078090940323255,0.004074735106002463
1980-06-04,-0.02627339369833133,0.004718447219854021,0.24062518391007537,0.0,0.005570015285984944,280.3977053690765,-0.0017113024211030895,0.0007481931966576874
1980-06-05,-0.02416027316265861,0.004684102821484798,0.2252530602636535,0.0,0.004101478826191466,279.2390861295711,-0.0016065406176330008,0.001946864548699202
1980-06-06,-0.015414083660659146,0.0072618812154241884,0.21439064155190682,0.0005327050211065907,0.0037239360396808152,277.8049795793724,-0.0014972070358314758,0.009910332045311235
1980-06-07,-0.00958733235375356,0.006222834610669627,0.21513961533368647,0.0020169384546030716,0.002754766388801532,275.45163916104707,-0.0016163598198843541,0.010359859416017586
1980-06-08,-0.02099200144494321,0.005422024992899706,0.21889942693620526,0.0016862115491244755,0.004270106069954102,277.0990461180664,-0.0016715656755502614,0.004068176044239668
1980-06-09,-0.025594795112219234,0.0065103526842796204,0.20044611986523073,0.0,0.006641674913087134,280.20028117910846,-0.0014910706460981046,0.0009454621770287638
1980-06-10,-0.029991262166176813,0.007509541208461181,0.1787162249146657,0.0,0.00809340787220136,282.7657043974279,-0.0016500320453933404,0.0002440852632954159
1980-06-11,-0.03229246419028374,0.009222855170567831,0.15544148533133242,0.0,0.00893479585647583,284.82027260731843,-0.001842694020288139,0.0002593946322195207
1980-06-12,-0.03297727479267929,0.009305737786373851,0.132829511681968,0.0,0.008333311810836954,284.32138249743906,-0.0018230006203981443,0.00039817296851362886
1980-06-13,-0.038094314899148246,0.007870568814924208,0.11346584973811205,0.0,0.005015523525449516,282.5292726182668,-0.00222982970818793,7.477362274870357e-05
1980-06-14,-0.02415870622558109,0.009975738360383415,0.09911511667255181,0.0,0.00647947227971702,281.87326652900424,-0.0015501803902667124,0.004027067863778754
1980-06-15,-0.009543919756924365,0.008866614035967382,0.08409150261887949,0.0,0.005156269833698112,278.3114236483242,-0.0015193325399005483,0.007538269586436815
1980-06-16,-0.007912425419031564,0.011288687586784365,0.0750799089277307,0.0004735591763493705,0.006373886061085146,277.31784014154067,-0.00172814100159932,0.00893763733103111
1980-06-17,-0.019857069403774998,0.010712938288510858,0.05935651703742938,0.0,0.007060192630621,280.13247303863926,-0.0017157315387059066,0.0024649191205557055
1980-06-18,-0.027514355246630096,0.009482387937394914,0.04403496866172317,0.0,0.00569471495889001,282.4415212261251,-0.0021240880849671233,8.428251671419296e-05
1980-06-19,-0.022480935237165225,0.00967561457790224,0.03172632709510358,0.0,0.004872333300484102,283.03647607419003,-0.001966877351120367,0.0039043772691833368
1980-06-20,-0.023566079089197063,0.008350957332357849,0.02195104681614878,0.0,0.0040234866115333,282.85842521940475,-0.002145514113165565,0.0014494657010332204
1980-06-21,-0.026771043316792635,0.007487416351582371,0.013274629237288137,0.0,0.003087972285552214,284.38169679803366,-0.002655324136764653,0.0017542291832509016
1980-06-22,-0.03148580115225356,0.006576141900261917,0.007524680732109228,0.0,0.0018814488150979167,284.89125413050533,-0.0026371501028369377,0.00015644316271530028
1980-06-23,-0.04570546241129859,0.0060808723424114084,0.003987630208333334,0.0,0.0009893879799519555,287.374106139562,-0.003148847064897839,2.905644038842723e-05
1980-06-24,-0.04167193877326567,0.005620083819001409,0.0020951955331920905,0.0,0.0005465957236155278,284.82609627790146,-0.0028367545560928397,6.918516536216952e-07
1980-06-25,-0.037432976740565005,0.0051972773452263095,0.0010588622587099812,0.0,0.00033599487637395913,286.6079755089827,-0.00296459228095025,0.0
1980-06-26,-0.048276996250543214,0.004812225362675338,0.0005406956214689266,0.0,0.00016355853380456485,289.63761518230547,-0.003220042266414664,0.0
1980-06-27,-0.057629196404737265,0.004477202808116116,2.2528984227871938e-05,0.0,4.5847631780441205e-05,284.8173066263145,-0.0028795839713539107,2.0258709433442244e-05
1980-06-28,-0.04047321136725151,0.004190614499614737,-7.3453647229951e-24,0.0,1.9358081669457215e-05,281.2620244573963,-0.0025984519240209616,1.2964009101779084e-06
1980-06-29,-0.03537521368197802,0.003935297666969946,-7.3453647229951e-24,0.0,1.7733434162570934e-05,284.72753724854323,-0.00265214787953991,4.172325134277344e-07
1980-06-30,-0.033277916790401874,0.0037377888368347947,-7.3453647229951e-24,0.0,1.2495802283960549e-05,286.4408574831688,-0.002799935959868849,0.0030799631344615268
1980-07-01,-0.017871164921986857,0.0036037609738818676,-7.3453647229951e-24,0.0,4.836163446728119e-06,283.4507789252617,-0.0031440035297961564,0.008241738642811733
1980-07-02,-0.02279817131953051,0.003338538320724574,-7.3453647229951e-24,0.0,1.940560542930991e-06,284.30134933457316,-0.0021598780064680484,0.0007102092219998529
1980-07-03,-0.029853081635836158,0.0032251022629818677,-7.3453647229951e-24,0.0,8.836514868978727e-07,285.2007810158021,-0.002626897219968381,0.004580483783431386
1980-07-04,-0.03075123216304402,0.0030322512664363887,-7.3453647229951e-24,0.0,3.4611524835144736e-07,283.95530486600774,-0.0026507812662649967,0.0003884198301879801
1980-07-05,-0.03606346628423465,0.0028994468140736817,-7.3453647229951e-24,0.0,1.8523321986871927e-07,285.8443417881393,-0.0028527809969954576,0.00037848496174602744
1980-07-06,-0.04050568819551145,0.0027735233306884766,-7.3453647229951e-24,0.0,9.487914500263452e-08,288.21368756267316,-0.0029422565558030783,0.0
1980-07-07,-0.03578885994051809,0.0026593928956716076,-7.3453647229951e-24,0.0,3.5064031848799715e-08,288.4126066146822,-0.0025330733371067182,1.5685185806402026e-05
1980-07-08,-0.026730682679825587,0.002657489335469607,-7.3453647229951e-24,0.0,1.6500720870023394e-08,286.86020132018126,-0.0030054188949071754,0.009114950676320017
1980-07-09,-0.03221738014349156,0.0024817766106061344,-7.3453647229951e-24,0.0,6.187770326258773e-09,286.1942670789816,-0.0033265555877301655,0.002584562138782713
1980-07-10,-0.03919258212807489,0.0023705513968979575,-7.3453647229951e-24,0.0,2.062590108752924e-09,288.3121823671848,-0.002957068025897452,0.0001906746187671294
1980-07-11,-0.04479882440998056,0.0022830186927385926,-7.3453647229951e-24,0.0,0.0,288.4037974908976,-0.003000567209417537,1.0085004768856287e-05
1980-07-12,-0.030638045384048747,0.002206691998546407,-7.3453647229951e-24,0.0,0.0,288.3510587013375,-0.002343493866297485,0.0005897300706334716
1980-07-13,-0.033346524472627266,0.00216748317082723,-7.3453647229951e-24,0.0,0.0,287.52964396934726,-0.0030137757839119365,0.0040195422320602435
1980-07-14,-0.031828291335348355,0.002086327574347372,-7.3453647229951e-24,0.0,0.0,285.0157053062022,-0.0026557395013712226,0.0029172142514051554
1980-07-15,-0.03143727775179061,0.0020188088134183726,-7.3453647229951e-24,0.0,0.0,283.09169155056196,-0.003116486099480236,0.002739622111351638
1980-07-16,-0.03578238012426991,0.00193380678104142,-7.3453647229951e-24,0.0,0.0,285.0594740650299,-0.002625975247451478,4.351138613856165e-07
1980-07-17,-0.033013529107395544,0.0018768432618534497,-7.3453647229951e-24,0.0,0.0,286.41732245694897,-0.0023600739547930197,0.0005076340076653898
1980-07-18,-0.02982953434946847,0.0018602992686848183,-7.3453647229951e-24,0.0,0.0,283.08726509367233,-0.0029960286956133148,0.0045089673523613025
1980-07-19,-0.031614950358194144,0.0017769168325736699,-7.3453647229951e-24,0.0,0.0,285.24345147228064,-0.002635087781075367,0.0018245485542402967
1980-07-20,-0.023740101163670167,0.0018345531770738504,-7.3453647229951e-24,0.0,0.0,283.095715585626,-0.0023960305619879635,0.008602707399486821
1980-07-21,-0.02604134704938716,0.0016665199382156978,-7.3453647229951e-24,0.0,0.0,284.1730735441161,-0.0025782674487869624,0.00014201697316503788
1980-07-22,-0.03217014013710669,0.001640216610525961,-7.3453647229951e-24,0.0,0.0,287.32241251239674,-0.0024897712046059515,0.002218466994008529
1980-07-23,-0.03459040601711489,0.0015754745168200994,-7.3453647229951e-24,0.0,0.0,288.6039802888917,-0.0027249554950891245,5.10411956685143e-05
1980-07-24,-0.02871159981873076,0.001579109221528479,-7.3453647229951e-24,0.0,0.0,287.9537552512074,-0.0027133306846190983,0.004819758982662125
1980-07-25,-0.019679631090770335,0.0016078369765631898,-7.3453647229951e-24,0.0,0.0,284.16344574750485,-0.0030328394834604647,0.007194289547339401
1980-07-26,-0.026382204208333617,0.0020144769532532344,-7.3453647229951e-24,0.0,0.0,284.7902240573574,-0.002422305686914988,0.006350391025257446
1980-07-27,-0.028627535296698755,0.0014354259112460467,-7.3453647229951e-24,0.0,0.0,285.5641840092431,-0.0027739651774787637,0.0013204176547163624
1980-07-28,-0.0348499068769358,0.0013948997198525122,-7.3453647229951e-24,0.0,0.0,287.22877657256333,-0.0028653792868563012,0.0005936968443838953
1980-07-29,-0.036845665740764755,0.0013568592441957552,-7.3453647229951e-24,0.0,0.0,289.43749066440853,-0.002520208673204406,2.2452934987127446e-05
1980-07-30,-0.028889052191023102,0.0013501021148121291,-7.3453647229951e-24,0.0,0.0,286.84511231029103,-0.0028674852544978515,0.0026850381981514
1980-07-31,-0.03394285446338061,0.0012977739511910132,-7.3453647229951e-24,0.0,0.0,287.0610859578163,-0.0025138615362219896,0.00026711619506448
1980-08-01,-0.03172108480485819,0.001304068723640873,-7.3453647229951e-24,0.0,0.0,287.1432092239179,-0.0027091249371063242,0.0042433771709888095
1980-08-02,-0.02922060942582492,0.0012458751430619237,-7.3453647229951e-24,0.0,0.0,285.2136380578166,-0.002624671585268557,0.0007950498053233366
1980-08-03,-0.026263408110303393,0.0012532181322237868,-7.3453647229951e-24,0.0,0.0,285.0800204878698,-0.0019182574088122215,0.00392280914689188
1980-08-04,-0.02792817859326379,0.0012018406121744277,0.0012556460393126179,0.0001987409962099151,5.042757102325137e-05,277.92865560283775,-0.002511508131431321,0.0016787594249946115
1980-08-05,-0.03391750674631636,0.0011645571491812584,0.0008312735404896422,0.0,6.641683268681758e-05,282.2923913980833,-0.002294826610697865,8.583068051848386e-07
1980-08-06,-0.03872256511348789,0.0011437958748327138,0.0003379347634180791,0.0,4.280375390403015e-05,286.8549848509823,-0.0025299097816486146,0.000587350028988143
1980-08-07,-0.03022449042669124,0.0011173963210003525,-7.3453647229951e-24,0.0,1.6477001083772735e-05,286.24871851315834,-0.002034625964565466,0.00015334047567633254
1980-08-08,-0.01843156438257735,0.0011111916290164668,-7.3453647229951e-24,0.0,5.59789060199328e-06,284.1979994513445,-0.0021486200055496844,0.0023838675452381927
1980-08-09,-0.031769283957737315,0.0010785186021341443,-7.3453647229951e-24,0.0,1.0916889555710185e-06,286.7079944933875,-0.002238811904006759,0.0008137590025559398
1980-08-10,-0.01779703185551584,0.0011103743382092925,-7.3453647229951e-24,0.0,2.4056535656169315e-07,282.9726298093347,-0.002418672697523893,0.0065267493610242835
1980-08-11,-0.027467839840778524,0.0010341572559486002,-7.3453647229951e-24,0.0,7.996746038986465e-08,283.20705802831276,-0.0021301924466750046,2.2469688270051596e-05
1980-08-12,-0.03155897604038487,0.0010155213754729363,-7.3453647229951e-24,0.0,2.6645296711032675e-08,285.48664878945794,-0.0019583558074414394,0.00017839730622785347
1980-08-13,-0.018221258064784574,0.0010314754678704644,-7.3453647229951e-24,0.0,6.187770326258773e-09,283.68647994204883,-0.002098576407774357,0.004207808031828714
1980-08-14,-0.02227387013240049,0.0009880050764245502,-7.3453647229951e-24,0.0,0.0,284.19452239789086,-0.0019239159458774634,0.0011861333569774517
1980-08-15,-0.01255149520554785,0.003882693032086906,-7.3453647229951e-24,0.0,2.062590108752924e-09,284.1473999562237,-0.002954375898560225,0.022966096057725236
1980-08-16,-0.0058245966579281,0.0028565748263213596,-7.3453647229951e-24,0.0,1.66270018970899e-09,281.09440772636685,-0.0036803823395890035,0.03127946877210154
1980-08-17,-0.020791491714574523,0.001992879782692861,-7.3453647229951e-24,0.0,0.0,281.4445862060662,-0.0025040417130889193,0.005581846909896964
1980-08-18,-0.03615006109920599,0.0009265110991095421,-7.3453647229951e-24,0.0,0.0,284.818294273707,-0.002579078504468425,0.0005314986575455297
1980-08-19,-0.024649077342391693,0.0009167091657886397,-7.3453647229951e-24,0.0,0.0,283.4187680763489,-0.0020279672238870533,0.0007120022515837238
1980-08-20,-0.01583856849347131,0.0010027786095937092,-7.3453647229951e-24,0.0,0.0,279.0994745387421,-0.0033774645472903044,0.008710454133055039
1980-08-21,-0.02546848546145326,0.000892123091692305,-7.3453647229951e-24,0.0,0.0,280.3963249766894,-0.0019881027713838945,0.0001398544862996655
1980-08-22,-0.02966199533245658,0.0008826409861192865,-7.3453647229951e-24,0.0,0.0,283.2858493610965,-0.002226360747327576,0.00019082716211367133
1980-08-23,-0.030061096584392807,0.0008857477519471768,-7.3453647229951e-24,0.0,0.0,284.9122643767104,-0.0025161164891669306,0.00159263684915618
1980-08-24,-0.03175385456300724,0.0008662930652920136,-7.3453647229951e-24,0.0,0.0,285.0540504275967,-0.002427844983120423,0.0005047024306377044
1980-08-25,-0.022567052541479553,0.0008546486075988598,-7.3453647229951e-24,0.0,0.0,283.4900626956631,-0.001877808459313576,0.00023090615571319092
1980-08-26,-0.011977193424593933,0.0011303099872028762,-7.3453647229951e-24,0.0,0.0,280.48882023942446,-0.002990576433344076,0.015185785445070862
1980-08-27,-0.022776463989820857,0.0008804079166239939,-7.3453647229951e-24,0.0,0.0,282.4793699663238,-0.002139357828908721,0.0033056032399597078
1980-08-28,-0.028693266423408595,0.0008427664048254154,-7.3453647229951e-24,0.0,0.0,282.8642090799221,-0.00211796597025152,0.001256783719116685
1980-08-29,-0.025227124576514725,0.0008324643986373298,-7.3453647229951e-24,0.0,0.0,281.81622150658217,-0.002305147001298808,0.0013911351204133095
1980-08-30,-0.01828531478926287,0.000830590388195663,-7.3453647229951e-24,0.0,0.0,279.2779750644375,-0.0018100224982547223,0.0019858635869982825
1980-08-31,-0.007968832038890173,0.0008717091743555448,0.006857317046257062,0.003754497037432288,0.0005402264348362799,276.57388721257735,-0.0022561205814113725,0.009381027645961201
1980-09-01,-0.010027940621820547,0.0008410696929457498,0.021543456111699624,0.0005577231657370337,0.0010261476713385286,275.3969757345886,-0.0020557183109350128,0.0032452131900410196
1980-09-02,-0.026226541795636302,0.0008137651250860787,0.01628201874411488,0.0,0.0012430037755919044,280.5817476585087,-0.0019995175922910375,1.7225742112714215e-06
1980-09-03,-0.02349947035144278,0.0008347679329457256,0.0077715800082391725,4.9542551491893616e-05,0.0005187000553149963,280.79341213132926,-0.0022696306992132788,0.0033339177315736767
1980-09-04,-0.02621755845802652,0.0007852570148511121,0.005531325403130886,0.0,0.0003326872395256819,280.2468424040943,-0.0019873993650162966,1.3098747260588774e-06
1980-09-05,-0.028596833137805852,0.0007774407243998037,0.0031057813971280606,0.0,0.0002735586426520752,283.97221911514777,-0.00205080866771566,0.0
1980-09-06,-0.029785148336388977,0.0007694380431525451,0.0017149614524482111,0.0,0.00014905845167609934,285.8604429212667,-0.0021117316758902057,9.03632681198814e-05
1980-09-07,-0.02525590111811956,0.0007677357749076887,0.0004731086687853108,0.0,6.595269729525356e-05,286.3482203474602,-0.0019260375934132077,0.000731325957632388
1980-09-08,-0.009893158819042357,0.0007826190041956929,-7.3453647229951e-24,0.0,2.250751996107694e-05,282.4151854829375,-0.0016111317958872199,0.003174588168408238
1980-09-09,-0.014379573743895624,0.0007532590863394873,-7.3453647229951e-24,0.0,9.57066014324878e-06,281.26627956182045,-0.0017014630401959528,0.0005610494289231164
1980-09-10,-0.018079777642831966,0.0007432471055768977,-7.3453647229951e-24,0.0,2.8333147871965748e-06,283.23482249057,-0.0014127021771197941,8.347626665564776e-05
1980-09-11,-0.016754955558453577,0.0007648760147687405,-7.3453647229951e-24,0.0,8.47629823927152e-07,282.0473516791105,-0.0018704464332868825,0.0025792989015789355
1980-09-12,-0.007539353128206932,0.0009283057208788598,-7.3453647229951e-24,0.0,3.1678647981525143e-07,280.0339306330277,-0.0028935069754972296,0.014962560376205015
1980-09-13,-0.01160663631507906,0.0015981749626202773,-7.3453647229951e-24,0.0,9.41425056780799e-08,280.5043467505504,-0.002501735205914678,0.009341965259377864
1980-09-14,-0.020985387602431627,0.0007749553454124323,-7.3453647229951e-24,0.0,2.3119951372092725e-08,282.34300051256315,-0.0023040131186950683,0.0032220603876473982
1980-09-15,-0.022018662953780868,0.0007293890256666194,-7.3453647229951e-24,0.0,2.062590108752924e-09,282.53336573814494,-0.0015722318989156332,0.0011354472004037894
1980-09-16,-0.009364419906152844,0.0008772817877052868,0.08528438934498589,0.018995592233824864,0.00191850757152684,274.85121752133705,-0.0015777597719498276,0.02759648591769689
1980-09-17,-0.015541713705844128,0.0008313310685130837,0.10125146208509887,0.0,0.006293626249594205,277.62578309412953,-0.001338994946057177,4.261732051702438e-07
1980-09-18,-0.019440384444880623,0.0008176976846436324,0.05576222450270716,0.0,0.005173771258043704,280.96736607668316,-0.0015484865881123786,0.0004057918901447624
1980-09-19,-0.01886496465590041,0.0022475787643658914,0.02042666217926083,0.0,0.0029982742300983206,280.67734662287654,-0.002433967581913296,0.006790116799650947
1980-09-20,-0.02141442086737035,0.0007120682358068263,0.012139214409722225,0.0,0.0005718621367451836,278.3346976299968,-0.0013446456273901936,2.1403197933977935e-06
1980-09-21,-0.00633122355250989,0.0007410974657468204,0.015650977298140304,0.005472602775204654,0.00021558490681782954,276.3382364729255,-0.0014823288893548111,0.008789795037896538
1980-09-22,-0.014113237165798575,0.0007146271103519505,0.046003496130532014,0.0004432145190441003,0.0007561065656485532,272.68295953682366,-0.0011965932408716047,0.0005400161789285798
1980-09-23,-0.009151484627844925,0.0007499075036937908,0.041512182203389834,0.0024371539889755894,0.0009223752691920867,273.86241460250596,-0.0012760009500855781,0.005048721869038904
1980-09-24,-0.006898400347448339,0.0007395469872964979,0.09334286907073917,0.010438184785304097,0.000948195308867821,271.88136329579044,-0.000994764689335042,0.012245907670543255
1980-09-25,-0.009881791674484641,0.0007144999032640188,0.125782077595339,0.003106595422167563,0.0008419001064563202,272.44115148425783,-0.0011668920327546233,0.003297317533067444
1980-09-26,-0.01593973373962661,0.0007842551011823666,0.11386286561322978,0.0,0.004224118960779266,275.9658291847244,-0.0013296193953624554,8.583068833445395e-07
1980-09-27,-0.018265256226736276,0.0008070336728446229,0.07945857793373352,0.0,0.004719214713842857,278.9147402229956,-0.0012925791180571594,0.00021532817748980333
1980-09-28,-0.02026407913131229,0.0007861964615051357,0.05077711202330509,0.0,0.003676449111794348,280.42647744302695,-0.001522228458506913,2.5958934202208184e-06
1980-09-29,-0.019713864782772497,0.0007583624393926502,0.027640075108874767,0.0,0.0022587725776905395,280.30948436686776,-0.0013696042252546651,0.00017580098854794437
1980-09-30,-0.019616457365326963,0.0007367241012174532,0.01553005642361111,0.0,0.001311739654106609,283.2194558554899,-0.0014116538604353108,0.0
1980-10-01,-0.018811466414376168,0.0007296223930046384,0.009032743349811677,0.0,0.00029225387521046033,278.49955091817685,-0.0013353654714880019,0.0009363427336939041
1980-10-02,-0.01847688954765514,0.000719105540695837,0.007556864995291903,0.0,0.00015102414214341654,274.86418511773235,-0.0011972671132639977,8.583068833445395e-07
1980-10-03,-0.0183354730659959,0.0007286085247319972,0.005818684895833333,0.0,0.00035986674707488153,278.98696986699514,-0.00123650752176336,1.728479936957683e-06
1980-10-04,-0.02011092133441214,0.0007308984206894697,0.0038377434969397366,0.0,0.00026402547745044624,280.07489252180255,-0.0012889241978610302,0.0
1980-10-05,-0.0210519681374232,0.0007345964342860852,0.002327611890889831,0.0,0.0001528385479403081,280.4044054394164,-0.0012700166184939235,0.00022804610810037387
1980-10-06,-0.019128341964409178,0.0007344000251953213,0.001419326006355932,0.0,0.00011110038491292188,280.9953293126856,-0.0013050351312941751,0.0
1980-10-07,-0.020266748880599178,0.0007354826745340381,0.0009011593691148777,0.0,5.8513976591455064e-05,282.7627373603778,-0.0013277659687282002,8.596791190029762e-07
1980-10-08,-0.020322729933396573,0.0007363178130597045,0.0005406956214689266,0.0,3.244705750780591e-05,280.54781242054514,-0.0012486791290805838,8.52346317969932e-07
1980-10-09,-0.015615810613847722,0.0007365192733915512,0.000382992731873823,0.0,8.377230773537847e-06,278.8455622865207,-0.0009639028480834208,1.7106532936850272e-06
1980-10-10,-0.016127217287397654,0.0007365477287163169,-7.3453647229951e-24,0.0,1.9957137815022873e-06,273.9266709078055,-0.0009339179496391345,4.261732051702438e-07
1980-10-11,-0.016327508972526272,0.0007361783146184717,-7.3453647229951e-24,0.0,9.135611481585745e-06,277.1578308795132,-0.0011452223400527475,2.1344508063236844e-06
1980-10-12,-0.01900169455398948,0.0007349336046283529,-7.3453647229951e-24,0.0,6.046767036120097e-06,279.82824643452966,-0.0011132719037307184,7.74239078929531e-06
1980-10-13,-0.02206573614292899,0.0007332793231737817,-7.3453647229951e-24,0.0,6.31815548670494e-07,277.34434816033604,-0.001110390160169642,4.261732051702438e-07
1980-10-14,-0.013370208905241586,0.0007574247606730057,-7.3453647229951e-24,3.351327978958518e-05,5.815293913507192e-06,274.7649640264709,-0.0011308515381257412,0.002104688330558734
1980-10-15,-0.0025222004722740693,0.0008078046606085395,0.011823118967749532,0.003931314089877458,0.0004421211884351774,274.39268158160144,-0.0010950413222114246,0.009667581653227663
1980-10-16,-0.004489597206735342,0.0007306476265697157,0.04629384416195858,0.006078741118564445,0.0,268.41376782361624,-0.0006029998757323976,0.006273764910636891
1980-10-17,-0.0042969368945407335,0.0007280802491021023,0.07597624065736819,0.005803030952390305,0.0,266.14212984778334,-0.000358744219240159,0.005808789581811334
1980-10-18,-0.005236722949871236,0.0007272478887590311,0.11306308667314031,0.0033336526130215596,0.0,268.52517963129253,-0.0004031807920858685,0.0037251687991854566
1980-10-19,-0.008805615880058312,0.0007667126460263959,0.11279388830037666,1.3399469313648463e-06,0.0024633336349227336,272.13515020898507,-0.00040280036523012124,2.1844427788188104e-06
1980-10-20,-0.009216935368581008,0.0007691597197688905,0.09408701521304144,0.0,0.0025898614993034785,272.0776537735359,-0.00043344664476853987,0.0
1980-10-21,-0.010049590199007153,0.0007417148115944728,0.07739533677612995,0.0,0.0010733938128766368,273.3323449388063,-0.0006167133165112997,8.612870487922919e-07
1980-10-22,-0.006725706833567323,0.0007306131097556508,0.0859411782015066,0.004921579638780173,0.0,268.89391437537705,-0.0007036015401873212,0.006289555528069621
1980-10-23,-0.00550751716403638,0.0007197592554792847,0.13421205567325803,0.004695803642609699,0.0,263.70290513766014,-0.0004803730269609872,0.0047112167891809505
1980-10-24,-0.010000050236276316,0.0007488108792547452,0.13211065317502357,8.636443628429693e-06,0.0017328604129748155,265.86788616791057,-0.0005374224593410385,9.62997213465998e-06
1980-10-25,-0.011039699454092038,0.0007485679145586693,0.11570840321916198,0.0,0.001775928199459604,269.59045530128844,-0.0004861450170056295,4.3587345999185345e-07
1980-10-26,-0.008562699381241018,0.0007403385167741507,0.10020179533015537,0.00035948937727233116,0.001339170061009752,270.6135523664974,-0.00041258240402755093,0.0005017711280079748
1980-10-27,-0.003300668661203762,0.0007138201745889955,0.11829992606814974,0.005005311694438175,0.0,266.93278034662796,-0.00032636737398340207,0.005017521691187628
1980-10-28,-0.005986151132879957,0.0007290263886505602,0.12792715873646424,5.2102530996004745e-05,0.0009240678243212782,265.07695158547153,-0.00040755105220665363,5.376199197505132e-05
1980-10-29,-0.009157203306249308,0.0007450396647561069,0.11645346891184087,0.0,0.0018551082660754523,269.9035005300059,-0.00033719896596703827,4.4107436991680515e-07
1980-10-30,-0.011145190498923178,0.0007386613363600048,0.09988018258592278,0.0,0.0015574160668641163,271.9597185677279,-0.0004622237388528674,8.583068797918258e-07
1980-10-31,-0.011126257521284502,0.0007388131261545387,0.08583520002059793,0.0,0.0016078173609103189,273.13053146189895,-0.00045128314529603483,4.351138045421976e-07
1980-11-01,-0.012219980906295239,0.000739000022074597,0.07282976915607345,0.0,0.0016681679477125913,273.3483245116843,-0.0005755219503311115,1.7253287865059974e-06
1980-11-02,-0.010786205025042519,0.0007263230907041475,0.06109009938500472,0.0007893244635924108,0.0007989830469007547,274.0098088438677,-0.0008327317250482108,0.001581146908726834
1980-11-03,-0.009743495975847298,0.000713681602208628,0.061431712349929384,0.00017767429015057236,0.0005162475935820132,270.21903557427186,-0.0005926550602761367,0.00025063516078887785
1980-11-04,-0.004497069086732164,0.0007221321601652157,0.05637441516596046,3.011621492730696e-05,0.0008555987249996703,272.9252164089972,-0.000270259508726287,0.0003549227942504989
1980-11-05,-0.010512676531985657,0.0007334391949540479,0.048534788429849346,0.0,0.0016401397264273155,275.45740891580533,-0.0004497294519412316,0.0
1980-11-06,-0.009414885592999432,0.0007147207266866824,0.03856594279661017,0.0,0.0007581325132126189,276.4525424648364,-0.0005414805369777869,3.066679168426364e-05
1980-11-07,-0.009436915697014265,0.0007135099441991689,0.03299484683968927,8.081261721034509e-05,0.0007645444955024343,275.2984955279392,-0.0006421940232821778,0.00013466928626938704
1980-11-08,-0.016439337935824853,0.0007079535790082425,0.030801949078978343,0.0011880135132094562,8.60023149157648e-05,274.3301459598003,-0.0012396020909487193,0.0023616108348131987
1980-11-09,-0.010562498732811988,0.0006980996179041891,0.03477509636887948,3.939957521056051e-05,9.506558841567928e-05,270.02312015454424,-0.000421326881074636,0.00011643282727225413
1980-11-10,-0.007360000015988862,0.0006974856395505917,0.03855214954096045,0.001330006993928198,0.00014491668655037206,272.39771073551503,-0.00035379423449436825,0.0013415377001883108
1980-11-11,-0.006943430856796308,0.0007040451812205342,0.04054021745527307,3.075540739264192e-05,0.0005423018845629558,273.46026010028385,-0.00034745975718491497,3.553792244970462e-05
1980-11-12,-0.004104156068152627,0.0006946597227268975,0.04396301384475048,0.00485290770055884,7.87842597833461e-05,271.83439743631084,-0.0002847083418046014,0.004940555725733245
1980-11-13,-0.002718271845478123,0.0006916562547791477,0.1283473932585923,0.01101891203957089,0.0,265.0779654723776,-0.0003039267566581231,0.011024191914280392
1980-11-14,-0.002280839881991263,0.0006906128367461727,0.17670217970221283,0.002725663242367028,0.0,262.35513724131323,-0.00027728820019691004,0.0027281838452967414
1980-11-15,-0.0021075277594523245,0.0006895462671915691,0.173829504325565,0.00180440955916367,0.0,260.79273487170093,-0.0002253462565736582,0.001808970518677957
1980-11-16,-0.004197829060972074,0.0006929391858267919,0.17247776527189268,0.0005233177736317372,0.0002550099907958575,260.3482336019168,-0.0003479225613639853,0.0005255977640120051
1980-11-17,-0.007455332846628071,0.0007063338985550876,0.16461262101282959,0.0,0.0010725494032189,261.7543496061853,-0.0004319680675780033,0.0
1980-11-18,-0.005853290822209613,0.000687920104312358,0.15408445886299438,5.985110324654876e-06,9.105674459435845e-05,264.7137911126663,-0.0004976039205146376,7.256983261377584e-06
1980-11-19,-0.006410073215341838,0.0006894475996157544,0.14922118680849814,0.0,0.00024431581887821697,263.5955908716062,-0.0004815940855670784,4.2686361463744256e-07
1980-11-20,-0.005608265303959281,0.0006858103692868337,0.14507079618349814,0.00020341259443153772,0.00011034216205615782,265.6389152792663,-0.0004333008796313388,0.00020710812450128763
1980-11-21,-0.007190492361952356,0.0006911377448820126,0.14052453912135124,0.0,0.00048325212914391435,267.73834151646963,-0.0005364680483853077,1.7106531231547706e-06
1980-11-22,-0.0047638106901766895,0.0006832673219637684,0.13740243570503768,0.0027059168254925034,0.00010769813200511502,268.28613159840614,-0.0004405516994285719,0.0027151383585452757
1980-11-23,-0.0026482870265588927,0.0006801109697859167,0.18489744254649246,0.004733684014970973,0.0,263.3283685263941,-0.00028816141756409305,0.004740165771646662
1980-11-24,-0.0036676604784814655,0.0006869761957287115,0.18285029352048027,4.259593742715437e-05,0.0004615086409668465,260.7204237576932,-0.0002862996300735043,4.430358160077516e-05
1980-11-25,-0.004951610361452157,0.0006842642685787827,0.17757989053672318,6.486904823173912e-05,0.0003810615441893454,260.2973143223765,-0.00034731597571218087,6.616483137117348e-05
1980-11-26,-0.004475697454086131,0.000676132275559808,0.18579837202801316,0.0028910309413058615,0.0,262.8400153395371,-0.0003483327010930595,0.002906738415264895
1980-11-27,-0.0037191957235336304,0.0006848861605434094,0.19002163702036254,0.00023138459961293112,0.0005683510822091399,261.55578979305403,-0.00023662548322798843,0.0002340384795840851
1980-11-28,-0.004842873010258216,0.0006732960036918942,0.18770988737346986,0.0008548155300698039,0.0,269.04178999058496,-0.00042841344608762175,0.0008689070488659811
1980-11-29,-0.005875353127886347,0.0006764110198802195,0.18643033302436443,1.9476575366521288e-05,0.0002588525961684642,266.67154630384425,-0.0004087282492026771,2.1972595589632276e-05
1980-11-30,-0.004858120560309308,0.0006703045745353914,0.194971806585452,0.008087277580789254,0.0,267.20749701304175,-0.00040884504336758526,0.008105197835035056
1980-12-01,-0.0013976724723638117,0.0006688105857978432,0.32563600701800854,0.011359341947709099,0.0,260.50385605548064,-0.00018984029900892982,0.01136187446309219
1980-12-02,-0.002379269039226791,0.0006672239909737798,0.3556184068237994,0.00031474068508309836,0.0,261.6681537161214,-0.00011765789556301248,0.0003247332100464663
1980-12-03,-0.006114698525539226,0.0006700019210071887,0.3160788900659134,0.0005753760746980118,0.00024312061105070812,271.62798682893515,-0.00038873960953311065,0.0010433801822961925
1980-12-04,-0.00608944539296425,0.0006641274118154062,0.3022941402571799,9.61882583165573e-06,4.900251067964371e-06,270.810506680591,-0.0005831773850624844,2.411472603411425e-05
1980-12-05,-0.0010787480126666486,0.0006623886062600519,0.3026079368232109,0.002690587255914333,0.0,266.76837070558486,-0.00013069204965048594,0.0027013771950625833
1980-12-06,-0.002350721024187271,0.000660693157190657,0.3267346398305085,0.0010991961521617437,0.0,263.3000985305413,-0.00013941457484569928,0.0011057470140134413
1980-12-07,-0.0018651843660295348,0.0006589663062391983,0.32634429069562143,0.00024008860359084135,0.0,260.32022191351194,-0.00015777798295862935,0.00024338024484235688
1980-12-08,-0.003954191707958609,0.0006572394552877394,0.32401460981638425,2.7053605365214376e-07,0.0,259.85447780156545,-0.00014689338451388193,2.4112603181631626e-06
1980-12-09,-0.0031683419299664475,0.0006554332998512829,0.33162457884592755,0.001983803418059807,0.0,263.10036325544513,-0.00023638534406989308,0.0019844956148133575
1980-12-10,-0.0036330363255436143,0.0006536255448551503,0.33332413782956694,0.00017505972567251175,0.0,265.17701887859914,-0.0002106053565265769,0.0001811257357528922
1980-12-11,-0.00821428152464204,0.0006526541911949546,0.3268656757591808,0.0001263167225034897,4.923213168052631e-05,270.87471373606536,-0.000594969417920894,0.00012904107569511325
1980-12-12,-0.006224485777192197,0.0006554829703885957,0.3159887741290019,3.028240075892648e-06,0.0003221771853455043,270.39847248961024,-0.00045391925121262926,3.0245147855941857e-06
1980-12-13,-0.005641309765435882,0.0006492840031446037,0.30709741164959986,0.0,7.2398217721174e-05,267.1901422094715,-0.00032986381675227216,0.0
1980-12-14,-0.004375732803748826,0.0006461052571312857,0.30050124691031077,0.0,0.0,268.59012247434,-0.00029838691849661415,0.0
1980-12-15,-0.005270197314057647,0.0006541944829757605,0.293320707906662,4.1279163064256223e-07,0.0005705255152141981,271.40613037224324,-0.0002887911336906886,3.0785664224408905e-05
1980-12-16,-0.007224103656865783,0.0006582924706787713,0.27911020627354055,0.0,0.0009271759476702092,273.8211560617508,-0.0005022254588324472,8.463859444418631e-07
1980-12-17,-0.005250546134124368,0.0006530694032119493,0.26469142648010835,0.0,0.00073499729235967,274.15151767048235,-0.00037277747724352587,0.0
1980-12-18,-0.0018236256588650289,0.0006381902991041626,0.2564917957715396,0.0007038487721297701,0.0,266.9817152292715,-0.00028501904574827964,0.0007059841265474415
1980-12-19,-0.0014412587897925729,0.000636131329051519,0.2753048769273776,0.0010678873181679828,0.0,260.1523113430332,-0.00014449394502713856,0.0010706026674314271
1980-12-20,-0.0030722328077601845,0.0006353110074996949,0.2777665132856639,5.228244988931775e-07,6.65994560987936e-05,265.0352409061066,-0.0002052654791097183,5.124484646792985e-07
1980-12-21,-0.00431495606057388,0.0006324624442784801,0.2727515154190207,0.00010372919298834722,2.3528870384571917e-05,267.9512762619278,-0.00034602535730701386,0.00010563987119680065
1980-12-22,-0.004222923374108676,0.0006299714247385662,0.26872595375765074,0.0002870462455991971,0.0,269.0605589512827,-0.0003487692335567906,0.00028947500859276726
1980-12-23,-0.0026598478862121283,0.0006278712028837474,0.3054819915254237,0.0073108735604811535,0.0,266.7900735671911,-0.0002280846869541427,0.007366190303414608
1980-12-24,-0.0023135819004080392,0.000625764582790224,0.3489682184998823,0.0020594674315156237,0.0,263.67849637694275,-0.0001462123456732028,0.0020614221776272617
1980-12-25,-0.004217240517422305,0.0006255941875910355,0.36190376353578163,0.0028358599181565864,0.00010967223068415109,270.33843156846905,-0.0003032821867257188,0.0028656428959099134
1980-12-26,-0.0048356584489008805,0.0006214834875979666,0.3634242400835687,0.0003946729341132493,0.0,272.43735079217544,-0.0002877105890357562,0.0004364896965565655
1980-12-27,-0.005581148684361561,0.0006627677019033055,0.34333229424140776,2.062590108752924e-09,0.0025326222981100033,275.68723076211535,-0.00027772143356880904,0.00021963590945771842
1980-12-28,-0.00482016738693593,0.0006171700644627804,0.32833235860993415,0.0028804718269466686,0.0,271.3988139912234,-0.00048174273938277355,0.0029264353173551016
1980-12-29,-0.0046251530280220984,0.0006150055655651848,0.33519910104755185,1.2794793662378345e-06,0.0,266.7559291782128,-0.00026556379609020414,2.1371381831030483e-06
1980-12-30,-0.004471593573268524,0.0006182367182047355,0.3280585624852872,7.597100263261526e-05,0.00030430142194201045,271.37248856064963,-0.000320587912311325,8.103268554622842e-05
1980-12-31,-0.0028739758046333404,0.0006154266286031001,0.3357988777807204,0.0043335575715633436,0.0002251505051965768,272.1660465305134,-0.00024667955240455724,0.004693385164494373
1981-01-01,-0.002430273019998087,0.0006078418533680803,0.34996340189500946,0.0010751200008527035,0.0,270.2115308793925,-0.0002462977311958028,0.0010893527218039539
1981-01-02,-0.0038504506656005556,0.0006056343768276065,0.342312053098517,0.0,0.0,270.58857946880795,-0.00024285551034292934,8.702286891093536e-07
1981-01-03,-0.00508199223859162,0.0006034998065334256,0.33588715461687857,0.0,0.0,268.40929255871674,-0.0002795660941951019,8.642672923997452e-07
1981-01-04,-0.003597800509404328,0.0006012989807937105,0.32980961629001887,9.177107427079801e-05,0.0,268.7920643362847,-0.00026451150155336843,9.355069295995653e-05
1981-01-05,-0.0037366667036282815,0.0005991527084576882,0.3311836544403249,0.0013436435769170019,0.0,268.2278730281104,-0.0002384006051020434,0.001346787891313942
1981-01-06,-0.0032833596575731617,0.0005969784859210085,0.33289769634239647,5.621189451487052e-06,0.0,264.15458765407067,-0.00015181870762742846,6.029363303588395e-06
1981-01-07,-0.004226738281842679,0.0005947992121432461,0.3284790268950094,3.9988991904393437e-10,0.0,267.9012137698588,-0.0002699943974950893,0.0
1981-01-08,-0.005281451184534085,0.0005926082363236423,0.3239019648952448,0.0,0.0,265.82769446004806,-0.00026581103855607204,1.2814998058274796e-06
1981-01-09,-0.004136671285844793,0.0005904422641473975,0.31920582112170437,0.0,0.0,266.3682456115321,-0.00023387121510202603,8.583068797918258e-07
1981-01-10,-0.004301463606330635,0.0005882315884875713,0.31715016625470815,0.00034908337865845635,0.0,265.7557987277791,-0.00026019598425781665,0.00035393830487297586
1981-01-11,-0.005719968533448581,0.000586037413548615,0.315527619615113,0.0,0.0,263.3975327450453,-0.00022138992987446872,-3.2641764846630394e-09
1981-01-12,-0.0061416399933524055,0.000583843238609659,0.3115988406308851,0.0,0.0,267.2198273789861,-0.00032119512936826483,8.52346317969932e-07
1981-01-13,-0.005455871254710829,0.0005816458645513503,0.30678936227342285,0.0,0.0,267.9318788352435,-0.0003097166365149331,8.583068620282575e-07
1981-01-14,-0.0036528753274578164,0.0005794152364892475,0.30283943363053206,0.0,0.0,267.2476910054123,-0.00018772774370713423,4.351138045421976e-07
1981-01-15,-0.0020979186993534283,0.0005771963104689862,0.302775524879355,0.0021065614149395357,0.0,264.4503520455513,-0.00014866943244880204,0.0021121859550135014
1981-01-16,-0.0033480983837849677,0.0005750053346493824,0.3500712191766714,0.0026446565943585953,0.0,260.8732936916603,-0.0002625240854876863,0.002649068420551476
1981-01-17,-0.004673167137102893,0.0005727747065872796,0.3560131238229755,0.0,0.0,261.6621755107873,-0.000216237364052716,4.261732051702438e-07
1981-01-18,-0.0035665909112510036,0.0005705738808475646,0.3534859695003531,0.0009559124371426255,0.0,266.2008652229094,-0.00017396269082012826,0.000957920592463201
1981-01-19,-0.0039491431608711935,0.0005683515031458968,0.35613749301141717,5.21540641784668e-08,0.0,266.14285901172013,-0.00019341694075340605,8.929943646762695e-07
1981-01-20,-0.006648307634612261,0.0005661405749240165,0.3507909972339925,0.0,0.0,268.2617873894069,-0.00031260385225384925,1.2824078226003621e-06
1981-01-21,-0.009729766323741548,0.0005724208671494392,0.34360632025364884,0.0,0.0004866546030435186,270.8731750085978,-0.0004472376747151553,4.4114153752161656e-07
1981-01-22,-0.008195166786511741,0.0005795700570284311,0.3333142526630179,0.0,0.0010108005592210146,270.96411074622205,-0.00043106600010799155,0.0
1981-01-23,-0.008173563386087365,0.0005788490765512327,0.3198347935793315,0.0,0.001088121474462714,272.30956110262827,-0.0005536568535249786,4.351138613856165e-07
1981-01-24,-0.007700136362832818,0.0005588704920084463,0.30702867525894545,0.00011680386750038061,8.731449054459394e-05,269.58136774770736,-0.0006537789920881644,0.0001564778512690698
1981-01-25,-0.004300814732319891,0.0005550662339743922,0.33598738560793323,0.006515845403832905,0.0,264.4393110329149,-0.0003912382901219999,0.006522681201132314
1981-01-26,-0.0032677818405426155,0.000552840404591318,0.4143516985934558,0.00559304831391674,0.0,261.49431393510207,-0.00028047901131002245,0.005598503553340773
1981-01-27,-0.003495842176305373,0.0005506542274507426,0.4521905069297316,0.0009378334770431628,0.0,260.98514449484156,-0.0001804567978712125,0.000942423687142841
1981-01-28,-0.0023986336875096554,0.0005484763006706022,0.45340914106638425,0.0006916163078809189,0.0,262.16131543304965,-0.00014194959806183637,0.0006948962217548068
1981-01-29,-0.0025082121545312096,0.0005462720232494808,0.45737056408898313,0.0015934080222232195,0.0,266.49465970041166,-9.19657785676967e-05,0.001615943494444163
1981-01-30,-0.0019657751176990357,0.0005440858461089054,0.45824528638476936,0.0018771397907518398,0.0,263.6891354526728,-0.00014298909612126272,0.001880782623203298
1981-01-31,-0.002426517632721508,0.0005418914186078951,0.5143452157633004,0.007493877141489147,0.0,262.5129968459997,-0.0002475029152244498,0.00749847930850339
1981-02-01,-0.0021117049674529817,0.0005396738395852559,0.5715251570592045,0.00454780564638181,0.0,255.69007594078056,-0.00024616384699856496,0.004553221053776602
1981-02-02,-0.002977049493857023,0.0005374860628850043,0.5899074288635828,0.0007048458871194872,0.0,257.1079796146314,-4.890417459152513e-05,0.0007088039048297794
1981-02-03,-0.003544591240963694,0.00053524373278106,0.5821399868320386,6.614726478770628e-06,0.0,260.88063310095146,-0.00013130567546954937,9.747598736110912e-06
1981-02-04,-0.0033881577984087884,0.0005330591552001609,0.5694322604019539,5.573055333336868e-06,0.0,258.62259139224415,-0.00012965740288718274,8.70174940573788e-06
1981-02-05,-0.004257354232887764,0.000530844775296874,0.5638354170344869,0.0005883588587160165,0.0,261.04117874820804,-0.00014946955429800488,0.0005905239020926351
1981-02-06,-0.003693524811227443,0.0005286734993174925,0.5551663558586395,0.00028655997945763975,0.0,260.32467841024453,-0.00016937212292420664,0.0002923928411325896
1981-02-07,-0.003536312298922889,0.0005264854700551869,0.574275532235758,0.0025774420444237985,0.0,256.76803058688927,-0.0002834281205373296,0.0025854846851519142
1981-02-08,-0.0018431750983841674,0.0005242625872294109,0.6072489995291903,0.005082047107697881,0.0,258.5830766817944,-9.290929778484302e-05,0.005087327357604137
1981-02-09,-0.0008244308206321157,0.0005220612563655875,0.6648029679407957,0.006619358403702914,0.0,256.96769944961466,-0.00012874783221947947,0.006623633595344508
1981-02-10,-0.0019355789247879204,0.0005198415726591638,0.7493921772010357,0.004910045487564163,0.0,245.58759136164036,-0.00019864343885479677,0.004916929996699372
1981-02-11,-0.004238314168938136,0.0005176285397534991,0.7234456839983522,2.1941791483237923e-05,0.0,251.21416956511823,-7.187247297352991e-05,2.508141342223047e-05
1981-02-12,-0.005528607863490865,0.0005154402579291393,0.708263217617114,0.0001903744993236779,0.0,261.8997689155536,-0.00011639603240005042,0.00019261200546965082
1981-02-13,-0.0071106512667769095,0.0005131774702988103,0.6907754384416197,0.0006129128574314765,0.0,267.9073427347589,-0.0002529528781266536,0.0006147733515711424
1981-02-14,-0.008145138326674533,0.0005110072887549966,0.6613643093073212,5.143817703602678e-05,0.0,271.50239510185975,-0.0004884600428874884,5.3590312529842656e-05
1981-02-15,-0.008429657688922128,0.0005087940032872777,0.6261494379708099,1.480392480300645e-06,0.0,268.4133636848177,-0.0006125846214718739,3.693950759497966e-06
1981-02-16,-0.0069216080220405665,0.0005066171709427053,0.6048827665224812,3.997192291890161e-05,0.0,269.3034114083328,-0.0003047823737570121,4.382365031365663e-05
1981-02-17,-0.005220486661471889,0.0005044270369966151,0.5941364410457862,0.006655851578981863,0.0,271.5380719287248,-0.0004147593363446031,0.006814499869546252
1981-02-18,-0.006207278724444115,0.0005022318518094424,0.6118835334274954,0.00036494829560403775,0.0,267.2721253231645,-0.0003765204100538109,0.0003730276309797748
1981-02-19,-0.009163152279153383,0.0005000763188647686,0.595045876368291,7.548387357070622e-05,0.0,271.9060144262799,-0.00038612365596375227,7.886165778471503e-05
1981-02-20,-0.008627850793849277,0.0004979292888425839,0.589307192355226,0.007005489436583331,0.0,270.1448223882701,-0.0008632589373632341,0.0073890761731680915
1981-02-21,-0.005363085091450794,0.0004957338510933569,0.6225369843161488,0.001242498030601922,0.0,262.90195885710347,-0.00034696660872738245,0.0012474653282011057
1981-02-22,-0.006352630417562475,0.0004935683419475447,0.6165697920344869,6.456757332645568e-05,0.0,264.89030413798247,-0.00018773929842111085,6.613928380405831e-05
1981-02-23,-0.009371279912479855,0.0004914185337427647,0.6041777012711865,0.0,0.0,268.86549215442494,-0.00029423078364234864,2.125290848198347e-06
1981-02-24,-0.010945279214341762,0.0004892885516592339,0.5897416799081922,0.0,0.0,270.0059401158335,-0.000504561742020529,1.7189817640428373e-06
1981-02-25,-0.013036094563829023,0.00048713941695326465,0.5739854140919256,0.0,0.0,270.78600736212144,-0.0007460899335348002,0.0
1981-02-26,-0.01269039444330722,0.00048505653769282975,0.5579567314765772,5.094513381268345e-06,0.0,270.8038249832987,-0.0009099288112194526,0.00021337591671888187
1981-02-27,-0.005632267917616893,0.0004829223041480544,0.5933125239083098,0.007885203986181378,0.0,267.79667690873373,-0.00044035808430553165,0.008045692228328037
1981-02-28,-0.006726381468907589,0.0004807862184815488,0.6085991293697034,0.000268189899497113,0.0,264.36524700444977,-0.0003388542945017923,0.00027039588171209997
1981-03-01,-0.005950192442048067,0.0004786916371792724,0.6011330699741055,0.000802362642887622,0.0,264.36732409633487,-0.00027353160798886404,0.0008049978060580415
1981-03-02,-0.00690676191937452,0.00047660690579710705,0.5983008548140302,0.0003223107275316271,0.0,266.0552840152029,-0.0002724073753602761,0.0003539678549718007
1981-03-03,-0.0108281871103971,0.0004745006224529892,0.5893212154984699,0.0,0.0,265.3042685585956,-0.0004201086848384917,1.284879772356362e-06
1981-03-04,-0.011940113905459475,0.00047244569339321166,0.579261794153131,0.0,0.0,267.1622460719107,-0.00040142645396418496,4.261732051702438e-07
1981-03-05,-0.012957515226582348,0.000470359109889316,0.5690083476783192,0.0,0.0,267.84333868080614,-0.00045370205836949376,8.583068797918258e-07
1981-03-06,-0.0063343822198399045,0.00046832068155040855,0.5619310282044492,0.0014225063729757645,0.0,267.7352434650428,-0.00040354058251710934,0.0015394501429825582
1981-03-07,-0.005514113327204172,0.00046625059876738293,0.5707718154131356,0.002085606446542309,0.0,266.42630220043236,-0.00029713167982586364,0.0021115139378884954
1981-03-08,-0.00784457689624722,0.00046422521946793896,0.5749249646892656,0.00018569058870191628,0.0,265.8007450714399,-0.00031971427911924103,0.0001865357665692346
1981-03-09,-0.005276090933778192,0.00046217828820654234,0.5707005502589454,0.002584955997049472,0.0,265.4730842647804,-0.000275188625532355,0.0025894563581983924
1981-03-10,-0.007874645082290565,0.0004601462581063395,0.5902182368908898,0.0005782002025404893,0.0,265.9222653886468,-0.0003164276470151325,0.0005806192166337961
1981-03-11,-0.012482044723747816,0.00045813232828668287,0.5826795330155367,1.0774991774963122e-05,0.0,266.53806759318843,-0.00046580481621841935,1.2484713445798974e-05
1981-03-12,-0.01107992092936726,0.00045609524694539735,0.5725286164077212,4.889601368015096e-07,0.0,267.4494543596401,-0.0004734315904183576,1.4787676594452565e-06
1981-03-13,-0.01300275300518941,0.00045411777024888727,0.5631820764918787,2.276649077733358e-05,0.0,267.07738504212233,-0.0006117100727423436,0.00012093289082500212
1981-03-14,-0.011487804563705533,0.0004521285915105357,0.5554385427701272,0.0012194815454846723,0.0,268.05691568909845,-0.0005348615327292243,0.0012722586951809142
1981-03-15,-0.012067046332157265,0.00045013276197142525,0.5539796760975754,5.040359867494659e-06,0.0,267.9670175670904,-0.0005060522527681233,7.321416289239925e-06
1981-03-16,-0.012487704260537854,0.0004481600839539437,0.5452798099841103,7.516036262619968e-07,0.0,269.0459783773189,-0.0006265567015793364,9.070592885258376e-07
1981-03-17,-0.00475658893080081,0.0004462238590596086,0.5560157905190679,0.005924312576735761,0.0,268.75325797057644,-0.00035412143915891653,0.006079000638657695
1981-03-18,-0.0039368587951202185,0.0004442179270383328,0.6015287065236582,0.004917878573392071,0.0,266.40913443556394,-0.00035885832993324195,0.004923586319966558
1981-03-19,-0.007570340598033647,0.0004423064532253029,0.6416381146274719,0.002254508035836247,0.0,265.2348244230626,-0.0004283234708558369,0.0022590619359263023
1981-03-20,-0.00925590590400211,0.00044037502700999636,0.6403831582509417,0.0014526189468001243,0.0,268.01105434970896,-0.00038963737292478315,0.0016872547573174605
1981-03-21,-0.006506482465455762,0.00043843029919317215,0.6822735055467279,0.007507223741146132,0.0,268.21177951000953,-0.000443764804404671,0.0075751842582730666
1981-03-22,-0.009464180570537762,0.00043650047253754185,0.6854889433262712,0.0006775373835011391,0.0,267.479002192869,-0.000366943541093398,0.0006800874309001532
1981-03-23,-0.009842855950533334,0.00043459539696321655,0.6772104611729051,0.0012023016852510853,0.0,267.41071611249964,-0.00044269276267222774,0.0012673536936442058
1981-03-24,-0.00991994424559976,0.000432688721829215,0.6725382257091572,0.0008168523594484493,0.0,266.2658937421896,-0.0005051626345026966,0.0008644671645775318
1981-03-25,-0.013745139716035231,0.0004307769954541309,0.6664027557085689,0.00019411077607149464,0.0,267.67697303757603,-0.000579244725532451,0.00019442373414287463
1981-03-26,-0.011939168860346584,0.0004308122699543582,0.6526092701712571,0.0003311928929918904,0.0,271.5073888530839,-0.0006197884015865246,0.001997351432951895
1981-03-27,-0.0041488987409462365,0.00042797313571649756,0.6554837846486583,0.009084507528334687,0.0,272.0614640977648,-0.0004632960173622363,0.010984552546386828
1981-03-28,-0.0069127943640374875,0.000425150923136264,0.7252620258798259,0.006487587077469476,0.0,267.9418078456671,-0.0006838756650265328,0.006505083313769541
1981-03-29,-0.012402526739626957,0.0004233036000849837,0.7361334102077448,1.245341395254189e-07,0.0,268.26329595131165,-0.0004639909576393117,1.3571001042080467e-07
1981-03-30,-0.009823354750366534,0.00042143472507175084,0.7211851992849577,0.0007493812064666533,0.0,269.1920698851965,-0.0006561627411572948,0.0007822966837746126
1981-03-31,-0.011890562619529876,0.0004195940528212295,0.7502917273569917,0.0060698359068167415,0.0,265.5553180888548,-0.0007750374175566065,0.0060750272123960706
1981-04-01,-0.01497555145267713,0.00041775657969006047,0.7629803731167608,1.3259086905226196e-06,0.0,268.68727184733876,-0.0006541968349598895,1.7589599049560643e-06
1981-04-02,-0.011110381554749053,0.0004159755120843144,0.7498227566649011,0.004180505892819604,0.0,270.7548007534049,-0.0006874742007440767,0.004464623685519547
1981-04-03,-0.004657707603301032,0.00041414123807249773,0.8136712772922553,0.011368723281022518,0.0,267.07159457592866,-0.0005064418823537181,0.01148007304991706
1981-04-04,-0.006395237636094713,0.0004123285160226337,0.8611980086217044,0.0036354314977839848,0.0,263.4235203593913,-0.00040378839850930843,0.003646294283280338
1981-04-05,-0.011714264750480654,0.0004105373459347225,0.8688364837129239,0.0005841113963706346,0.0,265.1780029483659,-0.0003476523041809346,0.0006044467559230067
1981-04-06,-0.00850749373604349,0.0004087411246057284,0.8564926693443975,0.0043719855826453305,0.0,269.1436064301687,-0.0005164462652078456,0.004383290218094648
1981-04-07,-0.005746321405394603,0.00040697470559912215,0.8794347615789784,0.004851112973555334,0.0,265.4608065430952,-0.0005341049673109404,0.00486417032230548
1981-04-08,-0.008629279789951563,0.0004052000362320809,0.906126550361935,0.00046907154853734597,0.0,263.784986309188,-0.0004880888503318453,0.000472337007522583
1981-04-09,-0.014241303554025747,0.00040347992026873236,0.8885537127766008,0.00016330075213464643,0.0,266.5713136030007,-0.0005200677419786399,0.000704110563469904
1981-04-10,-0.01263578918020604,0.0004017747054665776,0.8772954276277073,0.002641608254552561,0.0,270.6975861888821,-0.0005901736380942798,0.003453404571022048
1981-04-11,-0.01321083585084495,0.00040153022539817683,0.8719038738818269,0.0021315573341092148,0.0,272.1758227914067,-0.0006862045186808555,0.003748351938783586
1981-04-12,-0.022655521451079918,0.0003982067613278405,0.847643146407133,5.9665870026680046e-05,0.0,272.8461698471041,-0.0015019652733610847,0.00014931143672619826
1981-04-13,-0.013993534706743424,0.0003964898444838444,0.8213577988906545,0.0006770738268976157,0.0,269.57928649988554,-0.0009256070848070296,0.0006902337409892323
1981-04-14,-0.01498715133316773,0.00039476467727941314,0.8078142011681969,1.7014937212238206e-05,0.0,269.5516413097777,-0.000559817962769398,1.701906239245571e-05
1981-04-15,-0.018491165744046037,0.00041003912518926933,0.7877190368997177,0.0,0.0010693565979179016,274.12045886152885,-0.0007606440534194311,3.1537589544277992e-06
1981-04-16,-0.018103560653783508,0.00042834844292893924,0.7589049258474576,0.0,0.0020023681602235567,274.7691065829577,-0.0007856761731502027,0.0010707627750336215
1981-04-17,-0.015361935657969977,0.0004169519169855926,0.7292606906926791,0.0009591155133004917,0.0014860050195017777,274.016874615082,-0.0009189257819184476,0.0023230622093179504
1981-04-18,-0.0187477796512135,0.00043980592051468334,0.7045781194826978,0.0,0.002783686459317046,275.1940890992878,-0.0008067615267078756,0.0003676541342829913
1981-04-19,-0.016125734706046217,0.0004308424932135028,0.6680984066031075,0.0,0.0019333317854815287,274.7742936588726,-0.001092118247922531,0.0009470775326766064
1981-04-20,-0.022363313089656296,0.0004386053246966863,0.6402399382797788,0.00024951887080224895,0.0021975376343323014,275.3976488310963,-0.001318203837815988,0.001198097725256693
1981-04-21,-0.011822628183553448,0.00038526219836736137,0.6299710893361582,0.0051902775037086625,7.906072052185146e-05,272.6185598786493,-0.0010380596185555566,0.006281800967620534
1981-04-22,-0.01420762314129684,0.00038160493144881257,0.6830360426965632,0.00634755861371924,0.0,270.44524068886284,-0.001080528822448631,0.006891737121556339
1981-04-23,-0.016405834779564272,0.0003998895822945288,0.6887096685204803,0.0003755723605048185,0.0009700527341015596,273.6668560329804,-0.0006652539438110288,0.0008635340774126647
1981-04-24,-0.020270518327163436,0.0005838108264793784,0.6609252240024718,0.0,0.005092433743220938,276.4061569925082,-0.0007144845495958114,0.00020981233776676503
1981-04-25,-0.02176277709882812,0.0010774058137236343,0.6182155573210923,0.0,0.008431473925793912,277.4299998705446,-0.0009287083363634046,0.002097614067422468
1981-04-26,-0.022676622253016566,0.0011324125663035335,0.5753780731373588,0.0,0.009999813069984065,277.83089617641184,-0.0007907352962736358,0.0004630405686319748
1981-04-27,-0.012108650500491517,0.0005038682013581701,0.5353698155749765,0.0009347442221843591,0.003754790125172691,275.83179506204897,-0.0006232911373599101,0.0026460632092080412
1981-04-28,-0.013585806819005205,0.00048028816611079856,0.5447848619938795,0.0037552386648574123,0.002617720398778296,273.93080571636193,-0.0006732194300341067,0.004884668846387152
1981-04-29,-0.013643781933407326,0.0012534622755427818,0.5201983837982581,7.04022619010365e-05,0.006208285994533091,275.5770804338761,-0.0005260738886177204,0.004958286428349231
1981-04-30,-0.013535506518210396,0.002271675794138074,0.4916403675258946,0.0,0.00996230656312684,276.2548127434797,-0.00036606871349326636,0.004290998066212499
1981-05-01,-0.021324149969607426,0.0016362399367962856,0.45186176767008013,0.0,0.011256983177473315,277.6204299316119,-0.0005943241376577125,0.00015855935121784426
1981-05-02,-0.018350439388199715,0.001538316492980483,0.40897094956450103,0.0,0.008937448642011417,278.6585242743771,-0.0006610575200474196,0.0008040670620283567
1981-05-03,-0.005832588563194383,0.0005683951963812619,0.4009577576947975,0.00858720248870257,0.0008412325112833143,272.83588498146077,-0.0005997843082762708,0.01099282999833425
1981-05-04,-0.010969735218980219,0.0004800468009743987,0.4742831645038842,0.003903717812845263,0.0006833242326132995,271.8560698449948,-0.0006864565650874613,0.004903013507525126
1981-05-05,-0.021655855500428693,0.0005868162307362099,0.46510076433027314,-2.062590108752924e-09,0.003380920843215986,274.98549785362576,-0.0010568178969167048,0.00026203441078800265
1981-05-06,-0.010448838989276671,0.0019053468259714419,0.439460251515419,2.618751746449767e-05,0.006844298293193181,275.88976969243,-0.00023750169991941777,0.00423011480077688
1981-05-07,-0.004860225117812723,0.0005643918352611994,0.46500076322681266,0.013236078428430748,0.000246812226408619,271.53107422938234,-0.000607873765635962,0.014537030502275273
1981-05-08,-0.006596643204069407,0.0005718826574120818,0.5569948817826037,0.010792768944454733,0.0,267.94301159817394,-0.0006338316936698338,0.010840626602040474
1981-05-09,-0.011899144720222991,0.000605661737716804,0.6427454831685501,0.007122737202940688,0.0,269.66190911057754,-0.0004884273045312214,0.007470664889504825
1981-05-10,-0.01587809908524745,0.0006435681029228168,0.6413537436734934,4.305650537970376e-05,0.0003349732207713154,271.8265688262192,-0.0006475206885465795,0.00031349755860001
1981-05-11,-0.004155927290350704,0.0006692274815618656,0.660421540283663,0.016055048901145744,0.0,272.17665837533957,-0.0004066634386525316,0.018185929047471124
1981-05-12,-0.006312801507906726,0.0006786542760450288,0.7512970258062619,0.0041197087763056245,0.0,268.8906774610674,-0.0005970864141054747,0.004161135028577216
1981-05-13,-0.009484568642357648,0.0006963064273198446,0.7663948935528485,0.0016654767727447772,0.0,269.7651745963231,-0.00043218970130392393,0.0019008917046648669
1981-05-14,-0.016979433469853162,0.0007578197677256698,0.7517165706656075,1.8733474662748436e-05,0.0018622844695708174,272.61654897643126,-0.0006129649483551414,2.2442458776182882e-05
1981-05-15,-0.018708575032861892,0.0009900408107682136,0.7135421264418551,0.0,0.0051130940979820195,276.06906644817576,-0.0006211414606978664,0.0016622677504060926
1981-05-16,-0.005651933241025203,0.0032001161305917863,0.6632243298316856,0.000494071950683486,0.006443685520503481,274.84858294126,-7.017022577551127e-05,0.01179047030903112
1981-05-17,-0.004572849868044342,0.002827664721483565,0.6460262090248352,0.006345182678288659,0.007136058862094826,274.59981419047847,3.4160890990057916e-05,0.017032791800406774
1981-05-18,-0.012225343345922264,0.0018815750119376318,0.6347796481432438,0.0005782233961557939,0.006583640509742802,275.1084991857382,-0.00043539228286110075,0.0025494764935027076
1981-05-19,-0.01898576007724482,0.0020015141216375063,0.5918056107285781,6.718992513451873e-07,0.009060212973989335,276.55929057162587,-0.000610175842450837,6.572639396577159e-05
1981-05-20,-0.015033530565978446,0.0033596531819489045,0.5315300030896893,0.0,0.011165689571765856,278.09678468506667,-0.000360387635264693,0.0034830805103657613
1981-05-21,-0.004982171927468252,0.00653890987574044,0.48609134077801325,0.0009580188467677704,0.007815849288540372,274.9507001528408,2.5131587086424313e-05,0.011109839135587283
1981-05-22,-0.0036061643964826725,0.01112871755987911,0.5366376456567797,0.015180519092722803,0.007883538297340694,274.6437536839487,0.0001165578931064929,0.03604327760163545
1981-05-23,-0.01375893393983949,0.0053373295708564715,0.5165383434116055,1.2397008427118853e-06,0.009805642615603863,276.0556240440987,-0.00021762639747164347,0.0059180224514049605
1981-05-24,-0.018728428515000534,0.005088825431247216,0.47578708914489176,0.0,0.006026398748327784,275.8448627601236,-0.0007003032744435941,0.000300718650306012
1981-05-25,-0.01103720367796677,0.010699964765101504,0.4339942141890301,0.0,0.01084557727063443,276.7558398417385,-0.0005515412674785335,0.008013179157413333
1981-05-26,-0.00753581140842815,0.011279007977685013,0.38193731792902547,0.0,0.010804883609552169,278.12709285355334,-0.00041443928234321257,0.008822370291474629
1981-05-27,-0.006550000549036231,0.01187308620935106,0.3408584738406309,0.0,0.011901534041442442,278.3660719848173,-0.0009374519294433002,0.00985229742948833
1981-05-28,-0.020734375942561587,0.00883342174150176,0.30541164592161024,0.0,0.006994566317163618,278.3384216833025,-0.0012684973945977997,0.0024316629010904837
1981-05-29,-0.02119857165436287,0.007607651884946447,0.28020056313265074,0.0,0.00462863383825216,278.11775048035014,-0.0013779237824307997,0.001791898601482953
1981-05-30,-0.020189575640495217,0.007890541085415642,0.2624624363671139,0.0,0.005749060146215945,278.9126351925837,-0.001174882264797297,0.0005933606018113281
1981-05-31,-0.016997248102716134,0.009786063415856012,0.23782538290077687,0.0,0.006575511926311559,279.85878297478916,-0.0013462297965661956,0.005980875229329093
1981-06-01,-0.018914042556353212,0.00693473649227013,0.21980127596810264,1.3885861736232954e-06,0.00234293786145873,277.3129270736781,-0.001480299505894467,0.002106791599990699
1981-06-02,-0.021487105953491344,0.006932275948551415,0.21031312529425614,0.00013717979529483172,0.003948350831613702,277.290854243909,-0.0014291051985685437,0.0010624192638793613
1981-06-03,-0.016295496984726966,0.009889395223499018,0.19141314662782488,0.0,0.005494486582649631,280.04600020945634,-0.0011291469073733368,0.007002507541432413
1981-06-04,-0.018558393511395,0.007176473568388298,0.17457066192914317,0.0,0.005077118401305151,277.85001069767554,-0.0013105751588772248,0.0012451322907058634
1981-06-05,-0.02350362381861035,0.007650912986636835,0.15590103063206218,0.0,0.005833936423736777,279.91952122402733,-0.0012728744054918235,0.00028861040449411856
1981-06-06,-0.026380768645617923,0.009174849353941148,0.13636150467867234,0.0,0.007888290357623399,282.3899251862435,-0.0015798485758951155,0.0011712043298839848
1981-06-07,-0.021412004816666837,0.008969582322627137,0.11311779992055086,0.0,0.00695643035200356,281.4014707554532,-0.0011292534254196674,0.0005773408095365727
1981-06-08,-0.02518844899147918,0.009486053875610655,0.09347436477459982,0.0,0.007195436516724065,281.1511541607241,-0.0014072785017180578,0.0008010075178616342
1981-06-09,-0.017074746432277445,0.012683752650594984,0.07284839005120057,7.614118736342522e-05,0.00633223060160707,279.2191370193568,-0.001911596789703531,0.010041445273017839
1981-06-10,-0.02189707625552086,0.010159274952559822,0.06322506547198682,0.0,0.0022252818916813806,277.3683709613348,-0.001629986510859371,5.956957270710277e-08
1981-06-11,-0.024905843207728394,0.008945233488486986,0.05409301068149718,0.0,0.003623709671914915,279.500130824001,-0.0018254178392011569,8.553265615773853e-07
1981-06-12,-0.02501718190598623,0.009642284047805656,0.04195080773305085,0.0,0.0056695933900984,282.3801708867995,-0.0021379401770520346,0.004390997266936491
1981-06-13,-0.015803406846388587,0.008077924534425898,0.03210679106344162,0.0019515523171357515,0.0025912682594215804,279.19556925929874,-0.002709026095894097,0.012998950179183026
1981-06-14,-0.017426054819492297,0.0066752489340507395,0.03878364634828155,0.002518431825489648,3.6437674767553475e-05,273.18699614027355,-0.001592447876004176,0.0036144386071602233
1981-06-15,-0.012335458591496203,0.006371810695545822,0.08537818348340397,0.009521309770433244,0.0018923673252601411,272.54485785130504,-0.0012944357543341859,0.012378628476191375
1981-06-16,-0.022084512321625727,0.006057948042443917,0.09657141044314972,0.0002816140672749719,0.00503698458610955,276.4440339370412,-0.0019123626736092703,0.0020629373815773573
1981-06-17,-0.027059526135355737,0.0055797206143201415,0.0692839829037194,0.0004710982853578309,0.0010471372617840095,277.4547494216603,-0.0026987009697546395,0.0028864436061019146
1981-06-18,-0.021533415058238362,0.005244625321889328,0.06628234058674672,2.2683871415375317e-05,0.0016006404102522104,275.29135354539545,-0.0017064008230375032,6.138840637638071e-05
1981-06-19,-0.022964826200978235,0.00499862104149188,0.051870917196327686,0.0,0.003119415335230908,279.62045642974914,-0.002000955412280088,0.001210991154855582
1981-06-20,-0.021471576333719457,0.005048428383250694,0.03499119070739172,0.0,0.002982431675417949,280.14300220295536,-0.0022163055889771483,0.006353177929888472
1981-06-21,-0.015709235169793254,0.004643955809921868,0.024095208406897363,0.0,0.0016128035041235262,279.30447309389854,-0.002024544644995598,0.0037491663363798866
1981-06-22,-0.027585377422092997,0.004473343491554261,0.017203867996704335,0.0,0.002178753289462483,281.91574293880143,-0.002233488664115216,3.127475916329077e-05
1981-06-23,-0.03702743726093217,0.004161291287443732,0.008926535281308852,0.0,0.0016974592949710997,285.59672277346397,-0.0029274504421289357,0.00011785594970456646
1981-06-24,-0.02830924198957487,0.003988785595543641,0.0044156809086629,0.0,0.0008751385250670762,283.6510036094939,-0.0024659012123353064,0.0002847689692802213
1981-06-25,-0.0309175820337177,0.003836284165328506,0.002005079596280603,0.0,0.0005001253790437839,284.3675471771011,-0.00262792448981502,4.261732051702438e-07
1981-06-26,-0.03428481864390401,0.003700332789771301,0.0009011593691148777,0.0,0.00026147023348485014,287.7572699616858,-0.0030194382356890184,0.0005957921345978908
1981-06-27,-0.031003601933266484,0.0035647911540532522,0.00042805070032956693,0.0,8.32203965065843e-05,287.4029923958069,-0.002646733296372123,0.0007220032176717923
1981-06-28,-0.019202335364064255,0.0034418234043875656,-7.3453647229951e-24,0.0,2.5757014919809028e-05,283.622405639476,-0.0018854765168859462,0.0009871456245903849
1981-06-29,-0.026378633906949035,0.0033167048362688833,-7.3453647229951e-24,0.0,1.1924296449133231e-05,282.53968349104775,-0.002204759372661343,2.189881384035962e-06
1981-06-30,-0.03366912084784211,0.0031984850848461952,-7.3453647229951e-24,0.0,6.505009313087679e-06,287.0449226688306,-0.002727673478466643,4.351138045421976e-07
1981-07-01,-0.030296822936184662,0.00308365092775916,-7.3453647229951e-24,0.0,2.188408105386853e-06,287.70153446161595,-0.002250418035408198,0.00021454269262987334
1981-07-02,-0.012582889047719663,0.00379375044235402,-7.3453647229951e-24,0.0,1.0147943335064388e-06,284.2566743947692,-0.0033184407268371965,0.0150690541054962
1981-07-03,-0.025122364277893543,0.00288831278429193,-7.3453647229951e-24,0.0,3.712662195755264e-07,285.302636371045,-0.0026444720872546325,0.0011876771341259736
1981-07-04,-0.03391983768360764,0.002777389718987848,-7.3453647229951e-24,0.0,1.3200576696018715e-07,286.7097084275298,-0.002807643980124576,4.000063448641305e-05
1981-07-05,-0.03540198332340704,0.002683187271915587,-7.3453647229951e-24,0.0,4.537698239256433e-08,287.9243845140418,-0.0029786285907451044,0.0
1981-07-06,-0.04044580181776468,0.00259478364960622,-7.3453647229951e-24,0.0,1.6500720870023394e-08,290.5327407061044,-0.0029339175829190323,1.432996684724664e-05
1981-07-07,-0.04125212819057669,0.002535432156196422,-7.3453647229951e-24,0.0,4.125180217505848e-09,289.548629868502,-0.003268640493647864,0.0027639374221112094
1981-07-08,-0.04176370643794874,0.0024358484536241005,-7.3453647229951e-24,0.0,0.0,284.58180939410363,-0.0028717684964675695,1.0403536133846994e-05
1981-07-09,-0.03841198938714582,0.002363273484558709,-7.3453647229951e-24,0.0,0.0,286.8979240280985,-0.0028827918672376437,0.0004269723164264764
1981-07-10,-0.03466606228533438,0.002318954232048854,-7.3453647229951e-24,0.0,0.0,288.5833675614409,-0.002935174373794074,0.0032832183405828203
1981-07-11,-0.03317031563170213,0.0022506255887996007,-7.3453647229951e-24,0.0,0.0,288.31099427217816,-0.00293924994661478,0.0032839818693587743
1981-07-12,-0.02608749725050846,0.0021712103974347737,-7.3453647229951e-24,0.0,0.0,288.0607346213246,-0.0027792509487372338,0.002609301842424964
1981-07-13,-0.024297287487714307,0.0023622100299361065,-7.3453647229951e-24,0.0,0.0,287.80326574580596,-0.0033600746922321243,0.010217240419046003
1981-07-14,-0.03946083135860788,0.002029243162122824,-7.3453647229951e-24,0.0,0.0,287.2136270591319,-0.002942356559853096,9.31517886996938e-06
1981-07-15,-0.03644104575538366,0.0019697808781586126,-7.3453647229951e-24,0.0,0.0,285.47978792352194,-0.002569145433562624,2.1556439264713845e-06
1981-07-16,-0.034259269424414235,0.0019137804622704029,-7.3453647229951e-24,0.0,0.0,285.76062614455293,-0.002590748876080675,8.012182738086865e-06
1981-07-17,-0.028340200330578005,0.0018817377460878448,-7.3453647229951e-24,0.0,0.0,286.00994540069064,-0.0024877510607074216,0.002372619257123538
1981-07-18,-0.028147464291860828,0.0018333067833367044,-7.3453647229951e-24,0.0,0.0,285.9133705886295,-0.0028010268911382577,0.0025898303688751748
1981-07-19,-0.030882869778716637,0.0017852045721926933,-7.3453647229951e-24,0.0,0.0,285.15765380859375,-0.002932163965651544,0.002680621746569704
1981-07-20,-0.034539437184562795,0.001719467720742953,-7.3453647229951e-24,0.0,0.0,285.46667605470134,-0.0026626923032062877,0.00040847751319873527
1981-07-21,-0.036460813829454326,0.0016716706887476864,-7.3453647229951e-24,0.0,0.0,286.1522156990181,-0.0024887563155616744,0.00010489319389836895
1981-07-22,-0.03428532881925335,0.0016344216583812307,-7.3453647229951e-24,0.0,0.0,285.0962987350205,-0.0025948543038408637,0.0010900716241377848
1981-07-23,-0.03716827710132815,0.0015869487476887676,-7.3453647229951e-24,0.0,0.0,285.8519839881279,-0.0024538416689061852,0.0003762236926658554
1981-07-24,-0.03076067217494135,0.001547285560834206,-7.3453647229951e-24,0.0,0.0,284.5648317031717,-0.0020393733103564906,0.0005919001373095818
1981-07-25,-0.012997447097368834,0.0016322029849230233,-7.3453647229951e-24,0.0,0.0,281.8859096390604,-0.0029148364250185126,0.012975920510009063
1981-07-26,-0.007305459871803974,0.0015956708940408997,-7.3453647229951e-24,0.0,0.0,280.6850284569232,-0.0027244935380452773,0.011542022737029709
1981-07-27,-0.009553009844095694,0.0017121043582420566,-7.3453647229951e-24,0.0,0.0,280.84635946126537,-0.0037186189717744707,0.01422634496791193
1981-07-28,-0.024486652201851884,0.0014138184698288053,-7.3453647229951e-24,0.0,0.0,283.4661610346505,-0.002611107940096303,0.0005277356609208306
1981-07-29,-0.03464211106805479,0.0013903816372661268,-7.3453647229951e-24,0.0,0.0,286.74458871902493,-0.002672936330617821,0.0011333184423850556
1981-07-30,-0.03818838491951679,0.0013554383300792027,-7.3453647229951e-24,0.0,0.0,288.075318794466,-0.0029407659661298425,0.0007124476989116312
1981-07-31,-0.03363748601937698,0.001329920302003117,-7.3453647229951e-24,0.0,0.0,286.2720546578733,-0.0028008500819152356,0.0008699114197655699
1981-08-01,-0.0375668623268941,0.001296831642167043,-7.3453647229951e-24,0.0,0.0,287.43878707598384,-0.002588319460635132,0.0001322310858850962
1981-08-02,-0.03743855373165702,0.001271013065246539,-7.3453647229951e-24,0.0,0.0,288.45850840710426,-0.0025038869241199926,0.00012244868402971367
1981-08-03,-0.039759840416369464,0.0012463624194516975,-7.3453647229951e-24,0.0,0.0,287.73133188093226,-0.0026153736868820623,0.0001715336983137075
1981-08-04,-0.037522852799649974,0.0012222452689025361,-7.3453647229951e-24,0.0,0.0,288.0235777996803,-0.002428109110411951,0.0002046163641077078
1981-08-05,-0.030066495350861953,0.0012023998687496291,-7.3453647229951e-24,0.0,0.0,286.1451644789701,-0.00223505289667407,0.0007414193308307391
1981-08-06,-0.02197479641875305,0.001193340383680527,-7.3453647229951e-24,0.0,0.0,283.84564666245166,-0.002288914569732497,0.0025474573177548645
1981-08-07,-0.026106659091461853,0.0011586050192515056,-7.3453647229951e-24,0.0,0.0,282.87331403312044,-0.0021714693945595774,0.0006529439134436676
1981-08-08,-0.02252221498954094,0.0011935665950936786,-7.3453647229951e-24,0.0,0.0,283.51388835008987,-0.002130078588543976,0.006261986157455782
1981-08-09,-0.012617710325340769,0.0012002766637478845,-7.3453647229951e-24,0.0,0.0,281.22781890035805,-0.002948356976490573,0.009492929119791419
1981-08-10,-0.018749439278564886,0.001114626978076784,-7.3453647229951e-24,0.0,0.0,280.91752459639207,-0.0024656026734639026,0.002315881461039344
1981-08-11,-0.02764455186950285,0.001074901745144257,-7.3453647229951e-24,0.0,0.0,283.54336810785503,-0.0021866774975748387,6.053872261828079e-05
1981-08-12,-0.028153092426768805,0.0010558859271518255,-7.3453647229951e-24,0.0,0.0,284.6967161325861,-0.0020953200620699064,9.858178884673243e-05
1981-08-13,-0.027008279863387177,0.0010370410936700423,-7.3453647229951e-24,0.0,0.0,285.21002922489146,-0.00182308736494032,5.9886840777208586e-05
1981-08-14,-0.025693575877927793,0.001040352182199726,-7.3453647229951e-24,0.0,0.0,285.07435761647486,-0.002097576309395375,0.002386719825582439
1981-08-15,-0.023139012104037123,0.0010489163930806737,-7.3453647229951e-24,0.0,0.0,284.85656251566115,-0.0023253729598501985,0.004639113774407381
1981-08-16,-0.01705461959380888,0.001828903279735544,-7.3453647229951e-24,0.0,0.0,283.70846476797334,-0.002173215897995873,0.009683895515103692
1981-08-17,-0.019573837308223638,0.0009803234015480946,-7.3453647229951e-24,0.0,0.0,283.2680268081119,-0.0022525610507460637,0.0013012666486736679
1981-08-18,-0.02814207689068412,0.0009729228282378894,-7.3453647229951e-24,0.0,0.0,285.1327843495457,-0.0022635033806670183,0.0018043999954350791
1981-08-19,-0.030552787253748902,0.00094419027452415,-7.3453647229951e-24,0.0,0.0,286.43664039640555,-0.0026211818827495065,0.0006155482793258409
1981-08-20,-0.029233115709434123,0.0009521356241851205,-7.3453647229951e-24,0.0,0.0,287.34182774100157,-0.002379357556965055,0.002713249447629353
1981-08-21,-0.023364011008860704,0.0009156084161693768,-7.3453647229951e-24,0.0,0.0,285.9113708898397,-0.0020725484042938822,0.0008491602489731138
1981-08-22,-0.022373309622039907,0.0009092110193381876,-7.3453647229951e-24,0.0,0.0,283.9163479634373,-0.002146580524868885,0.0018416405396937782
1981-08-23,-0.026263978016578544,0.0008881794194043693,-7.3453647229951e-24,0.0,0.0,283.5886446132049,-0.0021024635272090045,0.0007743789314891256
1981-08-24,-0.02703471591243636,0.0008830010554211289,-7.3453647229951e-24,0.0,0.0,284.96600003790275,-0.0019384544332232856,0.0014772380812643714
1981-08-25,-0.027518431513996446,0.0008621674641377509,-7.3453647229951e-24,0.0,0.0,285.46018685953317,-0.0021876560860855433,0.0007412575227342858
1981-08-26,-0.027796612073809415,0.0008484482933572457,-7.3453647229951e-24,0.0,0.0,285.77100319871346,-0.0020149206732120893,0.00060466304000346
1981-08-27,-0.02754601145868248,0.0008336442001795366,-7.3453647229951e-24,0.0,0.0,285.1947679142494,-0.001971198508968461,0.0002550317068435646
1981-08-28,-0.029063452350891247,0.0008242125228299932,-7.3453647229951e-24,0.0,0.0,285.8006864896153,-0.0019856857946195174,0.0006505798148570089
1981-08-29,-0.023041512375160802,0.0008272838457829534,-7.3453647229951e-24,0.0,0.0,285.77712358234066,-0.0019292651312583582,0.0025390985153489194
1981-08-30,-0.028436255783347766,0.0008082582620577624,-7.3453647229951e-24,0.0,0.0,285.73448879076716,-0.0021759010377829357,0.0015310507036198331
1981-08-31,-0.02301118148248748,0.0008031133204530189,-7.3453647229951e-24,0.0,0.0,281.0799389316537,-0.0023862239352222215,0.002229751031848724
1981-09-01,-0.030800275209933354,0.0007756286758487508,-7.3453647229951e-24,0.0,0.0,282.6953576226244,-0.001955893248488001,2.144245691186699e-06
1981-09-02,-0.030325785026711936,0.000783047433626854,-7.3453647229951e-24,0.0,0.0,284.22326985950076,-0.0020556587957392984,0.0024387951961117546
1981-09-03,-0.02668098793864924,0.0007558549191318662,-7.3453647229951e-24,0.0,0.0,281.80652790105506,-0.0019654732534272524,0.00020434420314082973
1981-09-04,-0.03297637550339187,0.0007503880450954546,-7.3453647229951e-24,0.0,0.0,284.66364010668974,-0.0020267854807740552,0.0007857466466677355
1981-09-05,-0.025621705556993432,0.0007897111150504507,-7.3453647229951e-24,0.0,0.0,284.73765217337456,-0.0021107527348449675,0.006241739920408763
1981-09-06,-0.0077960892754086,0.0009575929850508264,-7.3453647229951e-24,0.0,0.0,279.97337864662074,-0.0030466276826073896,0.02042869934642005
1981-09-07,-0.017556365305757795,0.0007262895841382991,-7.3453647229951e-24,0.0,0.0,280.52986608745914,-0.0019354486448616632,0.001008049438071005
1981-09-08,-0.022370465099811554,0.0007076889781628626,-7.3453647229951e-24,0.0,0.0,283.3070066778898,-0.0017585773020982744,5.11845621852542e-06
1981-09-09,-0.027580278236313732,0.0006990066524279321,-7.3453647229951e-24,0.0,0.0,284.9492762147146,-0.001782672753357618,1.6999633507147834e-05
1981-09-10,-0.026092039494864685,0.0006935532483677406,-7.3453647229951e-24,0.0,0.0,284.52041432368105,-0.0018090458723616467,0.0004304118034593496
1981-09-11,-0.024644842508149016,0.0006835506965885055,-7.3453647229951e-24,0.0,0.0,283.8064419446468,-0.001818625793113547,0.00018028710321282712
1981-09-12,-0.02731694975646876,0.0006742215594329403,-7.3453647229951e-24,0.0,0.0,285.4180088761612,-0.0017405657918523935,5.591657728822776e-06
1981-09-13,-0.02536908326681051,0.0006803401277563667,-7.3453647229951e-24,0.0,0.0,284.9486118036475,-0.0022231341408049995,0.001635226303026512
1981-09-14,-0.024011455223721976,0.0006970471918246167,-7.3453647229951e-24,0.0,0.0,283.9874744882243,-0.0021206380925693756,0.004004190844320784
1981-09-15,-0.02061075430973775,0.0006607887098344707,-7.3453647229951e-24,0.0,0.0,280.68026396469435,-0.001686765301951581,0.0012981219432818803
1981-09-16,-0.02016405466586183,0.0006447097675948495,-7.3453647229951e-24,0.0,0.0,280.0773202461487,-0.0013336525377580675,1.0251460090949687e-05
1981-09-17,-0.026503077713446427,0.000637613952496631,-7.3453647229951e-24,0.0,0.0,282.0742726981528,-0.0015355136908464513,0.0
1981-09-18,-0.028515163114515404,0.000632089746873931,-7.3453647229951e-24,0.0,0.0,284.79894440501874,-0.0015814791165165985,0.0002306543500628713
1981-09-19,-0.02990719911742345,0.0006235814363942983,-7.3453647229951e-24,0.0,0.0,284.59628479449316,-0.0016371303969352259,4.4108105612394866e-07
1981-09-20,-0.02862587916312245,0.0006176043028211863,-7.3453647229951e-24,0.0,0.0,281.95581229617596,-0.0015052401981616426,0.00013266448242683188
1981-09-21,-0.02575160697691858,0.0006113663568335066,-7.3453647229951e-24,0.0,0.0,280.36715018636994,-0.001436684764711197,0.00020196936214581703
1981-09-22,-0.02624479176129325,0.0006040087190725035,-7.3453647229951e-24,0.0,0.0,279.81620148840153,-0.001348263947135311,5.893737582837121e-05
1981-09-23,-0.02366477621477203,0.0005976245817491564,-7.3453647229951e-24,0.0,0.0,279.66961913099846,-0.0011733810043772738,5.740540502422635e-05
1981-09-24,-0.018589556385568307,0.0006008511882717326,-7.3453647229951e-24,0.0,0.0,279.30482536430867,-0.0014264223949804818,0.001312770732287606
1981-09-25,-0.023841426534167792,0.0006514787673950195,-7.3453647229951e-24,0.0,0.0,280.9357361766579,-0.0019239216285236815,0.007043361562873119
1981-09-26,-0.01447025341334316,0.0005854820295915766,0.02375543454272599,0.005570574205810742,1.1464517753003007e-05,272.6384051407349,-0.0011635831541429132,0.006387206581644408
1981-09-27,-0.017003403166256384,0.0005965132666172954,0.03290059292608286,2.0499830528841184e-06,0.0019353164707200004,276.9199259483208,-0.0011403329070594354,2.0516457530738268e-06
1981-09-28,-0.027025416872258918,0.0005853347859140171,0.018396754722810736,0.0,0.0013928731829769868,282.78067672499606,-0.0016144137503316175,0.00012076530743787499
1981-09-29,-0.02082120050481484,0.0005708635695236551,0.010074823814147834,0.0,0.0006559553771874325,281.93519605575534,-0.0013131394950767696,0.00010818823919457906
1981-09-30,-0.01027997562104026,0.0006103318626597777,0.027179380370174203,0.006976809731479419,0.0008386736472616087,275.82571444179155,-0.0018920582577081051,0.012142316793440106
1981-10-01,-0.017023257911205295,0.0005750827028252985,0.043633584922316386,0.0,0.0018493921764321248,275.7243783702958,-0.0012482150831380808,1.8346769443038068e-06
1981-10-02,-0.02086485059416227,0.0005720643337163548,0.029773661870291904,0.0,0.002004466045879375,279.50655629001767,-0.0013275642610960088,4.202127179553372e-07
1981-10-03,-0.01228268499259895,0.0005874771014445245,0.016460181629590398,3.666035031194741e-05,0.0009862995459198277,278.70067733290506,-0.0011512827980568855,0.0035084220384884526
1981-10-04,-0.006972930273093747,0.000609532335383744,0.03467486537782486,0.005247902693384786,0.001051306850829367,274.8697536094939,-0.0015316832452844091,0.010737647644197266
1981-10-05,-0.010344037144197583,0.0005342870277200042,0.06680165666195857,0.005156540474985954,2.345459609381897e-06,271.2001962320504,-0.0011286921220394852,0.005747540320929618
1981-10-06,-0.014367373018278241,0.0005571843035477031,0.06902283059675142,3.04968680365611e-08,0.0021502102099064378,273.2361012115766,-0.0010104845146422334,3.4853563470355535e-08
1981-10-07,-0.015789049451297287,0.000563160595247301,0.05177551384475047,0.0,0.002848960438185493,277.72832818040297,-0.0011190275088120989,8.702277796146518e-07
1981-10-08,-0.007716786305783158,0.0006300353229382618,0.043747149393832396,0.007926093046106189,0.0008694873228248231,276.74752691236597,-0.0007474708849679952,0.015459350121891847
1981-10-09,-0.009747887609031915,0.0005284360909866074,0.08179607499117232,0.0004987315311606995,0.0008537824881278863,270.33815052010914,-0.0010118929953393289,0.0006876376051906003
1981-10-10,-0.014600361176466538,0.0005358494607742224,0.07370127302554144,1.4438130761270471e-08,0.0016371946108374891,272.55921031211955,-0.0011341890246517915,6.0001840699190476e-05
1981-10-11,-0.01623219466310437,0.0006307562192281088,0.056994881782603576,0.00030860062793823284,0.002297536906717861,277.7039043297202,-0.001644019037485123,0.00644587355257241
1981-10-12,-0.004633560945085213,0.0005393187373371448,0.07578451440383711,0.007452930023862145,0.0001536501771481024,273.04358164469403,-0.0010380314736716492,0.010238589573612376
1981-10-13,-0.004240924187299222,0.0005010986900598989,0.09598887527954332,0.00028090381016165526,5.5154564522080504e-05,270.0379632098527,-0.00045480990603481984,0.00034135420106898594
1981-10-14,-0.0026273210927591486,0.0004978316315149857,0.09926086540725047,0.002989264110387382,2.0301506175833237e-05,270.060753608603,-0.000352189807736941,0.003204183507671518
1981-10-15,-0.008992549979080588,0.0005047080543755138,0.11655507922846045,0.0005068069081858727,0.0006838249474090372,269.7669180494693,-0.0007147558433356259,0.0005238296228046011
1981-10-16,-0.003655500878385231,0.0005261232118822088,0.10803935307791902,0.0005113628750803781,0.0017989012754737995,271.9973987751761,-0.000302224425272753,0.0010753927484512713
1981-10-17,-0.006671120386339178,0.0004904289535209958,0.1103975400188324,0.00345694341060132,1.2582220600149726e-06,270.7591736393011,-0.0007210625493425433,0.00362212691606317
1981-10-18,-0.008341359805926093,0.0004954430679816985,0.12086340263064972,0.00011029608000469746,0.0005858519909072058,269.24237132386753,-0.0006551389808708666,0.00011652910103232173
1981-10-19,-0.012392888340236103,0.0005157709458453509,0.10982626934733994,0.0,0.0020433109842956402,273.34296976509745,-0.0008620947841449647,8.285045574041305e-07
1981-10-20,-0.006428725091414264,0.0004961701941355474,0.09624152174552732,0.002653703493418667,0.0004603382157908995,272.5701692441089,-0.0006287351755772608,0.0035201918731664426
1981-10-21,-0.004530236672210155,0.0004797809373187481,0.15731943708804144,0.007307046761283768,0.0,265.10101639842816,-0.0005155439977928744,0.007398102289282518
1981-10-22,-0.005381430820219935,0.00047748148609689405,0.1586323251383004,0.00017080237131334296,0.0,263.0719368282685,-0.0005537351372383409,0.00017265202633151897
1981-10-23,-0.007406417427763428,0.0004919706764867751,0.1537911222928437,0.0002002815615996129,0.001105544594048107,264.71936291265405,-0.000617934012059438,0.00020260476565269175
1981-10-24,-0.003787534090421967,0.0004733327755146781,0.16868232109227874,0.006377747819080191,0.0,266.8631823229027,-0.00042477098561949643,0.006400459849659055
1981-10-25,-0.006764356741460704,0.0004795218086512075,0.20416225282485878,0.0029619204375029963,0.0005504458637560828,266.66438185338023,-0.0005475044155777512,0.0029635122103964075
1981-10-26,-0.005442693450693357,0.00048710490013919986,0.19739850002942566,0.00016465231692050137,0.0008966762383105391,272.32620028048586,-0.0004445560234414656,0.0005889949487751351
1981-10-27,-0.009780452160511986,0.0005046807776736675,0.1821907460128296,0.0,0.0024183777787085982,274.1566136031501,-0.0005979026788793041,8.612870487922919e-07
1981-10-28,-0.011062455800293532,0.0004961478003000809,0.16027946975047083,0.0,0.0019425481642033424,273.63450829098235,-0.0009086155674636028,3.1563757468993984e-05
1981-10-29,-0.004076098907465316,0.00048285722732543945,0.14797680526129944,0.003755238286014331,0.000460797552503435,273.0421205581694,-0.0005196323828761187,0.0049650704792314196
1981-10-30,-0.003962316502959042,0.00046346248206445724,0.19606515198328625,0.00774441777312823,7.555280196464668e-05,268.8438148462615,-0.0005735697035314674,0.007879612725276463
1981-10-31,-0.005569042374858749,0.00047240738814833486,0.22539834922316387,0.0006827521374670126,0.0007760159481885069,267.4352237823544,-0.0003750929082770132,0.0006888823151238757
1981-11-01,-0.008245666190392553,0.0005003554841219368,0.21211705324564506,0.0,0.0025964568521680133,273.9619751299842,-0.00043416688860641365,8.65358174451103e-07
1981-11-02,-0.009646237275357974,0.0004986457232028078,0.18840759622175143,0.0,0.0025235794295193786,275.7628066140156,-0.0006758517369964702,4.351138045421976e-07
1981-11-03,-0.01084535291134301,0.0004952723360331045,0.1664285031191149,0.0,0.0023955777392717405,274.2342704622086,-0.0007851182846194606,8.52346317969932e-07
1981-11-04,-0.007662070757251676,0.00047246993935040843,0.14825290026188798,0.0,0.0011173868499233224,274.1291545286017,-0.0005662093507283826,1.2814998058274796e-06
1981-11-05,-0.004811185522604797,0.00045476895941179353,0.14072385166548965,0.00046568452301671957,0.000170117317788345,271.30747047611106,-0.00042002458167446534,0.0004792997171501409
1981-11-06,-0.00808773223458037,0.00046765661172274147,0.13614816899129004,0.0,0.0010219016822717957,272.2466277860653,-0.0005814247622580853,3.429381251862651e-06
1981-11-07,-0.007960211548764827,0.000464161910579703,0.12698760813912432,0.00018595396883070133,0.0006101688338538348,272.615490976251,-0.0006135141761121104,0.0008329483946345085
1981-11-08,-0.007148055791181361,0.00045164215699427553,0.12268388248881829,5.025982772563137e-05,0.00023858757468603423,269.8908167118856,-0.0005214157761574466,5.583433262524065e-05
1981-11-09,-0.007862434801408802,0.00045399123665976665,0.11869395340454332,0.0,0.00045783849338353695,271.5300881085872,-0.00045608327129466385,8.583068797918258e-07
1981-11-10,-0.01044289544645676,0.0004637855931190448,0.11215411112582394,0.0,0.001127848222767566,272.5955010286608,-0.0004640673997543626,8.70227722771233e-07
1981-11-11,-0.010654942337739266,0.0004636977857115579,0.10353861375941621,0.0,0.0011774643750514014,272.93402316924994,-0.00048354012354955836,4.351138045421976e-07
1981-11-12,-0.008606085416960852,0.00046275884418164274,0.09472978092631827,0.0,0.0011657425281354937,273.5472547060577,-0.0004499052509160365,4.351138045421976e-07
1981-11-13,-0.007670850571939502,0.0004511786214375901,0.08671383040548496,0.00018770089846546368,0.0004761648064447662,273.84196763478656,-0.0005484937537608847,0.00044256704984298395
1981-11-14,-0.008165735604062594,0.00045650869102801313,0.08232182791902072,1.736637731056429e-06,0.0008442615721858828,273.7331780219932,-0.0005952531924355503,0.00020224828559911028
1981-11-15,-0.010999429192246692,0.0004405631015529741,0.07763464976165255,0.0003507123828607764,3.5194964227029833e-05,270.98236211500154,-0.0007743380890138406,0.00047755505732094476
1981-11-16,-0.005676589779934642,0.0004557550458584802,0.07663165018832392,0.00035828998112409123,0.0009837650857066032,273.826844260293,-0.0004433993628974689,0.0006260780796341259
1981-11-17,-0.007518518358300635,0.00045189034130613693,0.07017870542019775,0.0,0.0008772173212409694,275.27246329384786,-0.0006445452812953857,8.60983909904791e-07
1981-11-18,-0.005804109750157696,0.00043781893064746754,0.0832779304231403,0.006455546971094811,0.0,270.40600274511655,-0.0004944312044203619,0.006813135029285656
1981-11-19,-0.004269391677137149,0.00043717725465526694,0.12981982329919964,0.0027513771533629315,0.0001293878665583282,265.3107136476736,-0.00032323743032533573,0.002757797187916758
1981-11-20,-0.00528688589900227,0.00043811998461599404,0.13192375456096986,0.00018926040600922148,0.00023556209174589927,266.9501153583132,-0.0003482816204176111,0.00019162177691432693
1981-11-21,-0.00481940267112969,0.00043573647232378945,0.12944671573387476,0.00013213158495682109,0.00014819053270049014,267.15238971315085,-0.00027642894199507385,0.0001386413634378896
1981-11-22,-0.003031164997041562,0.00043354751700061864,0.1364723104990584,0.007275234971006038,4.3148059124326977e-05,269.66246483869253,-0.0002625693519741802,0.007406807316220154
1981-11-23,-0.004244512546870668,0.00043660536997735844,0.19951116701977403,0.003980244978167916,0.0003027078606146204,264.8940455298415,-0.00036916553469027515,0.004073074173747133
1981-11-24,-0.0017977170856659022,0.0004307146968141114,0.215488124926436,0.004464217372196543,1.862645149230957e-09,268.7811029689236,-0.00015625309220141612,0.004563276073299342
1981-11-25,-0.003157874790288635,0.00042989109195558367,0.24256934329390303,0.0029859364579963147,0.0,265.92197653847677,-0.0003111644063965749,0.0030263946891504493
1981-11-26,-0.0030237443029543782,0.0004318529939920889,0.2532611854107816,5.153484516224619e-05,0.00016934668782067164,257.06626971472906,-0.0002741417926499399,5.267688446301861e-05
1981-11-27,-0.003313823313699604,0.00042825213259896323,0.2493505675464925,0.00018892052062487196,0.0,258.4942347244579,-0.0002164533940580605,0.00019001758704751228
1981-11-28,-0.0033621619229262834,0.00042928544814977267,0.2629500279543315,0.0017471768719665075,0.00011139653496823069,261.54986146614374,-0.0003043568540511832,0.0017497973571156981
1981-11-29,-0.0054875991101992335,0.0004333316606316863,0.257847902689501,0.0,0.000401869216291918,261.5745798818585,-0.000330465214358548,1.2806772247131448e-06
1981-11-30,-0.002471547763226396,0.00042581271990544377,0.2569975484786959,0.0019976119116201243,0.0,260.61570656052646,-0.00018455470664858147,0.0020031154434233768
1981-12-01,-0.0024735936842395765,0.0004249957658476749,0.2696912517655367,0.0007707516815366046,0.0,259.5746319118866,-0.00017853218030794868,0.0007758408426822163
1981-12-02,-0.003642180629369229,0.00042421181323164605,0.2726774916137006,0.001009008768251387,0.0,263.8382609595463,-0.0002937651749721355,0.0010136042528127208
1981-12-03,-0.008203745856460207,0.0004234081607753948,0.28135873683203866,0.0014527940564909897,0.0,262.5010648213762,-0.0005952512876967253,0.001649352193660344
1981-12-04,-0.004180604370973879,0.0004244414763262043,0.27751616569562154,2.1606683731079102e-07,0.00010903511133234382,264.07693624765864,-0.00030635450940347665,1.9807050924712093e-07
1981-12-05,-0.005511779317074577,0.0004276739338697014,0.2698691847634181,3.342237849693514e-07,0.0003488354363852302,267.7960094768,-0.0004036113472476518,3.342237849693514e-07
1981-12-06,-0.008059734425975778,0.0004311861459818264,0.2590991808645245,0.0,0.0006012524672820744,271.29802177271154,-0.0005567485287701343,2.5705378448037663e-06
1981-12-07,-0.007133269419441116,0.000430980981406519,0.24515971670491998,0.0,0.0006330520293470156,270.22372938684157,-0.0004953151926566652,4.261732051702438e-07
1981-12-08,-0.004615829320950697,0.0004286789203767723,0.23554604740466104,1.3902488738130042e-06,0.0005427327449038878,268.125724479977,-0.0002470672246342325,3.1029571672440462e-06
1981-12-09,-0.005446833026947948,0.0004343211145724281,0.22558593750000006,0.0,0.0009070315771857224,271.5657903488073,-0.0002971848704468059,8.525313432983239e-07
1981-12-10,-0.008081029490225733,0.0004344950456403743,0.21222808895362524,0.0,0.000955820230946029,273.185599551587,-0.000652327849450758,4.312798509431559e-07
1981-12-11,-0.002252185832982683,0.00041809753846314,0.21267522032427028,0.0035834588783945744,5.6613173525212186e-05,266.8771001884044,-0.00025174428977198525,0.0037667753331729116
1981-12-12,-0.0034303343144513796,0.00042231086283753825,0.23976103644362054,0.00012842717312150083,0.0003431284284524325,262.7757406432301,-0.0002952536073444927,0.00013212568332117135
1981-12-13,-0.0013653496648632201,0.0004153908309289965,0.24530339645127122,0.0023103829494303904,0.0,262.0171481633591,-0.00017595531071646739,0.002314198909449443
1981-12-14,-0.002470587185547177,0.0004146153812354568,0.2642422261211158,0.004286460894144188,0.0,263.83593075064397,-0.00018759245463347032,0.0043260084706047836
1981-12-15,-0.0021954459574936476,0.0004138332807411582,0.2900602121586629,0.002621408888680787,0.0,262.2879489101259,-0.00023116395508838915,0.002633358729046853
1981-12-16,-0.0012666310294199797,0.00041307273220881236,0.3511935304113701,0.0079819790092902,0.0,262.8063739625748,-0.0001386171101597743,0.007998210351344483
1981-12-17,-0.001805570544832844,0.00041228743259516147,0.3677944032485876,9.998033023149954e-05,0.0,256.4826334577945,-0.00012551599029598937,0.00010098491684865144
1981-12-18,-0.003208738220276806,0.0004128101518598654,0.36299113185616766,0.0,7.24548442383944e-05,261.9215464008281,-0.00019395727095967633,8.484724389745679e-07
1981-12-19,-0.0040118871098857815,0.0004192769190685898,0.3544487387447034,5.45395127797531e-05,0.0004695532896087668,267.96710029788835,-0.0002118131135311504,5.813523863075793e-05
1981-12-20,-0.0024854632168166382,0.00041150642653643076,0.34840936175847464,0.0032834003621575523,7.786202944267941e-05,271.31773200097956,-0.00019086651125196685,0.003723357760427873
1981-12-21,-0.002358523592100305,0.00040921888782479674,0.3893128016125236,0.006493193576228148,0.0,266.4403784872224,-0.00029969136467424494,0.006552902047979331
1981-12-22,-0.0009001560382923837,0.000408443438131257,0.4160657404955273,0.0022737840769317865,0.0,257.30020437222646,-9.412293211888459e-05,0.0022788514607017443
1981-12-23,-0.001875143729697513,0.00040769459164075256,0.45986139617172794,0.002372048290099128,0.0,253.94053169652796,-0.00013962740573169149,0.002375533772727191
1981-12-24,-0.0019607845336030434,0.0004069092920271018,0.45382730660016485,0.00012829977661202858,0.0,256.28278500616216,-7.760233251051715e-05,0.0001361690334331381
1981-12-25,-0.0016159867752069809,0.0004061388935746446,0.4649867400835687,0.0038427597090686105,0.0,260.1342328784605,-0.00010588928257341439,0.0038498305081900537
1981-12-26,-0.0018259069256189853,0.0004053833962833814,0.5231156573681733,0.00549571361329596,0.0,257.8035009926547,-0.00016221809753422012,0.0055016136437809945
1981-12-27,-0.0022642658760318652,0.00040458984630929544,0.5250244140625,0.000873157280986592,0.0,255.624310075002,-0.0001286317168150918,0.0008764587721582186
1981-12-28,-0.002004672157562385,0.0004038409998187911,0.5344530238494586,0.0021450406750716734,0.0,255.74566025383731,-0.00013307343095035878,0.0021487852442736008
1981-12-29,-0.0024435062613864405,0.0004030557002051402,0.539963659369115,0.0006622942532859954,0.0,256.0921926085334,-0.00015101714933154274,0.0006655472145679709
1981-12-30,-0.0007386279139815078,0.0004022770513922482,0.5535309355137713,0.0061649013373811365,0.0,262.2304139828727,-2.465431320633592e-05,0.006168829030830201
1981-12-31,-0.0021865023984073925,0.00040149840257935605,0.6199466109051319,0.00508190651482108,0.0,257.09808147020937,-0.00018720574529662644,0.005085149929246041
1982-01-01,-0.0008339956402778625,0.000400703253045594,0.6053032309322034,0.0009115397888051589,0.0,258.6194710417207,8.149246164297653e-06,0.0009151652989228977
1982-01-02,-0.0029820435296344216,0.0003999129021908604,0.6228022745998116,0.001540860550551765,0.0,257.24780511586687,-0.0001902307809914573,0.0015439889664591291
1982-01-03,-0.0024363557666035023,0.0003991244034578572,0.6150957527807205,0.0003320619800669999,0.0,256.0947621232373,-0.00014204757109200213,0.00033546168217616355
1982-01-04,-0.0025294544333118504,0.00039833750428453006,0.6100471913253296,0.0001822598909927627,0.0,257.47653595875886,-0.00011032170979148251,0.0001877412451399246
1982-01-05,-0.0011836193964979743,0.0003975373035096854,0.6339807887535311,0.00658455520531552,0.0,260.53341610148806,-9.326937234839478e-05,0.006587701950988983
1982-01-06,-0.0010317577901533094,0.00039673550317516435,0.701811882062147,0.004046071762755767,0.0,252.9592303798697,-0.00016579200845148604,0.004048156906553635
1982-01-07,-0.0017739571841423121,0.00039592705203988463,0.6969626331508947,5.013230493513205e-06,0.0,251.4475700033587,-3.76727295208112e-05,6.206038981507728e-06
1982-01-08,-0.001904584130661636,0.0003951319025061226,0.7009226768479285,0.0033792195010319947,0.0,260.7776490119891,-2.0842988696475488e-05,0.0033812155492763197
1982-01-09,-0.003949686800692715,0.0003943160007902458,0.701973722928437,0.0002143796386018311,0.0,265.2264207707062,-0.00014974590454061153,0.0002174183955432742
1982-01-10,-0.001706062526689411,0.00039350089885420723,0.7186989649540961,0.003628249264369577,0.0,260.1639609040514,-0.00018560649606130892,0.0036312220604666203
1982-01-11,-0.001612539092699687,0.00039267009597713663,0.7165954934675142,0.0015493742069282103,0.0,263.5154730083803,-7.920056623590868e-05,0.0015564207678408248
1982-01-12,-0.0014332628435334246,0.000391830242959793,0.7159290493320386,0.0006760899714157407,0.0,258.95353708428854,-0.0001400594394338333,0.0006809188316097368
1982-01-13,-0.0020263019928150935,0.0003910449433461421,0.736146513800612,0.0033742542994224427,0.0,259.31785556556144,-0.00013552940224355225,0.003375961620444759
1982-01-14,-0.0031556321234352852,0.0003901984395280396,0.7370713515919257,0.0011010111262232572,0.0,263.70155121108235,-0.00013179429359523592,0.001104917516040317
1982-01-15,-0.0012650946102573373,0.00038936178563004834,0.7475907780131826,0.005072329340681518,0.0,260.5475060055261,-0.00020994801116360108,0.005122943786464303
1982-01-16,-0.0014910985436816676,0.0003885285834134635,0.7836569231108758,0.0007549415074162563,0.0,252.64575547327877,-9.369395546993966e-05,0.0007590476738181355
1982-01-17,-0.004347779446065764,0.0003876770283542784,0.7808033284045435,0.0015524077087135638,0.0,264.7064507802328,-6.959171134368176e-05,0.0015583929874129218
1982-01-18,-0.004248090298835841,0.0003868321240958521,0.7610086272216338,0.00019940094085736464,0.0,262.64050279319173,-0.0002754967512383973,0.00020194307895206125
1982-01-19,-0.0032745903242105824,0.00038599387063818465,0.7404228828272128,1.880939060685325e-05,0.0,260.22014018056984,-0.00019890077327941097,2.052760383374252e-05
1982-01-20,-0.0038143807211838206,0.0003851407160193234,0.7245668457950801,8.956109315662062e-05,0.0,258.88727715415024,-0.00024193524261989163,9.192539809323971e-05
1982-01-21,-0.0006667051864209148,0.0003843107129220909,0.720099899952919,0.0013089085281905483,0.0,257.41876045054636,6.9905914324151595e-06,0.001311536225781737
1982-01-22,-0.0008887084527204266,0.0003834277559808419,0.7367099682939031,0.000993977074569228,0.0,255.16740291401496,-9.580704220439082e-05,0.0009996914983830874
1982-01-23,-0.0013943032524680015,0.0003825828517224156,0.7393499974252589,0.0017704972102817172,0.0,256.43287191013826,-1.8361061390510388e-05,0.0017765136087900368
1982-01-24,-0.006130663856948163,0.0003817163955020366,0.7655427002412901,0.004854969469840918,0.0,267.9167906084079,-0.00020964233741416771,0.004865899534710375
1982-01-25,-0.0074276841208759685,0.00038085659008241647,0.7681847983609935,0.002020588870775902,0.0,263.80970682621904,-0.0004944581601579311,0.00206483817295184
1982-01-26,-0.00859068018400063,0.0003799967846627963,0.7456491473928909,1.3098078595716402e-05,0.0,269.92305095766,-0.00039367334612008543,1.596178478553285e-05
1982-01-27,-0.008098047458182623,0.00037912367764165853,0.7236107432909605,0.001357013601704506,0.0,265.81100400648097,-0.0006833619906403925,0.001434879670238848
1982-01-28,-0.003970805787097263,0.00037824072070040946,0.7091749518155605,1.573474225351366e-05,0.0,261.1408753152621,-0.00020281934721321713,1.74551359441723e-05
1982-01-29,-0.00412747217605343,0.00037736921323894783,0.6971893023187382,1.666034008823546e-05,0.0,261.04761829124783,-0.00011007812947539961,1.838273200266259e-05
1982-01-30,-0.0030290730676408545,0.00037650115745889266,0.6978706891478343,0.00239947069920389,0.0,262.9455378904181,-0.00010572706407072855,0.002406769073703386
1982-01-31,-0.002090693404108791,0.00037561154971688484,0.7089586275894539,0.002286905917407429,0.0,262.29668760569086,-9.308132411396437e-05,0.0022907994693063005
1982-02-01,-0.0018077170276372448,0.000374738442695747,0.7588228559763419,0.00493423815416751,0.0,259.8001291810232,-0.000165490412526885,0.004940305710733577
1982-02-02,-0.001526633393293047,0.0003738520340730915,0.8002936584127825,0.003356704898809983,0.0,257.5131863703611,-0.0001332761961861519,0.0033630566576325154
1982-02-03,-0.0010220631536117383,0.0003729624263310836,0.8986237089512713,0.005635897634224703,0.0,252.00947004343385,-0.00021006091166350804,0.005640312641925112
1982-02-04,-0.0009338364510212916,0.00037208106894951083,0.9229168505767421,0.0003944401350398522,0.0,245.25003515843395,-8.268302864274064e-05,0.0003995579171400696
1982-02-05,-0.0017735227774092032,0.0003711648580044677,0.9169018416754946,1.05826026302273e-05,0.0,244.781981301173,-3.9202660995688145e-05,1.2720574047929055e-05
1982-02-06,-0.0026101899770020094,0.0003702254955377956,0.9091052039194917,6.318696390437541e-05,0.0,251.61415865551507,-4.878004560362822e-06,6.5810195447523e-05
1982-02-07,-0.0014617585782277381,0.0003693010342323174,0.9238927234139596,0.004023890458257859,0.0,256.11156053776574,-6.326860985008337e-05,0.0040291999845981676
1982-02-08,-0.002007114516813203,0.0003683201674014162,0.9859108790165962,0.00320835318942528,0.0,252.04638179412672,-0.00021214357519385506,0.0032123063242691925
1982-02-09,-0.001782348095360449,0.00036737735325333766,0.9871058347310501,0.00012984175213986198,0.0,249.87093775689937,-5.992510392840973e-05,0.00013076356161506692
1982-02-10,-0.0036640866412281318,0.00036640313722319527,0.9780992985669729,0.00023495361714039823,0.0,253.6842399819872,-5.627905497443205e-05,0.00023667303844441105
1982-02-11,-0.005683259522847537,0.0003654289211930529,0.9608929018067325,0.0,0.0,258.12297297691447,-8.878120784200517e-05,8.463859444418631e-07
1982-02-12,-0.005290507849326915,0.00036445125348150397,0.9385652991113466,0.0,0.0,260.4131371413696,-0.00014366982452108365,0.0
1982-02-13,-0.007524474655504281,0.0003634836882521204,0.9151041206891478,0.0003078063623716603,0.0,265.98321324508294,-0.0003234533761433289,0.00031478233308968354
1982-02-14,-0.00854911086922985,0.00036250442098089536,0.8819991576918551,5.981111425464436e-06,0.0,269.80307882204795,-0.0004047678183701079,8.913622541782943e-06
1982-02-15,-0.008345373732558753,0.0003614804502260887,0.8447421948564031,0.00037907242859150733,0.0,270.7205279398773,-0.00045295843675648433,0.0005020026651783479
1982-02-16,-0.007055938622709049,0.0003605176836757337,0.8113553896686676,0.00018797324454717046,0.0,270.55396891089265,-0.00036135467958484,0.0003887875605210342
1982-02-17,-0.007602953388866058,0.00035950701452244473,0.7835847384063088,3.678509491985127e-05,0.0,268.55846661138446,-0.00048143451896596096,6.656889877505131e-05
1982-02-18,-0.006601790923856746,0.0003585293468108958,0.7663893762505886,0.0007998613103971645,0.0,266.31823024282795,-0.0002955431434310089,0.0008035733878270066
1982-02-19,-0.007413674419545858,0.00035752692801804196,0.753170839586276,9.805006159227446e-05,0.0,270.60877861770086,-0.0003565355272447995,0.00010501315242657201
1982-02-20,-0.01204862420336675,0.00035653595870497543,0.7316694529043078,6.183236837387086e-05,0.0,271.5594737237905,-0.0007474216616759867,6.864092770813528e-05
1982-02-21,-0.009360894939656986,0.0003555417902725565,0.7101731237494116,3.95491129934451e-07,0.0,273.6708857972743,-0.0003676837425952578,1.7581130722875436e-05
1982-02-22,-0.010908499023335131,0.0003545558722005726,0.6832079986169963,0.0010649011296741033,0.0,273.86813435671246,-0.0009382656949051357,0.0013063377265001112
1982-02-23,-0.0022012915483302317,0.00035353270122560405,0.6975612604460923,0.0096482729886548,0.0,268.00290061031137,-0.0003391401842236519,0.009692148653799458
1982-02-24,-0.004364982626195682,0.0003525326817722644,0.758158710716808,0.001142587954715147,0.0,259.5289545615964,-0.0005010569910124197,0.001144298255107104
1982-02-25,-0.006578349629364445,0.000351518560937569,0.7525243956714925,6.394450273890954e-07,0.0,259.777636044892,-0.00018081073201982315,1.640655732521505e-06
1982-02-26,-0.0072712695362877715,0.0003504979155831418,0.7432134883327448,0.0,0.0,264.6417202491545,-0.00026032601162201944,2.378525831423594e-06
1982-02-27,-0.007804861639515829,0.0003494937709495847,0.7326694639389126,0.0004561768034420445,0.0,266.4188474306728,-0.0002915045604278139,0.00045967593694681483
1982-02-28,-0.008673483579509002,0.0003484698001947781,0.722847746365937,5.004769664699748e-06,0.0,266.61502685834233,-0.0004207292718991722,6.120336257805259e-06
1982-03-01,-0.007606215269888862,0.00034744077819888876,0.7103250794491526,0.00010271511424732747,0.0,269.329387610915,-0.00037840174479504763,0.0001086880256428688
1982-03-02,-0.00465663438294567,0.00034643835940603485,0.7008534806820857,0.002111413110952593,0.0,270.09939932598684,-0.0002760124145507139,0.002294122576681293
1982-03-03,-0.003786792610324709,0.0003453877854481929,0.7141485699152543,0.0026752661050712997,0.0,266.68923636614267,-0.0002942955973794905,0.002700251756278308
1982-03-04,-0.002177961886265857,0.0003443720650538213,0.7459767372145717,0.004719559040109991,0.0,262.75652340531576,-0.0002942706621383543,0.004726121469315136
1982-03-05,-0.00457086830826129,0.00034333479269749704,0.7843054360140067,0.0008650583946435466,0.0,259.28868849443626,-0.0002682667520255019,0.0008693547475927852
1982-03-06,-0.0036023890988974923,0.0003423273226635605,0.7897071048140302,0.0027435399844484816,0.0,260.3584951375613,-0.00017860718071460724,0.002749590986846634
1982-03-07,-0.005147441127205973,0.00034130335190875387,0.8245157647716573,0.0028285963387139103,0.0,262.6900769285788,-0.00016912915822813067,0.0028321109417013394
1982-03-08,-0.005753834284631547,0.0003402527779509119,0.8580954456508946,0.003174731034343526,0.0,264.63137008465844,-0.0002456836318228878,0.0031826449821224325
1982-03-09,-0.008368314912090195,0.00033922375595502263,0.8497188014948212,9.736517644197929e-05,0.0,268.02026778111576,-0.0003085669950913575,0.0001000695309055457
1982-03-10,-0.00970178097486496,0.00033820298431956836,0.8301585856579567,0.0014700180729903746,0.0,268.952412427482,-0.0005861352129423686,0.001479997684877635
1982-03-11,-0.00964815885165317,0.00033716411240356794,0.8183129377059792,3.571305318740802e-05,0.0,269.5921626225703,-0.00039957032807297625,6.664676067941533e-05
1982-03-12,-0.011401546792795432,0.0003361499915688725,0.835619565457274,0.0070737728291312175,0.0,266.23108624244594,-0.0008863041198438845,0.00731298024371519
1982-03-13,-0.011276780169899182,0.0003351159183319006,0.8534261987258711,3.048508180736822e-06,0.0,264.9985277603351,-0.00046664442193541824,6.492127810127329e-06
1982-03-14,-0.012156655222682632,0.00033406374481438243,0.8366940600723869,0.0,0.0,268.9040556726258,-0.00040556520413039096,4.312237820158771e-07
1982-03-15,-0.006719124729687211,0.00033308102586175094,0.8183235125353109,0.0006154799402433601,0.0,270.26181446226303,-0.00030762726430502317,0.0008068425169422664
1982-03-16,-0.008330267448883273,0.00033205360342553785,0.8344650699593927,0.004438186664197405,0.0,268.4720542785587,-0.0006204315876893404,0.004525221320104438
1982-03-17,-0.005115370755478487,0.0003310261809893247,0.889829818811794,0.011270125685943724,0.0,266.84109980911865,-0.0003673122869541416,0.011301466334513045
1982-03-18,-0.009921762439827462,0.0003299830576120797,0.9226412153513419,0.0009093502652173664,0.0,267.38108878485906,-0.00041885507203596464,0.0009187789721231715
1982-03-19,-0.0030830788747065485,0.0003289846377184162,0.9479150574535077,0.016765584569361253,0.0,268.44627248544924,-0.00035429546493763307,0.016952633643028178
1982-03-20,-0.003971223019610691,0.00032796546564263816,1.0913529620556734,0.006864129634058409,0.0,260.66184278082267,-0.00044794840538232345,0.006871044332595923
1982-03-21,-0.007469997104615143,0.0003269082408840374,1.1020015853048495,3.698112516753418e-05,0.0,260.55877980808754,-0.00021583096539906863,3.982282603798105e-05
1982-03-22,-0.007734910074600394,0.000325927121491082,1.0786937419079567,0.0001302565221732619,0.0,261.11512743416483,-0.0002500526238716928,0.00013339770124715008
1982-03-23,-0.006488194868052747,0.00032488892307389256,1.0582429415313088,0.0006712528608613095,0.0,263.1286831153539,-0.00022017304380398016,0.0006763328772721339
1982-03-24,-0.004910546044508616,0.00032389130296006717,1.1198461500264831,0.013372757866726086,0.0,263.34072113037115,-0.00036782991814579677,0.01338165670128192
1982-03-25,-0.009669798999856422,0.00032286960526374775,1.1808130296610169,0.00018312167481514025,0.0,260.52104268549976,-0.00029738986664741053,0.0001847967926391774
1982-03-26,-0.012079630068129739,0.00032185708398872845,1.1503717742172788,6.647854201537742e-07,0.0,266.706550899872,-0.00034179345909821784,6.2809926236957974e-06
1982-03-27,-0.01244605787224689,0.0003208461622733855,1.1110984672934323,5.526908036679198e-05,0.0,270.81556137717155,-0.00046907645245056374,5.669276774593312e-05
1982-03-28,-0.014823762794672435,0.0003198352405580424,1.0695021462305792,0.0,0.0,270.4581646784551,-0.0006589885316999619,0.00015189480973373004
1982-03-29,-0.011279053228386378,0.0003188791248084462,1.0384544473134416,0.004076437466898881,0.0,271.33445640607073,-0.0007440728887831425,0.004657036183912617
1982-03-30,-0.009515568698193394,0.0003178282982885501,1.112263077845457,0.011441385636558643,0.0,265.3120573945414,-0.0008327928766355678,0.011506960363043528
1982-03-31,-0.011739026902422393,0.0003168405280948359,1.111360539150777,0.0004902363118142058,0.0,264.1803202979309,-0.0005787052003677283,0.0005017766696629239
1982-04-01,-0.019982291101399118,0.000315879361104157,1.084920937058616,0.0005636199424832554,0.0,270.9004712616657,-0.0008703194621760967,0.0013909559127624964
1982-04-02,-0.008983381218829398,0.0003148402366261025,1.1063745071209983,0.009933756190841482,0.0,266.57162599150524,-0.0008403583624437031,0.010021869889310643
1982-04-03,-0.0098903657352857,0.0003138325140301117,1.1284899235669728,0.00022408075756945854,0.0,263.5287025401372,-0.0004395753313592599,0.0002519250420177587
1982-04-04,-0.009386673443398235,0.00031285139463715634,1.114075971413018,0.001576024870582893,0.0,266.2077271700355,-0.000521163892863834,0.0016307864316203232
1982-04-05,-0.007082540983870878,0.00031184207248148945,1.114025166254708,0.0020394477004048515,0.0,261.67827294056923,-0.00046515433738629025,0.002044866835998691
1982-04-06,-0.010229522183453297,0.00031086095308853414,1.1031868857403484,0.00023843282781078318,0.0,263.50389815723827,-0.0004355506340073328,0.00026210447142223836
1982-04-07,-0.003996408928585591,0.0003098614808529784,1.1031889547286962,0.004217559355968809,0.0,263.99171896393915,-0.00028766031866356485,0.004252230077037757
1982-04-08,-0.006914530223035544,0.0003088819610196992,1.160387287032133,0.0042320784749621055,0.0,260.5635552020172,-0.0004641661304706908,0.004237554958882359
1982-04-09,-0.006234918989367404,0.0003079239931483727,1.1707998157221047,0.00304655015131848,0.0,261.6175498854643,-0.00029398420941358235,0.0030533659835083778
1982-04-10,-0.012760593182286301,0.0003069146709927058,1.1784619692355227,0.00014204249880408164,0.0,264.9204776067069,-0.0003288378097159041,0.00014315811584138588
1982-04-11,-0.014142926592948074,0.000305938350278779,1.1509292516331215,4.598106873237481e-05,0.0,272.6509656421209,-0.0004154986170473072,4.740202494260282e-05
1982-04-12,-0.012598714670218992,0.00034494277110881053,1.1158798993644068,0.0030501853821978064,0.0006020787871826841,273.9694010739946,-0.0006703362395029283,0.00872536434628372
1982-04-13,-0.015265466424368197,0.0003040522168585136,1.085399333142067,2.5103657932604777e-05,0.0,271.55896763702793,-0.0011490851503896849,0.0002505021487292965
1982-04-14,-0.017140227354178996,0.0003030742965849106,1.0517849392361112,4.329467139675119e-05,0.0,272.715716094396,-0.0009828329843989876,0.000740083323890658
1982-04-15,-0.014679088178327528,0.00030208812595087256,1.0308122940207156,0.0037969475938270324,0.0,270.2317912466333,-0.0012843467474067953,0.004204685085232389
1982-04-16,-0.01004712464614103,0.0003010969040757519,1.043275190163018,0.0015005034389300536,0.0,263.17136296489593,-0.0008996876830098319,0.0015056085895815104
1982-04-17,-0.015261494928160632,0.00030013388496334274,1.035144985507886,4.699758890658449e-06,0.0,264.74385111031114,-0.0006532035925883358,5.993685367633137e-06
1982-04-18,-0.010877281679945477,0.0002991924178128862,1.0255025802583568,0.0031271829338228637,0.0,266.6810982555095,-0.0005816704683047904,0.0032044534002258753
1982-04-19,-0.0067573571525051095,0.00029822274789971824,1.078055344058969,0.00563073325586521,0.0,261.1716419155315,-0.0006097247455753176,0.0056387807689362865
1982-04-20,-0.008127319821193394,0.0002972828803089379,1.1028413646863233,0.0022176846988120323,0.0,260.83155286110053,-0.00047915436243270085,0.0022249006618432943
1982-04-21,-0.012472970169142816,0.00029633476235772256,1.1029388370262476,6.412925188150783e-05,0.0,263.3514879302117,-0.000392615816182336,6.499558182085976e-05
1982-04-22,-0.01692987586987221,0.00029540154556770114,1.0884432747763655,0.0,0.0,269.28405167243795,-0.00042670114376282297,1.2857570936830598e-06
1982-04-23,-0.02142991681220168,0.00029445502717616193,1.0685023650835688,0.0,0.0,274.01128060938953,-0.0007351451253486892,2.416072675259784e-09
1982-04-24,-0.019207933865024545,0.0002949774938788118,1.0396588284192563,0.0,0.0,274.1770033755545,-0.0008325477441151937,0.0014664185922243366
1982-04-25,-0.009588486983277703,0.0002931555954076476,1.0232751993585216,0.004760870299601959,1.61730636984615e-05,271.9570592495906,-0.0007419438274987673,0.005593465479078866
1982-04-26,-0.010391313687892957,0.00029171338189119676,1.0520936782750707,0.005862682342192548,0.0,270.93985444049156,-0.0007886769050090328,0.006294136680250028
1982-04-27,-0.01029082084611311,0.0002907966658220453,1.0566843036428908,0.0026452079583696056,0.0,271.6958581884927,-0.0005390922944087767,0.003179556632667852
1982-04-28,-0.017552051040749094,0.0002898285954685535,1.0525904653660547,0.0003723372089660774,0.0,272.3745639678898,-0.0006954338675164908,0.0005191119040131973
1982-04-29,-0.015337580593965823,0.0002889964876875366,1.0536532357138655,0.007764352664435652,0.0,273.06065577347175,-0.0010781799269429708,0.008816278512082885
1982-04-30,-0.021599576803250503,0.0002879869129698156,1.068333857477048,0.0,0.0,271.59079052409663,-0.00100926845466013,3.4214396227119936e-05
1982-05-01,-0.023141141959839625,0.00028709334842229295,1.0461094743114407,0.0,0.0,274.3598250552535,-0.000952730812974232,1.2947421623721311e-06
1982-05-02,-0.02340553418896293,0.00034025825012875145,1.0135109536840865,0.0,0.003329297454006928,276.76838242266814,-0.0009415092651790146,7.070047725952299e-06
1982-05-03,-0.0174311894481465,0.00040810037467439296,0.9667552653454567,0.0,0.007218832476327649,277.4079432191149,-0.0005737955361015379,0.00019355438186623958
1982-05-04,-0.012107569829555557,0.0003127743632106458,0.9300318716160546,0.0037537303011296163,0.0016188463669712264,273.2368749808906,-0.001075892367184499,0.004727628035728956
1982-05-05,-0.016946463345807825,0.0002835209423539329,0.9494555342219869,0.0012503341471744797,0.0,266.893438569121,-0.001632293412661822,0.00125335370743568
1982-05-06,-0.01603215183578642,0.0002826904341325921,0.9462575678995999,0.0007409583040549932,0.0,268.01497438937264,-0.0008413235283335724,0.0009743317035631945
1982-05-07,-0.015023415118961015,0.0002819394829583034,0.9621250993114407,0.005002100588911671,0.0,271.6847249298671,-0.0006907469787671742,0.006205664381366718
1982-05-08,-0.015733047983067183,0.00028107572073316845,0.9708240458745292,0.00015611497232806212,0.0,272.9039429522728,-0.0008611712699471895,0.0006645426237379831
1982-05-09,-0.011639137852326625,0.00047556205657915885,0.9685665496998589,0.0039639805711932105,0.002866083850799981,274.6739700446695,-0.00036330071756731996,0.007917819518589223
1982-05-10,-0.005155740610960514,0.0003172559926738847,0.980734040283663,0.008191143809738807,0.00041946657212440586,271.9047070196119,-0.0005934699464820873,0.010427005030341255
1982-05-11,-0.007272981696546415,0.0002787300085617324,1.0424583995409606,0.008047459910144914,0.0,270.90970838227065,-0.0007194842259257528,0.008402667089268366
1982-05-12,-0.012984023424191665,0.0002780602139941717,1.057327529131356,0.0013209859614318374,0.0,271.63908206989987,-0.0005733829023221792,0.002350756843253232
1982-05-13,-0.009935404368713078,0.0002773409172640008,1.0620868919932909,0.0026387757500686217,0.0,271.6872641999843,-0.0005663427087546743,0.0035040476058600047
1982-05-14,-0.008084479487885191,0.00027689489267640195,1.065794289224341,0.0032304087601139047,0.0,272.41497548780427,-0.0002976109742023851,0.005243445722294447
1982-05-15,-0.007630000764367271,0.000320062967343519,1.06034526357992,0.0045030973430744,0.0017975779660677508,273.5521367211351,-0.0004153114527800663,0.006132589322694019
1982-05-16,-0.009558123089162644,0.00032876036261434615,1.0700331865730934,0.0038816921707600528,0.0019459864808677955,273.7211777530821,-0.0005964626594956986,0.005811911619310739
1982-05-17,-0.0144543980727088,0.0003973225415763209,1.052287243629355,3.175116486131809e-05,0.003022348834464779,274.1397875590065,-0.0006147891619784684,0.0017946743022250592
1982-05-18,-0.021249707219964366,0.0007527095954970452,1.0139047511328863,0.0,0.006251197813426034,276.19536242511987,-0.0007799807304548005,0.00017923595831460795
1982-05-19,-0.010253220038898923,0.002021324247290186,0.9691270156544256,0.0008209074116022574,0.009505556043931994,276.2459072357293,-0.00022014844005054001,0.006423914543051143
1982-05-20,-0.010074902346915444,0.0004810929971899691,0.9790487343308616,0.00753202908119913,0.0030509958327826804,274.129018445922,-0.0005189902175449382,0.010154215797866132
1982-05-21,-0.018061297130113268,0.0003341023868086648,0.9666007808821799,3.831307430051814e-05,0.0020954792235193956,274.3975262686807,-0.0009355283379133813,0.00010843930263427675
1982-05-22,-0.023968539163891203,0.0006641383561710853,0.932915121822034,0.0,0.005723654403019761,276.0518991251226,-0.0008541758219569417,0.0001827697099794783
1982-05-23,-0.019382973133170677,0.0008661130727347682,0.8919898426465396,0.0,0.007913748696867357,276.9561389305273,-0.0007896544727481018,0.0015415026308528983
1982-05-24,-0.017591279063184386,0.000335176869974298,0.8682845235993409,0.0013711649272064707,0.0008642569310584312,273.1950892827381,-0.0011962885405384215,0.004018099075554509
1982-05-25,-0.016622342548127902,0.00034882826993694414,0.8594136211158193,0.0009311444552268013,0.0011278112224266355,273.3070850336395,-0.001077140013208497,0.003002207174808033
1982-05-26,-0.021796958594672424,0.0017834990206411331,0.8408435311470105,2.5653359243425274e-05,0.007960646208059991,277.0321316009637,-0.0006022653042596614,5.966652247865322e-05
1982-05-27,-0.021911609686363888,0.002825948393951028,0.7904894122969633,0.0,0.014262062639503156,279.2801867088131,-0.0006375821138926819,0.0015740425267588862
1982-05-28,-0.005941416626259432,0.0041508471730065215,0.7458199538753532,0.004115519213811153,0.01148630447138501,276.3693373261648,0.00018857292683616196,0.01126446484966849
1982-05-29,-0.018686566312434313,0.0004014079853639764,0.7547025806261771,0.0008125958890564697,0.0,271.0869952990286,-0.0017139805680782781,0.0011733813984030072
1982-05-30,-0.013501038448622,0.000441164956927973,0.7515264536252354,0.0010045612136186182,0.0,270.3593371116509,-0.0009446312478706663,0.0010889602919706618
1982-05-31,-0.01602351084604102,0.00047189872817131085,0.7518441582803674,1.8494950849457652e-05,0.0,271.6658817980923,-0.0006403869944019507,2.174525605460333e-05
1982-06-01,-0.011029255297561151,0.0005682697572277091,0.740928175759181,0.0017989192179030619,0.001243138275409149,273.67898083631155,-0.00044589937469885184,0.004671465625066269
1982-06-02,-0.005401797803108302,0.0010788391875681904,0.8384540794932911,0.025259041032717054,0.0026258605474469353,273.7162548503409,-0.0002568689527484657,0.034031599137000934
1982-06-03,-0.008770729441427243,0.0011910786062984144,0.9017591458480462,0.00021822395929172215,0.004905239884125985,274.1161120570986,-0.000284366014987062,0.002818767398085712
1982-06-04,-0.016488269897504043,0.0013709053144616596,0.8685192388329803,6.181790919627174e-05,0.004811972085028719,275.51117699114843,-0.0007010510580687874,0.0027894017722332916
1982-06-05,-0.018488292345556163,0.0011328718083052987,0.835926005620292,0.0,0.0036699357258397985,275.58425869914777,-0.0009301534122498023,0.0010799069525782102
1982-06-06,-0.007211485698734974,0.0016165431273185602,0.8626033114848164,0.01770169287919998,0.0019495374191615543,273.54702312304255,-0.000489529201203147,0.02446131864007582
1982-06-07,-0.018922352731901373,0.0009038180617962853,0.9212637288871234,0.00037689673277617854,0.0015413025551933356,274.2605547393109,-0.0009966717327887058,0.0012606836955069286
1982-06-08,-0.009952849713759235,0.0009956588011003486,0.9054929801524247,0.004401953375272158,0.0012423190482928927,273.55408377566584,-0.0006595447575305142,0.006862939960998803
1982-06-09,-0.015647302955220647,0.0010008811950683594,0.9202839479608051,0.0008667340596853678,0.0006254698849667264,272.3347702960286,-0.0009035988589801357,0.0013076060902173627
1982-06-10,-0.019738015061044424,0.0011209164467235072,0.8997278590660313,0.0,0.0025905419961880834,274.4329132970893,-0.0008270594391361468,0.0004423835519675885
1982-06-11,-0.018765063230263987,0.0019807323055752255,0.8700390257179851,0.0,0.005612760382351902,275.450416802013,-0.0005787473677073495,0.0009689054919038114
1982-06-12,-0.0210825729757379,0.00241025558299264,0.828274197048611,0.0,0.01071584995015193,277.22606109001316,-0.0005378969024214368,0.00024306693309315163
1982-06-13,-0.01760490066082464,0.005290203512051685,0.7768614458274483,0.0,0.01842044460150482,279.0651340592379,-0.00012058342707022437,0.0013424958064055998
1982-06-14,-0.008465989456001648,0.006821841927571485,0.7224810756532487,0.0,0.01660171189045502,278.1105736626519,0.0002742609861543623,0.0042964437753668745
1982-06-15,-0.009971459790811701,0.006579547194437792,0.6753442336834982,0.0,0.015907915572157014,277.34400824638413,0.00025568267930362184,0.003467547523099824
1982-06-16,-0.012306539646986515,0.01542514326882228,0.6251280473899482,0.0,0.018207665427593188,278.2576342616827,0.0002559136367787076,0.00873641587246112
1982-06-17,-0.007399293073153093,0.011869001691624269,0.5741736920315443,0.0007225995893869024,0.01440253792762083,277.01826313255873,0.0002935127391990295,0.011417827868865709
1982-06-18,-0.01516584294327235,0.00755255058997095,0.5453623396304144,0.0004759372585574112,0.007669562968493856,275.6046204324496,-0.0005099199038777648,0.002528181890881048
1982-06-19,-0.02098592623310574,0.008524892525484334,0.5149707399070151,0.0,0.01070011985924958,276.9896861757038,-0.0009383951592664262,0.00011640989174277096
1982-06-20,-0.0216931278085978,0.008673788295627314,0.4745698343338042,0.0,0.013074447058856825,278.8894525768618,-0.0008069499748322249,0.00038617529438040357
1982-06-21,-0.019456639549153002,0.01479302557174769,0.4343507698475754,0.0,0.014659899271140663,280.0168396577997,-0.0006272102058944056,0.005764113071943148
1982-06-22,-0.01929833643180503,0.015265388424787146,0.39235214549493885,0.0,0.016280968857687074,281.4166242703655,-0.0007385824107180882,0.005072961756065067
1982-06-23,-0.017354101026799046,0.014672285840336214,0.35179261748175616,0.0,0.013927747090320802,282.29312313029544,-0.001025887606086704,0.006567174768660433
1982-06-24,-0.008954451792994462,0.014906074451861411,0.31944237545609705,0.0,0.010692968227937397,280.4537059331345,-0.0012164412981877895,0.011849370493911495
1982-06-25,-0.008818351321637967,0.014915988522734347,0.2933568002589454,0.0,0.01186993120417083,280.7002411068272,-0.0009434885992589644,0.00824137353627198
1982-06-26,-0.011403729855004005,0.015279280179637974,0.2658994857874294,0.0,0.01108738874732438,280.6456823546559,-0.0010419103006521861,0.00701206748941475
1982-06-27,-0.022688543939657805,0.01624935806471076,0.23649709238170907,0.0,0.012182928158738521,282.41579676482644,-0.0013330948070786094,0.003084464244889243
1982-06-28,-0.029119906115666627,0.01440019829798553,0.20601606638418085,0.0,0.012108866798844042,285.83453488754014,-0.0014651856558807828,9.132628521280365e-05
1982-06-29,-0.024556030240436056,0.022882211763980028,0.17308811683439268,0.0,0.014435729106604045,285.97869729726335,-0.0012372199151307176,0.0015722353500489583
1982-06-30,-0.023932525330344165,0.016826765180307596,0.14004085562323448,0.0,0.012819339494920722,285.92947385899316,-0.0015870114356952873,0.004323589876420215
1982-07-01,-0.026865211457519213,0.01441226647061817,0.11073846332097459,0.0,0.01223909135087062,284.66024199807265,-0.0015012526642636393,0.001183554395398501
1982-07-02,-0.0341040348939303,0.011851749767017906,0.08688509666313561,0.0,0.0067997838733559945,282.18819198680245,-0.0021057266342101124,0.002041972659973155
1982-07-03,-0.030426964795185352,0.012385338039721474,0.06866167718632299,0.0,0.008207088936183413,283.48224422936164,-0.002280064637504392,0.0021624110848540504
1982-07-04,-0.030637717853158213,0.010640757232062563,0.04747316752000942,0.0,0.0078121284391246965,285.00991053680025,-0.0023301526756778278,0.0004744920353431487
1982-07-05,-0.01819505605657222,0.009748450611944253,0.03254173839159605,0.0,0.003460148275740403,280.87261133499294,-0.0018186597153544428,0.002115812907980676
1982-07-06,-0.022132798566319847,0.008935292393474256,0.026186495850988704,0.0,0.0022998996457811133,279.0430307945065,-0.0023379433310806415,0.0026780137082620826
1982-07-07,-0.028541809800317737,0.00845363744571384,0.020509191825564977,0.0,0.0028759006431884012,281.89095912365815,-0.0022650360745393627,8.504606236172262e-07
1982-07-08,-0.021845082441965744,0.007588591784407191,0.013472332568267423,0.0,0.002499385005505072,283.3586653765087,-0.0023388606680315093,0.0012563447113940762
1982-07-09,-0.00885598294142276,0.007623368316451035,0.008448369085451978,0.0,0.0014217905279270001,280.51457976217324,-0.0025598426680948777,0.01068498044363699
1982-07-10,-0.014526853411547884,0.007472268437261636,0.005722361993879474,0.0,0.0012824944730869122,280.4165374913907,-0.0026442942204280093,0.00868619073486279
1982-07-11,-0.019186327560136548,0.007299972035117069,0.0031540577919020717,0.0,0.0007955454879224638,281.81829812791614,-0.003146199214845728,0.00930033384277889
1982-07-12,-0.024501138782433873,0.005794250190594775,0.0018924346751412432,0.0,0.0005073788980979705,283.8189768494859,-0.0023975511434051276,0.0008619730279320788
1982-07-13,-0.022126589075656934,0.0055096283302468775,0.0009011593691148777,0.0,0.0002827920693125429,284.3724487433999,-0.0024428301738143644,0.0013769242891484062
1982-07-14,-0.026955729655626804,0.005225014130947954,0.0005406956214689266,0.0,0.00013749859174766113,286.0894893603137,-0.002869907798150839,0.0025141465899557163
1982-07-15,-0.032884550128279434,0.004888226336005045,-7.3453647229951e-24,0.0,5.936502652653194e-05,286.870772582663,-0.0028507407375816573,4.819453480416031e-05
1982-07-16,-0.0299691293535933,0.004634075750738888,-7.3453647229951e-24,0.0,2.3830513664558107e-05,285.98383291068495,-0.0029703637237771087,0.0026035183943757274
1982-07-17,-0.02424470566760349,0.004353433089741206,-7.3453647229951e-24,0.0,9.91731208596526e-06,282.5420417965244,-0.0021882561261707782,0.0004941999238649465
1982-07-18,-0.02871921898449882,0.004121411318159373,-7.3453647229951e-24,0.0,4.84211970183809e-06,283.55595830066056,-0.002807863025089442,0.0008070648092480093
1982-07-19,-0.03392179217715721,0.0038926517222560735,-7.3453647229951e-24,0.0,2.9572490918434273e-06,286.10126382213525,-0.002873219623319847,4.351138613856165e-07
1982-07-20,-0.03728352335550018,0.0036919075722074784,-7.3453647229951e-24,0.0,1.4508637668049272e-06,287.77981485126156,-0.0028355324083128896,8.217992381503658e-06
1982-07-21,-0.03646138453550932,0.00351088784508786,-7.3453647229951e-24,0.0,6.918306067838507e-07,288.3957516478056,-0.0028271920726460928,3.357889961564271e-05
1982-07-22,-0.036912028777734036,0.0033674372286446354,-7.3453647229951e-24,0.0,2.821749549801067e-07,290.4218259728786,-0.0029373539317041467,0.0021492785989851706
1982-07-23,-0.03056830390866867,0.003429438434751694,-7.3453647229951e-24,0.0,9.694173511138744e-08,289.1591530349071,-0.003005947186322199,0.008623163690224131
1982-07-24,-0.01728099201527019,0.005633276566273749,-7.3453647229951e-24,0.0,3.5064031848799715e-08,286.6889487695784,-0.0036024808210168183,0.024104306242988177
1982-07-25,-0.010915245334644103,0.004455632577508183,-7.3453647229951e-24,0.0,1.0312950543764621e-08,285.7692691996946,-0.0033910962158424708,0.013723294216816038
1982-07-26,-0.021867596412782617,0.003969132900238037,-7.3453647229951e-24,0.0,4.125180217505848e-09,285.73914783643016,-0.0027772776182677793,0.006967701480887031
1982-07-27,-0.01655671665560728,0.0035141330149214152,-7.3453647229951e-24,0.0,0.0,285.32756564397147,-0.003406232338672304,0.013384680963391774
1982-07-28,-0.013192731739774262,0.0036469600294942914,-7.3453647229951e-24,0.0,0.0,284.3189228546373,-0.0033918501872379904,0.015870213929542718
1982-07-29,-0.018716475636945607,0.002718983060222561,-7.3453647229951e-24,0.0,0.0,282.80671429319796,-0.002894762587749352,0.0031451844225145868
1982-07-30,-0.024346275686544214,0.0026347918362267277,-7.3453647229951e-24,0.0,0.0,284.1917926551259,-0.002423801212071699,0.00023570009638961443
1982-07-31,-0.030613105091671488,0.002592553695042928,-7.3453647229951e-24,0.0,0.0,286.492905183925,-0.0026631797111387983,0.0003398956887789902
1982-08-01,-0.03599383665175088,0.0025500326843585002,-7.3453647229951e-24,0.0,0.0,288.4849052716559,-0.002908285859824911,0.0007007004177502994
1982-08-02,-0.03366250456389734,0.0025021140858278437,-7.3453647229951e-24,0.0,0.0,288.40413100391686,-0.00291781443155418,0.0006744837188451305
1982-08-03,-0.033736270405141655,0.002491372032354107,-7.3453647229951e-24,0.0,0.0,286.7191169796242,-0.0028917845233348803,0.0033607856701427935
1982-08-04,-0.03385804778775253,0.002397920957392892,-7.3453647229951e-24,0.0,0.0,286.5719526545925,-0.0028700074391429034,9.94981008720196e-05
1982-08-05,-0.03724200888878882,0.0023551367770480577,-7.3453647229951e-24,0.0,0.0,288.0296300719238,-0.0027711538145434385,0.001029894429411592
1982-08-06,-0.03623273568806675,0.0022941357166753654,-7.3453647229951e-24,0.0,0.0,288.08992061148035,-0.002716565352080569,4.6310245177582706e-05
1982-08-07,-0.033061215938147856,0.0022444267899303116,-7.3453647229951e-24,0.0,0.0,287.51660193247534,-0.0024963583439420174,0.00029327960337622693
1982-08-08,-0.02680205999963028,0.002255987986332953,-7.3453647229951e-24,0.0,0.0,286.42110393904926,-0.0027805756367111608,0.005418703751273128
1982-08-09,-0.015419397187435022,0.0035579400715854883,-7.3453647229951e-24,0.0,0.0,285.14661316234066,-0.003076609755513695,0.014154346733443481
1982-08-10,-0.021405465774616956,0.0023043824117735955,-7.3453647229951e-24,0.0,0.0,285.0455171186372,-0.003105647419973956,0.005359080821102363
1982-08-11,-0.030353643715718373,0.00211118026978552,-7.3453647229951e-24,0.0,0.0,287.97567600314903,-0.003002495668028708,0.004580508551309662
1982-08-12,-0.035320875545342766,0.002011331040306954,-7.3453647229951e-24,0.0,0.0,287.15021733285795,-0.0027555746820855276,4.603610210519664e-06
1982-08-13,-0.033486162791144386,0.0019685930788180253,-7.3453647229951e-24,0.0,0.0,286.8631129830571,-0.0025597235061607117,1.7106531799981894e-06
1982-08-14,-0.03548453466198539,0.0019270866099050492,-7.3453647229951e-24,0.0,0.0,287.2092656424715,-0.0026374791280529596,9.116715539619557e-06
1982-08-15,-0.03502192196704574,0.0018911610888896018,-7.3453647229951e-24,0.0,0.0,287.0473076089403,-0.0027659492577705013,0.0006184856432743394
1982-08-16,-0.03395514825811494,0.0018743250497990408,-7.3453647229951e-24,0.0,0.0,288.4578114382067,-0.002614858560264111,0.0026538363587236347
1982-08-17,-0.03056284953645394,0.0018403708598034533,-7.3453647229951e-24,0.0,0.0,288.24418284529344,-0.0027691132289036522,0.002975351325531205
1982-08-18,-0.025869391142985244,0.0018213025089037624,-7.3453647229951e-24,0.0,0.0,288.0343050408947,-0.0024569117500957125,0.004223474607624318
1982-08-19,-0.015903789192269754,0.003682027849773903,-7.3453647229951e-24,0.0,0.0,286.13614194765825,-0.0032241865782077703,0.020670473710280437
1982-08-20,-0.023072666704317943,0.0017244554845626744,-7.3453647229951e-24,0.0,0.0,286.84885286880757,-0.0025407313342905987,0.0015673095223593847
1982-08-21,-0.02573629940128596,0.001693696793863329,-7.3453647229951e-24,0.0,0.0,287.53926562724143,-0.0022575458259148115,0.0018614715431830376
1982-08-22,-0.022336356005089434,0.0018403479608438786,-7.3453647229951e-24,0.0,0.0,285.84130053331626,-0.0028381302300314448,0.010012469117169777
1982-08-23,-0.019631808802569657,0.0021719103310741277,-7.3453647229951e-24,0.0,0.0,283.59577593830346,-0.002699278537078766,0.006170719147631081
1982-08-24,-0.020408562473994866,0.0016088910863897897,-7.3453647229951e-24,0.0,0.0,281.4396985767027,-0.00214658476580671,0.000916368775385519
1982-08-25,-0.029045581522971226,0.0015767760532723982,-7.3453647229951e-24,0.0,0.0,283.90795024505445,-0.002237946173902285,8.553265615773853e-07
1982-08-26,-0.02619174358534948,0.0015687938295515244,-7.3453647229951e-24,0.0,0.0,284.7429256331449,-0.002038187289473701,0.001154186334856784
1982-08-27,-0.025262599021701495,0.0015431638322981065,-7.3453647229951e-24,0.0,0.0,284.70219802138047,-0.0025978686003866845,0.001073240887065253
1982-08-28,-0.02735554245905688,0.0015139058653244192,-7.3453647229951e-24,0.0,0.0,286.56367046190974,-0.0022409842218046134,0.00025889180316248473
1982-08-29,-0.02414572331528206,0.0015072193691285992,-7.3453647229951e-24,0.0,0.0,285.3645515082696,-0.0023250769255524976,0.0017364591695704702
1982-08-30,-0.026857079506593908,0.0014928591958547044,-7.3453647229951e-24,0.0,0.0,285.42966433164094,-0.0022503433559658164,0.0023224470305122764
1982-08-31,-0.025497861332812555,0.001459982435582048,-7.3453647229951e-24,0.0,0.0,283.67082246324213,-0.0022150580008319545,0.0010841585147502598
1982-09-01,-0.028349120148831168,0.001428725439949898,-7.3453647229951e-24,0.0,0.0,283.08574148849806,-0.0020259344887177825,0.0
1982-09-02,-0.02540254815991989,0.001409360833760709,-7.3453647229951e-24,0.0,0.0,283.59527796585456,-0.0018239654337534796,0.00016271850819817707
1982-09-03,-0.02493168253683101,0.0013940073339279088,-7.3453647229951e-24,0.0,0.0,285.1203388566127,-0.0020996092497713153,0.0006423737538013181
1982-09-04,-0.026237618956862194,0.001367571074410347,-7.3453647229951e-24,0.0,0.0,285.9665322384592,-0.0018867930071165334,4.174143581067102e-05
1982-09-05,-0.02607913652045579,0.0013517610265710261,-7.3453647229951e-24,0.0,0.0,283.4243172539605,-0.001789654347266855,0.000614833545545141
1982-09-06,-0.025628027269395733,0.0013400225316063832,-7.3453647229951e-24,0.0,0.0,282.83276992553596,-0.0020186527090220803,0.001348688188245741
1982-09-07,-0.02527196945275291,0.0013509164590620052,-7.3453647229951e-24,0.0,0.0,284.2427219778805,-0.002016543500167502,0.003928642606285656
1982-09-08,-0.025126201411088313,0.0012898251498486364,-7.3453647229951e-24,0.0,0.0,284.2652511093801,-0.0020877423638341118,0.00010675121155076094
1982-09-09,-0.028283172618534608,0.0012696791166639599,-7.3453647229951e-24,0.0,0.0,284.88073020331603,-0.0019189537539657227,2.1352741010778384e-05
1982-09-10,-0.022891842502321902,0.0012984534273039825,-7.3453647229951e-24,0.0,0.0,284.82596267010535,-0.0019599930567424854,0.004721582981164918
1982-09-11,-0.005963418990541987,0.0013482787009686402,0.0345833701153484,0.01139872992611201,0.0011260208521185623,276.00903115928065,-0.0021095856192842716,0.0201217854993509
1982-09-12,-0.009961009193948435,0.0012522725398931127,0.06444668814736346,0.0017184149789608132,0.001486372676188663,274.23654880272244,-0.0011049294581184281,0.003302939766453457
1982-09-13,-0.0029090997778763207,0.0012242783934383072,0.14736116628413373,0.029906985786675062,9.05837274372241e-05,272.29843316015325,-0.0006098425973438274,0.032753930724764894
1982-09-14,-0.003192821801719019,0.0011858120139709302,0.43743034405896897,0.04016839969629622,0.0,270.09773772360023,-0.0006126181438228505,0.04158149624101008
1982-09-15,-0.005739015079824265,0.0011877542161672129,0.5391142247086864,0.0022221901322488735,0.0013242689734798369,271.8229932192355,-0.000550429547195044,0.0024986732139749583
1982-09-16,-0.0057426552988041595,0.001248112421924785,0.4858389241996234,0.0,0.0056305134532141825,274.44161731913937,-0.0002574141868679537,0.0007138837528540185
1982-09-17,-0.007449418180069682,0.0012835271782794242,0.42353202977871945,0.00030147360037949126,0.007020826635640221,274.84124379059244,-0.0005722424373199037,0.0019198597563340526
1982-09-18,-0.012707477909023481,0.0013154164630140963,0.36747462960510824,0.0,0.010156204071590456,276.00611949999677,-0.0007749481737024368,2.4897583504193045e-05
1982-09-19,-0.012627368845508597,0.0012579599426964583,0.30409393023187387,0.0,0.007394404145283888,275.6312274825102,-0.0008156129532614671,6.227800296808628e-10
1982-09-20,-0.014536857520793119,0.001289270018453652,0.25883481013123827,0.0,0.008352219774308852,275.0669613315561,-0.0009871250449937617,1.293420723413874e-06
1982-09-21,-0.015435894751279367,0.001506491569475939,0.20504364186087573,0.0,0.010860532311733161,277.93822569766286,-0.0011356322115844927,8.460917229058396e-07
1982-09-22,-0.016168096307980814,0.0012842999339777198,0.14588505804201976,0.0,0.008508310932139893,279.34612633010096,-0.001143843940548641,0.00022896511404274544
1982-09-23,-0.012153289833311308,0.0020841356724669033,0.1055292104372646,0.0,0.0062163446919392745,278.1763910340276,-0.0011262565819641292,0.005276900900285797
1982-09-24,-0.017118600802232993,0.001251092317414149,0.0790634011593691,0.0,0.00531801683459915,277.51948153321575,-0.0011627480577109225,0.0006599669834765522
1982-09-25,-0.014903667914328603,0.0014743593621388668,0.051724019023658196,0.0,0.005934081719083302,281.4258357692798,-0.0013045720850764697,0.0009184716616191972
1982-09-26,-0.005733598128887221,0.0014090153288706549,0.02798053863582863,0.0,0.003370167413926394,279.97373538906294,-0.0011223632431888986,0.003962297426059745
1982-09-27,-0.0033840529494366407,0.002086487277752936,0.013296698446327684,0.0,0.002165384390680804,279.9291592757805,-0.0012168433296225838,0.012710484759901003
1982-09-28,-0.0036135980133282937,0.0018091354161332556,0.021758630899835214,0.004904509643040135,0.0007056756481780846,274.7406310927397,-0.0016661094827840558,0.014183384971373229
1982-09-29,-0.0029584109193861153,0.0014799224623179032,0.05391277880767421,0.005659871855698063,0.00010508825044847479,272.0222712299469,-0.0007290924862448106,0.006742377840113397
1982-09-30,-0.004077967698291197,0.001576310749781334,0.10432896730814503,0.007463173867113847,0.0,270.05414034238197,-0.0006640838238142306,0.007777358010606982
1982-10-01,-0.007684450491336781,0.001662622400596317,0.1291009647922552,0.0010894695875671625,0.0006447245950921108,271.7480358116595,-0.0008654766163583531,0.00132214198004728
1982-10-02,-0.00966732629106543,0.001726176442399537,0.1298575248646422,0.0016109633790907887,0.0015787678839123184,272.04299502184165,-0.001027378474630542,0.0017355739396844208
1982-10-03,-0.010345888087304973,0.0017699996630350747,0.11494517640654427,0.0,0.0025798218945662183,273.62650955688713,-0.0010075336322188377,8.637240966891113e-07
1982-10-04,-0.010686260579669543,0.0017758840221469686,0.09700520833333334,0.00014106895627275027,0.002246841535729877,273.7917268433365,-0.0010205993670864967,0.0006715320808911264
1982-10-05,-0.0043311221788158525,0.001750998409454432,0.11329228460451979,0.011954328455662326,0.00011725284916869666,272.7909592235156,-0.0005449701868797427,0.013436753450140441
1982-10-06,-0.00884197412405984,0.0017497522682793398,0.1702223380855697,0.0005026527254258172,0.0005492402272204222,268.4712383967111,-0.000890645708909816,0.0005047170615126166
1982-10-07,-0.013721439334969063,0.0018158292366286456,0.15616701057850751,0.0,0.0033320716903202955,273.7630899792113,-0.0012924929943967,2.143902747775428e-06
1982-10-08,-0.0084164290778381,0.0017415647957958072,0.1591633654808145,0.006166029447889599,7.318248603977053e-06,270.359349500437,-0.0009028628037053313,0.006551187085566548
1982-10-09,-0.0036833563682723185,0.001741059840062244,0.22458408736464225,0.017972937537788673,0.0,266.4162192443445,-0.0004134498020939235,0.017976767873558775
1982-10-10,-0.007712750658813844,0.001740127380958385,0.29936767118349816,0.0010462232818037778,0.0,266.2761684927788,-0.0007247035417937291,0.001048656947354031
1982-10-11,-0.005600402794652067,0.0017372001867509833,0.2935945040313088,0.0005669460163614845,0.0,266.20656180875676,-0.0005911662122287319,0.0005688383396947839
1982-10-12,-0.006013347646274136,0.0017527149053616713,0.28785283147951984,0.00015301394176348455,0.0009300724345411959,269.31617718138045,-0.0005941086496084423,0.0002180309112900123
1982-10-13,-0.01040302124400597,0.0017484847435169978,0.2715873646421846,0.0,0.0010135312917205575,270.84906629070275,-0.0009795471520747169,8.583068797918258e-07
1982-10-14,-0.007824238663339346,0.0018715665670438,0.24960574277601225,0.0,0.007064524901199476,275.05904263426356,-0.00043998523957311774,4.351138045421976e-07
1982-10-15,-0.008187515292800754,0.0018843588350856374,0.1986470195533192,0.0,0.007286832820476785,276.25803722230734,-0.0004910937862965348,1.6049307382441623e-06
1982-10-16,-0.010370459133959087,0.0017976936815822192,0.15530952985228344,0.0,0.0037880635131045254,276.46712963010856,-0.0008286533424746519,8.808623594493505e-06
1982-10-17,-0.010575988156310584,0.0017449493798832435,0.1316632919167844,0.0,0.001720644765149402,274.6786334294609,-0.0009604780855825393,0.0002551991555600618
1982-10-18,-0.004934590078343106,0.0017036716480039607,0.13360860073858288,0.011260190862888672,0.00013211638913989744,271.47549676266544,-0.0005566088619541988,0.011802897800080413
1982-10-19,-0.0045198189926012764,0.0016990044696182857,0.26149805790960456,0.006667078783114752,0.0,263.84704826556134,-0.0005251366045262854,0.006717451143936545
1982-10-20,-0.00881823198606739,0.001721594966737564,0.2564954739730462,6.865478504849019e-08,0.00090705884336415,266.23071055582915,-0.0006357665768282562,9.218008828565101e-07
1982-10-21,-0.01034870764798364,0.0017277090731313673,0.24319233867408196,0.0,0.0011717980506561572,267.31699855179437,-0.0007467676627602282,1.2865124290328822e-06
1982-10-22,-0.006407204952280401,0.0017239309131762402,0.22891562941384183,1.6500720870023394e-08,0.001030123555811785,270.46491698356675,-0.0005371373851841452,0.00012225260723016106
1982-10-23,-0.010104996841506097,0.0017579799823168308,0.21083336091984461,0.0,0.002714454906724267,273.63043046940516,-0.0008187217027538241,1.2821901193714092e-06
1982-10-24,-0.008855161441248018,0.0017438068733376974,0.18764735794785783,0.0,0.0021754462734959222,274.28534975788244,-0.0007723144723870661,0.00019498433760201168
1982-10-25,-0.007450327740213965,0.0017499617264095674,0.16644827345221283,0.0,0.002577398551133393,274.11152430891764,-0.0006022870666899924,0.0002102723061028174
1982-10-26,-0.0068282244653351575,0.0017268672838049422,0.1471636928407486,0.0,0.0019314788324011252,274.84018682490637,-0.0005262345022990206,4.351138045421976e-07
1982-10-27,-0.003986601733555229,0.001711185369114418,0.18472594640124765,0.016655014901511417,3.128488269229394e-05,271.2042034098882,-0.0005305399855146301,0.018436391239089644
1982-10-28,-0.006945789954756613,0.0016770219735506567,0.26092425847457634,0.0012021227871294076,0.0,266.8748039418021,-0.0007255080571703319,0.0012038899342542851
1982-10-29,-0.003770080326640673,0.0016758630504715914,0.25860538231226465,0.0013361681610514215,9.546709894123724e-05,268.1691393304455,-0.00046418360986952056,0.001342524141824151
1982-10-30,-0.0040135005183812595,0.001669984500286943,0.26582063434263187,0.0017062613140728514,9.169212758204358e-06,270.8369068210408,-0.0004232763707385225,0.0017297651470709117
1982-10-31,-0.002685912584854385,0.0016654211249055163,0.27736650887182207,0.0035556149432214644,0.0,271.2753980496509,-0.00040064495856647443,0.004049358680994551
1982-11-01,-0.002418253591841897,0.0016590938561380248,0.30300932056261776,0.005461974963966737,0.0,268.45823224385583,-0.0003483010992660361,0.005482754229072689
1982-11-02,-0.0038787220410034483,0.0016519963572927787,0.38924429510946323,0.009163941703947251,0.0,263.48092361134104,-0.00047065706997267954,0.009180499988231899
1982-11-03,-0.0036704668638396403,0.0016436404259191394,0.4082378380267185,7.322043348840402e-05,0.0,260.6864584834787,-0.0003168970493778671,7.693734666239536e-05
1982-11-04,-0.0044348181809409195,0.0016339882618963384,0.4010248848722928,5.173733678914733e-07,0.0,263.4080405010791,-0.00035842343912286277,8.696886459002062e-07
1982-11-05,-0.0034544898965264445,0.0016230680679870865,0.3958340229961158,0.002711660802195975,0.0,268.6893343880576,-0.0003300685709142416,0.002734630212274357
1982-11-06,-0.005958628393499191,0.0016115037566524443,0.4004961434057204,7.416905656372759e-07,0.0,269.48108552763915,-0.0005536899286306511,1.1780671804501389e-06
1982-11-07,-0.001904516191469074,0.001599529958040701,0.44153130885122405,0.009361446429949023,0.0,267.69788389331654,-0.00027864789432388245,0.009565364532193787
1982-11-08,-0.002623423176296687,0.0015877025612330035,0.48594237361699627,0.0027860079150078664,0.0,267.90035293421056,-0.0002833539251722185,0.0027981149910062857
1982-11-09,-0.0013133418762077721,0.0015757123460877415,0.4811659990730932,0.0030033583147714366,0.0,268.5595789296928,-0.00016030618173759538,0.003044926547632433
1982-11-10,-0.005245992524475701,0.0015636551178107828,0.49790894244350287,0.001570526236868174,0.0,268.5147917185351,-0.0005154456301344991,0.00157819301245124
1982-11-11,-0.002207654807190437,0.0015511833510156406,0.4927631385357816,0.0033015065989588617,0.0,266.82258116368297,-0.00027106369261519387,0.0033406885799308196
1982-11-12,-0.003915039580420586,0.0015388992378267193,0.5122534685440209,0.0009906000462965778,0.0,259.11780469071846,-0.0004092979713179971,0.0009914480359191138
1982-11-13,-0.002132433661296543,0.0015263844512950233,0.5163666173787665,0.004681214374505868,0.0,261.99697557725926,-0.0002579243253853361,0.004685474334383981
1982-11-14,-0.003618620336055756,0.001513996114165096,0.5622105715189502,0.00033199536682522235,0.0,258.110662004144,-0.00023982872249884795,0.0003340390273625432
1982-11-15,-0.0045368650791335246,0.0015013273489677301,0.5512941292225754,0.0,0.0,264.4653907352024,-0.00033625987184754874,1.2848253163610934e-06
1982-11-16,-0.005153160226547112,0.0014885897185169372,0.5391314662782487,0.0,0.0,263.55923242802453,-0.0003266865703261505,1.71742431120947e-06
1982-11-17,-0.005543520684632878,0.0014757669746539015,0.5253106241172316,1.0742095567412297e-05,0.0,267.4742403766754,-0.0004985672605913239,1.3756491610411876e-05
1982-11-18,-0.0052982948425799445,0.001462838912414292,0.5098867757621234,5.8716257749977765e-05,0.0,270.11898676913563,-0.00045909677332235595,5.984941097846791e-05
1982-11-19,-0.0035477538230055472,0.0014498653890049392,0.49786227526188803,0.0030579448461869343,0.0,269.8540269237454,-0.00037463026194922667,0.0031462303939311354
1982-11-20,-0.003268786237738227,0.0014370861700025656,0.5189836577507062,0.0027298041445724037,0.0,264.1868583801327,-0.0003765415463407161,0.0027573833020043776
1982-11-21,-0.0033855850329506873,0.0014242332870677368,0.5250297014771658,0.0003324725196859931,0.0,261.95991300952863,-0.00033224328278990117,0.00036607084974730764
1982-11-22,-0.001271114679379652,0.0014113663448452277,0.5466752276806732,0.003135123337476941,0.0,259.87770314405196,-0.0001608375459909439,0.003137993526324041
1982-11-23,-0.0019502022677222216,0.0013986261045865422,0.5661726842043315,0.0001333304549341148,0.0,255.03697579593984,-0.00010962298634530461,0.00013432272068691784
1982-11-24,-0.0032006425961936267,0.001385885106641694,0.5599031897363466,0.0,0.0,261.4183797530984,-9.761982213305888e-05,2.150284558410931e-06
1982-11-25,-0.003693882270721393,0.001373107150449591,0.550826767743644,0.0,0.0,262.50453863485166,-0.00018508737580587637,1.283323456391372e-06
1982-11-26,-0.0033692228423673554,0.001360401090255565,0.542288742496469,0.0,0.0,263.03853508038713,-0.00014056284296310554,4.351138045421976e-07
1982-11-27,-0.004303947301570979,0.001347658071814284,0.53211000948976,0.0,0.0,268.79206386214145,-0.00020077143727386068,8.553265615773853e-07
1982-11-28,-0.00313102192966278,0.0013349977253520556,0.519951254634534,0.0004736891826667355,0.0,269.55089005507995,-0.00020003752877651636,0.0004758316236256189
1982-11-29,-0.003386051388783644,0.001322416178250717,0.5145551031367703,0.00023789030347166765,0.0,266.3440112528828,-0.0001659303651017658,0.0002406950007665687
1982-11-30,-0.002728550994800309,0.00130989095248745,0.5055251184380884,0.00011856628760779647,0.0,266.1412791882532,-0.00011243904272546876,0.00012198125432341276
1982-12-01,-0.0011435628021504247,0.0012973883731217035,0.5294272212658898,0.01026667067307537,0.0,267.99845362158595,-0.00011332258371646795,0.010329774964887005
1982-12-02,-0.0025115611273690136,0.001285000793677939,0.639144523893597,0.010431762321689035,0.0,264.2940966324169,-0.0003060566071989173,0.010438243160881754
1982-12-03,-0.0023365719927906318,0.0012726872149160355,0.6607617739230226,9.522544967252657e-05,0.0,265.0047512126283,-3.983264546946617e-05,0.00010121230595949151
1982-12-04,-0.002565284822620241,0.0012603946829919763,0.645642526630179,0.0030140713236089483,0.0,269.3401186201308,-9.776759198156455e-05,0.0031626328910137973
1982-12-05,-0.0028528738661674456,0.0012482206026713054,0.7112653197092751,0.007765238189091117,0.0,267.32379815627854,-0.00025239421086291136,0.007802197017136321
1982-12-06,-0.0011064592475271496,0.0012360849959702142,0.7089071327683616,0.005408564340428444,0.0,265.58269307123965,-0.00012038260340522238,0.005416189479323188
1982-12-07,-0.0017361285659552967,0.0012240316403114191,0.81571911598105,0.007960877260245846,0.0,259.98437662358117,-0.00031379104649784876,0.007965158927366395
1982-12-08,-0.002365187020961848,0.0012121490166012178,0.8709971972104521,0.003090838486023542,0.0,258.18056022873935,-0.00016310760004203872,0.003095939128393904
1982-12-09,-0.002022405381256578,0.001200312190810166,0.8596818999382063,0.0,0.0,264.4110551356371,-6.316504888446991e-05,0.0
1982-12-10,-0.0021576324088425284,0.001188563593363358,0.8379724649835216,5.786238753862974e-06,0.0,260.9978910219872,-2.768889890383866e-05,8.773753141683254e-06
1982-12-11,-0.0020515824441855912,0.0011769229241010161,0.8199173232256357,7.031748523819918e-08,0.0,259.57394796755807,-2.7253797625081016e-05,9.28451683615346e-07
1982-12-12,-0.002260182705302697,0.0011653571815814002,0.8036176031367703,0.0,0.0,266.40955731020136,-3.649386982459807e-05,8.487590434924641e-07
1982-12-13,-0.0019236629207928977,0.00115394087161048,0.7850291221604284,0.0009205771115540112,0.0,267.1358208988571,-6.144662192985837e-05,0.0009257243176961886
1982-12-14,-0.0021994254094059185,0.0011426068126818556,0.7871909850959276,0.002738973915071811,0.0,262.76322942399713,-0.0002857669714396283,0.0027477523195646577
1982-12-15,-0.001060924287569725,0.001131385059679969,0.7827376026218221,0.00035302246273574185,0.0,260.85307252384627,-1.4955372586425417e-05,0.00035681889546453603
1982-12-16,-0.002561006800266309,0.0011203051623651537,0.7716892048463984,6.321986011192624e-06,0.0,266.7510351299566,4.2571486263288624e-05,7.671269217507101e-06
1982-12-17,-0.005941067122470188,0.0011092417657712086,0.7523397959333805,0.00036237521444336846,0.0,269.1275022761746,-0.00037261950494037513,0.00048789170995531476
1982-12-18,-0.005097789616234559,0.001098313574063576,0.7418038176053436,0.0013556893557141732,0.0,263.07493932188794,-0.0006014274717387507,0.0015302123659748142
1982-12-19,-0.0022301627165180146,0.0010875258910453928,0.7327972814412665,0.0003442637159325983,0.0,262.61818421717646,-9.99312595290653e-05,0.0003482325936975313
1982-12-20,-0.0029874116519076678,0.0010768537130732994,0.7229093562411724,1.6862663340433843e-05,0.0,265.571879873617,-9.557298558243252e-05,1.9274356402727557e-05
1982-12-21,-0.0025355855876443077,0.0010662392876242515,0.7088528792961395,0.0,0.0,267.51694045273376,-9.511050236763928e-05,1.2880669828518876e-06
1982-12-22,-0.0023318119978500626,0.001055808222226504,0.6948878976135829,0.000570177737265657,0.0,268.15369336618545,-8.985900062288943e-05,0.0005737415508802529
1982-12-23,-0.0019297747541282136,0.0010454498105129954,0.6873724123852402,0.0011869723261412927,0.0,268.09847839628463,-9.80965540570728e-05,0.0012008045852452069
1982-12-24,-0.0020589017346080416,0.001035205304285901,0.7541933796051082,0.012674693375994257,0.0,262.9543441082798,-0.00041563632124561376,0.012681887472472174
1982-12-25,-0.0029658367909954097,0.001025162510952707,0.8178995998116763,0.0008192488365927659,0.0,259.3538213252123,-0.00018050240636882135,0.0008209660615435076
1982-12-26,-0.001740421194814693,0.0010151609694216885,0.8071847689353814,0.00019596424479942538,0.0,261.86804879901547,-3.586880504916617e-05,0.00019850134839316524
1982-12-27,-0.0014942180638932915,0.0010053411883822942,0.8245339258915961,0.004566284328025613,0.0,260.53935367059796,-0.00017059617018127173,0.004572178280281223
1982-12-28,-0.0011596440595422089,0.0009956007118278978,0.8620564088983051,0.0005468330898527372,0.0,253.72131317124305,-0.0001164284603154592,0.0005496036702507902
1982-12-29,-0.0010741714619647313,0.0009860089943233858,0.8647097715101225,0.0008713153459257998,0.0,255.72538411774428,-1.170035809446863e-06,0.0008764773270618311
1982-12-30,-0.0009032888180118497,0.0009765181332658239,0.8855113803554614,0.002269498646090933,0.0,256.5296013323826,-2.7688919950676506e-05,0.0022717877127006766
1982-12-31,-0.0020530640152888113,0.0009671180261730474,0.8964627655661488,0.0004738580203999234,0.0,261.53794897478184,1.959197517842223e-06,0.00047669575702543297
1983-01-01,-0.0029264062979800554,0.0009578767806123207,0.8799524684410311,0.0,0.0,263.1795343014705,-4.829280078411102e-05,1.2818844083994918e-06
1983-01-02,-0.002869248769040835,0.0009487065891761564,0.8632706751706686,0.0,0.0,262.4298702247175,-4.197193551703362e-05,1.7106531799981894e-06
1983-01-03,-0.0029158300094011816,0.0009396968588317182,0.8472806136711395,0.00019598383940545852,0.0,264.75838550919644,-8.709460370621439e-05,0.0001989823199431101
1983-01-04,-0.0025735034023301076,0.0009307531313707601,0.8342871369615114,0.00019955637175484567,0.0,261.258463933194,-0.00012030461960929937,0.0002050008593261665
1983-01-05,-0.002127261190427899,0.000921931812318705,0.8304641062705981,0.0018912391516111666,0.0,267.4107209545071,7.934021200500638e-06,0.001894982457984839
1983-01-06,-0.0077604154324800965,0.0009132627039979406,0.8211000948975989,0.0011606566439577414,0.0,269.33421478702525,-0.0005298263661689678,0.0012470493882389393
1983-01-07,-0.0024231990515175515,0.0009046513482002217,0.8288183409839925,0.006320034211638285,0.0,268.365061057714,-0.0001259131388644041,0.006436010454334108
1983-01-08,-0.002937376583363377,0.0008961557500106468,0.8335232204861113,0.00012650277655003436,0.0,269.2734977449177,-0.00010153951154927078,0.00012987650034100456
1983-01-09,-0.004674829921479953,0.0008877958618314926,0.8535002225311913,0.006287213478047969,0.0,263.32329178215645,-0.0005833193144134883,0.006465647718273098
1983-01-10,-0.0021532143829232557,0.0008795517312604831,0.8694369501088749,0.003495795936402628,0.0,262.8720439652265,-6.40553827423834e-05,0.0035013520125396318
1983-01-11,-0.0052155023072399,0.0008713406021312132,0.8866295536134652,0.001429294020274265,0.0,267.8077309243873,-0.0001568254399097572,0.0014328826955482786
1983-01-12,-0.005710283536358743,0.0008633247876571398,0.8660863384239643,0.0,0.0,270.2386590271571,-0.00034681591863012584,1.2759287528751884e-06
1983-01-13,-0.005544017474193358,0.0008553286730232885,0.8466309513300377,0.0,0.0,269.4210704401164,-0.0002763107376920301,4.462819624961867e-07
1983-01-14,-0.004098388434803419,0.000847481570001376,0.8309388241525424,0.0,0.0,265.8596453729547,-0.00015780113974196765,1.7256285218536505e-06
1983-01-15,-0.004688863195268448,0.0008397733761092365,0.8177906330920434,0.0,0.0,267.91959556033606,-0.00013094181773689508,8.468222745250387e-07
1983-01-16,-0.004113888210159238,0.000832098183658837,0.8051206082274012,0.0,0.0,265.43243638809116,-8.731750550411516e-05,0.0
1983-01-17,-0.003705637098032203,0.0008245621529002649,0.7936255388565209,1.7597261121717552e-05,0.0,266.59407039146646,-0.0001428874504178931,8.545761806871049e-05
1983-01-18,-0.0040493068722008314,0.0008170921250251728,0.7828810524805792,4.134230357778948e-06,0.0,266.93697408543244,-0.00011499076660743542,5.846544124162423e-06
1983-01-19,-0.004223168022551779,0.0008097413064396315,0.7725616282662431,0.0,0.0,265.01791109203623,-0.00010289063961324046,1.2914978810840694e-06
1983-01-20,-0.0035074287972881295,0.0008024830939406057,0.763291411031662,0.0,0.0,264.3087741435136,-9.843692878040217e-05,0.0
1983-01-21,-0.0024906132517561403,0.0007953209392095016,0.7554890260858051,8.829746205927962e-05,0.0,264.0060562378045,-4.652362464174713e-05,8.900593219374511e-05
1983-01-22,-0.0027341927680592086,0.0007882298386029604,0.7489255053848871,7.656999563766738e-05,0.0,264.7928950422901,-4.3764673594364345e-05,8.028851481936973e-05
1983-01-23,-0.002408542875516213,0.000781281098807599,0.7441341881473635,0.002341941840904581,0.0,264.86814949696577,-0.0001247739471958182,0.0023973516448225225
1983-01-24,-0.004008241755477453,0.0007743869124159301,0.7685657221045199,0.0013539719758397443,0.0,263.81585427551846,-0.0001334451286301101,0.0013587385305741163
1983-01-25,-0.003255088787294377,0.0007675589814697955,0.7819886288400425,0.0040891055796442735,0.0,266.142408198556,-0.00016095086742760772,0.004092547920373173
1983-01-26,-0.003577669166912467,0.0007608667605340818,0.7920728780455509,3.94986005826185e-06,0.0,264.0767912819785,-0.00012080654459821302,6.056357174420658e-06
1983-01-27,-0.004661989877116209,0.0007542538440833659,0.7823775986493645,7.869833606784626e-07,0.0,269.00980936470677,-0.00015628380479954058,1.2342538301282798e-06
1983-01-28,-0.002957690149377295,0.0007476906823573141,0.7880765121086394,0.007034427323247081,0.0,268.31388294270266,-0.0002586985175303147,0.007093822038465685
1983-01-29,-0.004742243616594434,0.0007412483294804892,0.8293075417843692,0.0006266574317452599,0.0,264.26372516581796,-0.0002652256470699768,0.0006316668497281895
1983-01-30,-0.0019499949563694541,0.0007348836815289858,0.8213023959804615,0.00048606872221844345,0.0,263.34348986781924,-9.964719562038864e-05,0.0004876356172022847
1983-01-31,-0.004233009944864586,0.0007286001901842106,0.8167087820739173,5.14620231033045e-05,0.0,261.77837364282993,-0.00016635224896635714,5.1887223847221974e-05
1983-02-01,-0.0019155297491510036,0.0007223829542849698,0.8101503189000707,0.0007699916591752048,0.0,260.41834722759586,-8.461050331424187e-05,0.0007754570178392918
1983-02-02,-0.0022607412883790877,0.0007162814759938732,0.8225520649423258,0.0011866874571910687,0.0,259.0177792910129,-0.000198833265547025,0.0011902759640903798
1983-02-03,-0.0023117452691503843,0.0007102164508259231,0.8257849741790255,0.00022757263843622587,0.0,256.79170832301713,-0.00010097704533129763,0.00023254523012705323
1983-02-04,-0.004661486773504376,0.0007042623845870886,0.8211440034280839,2.097612046926035e-06,0.0,259.3460102835618,-0.00010521393164066271,2.0947496769791945e-06
1983-02-05,-0.003256999882264326,0.0006983330694295593,0.8146793343926553,1.767429254822812e-06,0.0,258.9663464354032,-7.315335195448439e-05,4.481696779013956e-06
1983-02-06,-0.004587254702708142,0.0006925213640019046,0.8087719128854757,0.0,0.0,259.92286469123684,-0.00010433352662850235,8.553265615773853e-07
1983-02-07,-0.0027548821464096758,0.0006867940143003302,0.8037022017714219,0.0006261232630007685,0.0,262.0316033551922,-4.1816415170491757e-05,0.0006283613218442952
1983-02-08,-0.004085220606987086,0.0006810964669211436,0.8120563169432675,0.0008819509655405574,0.0,262.69625867782565,-0.00010754813119179787,0.000885008850645069
1983-02-09,-0.004376512925840368,0.000675503227670314,0.8071066071533664,9.851932188885361e-05,0.0,264.97128439937387,-0.00013158924477753666,0.00010199528288200068
1983-02-10,-0.0036731942814622227,0.0006699546919030659,0.8217184925258946,0.004463656873857908,0.0,264.9019390328905,-0.00025425796097112914,0.004516092094222085
1983-02-11,-0.005107236826150431,0.0006645070125827683,0.850575822445857,0.0015292107680086363,0.0,263.63333158618764,-0.00014315298258584772,0.0015326873376168826
1983-02-12,-0.005678716310336766,0.0006591074884274586,0.8418453812823683,0.0,0.0,268.59180389375564,-0.00010867972495192189,8.679555207891099e-07
1983-02-13,-0.005841193268191343,0.0006537840696377944,0.8296119129590395,0.0002301153279630478,0.0,271.0274667865588,-0.0002572951880467814,0.0002451204647111084
1983-02-14,-0.0031991229724075833,0.0006485383557734517,0.8468826782456451,0.007161144672308938,0.0,268.65061445649286,-0.000335771411573146,0.007192768375308516
1983-02-15,-0.005487831888225793,0.0006433341462733382,0.8707875397245763,0.0006585205763073291,0.0,265.6471722453777,-0.0002637830704955732,0.0006631703868409942
1983-02-16,-0.004378169985477534,0.0006382060421388702,0.8597798320533192,0.0005864113316697589,0.0,266.14835998836884,-0.00015254396061270924,0.0005908322733416933
1983-02-17,-0.006008854356862731,0.0006331473925692888,0.8692930404749294,0.0020362403517389027,0.0,266.10850557589487,-0.00026017668430751325,0.0020430979429114033
1983-02-18,-0.008362094350790574,0.00062811029496166,0.8595278752501178,2.109480358786502e-05,0.0,270.40215538944454,-0.000318676506900518,2.366108951121733e-05
1983-02-19,-0.004965495255033849,0.0006231128495965301,0.8598285682232817,0.004863216083938793,0.0,268.80564107733267,-0.00035661350577901316,0.004890243246011465
1983-02-20,-0.006508225901315441,0.0006181617072746579,0.8730859558910076,0.00016388785367631644,0.0,265.88616802553224,-0.00023407247022720382,0.00016604680461608756
1983-02-21,-0.006067207767128272,0.0006132834711990787,0.8617033015536724,5.7770012967330596e-05,0.0,266.95804223816725,-0.00017088594304471368,6.231596694627213e-05
1983-02-22,-0.006685234269516617,0.0006084664393279512,0.8519468720574388,8.741562060043637e-05,0.0,268.1463791798737,-0.00014303531497716904,8.856768658562563e-05
1983-02-23,-0.008535193142581122,0.0006037090121015991,0.841138247042726,1.7826966309951525e-05,0.0,268.6060426607869,-0.000219004465488054,1.808916781581728e-05
1983-02-24,-0.008922678813085718,0.0005990061382789396,0.8302024941884416,0.0,0.0,269.7876764250789,-0.0003326251408306219,2.5880780754050647e-06
1983-02-25,-0.009668189127229701,0.0005943711194614906,0.818755241437147,0.0,0.0,270.628075831354,-0.0003496967466537562,2.5736708835211175e-06
1983-02-26,-0.008887146952125313,0.0005897693546478358,0.8077650052230462,0.0002193534694148996,0.0,269.1474511529093,-0.0005466809159534126,0.0002777498994169936
1983-02-27,-0.00773694812409622,0.0005852370443990675,0.8010589542137477,0.0003738505397476046,0.0,267.6521383166987,-0.0004961458534675803,0.00039049543455531034
1983-02-28,-0.007043603491985192,0.0005807478380742046,0.7947517581803202,0.00039764274816728585,0.0,266.7403685359632,-0.0004132400019525809,0.0004029583283869411
1983-03-01,-0.007841329284980473,0.0005763049347925995,0.789502504855226,3.129180710194474e-05,0.0,267.7664685725268,-0.0002815682693558224,3.298523481808037e-05
1983-03-02,-0.007470035788703099,0.0005719133857953347,0.7817748333774718,7.894692026962668e-05,0.0,270.35635074967496,-0.0002298945308489315,0.00015378125345708054
1983-03-03,-0.009874060244883522,0.0005675500395607814,0.772730595647952,6.865478504849019e-08,0.0,271.3567316770105,-0.00041382820845323767,9.309627914216573e-07
1983-03-04,-0.010246408650767333,0.0005632627986918735,0.7614718507238701,3.3399584771549634e-05,0.0,271.5435031093446,-0.0004821546102142604,0.00024359913195593885
1983-03-05,-0.005031892303693093,0.000559026912107306,0.7528908364965867,0.0005682461847693233,0.0,270.501469958749,-0.000477762792869813,0.0005839577085017651
1983-03-06,-0.00395097772953874,0.0005548091258032847,0.7599028678937148,0.003927473210345554,0.0,268.283802991533,-0.00043040513992309576,0.003933594960019465
1983-03-07,-0.006710216613475887,0.0005506809990284807,0.776817077521775,0.00046709756561591807,0.0,266.67692003052565,-0.0004588127883393212,0.0004695273345658659
1983-03-08,-0.004577901951000515,0.0005465675208528164,0.795537973752354,0.005835667652430507,0.0,267.2394481881639,-0.00024769672503074014,0.005850389635774608
1983-03-09,-0.007541624376666076,0.0005424774467608349,0.8186428264036018,0.0002706600195270474,0.0,267.7501878648604,-0.00020969170277233178,0.00027152761227667
1983-03-10,-0.011316154888794248,0.0005384898286754803,0.8101871009151365,0.0,0.0,271.40868390257526,-0.00029225492229064304,4.351138045421976e-07
1983-03-11,-0.012498877100688591,0.000534538663713272,0.7961499345280133,0.0,0.0,272.99402031117245,-0.0005617819642279782,0.0
1983-03-12,-0.012974910311779733,0.0005305827000720353,0.7787936510563795,3.6230026665380453e-07,0.0,272.0575494029877,-0.0009484112967794898,7.9179887575618e-07
1983-03-13,-0.010980980039316383,0.0005267507443993778,0.7686558380414312,0.00013839975420364551,0.0,270.78585892657554,-0.0006307554089248519,0.00014258906321147461
1983-03-14,-0.007143718122088977,0.0005229371415693208,0.7639640621321798,0.0023275890761176076,0.0,271.30432549528706,-0.0004959331856945814,0.0025681180202855873
1983-03-15,-0.005585270454991335,0.0005191448381391623,0.7745657883121468,0.001251676198789629,0.0,265.8873725610938,-0.0006480952935282794,0.0012539006028811398
1983-03-16,-0.004012772845009626,0.0005154057411150744,0.7812486206744351,0.002777048086715957,0.0,264.4311493372513,-0.00039093754133262207,0.002801588574682408
1983-03-17,-0.005227438011075144,0.0005117137469140824,0.8109107870615585,0.0025663192326066185,0.0,262.9995485977489,-0.00038064912614007456,0.002573880897910123
1983-03-18,-0.004227427060657976,0.0005080739067772688,0.8417727368026131,0.003284955723474255,0.0,262.88128820875494,-0.0003818698111647941,0.0032914504326468003
1983-03-19,-0.00460487637816176,0.0005044614696233287,0.862545839586276,0.0013861734272733249,0.0,260.7231025552121,-0.0003820436527836795,0.001391763821516821
1983-03-20,-0.004534406177068161,0.0005008977348521605,0.8948342418491055,0.0027820450269569787,0.0,260.38106633489866,-0.00033732147961013065,0.0027866238844602145
1983-03-21,-0.00813181357363523,0.0004973672540847865,0.9094406099193738,0.00015731433690604517,0.0,260.4033827413498,-0.00028669934109442654,0.00016100860041385877
1983-03-22,-0.009952270168032351,0.0004938697747591525,0.9016570757562383,6.391082779835848e-06,0.0,263.12744230784045,-0.00028682571683226335,9.600487479952266e-06
1983-03-23,-0.011092283378886639,0.0004904420025604593,0.8928452543844163,0.0001863199943876536,0.0,265.3409591574229,-0.0003278226418010259,0.000199948135082131
1983-03-24,-0.00709362580614575,0.0004870288789609058,0.8935466414342043,0.0030954265703925983,0.0,266.5269766518401,-0.0002892798096951792,0.0031058269387409837
1983-03-25,-0.0037677739720560063,0.00048365246104655304,0.937888969809322,0.00752708299011834,0.0,266.06489783536693,-0.0002854256338234676,0.007554488397553385
1983-03-26,-0.006128922020648159,0.00048033219609556907,1.0219082877236347,0.007563657216769828,0.0,264.5123413897728,-0.00046830457019603867,0.007569015834300609
1983-03-27,-0.009238539105754787,0.00047703508266621394,1.0330309391919728,0.0002963108321030935,0.0,264.14456354202304,-0.0003303789381085143,0.00029788955653286224
1983-03-28,-0.0066497894161838605,0.00047377442236000536,1.0328840410193032,0.004917836774372112,0.0,265.8022622613135,-0.0003582753325249516,0.004930534502772529
1983-03-29,-0.009822257704990732,0.00047054861561726723,1.0498502052436443,0.0003593330834544985,0.0,264.5077289035316,-0.0004884496825815595,0.0003646276950599189
1983-03-30,-0.011618215527574896,0.00046742871656256215,1.0345210705773307,0.0020032995459386862,0.0,268.5696989767072,-0.00044005734603957275,0.0031880902724377986
1983-03-31,-0.009556764684154489,0.0004642194105406939,1.0541146201153484,0.005841053201485489,0.0,268.3886716954003,-0.0006426472827202858,0.006031898303889026
1983-04-01,-0.007439942935765801,0.00046109286068523,1.0646124371027543,0.0019104911151242123,0.0,264.5924271226154,-0.0005644594745363219,0.0019200150288114946
1983-04-02,-0.0097344673033488,0.0004579945135924776,1.0613866543814738,0.0003817835349147603,0.0,265.05017792796906,-0.0003317997154206206,0.00038545112218441637
1983-04-03,-0.003844904950109579,0.0004549573707041768,1.0738171363729991,0.0068106233526421135,0.0,265.23110174549055,-0.00039235867644097174,0.006821803655956075
1983-04-04,-0.004647093725069769,0.00045194177977782865,1.1440110143744116,0.005513783207552581,0.0,259.9599805461934,-0.0004726874373726926,0.005518075941589323
1983-04-05,-0.0048062781997993175,0.00044894774081343316,1.20658825660605,0.004485744814583138,0.0,260.0459595157602,-0.0002932654599011955,0.004491153196184348
1983-04-06,-0.006078782475600808,0.0004459984053326192,1.2306866834392658,0.0016567266340983117,0.0,260.27821774671304,-0.00026457010647334625,0.0016632942403798116
1983-04-07,-0.011248676201044503,0.0004430988245764695,1.2234905120792139,0.00021731064228688255,0.0,260.5677145043785,-0.00040700411855500976,0.00021790165947375176
1983-04-08,-0.00786263116840589,0.00044018914133815446,1.2066454986169965,0.001540787623258634,0.0,263.0677951590041,-0.0002542356776315614,0.0015951599778378854
1983-04-09,-0.009921096223222334,0.0004373358636252625,1.1970840138006122,0.0003103543557016189,0.0,265.914452788071,-0.00027611311314638053,0.0003144067231362583
1983-04-10,-0.012087766186328931,0.00043454379011682203,1.1719200579684557,0.0004316044518839842,0.0,269.0802603935343,-0.0005037664293737735,0.0007408627368721102
1983-04-11,-0.003987818956375123,0.0004317112645860446,1.1660602231932675,0.00676903025494457,0.0,267.96739826453836,-0.000323914054591777,0.006892233542776281
1983-04-12,-0.00452741681687576,0.00042895231880037127,1.221798769273776,0.008052467963116318,0.0,264.4027467106247,-0.0004934254970590946,0.008055067281162726
1983-04-13,-0.007630605271643837,0.0004261792716333422,1.286640634195504,0.0050467177594112145,0.0,261.73910500908977,-0.0005797104078665965,0.005048784599891873
1983-04-14,-0.010645286848316086,0.00042349655749434137,1.2844477364347928,3.0645458711742682e-06,0.0,259.7184130674028,-0.0005117014239905245,3.873628411589369e-06
1983-04-15,-0.007146632435631618,0.0004208138433553405,1.2705406864259652,0.003346146731558493,0.0,264.1042734279022,-0.00018974774027779952,0.0033662328274851705
1983-04-16,-0.012517095538182447,0.0004181526811782923,1.275774997057439,0.0014857843013133035,0.0,266.2137784077848,-0.00040734028391077023,0.0015098730375487806
1983-04-17,-0.01646179752161274,0.00041552452044298424,1.2525076138771187,9.244617264149553e-05,0.0,269.0242667440641,-0.0007304946055351678,0.00010100195626625213
1983-04-18,-0.018425997451873826,0.00041292801415179406,1.2207771488053203,0.0,0.0,271.8233018145948,-0.0006370871080517096,8.612870487922919e-07
1983-04-19,-0.014246216475290095,0.000410477067791136,1.1864457354931734,0.0014302841687606556,0.0,273.812334606652,-0.0006365034160977703,0.003311926193829984
1983-04-20,-0.015875092628648724,0.0004078970622208159,1.160326596707274,0.000408002843627822,0.0,272.07913185737453,-0.0008701678565413939,0.0017771476196832487
1983-04-21,-0.0112645382345733,0.0004375486050621939,1.12399470155073,0.00031718344422383503,0.0006465271620427149,273.46148360157196,-0.0005655524683958393,0.005257256438469052
1983-04-22,-0.009195474202686784,0.0004965339676808503,1.1016075579684559,0.0016635455990915247,0.0030622876086140757,273.2446765396779,-0.0004666354507207871,0.008011456653829848
1983-04-23,-0.011676223222482003,0.0004799925843201115,1.0714419377501179,0.0009980271175756294,0.0034868953760060894,274.2039945677849,-0.00044245498075997096,0.0038248721786156
1983-04-24,-0.02038060621184818,0.0004939386400125795,1.0306233264183147,0.00018242906547535613,0.0048008026123720375,276.0627068413629,-0.000996687075933494,0.0014157938099658611
1983-04-25,-0.018885317579501095,0.00040439848845961405,0.9923564673817091,0.0001267975796077211,0.0004238490709813975,273.0863841177155,-0.0015873139997744294,0.00035707913204756337
1983-04-26,-0.011859473156726967,0.0003932650479893226,0.9839138454861113,0.0038013723652578347,0.0,268.5459563224779,-0.0012601742226272653,0.0038223577723870534
1983-04-27,-0.013678728818556687,0.0003911325823789263,1.0008533427495292,0.0002647665471343671,0.0,268.25527372198593,-0.0007495114758694912,0.00039655318700154615
1983-04-28,-0.010608272111348516,0.0003890565222939529,0.9968362869291433,0.0012542179833024236,0.0,268.74245359848226,-0.0006485835854279793,0.0014975095198416844
1983-04-29,-0.007993780160691107,0.000387056567574625,1.0032200355314267,0.00311737212925981,0.0,269.6823125038219,-0.00039294567274845255,0.003404970761644019
1983-04-30,-0.007749826263236462,0.0003851497240659208,1.0203735581450095,0.005653731167148062,0.0,270.8749537458977,-0.0003169576695325684,0.006755964803236461
1983-05-01,-0.010590258501680558,0.0003831912737108219,1.0590863991142891,0.0029148962032997006,0.0,270.4318033854167,-0.000794945153181499,0.003869348932789285
1983-05-02,-0.0144443717380028,0.00038129402756017475,1.055379921433616,0.0019022518463727444,0.0,269.53780858889365,-0.0007179539577014703,0.002551279532661869
1983-05-03,-0.007985382093548102,0.00037956119930676824,1.0896030576889124,0.008713657678352237,0.0,271.156414301382,-0.00029049964758467544,0.010893685164424662
1983-05-04,-0.01539398115233513,0.00037753624094408113,1.1078184310999293,4.3876195526392445e-05,0.0,272.17595191639475,-0.0007764849138293564,0.00014151572156124838
1983-05-05,-0.01845899199025106,0.00037625415176995063,1.0843570227901367,7.56654867344657e-07,0.0,273.4911572767068,-0.0008449268364215976,0.001193409299434996
1983-05-06,-0.01062371851192356,0.00037439201174482785,1.0687046661664312,0.00425673299337511,0.0,272.2035058842316,-0.0008155545482864488,0.00576031926988079
1983-05-07,-0.01136336046255241,0.0003723188982171528,1.1111545598664079,0.005711468620657248,0.0,272.74730559167665,-0.000604928949963575,0.0068534265130203425
1983-05-08,-0.02099858893681381,0.0003938718704180529,1.0909069801229991,0.0,0.0006520921774839951,274.8354388774003,-0.001163348939669671,0.0024735595210074136
1983-05-09,-0.012515019183441743,0.0003774223354576671,1.0811068719838748,0.007575724526482114,0.00030014000959315544,273.30481933335125,-0.0009993145684317009,0.009470430218567284
1983-05-10,-0.015022450079352169,0.00036714440685207565,1.1058413977901367,0.0010983559413481566,0.0,269.7285725509155,-0.001532064177264265,0.0011613249778292813
1983-05-11,-0.006174300265850995,0.0003654791810418253,1.1692749713100286,0.013751720620245584,0.0,267.90987632593414,-0.000597069118866476,0.013792855557680617
1983-05-12,-0.006715435050638383,0.0003638719603166742,1.2718825403130887,0.010323933878187407,0.0,265.6020040206766,-0.0005865429270233812,0.010330954749159732
1983-05-13,-0.010574425933724744,0.00036224983843032927,1.318276615466102,0.0030632569417778388,0.0,265.5448475674272,-0.0005837520268761506,0.0030696730999407603
1983-05-14,-0.012252884017208877,0.0003606857216290835,1.3148289912164548,0.001267887241506981,0.0,266.178445859144,-0.0004500878532811747,0.0013441283150467632
1983-05-15,-0.015778731407418766,0.00035917615823153053,1.3135280573210923,0.0008350885289031907,0.0,268.19208067913746,-0.00047148070640146394,0.0010847697386785992
1983-05-16,-0.009164462360621847,0.00035764184375267245,1.2988469757827212,0.004142500712709912,0.0,269.28944212344186,-0.0004031616236783017,0.00471518878199157
1983-05-17,-0.012791159631168777,0.00035614398239696094,1.3227033309792844,0.0030384236515241833,0.0,270.14651623598377,-0.0005847410967121017,0.003971127214404823
1983-05-18,-0.01466937674640936,0.00035458466427474374,1.3083328275806263,0.0005972058338634038,0.0,271.3265923645537,-0.0006495855517138196,0.0008260367785469961
1983-05-19,-0.010629249494628045,0.00035313150640261376,1.333612186985052,0.009039171166339163,0.0,271.25355277268,-0.0006313373645146688,0.009628653293212809
1983-05-20,-0.013532514499742436,0.0003517230520140654,1.3436667806909135,0.0027223314858425807,0.0,271.43287776149606,-0.0006577013965464581,0.004034849066279017
1983-05-21,-0.016769209697758414,0.00035526136220511746,1.3240417365524955,0.0015636566331831076,0.0,274.013739300313,-0.0007929622095688589,0.0037326184818567594
1983-05-22,-0.009445251507610926,0.00042072519407433987,1.300251588983051,0.0005050294606362359,0.0020466978730118205,273.1338298172601,-0.0003361250142340606,0.0053191591290150135
1983-05-23,-0.018615500527923393,0.00045963970281310006,1.2619550744467984,0.0003079721693601986,0.005536707254958018,275.460574392545,-0.0007086870718305395,0.0015778801713812792
1983-05-24,-0.022734201392211485,0.0007282800256869214,1.2087085098870058,0.0,0.009676116124048072,278.0445592165442,-0.0007721967153293266,1.868411982800328e-05
1983-05-25,-0.02462492512781068,0.0009736597201244981,1.1514241996233523,0.0,0.012547008040766259,278.2528579984905,-0.000712071234981219,0.00011967821309795488
1983-05-26,-0.02544504585070799,0.00148588461054247,1.0925230899099578,0.0,0.013205804330649351,278.79758955170655,-0.0007921324327251333,8.52346317969932e-07
1983-05-27,-0.024847616920363434,0.0016531723704041735,1.031334828522246,0.0,0.015206127580107942,279.3756410846603,-0.0006887988413626191,0.00023843171232837746
1983-05-28,-0.020178015791090197,0.0034462585624328444,0.9719022186911488,0.0,0.015775486111304183,278.642475602317,-0.00038045199619511427,0.0021771155843950804
1983-05-29,-0.019789959961748392,0.0016399995755341094,0.9172726503648777,0.0,0.011893285975112754,277.64795274608775,-0.00041314133963847566,0.0012317758157752191
1983-05-30,-0.01664128411287642,0.0005999663792087534,0.8811947809998822,0.0005914492501040636,0.002318794149800209,274.33741715353983,-0.0009804561018607037,0.002200332435408608
1983-05-31,-0.017993859357416295,0.00040832052459824553,0.8713211088306262,6.67630742161961e-05,0.0,272.0640205196517,-0.0014037555031015374,0.00018280392648986165
1983-06-01,-0.02216211929496399,0.00047729294852348375,0.8535818326271187,0.0,0.0015660069546120316,274.4511956144861,-0.0010236728210317888,4.4107436991680515e-07
1983-06-02,-0.021007506566195842,0.0006226464516698978,0.8266111901924437,0.0,0.00470584782503419,275.69865997946647,-0.000780587042497713,0.0007728669253509841
1983-06-03,-0.015816908940083568,0.0019101017275772528,0.7943443973634652,0.0,0.009649093310206623,276.5474595574561,-0.0004898489395019699,0.001185303354107593
1983-06-04,-0.005749993868130075,0.003696256354030243,0.7580129619821093,0.00031278842249832586,0.010476024621455684,275.7521080297265,8.705246267514041e-05,0.009080940670241917
1983-06-05,-0.011064939285065495,0.0016138537623788007,0.7540014234639831,0.0031190210963878253,0.0068980711538576146,274.8802794045199,-0.00032704499797464094,0.0063748295192209885
1983-06-06,-0.009773142214885538,0.0033680462399445013,0.7350209841395953,0.0005700388491827217,0.006345690412204818,274.51629139025556,-0.0003415274533764117,0.008963016069962469
1983-06-07,-0.0122503524193656,0.003239156331046153,0.7107965789047788,0.000205502461242137,0.010462180200943166,275.58476636279556,-0.00020412093102090107,0.0037437544189947015
1983-06-08,-0.01943141739752333,0.0037387399855306597,0.6679556464071329,0.0,0.013774477934601619,277.54012958792424,-0.0003597690950089929,0.0023494377647407445
1983-06-09,-0.02101877807392239,0.0035852582777960826,0.6251595419903484,0.0,0.015606456999219746,278.9947748489524,-0.0004217868597157258,0.00030657550825199617
1983-06-10,-0.021702878724383774,0.005821393287114505,0.5771601617673023,0.0,0.01825543097351904,279.40789877178537,-0.00024019826813942972,0.00012280534308000963
1983-06-11,-0.02360610293466493,0.007206006828000991,0.5251432659486817,0.0,0.018170146576765567,280.3035394557227,-0.0005055470760427627,0.0012132141893004193
1983-06-12,-0.011060262509321763,0.008699316594560268,0.48962448321268837,0.0039726256650719945,0.010871838188945911,276.48442330872274,-0.00014120947022390904,0.014940456510708638
1983-06-13,-0.007543940833732907,0.007057714091855927,0.517637665886888,0.006336136010743804,0.005040517571450628,274.27460821694126,-0.0003177201070186109,0.011258789542134662
1983-06-14,-0.017598479270598308,0.00734242594848245,0.5162686852636535,7.279159364390509e-05,0.005802811370731075,275.35761637786464,-0.0007037903092759479,0.0018250469601183423
1983-06-15,-0.02236796288335391,0.007781234080508605,0.488021477018597,0.0,0.00891100832045415,276.722237646243,-0.000800321573170565,0.00013572688159515297
1983-06-16,-0.013633303049593997,0.009432500365090236,0.4506224436499529,0.0,0.011937310719220651,278.1537394155441,-0.0006677547606539593,0.004110121215989635
1983-06-17,-0.016930822977575206,0.008274764496054353,0.41907910707980234,0.0,0.011485453000513174,277.7255645004819,-0.0009643695090955261,0.0031509273469330096
1983-06-18,-0.029493497211044124,0.009628984803533823,0.38389687978166204,0.0,0.013266189076469445,282.0944774146359,-0.0016452856624951473,5.068701437017798e-06
1983-06-19,-0.031782592252149425,0.007557529514118777,0.35279998491937387,0.0,0.00599444093508909,279.57311355461513,-0.0021179682485717166,8.523463748133508e-07
1983-06-20,-0.031775746768140524,0.0072727462666182865,0.3330970088865348,0.0,0.00544741181498867,279.7367522496513,-0.002038184700712646,1.2787551781912043e-06
1983-06-21,-0.028434860083342946,0.008896774912284593,0.31063860015007067,0.0,0.010463101505222968,282.13765194995256,-0.0016821643527028926,0.001021881595067439
1983-06-22,-0.026066677045013947,0.008419242703308493,0.2843157809557439,0.0,0.009879252289311361,282.29994303672777,-0.0016027256783287403,0.0001137095318326032
1983-06-23,-0.028899889881328005,0.009828533240630804,0.2572561720221281,0.0,0.010814627390460105,284.9644730311105,-0.0016092036424551978,5.453296305923824e-05
1983-06-24,-0.02563002154146884,0.012075426972518535,0.22931540394008945,0.0,0.01209771812046315,285.2748930692224,-0.0015396692784829327,0.0007721140223034358
1983-06-25,-0.025994053836596216,0.011509894146084115,0.20215556401541904,0.0,0.010264652765403361,284.22886098082233,-0.001393439253465941,0.0003348059573366245
1983-06-26,-0.0176440671002124,0.0170811418086122,0.17838725576741998,0.0,0.0096215861665327,282.33682184524685,-0.001348655755068623,0.00914349729386858
1983-06-27,-0.02018486464259315,0.012317200501759848,0.1573463339365584,0.0,0.008156523403138091,281.4456864660518,-0.0012356018184521104,0.0006573206459218374
1983-06-28,-0.014831908005105575,0.013807907447976582,0.13877118644067798,0.0,0.007532002014965662,280.86743512845084,-0.0012382114211381492,0.007355243826293839
1983-06-29,-0.018220599467134745,0.013282416735665275,0.12258480093573448,0.0,0.006650612052887847,279.26305742497277,-0.001605376543340373,0.006210935367691445
1983-06-30,-0.019425976369003794,0.013175003946164235,0.10648554282897836,0.0,0.006809574778133868,281.02753473630287,-0.0015089671669454225,0.006393550092246746
1983-07-01,-0.0204856254707622,0.011224161433634788,0.0905920341189972,0.0,0.007295309297614179,281.3220040380618,-0.0015747636651336136,0.0025415628138121377
1983-07-02,-0.02404888828763854,0.013102968618021175,0.06901478453095575,0.0,0.01004065356433055,282.4996943680356,-0.001779958521578945,0.0038080085300001587
1983-07-03,-0.023416400039936863,0.010994023354040029,0.06343909082215161,0.004242203813993325,0.001670720255644308,277.68398752589684,-0.00241847686722117,0.007805243732213248
1983-07-04,-0.028079052976632525,0.00937107853633536,0.07245229372645952,0.0,0.005178820362872323,279.54945189265885,-0.0022361283269474066,0.00027470263711810766
1983-07-05,-0.032608991415150425,0.008624982699162544,0.05189229674258475,0.0,0.006958022419005465,283.74063471706125,-0.00240661141246894,0.0
1983-07-06,-0.03505111148970275,0.008472099647683614,0.03159896936793786,0.0,0.006354708729659097,288.1834873228199,-0.0024786712601780896,0.002226139594374942
1983-07-07,-0.03554724864030289,0.007465066967037439,0.016011441045786255,0.0,0.004790928719912546,288.7605731913823,-0.002940083732881115,0.0010595501654895325
1983-07-08,-0.03329625620511966,0.006519248677512347,0.006623521362994351,0.0,0.002325431880472744,288.52729654761134,-0.0029459067194138547,0.0015133244336189655
1983-07-09,-0.02815045412145766,0.006110377988572848,0.002613362170433145,0.0,0.0010063245808337369,288.19214603546203,-0.002834724178169407,0.003550176296430899
1983-07-10,-0.035637358193006896,0.005680578576642916,0.000833572416431262,0.0,0.0004051028208880775,285.0830155676143,-0.0033378009447606947,0.0015272371144646327
1983-07-11,-0.03134974609997313,0.005329076768988271,0.0005406956214689266,0.0,9.19312828004697e-05,280.95065709561277,-0.002458053320056975,8.529532351531088e-07
1983-07-12,-0.03416158040027834,0.0050046643042295,0.00042805070032956693,0.0,7.112507345312734e-05,285.3839962235503,-0.002868061643199059,1.2882023270321952e-06
1983-07-13,-0.036431365388598154,0.00469161132297947,-7.3453647229951e-24,0.0,4.0332076408095284e-05,288.358019507313,-0.0028300040143694584,8.642672355563263e-07
1983-07-14,-0.038474019553701756,0.0044043835273570265,-7.3453647229951e-24,0.0,1.7362188989833254e-05,289.78687409582335,-0.002873983728767789,1.2877433164248941e-06
1983-07-15,-0.020179115025337133,0.004395797259390018,-7.3453647229951e-24,0.0,5.723014052978344e-06,284.70911542529666,-0.0025922848427363037,0.011689711627211328
1983-07-16,-0.01622268128193031,0.004076907695350001,0.00459522311970339,0.0008464687119769512,0.00035298838790527175,277.73209889011423,-0.002511142758326342,0.007935231801834279
1983-07-17,-0.031287550842021145,0.0037260652430313457,0.00264209811970339,0.0,0.0003317858455544811,282.8789677952194,-0.002663243688264136,1.9371139841442237e-05
1983-07-18,-0.036875839203090996,0.0035377775376799416,0.0007862155720338984,0.0,0.00010233355612404604,287.9976924458017,-0.0029083433229539356,1.2747905948629068e-06
1983-07-19,-0.034938018116573835,0.003371060315498525,-7.3453647229951e-24,0.0,3.1003065533557186e-05,289.3088782466738,-0.0027825468361882843,0.0001864357519957979
1983-07-20,-0.03065051289938264,0.00322270940589366,-7.3453647229951e-24,0.0,7.946801892781662e-06,288.79649586866134,-0.002487946406932874,0.0005441399438120763
1983-07-21,-0.03776450320488989,0.0030800660619627962,-7.3453647229951e-24,0.0,1.0544465760053217e-06,287.7819629245335,-0.002941995869669537,9.620316793682264e-05
1983-07-22,-0.025135513163555816,0.0029624607940178134,-7.3453647229951e-24,0.0,2.543299885119422e-07,286.2031914949866,-0.0021047312976781936,0.0018950819632378103
1983-07-23,-0.018144212494798976,0.0028395841350663184,-7.3453647229951e-24,0.0,7.484255537474898e-08,283.9655894335156,-0.002128448905581135,0.0010846564660443188
1983-07-24,-0.025348725797092846,0.0027310859180439667,-7.3453647229951e-24,0.0,1.610083095097946e-08,285.2090680469003,-0.0025471088155514777,0.0013623779776406155
1983-07-25,-0.03317355023602308,0.002640335320752893,-7.3453647229951e-24,0.0,0.0,288.0840988733899,-0.002733609923240492,0.0027888530055008368
1983-07-26,-0.027164752873997233,0.0025396163517472435,-7.3453647229951e-24,0.0,0.0,288.1164368954531,-0.0029374568507412064,0.002374235150432405
1983-07-27,-0.0328183281051237,0.0024295972902222546,-7.3453647229951e-24,0.0,0.0,287.44685887841405,-0.0025766125254038366,0.0002904638394788967
1983-07-28,-0.0337429054207721,0.0023426755336718374,-7.3453647229951e-24,0.0,0.0,286.8528818931508,-0.002524109899282119,0.00034772287626624014
1983-07-29,-0.035480444419518704,0.002258503588579469,-7.3453647229951e-24,0.0,0.0,287.67165880149366,-0.002473348756925871,8.280551810233033e-05
1983-07-30,-0.03051833690559797,0.002183911069638312,-7.3453647229951e-24,0.0,0.0,287.0494020429709,-0.0024397578721834443,0.000506246477163013
1983-07-31,-0.03279150980340559,0.0021079007515126032,-7.3453647229951e-24,0.0,0.0,287.76102006412947,-0.002156646264517038,8.071911630932216e-05
1983-08-01,-0.02922647922052502,0.0020402796187643283,-7.3453647229951e-24,0.0,0.0,288.59084700819693,-0.0021445816803702528,0.0002990098996350994
1983-08-02,-0.0296068093450056,0.0019982275316270735,-7.3453647229951e-24,0.0,0.0,287.8066935853545,-0.00233155327959586,0.003101323750414937
1983-08-03,-0.030820443384391442,0.001915477763461528,-7.3453647229951e-24,0.0,0.0,288.0736162253917,-0.0024357614565198708,0.000784908091852274
1983-08-04,-0.03002571424016845,0.0019178469639039985,-7.3453647229951e-24,0.0,0.0,289.14030948646104,-0.0022818817372965276,0.006808079231873476
1983-08-05,-0.023213528559706306,0.0020197052403358416,-7.3453647229951e-24,0.0,0.0,288.2213962504644,-0.0031516705245032152,0.009481854083701056
1983-08-06,-0.030940945412816303,0.0017502747349819898,-7.3453647229951e-24,0.0,0.0,288.7661881886858,-0.0026731744913731596,0.0006663341306128743
1983-08-07,-0.03448614158199332,0.0016976862640704139,-7.3453647229951e-24,0.0,0.0,290.3438704467314,-0.0025401530040186004,0.0005648946844919889
1983-08-08,-0.03406807872871895,0.0016465485095977785,-7.3453647229951e-24,0.0,0.0,290.40148674700896,-0.0024849554829004796,0.00012099726142883491
1983-08-09,-0.034888974059436285,0.001599962849401485,-7.3453647229951e-24,0.0,0.0,290.8563863642921,-0.0023444040420617764,1.2602672303215273e-05
1983-08-10,-0.026009046677815714,0.0015929775722956256,-7.3453647229951e-24,0.0,0.0,289.74949870854897,-0.0023418856511092457,0.0037928280639153715
1983-08-11,-0.03010225325486081,0.0015582046603078896,-7.3453647229951e-24,0.0,0.0,289.67490328054197,-0.003134649662606124,0.004602957209442914
1983-08-12,-0.03106845978458049,0.0014771499202749822,-7.3453647229951e-24,0.0,0.0,288.15746428064034,-0.0022247170682175685,5.603240696804648e-05
1983-08-13,-0.026832899425999594,0.0014536720884721832,-7.3453647229951e-24,0.0,0.0,285.8318618623551,-0.002190170362381275,0.0019046807753763956
1983-08-14,-0.027201245523105235,0.0014186147916114937,-7.3453647229951e-24,0.0,0.0,287.5538672000002,-0.0025580196751881453,0.0018734327818775215
1983-08-15,-0.03212275036142371,0.0013720211336168194,-7.3453647229951e-24,0.0,0.0,287.58249202376254,-0.002089043973950343,0.0005279761923185278
1983-08-16,-0.017903497116377128,0.0013899449574745308,-7.3453647229951e-24,0.0,0.0,285.8634129719995,-0.003000018602542285,0.006526031693775165
1983-08-17,-0.018912657800704072,0.0013103714938891137,-7.3453647229951e-24,0.0,0.0,286.1111302528453,-0.001682876625050933,0.0007209680174703653
1983-08-18,-0.01882249062175805,0.0014676512297937428,-7.3453647229951e-24,0.0,0.0,286.45645849224314,-0.0024839109441233895,0.007423832881304369
1983-08-19,-0.009769895613867012,0.002911370016087247,-7.3453647229951e-24,0.0,0.0,285.0283771773517,-0.003098127221699152,0.017193661773169836
1983-08-20,-0.01627970183804884,0.0014087212624522925,-7.3453647229951e-24,0.0,0.0,285.7822207075504,-0.002756532644695145,0.0062661126543219845
1983-08-21,-0.024902080832901647,0.001202333781678798,-7.3453647229951e-24,0.0,1.031295054376462e-09,285.4977962400505,-0.0020360179866353674,0.0004528288450277188
1983-08-22,-0.0266927902897199,0.0011870558820875354,-7.3453647229951e-24,0.0,-1.031295054376462e-09,285.1838293776001,-0.0024657832553326075,0.0013446447202601138
1983-08-23,-0.030318697714536207,0.0011639831598195655,-7.3453647229951e-24,0.0,0.0,284.943416588275,-0.002357176552384587,0.001328794959820358
1983-08-24,-0.032901882115056964,0.0011313345472691422,-7.3453647229951e-24,0.0,0.0,286.1540861075881,-0.002278761627773444,9.296630199844106e-06
1983-08-25,-0.03416802048009668,0.0011123344723114187,-7.3453647229951e-24,0.0,0.0,286.790708620894,-0.002359353900376686,0.00030633020865628935
1983-08-26,-0.03376482692310366,0.0010903771482618516,-7.3453647229951e-24,0.0,0.0,286.95896295953384,-0.0022221834814481144,9.589973616890491e-05
1983-08-27,-0.034171943821139264,0.0010705651704874418,-7.3453647229951e-24,0.0,0.0,287.2327274602685,-0.0021339268186839964,8.882001294928084e-05
1983-08-28,-0.031082620223363243,0.001051554151174039,-7.3453647229951e-24,0.0,0.0,287.2011187601898,-0.002008032611450233,0.00011530249132274909
1983-08-29,-0.03318530577892637,0.0010332743831947026,-7.3453647229951e-24,0.0,0.0,286.44478535697067,-0.001945708994095945,0.00014100345851337845
1983-08-30,-0.03037528495835719,0.0010149485647341628,-7.3453647229951e-24,0.0,0.0,286.5118611258527,-0.0019188844362052822,9.534443156527915e-05
1983-08-31,-0.03134457451307168,0.0009996385055746737,-7.3453647229951e-24,0.0,0.0,287.05108146883003,-0.001984616441620609,0.00044737970991310115
1983-09-01,-0.031187392350307295,0.0009797264290394756,-7.3453647229951e-24,0.0,0.0,288.50609363045845,-0.0019103081602245403,4.351138045421976e-07
1983-09-02,-0.03228343017188843,0.0009954953934513244,-7.3453647229951e-24,0.0,0.0,288.3677277753582,-0.0025047857398535576,0.003912914304364522
1983-09-03,-0.02836044439993336,0.0009474976588103731,-7.3453647229951e-24,0.0,0.0,285.2046178792605,-0.0016362473031895312,8.583068797918258e-07
1983-09-04,-0.02461925161592031,0.0009457591900044243,-7.3453647229951e-24,0.0,0.0,282.8654862922913,-0.002038374406385557,0.00213521166699625
1983-09-05,-0.02541656329133416,0.0009271222992805438,-7.3453647229951e-24,0.0,0.0,281.22598430755676,-0.0019424513803195148,0.0016150802556531402
1983-09-06,-0.02743982544726571,0.0009031379121845053,-7.3453647229951e-24,0.0,0.0,280.5802840971004,-0.0016056153091922993,1.622133668026672e-05
1983-09-07,-0.029920090810727266,0.0009134358773797246,-7.3453647229951e-24,0.0,0.0,285.44490748834704,-0.002094999224073806,0.002986373549137399
1983-09-08,-0.02902495629538251,0.0008891993491663098,-7.3453647229951e-24,0.0,0.0,285.75611365582307,-0.0023042556519309683,0.002242869646747454
1983-09-09,-0.031698362217784604,0.0008858368221649343,-7.3453647229951e-24,0.0,0.0,284.3884678641282,-0.002255378475170688,0.003325271072551819
1983-09-10,-0.025422056558105234,0.0008502338228926148,-7.3453647229951e-24,0.0,0.0,279.22366604203336,-0.001619985932221184,0.000287420938239
1983-09-11,-0.019698577875134637,0.0008716637131858008,-7.3453647229951e-24,0.0,0.0,279.97157063816456,-0.0018084031492892633,0.004397976179546798
1983-09-12,-0.012893678652027908,0.0008325064081256673,-7.3453647229951e-24,0.0,0.0,278.9194759038433,-0.001602359189741356,0.0013512036264652731
1983-09-13,-0.02057962974080932,0.0008123002651721071,-7.3453647229951e-24,0.0,0.0,280.43008589879275,-0.0013171210885047913,1.6560359087421182e-05
1983-09-14,-0.020833125180107055,0.0008503884750570954,-7.3453647229951e-24,0.0,0.0,281.88267882754803,-0.0017826700435772452,0.005360884475320062
1983-09-15,-0.01984503919963783,0.0008245984376487087,-7.3453647229951e-24,0.0,0.0,278.42184880359025,-0.002051735675688517,0.0035929877001902467
1983-09-16,-0.025755545050747657,0.0007779049334553002,-7.3453647229951e-24,0.0,0.0,282.0933534474921,-0.0016142859486705167,8.668216082696745e-07
1983-09-17,-0.03088979827145399,0.0007673953212587174,-7.3453647229951e-24,0.0,0.0,282.88792417996797,-0.001679323687307579,0.00011019447735877247
1983-09-18,-0.017739338600366132,0.0007631724837136134,0.0005965583068502825,0.00014954713820400888,4.486181894264652e-05,278.224281971962,-0.0010534899446081982,0.001081535092982056
1983-09-19,-0.004385080840964776,0.0008334210195110344,0.02823893229166667,0.012988179311745585,1.2463242825815236e-05,271.83622938899674,-0.000998930668847709,0.02071791636047746
1983-09-20,-0.009306207172951456,0.0007367222490957229,0.12727979527130415,0.0028805000297093797,0.0,263.49878585226344,-0.0009186183981134393,0.0028834498940957256
1983-09-21,-0.012837363754288626,0.0007459933811661888,0.10510897591513654,1.4063497047639837e-07,0.0015235624491831679,266.8926465129673,-0.0008704076905203406,1.4190747919776887e-06
1983-09-22,-0.012684040908086098,0.0007455305191083144,0.08308321563088512,1.73965163823575e-05,0.002182622508561544,271.7395850215704,-0.0008074300163714899,2.0107429509923768e-05
1983-09-23,-0.018520880848337702,0.0007531338997479886,0.06448484948799436,0.0,0.0033621953663516184,276.33481966438944,-0.0012650212830742874,2.5696477976165277e-06
1983-09-24,-0.017838283868159277,0.0007389001758758633,0.0409655095044727,0.0,0.002783042268227723,279.4885866736288,-0.001112520179085139,0.00015493556132262348
1983-09-25,-0.019462359406180303,0.0007174851025565196,0.023038874911723163,0.0,0.001859097241681848,280.0237206891881,-0.0012145807629840523,2.623782993036475e-06
1983-09-26,-0.02330071761109735,0.0006974975099671358,0.0122541582068032,0.0,0.0009975078184220752,281.31925957171484,-0.0014085512566196045,4.351138045421976e-07
1983-09-27,-0.016614029720678172,0.0009132536117639919,0.006381449726341809,0.0,0.0005830761866044191,281.4019581027848,-0.0017845585184582213,0.00788374125617329
1983-09-28,-0.003432110499190746,0.0007576920555136298,0.005455002721869115,0.00279038336317418,0.0003410530523896891,276.8414323774435,-0.0017688540099872706,0.01030619275771468
1983-09-29,-0.010868063754281083,0.0007528373077090851,0.02214737082156309,0.0010638228791244961,0.002162430372278569,277.92739793091397,-0.0014763679197531637,0.005355525757628387
1983-09-30,-0.00952271376289217,0.0007763915816269352,0.009904247219279662,0.0,0.0011193708406161454,279.2779658868937,-0.0016604968804424093,0.00556402277083704
1983-10-01,-0.011715813629371298,0.0006944742579918124,0.0045336132444679855,0.0,0.0003790202640039099,278.315754813214,-0.0013360875832327342,0.0028852568137723586
1983-10-02,-0.004745805793899601,0.000926408558915564,0.005532704728695857,0.00134430480542156,0.00047465629538910543,276.3722373797171,-0.0021494634417911712,0.015289067419467244
1983-10-03,-0.0030932231558918276,0.0006635271560000835,0.03274013138535782,0.008345636418141887,0.0002659813285210712,273.3498436951144,-0.001213721047013493,0.010647568656508746
1983-10-04,-0.009759983479303156,0.0006728881159744694,0.06173332487346988,0.00019266217483975795,0.00221085284263064,272.69725388277277,-0.00086902171415461,0.0002015237520517574
1983-10-05,-0.00605285693865038,0.0006953008094076384,0.04887525195680321,0.00012792099667134258,0.0015377977936618073,275.19232325724516,-0.0009873426640353636,0.003533991211551731
1983-10-06,-0.012417863528270507,0.0006722636142019499,0.038273985552024485,0.0,0.002095574955061331,277.2994451289348,-0.0009524398614878711,0.0006394591360977926
1983-10-07,-0.0030726215428551716,0.0007638175271998691,0.03363807232815443,0.00562231787769808,0.0011459085248452796,275.47795358216024,-0.0012328400471284565,0.013190265766141913
1983-10-08,-0.011140106719429211,0.0006802931512142979,0.05577601775835688,0.0004518607073584519,0.003021957678983441,275.45513031307587,-0.0010437832271817042,0.0005139488462323037
1983-10-09,-0.013735391325869803,0.0006631201943435238,0.036475804790489647,0.0,0.0019868553884453697,277.72904587151197,-0.00100900620053717,0.0005761401176994433
1983-10-10,-0.006803115882442496,0.0006690218960498013,0.030079182482933144,0.003830659945132369,0.0009696508552563393,275.9892500106898,-0.001258655035563108,0.006649484843161309
1983-10-11,-0.00786742424897555,0.0006206634186081967,0.07940892221339454,0.007557067872777498,0.0,270.2984295142797,-0.0010243857931871872,0.008382758515029304
1983-10-12,-0.009757422247512193,0.000621387934954153,0.09373298831803203,0.0003281870467514642,0.0005448203491794188,271.2556319622895,-0.0009134370875729008,0.00032982945778949117
1983-10-13,-0.010139188018895812,0.0006604421946962003,0.08404000779778721,0.0,0.0026094511803765757,273.1827096310488,-0.000720386309180893,1.7285346416429093e-06
1983-10-14,-0.0022901798793151552,0.0006790543343387755,0.07588382584451507,0.0061135890625290965,0.0008193447575562419,273.53804332567927,-0.0003166853971147942,0.010072083830057619
1983-10-15,-0.0031197872118087816,0.0006133441702794221,0.1575693249028955,0.012140591644634637,-2.8939402036074195e-09,270.46543254600857,-0.00048575860232451544,0.012572742535569574
1983-10-16,-0.007020492801221751,0.0006163802187321549,0.19245683630532015,0.0006844266238859145,0.0003550954920760656,269.8093032477715,-0.000737847523542784,0.000693279757235737
1983-10-17,-0.009569713119733132,0.0006436465655343008,0.18300684697210454,2.062590108752924e-09,0.0018660731845151232,269.5288942412468,-0.0008144339094054228,1.2874603108059546e-06
1983-10-18,-0.005859247203600609,0.0006464835109010255,0.1728552407015066,0.0021043072986063984,0.0008387455327362666,271.65520847270267,-0.0006735148539735099,0.004002417411927234
1983-10-19,-0.006487450441398191,0.0006205289714080467,0.21366879450623827,0.006120915635157439,0.0005965266313593267,270.7694741013809,-0.0007346893771220061,0.0061764849777223825
1983-10-20,-0.010884787992569015,0.0006656352914659317,0.20735125353107348,0.0,0.0030254885912109905,272.50636393516527,-0.0009641555048483239,8.693527888681274e-07
1983-10-21,-0.011876377808508901,0.0006676081378581161,0.18076590270421375,0.0,0.003052846996881868,274.1874253008999,-0.0008832171275201491,4.351138045421976e-07
1983-10-22,-0.009458713570220323,0.0006807526457781173,0.1549012494850518,0.0,0.0036102178385533862,273.8904696606422,-0.0007735791926582655,2.9917524427532625e-05
1983-10-23,-0.005397094213693156,0.0006577763180274748,0.1307161550288371,0.0001041674512927815,0.0019868897158378937,274.9886731508762,-0.0005306444725411087,0.0006109901403926962
1983-10-24,-0.007592041992535026,0.0006306384411235315,0.19631021215866293,0.013041935124471363,0.0002529196714782446,270.6021203581672,-0.0008667535701040494,0.014194844418954364
1983-10-25,-0.010332536731062636,0.0006586852888602995,0.20656112986993885,0.0,0.0024209781576179515,272.173365325353,-0.0008561255589211728,0.0001409397761487865
1983-10-26,-0.011308421985914478,0.0007082473928645506,0.18210017030072978,0.0,0.004723252476019374,274.7650898001288,-0.0008606313448925477,4.417339773965523e-07
1983-10-27,-0.01270886409585759,0.0006856948221470678,0.14797496616054615,0.0,0.003448454158033355,276.66711161769723,-0.001010629364241988,8.553265615773853e-07
1983-10-28,-0.010991771047734945,0.0006602620337642519,0.12299216175258947,0.0,0.0021398469153265497,275.72512595038404,-0.0008270436592694731,0.0
1983-10-29,-0.01036053403454312,0.0006515535257630429,0.10632232263712336,0.0,0.0016292202796808072,275.546264928613,-0.0007883285587958697,7.749950761579407e-06
1983-10-30,-0.010636260743531804,0.000652318788787066,0.09378908089100753,0.0,0.0015492677204521363,274.3295493476135,-0.0008133321495379432,0.0
1983-10-31,-0.009345133425825734,0.000663876365133598,0.0814112431585452,0.0,0.0018646213420703587,275.7657156008561,-0.0007018862702583863,7.781302188075869e-05
1983-11-01,-0.007633752321119364,0.0006741809811295763,0.06900696835275424,0.0,0.0015678976551961093,275.49811427157704,-0.0005796454678484276,0.000792515395611154
1983-11-02,-0.005917606591168097,0.0006596978943226702,0.05938502309910546,0.0,0.0009451169878412776,274.2630370440008,-0.0006132382415445512,0.0006268834494479227
1983-11-03,-0.008509777528417988,0.0006583719435384719,0.05220402432026837,0.0,0.0011211163285425156,274.6443278066632,-0.0006740165684940452,6.853914516081832e-05
1983-11-04,-0.006559344376884613,0.000676391993538808,0.04412830302495293,0.0,0.0017055063534759532,276.73404916307123,-0.0005733951989371898,1.7257449371754774e-06
1983-11-05,-0.003969846051291558,0.0006924917300542197,0.03987400320739172,0.001957814698502169,0.00023415407934094552,275.1739463842072,-0.0007967552654234702,0.005115196984264191
1983-11-06,-0.006824726691353792,0.0006785393603103983,0.054486118467514125,0.0010271897423738815,0.0012932386943849468,274.0925248356189,-0.0007359226849877229,0.001165289578320277
1983-11-07,-0.00279483666359368,0.000668480823942497,0.061234928569326746,0.008602515641747223,5.092497094202851e-05,273.23904865789325,-0.0005087672211861207,0.010125638131950509
1983-11-08,-0.0026889560838877146,0.0006609766160027456,0.2044877736581921,0.019433557124292785,0.0,266.168900031828,-0.00039161967987057857,0.01950940000984338
1983-11-09,-0.004632126097962009,0.000667038357863992,0.26122816987405845,0.0017255427642057174,0.0,263.63695850839275,-0.00046062790446699004,0.0017275314513995365
1983-11-10,-0.00508856870191919,0.0006786291882143183,0.24629352231932675,9.664076533021226e-07,0.0003101912321849058,265.8325868954991,-0.0004747393988283341,1.8295150894807573e-06
1983-11-11,-0.0049889966172013585,0.0006837876839826337,0.23692629252000943,0.0002006879760383886,0.00029698604623139914,271.80166991282323,-0.0005477068598492671,0.0004747224055091404
1983-11-12,-0.00495625657718734,0.0006840138953957854,0.25871940655896897,0.006190818560830617,5.2412193121209656e-05,269.50582400104645,-0.0006516359767502985,0.006303612424760701
1983-11-13,-0.0020303472792361416,0.0006872892463948094,0.2953090057085688,0.009658252283678217,0.0,267.4418068542768,-0.0002754537157167149,0.00979941138761903
1983-11-14,-0.00259424712361589,0.0006909086290052383,0.34922500294256126,0.002459297451259053,0.0,264.94006221577274,-0.0002882625476199355,0.002464020973645681
1983-11-15,-0.004532275353111116,0.0006939072561802838,0.36138076925906315,0.00029431708620092964,0.0,264.87399219793116,-0.00040229526216869306,0.0003046053613865308
1983-11-16,-0.005859320909626741,0.0007038337867812249,0.35258986765830985,0.0,0.00042826506588081864,269.88552248320786,-0.0005234154993615582,4.351138045421976e-07
1983-11-17,-0.005475765609808562,0.0006979213090939711,0.3386874154013654,0.0003479318851131504,0.0,269.46450485617436,-0.0005908616907936705,0.00036429095628380645
1983-11-18,-0.00357677105624797,0.0006991449722462455,0.3588984430173023,0.004841096194113715,0.0,267.5017368115499,-0.0003516299302800227,0.00492729976426706
1983-11-19,-0.0026512976504315094,0.0006998435588879775,0.37356757040077687,0.000687962597877966,0.0,262.98734847031074,-0.00022134090652741958,0.0006937935120260905
1983-11-20,-0.0026368082074795744,0.0007001062234242758,0.37612506988582867,0.0007987527944947367,0.0,262.3982120485181,-0.00024048226364588337,0.0008064533694315764
1983-11-21,-0.001451440871098621,0.0007001344261869873,0.4040403204449153,0.007290121757209638,0.0,261.7814401350003,-0.00024358468330175866,0.007296534362269848
1983-11-22,-0.0017207696360383334,0.0007000601729430722,0.474349602018597,0.004440357161443786,0.0,258.9673772262315,-0.00023125034183432155,0.004449206775796427
1983-11-23,-0.0015428946853357519,0.0006998935661746958,0.4732344172993173,0.0006472193293989042,0.0,256.78598966796073,-0.00012376670867709791,0.0006502758312027604
1983-11-24,-0.002684300860105935,0.0006995912493958985,0.4722183141331215,6.928088638068593e-05,0.0,259.785139249094,-7.72755487827258e-05,7.57239127563218e-05
1983-11-25,-0.0016346739257796338,0.0006991965790926401,0.47369718102636543,0.004140998494658767,0.0,267.8758864393791,-9.851426538606149e-05,0.004194279867196738
1983-11-26,-0.002296859093305081,0.0006987290025430885,0.5546858907868409,0.011406680621669793,0.0,261.5407127193588,-0.0003374078137389685,0.011411252852861185
1983-11-27,-0.0019505396906265434,0.0006981656207876691,0.5731900030161252,0.00010914989026252832,0.0,260.53648811455275,-7.978035400142778e-05,0.00011029428922954094
1983-11-28,-0.0011776117871036638,0.000697514684186817,0.5795898437500001,0.003937671876559823,0.0,262.3141250358912,-0.0001425322008419172,0.003942459434336916
1983-11-29,-0.0012929897102932472,0.0006968126458636785,0.6035880395921611,0.0009037188890963626,0.0,255.6947225545535,-0.0001472516700962169,0.0009082826348566605
1983-11-30,-0.0019356608390808105,0.0006960262518144597,0.6015395112405838,3.265964109345345e-05,0.0,252.97481804468762,-4.5394161873954846e-05,3.453789447531167e-05
1983-12-01,-0.0018948191555879885,0.0006951573541608908,0.5940863255502591,0.00023175051993569416,0.0,259.53120731274737,-3.42077938681942e-05,0.00023820248664424844
1983-12-02,-0.0027590211754464837,0.0006942307039842768,0.586146237935499,0.0001681928159826893,0.0,261.68751930696595,-7.410968869587796e-05,0.00016991389930477084
1983-12-03,-0.002921026431571293,0.0006932098481614711,0.5734888568885358,1.3813081770966957e-05,0.0,261.9404401006896,-0.00012234647332106608,1.4246708692013982e-05
1983-12-04,-0.0013503048379542464,0.0006921163386544267,0.6067648562558852,0.007076036142932493,0.0,262.98871032082656,-0.00017537583339180654,0.007079460374973481
1983-12-05,-0.0018567932864366954,0.0006909533745824955,0.6663763186352403,0.0031292452713695624,0.0,258.11315531470234,-0.00020119954574074453,0.0031322343538036455
1983-12-06,-0.0015761731876491828,0.0006897193563860015,0.6691883036870292,0.0005423021686952667,0.0,256.81174287239264,-7.5640146341701e-05,0.0005465826173565797
1983-12-07,-0.0018263232320715479,0.0006884275856664625,0.6957922754090161,0.004082073704839427,0.0,260.41826179561866,-9.26454967193011e-05,0.00408622016335315
1983-12-08,-0.0021045341835183615,0.0006870714116231196,0.7061942292696562,0.005488197892735907,0.0,264.8125231216632,-9.262893811962699e-05,0.005543748465227556
1983-12-09,-0.002352375684484924,0.0006856226314932614,0.7145750114024247,4.4189856550787804e-05,0.0,263.4337311257975,-0.00010694578647781901,4.6031943114706286e-05
1983-12-10,-0.003018141761001221,0.0006840862965179702,0.6932821327683616,0.0006123913694067864,0.0,268.59302329657896,-0.00017502822907967757,0.0006341172476896559
1983-12-11,-0.0033122346141917563,0.0006824789074181164,0.6702315335893362,0.00021919162975529496,0.0,265.9845199082082,-0.0002663602347427843,0.00022407970511387947
1983-12-12,-0.0014868353803952534,0.0006808185644742459,0.6706913087776601,0.006003211404980913,0.0,266.7388273659399,-0.00011443111540402397,0.006073056826460995
1983-12-13,-0.001399763138954249,0.0006791268196483117,0.6898356579566856,0.003015085002460049,0.0,261.0600075658881,-0.0001657866730780925,0.0030185658699185868
1983-12-14,-0.0010036935156348063,0.0006773757227396562,0.7269431938559323,0.004172546315496251,0.0,261.3962052878687,-2.1074251350709948e-05,0.004181593155215767
1983-12-15,-0.002012255375331405,0.0006755932239489367,0.7665084580243645,0.0018103688029246143,0.0,258.5718993601826,-0.00012906557106870717,0.0018128508395831868
1983-12-16,-0.0008044709677750109,0.0006737545721948484,0.7889539930555557,0.004395679102442359,0.0,258.42934176342635,-6.148635835970863e-05,0.004400581954258275
1983-12-17,-0.0007998088827240938,0.000671826513473597,0.8681406139653954,0.004262958206025894,0.0,253.01171960489452,-0.00014736066114599423,0.004268206209781221
1983-12-18,-0.0005859996134278465,0.0006699234583957048,0.8750811503207392,0.0002591000648878389,0.0,249.9508566560045,-8.661936610768744e-06,0.0002603568094548634
1983-12-19,-0.0008432999421647713,0.0006679160951894556,0.8907548864907016,0.002144911300159444,0.0,254.09477807528108,-2.7545312114354582e-06,0.002148812520975447
1983-12-20,-0.0006059816496520393,0.0006659089845452605,0.9231901869262005,0.0037924858851958133,0.0,249.7269690993142,-0.0001443677271405856,0.003798141250497618
1983-12-21,-0.00045848410513441446,0.0006638239164136897,0.9336735209951743,0.000200509225244576,0.0,242.32138870799608,-4.493554601561552e-05,0.00021022069925642284
1983-12-22,-0.000268076267619591,0.0006617124976411378,0.9274497741584274,0.00018786399041192007,0.0,241.76019942648225,-7.6003709418625485e-06,0.00019247457714361593
1983-12-23,-0.00037757740855890484,0.0006595845781477159,0.9316486710657957,0.0008195373887396129,0.0,240.64370615468863,-4.54849526707062e-05,0.0008245145870467365
1983-12-24,-0.0006841804179768106,0.0006573640525677784,0.9325045425788607,4.75712204720341e-05,0.0,238.79728736446404,-2.0686195016244037e-05,5.0000147625965586e-05
1983-12-25,-0.0004076794800111803,0.0006551733293102287,0.9263099914665724,4.3491185721704513e-07,0.0,250.58971435561244,1.268676550543241e-05,1.2861132385769247e-06
1983-12-26,-0.000332387448367426,0.0006529131514877923,0.9167641390065915,0.0010702121518762775,0.0,260.14349401513516,0.00011003155282324991,0.001075975807373133
1983-12-27,-0.0011962278414580781,0.0006506314217034035,0.9377319565825095,0.003951884069516834,0.0,260.00479022167946,-6.935982254602142e-05,0.003956344740334311
1983-12-28,-0.0020439905551193796,0.0006483100396765155,0.9520254476371234,0.0008641075406034115,0.0,249.46624859308793,-0.0002098784408411064,0.0008679820150069328
1983-12-29,-0.001351237928463241,0.0006459870580899514,0.9403506061676083,0.0,0.0,251.1161836347562,-3.091452674845517e-05,2.1356945580919273e-06
1983-12-30,-0.0008699714211420825,0.0006436111226593708,0.9260460805084747,9.397183686999951e-05,0.0,262.73125983990747,9.806603088048893e-05,9.619174421802308e-05
1983-12-31,-0.0017814027134981532,0.0006412120357071613,0.9124978850341339,0.00398915770363673,0.0,266.0940450715031,-2.5278125694916075e-05,0.004011189230315483
1984-01-01,-0.0018044466015982763,0.0006387831464325642,0.9211839578919492,0.0018054834740646817,0.0,262.2735473287981,-0.00010575642440952152,0.001809257150759131
1984-01-02,-0.0020575886223949285,0.0006363774086795958,0.9047568800759181,-1.66270018970899e-09,0.0,263.29432226349854,1.743622124195099e-05,1.2916171385768394e-06
1984-01-03,-0.0018454700876763986,0.0006339006168020648,0.8786002696121705,0.0012719524066663731,0.0,269.579882706177,3.366787407526189e-05,0.0013187688195267393
1984-01-04,-0.003968465589197342,0.0006314270240438861,0.8510330688706451,0.00018104774046078916,0.0,271.5193035068261,-6.948925007534566e-05,0.00018363172376977498
1984-01-05,-0.004175665646286334,0.0006289353310051612,0.8131682832362289,5.12831460284648e-05,0.0,272.9726810239803,-0.0003131229041070588,5.1989898843280344e-05
1984-01-06,-0.0033663791199188453,0.0006263675326007907,0.783792097016243,2.8910146931470455e-06,0.0,268.9698452383785,-0.00013051347775479494,3.746541032686338e-06
1984-01-07,-0.00391336669356136,0.0006237898842763093,0.7620231211746705,4.437683665819761e-06,0.0,270.037323486558,-8.692335084838383e-05,5.722156689793501e-06
1984-01-08,-0.0038522857393922106,0.0006212699884748728,0.74235485816855,1.491865111609637e-05,0.0,269.32830399263605,-0.0001387119524728107,1.7047633193823906e-05
1984-01-09,-0.002687467272672276,0.0006187053891898548,0.7580860662370528,0.004378493138625797,0.0,264.28304250900356,-0.00027571780091456777,0.0043824470311558715
1984-01-10,-0.003018572589771896,0.0006161325395444019,0.7609100054437382,1.3994210857456016e-05,0.0,264.83076345943016,-4.115174550794613e-05,1.6140887258658903e-05
1984-01-11,-0.0025659706127845634,0.0006135679402593839,0.7620341557791903,0.004431958126146241,0.0,266.2435357296759,-0.00017559258425134725,0.004441122163384702
1984-01-12,-0.0020801724266197724,0.0006109735386519783,0.7881820305143596,0.0019949219994625806,0.0,260.74669626383235,-0.0002665728656838169,0.001997999754226868
1984-01-13,-0.0013158837870015938,0.0006084089393669604,0.8051026769950566,0.001800002645974779,0.0,259.0190371569043,-0.00017877598687753842,0.0018045132274226818
1984-01-14,-0.0017870608191032195,0.0006058012361580369,0.8342965623528721,0.0024717457718768363,0.0,256.8157973819309,-0.00022628687658889145,0.0024762138302480835
1984-01-15,-0.00223139378815721,0.0006032068345506313,0.8493861541460689,0.00039095143224559934,0.0,256.4761894858265,-2.8317699492987943e-05,0.0003930501383433565
1984-01-16,-0.0014822229658816497,0.0006005858297401902,0.8588370630296611,0.0033000198713803697,0.0,258.08044906300114,-0.00015261380454409596,0.003302428402850887
1984-01-17,-0.0014227416976697028,0.0005979930276924609,0.9255419370144775,0.0024907796270093,0.0,248.5185064434332,-0.00026748549866642654,0.002494727437003238
1984-01-18,-0.0012809387118802907,0.0005953720228820198,0.9285348436028721,8.01278372942391e-06,0.0,244.7827473045967,-4.2106798392231186e-05,9.100282248211424e-06
1984-01-19,-0.0007245531779224591,0.0005927310656693023,0.9276911561322976,0.0006484430556916922,0.0,248.98003753834527,6.824542405241626e-06,0.0006547568880555857
1984-01-20,-0.0021630438455080584,0.0005901414627409252,0.9276911561322976,2.849735530082789e-05,0.0,251.25809849812714,-3.7790281371881735e-06,3.1072749513343896e-05
1984-01-21,-0.0032139982038972073,0.0005875369586513541,0.9184623186646658,0.0,0.0,257.9585539787278,-2.117665474024196e-05,4.370622441740579e-07
1984-01-22,-0.00395184826884566,0.0005848877510782016,0.9083251953125,0.00036345016063943423,0.0,261.5098335136801,-5.2066882914405763e-05,0.0003666884752719673
1984-01-23,-0.0032781270348419583,0.0005822864461079829,0.8943289489171375,0.00016079624157167425,0.0,261.9155875132358,-8.39398037326538e-05,0.0001632676227358013
1984-01-24,-0.0027637911044945153,0.000579658664215756,0.8945342385387243,0.004732534036797993,0.0,264.7045252022321,-4.93992277878826e-05,0.0047368903083799575
1984-01-25,-0.0030934942391632643,0.0005770399324638021,0.9039964119144304,0.00044513714768118777,0.0,268.565523768998,-0.00010180777980614518,0.0004470770472510923
1984-01-26,-0.004433967720317303,0.000574426125671904,0.8949848182232817,0.0028209925160906416,0.0,265.47718571449184,-0.00046348225556861215,0.0028940998395835206
1984-01-27,-0.0034762922316621254,0.0005718048682994088,0.8842679183586394,0.000840962396166419,0.0,265.94044947938505,-0.00012666152232447588,0.0008444161352388307
1984-01-28,-0.004705707274251065,0.0005692067624485426,0.8681780856432438,0.00014291341695408366,0.0,267.65474064426456,-0.0002020829657124261,0.000145622178614126
1984-01-29,-0.0035311556552763044,0.0005665969545558348,0.8578991216454802,0.004487499426313713,0.0,265.994068688143,-0.00032716617514353015,0.00450172538128017
1984-01-30,-0.004533943399197638,0.0005639988487049685,0.8717165154925848,3.760377481832343e-05,0.0,263.01259331784007,-0.0001868789773539635,3.846441609922208e-05
1984-01-31,-0.006394492830597075,0.0005614071410928069,0.8563616334157251,0.0,0.0,266.1546005744719,-0.00015935657998431203,1.2904404798064206e-06
1984-02-01,-0.006446201838342484,0.000558820484721728,0.83984926730226,0.0,0.0,267.81660225072596,-0.0002608081525833594,1.716613724056515e-06
1984-02-02,-0.006365681940552879,0.0005562354279103252,0.8310312389653955,0.001001772444463719,0.0,263.8473678344612,-0.0004540679313368717,0.0010057727105383062
1984-02-03,-0.0025505392396517395,0.0005536668718197926,0.8270399305555556,0.004320028116979169,0.0,265.16081199717837,-0.00017167106902195236,0.00432451747224535
1984-02-04,-0.0036956345462529675,0.000551091664928501,0.8548623065266008,0.0009614073666138838,0.0,264.4661536926155,-0.00013293467967186943,0.0009662776653956024
1984-02-05,-0.006683726221491389,0.0005485247083976445,0.8407513462217515,1.218064693407824e-06,0.0,266.4791142774392,-0.00016805152856023975,3.7847520751721553e-06
1984-02-06,-0.007696110860439344,0.000545959351426464,0.8261332538841809,0.0,0.0,268.2153641328973,-0.00022425889800497368,1.3084763779549015e-06
1984-02-07,-0.003890509154163512,0.0005434088956164776,0.8149448545639124,0.0012009808698953209,0.0,266.75075138760155,-0.00015131625120585923,0.0012053861960503204
1984-02-08,-0.00480123933425731,0.000540866690166926,0.8099756043285076,1.6310394315396325e-05,0.0,265.0586586106295,-0.0001608632757502087,1.9335039045688327e-05
1984-02-09,-0.007041814763330471,0.0005383260842770507,0.7981738649070153,0.0,0.0,265.2704810988432,-0.00020658633129744882,-1.192074705613777e-08
1984-02-10,-0.005601254812741684,0.0005357878777266896,0.787334894729873,0.0003525928336348237,0.0,266.4613707483152,-0.00019432454880348037,0.0003534496502897832
1984-02-11,-0.0047389002843091724,0.0005332637725576843,0.8133386299435029,0.004461742053597661,0.0,264.67755927608516,-0.00036535397340348885,0.004464717318782699
1984-02-12,-0.004361104325386091,0.0005307354159274345,0.8168860254090161,0.00042908447189519635,0.0,262.5693327693616,-0.00022625288068406327,0.00043017705951663734
1984-02-13,-0.0040993795724911875,0.0005282626650427695,0.8117661987994351,0.0006923375830138471,0.0,267.4368528484625,-4.718217493618949e-05,0.0006971465617394093
1984-02-14,-0.0028594109298145706,0.0005257598592736627,0.8072059185940444,0.0023595177815795617,0.0,268.1832874140048,-0.00011334381471414351,0.002388285799215069
1984-02-15,-0.006312915160831087,0.0005232637043053149,0.8137705887329334,0.0004711314656976926,0.0,264.1025556287748,-0.0003798230377546812,0.00047196946714728844
1984-02-16,-0.0057849769959342,0.000520775799697402,0.803574614156662,0.00017423336367822638,0.0,263.4424540632863,-0.0002583607631382969,0.00017552303438798722
1984-02-17,-0.0023502329480176594,0.0005183325985730705,0.8179154620556733,0.004898150025282877,0.0,264.49609445043876,-0.00015086378628587993,0.004904272191706079
1984-02-18,-0.0032191077447206963,0.0005158792949665737,0.8639991889565678,0.0026585601985791314,0.0,261.3518180344289,-0.0003344075080786048,0.0026623932991883988
1984-02-19,-0.005638133545043105,0.000513424391800401,0.8733590623528721,0.0003909495380301934,0.0,260.2888449149841,-0.00018573804405954599,0.00039461142161064733
1984-02-20,-0.00800752412464659,0.000510984389795422,0.8637196456420669,0.0,0.0,263.63906178950367,-0.00017708574690050998,1.2981096801922831e-06
1984-02-21,-0.008762790532098653,0.0005085707384314242,0.8522717032279897,0.0,0.0,268.3030082285966,-0.00027804596528495097,3.979039320256561e-12
1984-02-22,-0.005381754562679658,0.0005061570870674263,0.8411557184998824,0.002031620844440945,0.0,264.92420784183366,-0.0004652003720823655,0.002034758342130777
1984-02-23,-0.004047042990134935,0.0005037599364242986,0.8553358749705744,0.0010065509185279158,0.0,261.25161048472495,-0.0002636209730122049,0.0010091244668942792
1984-02-24,-0.0050498447091565975,0.0005013710361416058,0.8530259644244351,0.00028739078233471025,0.0,260.9252666645804,-0.00015896336191286475,0.00028996002875655044
1984-02-25,-0.0035653928410535485,0.000498998636579783,0.8464688805761535,0.0020326239367326106,0.0,262.25094729852765,-0.00012275224583128752,0.0020390535645662187
1984-02-26,-0.0029237108715509967,0.0004966344873783953,0.9101707329184322,0.006113817020829788,0.0,261.75325915234237,-0.00013091529872121113,0.006126369769259265
1984-02-27,-0.004696560865741666,0.0004942801880971188,0.9443081211011064,0.0013428074491899568,0.0,260.8225196256476,-0.00031180675588758655,0.0013445657188382123
1984-02-28,-0.006595824482077259,0.0004919309400569248,0.9361059616290021,7.031748523819918e-08,0.0,263.53828397488644,-4.613777296354542e-05,5.029688097526e-07
1984-02-29,-0.009150412796580859,0.000489591541936842,0.9207515393273306,0.0,0.0,267.9761363243204,-0.00026543502627456256,3.0026130843907595e-06
1984-03-01,-0.005290708972909357,0.00048726039417719446,0.9075065655896892,0.001869347367414647,0.0,265.8937768702678,-0.0002430328089049307,0.0018734406602658638
1984-03-02,-0.006217102883225781,0.0004849390963376579,0.9069166740230696,0.000673043336403572,0.0,266.22789392273756,-0.00018871536131127408,0.000678027130607777
1984-03-03,-0.003374277408850395,0.00048261619893844525,0.9352268714689266,0.0071927087413052385,0.0,264.2325970816748,-0.00029869781712354244,0.0071999020158453044
1984-03-04,-0.003880491995878813,0.0004803031514593437,1.0146116554849343,0.006950452102948044,0.0,260.23359208187816,-0.0004251546168563056,0.006958242509964065
1984-03-05,-0.00441666557795584,0.00047800660470111227,1.0557054422669494,0.001114258216430912,0.0,258.7487312539599,-0.00021379193722528253,0.0011177883814957185
1984-03-06,-0.0048720518411216095,0.0004756818551801693,1.1005326035781546,0.007116534931343154,0.0,261.97029684896523,-0.00020364117361394701,0.007122360312983304
1984-03-07,-0.004220426756109895,0.000473411659062919,1.1425043310822742,0.005959065725742761,0.0,262.730199156508,-0.00024806902780707946,0.005964911943770139
1984-03-08,-0.004446327896778193,0.0004711100610636049,1.1521373109404427,0.000550886710821572,0.0,264.0902191636253,-4.3327693885329085e-05,0.0005581862171027618
1984-03-09,-0.005793005522698332,0.000468834813705272,1.1480547371557206,0.004641366648977086,0.0,265.85239978653794,-0.000307712846009408,0.004644304766379642
1984-03-10,-0.006527558095374351,0.0004665554411667216,1.1415374238612288,0.00011248122585021845,0.0,265.2466802650926,-0.00018031980400368318,0.00011577520692329837
1984-03-11,-0.00527198191753215,0.00046428844416882356,1.1161904775041196,0.001108291122199452,0.0,265.8599617234283,-0.00014330835560452467,0.00111172186444984
1984-03-12,-0.006035829583803813,0.0004620354222712544,1.1030241253236817,0.002248279897675002,0.0,265.8174987225434,-0.0002444859457302229,0.00228084601914686
1984-03-13,-0.008278698570984233,0.00045977002483303263,1.0939835657956687,0.00045522561265250384,0.0,265.9428591539631,-0.0004035260601989967,0.0004729588488724809
1984-03-14,-0.01239815198600629,0.00045755918079850373,1.0675053425876884,9.534903670434898e-05,0.0,270.93827311916317,-0.0006122502714058773,0.00015784035632397954
1984-03-15,-0.011705309657727257,0.0004553283843616982,1.0381831799523304,8.829422084625158e-06,0.0,268.55121806157285,-0.0007692492688022092,1.197320716271419e-05
1984-03-16,-0.0050701528029926755,0.00045313404104803916,1.018998830331921,0.003952754587776917,0.0,268.55614907503576,-0.0003181581022375721,0.004061284640824068
1984-03-17,-0.009365359857930976,0.00045091149497166865,1.0357148768538138,0.0015396299419430017,0.0,267.69501892995027,-0.0003775249808858343,0.0015466629012705025
1984-03-18,-0.007052092649842387,0.00044874190273931473,1.0527617316237052,0.006588022798131414,0.0,268.0660698454259,-0.0004119569867175852,0.0066142831818077385
1984-03-19,-0.008586461176980014,0.0004465590089054432,1.0540982980961628,9.974477402234483e-05,0.0,266.1463915578839,-0.000455263807401482,0.00010102692909244955
1984-03-20,-0.006055374898142734,0.0004444157673140704,1.0487249054702215,0.003948350705332676,0.0,268.20867710867844,-0.00022212074974835928,0.0039680903074986035
1984-03-21,-0.010003356063096538,0.00044224777464139264,1.051454130988112,0.00015450226890165256,0.0,270.0102887952844,-0.0002761094773051429,0.0001743883985312296
1984-03-22,-0.006959040117802593,0.00044011278341045493,1.0544960036340632,0.007347192299568048,0.0,269.14871619201205,-0.0006625474835772299,0.007553875985016311
1984-03-23,-0.008796047692918509,0.0004380224956630987,1.0735649496822035,0.0008447686326032305,0.0,269.48529791248274,-0.0001954557321502664,0.000986811624896504
1984-03-24,-0.012024189371847165,0.00043587420283064333,1.0511681508209745,7.237565551100478e-06,0.0,269.9484253001528,-0.0005103824081393958,8.409961200276366e-05
1984-03-25,-0.008686198942405356,0.0004337639626810107,1.045674297095692,0.003203407961264842,0.0,267.28265695518024,-0.0007559957119536266,0.0033022798377757966
1984-03-26,-0.006162901635223863,0.00043170667637539457,1.046081428024953,0.0023243660686043024,0.0,264.80853502449565,-0.0004911671345264225,0.002331495066044748
1984-03-27,-0.005320126685382283,0.00042959963534511416,1.0706816994762243,0.003436174727765854,0.0,263.8067203995872,-0.0003663463844249478,0.003447671495565749
1984-03-28,-0.0076196951381230765,0.0004275572502006919,1.0833018387329332,0.0011457829067936054,0.0,263.7772567590976,-0.00039720965159983283,0.001150311207187176
1984-03-29,-0.007948566964790647,0.0004254981117733454,1.0757762384504475,0.0019145530916876714,0.0,263.09492200646696,-0.0003949075379529916,0.0019182947546069866
1984-03-30,-0.004814034001638661,0.00042346557654903436,1.0994792586217044,0.00438796709907257,0.0,263.93606223988223,-0.00018661263488275185,0.004420356410366409
1984-03-31,-0.008062969156577764,0.00042144289124483445,1.1318711103019066,0.002057305416144894,0.0,265.1815910914075,-0.00039503890179139753,0.002100747486936672
1984-04-01,-0.006198169232088295,0.00041940530477944064,1.117396008047905,0.0013363263701314982,0.0,264.0719015117868,-0.000302168419637249,0.0013423605488720044
1984-04-02,-0.004434133358931137,0.0004174387724386097,1.1381900306026367,0.005807657741894157,0.0,265.56104734747646,-0.0003016216438368889,0.005826549341335944
1984-04-03,-0.006313100288816766,0.00041543923865603865,1.1700340601459511,0.0031592705323871244,0.0,265.29109480331624,-0.0003528089793977764,0.0031703231146095897
1984-04-04,-0.012968623747596634,0.00041345115435325496,1.162945016404779,4.822617701891452e-05,0.0,265.8316899423545,-0.0003762185510437368,4.8225377239076436e-05
1984-04-05,-0.015191079112096021,0.0004114912728131828,1.1415923669962333,0.0,0.0,269.32574241264615,-0.0004744364401209826,0.0
1984-04-06,-0.014403607548966921,0.00040958434511712715,1.1185082042284604,2.547907037923565e-05,0.0,271.29169386883467,-0.0005829935672424608,0.0007827363949361358
1984-04-07,-0.010576531417289023,0.0004076276626964074,1.1005360518920668,0.0013700315970822244,0.0,270.99451630443286,-0.0005196687991672991,0.0016861888816232737
1984-04-08,-0.014524347701315152,0.00040567098027568757,1.0841370203625238,3.725290298461914e-09,0.0,271.0619149719928,-0.0006815423757511345,4.261732051702438e-07
1984-04-09,-0.0063749417073309085,0.00040376725169898427,1.0822225164783428,0.00877251000390888,0.0,270.6904618825392,-0.0005383033326453409,0.00903029310501228
1984-04-10,-0.011438538967552833,0.0004018568723215222,1.1147040243202684,0.0005345077669553165,0.0,268.6497249854711,-0.0005680610252133871,0.0005575574554616313
1984-04-11,-0.0076617574540235244,0.0003999547433044951,1.1137143582274012,0.005695767616484798,0.0,267.4290686605565,-0.0005525031184914422,0.005703474859058446
1984-04-12,-0.012434097627798717,0.00039808401616953185,1.1321823781044023,0.00011653543613051291,0.0,264.7557841227329,-0.0008563861187736866,0.00012108990023532146
1984-04-13,-0.011105272224393942,0.0003962199398353275,1.141050521936794,0.0049598060842961245,0.0,265.79291603749306,-0.0005080580953403382,0.004976263894839046
1984-04-14,-0.014272527379841457,0.00039435746306079936,1.146892885254826,1.8396304320480865e-05,0.0,266.61112669677163,-0.0005014014225137436,2.040455566918102e-05
1984-04-15,-0.015876440720706337,0.00039251973736757615,1.1301418958186205,0.0,0.0,270.8344248827343,-0.00042997534244747487,1.2934207802572928e-06
1984-04-16,-0.019539997991869007,0.0003906804121146768,1.1102927112758947,0.0,0.0,274.48327804824055,-0.0005211454768807201,1.6997919942696171e-06
1984-04-17,-0.020717433027628452,0.0003913131642476314,1.0764169351753767,0.0,0.00017737062637415314,275.74106197393104,-0.0008125666129050282,1.721270052712498e-06
1984-04-18,-0.015251946735516782,0.0004273239670500244,1.0368089119144306,0.0,0.001976350606498072,275.3438305540498,-0.0007509113115779424,0.0017297006737564805
1984-04-19,-0.008419692221671176,0.00045179512541172875,1.0058150066943268,0.0010771530832947985,0.0018276187070345475,273.46055380323736,-0.0004864844288361275,0.005875977898865122
1984-04-20,-0.00938964795089711,0.0003966811602398501,1.0315054051171142,0.011837061620869881,0.0001115836097864108,271.55915592574354,-0.001012644462161145,0.013046198418214066
1984-04-21,-0.010924398772797344,0.00038172515098657987,1.0728012630943975,0.0029087004562218985,0.0,269.03989393877225,-0.0009806540473706307,0.003235861002383673
1984-04-22,-0.012897922241755125,0.00038003643690529525,1.069862380090631,0.0015679756547771605,0.0,269.41058153486523,-0.000510940559755611,0.0023535040511529527
1984-04-23,-0.014158815776897692,0.00037840067666802704,1.0694628354519775,0.00414601016768628,0.0,271.0665658781982,-0.0007019972291875021,0.005961722573261208
1984-04-24,-0.012486362314156894,0.00037655949929339737,1.0993700620144773,0.00294568659053684,0.0,268.13210204675823,-0.0009247217916667799,0.0030061688799292896
1984-04-25,-0.005057365291536192,0.00037490378665385273,1.1320637561058147,0.012279974686055536,0.0,267.0801305752914,-0.0005192215696482336,0.01229178984612939
1984-04-26,-0.0032082384420653526,0.00037320842177180925,1.3542441387858992,0.039422179598592774,0.0,263.2892024943609,-0.0005030058755797182,0.039425769296640795
1984-04-27,-0.005076476746359788,0.00037160406341660496,1.6677813916107582,0.01156645651254277,0.0,259.5548136580013,-0.00040665695622647553,0.011570999699717754
1984-04-28,-0.010154288241081992,0.00036997655353977185,1.6875034483139124,7.229258364203287e-05,0.0,261.41610888752336,-0.00029348637277291993,7.358915715901847e-05
1984-04-29,-0.007360216082826173,0.0003683588935830499,1.649202336025777,0.0023581174091767457,0.0,262.9757514314239,-0.0003057128597198233,0.002361504051281126
1984-04-30,-0.00906295434566541,0.00036680748907186225,1.6612263767508242,0.0036721046235265037,0.0,264.8528609949317,-0.00039327378768873756,0.0036767042961821585
1984-05-01,-0.010787860821869414,0.00036522308311893445,1.627813364377354,0.00121807927886645,0.0,266.39953053648645,-0.00041452230685679926,0.0013663456687696342
1984-05-02,-0.010936282911879869,0.0003637246324517633,1.5889885681497178,0.0027860235949020607,0.0,270.2373795266879,-0.00037573106418558434,0.0036577673281653457
1984-05-03,-0.010053579963869968,0.00036215007641894674,1.6036018328478108,0.009608221719157225,0.0,270.12467459411045,-0.0005528984886020591,0.009966867791730807
1984-05-04,-0.01274197464440502,0.0003606085218278702,1.5931049354107816,0.0029384823842237224,0.0,268.21660510923454,-0.000809842610131886,0.003124582935758957
1984-05-05,-0.0091961534262377,0.0003590885191987464,1.5734647186911488,0.004952156358519516,0.0,268.17728180894295,-0.00047196396284520975,0.005107112018637416
1984-05-06,-0.005337684631010907,0.00035756691700994636,1.602697684939972,0.0109675111996252,0.0,267.3291193536446,-0.00043164305178459083,0.011026901865375487
1984-05-07,-0.01059929016283003,0.0003560881661829976,1.6556021767596518,0.004728264769928604,0.0,266.72154773920494,-0.0005062023956475959,0.0047574875587153695
1984-05-08,-0.017478349476547562,0.00035461951783821407,1.627842789989407,0.00013694996382557066,0.0,269.36373270253904,-0.0006179581422590267,0.0002274504539165287
1984-05-09,-0.019516101327993102,0.00035313916745158914,1.583460461172905,0.0,0.0,275.0954600691571,-0.000731336142299539,0.0
1984-05-10,-0.01662785963991941,0.0003577898451163944,1.5261929327036254,0.0008610714711038408,0.0001733549318071139,274.3785293492894,-0.0009503298791620019,0.002716481702453161
1984-05-11,-0.014759126440279902,0.00039022175942437126,1.4796170164636302,8.95075394777255e-05,0.002465455756012329,274.2780351189795,-0.0007198077105617119,0.0005519535468947344
1984-05-12,-0.01806620268498437,0.00045525000593756563,1.4216595953242703,0.0,0.006112689668007491,276.37883269315387,-0.0006117348974875812,0.0009140865781764121
1984-05-13,-0.02216334283183524,0.0007738199106044016,1.3575706122734228,0.0,0.010212721187347748,276.9713009225447,-0.0007722718578021407,5.9624176191172255e-06
1984-05-14,-0.02119213978281129,0.0016029482170686882,1.2859447644479758,0.0,0.017848946764475886,279.8456103725398,-0.00046859889443816446,0.00041863726175383277
1984-05-15,-0.02794002560572436,0.0034200486827031364,1.2001169208303908,0.0,0.0225687418448723,281.50475025715804,-0.0007877418413589904,0.0027333478427719283
1984-05-16,-0.027063839853146657,0.002123353424045326,1.121374442752472,0.0,0.014922808055992179,279.22266233124526,-0.000973980210847774,0.0015826313677480665
1984-05-17,-0.0291978290441346,0.00036553979593481725,1.074594846104049,0.0,0.00046427129099598045,273.90328671299136,-0.0022146668874442913,0.0
1984-05-18,-0.021158836824072286,0.0003929483351734399,1.0459752199564503,0.0,0.001126019126277859,275.7668036875752,-0.00107142333425371,0.00013530417677243533
1984-05-19,-0.020803492579419734,0.0006577810325191519,1.0123748491937383,0.0,0.005270066823663011,276.2717396077014,-0.000884558752936832,4.3840563229921854e-06
1984-05-20,-0.017201165610787557,0.0019442464335490085,0.9695185142272835,0.0,0.013053361557971287,278.5541610502254,-0.0005354187793314121,0.0005912781939318489
1984-05-21,-0.01797633491835352,0.0005128519178110328,0.9299560087099813,0.0013403813801916309,0.0025654610477935124,274.967137306199,-0.001199879346804767,0.0023693399408547893
1984-05-22,-0.01633616107500206,0.0004284351559008582,0.9350093978048494,0.0021081200595629416,0.0,272.36926821261477,-0.0013215455337096068,0.002434128123121164
1984-05-23,-0.027364690930156386,0.001035129114732904,0.920904184689854,0.0,0.005825274955418151,277.986585311746,-0.0010057236357344746,0.00015502152001063533
1984-05-24,-0.00971040550598317,0.0015826941715121944,0.8924006517773071,0.010536121867470822,0.0059151604013927914,275.6975456029458,-0.0004051020000614015,0.01735152027674726
1984-05-25,-0.009653254038533248,0.0005377478013604375,0.975604328507533,0.0067163213750736864,0.00018802348334910507,270.9794512746923,-0.0011072691140622743,0.007270926156335743
1984-05-26,-0.01536710501390662,0.000570063284561459,0.9951254634533898,0.0018931766393157723,0.0,272.20657646049887,-0.000878478952888715,0.003222311061240478
1984-05-27,-0.011739709409280012,0.0006488064924875896,0.9982107848546374,0.002403749963321255,0.0004915318078240432,272.9695061074812,-0.0007488188402211598,0.0066494537710064
1984-05-28,-0.017030584020803204,0.0006703209489752345,0.9908631175700329,0.0004308861443551921,0.0008092933665897887,273.00242295058666,-0.0008932093926573878,0.0009889189624088899
1984-05-29,-0.023256992510819842,0.0014859332287378904,0.96020783677613,0.0,0.008935902941193284,277.5561232198654,-0.0005866930909496917,1.713151846161054e-06
1984-05-30,-0.027379329342626584,0.0030156831114979115,0.9059008007444681,0.0,0.016493491218083325,280.2417201241531,-0.0007764658611793976,4.351138045421976e-07
1984-05-31,-0.022489231563894093,0.0027719698214935047,0.8466424457097458,0.0,0.015746673053435686,280.40442333113674,-0.0007353904999076984,0.0007855453733620773
1984-06-01,-0.015402645083133784,0.001188765558819313,0.8187016776277072,0.0038653231399544217,0.0038368263950118915,274.9734700448994,-0.0008229117177553097,0.005224478817153166
1984-06-02,-0.025467991239607,0.0011777692595444159,0.8223796492467044,1.66270018970899e-09,0.00020297528323480645,273.301880177356,-0.0017444488387239184,8.70227722771233e-07
1984-06-03,-0.014099121935623517,0.0014309088389078777,0.8033557611670198,0.00011556014671164045,0.003940204695119696,274.96732772855887,-0.0005713231745833731,0.0025837750083632927
1984-06-04,-0.010067694057515788,0.003379350833300143,0.8045897977724811,0.007174262008761282,0.009403503336812145,275.71724976433654,-0.000150933177710253,0.015757085357579862
1984-06-05,-0.009187070200335509,0.0022655823136453574,0.8057410748440443,0.0007604451502783824,0.004612397044728706,275.03988741571175,-0.0004391165681730556,0.0055674876184125454
1984-06-06,-0.015863703553285976,0.0021171180878655385,0.7904029745615585,0.00034621617846233025,0.0038544976147217944,274.88194761617484,-0.0007677574531506683,0.0017804584929732392
1984-06-07,-0.01251361969500612,0.0026263411098954373,0.7714717311823212,0.0009351045335248366,0.0039424745544875415,274.5752382727442,-0.0006363739254279325,0.0060968912084547675
1984-06-08,-0.012819788213503564,0.0028284715730591686,0.760720807953743,0.0028793447056395857,0.0017161214629472315,273.44329795909243,-0.0008110889354668094,0.006558642717404555
1984-06-09,-0.00730971188026633,0.0028310645434816008,0.7679916927818974,0.005199646714043483,0.001023033812726285,272.88110814211285,-0.000629369190520486,0.0071075176520176645
1984-06-10,-0.009780641876708317,0.002975718870674823,0.7918471284280838,0.0009899864257392238,0.0021991471702096153,273.2294413895257,-0.0005028484820646081,0.0019451811703827917
1984-06-11,-0.020121564678216384,0.00420541084755612,0.7865151155690914,0.0031815811486567485,0.00696365808868139,275.9657739434539,-0.0007291603044180547,0.00940275360635445
1984-06-12,-0.01980218341795065,0.0034682593271557227,0.7662861567208099,0.0,0.004167905845547801,275.24393892378015,-0.0009770498237451591,0.00019600101762987083
1984-06-13,-0.020324565975342768,0.009304229401599216,0.7319186510563795,0.0,0.017238729543941844,278.22367086608085,-0.00024108034111348925,0.002574627042387892
1984-06-14,-0.02268027956202879,0.010715544897284211,0.6657395299994116,0.0,0.02443807767861981,281.22718795230384,5.68913022256167e-05,0.0003243309107860355
1984-06-15,-0.019074020665244194,0.01584760230139824,0.6007475484786959,0.0,0.02433135547796212,281.91491193106845,0.00021226193208647316,0.0019487218009668415
1984-06-16,-0.024017628008699686,0.014970710301129833,0.5397167600929849,0.0,0.018434953281266542,281.3740347450961,-0.0005936745322693539,0.0011314376823201855
1984-06-17,-0.011633397748241318,0.01840899615301251,0.49388866819679855,0.0,0.015090356523034264,279.8650275623731,-0.00045484973717544044,0.011799309583604726
1984-06-18,-0.01975850803030413,0.0122412458314734,0.4556206597222222,0.0,0.012075717145271893,279.61721419569693,-0.0009812528772626893,0.0002614851556928818
1984-06-19,-0.02356990645665907,0.011384571002701583,0.4215441917520009,0.0,0.012480372110497481,280.8975141349261,-0.001052937964977181,0.0002216198855087043
1984-06-20,-0.021167026064490196,0.011625772310515583,0.3880026722133945,0.0,0.012707498766439784,281.99385364266664,-0.001417471253770893,0.001963265400102906
1984-06-21,-0.032863368380204434,0.010520800106269492,0.35533748418373357,0.0,0.011371758782257468,283.6879796353213,-0.0019132100719179814,5.532996381860378e-05
1984-06-22,-0.029824680275162736,0.009209307405234731,0.32646888977165733,0.0,0.006940253710342666,281.3506078091494,-0.0018317240979627701,0.0002915396290379665
1984-06-23,-0.025698168508413822,0.009419262493397557,0.30953697879884656,0.0,0.005893118321727225,279.3425923148117,-0.0015451936472186262,0.00027995075878617447
1984-06-24,-0.029942727779264506,0.009428366345200835,0.2903287208686441,0.0,0.007746196988612245,282.4747233776947,-0.001811748917746005,0.0001431834236943442
1984-06-25,-0.030427948061355764,0.01130258035188341,0.266449606800259,0.0,0.009482213543296534,284.0537807514888,-0.0017180345573667751,0.0002131899029521619
1984-06-26,-0.030275204718786444,0.011328028757019905,0.2421865804496234,0.0,0.00926664381124879,283.81702512536344,-0.0017737940869341465,0.00029716451289290094
1984-06-27,-0.029951956607190904,0.012183796298705927,0.21844516905014127,0.0,0.009729127615353482,284.2179372431869,-0.0017588721367262179,0.0006174265159498096
1984-06-28,-0.02852234459024365,0.01516465758536495,0.19369799942620058,0.0,0.010930195471829615,286.13345437489886,-0.0016275558852206517,0.00038443152177131785
1984-06-29,-0.035060339812505045,0.014874656910950182,0.16539193995703863,0.0,0.01234541309334464,287.08963400630626,-0.0018988402697157727,8.52346317969932e-07
1984-06-30,-0.022027214199809707,0.013980838875312592,0.1364456435381356,0.0,0.011061210564132465,285.2685130419256,-0.0013944004888588428,0.002663423918096731
1984-07-01,-0.02417290370679845,0.021178923420986887,0.11315550148599342,0.0,0.009753070750647347,282.73595540537,-0.0014583994397672558,0.0031329893459708007
1984-07-02,-0.031053812364063696,0.0116684820692418,0.09229550119173728,0.0,0.008903655123575934,284.7240018682965,-0.0017100840617539522,8.70227722771233e-07
1984-07-03,-0.023449382455335503,0.01147806433971319,0.0720081508945386,0.0,0.00867518134373056,284.11453095128985,-0.0015128063574685888,0.00503864448605949
1984-07-04,-0.02471510064130449,0.011202143410504876,0.05369461548081451,0.0,0.007820353606494808,282.90254261713693,-0.0021159375602074265,0.0037688706541529056
1984-07-05,-0.03060149350913905,0.008990537648820608,0.03665718610228343,0.0,0.006639873366908165,284.6737027500534,-0.0022747352677213273,7.753075852408583e-05
1984-07-06,-0.03314758033233848,0.008443421478998863,0.02264944532721281,0.0,0.005314677764298553,287.0506438382826,-0.0024147944598548157,7.700818977840662e-06
1984-07-07,-0.0297575428408418,0.007439663770508632,0.012055075550258948,0.0,0.0034102825711002462,286.92607319287663,-0.0023968657162987583,0.0003218292977652771
1984-07-08,-0.030641734642160818,0.006875475921199821,0.005970180820386064,0.0,0.0016777213810190642,286.0237175138657,-0.0028957395240832864,0.00319027665397382
1984-07-09,-0.030540759196389194,0.006285377309820746,0.002951296933851224,0.0,0.000825117431623114,285.3592659829925,-0.0023939580798654236,0.00016663469500278455
1984-07-10,-0.029305113616299495,0.005833835588336665,0.0015770288959510359,0.0,0.00040686919780100813,283.2137085075882,-0.0024904472132523856,0.0011479600426011047
1984-07-11,-0.03257417927185695,0.0053875572600607146,0.0008786303848870057,0.0,0.00023775812933000468,284.6969105923468,-0.0026034083701459705,4.977400766810242e-05
1984-07-12,-0.03670192114209051,0.004986181181702911,0.0005406956214689266,0.0,0.00012821380027943413,287.2363408478416,-0.0026867802617913587,1.5627697467802764e-06
1984-07-13,-0.03720914033678292,0.00463995699491878,-7.3453647229951e-24,0.0,6.33989476551444e-05,287.9245739450114,-0.002763131012519201,0.000676911547256782
1984-07-14,-0.0336503349455063,0.004331195590186254,-7.3453647229951e-24,0.0,2.5250585907596654e-05,286.5730425660444,-0.0026861755229995754,0.00044371835923841436
1984-07-15,-0.032383408039639905,0.0040542154157229065,-7.3453647229951e-24,0.0,1.1322840964053312e-05,286.0847748794125,-0.002510937588489325,0.00010955232684895144
1984-07-16,-0.033717298364571935,0.0038163911993220703,-7.3453647229951e-24,0.0,4.687783239924975e-06,286.7380387545081,-0.002681612873734054,0.0011348090095910106
1984-07-17,-0.033918163870687544,0.00359036491415595,-7.3453647229951e-24,0.0,2.0928554615731965e-06,285.8603516522998,-0.002533600197336768,4.1417735444623875e-05
1984-07-18,-0.03808640633935982,0.003394237514269554,-7.3453647229951e-24,0.0,9.797934421711725e-07,287.25471754487177,-0.002332230914110518,0.00011081759538885564
1984-07-19,-0.029620632192509325,0.003220260059092678,-7.3453647229951e-24,0.0,4.467822737612967e-07,287.4961904285093,-0.002159248211415811,0.00041042302219411133
1984-07-20,-0.03050385714419144,0.0030601539012402473,-7.3453647229951e-24,0.0,1.8626451492309573e-07,286.700303506941,-0.0022470201918129195,0.00022185148491234426
1984-07-21,-0.028054913642716277,0.0029172616153113587,-7.3453647229951e-24,0.0,7.920977422746562e-08,287.51466620350067,-0.0021247491030033025,0.0008192528437287925
1984-07-22,-0.011819881108184322,0.002884811432348133,-7.3453647229951e-24,0.0,2.6813671413788014e-08,285.66617443063166,-0.0033354602785686314,0.011520789909199034
1984-07-23,-0.007758762540116823,0.0032880706975689047,-7.3453647229951e-24,0.0,1.0312950543764621e-08,283.99597024648205,-0.0028837931074075784,0.02558715342604822
1984-07-24,-0.01801269164698272,0.0035922868272005508,-7.3453647229951e-24,0.0,4.125180217505848e-09,285.89173683698124,-0.003003079154775978,0.006232055645387064
1984-07-25,-0.022165195164033924,0.002817815053934432,-7.3453647229951e-24,0.0,0.0,286.4219358340046,-0.002553047454458172,0.006763361467365279
1984-07-26,-0.02230074774410765,0.0024308100090188497,-7.3453647229951e-24,0.0,0.0,285.60585271616213,-0.0026885369887291377,0.0021139640087461742
1984-07-27,-0.029854503097170495,0.0023353290928285675,-7.3453647229951e-24,0.0,0.0,287.25183538303986,-0.0027175128544117775,0.00036956636751285705
1984-07-28,-0.029319306088369444,0.0022650494918984884,-7.3453647229951e-24,0.0,0.0,288.56991790153666,-0.002720079663614769,0.0003134832375417423
1984-07-29,-0.02770137723724721,0.0022043720477044923,-7.3453647229951e-24,0.0,0.0,288.71445385345635,-0.002621600551709617,0.0008665375349667399
1984-07-30,-0.027221877275213687,0.0021365007943352737,-7.3453647229951e-24,0.0,0.0,287.3872758969525,-0.002309021555771262,0.00022918661098198363
1984-07-31,-0.01896885403637159,0.0027888413876463462,-7.3453647229951e-24,0.0,0.0,284.95436479816334,-0.002451645199861904,0.009407634582775281
1984-08-01,-0.009096169623277955,0.0030234976340148415,-7.3453647229951e-24,0.0,3.725290298461914e-09,285.1724663175881,-0.003790824426769537,0.023418559231152804
1984-08-02,-0.016822323203086853,0.004293600297243582,-7.3453647229951e-24,0.0,0.0,285.19947025062,-0.0030888779730783348,0.011464213757093061
1984-08-03,-0.02185232491143006,0.0029050690979607365,-7.3453647229951e-24,0.0,0.0,285.5217114859831,-0.0031084732420868797,0.008297008343290125
1984-08-04,-0.028542583608357923,0.0019289174322354595,-7.3453647229951e-24,0.0,0.0,285.62746973271203,-0.0029248426705177897,0.0018650775402804646
1984-08-05,-0.03141141977518965,0.0018644251224011353,-7.3453647229951e-24,0.0,0.0,287.6008133897225,-0.0025781196210596523,0.00011487615353318
1984-08-06,-0.028482297214411076,0.0018708337161500576,-7.3453647229951e-24,0.0,0.0,287.63852803361397,-0.002909334265958455,0.0030792394599322413
1984-08-07,-0.02709147658220119,0.0018079858378501938,-7.3453647229951e-24,0.0,0.0,285.9718391432825,-0.002567398772275044,0.0009618622940138909
1984-08-08,-0.02848607011265674,0.001768113361240107,-7.3453647229951e-24,0.0,0.0,285.48455188054373,-0.002468671333991875,5.788831724285406e-05
1984-08-09,-0.03058746242422169,0.0017425317717137312,-7.3453647229951e-24,0.0,0.0,285.76726799226753,-0.0025142973846634903,0.0007236107426174617
1984-08-10,-0.034155971838929565,0.0017050947509916492,-7.3453647229951e-24,0.0,0.0,287.72294955065024,-0.0026792169332841027,3.915823107126059e-06
1984-08-11,-0.03634489306622306,0.001674124244916237,-7.3453647229951e-24,0.0,0.0,289.11180232922686,-0.0026127002175665845,0.00012356663023927285
1984-08-12,-0.030264793521603627,0.0016455275695876214,-7.3453647229951e-24,0.0,0.0,288.041250710209,-0.0025233720918580635,0.0005006226947752096
1984-08-13,-0.032603237335964784,0.0016158231570895783,-7.3453647229951e-24,0.0,0.0,288.1263905289932,-0.0026830784965958974,0.0005817512671152751
1984-08-14,-0.02876097035441695,0.0016102358951406964,-7.3453647229951e-24,0.0,0.0,286.87255479342076,-0.0026674219538683945,0.003104652758943213
1984-08-15,-0.024702064019475282,0.0016092851673815882,-7.3453647229951e-24,0.0,0.0,286.2264007453416,-0.0024835995772043195,0.00515311010132989
1984-08-16,-0.018350405418603433,0.0015457066270591175,-7.3453647229951e-24,0.0,0.0,286.47375742594403,-0.001957403843180608,0.002633810649478917
1984-08-17,-0.01503783237125914,0.002560583716731961,-7.3453647229951e-24,0.0,0.0,285.0422008464117,-0.002958417675421063,0.010259268260169218
1984-08-18,-0.02478466502859094,0.0014696496691407458,-7.3453647229951e-24,0.0,0.0,285.9972687054938,-0.0021711723763222076,8.832095021662715e-05
1984-08-19,-0.02178094712859493,0.0014480155403331176,-7.3453647229951e-24,0.0,0.0,286.80103858042577,-0.0019423427628511092,0.0007458338629713772
1984-08-20,-0.020208341716709786,0.001489439168892338,-7.3453647229951e-24,0.0,0.0,284.1762958210516,-0.0029964611818224696,0.006302360424214165
1984-08-21,-0.02415616662993943,0.001423559198945256,-7.3453647229951e-24,0.0,0.0,282.63684590298357,-0.00225978577246437,0.002821738718471943
1984-08-22,-0.028721423388200967,0.0013689208502149853,-7.3453647229951e-24,0.0,0.0,284.0291126021333,-0.0022602125181485034,3.979304380765445e-05
1984-08-23,-0.030541810443845848,0.0013528222081351416,-7.3453647229951e-24,0.0,0.0,286.42517671028327,-0.0023400003648242035,0.000882277296761335
1984-08-24,-0.026659464011084565,0.0013317723395460744,-7.3453647229951e-24,0.0,0.0,285.5648277771226,-0.0021820692292882898,0.0009326269397514151
1984-08-25,-0.026280941515319095,0.0013007258964797199,-7.3453647229951e-24,0.0,0.0,286.20404530469534,-0.0019200603072505214,0.00021125670880247643
1984-08-26,-0.029219221849899512,0.0012777227971513393,-7.3453647229951e-24,0.0,0.0,285.4775432687246,-0.0020989870841977964,5.633009355620476e-05
1984-08-27,-0.03365449241157306,0.0012600151664119658,-7.3453647229951e-24,0.0,0.0,285.72796686535276,-0.0023118653887156714,0.0006008830110905535
1984-08-28,-0.04068993646546272,0.0012386270330450632,-7.3453647229951e-24,0.0,0.0,286.79872187741955,-0.0024048491554745175,0.0005596373714068784
1984-08-29,-0.042555172522526004,0.0012134385984496209,-7.3453647229951e-24,0.0,0.0,285.46704500632995,-0.002327731326432888,0.0
1984-08-30,-0.030305348210415604,0.0011935238279191787,-7.3453647229951e-24,0.0,0.0,284.917885509139,-0.0018738899274734454,0.00010115835962498591
1984-08-31,-0.02758750870908048,0.0011796721462476055,-7.3453647229951e-24,0.0,0.0,286.28861372708826,-0.0018432338085383345,0.0008614535048401827
1984-09-01,-0.021393214578682422,0.0011754869404485672,-7.3453647229951e-24,0.0,0.0,281.1617835201113,-0.002375463213203317,0.0029424120140564745
1984-09-02,-0.0240762437888458,0.0011577828455779514,-7.3453647229951e-24,0.0,0.0,279.83147375462426,-0.0019604848897726524,0.002132921905840858
1984-09-03,-0.0275201566391072,0.0011199154591156266,-7.3453647229951e-24,0.0,0.0,281.692249118496,-0.00170837862596,0.00039330917899394103
1984-09-04,-0.029191576407454116,0.0010992255756410501,-7.3453647229951e-24,0.0,0.0,283.6155264651484,-0.0017671123736322262,1.4997802465566023e-05
1984-09-05,-0.021518940053417184,0.0010916105771468859,-7.3453647229951e-24,0.0,0.0,284.46200835233356,-0.0016692259985595773,0.0014448550797897812
1984-09-06,-0.02649777626755548,0.0010761495700663767,-7.3453647229951e-24,0.0,0.0,284.38867802808517,-0.0015398987942496264,0.0016129396055028127
1984-09-07,-0.030860781459148324,0.001055406564373081,0.001070356638418079,0.00016831695023229571,1.2434471798481914e-06,276.2201009416311,-0.0019529492641657087,0.001235173869838876
1984-09-08,-0.02774107384648027,0.0010352254250628802,0.0013370262476459511,2.499097316278576e-05,3.1724824743755796e-05,277.21160803900824,-0.0013770007049549097,0.0004700350294158231
1984-09-09,-0.019500946678684256,0.0010243916915634933,0.0009039180202448212,0.0,5.906610881204659e-05,279.2809714947717,-0.0016146874013172707,0.0011325085904029097
1984-09-10,-0.016986310818774553,0.0010240209304680258,0.00045057968455743883,0.0,3.435072294399563e-05,279.70707651989613,-0.0016584035829972415,0.0026119437448544574
1984-09-11,-0.02222953551569901,0.0010059163563669066,-7.3453647229951e-24,0.0,2.3991364122784073e-05,282.12585402522836,-0.0017688736940423648,0.0023000522521879818
1984-09-12,-0.01988215677145511,0.0009996843034938232,-7.3453647229951e-24,0.0,1.1690024097087019e-05,281.7800244189476,-0.0018329050939130246,0.003182265570354621
1984-09-13,-0.021014128196037426,0.0009570956903662387,-7.3453647229951e-24,0.0,2.4563764448219773e-06,279.3640838163272,-0.0012730361714874958,9.554242334414312e-05
1984-09-14,-0.014315880624587928,0.0009461304562239998,0.0002027608580508475,7.713939678871027e-05,1.5709086158181316e-05,276.36797837079587,-0.001076841384888032,0.0006204481514938806
1984-09-15,-0.017859235321734585,0.0009300454524950794,0.000405521716101695,0.0,2.545509803093086e-05,278.28481477712285,-0.001093592905139519,0.000166759324964899
1984-09-16,-0.01962793942561931,0.0009194699216023678,-7.3453647229951e-24,0.0,1.8810011488569662e-05,281.38653691968904,-0.0012830411857467589,0.000612000371663045
1984-09-17,-0.022565603508787644,0.0009021261485956483,-7.3453647229951e-24,0.0,1.0331924268081365e-05,282.0855557752419,-0.0015210365971266215,9.015354025404262e-06
1984-09-18,-0.02855770769765822,0.0008885937895478503,-7.3453647229951e-24,0.0,4.09569359768582e-06,284.18134491412206,-0.0015032494040784865,4.351138045421976e-07
1984-09-19,-0.02792007067782731,0.0008765053277635306,-7.3453647229951e-24,0.0,1.5077849397551543e-06,286.1150984719199,-0.0014502259634308896,0.00017803749121691212
1984-09-20,-0.028803351824566472,0.0008644118147381282,-7.3453647229951e-24,0.0,5.983195062411035e-07,284.2364736725831,-0.0015576307761803862,0.00029249478457026604
1984-09-21,-0.014346079974524719,0.0009893716055121126,0.001775192002118644,0.003317735415730773,0.00010947100186752062,280.4311085286114,-0.0020354897004820536,0.016971560352825984
1984-09-22,-0.012393936388573404,0.0008457599386657026,0.034758084686911495,0.002345940150783561,0.0002840764946856742,272.17260867188884,-0.0013078929866942983,0.00281461150622508
1984-09-23,-0.004173737924314488,0.0008511191370797023,0.08050295727401133,0.015623116392200277,0.0009081333160063643,272.62133791217695,-0.00037268259809852323,0.017469215123587303
1984-09-24,-0.002329969178822081,0.0008236686725400937,0.2533306114642184,0.02340850804400983,1.7321231843388013e-05,267.6676569290305,-0.00043911198522411497,0.023984190737392084
1984-09-25,-0.008542212641845317,0.0008074769192496262,0.2937243905220104,0.0004108364004536538,0.0,265.2200106425025,-0.0007810928137962428,0.0004124729141449794
1984-09-26,-0.010979995552429372,0.0008061081171035767,0.28005458451035786,0.000341144785032434,0.0007504449662684048,268.7848408837327,-0.0009703657426739818,0.00034313698324534426
1984-09-27,-0.003216994473826414,0.000787530788930796,0.2981927156897364,0.008884577764629644,0.0,267.5563939196916,-0.0004449954866773665,0.008890203531860853
1984-09-28,-0.006995326634180748,0.0007781505500529445,0.3447957586658428,0.0016694819438928938,0.0,264.7736682137527,-0.0006221902456744917,0.0016724856500938926
1984-09-29,-0.009291917127741259,0.0007688430911403591,0.33875891044314976,7.152641560398253e-06,0.0,266.04870836793145,-0.0008402549908996303,8.012783615737075e-06
1984-09-30,-0.013254509554744442,0.0007809629548067426,0.3257992272098635,-4.125180217505848e-09,0.0017976899562919208,270.2412201150438,-0.001034292566069102,1.293420723413874e-06
1984-10-01,-0.01189719031086076,0.0007885541282804673,0.29915226650776844,0.0,0.0031198952347040176,273.82030897625424,-0.0011460545741147914,2.98925385777693e-06
1984-10-02,-0.013034103027844834,0.0008025818457037717,0.2661417873116761,0.0,0.004725636703904066,274.97440448768174,-0.0010330069305027945,1.3082402006148186e-06
1984-10-03,-0.01251759708432828,0.0008273767044315231,0.22617973715572037,0.0,0.0067881292710870005,275.608768315863,-0.0009238762823117656,3.798371970610865e-05
1984-10-04,-0.009920648009763599,0.0008464827712646313,0.18016428687029193,0.0,0.007159297970139375,276.59694305606706,-0.0007032955507353201,0.0010316306789737136
1984-10-05,-0.004010279215661819,0.0011895215612346844,0.137808876971516,0.0,0.006118767963206701,275.8773572458386,-0.0004864564628503417,0.011823567562834855
1984-10-06,-0.008836326710248399,0.0007985444728937528,0.10588139823152072,0.0,0.004358946445718997,275.6433449581742,-0.0007507291880283652,0.0005982125209499988
1984-10-07,-0.011068303916750654,0.0007641174025454764,0.08323494144303202,0.0,0.003134854011616464,275.8391378909181,-0.0008017194725699344,0.00021049097487825828
1984-10-08,-0.012789710093352754,0.0007684554083872651,0.06351334451506592,0.0,0.003628952828588459,277.6212028208875,-0.0008826192710443406,0.00010748762488836261
1984-10-09,-0.0142296883514372,0.0007402751236985633,0.04425864929084275,0.0,0.0024362552889996333,277.56237620553054,-0.0010769812253403801,1.3318371689935971e-05
1984-10-10,-0.014332038113626383,0.0007287209148460862,0.031785867981991525,0.0,0.0018827086051473511,277.7393901487304,-0.001028504832989752,0.00033199649071499456
1984-10-11,-0.017984435677865132,0.0007106345252128644,0.022014036016949155,0.0,0.0013408776014874886,278.8360194154154,-0.0011890104808713084,1.78813479578821e-08
1984-10-12,-0.013024412179734074,0.0007518023925985994,0.014588666725517892,0.0,0.0007887192301999378,278.7189794996589,-0.0012320497225822703,0.003985968153804576
1984-10-13,-0.008305584938175934,0.0006873194275602783,0.0109603508268597,0.0001837690334535588,0.0002517399646468082,274.7669626656225,-0.0009143229437160627,0.0006603138074971435
1984-10-14,-0.005217086165975043,0.0006804766796403012,0.055802224944091344,0.010673323635664365,0.0,269.225269296075,-0.0007665080286688725,0.01141967008195216
1984-10-15,-0.0038981050842225896,0.0006721079517892526,0.131820305143597,0.0079475160540834,0.0,264.9652722137796,-0.00036525976249558777,0.007964786170569789
1984-10-16,-0.003941903343308444,0.0006698136780895083,0.17161637645656783,0.0037360859371848025,1.0002983239410961e-05,262.721570408277,-0.0003935179152226044,0.0037407806686353923
1984-10-17,-0.004514802857644141,0.0006781069740737227,0.16359674773422786,0.0012813091572731904,0.0006657931006560892,262.70798870309375,-0.00048441134161699974,0.0012830204378535925
1984-10-18,-0.005759756401770534,0.0006650522098702899,0.19127659339689268,0.0055092901075627174,0.0,264.1809145645458,-0.0005069217765651181,0.005514200202171806
1984-10-19,-0.0032894582734943113,0.0006627858863712032,0.20146659089571567,0.003171483507264132,0.0,262.04302888715785,-0.00036590584780031685,0.0031755122255348487
1984-10-20,-0.00349255255555029,0.0006639863138144974,0.21529432968455747,0.0010851229735686955,0.00022350747327683337,259.63381109578916,-0.00042562736040454804,0.001088964028456123
1984-10-21,-0.0033843960549871806,0.0006584304537476794,0.21760676899423262,0.0005208871795632746,0.0,259.6339672361615,-0.00029272223049301213,0.000523999653259482
1984-10-22,-0.004976736329032877,0.0006597849440439947,0.21579686396539552,7.96583875761194e-05,0.00023064488745005117,260.4468416583965,-0.0003880023282800018,8.064004997251735e-05
1984-10-23,-0.006861295950951549,0.0006619482222249953,0.20989197122175143,2.332115914188536e-06,0.0005093833989342727,262.084478884767,-0.00043481895121309045,3.4665319529493525e-06
1984-10-24,-0.003468499219013473,0.0006569915235379322,0.20680136240583805,0.002826638898607028,0.00032734616243906616,265.8607870701792,-0.0003325938389210378,0.002837735077653281
1984-10-25,-0.00610562784355239,0.0006573906557708137,0.22481029675729755,0.0010983627394767805,0.0004845999686394708,268.58652870264433,-0.0004499227408382853,0.0011049340522979582
1984-10-26,-0.007028432804985908,0.0006518436353758904,0.21738883555496707,7.037220701659467e-05,0.00026531071312683454,271.6296972572916,-0.0005605440944601588,7.341997249320354e-05
1984-10-27,-0.00437677495897153,0.0006456139397486456,0.2512715082833098,0.010010103216279025,0.0,266.44193974008215,-0.00044581237233291246,0.010059730144543838
1984-10-28,-0.0056502989119729076,0.000643493933866253,0.2888756013859463,0.0010289687684363565,0.0,261.7045543333007,-0.0004085342499748462,0.0010581017045537767
1984-10-29,-0.007272685862193673,0.0006419012775528902,0.2834141618114407,0.00030415460972462675,3.774626191053014e-05,264.84485908192204,-0.0005811489381864247,0.00034407774607340497
1984-10-30,-0.0074697525403593906,0.0006391929704590705,0.2845413006856167,0.0007970304054729008,0.0,265.70671747857796,-0.0006082054743238089,0.0008991412186976981
1984-10-31,-0.004815705162657183,0.0006369673094506992,0.2800681478784134,0.0009944634669918125,0.0,267.64867017138926,-0.0004795218086512076,0.0010551634188969488
1984-11-01,-0.005061684397317596,0.0006347797011251505,0.2869893736758475,0.00047873107895339285,0.0,261.83540465288473,-0.00034208147455069984,0.00047964125543192
1984-11-02,-0.011847162398241335,0.000639151929125274,0.2798246969161959,9.305844620122749e-05,0.00029919936326937486,270.6926085261975,-0.0009020920842885973,0.0003402950231297272
1984-11-03,-0.008878078501103288,0.0006312445900534506,0.27614925406073454,0.0033630797755246785,0.0,270.97989179679456,-0.0008347291541469973,0.004180068720429685
1984-11-04,-0.006992961643105848,0.0006280993506059809,0.29565728541372416,0.0012183904142703042,0.0,265.85042383441817,-0.0006325564499797122,0.001300609044379164
1984-11-05,-0.0063432669740612225,0.0006258558418791173,0.2930669120027071,0.00021071012242365695,0.0,264.4808832840282,-0.0004491324320772274,0.00022860250230562893
1984-11-06,-0.006417065522091537,0.0006329727038151801,0.2866305191413606,1.376650511881726e-05,0.0006298001350487693,269.2947794632274,-0.0004604312796461381,1.7446077471139735e-05
1984-11-07,-0.007066783974062925,0.000625250534822712,0.2742149798434558,0.0002181693111772591,0.0002605410050706001,269.8738292112189,-0.0006151569502080902,0.00024981040738928116
1984-11-08,-0.002257916297616258,0.0006191299460028525,0.27989803105873357,0.00440729800927437,0.0,266.6103445545204,-0.000247846152317726,0.004437069266472564
1984-11-09,-0.001504143289590286,0.0006168808388171224,0.3641136729784605,0.012071600236461663,0.0,266.13724783989,-0.00020926381529724533,0.012078410572194515
1984-11-10,-0.003398728909465553,0.0006146673849747006,0.41239075741525427,0.0007971697776331068,0.0,263.0670022120359,-0.00019783438788463842,0.0007994594698046746
1984-11-11,-0.004942837828970225,0.0006123836767875543,0.4037502023010829,1.1633239728582782e-05,0.0,266.9765054519567,-0.00029104651283409636,1.2900297246151042e-05
1984-11-12,-0.005792487517925306,0.0006144535911958771,0.392605021848517,2.1628951285518494e-05,0.0002963668482620164,270.4069623534064,-0.00044931492920817636,2.463468345886624e-05
1984-11-13,-0.007600588524072184,0.0006077255064484764,0.3768322041254708,2.539806110037249e-06,-8.31350094854495e-10,271.28935535165107,-0.0006674835984568812,4.317376958187901e-06
1984-11-14,-0.005955693454055464,0.0006053169905129126,0.367519687573564,0.0029027263744402744,0.0,268.12168819262257,-0.0006110929005311034,0.002921715850142247
1984-11-15,-0.003763794267581681,0.0006029944298631053,0.38021201153484,0.00019977515363423838,0.0,262.04937234795926,-0.000294641028605612,0.0002025369842632414
1984-11-16,-0.003853146049935939,0.0006006638714149173,0.37563632886064025,2.808700510337528e-07,0.0,264.091929433934,-0.00019925894836584726,4.351138045421976e-07
1984-11-17,-0.005667022308387326,0.0005983250626062943,0.3695537330067091,0.000223639552707726,0.0,266.96238861155825,-0.00031821494448488043,0.00022718943444525121
1984-11-18,-0.005965076218553856,0.0005960227069208178,0.36357205780661495,0.0,0.0,267.1026651163335,-0.0002818202315750769,8.508565478848595e-07
1984-11-19,-0.005779616618897283,0.0005936261455891497,0.3572329073975989,0.0,0.0,266.9819636838809,-0.00018946042463267594,2.579915644673747e-06
1984-11-20,-0.004522673448937088,0.0005913288411447557,0.35181146826447746,0.0,0.0,266.4236007553934,-0.0002309536024675531,3.0004661084603867e-06
1984-11-21,-0.005819011290194625,0.000589177349192948,0.3447341487906074,0.0,1.1341825211788976e-05,269.419542334174,-0.00039982306376352153,0.0
1984-11-22,-0.006093675428527897,0.000586677826730545,0.3370834896568974,0.0,0.0,267.9101875721847,-0.0003284433972364092,4.261732051702438e-07
1984-11-23,-0.005674480550033225,0.0005843275684421347,0.33113307916960927,0.0,0.0,270.0317775130048,-0.00034147820903756524,0.0
1984-11-24,-0.007694203553900206,0.0005855183985273717,0.3228945974576271,0.0,0.00024481050375491217,271.1142210843649,-0.0005488586480503028,4.351138045421976e-07
1984-11-25,-0.0017496852130539674,0.0005796470042675903,0.31690717506767896,0.002352981391431248,0.0,267.73320425791485,-0.0002240662089427986,0.0023574755298392575
1984-11-26,-0.002321602681935844,0.0005772935468598275,0.3737135490230697,0.006159841446048122,0.0,261.6947472459179,-0.0002470241838508407,0.006164972077268537
1984-11-27,-0.0025307488980266337,0.0005749384898923885,0.40004786259710456,7.821684755847953e-05,0.0,256.9831700405832,-0.00011758471570782743,8.201349858559221e-05
1984-11-28,-0.0038806033757446856,0.0005725932828450607,0.3953406842190443,1.7640217717758007e-05,0.0,265.60637879955345,-0.00018202449263489181,2.0316777131406756e-05
1984-11-29,-0.002057060262577682,0.0005702233247164279,0.40112304687500006,0.0028316560859060562,0.0,263.6835341444572,-0.0001580537386280669,0.0028440652839878187
1984-11-30,-0.002738657097021739,0.000567860017388554,0.4422609720750942,0.002085590892929142,0.0,262.26371665638493,-0.00016026147299230437,0.0020950925803315916
1984-12-01,-0.002450138583021649,0.00056549671006068,0.49974505465807445,0.0081720775635229,0.0,261.5350930955675,-0.00024325344290605376,0.008175776705127705
1984-12-02,-0.001552348293490329,0.000563156554254435,0.5339123282279897,0.00030306840347031416,0.0,254.9597971282212,-9.162056307166311e-05,0.00030817468620919904
1984-12-03,-0.001866419520755272,0.0005607634446041733,0.5297842366996234,7.631993815723786e-05,0.0,254.85640896870822,-5.452510095753913e-05,7.710903037696228e-05
1984-12-04,-0.0019795703517515107,0.0005584200896785758,0.5242770494938795,9.311689326992142e-06,0.0,255.4126619098326,-4.5585756500562034e-05,9.735627260638956e-06
1984-12-05,-0.0028840838010701754,0.0005560336308290729,0.5176907699211394,9.694506051176685e-05,0.0,258.3181166855405,-0.00011212772842349305,0.00010042133288224337
1984-12-06,-0.003446536212317688,0.0005536753747422817,0.5099076955331922,0.0,0.0,265.46331282793466,-0.0001495016402022987,1.2833417529069615e-06
1984-12-07,-0.004492227640529137,0.0005513104678547316,0.4985517081567797,0.0,0.0,269.4721467436595,-0.00026961782747237696,1.911530489451252e-09
1984-12-08,-0.004738053990959448,0.0005489439614075052,0.4862598483845339,0.0,0.0,269.1293865318802,-0.00021682081922972944,8.52346317969932e-07
1984-12-09,-0.0038650035437217544,0.000546594755460987,0.473858332229873,1.1587336575244107e-05,0.0,267.96894046187174,-0.0001888557068877301,1.4426159285798514e-05
1984-12-10,-0.004064709832102566,0.0005442282490137607,0.46302487935499065,3.482199321358891e-06,0.0,268.1367287608863,-0.0002344671878858475,4.039578513651234e-06
1984-12-11,-0.002056099053493328,0.0005418558915456136,0.4599795583951272,0.005339218229897279,0.0,265.40445999820804,-0.0002666580422365733,0.005341275011078787
1984-12-12,-0.0022288859311470205,0.0005395026866999049,0.5589893865495528,0.002855795967040089,0.0,258.11924277411566,-0.00014319576554547596,0.0028584497290807392
1984-12-13,-0.0011765606238343623,0.0005371526809735488,0.5627436808498117,0.0011243951522697838,0.0,257.3288981586751,-7.054712728591963e-05,0.0011305338581280788
1984-12-14,-0.002266001229905813,0.0005347811232852397,0.5711072214130178,0.0004918733138149068,0.0,259.67510016489837,-4.167249689331162e-05,0.0004944583156381699
1984-12-15,-0.00347232044079883,0.00053245106996116,0.5596510030455508,4.0204174774514756e-05,0.0,266.22984918497383,-0.00022054044266710176,4.0204174774514756e-05
1984-12-16,-0.0008065044711538627,0.0005301061154758863,0.5470067255914549,0.0006705972939561317,0.0,262.156615948722,-7.646166756328217e-05,0.0006745807362465399
1984-12-17,-0.002057407956338872,0.0005277561097495301,0.5941169006002825,0.003489938917133095,0.0,256.66770154877577,-0.00017292235614889761,0.003490602532412302
1984-12-18,-0.0018697159606858166,0.0005253896033023036,0.5960633588600518,1.3557741534238482e-06,0.0,254.99846319065705,-9.714883599577652e-05,1.4758042696505618e-06
1984-12-19,-0.002698793796832952,0.000523084301059529,0.5874432637417608,0.0,0.0,259.3915095930944,-9.924032341288982e-05,4.351138045421976e-07
1984-12-20,-0.002276302983531844,0.0005207624980958842,0.5778015481550142,2.0622533593474136e-06,0.0,261.14983198018626,-5.50315299697515e-05,5.006584898583859e-06
1984-12-21,-0.0016303039708379973,0.0005184438942515918,0.5852294462099812,0.003094245148243877,0.0,260.9876873928724,-7.490565905631599e-05,0.003097952047025018
1984-12-22,-0.003955400806699095,0.0005161071901267532,0.59993305673258,0.00019182982502010583,0.0,259.9562747366236,-0.00027194224024391445,0.00019739979559287268
1984-12-23,-0.00311880967037826,0.0005138101382444135,0.5962720967955509,0.002625342353252368,0.0,262.4943395424248,-0.00020461994102277328,0.00263586894603275
1984-12-24,-0.0021630148429655086,0.0005115213367225087,0.6628057045227167,0.004916799070555612,0.0,256.19782294436817,-0.0002112248544133989,0.004919610016729441
1984-12-25,-0.0022149703933694266,0.0005092176340394101,0.6643291696092279,8.982053752672875e-07,0.0,262.64043957410337,-9.086027236308081e-05,1.474755947583617e-06
1984-12-26,-0.003991859738772872,0.0005069288325175054,0.6475080644568033,0.0,0.0,265.176692100568,-0.00023690492735575823,4.351138045421976e-07
1984-12-27,-0.004689481677645345,0.0005046525328172802,0.6282956685499059,4.748040336673543e-06,0.0,265.7984594822828,-0.0003042310150077114,5.598896618104876e-06
1984-12-28,-0.0036199649764319603,0.0005023851569763011,0.6201181070503767,0.004747145846065156,0.0,266.0599601767157,-0.0003064500725707092,0.004824101323568018
1984-12-29,-0.00408660586776033,0.0005001145820159697,0.6338849256267655,3.263034389517402e-05,0.0,258.76840766719954,-0.0003388482593210404,3.632471976829614e-05
1984-12-30,-0.0031837858891083023,0.0004978579821559669,0.6220211165548494,0.00017441459799890464,0.0,263.0853846921759,-0.00012144738924031877,0.00017695937104898635
1984-12-31,-0.0015564226666412787,0.00049561548367732,0.6306267287547083,0.0037160004978462804,0.0,261.90506204148926,-0.00014860907011786425,0.0037242209001125555
1985-01-01,-0.002132872024835166,0.0004933647348382379,0.6485754325564972,0.00012450795725914046,0.0,252.08586154370212,-0.0001656775925792543,0.00012693499441200732
1985-01-02,-0.001059183966642046,0.0004911371375207847,0.6469657596221752,0.0008986540938501305,0.0,259.0549321039922,7.449239913353139e-05,0.0009048698811812309
1985-01-03,-0.002217763308751381,0.0004889127393226839,0.6427075517155132,2.1095245571459758e-07,0.0,265.31952343956897,5.5943394742779814e-05,1.0701214849994634e-06
1985-01-04,-0.003983191219763568,0.0004866933923656658,0.6280485393861818,0.0,0.0,267.81577267979054,-6.971997603521508e-05,8.583166959397204e-07
1985-01-05,-0.0033194880701054286,0.00048448894656984143,0.6124412407309322,0.0,0.0,267.5899666356951,-0.0001357770866930148,1.2993811537853617e-06
1985-01-06,-0.004045337228114996,0.0004822876998933695,0.5998493776483051,0.0002563506112260334,0.0,265.026387004529,-0.00025813031078731946,0.00025984990536709394
1985-01-07,-0.0023126054113194097,0.0004800997548184153,0.5890915577919021,1.0515000187071032e-06,0.0,262.83747618077166,-9.930334290710547e-05,1.8943433142879461e-06
1985-01-08,-0.0009386163562704616,0.000477928310464331,0.588473849826389,0.0027110876757546333,0.0,263.0675909936765,-6.116145306219489e-05,0.0027152689668418326
1985-01-09,-0.0020495993269365386,0.00047576351691100557,0.6195484455920434,0.0015874328039123516,0.0,261.5775577667294,-0.00015441348281620588,0.0015929897956510307
1985-01-10,-0.001173843603349675,0.0004735854217561625,0.627339106270598,0.002670764881002028,0.0,260.52594449605425,-9.582359028064598e-05,0.0026751901469766757
1985-01-11,-0.00346947250898275,0.000471436329143869,0.650548098002001,0.0005675809573655749,0.0,257.0074783476059,-0.0001889462082904611,0.000572829849302432
1985-01-12,-0.0024200188322255844,0.00046929708645168677,0.6437162984786959,1.0143102562360172e-06,0.0,257.8871597821654,-0.00010368895669609816,1.0159729564257262e-06
1985-01-13,-0.004081121651129534,0.00046716116915988386,0.6348812584598634,0.0,0.0,263.6086628657052,-0.00014524728501752273,8.64261664901278e-07
1985-01-14,-0.0037943701875411857,0.00046503522806921925,0.6251466682850754,0.0,0.0,262.9359397205705,-9.437970354058649e-05,2.5736426323419437e-06
1985-01-15,-0.0026622011331515127,0.00046292326207888335,0.6212199582891951,0.003912544561981482,0.0,265.3883921089819,-0.00018237294408224398,0.003916006769098288
1985-01-16,-0.0032853198337689637,0.00046083112220979684,0.6799153186058146,0.004704105441516402,0.0,262.8944891015464,-0.0002373321834257094,0.004707562216257646
1985-01-17,-0.003574171014088022,0.000458735783221358,0.6760975753295669,0.0003361118967923741,0.0,267.50402766297765,-0.0001687511780672828,0.00033868830735815403
1985-01-18,-0.0026377287119795376,0.00045665189371270646,0.696146991966808,0.0076024915160095635,0.0,266.226503020177,-0.0001782597973942757,0.007646472087804156
1985-01-19,-0.0014152688074246637,0.00045456295296297236,0.7503864410457863,0.0065312647802681575,0.0,262.5067663821348,-0.0003115630229819293,0.006537805202888284
1985-01-20,-0.0027768843423175275,0.0004525205678185501,0.7918381628119116,0.0004785448775789832,0.0,254.79635681181082,-0.00017238358867033727,0.00047981606020216204
1985-01-21,-0.0030415642396204893,0.0004504465282300098,0.7824297831332392,0.00013291781063133715,0.0,256.49924752761643,-8.935443951753573e-05,0.00013462938157852088
1985-01-22,-0.0027028694327941726,0.00044839909184450486,0.771999782986111,0.0,0.0,257.0149421081256,-7.818520363778045e-05,8.553266184208042e-07
1985-01-23,-0.0035502136932254514,0.0004463681561798699,0.7618364524482111,0.00014485376702863618,0.0,261.7045653786812,-3.1040486811244555e-05,0.00014789754392961836
1985-01-24,-0.0035768042260644127,0.00044437367363838154,0.7494933277424671,0.0004979449055962644,0.0,265.7560229436153,-6.155820700240001e-05,0.0005044400686529116
1985-01-25,-0.004604544132779547,0.0004423227855714701,0.7308931224988231,3.038321511220124e-06,0.0,266.43321369192694,-0.00012442418032110076,4.3510920754747305e-06
1985-01-26,-0.004241581437951427,0.0004403001002672702,0.7127885549081923,1.186029301524836e-05,0.0,265.54775255637884,-0.00016794996178251203,1.3427242675393222e-05
1985-01-27,-0.0036192195395291864,0.00043830056648469924,0.6993401306497176,2.072271654161356e-07,0.0,260.4786700591754,-0.0001320491287078561,2.3501079057737607e-06
1985-01-28,-0.0014432562188913592,0.00043630928306256315,0.695409052789548,0.0017135377320866131,0.0,260.965230061734,-7.222858020814799e-05,0.0017186834528498797
1985-01-29,-0.0013089308378386633,0.00043433290080162096,0.7437845291166432,0.0052887535953925835,0.0,257.9445996760424,-0.00023101462777388302,0.005292519755690428
1985-01-30,-0.0014953278636528275,0.0004323796700623076,0.857968317811323,0.003913967664969169,0.0,247.0642188012937,-0.00021693157295217622,0.003917664794598596
1985-01-31,-0.0006999524131333088,0.0004303966370006066,0.8715755943973634,0.00029668464499004815,0.0,243.23883934523877,-4.0903829543267267e-05,0.0003017049387000238
1985-02-01,-0.0008691119524718679,0.0004284532561814044,0.8712928326565443,0.0001314884567328092,0.0,243.10284671316492,-1.7649720365044762e-05,0.00013492954305880468
1985-02-02,-0.0009405566642513383,0.00042652317696371993,0.8667107131297082,5.964964291470199e-05,0.0,244.27389216737333,-1.274756455825547e-05,6.506097846446046e-05
1985-02-03,-0.0008343436286947822,0.0004245864469452767,0.8631226275600283,0.0002985140150886471,0.0,245.78409801993217,-3.258660856613332e-06,0.00030151413647549276
1985-02-04,-0.0015681803563220354,0.00042266461808802727,0.868662228916549,0.0006034286471746737,0.0,248.6651544014164,-4.189556706591515e-05,0.0006065704252343218
1985-02-05,-0.0015745266514309384,0.00042075928995164775,0.8642065475665018,0.0004109203562898151,0.0,251.01279345295075,-2.0374312449646534e-05,0.00041386082681979156
1985-02-06,-0.0019121922678866632,0.00041887046253613836,0.869151889492114,0.0007877639878941121,0.0,253.50952634075043,-6.256606114112725e-05,0.0007920423247469445
1985-02-07,-0.0029384547286787953,0.00041698003556095274,0.8632895259533899,0.00010515094897841332,0.0,254.83561979893688,-4.8505384369758566e-05,0.00010582196004822766
1985-02-08,-0.004236373776769908,0.00041509785894620226,0.8492250029425612,5.630254324546642e-05,0.0,263.60892168321635,-5.112548942788173e-05,6.0513964390340936e-05
1985-02-09,-0.00427363661386199,0.0004132345823918359,0.8702700627501178,0.004543774461342117,0.0,261.8777870637998,-0.00031711183235806937,0.004547207047809709
1985-02-10,-0.003006688282314667,0.000411382208099473,0.8761719669550377,0.0012250381842844906,0.0,257.4357368160327,-0.00020528643649850192,0.0012295073096182713
1985-02-11,-0.0042739920949531815,0.0004095255823458656,0.8778678477371705,8.059949693033251e-05,0.0,258.6251443586331,-0.00013509909438211366,8.37278714707821e-05
1985-02-12,-0.002800634057171601,0.0004076979591348077,0.8623819297316385,0.0014032073697801365,0.0,265.4570586964236,4.185142658524594e-06,0.001408777364857776
1985-02-13,-0.005866735415943599,0.0004058703359237499,0.8733891776277072,0.0030116517370366784,0.0,263.31282506465016,-0.0004287562359355938,0.0030423784735665142
1985-02-14,-0.005627357437785736,0.00040403606191193324,0.8615359433851225,-3.725290298461914e-09,0.0,263.0028505594717,-0.00016506556105815758,8.52982516579106e-07
1985-02-15,-0.007449209690093994,0.00040222333986206926,0.8392242029337335,3.0279896185222992e-05,0.0,269.77289227487455,-0.00028695702805357466,4.140680792499397e-05
1985-02-16,-0.005986877080410888,0.0004004255189733991,0.82694958473105,0.002681668111159977,0.0,264.4300633913604,-0.000558919236484894,0.0026855487270080435
1985-02-17,-0.0055790300254767895,0.0003986242464033224,0.8222042450123588,8.65485540217599e-05,0.0,261.0693452623156,-0.00026420755890634777,8.997198205080387e-05
1985-02-18,-0.006214356102512381,0.0003968165755945411,0.8072728158839455,0.0001050486402996516,0.0,261.22823266210753,-0.00023012607763547684,0.00010834373487493093
1985-02-19,-0.009030311794604286,0.00039501530302446443,0.793551974826389,0.0,0.0,266.17055577926493,-0.0002790286737141636,8.52346317969932e-07
1985-02-20,-0.0055995165544041135,0.00039325553481861703,0.7776745582479991,0.0026789720743726204,0.0,267.4493708996674,-0.0003325892770189351,0.002682377221220631
1985-02-21,-0.006287241807091708,0.00039147421465081687,0.8354312875176555,0.006581528101768872,0.0,265.0215725225244,-0.00039098490724119095,0.006584957208268872
1985-02-22,-0.003047664497194991,0.00038970434396280414,0.8548770193326272,0.008284691110842646,0.0,265.816903597442,-0.0001793548801524491,0.008288369003662283
1985-02-23,-0.004910431591804419,0.0003879528261173917,0.8974446154808146,0.0004384272894953605,0.0,262.55061761672886,-0.0002564528778111194,0.00044257229957486233
1985-02-24,-0.005742907776670941,0.00038621435731144276,0.8777538234904662,9.892657820114309e-05,0.0,264.9575567981842,-0.00014808845553694472,0.00010292354943302378
1985-02-25,-0.004604292370505253,0.0003844460861831062,0.8691252225311913,0.002808779499119958,0.0,264.43045254795345,-0.00032871841100481274,0.0028247047951543668
1985-02-26,-0.004208756158244138,0.000382704418257805,0.8733500967366996,0.0005551355833050896,0.0,258.51942653979285,-0.0003055821062397149,0.0005591786682155308
1985-02-27,-0.006293859353846749,0.00038097579937196725,0.8625881389036018,3.703990898563364e-05,0.0,259.65056339989496,-0.00020868542188473343,3.930921261464114e-05
1985-02-28,-0.007135658824847918,0.0003792091278033068,0.8494762700829802,2.2435087268635377e-06,0.0,264.6803192418847,-0.0001099220461259454,3.1144267631787006e-06
1985-03-01,-0.007130484838606947,0.0003775020608794218,0.8353892180879238,0.0005719854922617896,0.0,267.87496900468676,-0.00022566481624956188,0.0005760790645077233
1985-03-02,-0.0026574881989403637,0.0003757883431547779,0.8350671455685029,0.004423275463661906,0.0,267.36630142341227,-0.0002779555480695714,0.004429590904049685
1985-03-03,-0.0023523048408287395,0.00037405147390850524,0.8921420282338749,0.007230149739879674,0.0,260.78720310807455,-0.00046204890277089374,0.007234376317960673
1985-03-04,-0.003921008505726939,0.00037235425690473135,0.954166620689148,0.0009230874099973905,0.0,255.55279645901842,-0.00021626789775271873,0.0009266025838822234
1985-03-05,-0.006514894381418067,0.0003706719410621514,0.9451964067649484,0.00015362440529516187,0.0,259.7420983072055,-0.00021512633831487538,0.000155231575405584
1985-03-06,-0.006237042741586933,0.0003690111771815241,0.931735798463983,0.0016124768782470186,0.0,263.52058537801105,-0.00025783169825198285,0.001761436631416776
1985-03-07,-0.008048214649750016,0.00036733206045829646,0.9400218669079567,0.0019117782344925875,0.0,261.8292289525551,-0.0005257375391021287,0.001939808436264237
1985-03-08,-0.007804880034452105,0.00036565639541647534,0.9284047272245765,0.0,0.0,261.25189510352646,-0.0003127094968564093,1.7106532368416083e-06
1985-03-09,-0.01057486387632661,0.0003640070810156354,0.9119976496292374,0.0,0.0,264.90161250629893,-0.00026054868716641333,2.5749205860847724e-06
1985-03-10,-0.010035680554344156,0.0003623628178558781,0.8926491602665961,2.2222703627947362e-05,0.0,268.62812559124217,-0.0003357072608113963,2.4408573416478075e-05
1985-03-11,-0.009064278023391121,0.0003607233533751493,0.8829308921109935,0.0019234517578688047,0.0,265.6394382412151,-0.0006464828005702482,0.0019409375674630828
1985-03-12,-0.00548769238978456,0.00035910556713740033,0.8826242220603814,0.0023430552186265506,0.0,265.2031722957805,-0.00028911425000698553,0.002359002314952861
1985-03-13,-0.007510984390132171,0.00035748765461862426,0.8832148032897835,1.646329959233602e-05,0.0,262.8757275978275,-0.00027260610486491254,1.6884084807018094e-05
1985-03-14,-0.011207639960582648,0.00035587971830098653,0.8679783133239172,7.031748523819918e-08,0.0,265.5218360060353,-0.00035929560429800707,1.359720883522893e-06
1985-03-15,-0.01100464320957324,0.0003542874829243806,0.851011689324388,1.048974398165773e-06,0.0,268.7813776953746,-0.0003702010496356393,1.4777913161402455e-06
1985-03-16,-0.010859565967220373,0.00035269604732761275,0.834482541416549,6.95724271785068e-07,0.0,267.2809743755506,-0.0003611262424685861,2.7059834206034784e-06
1985-03-17,-0.013519293844363109,0.00035112363807225633,0.81831960444621,0.0,0.0,269.7158292493802,-0.000475145381806934,2.139806667855737e-06
1985-03-18,-0.013770125217020176,0.0003495504290370618,0.8020847126588984,2.146331267168293e-05,0.0,270.17536415847235,-0.0005873362454822508,0.00010619499528210671
1985-03-19,-0.012004084716745689,0.0003480118210032835,0.7879781202183382,0.00020020753987091413,0.0,268.0482546668044,-0.0005134557989441743,0.00030314857102050187
1985-03-20,-0.012914396148953736,0.0003464452627688478,0.7770301833215632,2.8427879689103466e-05,0.0,268.535922695239,-0.000495929049990945,3.051863881741526e-05
1985-03-21,-0.014286238973760334,0.00034495135821865106,0.7645592411134652,4.1744592836347686e-05,0.0,268.398866333755,-0.0006733754712898853,0.00036488372390553104
1985-03-22,-0.011966843179053504,0.0003433946499043266,0.7943032474841103,0.006609650149857257,0.0,265.3352327113322,-0.0009571096812516957,0.0069101471348670925
1985-03-23,-0.01050385395012333,0.0003418610931116309,0.812453102930791,0.0005712993443012238,0.0,262.69839379836833,-0.0006525981855594506,0.0005748680301749607
1985-03-24,-0.013050175992782506,0.0003403522874002403,0.8043389904072505,6.3494100409039e-07,0.0,269.1169329569614,-0.0003977943432785697,1.9033436305015408e-06
1985-03-25,-0.02044606869671978,0.00033892808997698426,0.7887726117437619,3.2121810199177204e-05,0.0,272.801022592462,-0.0012097039002146425,0.0010982540522881555
1985-03-26,-0.006513296547582594,0.0003373828311424471,0.7985899614524482,0.00712510326740432,0.0,268.95607891908924,-0.0007074931636452676,0.0074794909862269665
1985-03-27,-0.009408469043545803,0.0003358838753511677,0.8257311804819915,0.00227947960381454,0.0,266.2437708112929,-0.0007071383928848525,0.0023966877305120265
1985-03-28,-0.009201904390491336,0.0003343966216017298,0.8296447868850048,0.0018029498767718082,0.0,261.63511779483434,-0.0008099265922765948,0.0018076934864475565
1985-03-29,-0.005575561296131652,0.0003329366445541382,0.8452166828507535,0.0009523945213374446,0.0,259.72746167658863,-0.00037023494556798783,0.0009587209440170809
1985-03-30,-0.009037648259246418,0.0003314923684475786,0.8469396903689972,0.00031399103881275586,0.0,259.9508159874523,-0.00031949221393314463,0.00031598975632543785
1985-03-31,-0.005871004219782555,0.0003300141648384138,0.8727896307821328,0.008830951347862933,0.0,265.8117872227383,-0.00017037247912695178,0.008850762789505312
1985-04-01,-0.009066049704107189,0.00032855831297103966,0.9125443223281544,0.0008991367820292543,0.0,268.3127258537853,-0.000255901682174812,0.0009134232492770179
1985-04-02,-0.015297525851740002,0.00032713386298572955,0.8944011336217043,5.913109092389123e-08,0.0,272.8973567948279,-0.0006269185019835915,5.501293042864021e-06
1985-04-03,-0.014144361103321875,0.0003257541164840009,0.8699309785487289,0.002737659140158508,0.0,271.853279383169,-0.0008966638154145016,0.0033737028635767658
1985-04-04,-0.008686372831379628,0.000324299864176303,0.905633901247646,0.008877837767372023,0.0,266.7412129885284,-0.0008126271804426349,0.008920580906269375
1985-04-05,-0.006600173053431645,0.00032290016527229784,0.9820765838335689,0.008749621146816319,0.0,264.8999225882263,-0.0004133069045883788,0.008765952115109712
1985-04-06,-0.008464182753347408,0.0003215204187705692,1.0448581961364172,0.005421201745837423,0.0,266.26869985433177,-0.0004977152056697398,0.005455291877358648
1985-04-07,-0.010444941577938318,0.00032010421914569403,1.03767995600871,1.5795946457965227e-05,0.0,264.2588070799402,-0.0005043205768290887,1.8472321284433535e-05
1985-04-08,-0.014165452770930901,0.0003187260722036416,1.0163266169373824,0.0,0.0,268.24422543197034,-0.00035047887871831154,4.251531890986371e-07
1985-04-09,-0.013815232463138925,0.0003174737853518987,0.9930783144273776,9.334571449096594e-05,0.0,272.35946416405864,-0.0004579170454440817,0.0017073002911093544
1985-04-10,-0.018775713603712073,0.00031693801704773124,0.9652711110375473,0.0,6.97951869102521e-05,273.1975159582221,-0.0008021102913018673,1.7296560486101953e-06
1985-04-11,-0.0206221357661452,0.00031498781705306754,0.928016676965631,0.0,2.57982246283084e-05,274.96881806468787,-0.0010558620916079667,8.702277796146518e-07
1985-04-12,-0.014952065665169625,0.0003133342932846587,0.9043895197004472,0.0020266679131378564,0.0,272.8928430093884,-0.0009253859982988929,0.0029379288500523747
1985-04-13,-0.017037154464735152,0.00031197264706347625,0.8862748370556732,1.7054989344656133e-05,0.0,272.14791469609895,-0.0009534153245431556,0.00012525102839502217
1985-04-14,-0.02076850498968599,0.00033377153051775057,0.8572377350370763,0.0,0.001694985176041975,274.8988868763667,-0.0008634335314065724,8.593077858165543e-07
1985-04-15,-0.019844807137203758,0.00033871139173453815,0.8207304356461865,0.0,0.002040338718284995,276.1451266876049,-0.0008937563052621939,0.00010179429404479636
1985-04-16,-0.021006411583410146,0.00041206980829185016,0.7827166828507534,0.0,0.006673015317337661,277.3269978719018,-0.0010292813665954408,0.0007299580479745811
1985-04-17,-0.024962378044923145,0.000378584120906679,0.7389276939147834,0.0,0.004340443149798335,277.4809999735342,-0.0014427082749914992,0.00022191104295547185
1985-04-18,-0.02108323536181854,0.00038535093183571337,0.702818329949388,0.0,0.004301331326954783,276.66247094867373,-0.0011936031692361428,0.0006005219264814304
1985-04-19,-0.010860700854810617,0.0003728529827742927,0.675551132518244,0.0005153125036234236,0.002277908331088427,274.42085507495256,-0.0007423111106042809,0.004289335965145359
1985-04-20,-0.021368182816747894,0.0003029791648778538,0.6621512145421375,6.695420055066125e-07,0.0,267.83414982222797,-0.002130257186748214,2.3916066421833355e-06
1985-04-21,-0.017648015276523637,0.0003018644401582621,0.6553927491613701,0.00015703014145463203,0.0,267.30236564966697,-0.0010927260437675116,0.00020497903124939415
1985-04-22,-0.01270444291291264,0.0003007845690021407,0.6519920219809322,0.0009107416716672608,0.0,268.13353857123025,-0.0006958112057487844,0.0009691638772313483
1985-04-23,-0.015430941546367387,0.00029974275052884207,0.6570217326536018,0.00035712150278064493,0.0,269.53587242887966,-0.0007611137820081522,0.0003592398207016685
1985-04-24,-0.017374240788026046,0.0002987573375809664,0.6755499830802731,0.004200307683924498,0.0,268.30323527851573,-0.0013100367965502928,0.0045563766394986676
1985-04-25,-0.013397902755414028,0.0002977437218703793,0.6816187856785547,0.0017141634124820519,0.0,265.91879190563486,-0.0007708504596083177,0.0017331773361286902
1985-04-26,-0.00821067308638729,0.00029676655928293866,0.7492898772216339,0.011329556062901761,0.0,266.82178312326783,-0.0005047275805793239,0.011373528168462278
1985-04-27,-0.015363797671714072,0.00029580589741636806,0.7925984010858051,0.0001134910531299936,0.0,270.7236040621828,-0.0003963299990121254,0.00011448016610698849
1985-04-28,-0.020552743584085993,0.0003268302833966617,0.775241427951389,0.0,0.001817651282427675,275.5561643841128,-0.0006961465765864163,1.726943310131901e-06
1985-04-29,-0.020104868979440572,0.0003757839654125063,0.7419920955449623,0.0,0.003892970139865822,276.8611583314598,-0.0007129112195412992,0.0011194190143560855
1985-04-30,-0.015311030849898603,0.0007055086099495323,0.7038098351430085,0.0,0.00766804864851095,275.802868625763,-0.00042665898168491105,0.002313298475168573
1985-05-01,-0.01990060415645104,0.0007401777189330193,0.6638029569061912,0.0,0.008712118880896918,276.63804246431914,-0.000539957840353419,0.00017498583434325812
1985-05-02,-0.024166450830502697,0.0007759017796166199,0.6204194896863231,0.0,0.008581143314555539,277.68036259365624,-0.0009650897634568188,1.7285345847994904e-06
1985-05-03,-0.020183940475943397,0.0010169766380288508,0.5772932666843221,0.0,0.010991979874460038,278.990323305579,-0.0007779274535717938,0.00018788892670397702
1985-05-04,-0.022931287601842723,0.00061198681761316,0.5343548618467514,1.7072310892202087e-05,0.005549894109115763,276.9496919736126,-0.0011453888310635158,0.000768818356873787
1985-05-05,-0.0210755560862816,0.0002946860372683423,0.5187903222840161,1.7137598183195474e-06,2.5056681390536034e-06,271.5236529801076,-0.0018294244204874093,3.4344707289761e-06
1985-05-06,-0.02229054756252106,0.0003153982303910336,0.5119520859080744,0.0,0.0006861743533005149,273.655213975637,-0.0010124303526797538,8.52346317969932e-07
1985-05-07,-0.024126963721493543,0.0007134074040051908,0.49448476672846053,0.0,0.006477078559708461,276.8149888205663,-0.0010500945845397854,0.0007896247724574029
1985-05-08,-0.02953873204309388,0.0008816506061176796,0.4563854957479991,0.0,0.01102331047088413,279.68061437445175,-0.0013056053006547993,3.2306054103980396e-05
1985-05-09,-0.02648269814454903,0.001171683355913324,0.417280236655485,0.0,0.009363455497949138,278.7551502256519,-0.0012651877056828326,0.00030691248212157005
1985-05-10,-0.01511823710075206,0.0026879420893340463,0.38257916409192566,1.8248218769407543e-05,0.009154325530017163,276.86426624650113,-0.0005221151152236314,0.005859772941088674
1985-05-11,-0.006713015548253464,0.0029182989718550345,0.4336298423522835,0.020840073625246685,0.00473574910965343,274.31031236451,-0.00017062060029829964,0.03416774245971928
1985-05-12,-0.010299232256951306,0.0004342128496385564,0.5079170988553438,0.006265867185794701,0.0,269.1335222204751,-0.0010105855868192718,0.006565250734060471
1985-05-13,-0.011422919351502327,0.0004770862685758516,0.5453634890683852,0.001846137503951283,0.0,267.78308052666443,-0.0007036012297464629,0.0019614143721260447
1985-05-14,-0.018217600713678676,0.0005358029893562619,0.5437126662547082,2.2941179531442243e-05,0.0008260759256653867,271.77636198629324,-0.0006047239642863894,0.00010808339153460373
1985-05-15,-0.02032403226962871,0.0006165609689755629,0.528297553628178,0.0,0.002705428938744432,274.0906267148178,-0.0007461051714453994,2.3702106338435132e-06
1985-05-16,-0.007133200133250933,0.0006364519986729164,0.5166601838365114,0.003263697364909501,0.001499732335408529,273.65180477853545,-0.00033876722899533936,0.0053319338351319745
1985-05-17,-0.007834026832028298,0.000767196386547412,0.5534941534987052,0.008039906368417256,0.0029984748801269107,273.8686251020701,-0.0003107982072032104,0.011784616011679249
1985-05-18,-0.010861876068142175,0.001390483588148645,0.5648501408751179,0.0010545061596032592,0.0035312155124831335,274.15307055040495,-0.00043953045950097556,0.0058320126290593985
1985-05-19,-0.01565328888637198,0.0012495085849600325,0.5445561238376884,0.0008099507224761834,0.005550849972303305,275.04722320786533,-0.0005516376619958609,0.0031678055302571447
1985-05-20,-0.020412729326951304,0.0019509256896326098,0.5092690677966102,0.0,0.008655568447995322,276.6929065143995,-0.0005996312188394999,0.001263469533292641
1985-05-21,-0.01936908171506925,0.0027378149709459077,0.46064577264300854,0.0,0.01200241147209022,277.4936615069259,-0.0003346780704408042,0.0008023789373153751
1985-05-22,-0.021112575369366147,0.003498131104108304,0.4096093474134887,0.0,0.011975308364562396,278.65126934159275,-0.0006943470456421712,0.0024307310580411468
1985-05-23,-0.019849857325944527,0.004259870298164713,0.36284423368349816,0.0,0.012265596475641608,279.0175661852131,-0.0006894031381708081,0.004021973545896455
1985-05-24,-0.024535769249423082,0.00328897790046735,0.3165338376147599,0.0,0.012265173202685718,280.9808068140752,-0.001062717646528772,0.00042120312566811083
1985-05-25,-0.02082501015083938,0.002927740414937338,0.2777713409251413,0.0,0.009412794800127968,281.3632198987483,-0.0010718466019478895,0.0003595985290348322
1985-05-26,-0.011706882151169965,0.0066988386508435175,0.24850710996351222,0.0,0.007980517264308231,279.2414685552852,-0.001088435793200792,0.00857384148997653
1985-05-27,-0.014314550296061459,0.0047771099765421985,0.22506777086275895,0.0,0.007892996577893274,278.5484767741403,-0.0011283835964435239,0.004247395433270066
1985-05-28,-0.01918958434782459,0.004182147861874036,0.20348178554613938,0.0,0.005531142702547171,279.51144854586903,-0.0014646886768987623,0.004338203008565526
1985-05-29,-0.02464400800102848,0.0033947987913411897,0.18588871785251881,0.0,0.004822645736279461,279.09496613410903,-0.0015980155854407004,0.0008431337815552511
1985-05-30,-0.02333601694659325,0.0029691379454176306,0.1753311300906309,0.0026466952331658813,0.0004804047234987809,275.48441660965455,-0.001721280290203243,0.004613294894310095
1985-05-31,-0.02522729547683802,0.0030238138417066156,0.18570641699034843,0.00030906622608502704,0.0016844564112229537,275.64545929544164,-0.001688229141093917,0.00042525221735246777
1985-06-01,-0.014741765493053503,0.003090040495166671,0.17589711334745767,0.00037491599381980246,0.001023422716195974,276.31775138337736,-0.0011447363527817916,0.0021552274118473032
1985-06-02,-0.014666232264648051,0.0032647908744165457,0.19348098553731172,0.004895526179149326,0.002167038093347334,275.7590726396234,-0.00153859176457265,0.0107390051725735
1985-06-03,-0.015162683013132065,0.0038219431867707256,0.1891859956155838,5.3531621809059625e-05,0.003107226185374341,276.1475486970891,-0.0012942660221103896,0.004105606583932372
1985-06-04,-0.014413938473510206,0.004193144918835096,0.17147867378766482,0.0,0.005657719858622147,277.7118979021206,-0.0013018578375126682,0.0025942606271647326
1985-06-05,-0.02166831127162707,0.0042392822813853035,0.1524030609992938,0.0,0.006068028677991556,279.70636545601536,-0.001206452632059822,0.0004935356257219944
1985-06-06,-0.025561226331918256,0.005908029395981697,0.1304331634004237,0.0,0.008606315816694734,281.7301599355292,-0.0014476097204675108,0.001377252942425514
1985-06-07,-0.031867097957996325,0.007847480433808883,0.10234388793255651,0.0,0.011234764114948318,284.5660283902271,-0.001672003081457763,3.507817441433646e-06
1985-06-08,-0.04453722290736808,0.008011333939045837,0.06866374617467044,0.0,0.010881500392310364,287.1046821285327,-0.0022769898260380592,0.0005506124873605085
1985-06-09,-0.024155366808007672,0.010596152584431535,0.04812926671374765,0.0,0.005421631711687746,280.68799502701415,-0.0024970475857877465,0.0062865563705128405
1985-06-10,-0.012414009894354872,0.008589299300969657,0.03723259475047081,0.000838706911788822,0.003482955113305884,278.1911517608413,-0.0024343775953613437,0.007247148193203538
1985-06-11,-0.01732194347906921,0.007787077692942432,0.035114410457862524,0.0008435580711075142,0.0014272968647843702,275.8630549508075,-0.002017127234215117,0.003052358068315323
1985-06-12,-0.025401615658722357,0.00701155652434139,0.032527255473163846,0.0,0.0030180787888623903,278.1010259782752,-0.0018887186770216893,2.5868412194540724e-06
1985-06-13,-0.02716580605776297,0.006506071252337957,0.02146092646539548,0.0,0.0029214539349415886,282.50201582324934,-0.0021829787894325743,0.00040946014197779324
1985-06-14,-0.02242499093214671,0.00605067206641375,0.013214858462806027,0.0,0.0022190874495075247,281.4574485750073,-0.002400603866215143,0.0027418241836293126
1985-06-15,-0.030462820693261207,0.005485324620527063,0.007682383621704332,0.0,0.0014213816931018725,282.5455226215715,-0.0023688350430568737,1.1194217972714578e-06
1985-06-16,-0.029912677777689058,0.005168066270607339,0.004235449034839925,0.0,0.0009330801960438658,283.77818125564954,-0.0024964690871410455,0.0007028080816646618
1985-06-17,-0.03080536719769408,0.004870845436376367,0.0025007172492937857,0.0,0.0003925961373889514,280.4937522478697,-0.0022822273105888046,1.4901161193847656e-08
1985-06-18,-0.030059851158810207,0.00461556791922467,0.00162208686440678,0.0,0.00024349019352325616,279.61302204455365,-0.002205231379570261,4.351138613856165e-07
1985-06-19,-0.03186507910321661,0.0043804456958663,0.0009687463217984936,0.0,0.00021784908353945635,282.82409842898846,-0.0026207340744424006,2.3393341274638423e-05
1985-06-20,-0.034262764336025646,0.004173995074579271,0.0005406956214689266,0.0,0.00013189047238247543,285.5463860901511,-0.00274668406631987,0.001575544341820701
1985-06-21,-0.024889164977827987,0.004067617621125475,0.0005406956214689266,9.055056814420022e-05,8.765294474397003e-05,280.1128234432242,-0.004125077724667256,0.009204373448114238
1985-06-22,-0.03461271074026992,0.0037632019674710636,0.000360463747645951,0.0,5.628025464418919e-05,282.4395901344141,-0.0026916619811186014,0.0
1985-06-23,-0.036560558371961455,0.0035965946097831947,-7.3453647229951e-24,0.0,3.3314050422549924e-05,285.28456737496765,-0.0029384214536281633,0.000976348516858085
1985-06-24,-0.03516173105960512,0.003437356507710818,-7.3453647229951e-24,0.0,1.6820338149528718e-05,286.85839870689955,-0.00283338356826265,0.001086371553905489
1985-06-25,-0.007483381672767597,0.003485539875461557,0.023646927598281547,0.010100679398424881,0.0009700568382349392,277.4309908620831,-0.0026151744733001556,0.02375057994398705
1985-06-26,-0.01064558011495461,0.003180175177795066,0.08725567546492469,0.007250736051865217,0.0007414712786337751,273.29107598126944,-0.001546142044040443,0.008696538000627842
1985-06-27,-0.020809036106039576,0.0031270326699240738,0.09280631142596517,0.0001659421723777965,0.004737224892876243,274.8985052162645,-0.0020960985582932244,0.0005200301995522119
1985-06-28,-0.02492227026466596,0.0030376867385907363,0.05551348612582393,0.0,0.005502328402915244,279.87796940417394,-0.002245951012450423,0.00020204256453668787
1985-06-29,-0.03003975462778814,0.002888451861796406,0.022459098399246705,0.0,0.0028675765556804207,283.46369602900216,-0.002580226193797791,0.00019666852238105488
1985-06-30,-0.03044423103164145,0.002781721410778283,0.007957099296727874,0.0,0.0012175439735927153,285.24284533771873,-0.0026141896023083545,0.0015356608198173237
1985-07-01,-0.02685025839482324,0.0027258509801606004,0.0023414051465395487,0.0,0.0003897909096068582,284.7018642389618,-0.0027966306434344438,0.004378472529198383
1985-07-02,-0.03190220879801249,0.002578041647787148,0.0005857535899246705,0.0,0.00011631175033790244,285.57824465290076,-0.0029583119887248276,0.0001640877416161086
1985-07-03,-0.03552286171138624,0.0025008476555010697,-7.3453647229951e-24,0.0,3.5843164738962206e-05,287.2960394160672,-0.002941657962687945,5.00871966461209e-05
1985-07-04,-0.035481371490632074,0.002437962482204545,-7.3453647229951e-24,0.0,9.26427080132867e-06,288.0493434970662,-0.003148269923772179,0.0009337362489027892
1985-07-05,-0.03771342375015809,0.002363721698017444,-7.3453647229951e-24,0.0,2.398602874939051e-06,288.4112453173334,-0.0030179662093267603,9.310888695048728e-05
1985-07-06,-0.03831019433541487,0.0022980348538544216,-7.3453647229951e-24,0.0,4.859504389897579e-07,289.19404948318976,-0.002809899064612254,2.0246887812637564e-05
1985-07-07,-0.03469866800442927,0.002236155719406861,-7.3453647229951e-24,0.0,1.2095617709186792e-07,289.17045833566095,-0.002578226628444963,6.293942358027735e-05
1985-07-08,-0.028856121887594968,0.0022698169374196545,-7.3453647229951e-24,0.0,2.8476371603497004e-08,288.11305624033326,-0.002841452483908605,0.007515131416910516
1985-07-09,-0.028697426667657955,0.002254252211522248,-7.3453647229951e-24,0.0,4.125180217505848e-09,287.33538689406805,-0.0028115384028119554,0.006248567535253784
1985-07-10,-0.030070935896897726,0.0020883948789478025,-7.3453647229951e-24,0.0,0.0,287.87233509631255,-0.0033691861314204454,0.0020858290119042462
1985-07-11,-0.030864037657524913,0.002033349063436864,-7.3453647229951e-24,0.0,0.0,288.98820316724186,-0.0028197447069536496,0.0017760951524243126
1985-07-12,-0.02176444767053518,0.002017891171288356,-7.3453647229951e-24,0.0,0.0,286.56753764179473,-0.002970692870012448,0.004881275463581416
1985-07-13,-0.025380500544935975,0.002201009604890468,-7.3453647229951e-24,0.0,0.0,285.0182478953216,-0.002566776990806316,0.0055512128578427454
1985-07-14,-0.018602006684588848,0.0022376890236375023,-7.3453647229951e-24,0.0,0.0,283.8728034060778,-0.0036772050194989496,0.013534740135489625
1985-07-15,-0.026969599732234655,0.0019024304077450167,-7.3453647229951e-24,0.0,0.0,284.93922232144746,-0.0034937107577751583,0.004560643030322931
1985-07-16,-0.030103251422192424,0.0018000544632895518,-7.3453647229951e-24,0.0,0.0,287.1589172600353,-0.0027042741355838753,0.0006662410839150349
1985-07-17,-0.021654979488943935,0.0018077445569011452,-7.3453647229951e-24,0.0,0.0,286.3909682221781,-0.00276231544755273,0.0043277564771792235
1985-07-18,-0.0170044111835081,0.0017501159576372913,-7.3453647229951e-24,0.0,0.0,284.3973278577269,-0.0024805748782588937,0.002819896115831121
1985-07-19,-0.02197357835405964,0.001775216500637895,-7.3453647229951e-24,0.0,0.0,284.2178720520939,-0.0029213238812688383,0.006165972861190811
1985-07-20,-0.029874180627744752,0.0016846728358565078,-7.3453647229951e-24,0.0,0.0,285.4026578662535,-0.0028877661979131108,0.0022811951945940654
1985-07-21,-0.03249497905289386,0.0016491098255760927,-7.3453647229951e-24,0.0,0.0,286.3879955852099,-0.003143754003748382,0.002172261436322967
1985-07-22,-0.03314714748307136,0.0016025851170221965,-7.3453647229951e-24,0.0,0.0,287.32833107267624,-0.003077884688762959,0.0005900058369178557
1985-07-23,-0.026478684891415184,0.0016048780437243188,-7.3453647229951e-24,0.0,0.0,287.6529105845593,-0.0025597694882396925,0.0034630954797519784
1985-07-24,-0.020718116671015318,0.001662798015411291,-7.3453647229951e-24,0.0,0.0,282.59471432098564,-0.004249927303674868,0.010119458982495007
1985-07-25,-0.03024261150151323,0.0015171987693862053,-7.3453647229951e-24,0.0,0.0,283.9083798187601,-0.0027267595405800872,0.00024393877981090988
1985-07-26,-0.03493595603158919,0.0014882139903677387,-7.3453647229951e-24,0.0,0.0,287.4613302593627,-0.002851741725189538,2.0144261232078062e-05
1985-07-27,-0.029885328674720508,0.0015140352612834868,-7.3453647229951e-24,0.0,0.0,287.2905034426242,-0.00264429333119911,0.004421787494319982
1985-07-28,-0.02748144838937932,0.002527361030632493,-7.3453647229951e-24,0.0,0.0,285.36554885045285,-0.0034722315126472273,0.00936235234899036
1985-07-29,-0.014616335978952507,0.003325158930094229,-7.3453647229951e-24,0.0,0.0,284.3130428544097,-0.003209813145426034,0.02224364581504084
1985-07-30,-0.010157721190802797,0.001961655788502451,-7.3453647229951e-24,0.0,0.0,282.21860288630774,-0.00243294585264672,0.009308419811341957
1985-07-31,-0.017569780644387176,0.0018465334581116502,-7.3453647229951e-24,0.0,0.0,282.82150226169165,-0.0027691648462734655,0.006611294124352646
1985-08-01,-0.031748341259646554,0.001377942030039211,-7.3453647229951e-24,0.0,0.0,285.89063731335426,-0.0027448182536215435,0.000999856500370543
1985-08-02,-0.03089707428957783,0.001412469620085032,-7.3453647229951e-24,0.0,0.0,286.8661995221442,-0.002935967644897558,0.004256508492135716
1985-08-03,-0.026101771215934537,0.0013593459701807485,-7.3453647229951e-24,0.0,0.0,281.25642103708844,-0.002134326729649878,0.0015734650320584898
1985-08-04,-0.023575908425500842,0.0013746440747363419,-7.3453647229951e-24,0.0,0.0,283.1130392717552,-0.002612451922758825,0.0028307071512465825
1985-08-05,-0.033424574523995824,0.0013164586603304762,-7.3453647229951e-24,0.0,0.0,286.20626561295967,-0.0024935406143382446,2.8599891284017238e-05
1985-08-06,-0.028605845856801267,0.0013072478064035966,-7.3453647229951e-24,0.0,0.0,284.8972889025557,-0.002416382170161285,0.0003951386072681863
1985-08-07,-0.03294281808838333,0.0012911184359405002,-7.3453647229951e-24,0.0,0.0,286.1850259999996,-0.002598528439799945,4.285397307732206e-05
1985-08-08,-0.039916666045700766,0.0012833135949689792,-7.3453647229951e-24,0.0,0.0,287.75846569327086,-0.002957030394151386,0.0006498828480914975
1985-08-09,-0.018347594697596663,0.0013446718622735665,0.008004686028719397,0.003155562900385615,0.0011056510173836672,279.92258921765114,-0.0032844612174956814,0.009144497220719494
1985-08-10,-0.03117079712913535,0.0012679180014604904,0.011618289121351225,0.0,0.0008842810083412181,281.82225637202436,-0.002483953290361133,3.439703505137004e-06
1985-08-11,-0.02439479214155068,0.001267580915305574,0.00565983256826742,0.0,0.0006255365297787608,282.54782965493075,-0.0020347621639148663,0.001419030070791497
1985-08-12,-0.01826013948789424,0.0012876126220670797,0.002488763094397364,0.0,0.00016034733356729065,277.31793215405025,-0.002565945403934535,0.0047851918252644725
1985-08-13,-0.01322500879144938,0.0012931291666408043,0.012027489038959512,0.004448858926356849,0.0008476744011297065,276.6388058491795,-0.002596432190535769,0.010030819161382088
1985-08-14,-0.018023685462730754,0.0012295742829640708,0.02297151784663371,0.0,0.001154492909120301,277.1443955875835,-0.001638903719304645,0.00040357338498665096
1985-08-15,-0.026205038157223314,0.001213296826949901,0.015228443900070622,0.0,0.0011133299140775274,280.38959640028787,-0.0020530021165387105,8.655854912831273e-07
1985-08-16,-0.02047765591723771,0.0012169962717314899,0.0072876666225282485,0.0,0.0007179408718300406,281.06742907378634,-0.0019825114684421464,0.0019569848216859633
1985-08-17,-0.020768926305285956,0.0011786257816573322,0.0037103857697740115,0.0,0.0003390362286298289,278.80676556531546,-0.0019113758926169349,0.00023495891672919362
1985-08-18,-0.029071878662890634,0.001164591665995323,0.001841399629237288,0.0,0.00019492200538936982,282.9917872369627,-0.002167831864313217,0.000282012019346308
1985-08-19,-0.02552156950120872,0.0011571939550550643,0.0005406956214689266,0.0,7.884797908492008e-05,284.3835913232491,-0.0022793853613363823,0.0009484485717020733
1985-08-20,-0.033200407095548126,0.0011448648016331561,2.2528984227871938e-05,0.0,2.6647917042344305e-05,285.1525385761441,-0.0024910118104626905,0.0008647331073750582
1985-08-21,-0.03298179279107832,0.001124490789100949,-7.3453647229951e-24,0.0,1.003571107225903e-05,286.7486372874057,-0.002395404571151666,0.00014129752492339075
1985-08-22,-0.026915884876655322,0.0011135878535987295,-7.3453647229951e-24,0.0,3.211400182233692e-06,283.48507811120675,-0.0019232830148463874,0.0003027194369188194
1985-08-23,-0.024539455518884177,0.0011118860062906298,-7.3453647229951e-24,0.0,1.4228188553772406e-06,280.38810564389564,-0.0022483211231686304,0.0012568471121922726
1985-08-24,-0.02893142027538375,0.0010880065166344079,-7.3453647229951e-24,0.0,7.413222459749987e-07,282.5521617537389,-0.002055907832448092,2.1388402728916844e-06
1985-08-25,-0.0317349229323662,0.0010759228535291167,-7.3453647229951e-24,0.0,2.77502556978646e-07,286.40059550513433,-0.0022376625361920756,8.583068797918258e-07
1985-08-26,-0.03332624938023293,0.0010638710974299978,-7.3453647229951e-24,0.0,8.422944505335922e-08,287.971592491854,-0.0022145182125817586,3.144894279329117e-05
1985-08-27,-0.027488667791509363,0.0010563021494170368,-7.3453647229951e-24,0.0,2.3319896331614692e-08,287.48606385125055,-0.0020980549144879574,0.000625305172413756
1985-08-28,-0.0309789712819676,0.0010708604155287233,-7.3453647229951e-24,0.0,2.062590108752924e-09,287.13331554434393,-0.0028696503795388735,0.0035586127620956184
1985-08-29,-0.03330862004373033,0.001028387139072526,-7.3453647229951e-24,0.0,0.0,286.16066778581694,-0.002128606162291799,2.5092803398198513e-05
1985-08-30,-0.032086476431054584,0.001016147729367186,-7.3453647229951e-24,0.0,0.0,287.67114420529816,-0.002067908891976553,8.52761218084197e-07
1985-08-31,-0.03423726575522774,0.001008967221793482,-7.3453647229951e-24,0.0,0.0,287.1878624177922,-0.0021491167793250355,0.0006996363857825796
1985-09-01,-0.026502925292246758,0.0010064715719492422,-7.3453647229951e-24,0.0,0.0,283.32597629812926,-0.002003440622892757,0.001537571910578812
1985-09-02,-0.016143100662420026,0.0010833114722354265,-7.3453647229951e-24,0.0,0.0,283.38098449132315,-0.0024964486874934646,0.00958173564490601
1985-09-03,-0.025256891540214845,0.0009708297623079376,-7.3453647229951e-24,0.0,0.0,281.76624111671237,-0.0018083264914441246,9.091698785341887e-06
1985-09-04,-0.025770356889161686,0.0009597177896122476,-7.3453647229951e-24,0.0,0.0,282.64553221650493,-0.0017941962759205176,5.4205911878865786e-05
1985-09-05,-0.03321956022311066,0.0009699559817879888,-7.3453647229951e-24,0.0,0.0,283.7252124815113,-0.0022406005169038723,0.0024364055549007894
1985-09-06,-0.032238096125045065,0.0009441473389749474,-7.3453647229951e-24,0.0,0.0,282.99112224758466,-0.0021483245868719903,0.0008811179863749788
1985-09-07,-0.03488978886671659,0.000928191647017743,-7.3453647229951e-24,0.0,0.0,283.7366660058835,-0.002000847626161778,0.00027367893574008813
1985-09-08,-0.020004086827827713,0.0009206294339928924,-7.3453647229951e-24,0.0,0.0,281.13755040788385,-0.0016289974989022239,0.0007468147128525426
1985-09-09,-0.022201841497151865,0.0009132568950706956,-7.3453647229951e-24,0.0,0.0,282.52757693145236,-0.0014874185198696995,0.0009293681306005986
1985-09-10,-0.02100438195264946,0.0009027950171023439,-7.3453647229951e-24,0.0,0.0,281.70954088976157,-0.0017948482490781337,0.0011129879344191254
1985-09-11,-0.021368153603736968,0.0009673409542794956,-7.3453647229951e-24,0.0,0.0,282.774295684757,-0.0020279995413065633,0.007477488389796456
1985-09-12,-0.023505416461976906,0.0009680109172217592,-7.3453647229951e-24,9.72932173033892e-07,1.3437353621768415e-07,279.5028210332838,-0.002396151586567278,0.008139134124992441
1985-09-13,-0.02477723414783424,0.0008646014888407822,-7.3453647229951e-24,0.0,1.856331097877632e-07,277.7106035631256,-0.0016131548442493723,1.3396604575546985e-06
1985-09-14,-0.02669486938054953,0.0008546529011537802,-7.3453647229951e-24,0.0,2.2459080663778017e-07,281.79672894235387,-0.0018165581096700354,1.2877753192697128e-06
1985-09-15,-0.028650255189777093,0.0008463472296289132,-7.3453647229951e-24,0.0,1.3587838512356e-07,283.1153614309997,-0.0017891922902505278,0.00022698913590382723
1985-09-16,-0.029458153003689935,0.000838980162884556,-7.3453647229951e-24,0.0,6.037285435671188e-08,281.3567654633028,-0.0017492752469613056,0.0005257355291291146
1985-09-17,-0.03470094548275242,0.0008547834757357669,-7.3453647229951e-24,0.0,2.6045461832466777e-08,280.8441197777872,-0.0019997632246738103,0.0027164300614088664
1985-09-18,-0.022286699569157964,0.0008270601599903431,-7.3453647229951e-24,0.0,1.8594881235542946e-08,280.18645091514804,-0.0013999382802153714,0.0011669943056310233
1985-09-19,-0.0037727298288695557,0.0010595618836623801,0.044329454669844635,0.01984024491939841,0.00012316917842727598,275.0024179038355,-0.0015440372076664269,0.037341161392533385
1985-09-20,-0.012090947037026034,0.0008511605572565802,0.12508482852224576,0.00016391287836651345,0.0032939109635555146,271.563806264414,-0.0010102442649882392,0.00017213754148090473
1985-09-21,-0.007420775033323106,0.0008649736811212229,0.09843602871939738,0.0010370606882760755,0.0029148426390973865,273.6494689409791,-0.0008650421570081496,0.002983997858920656
1985-09-22,-0.005467394230055944,0.0007936960391405612,0.15186006650188322,0.014949763351577824,4.063014172564792e-05,270.6745810679348,-0.0007458641062264389,0.01601864564750294
1985-09-23,-0.0042073846621028445,0.0007784151929920004,0.21113175501706688,0.0060973041348874905,0.0,264.8346187677761,-0.0005633124587057674,0.006110070175342467
1985-09-24,-0.0042419384765086205,0.0007722695163414303,0.24288405941031072,0.007591998551861716,7.665805560720843e-06,267.65388917653576,-0.0005407789879936284,0.007753890964545528
1985-09-25,-0.007052521416022953,0.0007658929137860314,0.3028739167696563,0.005779717959421503,0.0,268.43687080124676,-0.0007870695316943072,0.0058405780958158205
1985-09-26,-0.011946302012535139,0.0007890080664790958,0.30623464350871,6.523389516577209e-05,0.0019176804728932302,271.3464010852878,-0.0011661094534447638,6.986550018470166e-05
1985-09-27,-0.0038352672242175385,0.0007539491700587301,0.32212171536605466,0.01646114995250594,0.0,270.4079503599982,-0.0005899389553288957,0.01718198947472337
1985-09-28,-0.003091112031775006,0.0007480714617475951,0.4637717841484229,0.012155625674515795,0.0,263.3692579610649,-0.0004443119222161461,0.012163077559745937
1985-09-29,-0.003819804828045732,0.000742661582548066,0.5042699321739643,0.0038593774082633734,0.0,261.3780441715219,-0.00044928289065926765,0.0038633214383475526
1985-09-30,-0.007385889773314956,0.0007372932077127662,0.5134272745998117,0.0003815644373327999,0.0,262.00581871722375,-0.0006059943724655162,0.00038212285203448803
1985-10-01,-0.010920060851142905,0.0007318785298342086,0.4993728666431262,0.0,0.0,267.5609392751633,-0.000893838740464321,0.0
1985-10-02,-0.009804671767067777,0.0007264622523959747,0.4888624058380414,0.002390948476764442,0.0,272.240790067195,-0.0009488610413956776,0.002645457170045012
1985-10-03,-0.007208584476325473,0.0007211784858488095,0.49255922823975995,0.008224183177880649,0.0,270.8770919771069,-0.0008281930797012513,0.008765420401564474
1985-10-04,-0.007482191600368522,0.0007159969227462166,0.5284780153895952,0.0027903578544067127,0.0,266.44142758285034,-0.0008119007120024687,0.0028485152680540354
1985-10-05,-0.009962647563993595,0.0007109116699735999,0.5156836213365114,9.22777558450645e-07,0.0,269.787307071147,-0.0008515720860769521,1.7954130849460145e-06
1985-10-06,-0.011179630660404595,0.0007245020341064972,0.49021874264359705,0.0,0.001354096467885594,273.17534046927415,-0.0009862570944478956,0.0
1985-10-07,-0.0037425956820364053,0.0007245742668539791,0.46126302083333337,0.004022743784438419,0.0005429711003424757,273.32621672104085,-0.00048802930356587395,0.006156576605771706
1985-10-08,-0.002987866011043053,0.0006958645279124632,0.5168519100900424,0.006332810105240278,0.0,263.2773848136715,-0.0006796058772479074,0.006335492221546765
1985-10-09,-0.004984510483714821,0.0006911648532091562,0.5533746119497411,0.0017048822831636095,0.0,263.40349137760603,-0.0004753721877932549,0.001709452222355453
1985-10-10,-0.01032286890819248,0.000686432177064109,0.5456430323828861,0.0,0.0,268.2715307045342,-0.0007847768417691108,8.587733191234292e-07
1985-10-11,-0.010815022776355852,0.0006815704417094,0.528966296639595,0.0,0.0,270.64261570802967,-0.000855118109934074,-4.664570951717906e-10
1985-10-12,-0.004283783757417216,0.0006768430693674896,0.5160797176612524,0.005594624743118125,0.0,270.4687422987656,-0.00042562927040508245,0.006174360382550922
1985-10-13,-0.007906632571570617,0.0006722658030730857,0.5535286366378296,0.0015451248293205846,0.0,267.10780389070965,-0.0008226881950756924,0.0015521982010794624
1985-10-14,-0.0068984618463085205,0.0006676557878989958,0.541789196754355,3.811919083029537e-06,0.0,266.471781096665,-0.0005995555133637736,4.375721775205796e-06
1985-10-15,-0.008776115327231628,0.0006630540230853411,0.5285143376294728,3.5127719580116926e-05,0.0,271.6884798383983,-0.0007874285381308383,3.7909830259753105e-05
1985-10-16,-0.010204579954766958,0.0006736462230736254,0.5075069793873588,0.0,0.0011030717589760905,273.5272231559969,-0.0009019137649549602,1.2957759167875338e-06
1985-10-17,-0.010314851662533433,0.0006652315289287243,0.4852922515007063,1.6629948454388118e-06,0.0008145465836518228,272.65914974104885,-0.0009587089883658173,2.5267688465710874e-05
1985-10-18,-0.009590517371724555,0.0006690409223912126,0.46757757326977406,0.0,0.0013864752704982703,272.9397025889596,-0.0007960087603936762,1.7309228041995084e-06
1985-10-19,-0.010426917402757764,0.0006724764398262326,0.44817368099693977,0.0,0.0018907960104403525,273.7840265248904,-0.0009403352252086678,8.537110716133611e-07
1985-10-20,-0.011393037893004335,0.0006768306096394857,0.4259295274982345,0.0,0.0024322976205645307,274.4499570052728,-0.0009756350184732912,8.539435611965018e-07
1985-10-21,-0.010302657587716809,0.0006802761874629953,0.40341226753766485,0.0,0.00282491066908769,274.72673190201294,-0.0009920801546445676,-7.447056304954458e-10
1985-10-22,-0.012879668571854718,0.0006546632802419069,0.38784496932379947,0.004157884099052451,0.0007000175636198562,274.5184300309521,-0.001167373963247585,0.005074094783012531
1985-10-23,-0.009588715173093613,0.0006273598489114794,0.4055157390242467,0.003302415780260065,0.0,269.679903892474,-0.001112802511891403,0.0037740256094860422
1985-10-24,-0.009558185556177365,0.0006294957241096066,0.4180349576271187,0.00046002643845849124,0.0003798192861558354,271.27882522827264,-0.0009663840861054464,0.0005666602521553532
1985-10-25,-0.009187966164222546,0.0006596221257064303,0.4059936753325094,0.0,0.0024623715839648653,274.44301433886517,-0.0008091506532440753,4.261732087229575e-07
1985-10-26,-0.009102475340083495,0.0006336792882552928,0.38410998558145015,5.84386499588099e-06,0.0010960854190049199,273.84745624779305,-0.0008974575179781618,7.992610802943359e-06
1985-10-27,-0.008800330682326172,0.0006716465209163516,0.36663737898717047,0.0,0.0037192678931405997,274.7396834853006,-0.0007927990176499227,0.0
1985-10-28,-0.009461577371352137,0.000662460418070777,0.3425927458509887,0.0,0.0031810414866875795,275.65025356889,-0.0009157137398076598,3.2213039839968135e-05
1985-10-29,-0.0068970146657383385,0.0006137881743705879,0.32395345971633716,0.00047383238535142887,0.0005138166206704694,271.6781232873375,-0.000876620322423803,0.000537750073868254
1985-10-30,-0.009162871093399782,0.0006270673820527933,0.3152255473163842,0.0,0.0014891842706392041,273.8328483567175,-0.000963432940596578,8.52346317969932e-07
1985-10-31,-0.004421658982328103,0.000596621952487924,0.31096871873528725,0.004605495218334898,0.0,270.97799112927,-0.0006538262738093819,0.00481208098125404
1985-11-01,-0.0046732233321599365,0.0005933671011089605,0.34990547022128066,0.0008530208241131346,0.0,266.3221148474742,-0.0005150765159540931,0.0008596647487424542
1985-11-02,-0.005412628758425094,0.0005901778316767203,0.3657005870409605,0.005286255798770884,0.0,270.38683719599095,-0.0005592519291124101,0.005453542800832738
1985-11-03,-0.00596647095040413,0.0006025077427847911,0.3885348619938795,0.0013064452589063322,0.000889403598204171,272.0367245862713,-0.0006179565321759316,0.001351185798313442
1985-11-04,-0.007604896306654829,0.0005966208580523561,0.38022120703860646,8.31350094854495e-10,0.0007141327727480797,272.57074041779657,-0.0007739223823961566,1.7207313476319541e-06
1985-11-05,-0.006279227718458337,0.000580775788274862,0.3780002629914077,0.005096336689877645,0.0,272.1623316906716,-0.0008829957463562826,0.0054074508489512325
1985-11-06,-0.004913845894026891,0.0005777942090384705,0.4073058737199859,0.0016605894233884112,0.0,264.54706651073394,-0.0005557550075279791,0.0016747020225950555
1985-11-07,-0.004566934107050384,0.0005749004372095658,0.44407961283250946,0.007237874329258494,0.0,265.42483784878544,-0.0004726972399374186,0.007307049975324677
1985-11-08,-0.0021251162650894983,0.0005720149157410962,0.5132589968808852,0.0071589196637525405,0.0,265.974227585586,-0.00030903375081423317,0.007184616029518834
1985-11-09,-0.001560277605460862,0.0005692451518807708,0.5915182512358758,0.00421900293752972,0.0,262.1408056054412,-0.00024958728354866226,0.004225612164967158
1985-11-10,-0.002748352575436824,0.0005664886896219631,0.610331562279308,0.001045924816596306,0.0,258.0692636162997,-0.000321711529319906,0.001048328368209192
1985-11-11,-0.001456533953294916,0.0005637585780041366,0.613955510313677,0.0019231845261686942,0.0,262.09364285442115,-1.714489617421802e-05,0.001926265031523396
1985-11-12,-0.0026930602172673757,0.0005610566691490218,0.643391467308145,0.0026525022872423724,0.0,265.8107126131794,-0.0001273854967143576,0.002658441188305455
1985-11-13,-0.001343725385975703,0.0005583348078916302,0.637090708127354,0.0011657644378936897,0.0,265.03282018255607,-0.0001243123111162482,0.001167675802258189
1985-11-14,-0.005673481919671183,0.0005557106039618369,0.6313131731108758,7.052233411093891e-05,0.0,265.9293304199104,-0.00033539964549117175,7.294323811293973e-05
1985-11-15,-0.006254902035839814,0.00055296213950141,0.6172288797669492,0.0,0.0,268.46523551797236,-0.0003828268845455121,2.152414708689321e-06
1985-11-16,-0.004660368344541324,0.0005503046815678225,0.604196781941502,0.00013752382690623656,0.0,266.8436992810495,-0.0003068185448225609,0.00013752795208645408
1985-11-17,-0.0028096775466439415,0.0005476770259566227,0.610949270244821,0.0024065183591371205,0.0,265.81063196932985,-0.0002667834445581598,0.002431976955951135
1985-11-18,-0.0011271853315628182,0.0005451071228684679,0.6560056294874059,0.00804482770841674,0.0,262.6255931746489,-0.00026825297160842324,0.008048481589605415
1985-11-19,-0.0011930629863577376,0.0005425901736243297,0.7102430095780368,0.00039789137446274194,0.0,253.43000828658572,-0.0001639742772542151,0.00040170333142510584
1985-11-20,-0.0016369165505393081,0.0005400649740197565,0.7046100738582863,0.0001145090044891767,0.0,252.73587951732,-0.00012089286820363192,0.0001179876530317811
1985-11-21,-0.000690139072426295,0.0005375528234546469,0.7040845508180321,0.0011886958306455344,0.0,255.31278108068778,-4.050241899018908e-05,0.0011952744365362224
1985-11-22,-0.0012976224560522092,0.0005351053287753952,0.7200024276129944,0.0008454853195255086,0.0,252.15480383820903,-0.00012143024132918505,0.0008506602486598391
1985-11-23,-0.002052879476614591,0.0005326344300124606,0.7414157673463984,0.0012022107839584353,0.0,251.92769741338523,-0.0001797842251210563,0.0012062306626354168
1985-11-24,-0.0022677589776152274,0.0005301701820502847,0.7371016967543551,8.902012628350555e-06,0.0,254.09811788224908,-7.0491342642213e-05,1.2651052110424006e-05
1985-11-25,-0.000461181467872555,0.0005277373359701728,0.7442902818237994,0.002421962086763759,0.0,263.5429384299816,0.0001343655173724654,0.0024260258163236606
1985-11-26,-0.0021861027610504025,0.0005253143398101721,0.7380929720603814,0.00012201906344984886,0.0,259.05914200317613,-0.00023642041862516084,0.0001252982744275648
1985-11-27,-0.0026729426815011413,0.0005228846928494125,0.7267887093926555,0.000932397436624193,0.0,260.2439312836096,-0.0002098134113738766,0.0009365147789538108
1985-11-28,-0.0017546829530748272,0.000520488047330393,0.7314788760887477,0.0008526803809875823,0.0,258.06335890315574,-0.00017052331129036383,0.0008567361741554103
1985-11-29,-0.0005262300877247827,0.0005181377048546312,0.7529471589571565,0.002650716652472814,0.0,258.72731970303926,-2.1046837844417519e-10,0.0026555510058914873
1985-11-30,-0.000247076827253999,0.0005157674099765928,0.8071845390477873,0.004861365182925079,0.0,254.7860357963433,-0.00012452482629967274,0.004866608409863612
1985-12-01,-0.0007914587602776997,0.0005134633705440888,0.8420391765242468,0.0007623215179658879,0.0,250.7724894291937,-9.434005655979708e-05,0.0007653417391965618
1985-12-02,-0.0004804948460584307,0.0005111311283488733,0.8343478272863702,2.6716140367216985e-05,0.0,254.36573993014753,1.2009167822740845e-06,3.112695974689398e-05
1985-12-03,-0.00213338771445603,0.0005088417375155088,0.8198938746910313,0.000591310530395831,0.0,267.3569816366652,1.1507095505962266e-05,0.0006323947299555929
1985-12-04,-0.0038265068147142057,0.0005065209448000805,0.8047118680849811,0.0005818336444385981,0.0,263.4161213230054,-0.00033078779398047997,0.0005913988564564812
1985-12-05,-0.0027857302861698605,0.0005041951008435696,0.7858725797434087,0.0,0.0,266.00404989382645,-0.00013300773324602744,8.463858875984442e-07
1985-12-06,-0.004267259716650861,0.0005019022583287988,0.7653266059027779,2.6939468363584103e-05,0.0,268.8710477904412,-0.00021363680098353136,2.8677343512281578e-05
1985-12-07,-0.002446052255266804,0.0004995780139319641,0.7498611478931262,0.0014470613608926033,0.0,266.4696448302763,-0.00019666015849275107,0.0014605372638002493
1985-12-08,-0.0009679354853549247,0.0004973330740201271,0.7430629119585688,0.0011621919476379784,0.0,262.4925349535466,-9.915973507078356e-05,0.0011667025796437667
1985-12-09,-0.001978971863870567,0.000495111285629919,0.7687477930790962,0.002817083255382581,0.0,259.44903932273274,-0.0003070623829624074,0.002820264265933333
1985-12-10,-0.0008280862354289342,0.0004928844459986283,0.7766853519303203,0.0007272091415305597,0.0,253.8283325669456,-0.00016028829718713706,0.0007328940144812591
1985-12-11,-0.0017181525038460555,0.000490685809130049,0.777227426877354,8.072739856391304e-05,0.0,251.5954955867904,-8.73028095495903e-05,8.28733378142006e-05
1985-12-12,-0.0007846235892193466,0.0004885002213009334,0.7986658243585217,0.0035180974393914646,0.0,256.52338034060494,-1.2905421103798064e-05,0.003521110226874039
1985-12-13,-0.0008968255866718831,0.0004863279350733354,0.8552862192502354,0.002844149657225205,0.0,257.4151250512362,-4.1795136817431044e-05,0.002848850635922964
1985-12-14,-0.002003042458814416,0.00048415724840541346,0.8618382455714454,0.00013303390498888696,0.0,262.6035092563952,-5.610017263788288e-05,0.00013803228881862983
1985-12-15,-0.0019681102222641983,0.000481981510496409,0.8462776140978108,0.0009531155439083186,0.0,260.12716111580085,-6.50684775437339e-05,0.0009539752861874252
1985-12-16,-0.0023044439948211285,0.0004798289241090333,0.8646506903984228,0.0032753407492139247,0.0,263.4507051959999,-7.310895891176106e-05,0.0032787198104863124
1985-12-17,-0.0011370641279355282,0.00047769443800220387,0.8808140871439503,0.008618047660858618,0.0,265.04203941862465,-4.851943313401971e-05,0.008619894331457925
1985-12-18,-0.0023863781980202024,0.000475579904297651,0.9255938916107579,0.003855658242594725,0.0,265.79236765141314,-0.00016357859144103056,0.0038599820292585726
1985-12-19,-0.0028793407698809092,0.00047342706534822114,0.9418678642890772,0.007804276874173159,0.0,266.86720196136645,-0.0002827789992262415,0.007812908931538265
1985-12-20,-0.0032954100245809826,0.0004713322314838906,0.9407910707980227,0.000979923090692294,0.0,268.812409348856,-0.00018776363382736844,0.0009840682619938624
1985-12-21,-0.004086347117935871,0.00046923234637847737,0.9089006039606874,0.0,0.0,269.9479307472818,-0.0002557034683177027,2.154399105376468e-06
1985-12-22,-0.003518461844341903,0.0004670827065483999,0.8807375345750942,0.0,0.0,268.00208123704584,-0.00035331370887783296,4.4107436991680515e-07
1985-12-23,-0.003954781398261335,0.00046497457108255163,0.8635274596133474,0.002444652177519718,0.0,267.70382126486686,-0.0004095043671333184,0.002448391711954235
1985-12-24,-0.0028004156330884516,0.00046290103661811955,0.8650557523393362,0.0029177854711053067,0.0,263.7791753291186,-0.0002818625199340158,0.0029242799842249
1985-12-25,-0.00597543244139623,0.0004608754047566215,0.8700420142567092,0.0007401018661294281,0.0,267.6248832314702,-0.00041524937513184407,0.0007409704688160735
1985-12-26,-0.0059097061133654115,0.000458765417169043,0.8485921223958335,0.0,0.0,266.59161078099254,-0.000633294873023774,1.7218218317793799e-06
1985-12-27,-0.004521802236131356,0.0004567182333455921,0.8321726308704096,1.268551848029013e-05,0.0,258.76483592520106,-0.0005588587057792535,1.4663291796357767e-05
1985-12-28,-0.0026033575420325765,0.00045466439872138254,0.8219978059528013,0.0,0.0,260.9659765247123,-0.00013348202373685139,4.351138045421976e-07
1985-12-29,-0.002597120900948843,0.00045266671706054175,0.8130487416872647,0.0,0.0,264.8980743458491,-5.114424742211057e-05,8.642672923997452e-07
1985-12-30,-0.002970359293417742,0.0004506905873616537,0.8023550604696329,6.781004916476665e-05,0.0,264.58934267047664,-0.00020194159410262514,7.35475854221708e-05
1985-12-31,-0.0030794508207989276,0.0004487160572224418,0.792579780190678,3.952175210424736e-07,0.0,261.35266809768825,-0.00012621415073925494,2.1049531043853817e-06
1986-01-01,-0.0025604542786792175,0.00044675642824442373,0.7853302749087807,0.00018364656190414215,0.0,263.0381755397818,-6.58829585980561e-05,0.00019085966250861411
1986-01-02,-0.0043678885210031845,0.0004447983988260819,0.8025932240171847,0.0032985686708641593,0.0,262.31074290805395,-0.0003475465806527326,0.0033292157060822
1986-01-03,-0.0017141017873408433,0.00044287842209056276,0.8168285535104757,0.005873640841346677,0.0,261.84221450532675,-0.00012519931957378225,0.005878947907986825
1986-01-04,-0.002463513764284425,0.000440945143753526,0.8809214446504239,0.002069049804224133,0.0,257.44628735271107,-0.00022684238682695707,0.002073525035448667
1986-01-05,-0.0020804909494637094,0.00043904166773887676,0.8749988505620294,0.0,0.0,261.2129564626518,-4.6723801116485385e-05,8.635769788558159e-07
1986-01-06,-0.0012558345067299021,0.00043712648968238614,0.8864713909486819,0.006035267843701745,0.0,264.8436144345673,1.8503895755541528e-05,0.006038451834496105
1986-01-07,-0.003075231224466852,0.00043523286358784823,0.9173673640536723,0.00014100945686216408,0.0,263.2595470665539,-5.113058276264008e-05,0.00014855673767422015
1986-01-08,-0.003575076743707819,0.0004333506869730977,0.9021409891419492,0.0,0.0,267.04489111316633,-5.215466401334536e-05,0.0
1986-01-09,-0.0044086224867799185,0.00043149351400170624,0.8844681504531545,9.59789685610324e-05,0.0,269.70708734975693,-0.00019509695722895153,9.720625728322771e-05
1986-01-10,-0.003559684012569277,0.0004296129369466319,0.8695397098634652,0.0001799428025207951,0.0,269.0707970276166,3.944114271530324e-06,0.0001820956286762807
1986-01-11,-0.004976498163015829,0.00042778531373557406,0.8527627431291197,0.0,0.0,271.2963251843067,-0.00016056568924821703,7.023338395482295e-09
1986-01-12,-0.004942979600469946,0.00042593959024397,0.8369565917049201,0.0,0.0,267.3700289501758,-0.0001884713863669816,2.141011748335586e-06
1986-01-13,-0.005207891349738601,0.0004240837642702006,0.8239580574682205,0.0,0.0,269.85028327611434,-0.00018787674479565382,8.463858875984442e-07
1986-01-14,-0.005019392460416266,0.00042229259418228926,0.8117770035163606,0.0,0.0,268.6660391561505,-0.00012002637515128668,4.351138045421976e-07
1986-01-15,-0.004109387217605182,0.0004204764204510188,0.8003865330008241,0.0,0.0,269.17461961721074,-0.000218210320940799,8.52346317969932e-07
1986-01-16,-0.005346250483545208,0.0004186586471600721,0.7886029546992703,1.0660054993494758e-05,0.0,266.73010707934253,-0.0003704091081511503,1.4160346538407233e-05
1986-01-17,-0.003608406263556184,0.00041690207807357704,0.7869075336923259,0.0044493478443999755,0.0,267.93032234177525,-0.00018412836611607657,0.00463000279540957
1986-01-18,-0.004587654171690429,0.0004151024050631766,0.8036851900894538,0.00016415295964580473,0.0,265.25817421016944,-0.0003375962881718652,0.0001725274927485452
1986-01-19,-0.004506248117840223,0.00041332588357440497,0.7943981910604991,2.8126994095279673e-07,0.0,271.7488820027497,-0.00017909263129119822,1.9889429910303707e-06
1986-01-20,-0.0026697982839271853,0.000411594065569215,0.7863930452565914,0.005575506384931716,0.0,270.8960838353791,-0.0002464495893925597,0.005781793762451804
1986-01-21,-0.003323009627013557,0.0004098324452416372,0.8792393571239407,0.006817666445411532,0.0,262.5538397823126,-0.0004973546785991744,0.006825370741349721
1986-01-22,-0.00359117062920231,0.0004080756235930879,0.8844573457362288,7.29293978146914e-07,0.0,260.80317910691895,-0.0001405827217014496,1.4953525676666578e-06
1986-01-23,-0.001689513187623967,0.00040634540514757403,0.8769802517361113,0.0016745988300627909,0.0,266.2963393619056,1.0439336805020335e-06,0.001688392913154538
1986-01-24,-0.0032738370578841306,0.0004046399377833652,0.9075976010769775,0.005074002290681258,0.0,263.8496374679824,-0.00028699267613517364,0.005101795604334104
1986-01-25,-0.0037604724451646967,0.0004029195692579625,0.9215795944415022,0.0007417553478041613,0.0,259.98325821325153,-0.00029986183879907524,0.0007511078963707508
1986-01-26,-0.003459877045141102,0.0004012157014534299,0.9127700719456214,0.0,0.0,262.7907108443381,-7.489569864030612e-06,1.2926003094147398e-06
1986-01-27,-0.004772897283572936,0.0003995416359712849,0.9025704191678438,0.0,0.0,268.9675967796599,-3.6943188242319615e-05,4.2915701214951696e-07
1986-01-28,-0.004712345446907194,0.00039784761808686343,0.8911429367496468,0.0009799613538434952,0.0,270.5366986017892,-0.00019037051094790636,0.000983235980728979
1986-01-29,-0.004112023544513573,0.0003961669018039596,0.8847633261240584,0.0004723974540408722,0.0,267.4919936939822,-0.0002301746169052555,0.0004792806118895106
1986-01-30,-0.004630342715204099,0.00039451918696279585,0.8709822545168314,1.488878565319514e-05,0.0,271.2761325081863,-0.00015640498723013926,1.7455910558754446e-05
1986-01-31,-0.003046930467678329,0.0003928698725619559,0.8688488976430085,0.003954726466014561,0.0,271.02812198775416,-0.00019322313620882521,0.004040675879497868
1986-02-01,-0.004924194329539262,0.00039120885611927447,0.874274704640419,1.4724346709116706e-05,0.0,269.1812677329543,-0.00019134806290184713,2.0730538473521773e-05
1986-02-02,-0.005945843912787357,0.00038959759440125726,0.8655143780896893,0.0006630319028587666,0.0,268.82436175804355,-0.00026472155951847467,0.000703509350672502
1986-02-03,-0.002125510135612919,0.00038795307867944584,0.8583425748146187,0.0026211462872850018,0.0,266.9184675270555,-0.00018761884736812724,0.002627153929900598
1986-02-04,-0.002405316479462015,0.0003863367657203459,0.9124371947092752,0.006328688334610503,0.0,265.7377033089963,-0.0002525166561037807,0.006334811011185727
1986-02-05,-0.003421697155230464,0.00038472205232092217,0.9292481848075567,0.00046697757759336705,0.0,263.5336821389064,-0.00019486992498912378,0.0004721403120129253
1986-02-06,-0.001855875181276246,0.0003831296906632892,0.9369696493202686,0.0035587995613025414,0.0,261.17161469181156,-0.00028439366527028,0.0035607737522413358
1986-02-07,-0.0019664441124867585,0.00038154557936609124,0.9721346350488466,0.0012100320204166371,0.0,256.0085539198191,-0.00027847595218211243,0.0012121200897249663
1986-02-08,-0.001926585400508622,0.0003799638674084077,0.9815342789989406,0.0009868608861319764,0.0,253.13790892836292,-0.00021221880185402049,0.0009904849158046203
1986-02-09,-0.002490453085320144,0.00037839545705224166,0.9900743732344633,0.00030339210383636137,0.0,250.39676414820212,-0.0001587244171628171,0.00030660410385347354
1986-02-10,-0.001764303125904105,0.0003768435474169457,0.986902614097811,0.00021237543242125863,0.0,251.60034133350783,-4.995535890766457e-05,0.00021816442239145606
1986-02-11,-0.002245378822593366,0.0003752833874212147,0.9847336246468927,3.2974270272389646e-05,0.0,249.08310694074902,-8.798882070571016e-05,3.3404198159438545e-05
1986-02-12,-0.0037953012996474237,0.00037373972814635375,0.9799117323593457,1.2080884922695701e-07,0.0,252.27278894758496,-2.3047045125799664e-05,9.82095898019249e-07
1986-02-13,-0.001238683312289459,0.00037219766843116887,0.9847713262123352,0.0035435377625422293,0.0,260.1468265914199,4.5855787430105916e-05,0.003547738315604474
1986-02-14,-0.0035251396692405315,0.0003706689103175018,1.0858057744085454,0.0038879461333913325,0.0,261.619325278618,-3.191651408113329e-05,0.003893194646371421
1986-02-15,-0.005071590470392151,0.0003691649032851398,1.085798188117938,0.0025222908473957733,0.0,268.23036869501664,-7.2263954680855e-05,0.0030240880993766188
1986-02-16,-0.008674388383067935,0.0003675565881244207,1.0698561731255887,4.04901592071447e-05,0.0,269.31589210639567,-0.0005166288991432406,4.3159268567844767e-05
1986-02-17,-0.006879438619829168,0.0003660592318928174,1.0415898842102167,4.031698582536083e-05,0.0,268.65968454220877,-0.0004794856238752435,4.415611389655775e-05
1986-02-18,-0.008630790026847926,0.000364664584229895,1.0363022396568975,0.008091055151432922,0.0,270.76035869907304,-0.0004367585436014806,0.009641294755071568
1986-02-19,-0.006078245949610479,0.00036310417167210985,1.0618843610228341,0.007756987912843457,0.0,269.4838942188328,-0.000656680214497666,0.008221431539920873
1986-02-20,-0.0036207991888967616,0.00036157356143671246,1.1985410413724107,0.009571278646672515,0.0,263.36232284502796,-0.0003728606648701059,0.009574628903367424
1986-02-21,-0.005696541550806013,0.0003601076070871731,1.195052727018597,0.0006248526443532633,0.0,263.6894336456184,-0.0002757776002425932,0.0007693826983763808
1986-02-22,-0.005852576197877443,0.00035864485185698597,1.1879013837394068,0.0017178465038706354,0.0,264.92213644685046,-0.00023995870776937509,0.0017264758293789257
1986-02-23,-0.004730195648926127,0.0003571871478678817,1.193880070400777,0.0059356886661995605,0.0,267.2463093019475,-0.00024920677776727303,0.006086364960905765
1986-02-24,-0.009154338621150303,0.0003557310434384535,1.1946375500235407,0.0014703044152192478,0.0,272.6780808838523,-0.0001871734489239542,0.0015966423319799747
1986-02-25,-0.009901023938157465,0.0003542781381283777,1.1501963699829332,0.0,0.0,275.0529056376657,-0.00038845139413566914,6.616403894982837e-06
1986-02-26,-0.008143888354974952,0.00035288349046545516,1.112504459819327,0.003153160845829269,0.0,271.9971268720322,-0.0006953402248732115,0.003832289296069909
1986-02-27,-0.00826788226426658,0.000351412232312779,1.105211735669727,0.001131150071735436,0.0,266.48833174624684,-0.000766919178646163,0.0011468316161607757
1986-02-28,-0.008875464189187282,0.0003499941805661735,1.0875839549493882,6.659219493973727e-08,0.0,267.8736439828819,-0.0002479588055172883,1.796243672953677e-06
1986-03-01,-0.01152477190319428,0.0003485777283792442,1.070600549155485,0.0,0.0,271.364669059854,-0.00033972023507464406,0.0
1986-03-02,-0.006139610194217014,0.0003471977293154615,1.05477255840984,0.0025764527167640838,0.0,270.592390523792,-0.0002712892305295346,0.003113327089090875
1986-03-03,-0.008534559506480978,0.00034576797552701445,1.0537569150188324,3.6340606751415015e-05,0.0,269.25374829926284,-0.00033791098049131495,5.530829610578709e-05
1986-03-04,-0.011173031424398476,0.0003443978263833429,1.037165927348164,0.0,0.0,271.46456674981704,-0.00045221500456501536,0.0
1986-03-05,-0.0106403028308335,0.00034298802499717237,1.0422009254354991,0.0038811402490078395,0.0,269.20425365469555,-0.0007170756836816416,0.003994694200612731
1986-03-06,-0.008434178128754351,0.0003416426269348059,1.0350546396833804,8.462302092104983e-06,0.0,269.39223727712977,-0.00034702944932347643,9.745292009078048e-06
1986-03-07,-0.009670021843775519,0.0003402807281515693,1.021673112714807,0.00011833365690910213,0.0,271.5943425747859,-0.00037612807068784364,0.00023442615483031535
1986-03-08,-0.006923992755049367,0.0003389470321310442,1.0078892824564503,0.002090683217439275,0.0,272.8230438304262,-0.00040941045088114717,0.0026860937560345497
1986-03-09,-0.006297172252404488,0.0003375569305850961,1.0071400787870763,0.0034070535231444797,0.0,271.6350408758821,-0.0006111762881026429,0.0037072289629162506
1986-03-10,-0.008439177973458997,0.00033624133484511727,1.040511711393597,0.0040311163638607934,0.0,267.94640255872366,-0.0007189852106621711,0.004154938427485174
1986-03-11,-0.007676725586255392,0.00033487438482079804,1.0340309502265774,0.0024544968569682815,0.0,266.86124932743513,-0.0003631847600142161,0.0025435517554145185
1986-03-12,-0.006956304744475307,0.000333540688800273,1.050878032677142,0.002349084737779057,0.0,267.55725209008057,-0.00023723792516242316,0.0024186474549567254
1986-03-13,-0.0038226146650853134,0.0003322101918991003,1.0744389823152074,0.004547938893912202,0.0,267.26705687643226,-0.00021247994049457508,0.004646727118886918
1986-03-14,-0.006209728576369205,0.00033088289411727995,1.0984318907427026,0.0036540728504374878,0.0,266.30145399449236,-0.00033149237370928803,0.003664302036051385
1986-03-15,-0.005375938858352812,0.0003295872507795776,1.1124794020715632,0.0018290649404970266,0.0,265.03224387590944,-0.0003535744055347928,0.0018347334053393375
1986-03-16,-0.009220420177710258,0.0003282650042388399,1.115515297640066,0.00019245125395430008,0.0,264.1620500891447,-0.0003942877454104397,0.00019432405626200003
1986-03-17,-0.004437616863156443,0.0003269725600204899,1.1123136531161724,0.00467835450913273,0.0,266.4019901756962,-0.00016105427054193734,0.0047015630760995145
1986-03-18,-0.0074281628943432525,0.00032564366267899336,1.1724635122410547,0.005712738818367997,0.0,264.2667230042136,-0.0005931380904663755,0.0057264423634077796
1986-03-19,-0.0033894475065382188,0.00032435121846064336,1.240296444650424,0.011580297860216962,0.0,263.12198425910793,-0.00023589796770763936,0.011586072371142302
1986-03-20,-0.00747542651528019,0.0003230372222803407,1.3239065626471282,0.001661834827924179,0.0,265.51396538398586,-0.00019405695404541695,0.0016693259812393599
1986-03-21,-0.013228453653680403,0.00032176287834253695,1.3008957340218927,0.0,0.0,270.388420388748,-0.00038429105517554424,1.2747826190206979e-06
1986-03-22,-0.011371369331569996,0.0003204422313614754,1.2781350230991055,0.0033152791234733023,0.0,271.391715435883,-0.0006864883615977347,0.0033459087549629857
1986-03-23,-0.012415399238214653,0.00031915298626247773,1.2670397282544728,0.0001881947835623208,0.0,270.13770489953106,-0.0005638943827253277,0.00019130738200863687
1986-03-24,-0.015131633413040033,0.000317886892685109,1.2370345695768599,0.0,0.0,273.48556100087427,-0.0007079784984642504,0.0001480181505774911
1986-03-25,-0.015184436224948215,0.0003166042983868702,1.215519159751648,0.0032737196165289585,0.0,269.608238155559,-0.0013868926503395633,0.0034478603951675073
1986-03-26,-0.012996555469130392,0.00031531320116614224,1.2145189188294494,0.0009130629063662838,0.0,267.99406318161675,-0.0005531842309960538,0.000915005626028762
1986-03-27,-0.01654339695380906,0.00031402075694779224,1.196276188794727,0.0,0.0,273.19104139683617,-0.0005457698036048372,2.573117292530116e-06
1986-03-28,-0.01870027449676546,0.0003128041655330335,1.1713131547198683,0.0,0.0,275.7863003861882,-0.0007622942780960079,4.4107436991680515e-07
1986-03-29,-0.01942373509124174,0.00031151492043403583,1.1352725271451272,0.0,0.0,275.60212995956624,-0.0010510557988858491,4.351138045421976e-07
1986-03-30,-0.01897316455504315,0.0003187410575521868,1.0989921268096752,0.0,0.0006325209965813632,275.55016044932796,-0.0010345322421967647,1.284479992591514e-06
1986-03-31,-0.013371784345241592,0.00031230560803817496,1.0829910307056265,0.0053545669310510495,0.00024432396400446275,272.00947196874245,-0.0014295993941062588,0.005537959425593873
1986-04-01,-0.01669205641005672,0.00030779594418692724,1.0960486460540255,2.7391196644238836e-06,0.0,270.3638397152141,-0.0009510872654069616,4.4561879547031025e-06
1986-04-02,-0.008934341960370877,0.00030662590837748037,1.0870165923669963,0.0015379997170240866,0.0,271.6128345424846,-0.0006202739100419196,0.002349990126588516
1986-04-03,-0.005940318739010117,0.00030534466107686364,1.127594511387712,0.008142184823919825,0.0,267.19203476627445,-0.000678760446818535,0.008165398705894
1986-04-04,-0.004022739069946742,0.00030411821974199373,1.1445103302289312,0.002020378234022755,0.0,267.7913729924491,-0.00017638092513306666,0.0020390708061585184
1986-04-05,-0.011130652774525228,0.0003029165294884289,1.146564835657957,0.0006031116817967366,0.0,270.9660358859995,-0.00035365321541910123,0.0006795717834298086
1986-04-06,-0.01742017967889538,0.00030171989047594666,1.1323338740289548,0.0,0.0,272.03574420907404,-0.0007553663957169501,4.351138045421976e-07
1986-04-07,-0.01607631424726066,0.0003005977572694337,1.1141424089277308,0.0,0.0,273.85558506593867,-0.0006518403783777341,0.0011972176901294761
1986-04-08,-0.01264109487755824,0.0003272060115458602,1.1269043888300376,0.006332093270990134,0.0012716659802501486,273.88206814552206,-0.0006960665986026074,0.009339009637886522
1986-04-09,-0.010938093150402867,0.00031167091959613866,1.12320871586629,0.0009423074454574262,0.0008010190338064722,273.27786399999354,-0.000638925601954514,0.0018017996652646216
1986-04-10,-0.008469903452248224,0.00031922572413406805,1.1088540747116291,0.0024218182737207683,0.0006598033389802706,272.2374849481098,-0.0005182810338203517,0.00683266736009571
1986-04-11,-0.006572347323773271,0.0003000431309985576,1.1123856079331451,0.005500214732131042,9.610470237031494e-05,271.55724382490314,-0.0007242178176082461,0.006318701929874313
1986-04-12,-0.01538485360179244,0.00029477157161734204,1.1361842613435735,0.0009221494787156919,0.0,272.5353560546473,-0.0009621536032964954,0.00260057733894068
1986-04-13,-0.00832873035622182,0.0002935714809234533,1.1433829614671611,0.007704541129244249,0.0,269.69811379168664,-0.0011963230152588107,0.008471923292018527
1986-04-14,-0.010100164992661127,0.00029237644147064726,1.1759005616613702,0.0005013339516133239,0.0,262.33450443102595,-0.0007803049833003411,0.0005040419134935282
1986-04-15,-0.015912114100604408,0.00029127745978576317,1.1693243971427731,0.0,0.0,268.10300842471946,-0.00042820610316459746,8.612871056357108e-07
1986-04-16,-0.015941906110041558,0.00029026123426728335,1.1588934774452684,3.9830888058506164e-05,0.0,273.27348067217184,-0.0007101140579598098,0.0015275316217175175
1986-04-17,-0.006690781037349487,0.0002890810959756711,1.1552541269420906,0.00411071180034492,0.0,270.52039586442567,-0.0006669877086487194,0.004462544334860584
1986-04-18,-0.014578922025564702,0.00028799516333025057,1.1669841414342044,0.0009970060512844454,0.0,267.79184852930564,-0.0011746097503408874,0.001043694721996201
1986-04-19,-0.011375377870212167,0.0002869211852887256,1.1693177304025426,0.0016121424018999953,0.0,267.87964760157126,-0.0006164158825988824,0.001768280162125547
1986-04-20,-0.007640439701282374,0.00028597121521578,1.171856379104873,0.0022442427563802003,0.0,272.0557959102193,-0.0002002380998794642,0.003994404019359513
1986-04-21,-0.010179566377300327,0.00034595024114274713,1.1661696496880887,0.00029743058701693,0.0034949562307131496,275.09221378692797,-0.00013742744291232804,0.004752850818802839
1986-04-22,-0.019800088457805287,0.0004051890076890503,1.1278462383033192,0.0,0.0079602688172106,277.1455145438961,-0.0006107223025486296,0.00010426758994865741
1986-04-23,-0.01158555268736209,0.0007211385810442564,1.0859276148334511,0.001977644881791314,0.005779393796025023,275.9730944732264,-0.0005036853148607211,0.007748461729168562
1986-04-24,-0.010866407115580673,0.0003365384320081291,1.0993387973016715,0.006193326944011754,0.001406832877020378,273.4534682221781,-0.0007896337100425684,0.009735440477198536
1986-04-25,-0.01284155847325837,0.0002847870359313017,1.1322895057232814,0.006608736338251728,0.00011210549770101991,272.3728233811546,-0.0010497330630061317,0.007216926562743235
1986-04-26,-0.005050379088369467,0.0002803171085099043,1.179395082980226,0.01421917410893629,0.0,271.50469115449437,-0.0006112571447919318,0.0160285029422471
1986-04-27,-0.011763711559907191,0.00027938523871750485,1.2579902031102874,0.0031990088143591154,0.0,269.2029156550176,-0.0009450141161596034,0.003324213967259458
1986-04-28,-0.013053210904705997,0.0002787537493948209,1.2503770156544258,0.001744553215254498,0.0,270.5369409284574,-0.0006396966896909105,0.002353001987764445
1986-04-29,-0.016611808437412067,0.00027814701115344207,1.2462627173817091,0.0006620690521210601,0.0,271.6668808213286,-0.000826067633211276,0.0017102946110703595
1986-04-30,-0.013999302255905283,0.0002773928608598009,1.234976845721516,9.819865226745605e-05,0.0,268.5177774159922,-0.0011585580111391801,0.00010290609397587125
1986-05-01,-0.01940657871927919,0.0002768159249408097,1.2231079791225286,0.0,0.0,271.8802842429354,-0.0006251470054273551,4.261732051702438e-07
1986-05-02,-0.02115418700932783,0.00031271795768522274,1.201295324638065,0.0,0.0020155794497600387,277.1544224008104,-0.0006656335761486475,1.4530235425585224e-05
1986-05-03,-0.027053720301995845,0.0005299949881720678,1.1564247145715632,0.0,0.009581418592209196,279.12938635587244,-0.0011275324149657105,4.256699562525017e-07
1986-05-04,-0.02844933226788785,0.0007541964283097262,1.103808271907368,0.0,0.011115656586858513,279.3881005791846,-0.0013382256052083216,0.0004451105144526237
1986-05-05,-0.016845266361021054,0.0003370411146832051,1.146878632223988,0.018722883683476747,0.0007322487226650541,272.1824242291927,-0.0014238921914902112,0.021504771743117084
1986-05-06,-0.01384334594516431,0.00027608214798620194,1.1853788271686676,0.0007803899335995906,0.0,270.1844531919548,-0.0010171866591619906,0.0009781840325748855
1986-05-07,-0.007431670897087809,0.00027745549624922587,1.2566492687735407,0.015509399980054062,0.0,271.81472094045523,-0.0004047481711469801,0.016770208302859274
1986-05-08,-0.004589162809027117,0.00027874078454270877,1.3420941196592517,0.015445422654771536,0.0,270.5448733184298,-0.0005304845165734911,0.015921313366515095
1986-05-09,-0.005202271633565763,0.000280245044137125,1.4024465097545904,0.006567415123605459,0.0,267.87453092514016,-0.0005785270915024698,0.006577435611938852
1986-05-10,-0.015511206356482317,0.00028173945381143,1.4238288146627827,0.0004054133459336341,0.0,270.28784067258096,-0.0005489806670927059,0.0004630976982709378
1986-05-11,-0.01750902078077618,0.0002835917439164415,1.3990742886358287,8.389860980928281e-05,0.0,273.46658565140496,-0.0007668982791361837,0.003230600571558654
1986-05-12,-0.016823001584764255,0.00028481102932644426,1.3703746616054615,0.00019603673010896153,0.0,270.60482606690266,-0.0013636630291571725,0.0003050402768338754
1986-05-13,-0.01865713049968084,0.000286287086158149,1.3517280190677967,8.169698428972968e-05,0.0,271.79914369241897,-0.0008726542563004009,9.483412160569666e-05
1986-05-14,-0.019142518861819124,0.00028784110047722945,1.349964091557792,0.005348143857077691,0.0,272.91635831915505,-0.0012180216894563983,0.006203255831858532
1986-05-15,-0.013771218179309435,0.0002891529919737477,1.3598152347428203,0.0012823460507864334,0.0,270.0946845792781,-0.0010034092886131362,0.0014732722675893364
1986-05-16,-0.010317282488117112,0.00029050133659341246,1.352604580464336,0.0016483556331887755,0.0,269.09891925244233,-0.0006382373493101639,0.001914924196946596
1986-05-17,-0.016050083278599435,0.00029180312560776533,1.3528432037870763,0.000279505879192029,0.0,271.0055270940347,-0.0005678522405819705,0.000302916489421205
1986-05-18,-0.01805357319318642,0.00029308681434157206,1.3323579202713045,3.861126589909785e-05,0.0,274.1482530223897,-0.0006880404396077335,0.0008034027280265206
1986-05-19,-0.018412200028950214,0.00040955925728641666,1.2989504252000943,0.0,0.00547606908416344,276.1669085191917,-0.0005049097462225769,0.0010273464992221469
1986-05-20,-0.02393071231363857,0.0011861970869161318,1.246780424243762,0.0,0.013592445728300658,278.3136454328979,-0.0006367299011198141,1.632185632096824e-05
1986-05-21,-0.027376022505558144,0.0014466006877058644,1.1844923806055792,0.0,0.014383263970162237,279.6199733748499,-0.0010516021274409055,6.972991192505604e-06
1986-05-22,-0.017518901597645326,0.00036468706225271285,1.1425151357991996,0.0031699362910736755,0.0020746220808244694,275.0076045091992,-0.0014224210806653998,0.004326702528075724
1986-05-23,-0.01485672058527079,0.000314559724371312,1.1853234242584747,0.006206445480133854,0.0,270.0707977352394,-0.0013886319715424448,0.00649873314593234
1986-05-24,-0.01666849582208752,0.0003248084399659755,1.1844923806055792,1.8652254915506825e-05,0.0,272.9588854155748,-0.00058210389109823,0.00013604448676782813
1986-05-25,-0.020190852678428264,0.00041255666374486724,1.1587192226488936,0.0,0.0030102163006020134,275.2821099448339,-0.0005613947550287355,8.585894306634145e-07
1986-05-26,-0.023595072497419045,0.0011986088281297415,1.1166716322387007,0.0,0.009575434828882165,276.88426861520543,-0.0006031414946425434,1.2814997489840607e-06
1986-05-27,-0.024793178011468575,0.0019027871937401554,1.0677481038871235,0.0,0.014285725388823257,278.3912670904185,-0.0006031352753019602,3.875516824791703e-06
1986-05-28,-0.02590388514227786,0.0025097614964522887,1.0121070301465396,0.0,0.016015813701738747,279.44209469868866,-0.0005711783144601994,2.5572344384272583e-06
1986-05-29,-0.025542017514422793,0.003108087232557394,0.9549459396333569,0.0,0.017158494199399896,279.69048192586376,-0.00047382372457765597,3.2322049814428986e-06
1986-05-30,-0.025890510129389793,0.0029927632734600435,0.8971788654219633,0.0,0.017917491411421932,280.4457349364143,-0.0004856526314959688,4.410743663640915e-07
1986-05-31,-0.026654022351159892,0.00393325443995201,0.8380959146215867,0.0,0.019863782860970097,281.02719290781835,-0.0004959322228017501,8.52346317969932e-07
1986-06-01,-0.01903374501540836,0.009774448928859949,0.776036149364407,0.0,0.02214770919859073,280.3705732341989,-1.1369501803554392e-06,0.00556299501123746
1986-06-02,-0.02050770406669143,0.009263438188423546,0.7095795539812854,0.0,0.026812410729247973,281.37571223487066,0.00015693947167719826,0.0008215703869943565
1986-06-03,-0.020478238746271298,0.013124987146275193,0.6415576539695151,0.0,0.024387053598118373,281.801408336661,5.421290268837396e-05,0.0039929129251864825
1986-06-04,-0.010332240139023733,0.011358631280182446,0.5747100197887242,0.0,0.023780062121186555,279.4510009392058,0.0005423269197765717,0.004823220264394728
1986-06-05,-0.0199189709741517,0.013900023564107002,0.5159771877942562,0.0,0.024813646334881166,280.954047772395,0.00012618918392786198,0.0004546226921824545
1986-06-06,-0.02221625390867729,0.017652645538755733,0.45609009018950103,0.0,0.019200939432544226,280.86562752948197,-0.0008237301293065993,0.00032771521027645815
1986-06-07,-0.022585860585088786,0.01134201185514698,0.411358562117467,0.0,0.014819554921429036,279.98365831105724,-0.0009139367289799082,0.0007943319903928681
1986-06-08,-0.017192058980801686,0.015181676984506813,0.3689833818855932,0.0,0.017432506054134694,280.73696568950646,-0.0005248829638217129,0.004855029596880566
1986-06-09,-0.006974667058152667,0.014218971975105632,0.3298121450535546,0.0,0.01199111632876477,278.53432389886143,-0.0006215706162449331,0.011628906773982076
1986-06-10,-0.01904523503140541,0.012234839005658858,0.30526865583804147,0.0,0.008516240338821196,277.8048141752484,-0.001530273891143543,0.002293273722384609
1986-06-11,-0.025610057268775795,0.012077090598769106,0.28320312500000006,0.0,0.0094003390920701,280.4181907388001,-0.0014821025674457606,0.00048310888015475653
1986-06-12,-0.026661219148986087,0.012381017208099367,0.25596926127000946,0.0,0.009399358288379714,282.61281856529683,-0.001533390617387443,0.001194892916199905
1986-06-13,-0.024077699177682738,0.012575410348547382,0.2309933534898776,0.0,0.009498009153005095,281.80823409804293,-0.0014952376148121508,0.001801655789990612
1986-06-14,-0.026783035594528003,0.013813294259841834,0.20837517287547078,0.0,0.008818519906809102,282.0220150884711,-0.0016388240517616946,0.0006661136944406584
1986-06-15,-0.029961752184366777,0.01365169259787953,0.18333673566972694,0.0,0.010375586543547905,283.80366023650953,-0.0017791936900150979,0.0006268827022097092
1986-06-16,-0.03232915404826235,0.013048462190870512,0.15910198549317325,0.0,0.010047284812577028,285.0997848582582,-0.001934252710918249,0.00011336946543407957
1986-06-17,-0.03554016208581332,0.01400331807675335,0.1323453684086629,0.0,0.011010091436111322,287.68635773883256,-0.0018419691356225205,4.940506459602174e-06
1986-06-18,-0.03368910911393031,0.019209779588516152,0.10649060035604992,0.0,0.010064278471436205,287.10348353412866,-0.001776807220642176,4.8281614389796716e-05
1986-06-19,-0.027212214377303583,0.01221139737441715,0.08248964586275896,0.0,0.009824163117314462,284.70839518746413,-0.0014840006449465023,0.0006862752854137634
1986-06-20,-0.026266010467615508,0.012336456085329002,0.059776521671963276,0.0,0.009660513850591952,283.0961521529433,-0.002142310931773509,0.004323173728046431
1986-06-21,-0.026977400911056392,0.009472773994429638,0.04139103144126648,0.0,0.004177791713658026,281.61111716002847,-0.0021933304766813913,0.0017574032989598938
1986-06-22,-0.02658327976189091,0.00884190723720917,0.032344724723399255,0.0,0.004353219464337085,280.58617783670377,-0.0021295059093479384,0.00010624785543371726
1986-06-23,-0.03231794008259046,0.008352701104966935,0.022203923169726934,0.0,0.00450571523295284,283.955560770412,-0.002443809904116022,3.374133213594825e-05
1986-06-24,-0.03573196953804479,0.007241537426151126,0.01225852607109228,0.0,0.0034283354541676195,286.3278998861654,-0.002731656834567334,8.553266184208042e-07
1986-06-25,-0.03294475574446264,0.0066639596627930476,0.0058575358992467045,0.0,0.001780401746937111,288.0349819413238,-0.0025359401952917294,0.0004514553365651677
1986-06-26,-0.03402319723098292,0.006165083097872761,0.002635891154661017,0.0,0.0009390346200789438,286.49809410253266,-0.0028452667918077296,0.0006609559059143066
1986-06-27,-0.03315206074108512,0.005703491342943268,0.0011264492113935971,0.0,0.0004006787545263431,287.609995251097,-0.0027189622133296765,0.0007311639644104477
1986-06-28,-0.029269659376077062,0.005288995507746768,0.0004956376530131828,0.0,0.00017961668176839582,287.86658395167353,-0.002434841525546238,0.0004856362517944164
1986-06-29,-0.03384991495286005,0.00497171737379947,-7.3453647229951e-24,0.0,7.244041663105206e-05,287.31989573893577,-0.0034223366897069133,0.004424494587849842
1986-06-30,-0.03230363429434556,0.004600795059554321,-7.3453647229951e-24,0.0,1.935968122913339e-05,284.3685036747245,-0.0024202988393562663,0.0004494292924633134
1986-07-01,-0.0319108224268687,0.00431013241999567,-7.3453647229951e-24,0.0,9.211737894069005e-06,283.5956500963976,-0.002341519846544091,8.351920670029769e-05
1986-07-02,-0.033851026562647636,0.004049907128016154,-7.3453647229951e-24,0.0,5.918602317066517e-06,286.1619642512722,-0.002613223068374025,2.7530911267737696e-07
1986-07-03,-0.041053170201468606,0.003823024994235928,-7.3453647229951e-24,0.0,2.5252627450867566e-06,288.84791788004213,-0.0029876858658962335,0.0009497187567733505
1986-07-04,-0.049881818604334605,0.0036110117778939722,-7.3453647229951e-24,0.0,1.0280959350241107e-06,288.56651471384055,-0.00291528031335207,0.0006337925371357885
1986-07-05,-0.039117859287113796,0.0034278877037393174,-7.3453647229951e-24,0.0,2.4258585299475723e-07,281.4280602406647,-0.0020612976434877363,0.0009735913935678018
1986-07-06,-0.03385546386747037,0.003250312249539262,-7.3453647229951e-24,0.0,1.2129292649737862e-07,280.59000959953124,-0.0021502138194391287,0.0
1986-07-07,-0.02523827544376675,0.003105314858889176,-7.3453647229951e-24,0.0,1.0272961551860228e-07,282.90780451427975,-0.0021141553560724367,0.001351782696349796
1986-07-08,-0.02956402676422044,0.002954886878951122,-7.3453647229951e-24,0.0,5.7752523045081884e-08,283.1198060382333,-0.0020793182617526943,0.0003909644938108475
1986-07-09,-0.023716969131413152,0.0028579571826309806,-7.3453647229951e-24,0.0,3.300144174004679e-08,284.24548327630976,-0.0024705875117731636,0.0043515988326009655
1986-07-10,-0.024020438771800132,0.0027414755632648364,-7.3453647229951e-24,0.0,1.0312950543764621e-08,281.5910460118296,-0.0029879612374608803,0.004519875608595078
1986-07-11,-0.01695497738102735,0.002887425533795761,-7.3453647229951e-24,0.0,8.250360435011697e-09,280.8859598766837,-0.003584476340414777,0.013789205095929962
1986-07-12,-0.021849616435961536,0.002511234943476101,-7.3453647229951e-24,0.0,2.062590108752924e-09,279.7308509668613,-0.002343439812756191,0.001959442856542027
1986-07-13,-0.03148150010465902,0.002399606893291581,-7.3453647229951e-24,0.0,2.062590108752924e-09,283.46951265209367,-0.002466516185151992,4.867015584890115e-05
1986-07-14,-0.032184111912035,0.002313786980795995,-7.3453647229951e-24,0.0,2.062590108752924e-09,286.0018043553987,-0.0025500642072598815,0.00044131851465688585
1986-07-15,-0.031456172550465435,0.002230854020953852,-7.3453647229951e-24,0.0,0.0,287.18101229910127,-0.002381798400843548,0.0003449320119603306
1986-07-16,-0.025416209872833082,0.002169704706655384,-7.3453647229951e-24,0.0,0.0,285.29839125954726,-0.0028747612305280185,0.002347055437576338
1986-07-17,-0.03399358306732555,0.002081359426180522,-7.3453647229951e-24,0.0,0.0,285.80857033020135,-0.002399850036885779,7.228160971846263e-05
1986-07-18,-0.03327300955178374,0.0020138218072848135,-7.3453647229951e-24,0.0,0.0,286.01252086732796,-0.0023666294975637717,0.00035976317008970076
1986-07-19,-0.026807840345269545,0.001952426581732971,-7.3453647229951e-24,0.0,0.0,283.1751935064456,-0.002079242808839022,0.0007850025838036725
1986-07-20,-0.027501351036931163,0.0019219255043288412,-7.3453647229951e-24,0.0,0.0,283.2928419346639,-0.0024526438460090744,0.00390978149101559
1986-07-21,-0.022581782970724808,0.0018545062528491697,-7.3453647229951e-24,0.0,0.0,282.90298778009503,-0.0023901070504959696,0.0029128801014414044
1986-07-22,-0.02427756979977344,0.0017894528343179133,-7.3453647229951e-24,0.0,0.0,284.6548105983411,-0.0023111238507396085,0.001780501698370034
1986-07-23,-0.02568964517049197,0.001749766411754371,-7.3453647229951e-24,0.0,0.0,285.5289981576234,-0.002494783345925606,0.0026434763502633965
1986-07-24,-0.019611459583212427,0.0017585437008216557,-7.3453647229951e-24,0.0,0.0,284.2307438033224,-0.0031112165553337442,0.008455964448912556
1986-07-25,-0.020158096811192187,0.002802114028715145,-7.3453647229951e-24,0.0,0.0,283.2461438906395,-0.0027715369617029775,0.00910227825749392
1986-07-26,-0.022910351765021094,0.001594961194668786,-7.3453647229951e-24,0.0,0.0,283.1919550922631,-0.0020623859807343808,0.0006733136830356836
1986-07-27,-0.02570511893195621,0.0015631969702445856,-7.3453647229951e-24,0.0,0.0,282.3408114187237,-0.002422031609730869,0.0017660022763269381
1986-07-28,-0.0310962141233649,0.0015372206262276,-7.3453647229951e-24,0.0,0.0,283.29276572692646,-0.0028163648899749852,0.003169622141739905
1986-07-29,-0.037074205986524035,0.0015015187068174115,-7.3453647229951e-24,0.0,0.0,285.9283319534331,-0.003060498427452341,0.003168601471106535
1986-07-30,-0.028785849400496083,0.0014578752261770647,-7.3453647229951e-24,0.0,0.0,283.77222306131193,-0.0023476946678033656,0.0021347058358165507
1986-07-31,-0.020598574799332917,0.0014927391446916396,-7.3453647229951e-24,0.0,0.0,281.1527633235953,-0.002881737631130017,0.007881871539229701
1986-08-01,-0.023562537327324603,0.0025475836743069236,-7.3453647229951e-24,0.0,0.0,282.783727696162,-0.0026628731428987567,0.0078089884107719575
1986-08-02,-0.023332751866451094,0.0013750565927580925,-7.3453647229951e-24,0.0,0.0,282.46318508945615,-0.002527315195881378,0.0030925557632092105
1986-08-03,-0.02571996764443015,0.0017068460162750073,-7.3453647229951e-24,0.0,0.0,283.86693847426363,-0.0025072271362115437,0.00523883291518872
1986-08-04,-0.019909333585009063,0.002670625929778579,-7.3453647229951e-24,0.0,0.0,283.78582137587387,-0.003253529947987721,0.013647261699646019
1986-08-05,-0.02593808696936753,0.0015631159820125604,-7.3453647229951e-24,0.0,0.0,283.8417688466735,-0.0026152947665018553,0.002376253067638372
1986-08-06,-0.030191204515890892,0.0012523124446976656,-7.3453647229951e-24,0.0,0.0,285.161474960672,-0.002733933007986532,0.001392269573728166
1986-08-07,-0.02579192211062221,0.001231989786449799,-7.3453647229951e-24,0.0,0.0,284.21856305828203,-0.0023048809482216167,0.0013807375375953944
1986-08-08,-0.025661350685661125,0.001319804770798333,-7.3453647229951e-24,0.0,0.0,284.6841230625936,-0.002419359087523094,0.004618607570861934
1986-08-09,-0.017799809743455575,0.0018616700913273011,-7.3453647229951e-24,0.0,0.0,283.0348024062967,-0.0023312649800110675,0.010427506562657438
1986-08-10,-0.022793384595105878,0.0011697583279367222,-7.3453647229951e-24,0.0,0.0,283.0837570484973,-0.0025972688181252128,0.0010955896081224
1986-08-11,-0.027104580511817824,0.0011945238894661943,-7.3453647229951e-24,0.0,0.0,284.81146094040236,-0.0023304161189471265,0.003733637726856221
1986-08-12,-0.029692633298494052,0.0011363089252999948,-7.3453647229951e-24,0.0,0.0,285.41158981826123,-0.002738581980857472,0.0013193359314385108
1986-08-13,-0.023590482729302965,0.00112777055993592,-7.3453647229951e-24,0.0,0.0,282.5757847011875,-0.0023981980600599516,0.0021321754482200805
1986-08-14,-0.019962004138588233,0.0011367337346750465,-7.3453647229951e-24,0.0,0.0,282.0539020495226,-0.0025967302505916123,0.003780567523608753
1986-08-15,-0.032261009649031586,0.0010774325853013724,-7.3453647229951e-24,0.0,0.0,285.83554188141045,-0.002506942251476191,4.231929437992221e-07
1986-08-16,-0.03417640894988162,0.001062479564699076,-7.3453647229951e-24,0.0,0.0,287.1708699889103,-0.002447835169732571,7.253144420472915e-05
1986-08-17,-0.028765449963383757,0.0010546020700433162,-7.3453647229951e-24,0.0,0.0,286.7255219964209,-0.0025226968251126636,0.0009866474711962342
1986-08-18,-0.03353244562943777,0.001033842226879745,-7.3453647229951e-24,0.0,0.0,288.40134754647863,-0.0024841282264155854,0.00018426160031235233
1986-08-19,-0.027865992848482513,0.0010222419675460642,-7.3453647229951e-24,0.0,0.0,288.9700463612875,-0.0020906487742891424,0.0005877532359570434
1986-08-20,-0.01803856427218281,0.0010640316427090748,-7.3453647229951e-24,0.0,0.0,284.0515117860783,-0.0027615987290601947,0.00632572963746211
1986-08-21,-0.011092218765094456,0.0010721941115492482,-7.3453647229951e-24,0.0,0.0,283.48176290939534,-0.0027086120361914743,0.007540575932557274
1986-08-22,-0.02190924898884391,0.0009878446153328245,-7.3453647229951e-24,0.0,0.0,282.1093417740587,-0.0022906532174365667,0.0010095822303100826
1986-08-23,-0.029480628921823987,0.0009674377697335799,-7.3453647229951e-24,0.0,0.0,283.83328877465203,-0.0021840212971898122,7.767614390379332e-05
1986-08-24,-0.026875773097498945,0.000954608290882434,-7.3453647229951e-24,0.0,0.0,285.1027671792413,-0.0019896229213408833,7.594687601255628e-05
1986-08-25,-0.022392473020459297,0.0016322602323219602,-7.3453647229951e-24,0.0,0.0,285.38317655214934,-0.002116647759441939,0.007995504634891406
1986-08-26,-0.017636384288806702,0.0009553074668356256,-7.3453647229951e-24,0.0,0.0,282.6082431771661,-0.002214843170496367,0.0026880867031280307
1986-08-27,-0.025139447112204668,0.0009267895908678993,-7.3453647229951e-24,0.0,0.0,283.62796445081466,-0.002046616811115863,0.000955136353532242
1986-08-28,-0.026496297853477936,0.0009132570634453985,-7.3453647229951e-24,0.0,0.0,285.15232160176714,-0.002197288197733588,0.0007000962387020842
1986-08-29,-0.029693543953073904,0.0008976307965941348,-7.3453647229951e-24,0.0,0.0,285.83649757083526,-0.0020796466239933246,0.00016186819911676611
1986-08-30,-0.01995832418317849,0.0010930363741298182,-7.3453647229951e-24,0.0,0.0,284.79775712180276,-0.001969760320659748,0.007559557786116219
1986-08-31,-0.019256629765370473,0.0009444849302539719,-7.3453647229951e-24,0.0,0.0,283.2034183760821,-0.0017533619167272654,0.005329016575032036
1986-09-01,-0.010315656577799955,0.001130368413224732,-7.3453647229951e-24,0.0,0.0,281.2371408566692,-0.002892996100340523,0.014570665073255103
1986-09-02,-0.011678040280180463,0.0009272614609723711,-7.3453647229951e-24,0.0,0.0,278.5611347406822,-0.0022058442582265805,0.005405527403723126
1986-09-03,-0.015597299919963559,0.0008878935191590908,-7.3453647229951e-24,0.0,0.0,280.09284057904546,-0.0025189988273011765,0.0036260763803094664
1986-09-04,-0.019660305252856457,0.0008510043897197746,-7.3453647229951e-24,0.0,0.0,280.56415370718463,-0.0018079489532668712,0.0009179060647258441
1986-09-05,-0.015606202648184395,0.0009946962871120475,-7.3453647229951e-24,0.0,0.0,281.0008499734595,-0.001991759417420727,0.006932590337694082
1986-09-06,-0.003766783381586021,0.0009401591315781329,0.02606603475164784,0.00929272225347616,0.0007668061255566818,275.4800844964784,-0.001968760169663672,0.01686548752289578
1986-09-07,-0.012347081539321082,0.0009173904940233393,0.05778937330802732,0.001545601603338274,0.004516065552157197,276.59848586403945,-0.0014652458603604365,0.0024328337887586176
1986-09-08,-0.0183316720070812,0.0008778694996052543,0.029913433527542374,0.0,0.002971465062707831,280.6652647151337,-0.0013883270396940453,0.00018860744096284982
1986-09-09,-0.021366836366343636,0.0008458341077222663,0.012307492128648775,0.0,0.0013373020699637085,281.21770938506916,-0.001594779071119209,0.000614174516953372
1986-09-10,-0.008191265376274195,0.002171406890712889,0.044902104666902073,0.011772557861555767,0.002344703291263958,276.2811365145524,-0.0018261989610174956,0.029434167160147743
1986-09-11,-0.013683965019250321,0.000893404170618219,0.06359242584745764,1.6180135435977226e-05,0.0033178101109582834,275.87292303742663,-0.0015158918344199996,0.0012282484668114228
1986-09-12,-0.016303325650718927,0.0008592671256954387,0.043429904513888895,0.0,0.0021283801245150598,277.31988628121644,-0.0013468067377468962,0.00021262249709321632
1986-09-13,-0.016046108288616783,0.0009245005367839405,0.026992711643714692,0.0,0.0026188261049278714,278.8680931852811,-0.0016745325746172564,0.0026572646114245645
1986-09-14,-0.01264989898029694,0.0009047867214612369,0.01344635527012712,0.0,0.0012080212265758192,279.555270379995,-0.0015831697984772216,0.0033835000911001437
1986-09-15,-0.020053787462118656,0.0008509346825928338,0.006313402998469869,0.0,0.0006842051480112777,280.22758385466096,-0.001737879326114547,0.0003295339770008884
1986-09-16,-0.016390969229620057,0.0008522234225677233,0.0032039433998352173,0.0,0.00024216140141594886,279.6703190165949,-0.0013030790908020095,0.0005772895058669614
1986-09-17,-0.018986656672536992,0.000855997036405876,0.0023326694179613937,0.0,0.00011027029762833806,278.6129025353326,-0.0014176890411871975,0.00036011109239804536
1986-09-18,-0.013992780177606702,0.0008879022746436341,0.0010813912429378531,0.0,8.130890164671646e-05,278.15662585903243,-0.0014811306823529094,0.0022277778319705612
1986-09-19,-0.011985355009466916,0.0009886140877244163,0.004774075667961394,0.0009200322931095706,0.0003676997381920195,276.8198448403856,-0.0019593585735071177,0.007816642754081749
1986-09-20,-0.012623926256336062,0.0009657129392785542,0.003748776997999059,0.0,0.0003287722435543093,277.8414682722361,-0.002265290878081726,0.005445024642721824
1986-09-21,-0.012346002467944798,0.0008976631245370639,0.0024299118702919027,0.0001646893804019454,6.726718807624558e-05,276.3622340150248,-0.0011920950159767254,0.001594659500774071
1986-09-22,-0.01904257538460069,0.0008868706428398521,0.002781639889359699,3.658256119927444e-07,8.185410945765716e-05,275.5972764146306,-0.0012915462076579787,3.6303576692937844e-05
1986-09-23,-0.021503413127640546,0.0008921711626699415,0.0020579537429378536,0.0,8.37135660109547e-05,277.1982494361432,-0.0014251817049363914,8.518434810866893e-07
1986-09-24,-0.010525827859081118,0.0010227192256410244,0.0018551928848870058,0.0,7.830749628907544e-05,277.97770396733694,-0.0014690448461616107,0.007645145002485051
1986-09-25,-0.016399467437617526,0.001034246831290466,0.010999891493055556,0.0024737879044592044,0.00019366079467838095,275.37952592637805,-0.002495292710971698,0.010008691293394337
1986-09-26,-0.017733887511458102,0.0009112515523608797,0.01412015580861582,1.1611329970386744e-06,0.00011478565464922264,273.009652933383,-0.0012929711680291064,0.0003213833393013472
1986-09-27,-0.01723690810850111,0.000916051410012326,0.01290887807497646,3.471991605004349e-05,0.00016710611512768742,272.8064641072477,-0.0010430389320698836,9.901114439560198e-05
1986-09-28,-0.00948558836165121,0.0009249249252222352,0.022401626500706213,0.004034095049156981,2.6342895744884085e-05,272.7784288050765,-0.0010055230751549458,0.004851419373420673
1986-09-29,-0.013869504470609676,0.0009309676407420704,0.037330296977989647,2.3599819274945446e-07,0.00043293184437657485,271.13620770987825,-0.0007716352804064078,1.09992457824574e-06
1986-09-30,-0.012743742662971303,0.0009367833871625912,0.032649325785663846,1.981759728011439e-05,0.0005292132349505938,272.5272538531747,-0.0006965832984716879,4.8132771152560996e-05
1986-10-01,-0.00643715477090771,0.0009338672214982202,0.03881468117349341,0.0037401949850011003,8.527164236973908e-05,272.33944308465937,-0.0006173721561997625,0.004276753650546748
1986-10-02,-0.002914366959515265,0.0009309747966669376,0.10700416924140772,0.022834087800929104,0.0,271.05202765743167,-0.00037577660954267965,0.02338566562882418
1986-10-03,-0.00503844603643579,0.0009305222896532825,0.24065828772363465,0.006418425610846719,0.0,270.44157521019775,-0.0005633183833906206,0.006756753711899794
1986-10-04,-0.0061760370930035915,0.0009491084995916336,0.24218795977518834,0.00065277169569064,0.0011386076083122676,270.69683057350403,-0.000584393597634162,0.0006735012027078905
1986-10-05,-0.007929372880081673,0.0009569652841589547,0.24668019325270718,0.0039060571478248323,0.0014624591432722274,273.1589600047598,-0.0007989218216494652,0.00453137960889242
1986-10-06,-0.009176966623734621,0.001052184377686452,0.22834022076565438,0.0,0.006572572945874964,274.24136419709345,-0.0006666744685610809,2.1517276422855502e-06
1986-10-07,-0.010784178888056911,0.0010235738956322106,0.18488043086452446,0.0,0.004799138786176504,275.18496892681236,-0.0008471563542630041,8.474398782709613e-07
1986-10-08,-0.00528897185110103,0.0010382365540596052,0.1634050214806968,0.005091788194610575,0.0027405527646595473,273.78482851290664,-0.0004592518832555599,0.008385151877127933
1986-10-09,-0.010023274369495738,0.0010262004568078425,0.1764527516625471,0.0011777338166694858,0.004318046252016968,274.27980854731277,-0.0009258382317036558,0.0015403274930753381
1986-10-10,-0.003280645920395178,0.0009323102606218415,0.16327536487758945,0.01080386639483231,0.00031764148655584305,271.51434326171875,-0.0005177617662370542,0.011351080094791131
1986-10-11,-0.005359853602061837,0.0009214090930540011,0.2915374698387477,0.008654363453388216,0.0,264.33913140377757,-0.0006100799846278746,0.00866023233043482
1986-10-12,-0.008906974167810323,0.0009272152421164648,0.2961372907103343,5.295384401655467e-07,0.0003145304692667083,262.80640371505825,-0.0008145755125304401,1.0920783220711402e-06
1986-10-13,-0.01036091910748832,0.0009307650859746555,0.2858164871704332,0.0,0.0005226887046954053,267.9280543713471,-0.0009649544375511888,4.261732051702438e-07
1986-10-14,-0.009870596356311087,0.0009369419961325867,0.2710082777924906,0.0,0.0008635298154280011,271.4866176396889,-0.0009753541378988385,1.2720466351368032e-06
1986-10-15,-0.011338735956930173,0.000963073160688756,0.2543241856461865,1.6500720870023394e-08,0.002168303218770162,272.0036576229749,-0.0009010823201493355,1.7328636517625244e-06
1986-10-16,-0.013321980328883154,0.0009835261409565554,0.22973058093514598,0.0,0.0031290794117639297,273.49724629145334,-0.001093455753420706,4.351138613856165e-07
1986-10-17,-0.013542153025414312,0.0009743171391514063,0.20260752302554144,0.0,0.0026584644986074523,273.7891292823461,-0.0011813633333323367,1.293420723413874e-06
1986-10-18,-0.011302672831688898,0.0009815434446442599,0.18057831442737762,0.0,0.0023339511984485696,275.64556041724717,-0.000991851801715665,0.0008797819974858747
1986-10-19,-0.005497885625914666,0.001297340807268175,0.18028313875647364,0.005550242855218845,0.003664019659666692,274.2983322179475,-0.00048550253071017184,0.014152124959732688
1986-10-20,-0.0026846002303274343,0.0014363488571792,0.1827102919756356,1.8808464545988093e-05,0.004173095101269625,274.9945412436448,-0.00033063596209227035,0.0035517058634138917
1986-10-21,-0.003452721036086648,0.0010233723511130124,0.156763798772952,0.0003476214021612695,0.002191935681690604,274.4925533948421,-0.0005903423811166973,0.0027384460813118243
1986-10-22,-0.0032125696287316798,0.0010150323311487834,0.1450970033692326,0.00014367607017021396,0.001291275655819198,274.0461048693756,-0.0007583901370312535,0.0032183329600049145
1986-10-23,-0.005728005984071959,0.0009890862945782935,0.1362771359316149,0.00010599648464197493,0.001691499598703142,274.4326865955935,-0.0006891143966024205,0.0006746109427655586
1986-10-24,-0.008826426951225196,0.001002393789210562,0.12305262218985405,0.0,0.001954552459683122,274.7472647543008,-0.0005849166746951093,1.9240766595312432e-05
1986-10-25,-0.009688811871291555,0.0009877420751388465,0.11129800972516478,0.0,0.0007963655463888148,274.0886975340475,-0.0007064340183627134,1.3533958607474291e-06
1986-10-26,-0.009191747060266592,0.0010385846687575519,0.10268044337040962,0.0,0.0021681855564231927,275.37290786843744,-0.000608360952576675,4.2319288695580326e-07
1986-10-27,-0.011349024787797767,0.0010534391059713849,0.09044283707038607,0.0,0.002055424523387252,276.79241326973266,-0.0008841218995088238,8.571602165829972e-07
1986-10-28,-0.008337126655430445,0.0010523718629179702,0.10442276144656311,0.005496188093208324,0.00011214630751960022,272.8597389479815,-0.0009884233507564512,0.007757933463080455
1986-10-29,-0.010306427455217827,0.0010528861634475364,0.11755394082509418,0.0,0.0007602307356178424,272.68066450790724,-0.0007774686693387518,4.261732051702438e-07
1986-10-30,-0.004930561924048063,0.0010869589734212154,0.11116237604460924,0.0006778849088876262,0.00026719015365266535,273.9113466474745,-0.0008319370332831717,0.00246912544045152
1986-10-31,-0.004564001777414548,0.0010696487069803444,0.1255818455008239,0.004358388630852188,1.1971104616499216e-05,268.90230445358935,-0.0004153325838052621,0.004417838449322902
1986-11-01,-0.006499439814669939,0.0010914845486818734,0.14805496704331453,0.0007448479070165064,0.00034074985164370245,267.69898866484624,-0.00038585885517341276,0.0007612440040556052
1986-11-02,-0.00914093763646433,0.001105576080117522,0.14402756628119118,0.0,0.0003985417322755534,269.2095084648348,-0.0004395373312935317,0.0
1986-11-03,-0.005241672576820783,0.0011090054518758915,0.1453930985905132,0.0027530489247397515,0.0,270.748905620108,-0.0003836346043031769,0.0030414478450349483
1986-11-04,-0.006951534015647436,0.0011275939348727299,0.157838293388065,0.00015169430503063957,0.0005368578147753485,269.7849817042522,-0.000397464428833649,0.00015600071999081385
1986-11-05,-0.008175276767062603,0.001133389728890974,0.1525414533309793,0.00020787622884841964,0.0005029222301844151,271.5829905493785,-0.00046908036716240283,0.00031470224080789
1986-11-06,-0.0026611195361546883,0.0011286346589104604,0.23837826256473638,0.0257698079876307,0.0,268.21069453754893,-0.0003679078282777873,0.02614087512250024
1986-11-07,-0.0020942605063740145,0.0011315182440698483,0.45144360213629947,0.015340556195900265,0.0,262.7538767812841,-0.00027899149447511144,0.015344200393537314
1986-11-08,-0.0018124843889710592,0.0011348587981725145,0.4743942002118644,0.0015338981724054804,0.0,257.83135900120277,-0.00020188866656715588,0.0015375042027996623
1986-11-09,-0.00132986305460418,0.0011374231448954782,0.4794204625706215,0.0035412019213377417,0.0,257.6080983012859,-0.00015684370856500616,0.0035458071588796414
1986-11-10,-0.0030848351491373142,0.0011392738354408136,0.540541596780838,0.0044166968535568766,0.0,251.76396427405984,-0.00024333565185467404,0.004420082851243474
1986-11-11,-0.0013764474940838789,0.0011404952255346008,0.5250034942914313,0.004022754434138368,0.0,258.9847546593617,-7.229126295295813e-05,0.004031713837279179
1986-11-12,-0.003347051850819992,0.0011411400164588023,0.5575473016713748,0.0024275466126237213,0.0,254.58315073074374,-0.0002771609036599176,0.0024312318212787176
1986-11-13,-0.004649521435721446,0.0011411523078121036,0.5511168858874764,6.865478504849019e-08,0.0,261.33900711720497,-0.00021133009912603995,5.022785708156578e-07
1986-11-14,-0.006573976096460376,0.0011404956464713576,0.535052570695033,1.968405509399156e-06,0.0,269.0906697217579,-0.00037264277221961216,2.401056833913556e-06
1986-11-15,-0.00550205563589678,0.0011392644906448107,0.5223563386446564,0.0020186221069198548,0.0,267.8043095827552,-0.00042228407547467174,0.002021609389849302
1986-11-16,-0.004978195548394306,0.0011375197919748596,0.5184050306762006,0.00016271362954613854,0.0,265.90327024370043,-0.00040561159136100005,0.00016833656588516668
1986-11-17,-0.003171663373540351,0.0011353448117520178,0.5267552377589454,0.008272738780005503,0.0,265.94943869495575,-0.00025081201482795727,0.008332174292391978
1986-11-18,-0.005719053080189701,0.0011328140557822536,0.567973163841808,0.0007122244243904695,0.0,265.02915355086105,-0.0003954856577566115,0.0007382402985441888
1986-11-19,-0.004606413512916889,0.00112981707026056,0.567431088894774,0.006610940847188066,0.0,269.6323374372867,-0.00036670437008984346,0.006823637559475333
1986-11-20,-0.004639621424136189,0.0011264659085516203,0.5879834995880415,1.2275736547459315e-05,0.0,266.925380782219,-0.00021856539688036269,1.3122050451699378e-05
1986-11-21,-0.005601815668876562,0.0011227477741780254,0.5677609775923964,0.00023632380837774547,0.0,271.76782928438064,-0.0004913440016282481,0.0005296288909535488
1986-11-22,-0.004707769022486305,0.0011187169679814143,0.6248935620439031,0.010832350869468379,0.0,266.54190629215566,-0.0005288960906745351,0.010959012696972002
1986-11-23,-0.0034109202902869317,0.0011144961509327433,0.6289949866113466,0.00017561344692936052,0.0,262.55834607485326,-0.00017537726457677994,0.00018054909968293553
1986-11-24,-0.004696131889092721,0.0011101148727923466,0.6215742150717986,0.0016653484922681152,0.0,271.45039775367064,-0.00019417165931166902,0.0016892288195835099
1986-11-25,-0.004623081640335126,0.001105450977713375,0.6063177248852402,0.0011453981285041335,0.0,267.8354629689017,-0.0005175459309149597,0.0011490406626361914
1986-11-26,-0.0039559019740018474,0.0011006085212621312,0.5969272764389125,0.0,0.0,264.3379356757845,-0.0002548885400180763,2.139805474143941e-06
1986-11-27,-0.004470353156833326,0.001095644708743877,0.5852211702565915,4.9541183447433736e-05,0.0,268.3303304912905,-0.0002758774253944893,0.00026658423069364154
1986-11-28,-0.006635695317033995,0.0010904475288876032,0.5725433292137476,0.0,0.0,269.0548549910723,-0.000559716369683123,2.1426695298032428e-06
1986-11-29,-0.004150218251398055,0.0010850842894807374,0.558000410119468,0.0004396431021771189,0.0,269.72292687080227,-0.00041343480096024985,0.00044434054232548686
1986-11-30,-0.002391506512623049,0.00107965984586942,0.586773371292373,0.006031430878881682,0.0,266.7345336799119,-0.0002748288035308574,0.006043135951467827
1986-12-01,-0.0031930267558259477,0.0010741475948506157,0.5932329828007298,7.217737325167253e-05,0.0,263.81972273774517,-0.000179837089516012,0.00017947096604578903
1986-12-02,-0.002512605555650205,0.001068388927454329,0.5850430073711159,0.00021269353432843918,0.0,264.5450543980141,-0.00012992415577173233,0.000221061437120707
1986-12-03,-0.0017614444602007246,0.001062646760778912,0.5785417862082157,0.00014706673679378747,0.0,262.75490262234507,-0.00011730552940382123,0.00015020345227193026
1986-12-04,-0.002824448764660938,0.0010567622332923157,0.5715311341366526,0.0,0.0,261.47452573901967,-0.00016295748873282288,4.351138045421976e-07
1986-12-05,-0.0031187858032641442,0.001050743847917029,0.5641784093249765,0.00024202992181993478,0.0,267.136364151978,-0.0001105894676625392,0.00024638482405817103
1986-12-06,-0.0009026043748451493,0.00104467890693643,0.5765275111081686,0.003422785318840695,0.0,266.37953690351065,-2.538957396301173e-05,0.003431303203713002
1986-12-07,-0.0032813832332185436,0.001038547710510297,0.5834395414018363,0.00021709271280442258,0.0,264.44860788837445,-0.00015680564009705507,0.0002196539088107873
1986-12-08,-0.0015028387644870135,0.0010323007564760197,0.5797337533839454,0.002084201043945248,0.0,261.48699298506625,-0.00012289265454825708,0.0020871364725953217
1986-12-09,-0.0013253786048646702,0.0010260602006804472,0.614968854828743,0.0013795613526961226,0.0,254.52765055295444,-0.00022185334441183653,0.00138513630407927
1986-12-10,-0.00040934062273488884,0.0010197879904407566,0.6244852816766715,0.0005724042401475421,0.0,256.1899090100592,8.046034576192414e-05,0.0005794693857140729
1986-12-11,-0.0029732325235329107,0.0010134463256361796,0.6267876059322034,0.0005623120709327654,0.0,264.8450963582472,-7.739259024797859e-05,0.0005637377331704608
1986-12-12,-0.003619508933549547,0.001007061556907697,0.6184829165931027,0.0,0.0,264.6661813847314,-0.0001346083136938386,0.0
1986-12-13,-0.0035017095716659637,0.001000610280171626,0.608537519494468,1.004228820908541e-06,0.0,265.00008124012066,-0.0001825486115143124,1.8789268806692448e-06
1986-12-14,-0.002859746248035108,0.0009942021073594605,0.5995054658074389,2.2116438143670897e-06,0.0,265.20630579300075,-8.686511950977778e-05,3.91966196437321e-06
1986-12-15,-0.0034018219527551683,0.0009877556293024184,0.5908157147481168,0.0,0.0,264.4045311663784,-0.00015725863644968992,0.0
1986-12-16,-0.002359710002349595,0.000981260996080388,0.5832333322298728,0.00014134178643172745,0.0,264.83796310784004,-8.34312963452043e-05,0.0001454381756018767
1986-12-17,-0.00280050596611648,0.0009747530612568397,0.5781810925729756,4.679111942733075e-05,0.0,262.06420148788425,-7.19297519427235e-05,5.0222284342178446e-05
1986-12-18,-0.003011647506622272,0.0009682813269943842,0.5723375798169728,0.0,0.0,265.32821203041436,-7.847304019214069e-05,4.351138045421976e-07
1986-12-19,-0.003319967769633579,0.0009617465364057466,0.566010153675259,0.0,0.0,264.9988455296461,-0.00013583663345898613,2.1464965129780467e-06
1986-12-20,-0.0029668647606494064,0.0009552596484200429,0.5599588225341338,2.050719692208673e-06,0.0,262.1101868552228,-0.00011606516558571725,2.9181664040229177e-06
1986-12-21,-0.0030130954027849403,0.0009487576067110914,0.5548695709745763,0.0,0.0,262.11510198488975,-9.092902712060907e-05,8.52346317969932e-07
1986-12-22,-0.0037121417916427227,0.0009422654149222509,0.549509281941502,0.0,0.0,265.1774964305641,-0.00012977472848474644,8.553266184208042e-07
1986-12-23,-0.0037305824837442175,0.0009357878717325503,0.5432007065825095,0.0,0.0,266.7740460591577,-0.00019682998542731766,8.572690148866968e-07
1986-12-24,-0.0030794802863719105,0.0009293052773017668,0.5390422698917138,0.00014996069804423275,0.0,262.28441951773266,-0.00016350394883061535,0.0001565603044292212
1986-12-25,-0.002385140770235978,0.0009228902853141397,0.5348031426553672,1.4063497047639837e-07,0.0,262.10857010965293,-7.158784080023147e-05,1.00455704926076e-06
1986-12-26,-0.002773909666443949,0.0009164486901234772,0.5304426347693032,0.0,0.0,263.11469371889046,-6.877545709327116e-05,2.5689600988698658e-06
1986-12-27,-0.004351795729944262,0.0009100201439722784,0.5266547768802967,0.00012703298848901093,0.0,265.37789683153403,-0.00015505589544773102,0.0001283283087418876
1986-12-28,-0.0035393766764193605,0.0009036560011448834,0.5213206950329567,0.0,0.0,263.9574086428138,-0.00020392202261814292,0.0
1986-12-29,-0.0031230375170707703,0.0008972916057554341,0.5167109889948212,0.0,0.0,265.0768164007902,-0.00013090703783735717,1.7173603055198328e-06
1986-12-30,-0.004468062250627636,0.0008909684621681603,0.5117219684263182,0.0002524422555320007,0.0,265.0627940908889,-0.0003950473626202109,0.00025642450245936377
1986-12-31,-0.001783000421052599,0.0008846666179807847,0.5245896966219397,0.002526013591026856,0.0,261.1806622018473,-0.0002089184156413806,0.0025299071464962644
1987-01-01,-0.002525157005773426,0.0008783828740739553,0.5437397929908192,9.623392995467966e-06,0.0,259.07050875934954,-0.0001384565490955687,1.0194583127727617e-05
1987-01-02,-0.0024869934482089546,0.0008721568826901712,0.5768684344103108,0.008167597912462419,0.0,264.92712650191316,-0.00014320696772491867,0.0081819491129002
1987-01-03,-0.003045573115012067,0.0008659290391846567,0.619670056129355,1.203447664524876e-05,0.0,262.7271261879729,-0.00016490515784523585,1.3747710235778776e-05
1987-01-04,-0.0039761267223600615,0.0008597671985626221,0.6125520465513183,0.00030063761998031104,0.0,266.95668958315525,-0.00018006562660474563,0.000305246279692569
1987-01-05,-0.0015225968202628659,0.0008536466097427629,0.6068662366849106,0.0025719211010609647,0.0,265.19014496453065,-0.00012446793143526983,0.002577258472321496
1987-01-06,-0.0017807653731545486,0.000847547320322802,0.6850533063353343,0.008640188344959486,0.0,263.86926394891833,-0.00021600166051569634,0.00864376607587782
1987-01-07,-0.0020270238572594815,0.0008414876831453399,0.7154288139271423,0.000745739303739731,0.0,261.66277154107104,-0.00013173976123838103,0.0007486129442576395
1987-01-08,-0.002401476694365679,0.0008354940488513581,0.7068967657574153,9.020674700117382e-08,0.0,260.6385722510559,-3.987863807186569e-05,1.372049616992046e-06
1987-01-09,-0.0027553795673752914,0.000829523313516951,0.6986364447239878,0.0,0.0,260.3990147836689,-7.009976622411761e-05,8.52346317969932e-07
1987-01-10,-0.003716761446268546,0.0008235674793437376,0.6903848594191385,0.0,0.0,264.6350897090359,-0.00011434259240405035,8.553266184208042e-07
1987-01-11,-0.00489158515876296,0.0008177007995756333,0.6796054301288843,0.0,0.0,270.977725982666,-0.0001370170032658146,1.2814998058274796e-06
1987-01-12,-0.005402533053341558,0.0008118687208089452,0.6661468908162665,0.0,0.0,271.77523515633044,-0.00022719669455693943,1.2928051091876114e-06
1987-01-13,-0.005756172925065467,0.0008060414407212857,0.6518759287458805,0.0,0.0,270.23243905909766,-0.0003710189508011112,1.2868624139628082e-06
1987-01-14,-0.00305398212651075,0.0008002852147581887,0.6663710312205744,0.0026538502319721183,0.0,261.1804255541211,-0.000396828293421511,0.0026598862671233033
1987-01-15,-0.0016920047122879892,0.000794578490957702,0.7081540210098871,0.0029237401266556007,0.0,255.57086828558684,-0.0002788225567694438,0.002932235059753731
1987-01-16,-0.0017722393833311265,0.0007889212693198254,0.724948459201389,0.0001383522725374685,0.0,252.41251064379563,-5.419614414374034e-05,0.00014073468187305194
1987-01-17,-0.001235405098920488,0.0007832994484632029,0.7211357734522129,0.0005332736224777955,0.0,254.072156317041,-1.052885952979158e-05,0.0005381750434144715
1987-01-18,-0.0013947361017351099,0.0007777131546688619,0.7279018251235876,0.0013085602872115745,0.0,261.55233530091255,6.605326960989311e-05,0.0013123965364391524
1987-01-19,-0.0018208825403014147,0.0007721838136177278,0.7591433192826036,0.0034450267120606486,0.0,258.3206197088497,-0.00022130757359798347,0.0034505204878449427
1987-01-20,-0.0024705996873688567,0.0007666535465057288,0.7870332822063325,0.0009333831652746363,0.0,254.99403042263455,-0.00010295210164145563,0.0009372786293035826
1987-01-21,-0.002275197393139877,0.0007611860831578573,0.8276183277424671,0.007394502181454568,0.0,259.66571965190656,-0.00012357073630821905,0.007399344679999487
1987-01-22,-0.003414722022700445,0.0007557830231337898,0.8729811271480699,0.0008248678582199549,0.0,258.9724395306546,-9.116862432262992e-05,0.0008278837977962157
1987-01-23,-0.0034569651309379755,0.0007504294652723323,0.858340275938677,0.0,0.0,262.9648565123535,-3.38153387446188e-05,1.2993811537853617e-06
1987-01-24,-0.004444417264838677,0.0007450940076914211,0.8415798611111112,0.00020016111054662933,0.0,264.50302619359366,-9.336079455028147e-05,0.00020364282970873875
1987-01-25,-0.00391915482653063,0.0007397998019126849,0.8324284957627119,0.001710071738830394,0.0,264.08318595383355,-0.00021370090438989597,0.0017649116489159118
1987-01-26,-0.003685607622235509,0.0007345617490973176,0.8276229254943503,0.0010804941635684105,0.0,266.25921734668,-9.896081088289703e-05,0.0010856652663925948
1987-01-27,-0.006632232396616101,0.0007293633485244493,0.8156246321798495,0.0005150453350638266,0.0,268.91952177360236,-0.0002647301992454098,0.0005182373320639334
1987-01-28,-0.004531272092444749,0.000724214450114191,0.7936993327742468,0.00055303439329573,0.0,269.1513690984407,-0.0002594195874565739,0.0005732853028733852
1987-01-29,-0.005662739655729068,0.0007191350062688193,0.8241010475517891,0.00654746400518606,0.0,264.2672851763652,-0.0005462069779971226,0.006571515047617552
1987-01-30,-0.003831426723528717,0.0007140305587800882,0.8138331181585453,0.0,0.0,263.0267783522382,-0.00014228623170973892,1.2814998058274796e-06
1987-01-31,-0.00512017494877853,0.0007090402693398255,0.8003688316560736,0.00018134544798209843,0.0,266.5803657969962,-0.00016864539666027674,0.00018526537735975214
1987-02-01,-0.005269981373501363,0.0007040680801801088,0.7858886718750001,7.733269094747339e-05,0.0,267.98449272040824,-0.00018071500047788782,8.10862596749449e-05
1987-02-02,-0.005913049782400078,0.0006991371428225673,0.7697917126441856,0.00012002190795995423,0.0,267.9201020494019,-0.0003975083746310682,0.00012457803470810908
1987-02-03,-0.0028211306885810895,0.0006942690092291536,0.7593276891331215,0.0013993192821909481,0.0,267.31285135804376,-0.00020985329513159177,0.0014043429961312197
1987-02-04,-0.0036213978451524083,0.0006894240271573687,0.817225109610405,0.01065005275741809,0.0,266.7673547748343,-0.0002888936107441531,0.010654224379485664
1987-02-05,-0.005993927686901417,0.0006846583495705815,0.8446173658927731,3.7418331130076267e-06,0.0,264.62362239140805,-0.00022140129516690467,4.6136688028214895e-06
1987-02-06,-0.006598320889607662,0.0006798958711031467,0.8289854692649482,0.0,0.0,266.5967338511724,-0.0001575574278831482,4.351138045421976e-07
1987-02-07,-0.008870054183706726,0.0006751796956789695,0.8121728699535077,0.0,0.0,271.1395896796677,-0.0003168345402694692,0.0
1987-02-08,-0.009506290999509523,0.0006704866717764214,0.7945965840542609,0.0,0.0,270.4996347481248,-0.00036450314972191885,2.5854208729469974e-06
1987-02-09,-0.00833871830149559,0.0006658364992357243,0.7778159391184086,0.0,0.0,271.59274214764326,-0.00038374792047813115,1.7058391108548676e-06
1987-02-10,-0.00876819544424445,0.0006612259789375263,0.762526345118291,2.3748199481748594e-06,0.0,270.10264815853145,-0.0004071668947988984,4.9607622991138435e-06
1987-02-11,-0.006753036994381814,0.000656606955716839,0.7483666486434793,0.0,0.0,268.05735738578267,-0.00024229655368516678,-1.192074705613777e-08
1987-02-12,-0.007714542797056295,0.0006520576396230925,0.7364936440677966,0.0,0.0,268.7830623404006,-0.00023683604105549348,0.0
1987-02-13,-0.006073259490694704,0.0006475163213277268,0.7252615661046374,1.5195901111020882e-05,0.0,267.2523279208024,-0.000293974185857059,1.7379474460756037e-05
1987-02-14,-0.0024574206626347904,0.0006429931033129073,0.7259041019303203,0.005361033529885072,0.0,268.48447129416604,-0.0001054189067944295,0.00539561132939231
1987-02-15,-0.00637696877037738,0.0006385095375405867,0.752760720118291,0.00048217105831803583,0.0,265.34834113183894,-0.0003894073520339815,0.00048675841857355175
1987-02-16,-0.004604457840744385,0.0006340887755323938,0.7439300479637477,0.0006438191285577871,0.0,264.3276453072068,-0.0002018730287666375,0.0006476615770069101
1987-02-17,-0.0040005770443523,0.0006296746643249598,0.754706948490466,0.0020082613590073455,0.0,264.40076002203585,-0.00023076511751123744,0.002011856268263779
1987-02-18,-0.004076475814237434,0.0006253183056405709,0.7632755487876648,0.002171724634823826,0.0,262.69832499013785,-0.00019784556375553383,0.0021930708243228197
1987-02-19,-0.0025488125149813077,0.0006209999996390047,0.7896381385357817,0.004163033860383062,0.0,261.84735674956875,-0.00014766665585970473,0.004178751381442713
1987-02-20,-0.004926090523348017,0.0006167146950791785,0.8404104229196094,0.0016517505933672696,0.0,260.7460910955167,-0.00022939876206008733,0.0016584389440786665
1987-02-21,-0.003829790542354692,0.00061247569356261,0.8326958550347223,0.00062905289864136,0.0,260.90005214784554,-0.00015893445934279493,0.0006338169102817808
1987-02-22,-0.004145430600912558,0.0006082499936475592,0.8302806559704567,0.0003606608653135893,0.0,261.3465458210803,-0.00014865205828416147,0.0003624543827515663
1987-02-23,-0.0023513147975765384,0.0006040918961756647,0.8306891662252825,0.003287503569476349,0.0,261.6676267778357,-0.00016881858582718897,0.0032918616875740637
1987-02-24,-0.002605408766848893,0.0005999769026276756,0.8782211849693974,0.0031756939061280704,0.0,261.32923035702464,-0.00023228546215147623,0.0031800646059458675
1987-02-25,-0.002405502491414884,0.0005958816089199088,0.8946455041342986,0.0013645361414400198,0.0,261.3888250052817,-0.00014660709490210325,0.0013704850861240682
1987-02-26,-0.0042938730642620455,0.0005918310186957236,0.8908610945592045,6.732098379377592e-05,0.0,260.2815215762726,-0.0002049156701413252,7.194477612560057e-05
1987-02-27,-0.003368713130048439,0.000587801980433491,0.8936188261387712,0.0014850203642400646,0.0,262.23261413286866,-6.944719323162306e-05,0.0014870809296415957
1987-02-28,-0.006412722843851747,0.0005838439962958212,0.8904551130679144,0.0,0.0,262.56069119412126,-0.00021870867322898856,4.351138045421976e-07
1987-03-01,-0.0070533648470027304,0.0005798626080744685,0.8773227842514125,1.788939123099807e-05,0.0,263.741968851754,-0.00024853767774536114,2.237213234340517e-05
1987-03-02,-0.00975755593702618,0.0005759956304636379,0.8635401034310264,3.4327392524245095e-08,0.0,266.67512407320817,-0.000298413790046832,4.5307069397146303e-07
1987-03-03,-0.01184825834918157,0.0005721318519721597,0.8481203930526131,0.0,0.0,269.49755088173964,-0.00042173619471532484,8.52346317969932e-07
1987-03-04,-0.01282517995032887,0.0005682944241216628,0.830888478769421,0.0,0.0,272.73304180640963,-0.00041863602707109884,2.568959644122515e-06
1987-03-05,-0.01357462964320587,0.0005644918498346361,0.8094236442149249,0.0,0.0,275.1059671067922,-0.0006403187973856253,1.7195939676639682e-06
1987-03-06,-0.01639844489804769,0.0005781744833046435,0.7813162076271187,0.0,0.0011804494270160374,275.68000062845516,-0.0009250909058471857,1.7195939676639682e-06
1987-03-07,-0.011902731901171517,0.0005570288095097085,0.7546648790607347,1.973658800125122e-05,0.0,274.09788588974664,-0.0007253363728523254,0.00010384189495859939
1987-03-08,-0.004186041526875253,0.00055337339471289,0.7452397175876884,0.002747390608666307,0.0,269.77042717583436,-0.0007265009891010274,0.0028730758670123687
1987-03-09,-0.005375835602566347,0.0005496565231495659,0.7525662352136301,0.0009574411742094547,0.0,267.1963255715236,-0.0003843032465563656,0.0009623755165815615
1987-03-10,-0.006542565711474015,0.000546078813278069,0.7536857877971989,0.0014598665516928765,0.0,266.58377662486276,-0.00038504562640594224,0.0015402661310920818
1987-03-11,-0.007543784918758156,0.0005424795514446195,0.7541384364701037,0.0006523211460329045,0.0,267.6527065126236,-0.000381413731450415,0.0006981044838421491
1987-03-12,-0.009715368855470991,0.0005389414938156215,0.75264025901895,0.00030039269792831553,0.0,268.65083349626616,-0.0003610851485176949,0.00030108380442155937
1987-03-13,-0.011183825042624933,0.0005354281872679285,0.7434353298611112,1.0091958746398236e-07,0.0,271.54418710036913,-0.0004324602268341571,0.00017719102984051078
1987-03-14,-0.009392027843133206,0.0005319513338433821,0.760756210643244,0.006404998044004549,0.0,270.00814150147517,-0.0006996567050615947,0.006505883480801233
1987-03-15,-0.007453685215974259,0.0005284925806993819,0.7768685723428672,0.001698480466496473,0.0,266.85406601900434,-0.0004259470723948237,0.0017332913341696786
1987-03-16,-0.002989015000014656,0.0005250950317598332,0.8031723108668786,0.006383723900311411,0.0,268.50982729953114,-0.00023427719281891645,0.006514248514145102
1987-03-17,-0.004691462437648558,0.0005217307368240787,0.8411143387329333,0.002882790599165663,0.0,267.9899894082165,-0.0003304416261150339,0.002923104587818997
1987-03-18,-0.008777179455353043,0.000518372840127029,0.8364462412458805,7.31501580968415e-05,0.0,267.07346494498677,-0.00029259522861174947,7.596505205317616e-05
1987-03-19,-0.007147201752595309,0.0005150745480747547,0.8262842900335453,0.0004821573989202748,0.0,267.0095160065847,-0.0003875887526546495,0.0004877487143878073
1987-03-20,-0.00343427491390099,0.0005117911571836741,0.8832488266537195,0.015283670213262913,0.0,265.54283144604244,-0.0004269973937906115,0.015289352938510279
1987-03-21,-0.004131342857907721,0.0005085375686149814,0.9778094103107345,0.004129493430172656,0.0,262.7820385755119,-0.0003644982826406673,0.004134264150536316
1987-03-22,-0.004849947525956536,0.000505353434611175,1.0029995733286252,0.0019328288186741416,0.0,261.6884933083744,-0.0003331042931409879,0.0019366081235730442
1987-03-23,-0.004758820990047886,0.0005021559990058511,1.0132210654278486,0.0017899215263498705,0.0,261.7539928817031,-0.0002445645714547001,0.0017942952868578801
1987-03-24,-0.004644885490843132,0.0004990165684856263,1.0180721534398542,0.0014625832564749961,0.0,261.8769437750405,-0.00023480556315958164,0.0014686070423665556
1987-03-25,-0.00876801334700342,0.0004959117389668179,1.0151353394244351,0.0005017368722770173,0.0,262.676586201411,-0.0003569353592850395,0.0005046600413710991
1987-03-26,-0.009371691757002793,0.000492818611489851,1.0015365686793787,0.002121397225701876,0.0,264.5616304681351,-0.000368740162312311,0.002345423290947144
1987-03-27,-0.005022453765074412,0.0004897518346538651,1.0386785877177496,0.005838353797204077,0.0,262.2964429945146,-0.00043681919532643885,0.005846044194823267
1987-03-28,-0.002242457774062615,0.00048672816174178475,1.0784346585893363,0.00432625471872125,0.0,258.07786951945104,-0.00033443176455922046,0.004330146881119037
1987-03-29,-0.005235467042963384,0.0004837127391901394,1.1534851419050143,0.0019159017730567417,0.0,254.3218598231084,-0.00032174787194715385,0.0019224760053626563
1987-03-30,-0.008282362067766783,0.000480738568440669,1.1585658876235876,0.002157648299205101,0.0,262.3481186868556,-0.00013647575226038866,0.0021604672495254694
1987-03-31,-0.01343084526600811,0.0004778059020554279,1.1470239211834983,0.0,0.0,267.76021342448155,-0.00036449350500847663,4.351138045421976e-07
1987-04-01,-0.006899034867515672,0.0004748764347895391,1.1231181401541903,0.003027039290653111,0.0,267.281675988896,-0.0004359719653924307,0.0030324664492496663
1987-04-02,-0.012480167093250037,0.0004719552178840853,1.1191663724105463,0.0003565977522208866,0.0,263.13730592601945,-0.0005210133869264086,0.0003578912757775778
1987-04-03,-0.016256318969578396,0.0004691002564241658,1.0954690994291432,0.0,0.0,268.3308934788246,-0.00046874472271587895,8.492816548201868e-07
1987-04-04,-0.017350994681907917,0.000466251945765005,1.068065348767067,0.0,0.0,271.45955551276774,-0.0005921049169817213,0.0
1987-04-05,-0.015228666617708693,0.00046344648646769556,1.0365302881503062,1.1874625911820407e-07,0.0,272.14503706736303,-0.0005961179912174489,9.642145678249352e-07
1987-04-06,-0.016200219170521883,0.00046065272921222753,1.0033933707774247,8.64814567027119e-08,0.0,272.63055390108326,-0.0008365378562508331,6.000150349503761e-06
1987-04-07,-0.019094910493678296,0.0004578986241992584,0.9723985460069445,0.0,0.0,272.4941897383293,-0.0008431837899284174,4.0991532333171534e-06
1987-04-08,-0.018248007332874558,0.0004551676707079182,0.9455497439971753,0.0,0.0,272.86883160578554,-0.0009869470781946588,8.821486403576273e-07
1987-04-09,-0.01461058695100795,0.0004524997735427598,0.9456725039724577,0.004839778367408925,0.0,268.29014898468995,-0.0013751903980296885,0.00527412153901057
1987-04-10,-0.01362991610826072,0.00044979517069240076,0.9554675545845105,0.0012770880666156275,0.0,266.69911245213166,-0.0007010170989959255,0.0014572075683391675
1987-04-11,-0.010039071831326027,0.00044718687817201777,0.9479978169874059,0.002257466779253577,0.0,270.98177238866657,-0.0004146111402976311,0.0031683436187401035
1987-04-12,-0.009588990676200997,0.00044450542684328764,1.0209337942119823,0.011785402557270674,0.0,267.15424299150317,-0.0007957982288747185,0.012041077590224002
1987-04-13,-0.010945336966864809,0.0004418886314004155,1.0504479129884652,0.0012499698895519064,0.0,265.7713622831356,-0.0005449294612485138,0.0012580999041681238
1987-04-14,-0.016861229671933556,0.000439309888640366,1.0358622348016713,6.865478504849019e-08,0.0,269.43771398583823,-0.0004964281704887158,9.202013231803345e-07
1987-04-15,-0.0188876202298423,0.0004367327454399929,1.0145226889859935,0.0,0.0,274.3581856190597,-0.0007520352021954155,0.0
1987-04-16,-0.020306435892474183,0.0004406299042162923,0.9820614112523542,0.0,0.0004447336587528725,276.11415356566005,-0.0008682884107538536,3.868199200951494e-06
1987-04-17,-0.02266136632632401,0.000474939617396748,0.9395039301583099,0.0,0.0029478021555364477,277.25835753115786,-0.001056948271553732,8.612872939295357e-07
1987-04-18,-0.03102208072014448,0.0005029756470588642,0.8920484639830509,0.0,0.004883091054898871,278.4495435129227,-0.0018133450099556462,1.0939998099439086e-05
1987-04-19,-0.01458469357362575,0.00043948062058895995,0.8528576867055085,0.0026734729355337933,0.0007694324236468407,274.19076947932416,-0.0010153290178984572,0.003086170958533207
1987-04-20,-0.013865335134126373,0.00042430736587545966,0.8809248929643363,0.0044635429052309805,0.0,269.0184214281273,-0.0013614559682917462,0.004471459294443077
1987-04-21,-0.017560104529062908,0.00042193723937212417,0.8763993257856638,0.0,0.0,270.5334506277311,-0.0006828881947502579,1.2881506065863155e-06
1987-04-22,-0.01969952561424277,0.0004360084816560907,0.8615010004708098,0.0,0.0010057100447389367,275.0912620989841,-0.0006533104579074908,8.558216677556629e-07
1987-04-23,-0.023435402682608807,0.00047911509955670203,0.8291622528248588,0.0,0.0036727667570450886,277.0186387617036,-0.0009843290094180969,8.52346317969932e-07
1987-04-24,-0.024305965688269017,0.0005001206014115932,0.7897287142478815,0.0,0.004908886122501502,278.02420710978544,-0.0011862204436444293,3.0531240452284574e-06
1987-04-25,-0.024315563425169155,0.0005882769654699638,0.751788295594986,0.0,0.006604623754566672,278.10797885312877,-0.0010179161057297119,2.3641660374369298e-06
1987-04-26,-0.020197943063442317,0.0007770344362420551,0.7123336073593456,0.0,0.007195937852401519,277.7019812194192,-0.0007786360374615018,0.0009084942650610545
1987-04-27,-0.02023575362344246,0.0011123216758340093,0.6727867341984464,0.0,0.010399042423498834,277.05885084694614,-0.0005599114738699408,3.466323792028335e-06
1987-04-28,-0.02324524892252044,0.0011012016211525868,0.6289906187470575,0.0,0.009906378358939275,278.0629612012098,-0.0008022497055557489,0.00013696736532836307
1987-04-29,-0.02362292946058478,0.001755185299000498,0.5857110607197507,0.0,0.010617043949284796,279.38699382487437,-0.000797919455473706,0.0008570541936781714
1987-04-30,-0.021496423683260796,0.001954747037698994,0.5433899040725048,0.0,0.013056803347363984,278.9706234366207,-0.0006133244283455241,0.0004890690715351952
1987-05-01,-0.020105697425071803,0.0012001354815596242,0.4995406845868644,0.0,0.010236782984713377,277.9983623131072,-0.0006994925607732461,0.0008079609936717751
1987-05-02,-0.007992638580206424,0.00245890282304947,0.47165669874058386,0.0018805724037232374,0.00725769600962515,275.6476248437627,-0.00023617075051123138,0.014674469680566442
1987-05-03,-0.015856106823447062,0.0005506730854174512,0.4861867441295905,0.0030807254804392998,0.0007130853242456577,272.7443356810317,-0.00105231386835629,0.004099033090925541
1987-05-04,-0.022516262438674432,0.0006845627127394165,0.4743250040460217,0.0,0.004340874967770388,274.3269749621663,-0.0008404031448529265,0.0
1987-05-05,-0.021719526688931352,0.001194312074090128,0.45015048441913846,0.0,0.006227068960835031,276.9156295251936,-0.0008386995559189953,2.5492378208479762e-05
1987-05-06,-0.024483973402424725,0.0016279627205961842,0.4193354317472929,0.0,0.009311569381063266,277.257443753115,-0.0007439216725149397,6.868056313590126e-05
1987-05-07,-0.02387357158007595,0.0023742921776690727,0.3843828621557203,0.0,0.012246779255611075,278.0943258289115,-0.000542105970072881,0.0007200734595071226
1987-05-08,-0.024329397259122237,0.0028776696509560623,0.345386569782839,0.0,0.013946118412044763,279.381402602977,-0.000632090978113945,0.0002669502749954338
1987-05-09,-0.02415837953656407,0.0029900146406249143,0.30310725267773075,0.0,0.013914453381367325,280.2686501195875,-0.0010239067092790443,0.0009216682396365318
1987-05-10,-0.018323204737935365,0.006909028621716689,0.26492867047728347,0.0,0.012831304706422623,279.5819087953442,-0.0008162685569986114,0.008459415392013595
1987-05-11,-0.017299773455676386,0.005840756293744018,0.23217520561146424,0.0,0.01134607919865409,279.28428252268645,-0.0009440417785597388,0.007035900692872957
1987-05-12,-0.024670982007252974,0.0028643997038825084,0.20503191759357345,0.0,0.009002083586265813,280.5655165203547,-0.0012466067206219765,3.603598171841986e-05
1987-05-13,-0.024074325495857307,0.0024172950767527867,0.18205672154543318,0.0,0.007080171615053706,280.97809230136335,-0.0014263668997307956,0.0005564407944898013
1987-05-14,-0.02542860317701674,0.0035407425320081124,0.16209167365524954,0.0,0.008547336389284349,281.21022151868,-0.0012270982119407358,0.0009707848425691892
1987-05-15,-0.02865715265947547,0.0041786957595307955,0.13911992592102168,0.0,0.009371593510363737,283.624985833177,-0.001244648191341236,0.00023961161935334287
1987-05-16,-0.020186795100653913,0.009006538549385502,0.11569346052554144,0.0,0.009123454365016378,283.31628988736543,-0.0011925302014428344,0.009245841954382541
1987-05-17,-0.005188766509126135,0.0067206542875807174,0.09533369563618173,0.0,0.007599836078572409,279.5464540722231,-0.0011356978198397633,0.01520803429312128
1987-05-18,-0.007305433647444019,0.009899253520251668,0.07840822151600754,0.0,0.009051103902570273,279.01808730446913,-0.0013071720325256472,0.012078106000747843
1987-05-19,-0.01757760392238865,0.0077241412074552426,0.061139755105343696,0.0,0.005856098112581815,278.7469800313314,-0.0011390806675630775,0.003714108159559308
1987-05-20,-0.005236789331597797,0.006268280121566212,0.0499430798316855,0.0003106944936480226,0.002837949616592483,276.9862069634619,-0.0011723105937747633,0.004655490198674965
1987-05-21,-0.007946076492468517,0.006442217840313239,0.05759764705449624,0.002366290085733274,0.0023922410051701436,274.4359632804569,-0.000980890513855522,0.004674741507832586
1987-05-22,-0.008051782509701401,0.006945049190251841,0.05421255223046138,0.0009242702843779226,0.003037285122830989,275.2304812896499,-0.0015361615914409445,0.006123838232633138
1987-05-23,-0.01866851006187288,0.006359006725462143,0.04813593345397835,1.9707122428269037e-05,0.003355275250255725,276.3591868405962,-0.0018042344652579331,0.002205309537230612
1987-05-24,-0.012887981315117099,0.008820825798363336,0.038088696151129954,0.0,0.0036485753953456883,276.7875621529847,-0.0015174174565548279,0.010701695067620682
1987-05-25,-0.00802322952760815,0.007789859495594004,0.02771869666607816,6.072980872655319e-06,0.0036067858254168667,277.2835376150415,-0.0022513198187458987,0.008813204401630468
1987-05-26,-0.016678718944727364,0.00689869588714535,0.019007566060499057,0.00029333649297892043,0.0017939172895614713,277.8612519891024,-0.0017795854874249903,0.004565486665453938
1987-05-27,-0.005640398479450894,0.006594013443774424,0.019781597590042374,0.0042829464300204135,0.0006028381991857864,274.77233793686116,-0.0019241783578517074,0.010227203606195988
1987-05-28,-0.006999361986494334,0.007434761877787316,0.10443103739995292,0.0140883712739931,0.005361897734093801,274.733724166669,-0.0008595762984816638,0.02200197658767382
1987-05-29,-0.0073238689515550265,0.007718043138751875,0.09639945452271657,1.1167410066572288e-05,0.006764117438914413,276.0304868629873,-0.0010301757730164771,0.008995154870250077
1987-05-30,-0.018908155208590342,0.006614558861754035,0.05998434005708569,4.438946476090427e-06,0.005224558866798541,277.45536524023714,-0.001702504169385312,0.0013093275706751871
1987-05-31,-0.027721472884302083,0.006772700086825312,0.03501785766831451,0.0,0.003236812976120556,280.6055241529102,-0.0020437280642194937,0.0019447612935591218
1987-06-01,-0.02114090062467392,0.0064530674010346845,0.020413098811205274,0.00023834188442445746,0.000398592381490826,275.50947303197256,-0.00215895335047932,0.0030736820711271874
1987-06-02,-0.02177635462438993,0.006295076534572969,0.03201161759945857,0.0023590025549891304,9.220375516320353e-05,273.34425905734133,-0.0017482966531888913,0.0030242363339538945
1987-06-03,-0.02477053746496891,0.006160047431450107,0.03368290040901601,9.29471505227062e-05,0.001315669614379689,275.38812728206545,-0.0018461493901529556,0.00020296137225706568
1987-06-04,-0.030862195301527364,0.0059770699274742,0.022400706950329568,0.0,0.0022099063768561953,281.27003048683065,-0.0022996080944598734,4.52728968900122e-07
1987-06-05,-0.0338352522102453,0.005723755996106036,0.009910684071916196,0.0,0.0012709399485318676,284.7205483388093,-0.002542431929311847,1.721108731089771e-06
1987-06-06,-0.027100537203799537,0.0057032518299285975,0.0036437183674670436,0.0,0.0005646861121479401,284.5010444439962,-0.002178537822460051,0.0037099493088581605
1987-06-07,-0.01515446127639652,0.00674927099949896,0.001171507179849341,0.0,0.000237307748046972,282.56705048483866,-0.0023510475553530086,0.014227296268508825
1987-06-08,-0.008624780312769831,0.006803830633055692,0.000405521716101695,0.0,0.00010029878993492342,282.591137578932,-0.003196168054253032,0.02052031886779656
1987-06-09,-0.006510782123958998,0.006810441108073219,-7.3453647229951e-24,0.0,2.306188314647998e-05,281.9417475684214,-0.003020542752692255,0.016071105476088067
1987-06-10,-0.012778144477114166,0.00521380837354283,-7.3453647229951e-24,0.0,6.5569529088877015e-06,281.07242737247446,-0.003145216858951049,0.008498962080409898
1987-06-11,-0.026547255404924947,0.004850965351034693,-7.3453647229951e-24,0.0,1.7469296347623492e-06,282.07023567443963,-0.0022369416135936807,0.0003353010967617788
1987-06-12,-0.02939712256193161,0.004798771045302267,-7.3453647229951e-24,0.0,8.383376450188417e-07,283.8512898209854,-0.002468452694178638,0.0005645869654190367
1987-06-13,-0.0313333826886732,0.004727493403321606,-7.3453647229951e-24,0.0,3.234267571551652e-07,285.48410680738544,-0.0026721563926861117,0.00021571101251345807
1987-06-14,-0.03070523387799829,0.004664923006531883,-7.3453647229951e-24,0.0,9.900432522014037e-08,285.7310144636366,-0.002821819409517582,0.0014216628788554736
1987-06-15,-0.035854018845800625,0.0045456222895175055,-7.3453647229951e-24,0.0,3.300144174004679e-08,287.3424252188588,-0.003031821174305038,1.9012366311024814e-05
1987-06-16,-0.04124579090351439,0.004434462826130754,-7.3453647229951e-24,0.0,8.250360435011697e-09,287.15140195799864,-0.0029434970248553714,2.8640402193446526e-05
1987-06-17,-0.03510864756706745,0.00432170153000934,-7.3453647229951e-24,0.0,2.062590108752924e-09,284.0100178045068,-0.0027416922878158298,0.0004161776882212487
1987-06-18,-0.03068460662991314,0.004225297836260607,-7.3453647229951e-24,0.0,0.0,284.88072545110845,-0.003107586649304393,0.0026724036356320976
1987-06-19,-0.031405483051545204,0.004091296239761309,-7.3453647229951e-24,0.0,0.0,284.1050715186053,-0.0029135510998930638,0.002004441571909737
1987-06-20,-0.03292624639757609,0.003945303754617939,-7.3453647229951e-24,0.0,0.0,282.27963769772634,-0.0026207132275495155,7.98643920453765e-05
1987-06-21,-0.034935698755043376,0.0038115137209326537,-7.3453647229951e-24,0.0,0.0,284.8675032003227,-0.002712324619461588,2.1913124553225447e-06
1987-06-22,-0.016626649783492764,0.004038279423605925,-7.3453647229951e-24,4.4665367758206734e-05,0.0,283.62930697640456,-0.0016855369979715618,0.010085228489612198
1987-06-23,-0.022884986368613053,0.003577518850396582,0.0003154057791902072,0.0,2.0511574664358367e-05,278.93611923763757,-0.0025559452409713956,0.0014786371740244204
1987-06-24,-0.029073530208256287,0.0034602887212893383,-7.3453647229951e-24,0.0,1.114669997813338e-05,280.46420997504686,-0.0029233852717078343,0.0022719827412211965
1987-06-25,-0.030067035370627368,0.0033169097482821366,-7.3453647229951e-24,0.0,5.801266196083888e-06,281.2294979957538,-0.002368695776130857,0.00017755223524896423
1987-06-26,-0.03143537301296569,0.0032005530629454367,-7.3453647229951e-24,0.0,3.516947650640025e-06,282.6458052762709,-0.0025659129602339983,8.553265615773853e-07
1987-06-27,-0.035563567263931874,0.003090807610312425,-7.3453647229951e-24,0.0,1.3045671969483802e-06,285.7662785812062,-0.0027999346076095174,0.00023505919256991683
1987-06-28,-0.03175385052201438,0.0030256603228843823,-7.3453647229951e-24,0.0,3.6897211425048484e-07,285.0285495104314,-0.0026909400640571187,0.004111039192105889
1987-06-29,-0.02148087895185934,0.002915915543750181,-7.3453647229951e-24,0.0,1.2228212787606624e-07,280.9036044643424,-0.00299813753614823,0.003373969970137856
1987-06-30,-0.025215544690520078,0.002836170337967954,-7.3453647229951e-24,0.0,4.3777422716388595e-08,282.2874544003589,-0.002595927739926314,0.003932117345120248
1987-07-01,-0.025729807167403446,0.003135220310782309,-7.3453647229951e-24,0.0,1.0312950543764621e-08,283.7448922137532,-0.0027474115081762866,0.0069475748949805235
1987-07-02,-0.02353019010549211,0.0028731975346635292,-7.3453647229951e-24,0.0,0.0,284.15244767715257,-0.0024728579130970825,0.0064599876012610856
1987-07-03,-0.02474140813626812,0.0025398417212868815,-7.3453647229951e-24,0.0,0.0,284.8976912417655,-0.0025554912712025105,0.0004883193194975557
1987-07-04,-0.02621476920479435,0.002545373587958557,-7.3453647229951e-24,0.0,0.0,283.7012237864924,-0.0027456186385562196,0.006549855679437007
1987-07-05,-0.030534499067034426,0.002387065082620093,-7.3453647229951e-24,0.0,0.0,284.6024833865983,-0.0026759622134478753,0.00015200447227995274
1987-07-06,-0.026683284737969524,0.002347837060184802,-7.3453647229951e-24,0.0,0.0,283.9985748693319,-0.0029663391316593706,0.003382540943713424
1987-07-07,-0.027642504769866752,0.002252048355037883,-7.3453647229951e-24,0.0,0.0,282.49081578586964,-0.0024509309543728156,8.695389924706705e-05
1987-07-08,-0.029507373180766565,0.0021892045177308857,-7.3453647229951e-24,0.0,0.0,283.3746004409934,-0.0024105025781581634,0.00010095703390692568
1987-07-09,-0.025952824596631324,0.002137354369890892,-7.3453647229951e-24,0.0,0.0,283.6215600805767,-0.002394610305585094,0.001091135592110413
1987-07-10,-0.011608764950164968,0.0023625100736564164,-7.3453647229951e-24,0.0,0.0,281.86723483170044,-0.003211039081636796,0.015395189199256233
1987-07-11,-0.0052747637201837234,0.002638757818162778,0.00043816575447269305,0.00042480575499561556,0.00010624306939416013,279.33247390215456,-0.00334252816977474,0.018403471155903652
1987-07-12,-0.016941437192555878,0.0020244338754880228,0.0022496799964689266,0.00011274732102108543,0.0001780657402876407,277.2350751765479,-0.002742633949649536,0.00367580581513879
1987-07-13,-0.024928458119179573,0.001958169421907199,0.0014271421845574387,0.0,0.00013041285808477026,279.80042839050293,-0.0026096773233875046,0.0016021623785309332
1987-07-14,-0.028209473748328325,0.0019064695484894145,0.0004956376530131828,0.0,7.71179921546225e-05,282.67505349053283,-0.0025735098794944546,0.000708112070047734
1987-07-15,-0.03582480368809512,0.0018604843966704982,-7.3453647229951e-24,0.0,3.0432696227973466e-05,286.0862007141113,-0.0029935583493298735,1.625933364144493e-05
1987-07-16,-0.03767324205340639,0.0018258611697935115,-7.3453647229951e-24,0.0,8.089899343285858e-06,287.9745662495242,-0.0030284388685377986,0.00048256841415232854
1987-07-17,-0.015597416982475649,0.0031826821929317414,-7.3453647229951e-24,0.0,3.0455405766007595e-06,284.3667243231937,-0.002296896461965674,0.013494423301206471
1987-07-18,-0.01886239302697155,0.0022156410298105013,-7.3453647229951e-24,0.0,6.219761519782289e-07,283.5890585150422,-0.002824668535741709,0.0044680715108554045
1987-07-19,-0.03770561478400635,0.0017216661892368297,-7.3453647229951e-24,0.0,9.506856654323427e-08,282.7790926378326,-0.0029257490052341747,3.807349391323021e-05
1987-07-20,-0.03790385461291351,0.0016896191794993516,-7.3453647229951e-24,0.0,4.337753279734467e-08,284.5596732877743,-0.002974551392056174,9.3988274450356e-05
1987-07-21,-0.03249469100587113,0.0016750725312421552,-7.3453647229951e-24,0.0,2.0226011168485308e-08,286.6839596268821,-0.002825984420875708,0.0016661934596670553
1987-07-22,-0.028584387426995966,0.0016558800039991823,-7.3453647229951e-24,0.0,3.725290298461914e-09,286.2649110158285,-0.00308454334525402,0.0030750114028281947
1987-07-23,-0.03136170562882882,0.0015994625239722476,-7.3453647229951e-24,0.0,0.0,285.3382958809086,-0.002665875921562567,6.39643732619344e-05
1987-07-24,-0.030423753973791157,0.0015699501428226969,-7.3453647229951e-24,0.0,0.0,286.8384119885116,-0.00274319836270001,1.7105781466852932e-06
1987-07-25,-0.025128105939444853,0.0015428967058321852,-7.3453647229951e-24,0.0,0.0,288.4368061740969,-0.001970598179489206,0.0002166242243810955
1987-07-26,-0.026819225590107805,0.0015684729073680728,-7.3453647229951e-24,0.0,0.0,288.0491932152355,-0.00267358876680587,0.00479844478766064
1987-07-27,-0.025970971474876512,0.0015553012069335766,-7.3453647229951e-24,0.0,0.0,288.06477614580575,-0.0029507197839560486,0.0053912407934328934
1987-07-28,-0.02073825159146961,0.0022767633199691772,-7.3453647229951e-24,0.0,1.66270018970899e-09,287.68213482226355,-0.003547468469978053,0.013822808459037649
1987-07-29,-0.02042586263795357,0.002390830951221919,-7.3453647229951e-24,0.0,0.0,288.08312237913776,-0.002962478752232204,0.006713254840488616
1987-07-30,-0.02293390271353856,0.0017542967015067065,-7.3453647229951e-24,0.0,0.0,288.3112976052667,-0.0026164281018878108,0.003749590930951366
1987-07-31,-0.02718966424801929,0.0013970874123654124,-7.3453647229951e-24,0.0,0.0,288.8542057439657,-0.0024615838218711864,0.0005078001393679439
1987-08-01,-0.03545619837813459,0.0013714163316845222,-7.3453647229951e-24,0.0,0.0,288.4608918026567,-0.0029726906253372213,6.272879618991592e-05
1987-08-02,-0.041996420860964036,0.001352014683060727,-7.3453647229951e-24,0.0,0.0,288.01563663446746,-0.0030413002701802447,0.0003240626410526172
1987-08-03,-0.02412983248967909,0.0013930556801079357,-7.3453647229951e-24,0.0,0.0,284.4449560197734,-0.0023657892130862523,0.005128401315818399
1987-08-04,-0.02952039557493339,0.00131507723008172,-7.3453647229951e-24,0.0,0.0,283.96840852353085,-0.002889388898587496,0.0005188169957213213
1987-08-05,-0.037635201451468606,0.0012895666104925554,-7.3453647229951e-24,0.0,0.0,286.89305908576694,-0.002848887374087916,1.9360345493939767e-05
1987-08-06,-0.03162864549348584,0.0012740475141395959,-7.3453647229951e-24,0.0,0.0,285.16224654964583,-0.00256055345137914,0.0005536111229216042
1987-08-07,-0.015116656777885675,0.0013349757524533461,-7.3453647229951e-24,0.0,0.0,282.51342752244744,-0.0021055226535194337,0.007476034390050813
1987-08-08,-0.020839134852091473,0.0012465499046832155,-7.3453647229951e-24,0.0,0.0,281.86505966402046,-0.0026871630353695257,0.0014352143621104237
1987-08-09,-0.030808995462070082,0.001216689829772475,-7.3453647229951e-24,0.0,0.0,284.52076457179874,-0.002396547824859956,2.6009884212299836e-05
1987-08-10,-0.03571496449284635,0.0011997618580942102,-7.3453647229951e-24,0.0,0.0,287.2365017655655,-0.002716985531151295,0.00019375365332695052
1987-08-11,-0.03383477533099342,0.0012068369631039895,-7.3453647229951e-24,0.0,0.0,286.6538916586034,-0.0028419473845153883,0.002789459827929567
1987-08-12,-0.019477727891361648,0.0011996480367951474,-7.3453647229951e-24,0.0,0.0,282.05934468141834,-0.0027947689401312064,0.003611673911412557
1987-08-13,-0.02574773170685364,0.0011515588746906003,-7.3453647229951e-24,0.0,0.0,282.85655453784324,-0.0020698437330413004,0.0005611363163384355
1987-08-14,-0.023928516497046262,0.0011575002286393766,-7.3453647229951e-24,0.0,0.0,283.6434534651187,-0.0022441689556432984,0.0025695137746417633
1987-08-15,-0.019878842862649154,0.0011778840069043436,-7.3453647229951e-24,0.0,0.0,281.6544587302343,-0.0025267698460042817,0.005729060588717629
1987-08-16,-0.021189760479886657,0.0011579975233239645,0.0036775118438088514,0.0014605875953105885,0.00037185334216403425,278.52292910717756,-0.0027146783399548237,0.006439950876887963
1987-08-17,-0.02463679554435493,0.0010935138847868323,0.006197539651012241,0.0,0.00032643433975971354,278.9515999867642,-0.001804233049858088,0.0003006482190655313
1987-08-18,-0.025852698054017322,0.0010755147974369891,0.0041048728813559325,0.0,0.00026857562489428764,279.1200119636378,-0.001959547989786008,0.0
1987-08-19,-0.0300244093362221,0.0010595395740142651,0.0022627835893361584,0.0,0.00018557371561136625,281.8640090417952,-0.0021488608129448814,8.70227722771233e-07
1987-08-20,-0.0311371936636456,0.0010450406599852998,0.0012324273923022598,0.0,0.00012393405208479887,285.7221726814457,-0.0022729419824262125,0.00014513957051902942
1987-08-21,-0.028402870826128513,0.0010426329017358986,0.000382992731873823,0.0,4.061026298730387e-05,285.051931726057,-0.002162700308497343,0.0017619834276242446
1987-08-22,-0.0124259982573784,0.0010787020463727962,-7.3453647229951e-24,0.0,1.8726192456854266e-05,281.34089919986474,-0.002675946870303087,0.006435870046668059
1987-08-23,-0.01721254854047366,0.0010545981132378014,-7.3453647229951e-24,0.0,5.881959772379385e-06,282.3470912760934,-0.002185687164928617,0.004793809059644564
1987-08-24,-0.011843889699143878,0.001059875734108316,-7.3453647229951e-24,0.0,1.7933168653714455e-06,282.49193513011755,-0.0018659267511408207,0.005957493775303496
1987-08-25,-0.004232502463510482,0.0012525948932615378,-7.3453647229951e-24,0.0,4.946848766951912e-07,279.9423962645163,-0.00279344394697813,0.015546865914866483
1987-08-26,-0.005685874129419274,0.0012403351102171646,0.0010390919256120527,0.0005799028180581702,0.00025318741882588233,277.4592814867555,-0.003138729071213027,0.014253463381064034
1987-08-27,-0.018539535418405372,0.0009890275318070322,0.0038977441590160077,0.0003701425078561751,0.00030848609104668355,276.78824009149986,-0.0021830372838566535,0.0019861059842136626
1987-08-28,-0.025168731724475063,0.0009557523969876565,0.00220898989230226,0.0,0.0001894818292667637,280.06756283244624,-0.0019030569089671316,0.00025135842757036456
1987-08-29,-0.02479399866976981,0.000992151387667252,0.0012643817678907724,0.0,0.00010882362218226418,282.2725024645387,-0.0020014110289640345,0.0035009789264794063
1987-08-30,-0.01601339876651764,0.0009801975414577852,0.000405521716101695,0.0,5.159352374615642e-05,281.0514584485645,-0.001949975898457786,0.0034469280822491655
1987-08-31,-0.021034262400899232,0.0009475377319896289,-7.3453647229951e-24,0.0,1.935580861097002e-05,282.2068975200761,-0.0023223949164825645,0.0015537969473391603
1987-09-01,-0.022921494003069608,0.0009240577955030452,-7.3453647229951e-24,0.0,5.074118995397105e-06,283.94515308372945,-0.0019087004712072472,0.0005727616575478161
1987-09-02,-0.03036753765944034,0.00091508796996316,-7.3453647229951e-24,0.0,1.2781323686157917e-06,285.5460546209763,-0.00228758245222481,0.0004411311978000706
1987-09-03,-0.027880390106284684,0.0009110974053205071,-7.3453647229951e-24,0.0,3.4640990408126917e-07,285.42399135596787,-0.002057502556613273,0.0008478198684086772
1987-09-04,-0.004859787932897018,0.0010727001617183794,-7.3453647229951e-24,0.0,1.2710185374243787e-07,279.29315001277604,-0.00223221180508029,0.012980405270648355
1987-09-05,-0.009974542016026664,0.0009940749844588803,0.005515922934322034,0.0013147898565577922,0.0005506810411221564,277.187454733696,-0.0021987081384338904,0.00733483107070842
1987-09-06,-0.01916727179524589,0.0009034742406532589,0.00441797978460452,-2.062590108752924e-09,0.0003841278369480608,279.070266644609,-0.001653505036723142,0.0010557300583390688
1987-09-07,-0.007164573728364741,0.0011079784503764353,0.002198874838159134,0.0001233401103208294,0.000286692248310073,278.55773781742306,-0.002739274542841871,0.012271401656549531
1987-09-08,-0.016033817945563862,0.0009230499045323518,0.001309439736346516,0.0,0.00012410743593496118,279.2883004405854,-0.0019026343516037293,0.0029231923422892037
1987-09-09,-0.019328628303640984,0.0008892755387193066,0.0005406956214689266,0.0,4.684417850553653e-05,279.24682644127455,-0.0019097282409162844,0.0012537288463835528
1987-09-10,-0.009774079598949456,0.001059577289947682,0.0003154057791902072,0.0,3.189530413029558e-05,278.607042370094,-0.0025243348847169664,0.01117236179820562
1987-09-11,-0.015354791940268824,0.0008933732738602634,0.0002027608580508475,7.250330458253117e-05,3.065618207562441e-05,276.8062058824155,-0.0017897127048864879,0.001577110529619422
1987-09-12,-0.021724410439278447,0.000870863933347713,0.00042805070032956693,-1.66270018970899e-09,3.072319520732104e-05,278.96765611221116,-0.001634912281218222,1.301234249240224e-06
1987-09-13,-0.02542122609197757,0.0008723008430610269,-7.3453647229951e-24,0.0,1.6807867898105902e-05,281.3942338257411,-0.0016710801881417046,4.6864741251899675e-06
1987-09-14,-0.024731328426781354,0.0008841593050013829,-7.3453647229951e-24,0.0,9.225418338667876e-06,282.6807523357442,-0.0017848913636753117,0.000996251007181213
1987-09-15,-0.021333711842695873,0.0008853195750780699,-7.3453647229951e-24,0.0,4.211577486857182e-06,282.12167440295894,-0.0017812873505182185,0.0011408280181345969
1987-09-16,-0.00881775228653924,0.0009985783342587747,6.32190883945386e-05,0.00029202441206086156,4.607236991494389e-06,279.1990826960562,-0.0018734138795716618,0.008619581979455894
1987-09-17,-0.009591162667772865,0.0009203935410343321,0.029224690295433144,0.0055096912392451946,0.00037658608144959494,272.96236431172116,-0.0016799454003740841,0.008478341129540051
1987-09-18,-0.015424926991516588,0.0008966884033828133,0.03495946621939736,0.0003365272982309094,0.001107659106705822,273.77724687393106,-0.001360977899893529,0.0004995595263441268
1987-09-19,-0.017861497141210374,0.0008976880439930718,0.0261586794520951,0.0,0.001250219947032336,276.5941667179604,-0.0012790164778714126,0.0
1987-09-20,-0.018336541319297534,0.0008911600725798958,0.01772962092455273,0.0,0.0009741549311721394,277.1970350585191,-0.0013263799029134087,8.463858875984442e-07
1987-09-21,-0.02103386305819797,0.0008863205626859504,0.011067018670550849,0.0,0.000795598757469048,279.4108398674572,-0.0014218583513619539,1.7251159647457825e-06
1987-09-22,-0.02404650427022223,0.0008800931401171928,0.005918685999293786,0.0,0.0005718763012670528,282.1733412805475,-0.0015132971013248977,0.0
1987-09-23,-0.025652730195535784,0.0008722744082326943,0.002713363273893597,0.0,0.0002891609055847772,284.2528114642127,-0.0016182563662276433,8.553265615773853e-07
1987-09-24,-0.022960908205832468,0.0008665448696599843,0.0012324273923022598,0.0,0.00012202830301166255,283.8719651317417,-0.0014998813575438862,3.158352748193522e-05
1987-09-25,-0.023802533072266877,0.000861908251282859,0.00045057968455743883,0.0,5.025834392356335e-05,283.5823203013217,-0.0016157440788580873,1.047047832471602e-05
1987-09-26,-0.026312018392112967,0.0008592251162071013,-7.3453647229951e-24,0.0,1.7154814496552203e-05,283.6266135558795,-0.0016234710465295843,0.00014791188932531955
1987-09-27,-0.01445390342992578,0.0008867247461599146,0.0011742658309792846,0.000538915585158235,4.4280978835235206e-05,277.0030439488183,-0.0018512276816839554,0.003762765369142831
1987-09-28,-0.015513654987690813,0.0008547689113239784,0.0029894582744821093,3.7400230849530066e-07,0.00011439721420996607,274.9122686619588,-0.0012791336824496586,0.00013248942318016505
1987-09-29,-0.017165638716880885,0.0008505634163732583,0.0022991058292137477,0.0,0.00012731696294862672,276.86616574303576,-0.0011406313038646839,1.7292762918593539e-06
1987-09-30,-0.02104270668689814,0.0008465308422422679,0.0014496711687853106,0.0,8.851823286484864e-05,278.7312567651609,-0.0013805614195048473,8.52346317969932e-07
1987-10-01,-0.022671230347816557,0.0008422372031346553,0.000849434660428437,0.0,5.103591934772535e-05,280.9260227253658,-0.001287963015085223,2.1547986079895054e-06
1987-10-02,-0.021270017713139962,0.0008383405915761399,0.0005181666372410547,0.0,3.743771526773098e-05,280.0576331036239,-0.001293661009709714,1.720058833143412e-06
1987-10-03,-0.024517350488126616,0.0008341185117171982,-7.3453647229951e-24,0.0,1.8749301884807438e-05,281.1608148456294,-0.0013871409398856136,0.0
1987-10-04,-0.024168459203957167,0.0008298982839799871,-7.3453647229951e-24,0.0,8.314753235396692e-06,280.98797811806315,-0.0013012705991665523,4.351138045421976e-07
1987-10-05,-0.019435738187051764,0.0008258073680144919,-7.3453647229951e-24,0.0,3.9741375857153855e-06,276.7529288469735,-0.0010531445449523333,8.52346317969932e-07
1987-10-06,-0.016613982196918318,0.000821847110818335,-7.3453647229951e-24,0.0,2.7037083597506507e-06,276.2053036950178,-0.0009274911293286388,6.04723859049631e-06
1987-10-07,-0.01774670272055319,0.0008177779993768466,-7.3453647229951e-24,0.0,3.1493014871737384e-06,277.91103640339026,-0.0011230540372389186,4.261732051702438e-07
1987-10-08,-0.015856239123869752,0.0008154609109048791,-7.3453647229951e-24,0.0,9.990092051231257e-07,277.68835090737787,-0.0009025245494509148,0.0002619951046294336
1987-10-09,-0.005054689480760003,0.0008113558514643524,0.05648728997469397,0.013941648589857554,0.0,269.9202601545948,-0.0004436848158974432,0.014288914568341093
1987-10-10,-0.00976355651677665,0.0008165732783786322,0.10836303481049907,0.0007310721202421997,0.0008029158695437815,267.2491080073987,-0.0007886745214546469,0.0007428635255614687
1987-10-11,-0.014123438778570144,0.00082829131581689,0.0842080556291196,0.0,0.0019286898422544285,270.0909082480968,-0.0008821824281397513,8.52346317969932e-07
1987-10-12,-0.016139731863460974,0.0008301416696128198,0.0670129233609934,0.0,0.0022827082097867115,274.7516334231964,-0.0011044605135244166,8.52346317969932e-07
1987-10-13,-0.013227747869020128,0.000795763512115694,0.05236356631061677,2.8009763208486267e-06,0.00022081026838997666,275.2967042797254,-0.0009689340578381626,4.475820535993846e-06
1987-10-14,-0.0073281853212475104,0.0007985065043982813,0.05755764661311206,0.0023355297112869007,0.000636530250816022,272.8394132028641,-0.0006333634488831807,0.002543287762140824
1987-10-15,-0.005654130909739242,0.0007911961799287526,0.061046420742113944,0.0031735900221234667,0.0004066921728478987,271.70106928406915,-0.00047921895517804533,0.003460457679975045
1987-10-16,-0.009577515856020869,0.0007859111505713166,0.08790901600753297,0.0019070559765322734,0.0004093592176161244,268.36614242381296,-0.0006996473339570445,0.0019285392794855672
1987-10-17,-0.012595129467673221,0.0007894309395450657,0.08145446202624766,0.0,0.0009392716285199095,271.95171563459206,-0.0008032277047549937,0.0
1987-10-18,-0.007848132549032653,0.0007802795218882589,0.08185193767655366,0.0027754264278600444,0.0006004781435943594,269.17096095614966,-0.0004689205374758123,0.002860171916098406
1987-10-19,-0.0044294544785036215,0.0007692343097622113,0.1072623330096516,0.005026226431804863,0.00015573695007353855,265.81797224788346,-0.00042370380044488593,0.005071698177779437
1987-10-20,-0.007125201998120648,0.0007660675183527887,0.11988523091749058,0.000552315643783343,0.00023235549024269405,264.90608254125567,-0.0005003582991364986,0.000555640054904539
1987-10-21,-0.01198289661252566,0.0007879525254675224,0.11189065994291432,2.062590108752924e-09,0.001977563177966802,270.6089730056217,-0.0005384617153618295,0.0
1987-10-22,-0.010275253594595161,0.0007710006445814662,0.09630703970986347,0.0,0.0010615116311500303,270.59932942219825,-0.00045978242668223257,4.3893959400520544e-07
1987-10-23,-0.010507666711079874,0.000779927787134203,0.08484116606344162,0.0,0.0019064941732896924,270.412271388282,-0.0003937382072126125,0.0
1987-10-24,-0.007840519023817138,0.0007731693949403064,0.07097043829449153,0.0,0.001666805880554652,271.6593398688653,-0.0003343220000381524,0.00012121581088351666
1987-10-25,-0.009736948725530657,0.0007540532256250328,0.05931904535958098,8.250360435011697e-09,0.0007787534788166737,273.0669507172148,-0.0005095395243774027,8.250360435011697e-09
1987-10-26,-0.01034665878041316,0.0007446015958732131,0.053453003619350285,3.903344441941903e-05,0.00036104611715691244,273.3679274039978,-0.0006602990235817635,0.00037559457744452897
1987-10-27,-0.0102196104698262,0.000742595579664586,0.04923341682850754,-3.9988991904393437e-10,0.0005866091824689154,272.14150871305594,-0.00037345198630276376,1.2874602361989673e-06
1987-10-28,-0.013076672656724683,0.0007455276567383674,0.04297932482933145,0.0,0.0009993683483641028,274.7296453716616,-0.0005414347285352184,4.351138045421976e-07
1987-10-29,-0.015068082822918218,0.0007413102071837517,0.035106824167255184,0.0,0.0009965248048137137,275.8301761972029,-0.0006923932413765266,8.52346317969932e-07
1987-10-30,-0.009713312032195809,0.0007505802448186498,0.027411566840277783,0.0,0.0013946822007833903,275.9575029541993,-0.0007055119143030739,0.0007778871867566559
1987-10-31,-0.00979689011971156,0.0007316092986845028,0.01958044594515066,0.0,0.0008541119553275028,276.31052913773533,-0.0007056480452502516,0.00013171841865835884
1987-11-01,-0.008549817832513046,0.0007227212190628053,0.01397808527542373,0.0,0.0006259065437114844,276.82823908890265,-0.0006274181749608558,3.4656523627031397e-06
1987-11-02,-0.0017261597312102884,0.0008256601243369323,0.013205662959039549,0.001115779166167739,0.0002553740379500524,274.5864926713559,-0.0006176500218146939,0.009005191797023863
1987-11-03,-0.007257244302391333,0.0007380455058846771,0.017679735316619587,0.0002731501130060961,0.0005861956857692051,275.14501667920706,-0.0010995615568369797,0.001993914490979691
1987-11-04,-0.008331823567886138,0.0007044832080097523,0.015416262064500943,5.623336228947182e-06,0.000207851288345574,274.34492554817274,-0.0004620539908439427,7.607185902982773e-06
1987-11-05,-0.010395655145416153,0.0007038526447479336,0.01360106962099812,0.0,0.0003736914677471765,275.3679435428253,-0.0005753325182670928,0.0
1987-11-06,-0.009594009210497648,0.0006976699256627573,0.0106835661634887,0.0,0.00021600381255486593,274.3343703526786,-0.0004572222682799997,1.696888673103462e-05
1987-11-07,-0.004742019972895499,0.0007008677822048382,0.01815192443502825,0.002340710937640088,4.747247923228701e-05,273.3290810737682,-0.0006389408188182756,0.0033653332183021614
1987-11-08,-0.009389859639992148,0.0006923364043909277,0.02422003737052731,0.0,0.0002969440893601563,272.39231626507024,-0.0003034951807247044,1.7106532936850272e-06
1987-11-09,-0.010506314493842045,0.0006889961870376674,0.02196736883533428,0.0,0.0002857440461715063,273.2517461579174,-0.00034237517791110914,8.52346317969932e-07
1987-11-10,-0.009686627588366385,0.0006854751352536478,0.019113084466219402,0.0,0.00025801049113947125,274.4919652058805,-0.00026531838469922886,8.52346317969932e-07
1987-11-11,-0.008558044662583345,0.0006817848668933589,0.01726455832156309,0.0,0.00021163444692468914,273.0281539313538,-0.00019783626105320657,4.351138045421976e-07
1987-11-12,-0.008248870192611286,0.0006785899569085763,0.015702242231638422,0.0003946111616441759,0.00018624699343059025,272.51088628750966,-0.00018749504460621692,0.0004185044159323483
1987-11-13,-0.007026440385034529,0.0006780011505730408,0.03549993195327213,0.003463934475587587,0.00031166836240534057,272.15856398745893,-0.00032731854898781425,0.003532530931327357
1987-11-14,-0.00307349805946404,0.0006727066922322505,0.05131941685793315,0.009136722986139148,1.1911015894453405e-05,272.04097222653263,-0.0003686167331317724,0.009757705748417956
1987-11-15,-0.003978982441506143,0.0006669202430100091,0.16293995887770718,0.011655544430690971,0.0,265.42168018822395,-0.00038650858684279824,0.011726270826420596
1987-11-16,-0.00378672542881831,0.0006640745421587411,0.1745610066501883,4.402878510076448e-05,0.0,260.1189083128101,-0.0003540260548898056,4.799377783543646e-05
1987-11-17,-0.0023558802776417493,0.0006613118500359315,0.1870974668226224,0.003569111459504414,0.0,261.814433315155,-0.00024774250190305174,0.003576179648415985
1987-11-18,-0.006072777686482769,0.0006668707408473991,0.1948449086334746,0.00011151157698388828,0.0005575386691564894,262.26702644865395,-0.0003421089564592152,0.00011407559544638498
1987-11-19,-0.007595529874502603,0.0006762263128312968,0.18388202904307913,0.0,0.001323168602703655,267.1615382839282,-0.00044262146124732026,-4.0072834341466825e-09
1987-11-20,-0.008102481521792331,0.0006822480657006388,0.1696446305614407,0.0,0.0018375445009961642,270.50340009139757,-0.00036271060106612876,8.52346317969932e-07
1987-11-21,-0.007481946783550715,0.0006774295184571865,0.15239593448387476,0.0,0.0016742857373030174,270.34938631937774,-0.00048080676545699446,8.52346317969932e-07
1987-11-22,-0.0031552106815542877,0.0006509499866410163,0.1415509872292844,0.0014641059320525261,0.00020296151860285614,267.0394371485307,-0.0003181563290414837,0.001468787306012956
1987-11-23,-0.004124047729255117,0.0006484076970041135,0.15433342712747175,0.0004617343893495657,0.0002109154132799914,263.72930996206975,-0.00038867917879994985,0.0004621790794653271
1987-11-24,-0.00447631513668319,0.0006427988830932789,0.15918244615112997,0.0014203307823946248,2.7455820959840118e-05,263.4356942652758,-0.000386477705869971,0.0014227265531811019
1987-11-25,-0.0036755485807434987,0.0006422655562223014,0.1586369228901836,0.00027904356435193853,0.00015641932012671133,264.4220214994614,-0.0003311158089482852,0.0002811997622743702
1987-11-26,-0.002274957753844181,0.0006371526899984328,0.1774969011152307,0.004251752616995472,0.0,265.15317767802384,-0.00022832515233822464,0.004257031029124773
1987-11-27,-0.004676281606073434,0.0006380705846905035,0.1842813437941384,7.272524348760056e-05,0.00021840556193206272,264.54012581273884,-0.00027779900695139406,7.382287817486262e-05
1987-11-28,-0.005871759254043385,0.0006462552789914406,0.17825736927671848,0.0,0.000875375828163772,265.5625269686884,-0.00027826639934111453,0.0
1987-11-29,-0.004689016963465739,0.0006355234121872207,0.1702361313412194,0.0,0.00037080531487357143,264.6863564636748,-0.00025436945133290047,1.7106531977617578e-06
1987-11-30,-0.00690832540477063,0.0006407682841780496,0.16364548390419023,0.0,0.000829902367066529,264.28513166639544,-0.00032573496386156245,0.0
1987-12-01,-0.005032076758179961,0.0006352364175063744,0.154573659663371,1.2758593101285947e-07,0.0006441403664438065,264.3584734850235,-0.0003436842333462279,9.848572658818043e-07
1987-12-02,-0.005418372019536079,0.0006240996937293791,0.14845727033309794,0.0003607685409360013,0.00012932709381405244,268.8346798855482,-0.0004130464868020204,0.00039937241939501573
1987-12-03,-0.005687675275708323,0.0006263649227928981,0.15128741650482583,0.001120567995276155,0.0004088755507590407,270.54670237956077,-0.0003507323878801475,0.001143112172423756
1987-12-04,-0.006832383110024835,0.0006426933121546515,0.14503493371880888,0.0,0.001531344938412898,272.6305722741308,-0.000317936268566692,0.0
1987-12-05,-0.0049806249427930115,0.0006336057926975402,0.13369779712511773,0.0012107150955388776,0.0008296833536719198,272.2723920071417,-0.0004127103003994221,0.001923501424191776
1987-12-06,-0.005268036814059241,0.0006232921686549646,0.13348170278660548,1.920587093816639e-06,0.0006611124417707746,269.33215426500686,-0.0003357349058329049,2.356100791830594e-06
1987-12-07,-0.005219211349379546,0.0006112809908592096,0.12774646708745294,0.00028549357827773874,7.381574329683337e-05,270.8668659375437,-0.00037645404411237795,0.0004239885819484149
1987-12-08,-0.0048841752827504265,0.0006072218135251838,0.12910372344338514,0.00041795709291420416,0.0,263.8331280904077,-0.000307970417210948,0.00042004285468192915
1987-12-09,-0.0042388872322389635,0.0006048260098796781,0.12980051274129004,0.00029217622290223335,0.0,262.60262636949784,-0.0002498230765347427,0.0002937641516297002
1987-12-10,-0.005655593538688402,0.0006052825578861991,0.13572747469397362,0.005799599981072259,0.0,269.3237238594817,-0.00044918860608743414,0.006469347625437161
1987-12-11,-0.0069974727802357434,0.0006001288607969123,0.16738299641007537,0.0012816327524050482,0.0,262.59152021246445,-0.000607866383457588,0.0013082547711997382
1987-12-12,-0.0018815751382186589,0.0005977910622365057,0.189731288988936,0.0036297169445598195,0.0,256.68792379418784,-0.00023976698686174083,0.0036344958408052264
1987-12-13,-0.0011013194834445157,0.0005954665652776168,0.26415371939736343,0.003662240391565582,0.0,254.20556555135553,-0.00010806950872058923,0.003665929914822336
1987-12-14,-0.0016497315912596924,0.0005931801210015507,0.2612771359316149,0.00012387968810264675,0.0,249.98652867319,-0.0001068297079053976,0.0001278481746124009
1987-12-15,-0.002099024163464369,0.0005908904776061322,0.24566983727636535,0.0,0.0,253.7008608442691,-0.00014582968259093453,1.2874602361989673e-06
1987-12-16,-0.0029797022372989334,0.0005886040333300661,0.23440120718573448,2.0907486731049706e-05,0.0,257.2428730715017,-0.0002506390150825856,2.1328562294749675e-05
1987-12-17,-0.0040642399824945274,0.0005959117479917021,0.2262054845662665,7.512864504156814e-05,0.0005067245203391308,263.7958948886103,-0.0003094307467930735,7.945600535866897e-05
1987-12-18,-0.003905732879194163,0.000591119130452474,0.21950701984757534,1.5302924281459746e-05,0.0003712546964318066,263.61207269140556,-0.00024788657276980625,1.5923616576329462e-05
1987-12-19,-0.0019625774295316577,0.0005817814061870683,0.2381968812529426,0.005187333892967741,0.0,261.86534403856643,-0.00019952945284924266,0.005190763567789207
1987-12-20,-0.0022727439632523536,0.0005795231646737137,0.26753214748116766,0.000356877043759082,0.0,255.37764833022874,-0.0001551815976867568,0.00036040463676387957
1987-12-21,-0.0033872608663672106,0.0005772649231603591,0.2594292994497411,0.0008037053469547446,0.0,261.0333014270905,-0.00024818434343162904,0.0008099431370935061
1987-12-22,-0.001772589518525506,0.0005749768793246166,0.2612633426759652,0.0023547834006406496,0.0,260.23716334254954,-0.00018611881818811774,0.002360025201730968
1987-12-23,-0.0013267065340516258,0.0005727468405739736,0.3131365587482345,0.005783973587939968,0.0,258.61751312140916,-0.00019045288827122946,0.005790686539954116
1987-12-24,-0.0012973457322282306,0.000570496849421054,0.3362004914077213,0.0018050535292611957,0.0,253.4876586174112,-0.00014605251072490283,0.0018100192449045
1987-12-25,-0.0011268819624421287,0.0005682585603099759,0.323968862185146,0.00015892936600803655,0.0,252.94127901440066,-5.565996223923851e-05,0.0001634223041595488
1987-12-26,-0.0009880003198391974,0.0005659870171951036,0.32196332281367707,0.0007872513711115735,0.0,261.2747277908182,-2.2639178455212695e-05,0.0007907512330943025
1987-12-27,-0.002175724439028293,0.0005637585780041367,0.3245941564412665,0.0003060748811158757,0.0,264.07440188779674,-0.0001643801497369163,0.0003076582809958485
1987-12-28,-0.004012922151277295,0.000565595588104873,0.319360075697387,1.4063497047639837e-07,0.00021314841963477056,260.23846507027554,-0.00026861399327967803,3.5768427190403004e-06
1987-12-29,-0.005393097966404284,0.0005592734968594913,0.31092894818149724,0.0,0.0,266.60119435657,-0.00040406268616180636,0.0
1987-12-30,-0.0015857125827148134,0.0005570384068677654,0.31515175339865825,0.001970708307068227,0.0,259.0167226414223,-0.00016694162356651436,0.0019783288408807445
1987-12-31,-0.0006761888494599338,0.0005547884157148459,0.3380412013741761,0.0013869928017174458,0.0,252.89103120060292,-7.234094927539934e-05,0.001391236896511929
1988-01-01,-0.0022735665578626644,0.000552576477244749,0.3471440604402071,0.0006880581084281038,0.0,254.0052602663777,-0.0001307275188339632,0.0006929533523546599
1988-01-02,-0.0026953772636456683,0.0005503198352910705,0.344395754252001,6.09937360731222e-08,0.0,256.72279489736326,-0.00016624411031351252,1.3498300005025582e-06
1988-01-03,-0.0012203616611028124,0.0005481243975418436,0.34935787797198686,0.001529599503103623,0.0,254.2049692588562,-0.00013795418738476976,0.0015322917685440232
1988-01-04,-0.0022938074701923435,0.000545899157470229,0.35565426928848876,0.00012057602910672206,0.0,252.7185872216234,-0.000133508048151846,0.00012271912745621187
1988-01-05,-0.002579381615765351,0.0005436888185598082,0.3513801991378296,3.397496322454032e-06,0.0,254.7239570617676,-0.00013991686815427521,4.8767542758767095e-06
1988-01-06,-0.002082582036990904,0.0005414835308904702,0.3473210738877119,8.019266155479992e-06,0.0,256.09826269706537,-0.00012675810626334392,8.442004419369672e-06
1988-01-07,-0.0020091251212324803,0.0005392681407389668,0.3433019490789784,2.2627371179181977e-05,0.0,256.2569724296671,-0.00013040367640176063,2.4581309046772146e-05
1988-01-08,-0.0009785778189109545,0.0005370676517486572,0.3511887027718927,0.0017851217739326133,0.0,255.9794073446098,-0.00010304577585499166,0.0017896828341050339
1988-01-09,-0.0012005682887330567,0.0005348738135591065,0.36659737854578633,0.0014257252974025276,0.0,256.87440751142196,-3.5984852051330824e-05,0.0014280844374565083
1988-01-10,-0.0025368220893676676,0.0005326882257299908,0.3711829463865349,0.00034802036601944836,0.0,262.7492643273708,-0.00012622019644342576,0.00035091387682208895
1988-01-11,-0.0030956243054341462,0.0005304959871001163,0.3700654627913136,0.0046109509375472525,0.0,265.9168425306762,-0.00019089060988129874,0.004707492610150552
1988-01-12,-0.0016880581776301067,0.0005283186496314356,0.4178505877766008,0.0035134791528101026,0.0,257.34687099708225,-0.00020830040681833604,0.0035456819722881425
1988-01-13,-0.001996690396871944,0.0005260817075179796,0.42398927620350757,0.00027356654573968574,0.0,257.62776398883256,-9.059976512766155e-05,0.00027548643828785357
1988-01-14,-0.003585799476184414,0.0005239110208500576,0.42055337622116296,0.00011611117397324514,0.0,262.9183244076601,-0.0001582781347514546,0.00011955294231910493
1988-01-15,-0.006380361183888495,0.0005217318312596467,0.41004061654013657,4.499813931136482e-06,0.0,269.306892703931,-0.00038006945939387306,6.2162290548854235e-06
1988-01-16,-0.004551345934975619,0.0005195278905879306,0.4309523415430791,0.0043528972162028496,0.0,262.6466436152629,-0.00037128236776186254,0.004393074505644383
1988-01-17,-0.0027623682540688812,0.000517391804921425,0.4332939765772128,0.00028229243842895423,0.0,258.68657388705094,-0.0001736866510183798,0.0002897163905616635
1988-01-18,-0.0010706199764531886,0.0005152259169325317,0.4346976702271657,0.001181756140990446,0.0,255.9297802847882,-0.000103570336718007,0.0011855284575381377
1988-01-19,-0.0037658299598316686,0.0005130584293839621,0.44468398731756126,0.00010423705318553302,0.0,256.62942113714706,-0.00018509097481514774,0.00010681621961082342
1988-01-20,-0.002726786596290136,0.0005109074425562627,0.43882943995703866,6.126313559753074e-07,0.0,254.92343316733727,-9.278149612374226e-05,1.8982035646722016e-06
1988-01-21,-0.0019659876907612644,0.0005087514044874806,0.46869022922551795,0.005377716053340395,0.0,261.0092132338472,-0.00014516299243195585,0.00538398705898422
1988-01-22,-0.003922733967587099,0.000506582317379235,0.4818975013977166,5.9280986503019175e-05,0.0,261.15693158798075,-0.00010032470385401936,6.0968306880660474e-05
1988-01-23,-0.00453984076525532,0.0005044212280693702,0.48954678120586165,0.006280834539293569,0.0,263.6409430279346,-0.00036085915283463096,0.006333286125747067
1988-01-24,-0.0018249928193577265,0.000502256939640153,0.5549206060204802,0.00549178766244549,0.0,257.6983850518638,-0.0001706475402507405,0.0055041648838644475
1988-01-25,-0.0024742559861328645,0.0005000726988086593,0.5763049799170198,0.0029821541728609698,0.0,260.11064221585093,-5.724121642819906e-05,0.0030095886543296015
1988-01-26,-0.004344342707914148,0.0004978884579771657,0.5796307637417609,0.000319209770630982,0.0,262.12228134212745,-0.0002201614996134225,0.00032339263547801037
1988-01-27,-0.0055388657555068286,0.0004956858643030717,0.5645816321651366,2.0270209527958584e-07,0.0,266.1870237052329,-0.00023456118832537013,1.6219792947893152e-06
1988-01-28,-0.006573237520826739,0.0004935181241924481,0.547163049155485,0.0,0.0,269.818254596545,-0.00030802544943020173,1.7196749695358449e-06
1988-01-29,-0.005229236210806896,0.000491338682039983,0.5266745472133946,0.00015620996723067292,0.0,270.9224157530934,-0.0004065024882218259,0.0001604475626305368
1988-01-30,-0.004446871957536471,0.0004891310371248062,0.5324633467219868,0.004273645706095938,0.0,267.1908868980049,-0.00031617382741243826,0.004338832739375387
1988-01-31,-0.001304484188219922,0.00048694814329093463,0.6223280164930556,0.01007688281226293,0.0,259.5449662792256,-0.00025585159596245167,0.010085461099264054
1988-02-01,-0.002034821416025108,0.00048473704669435146,0.6849728456773777,0.002176698970761003,0.0,254.99076136716567,-0.00014094703194111755,0.002180564571244309
1988-02-02,-0.003064126449789705,0.0004825408512589623,0.678879904881709,1.6256745925730907e-05,0.0,255.804794002612,-9.643505353712094e-05,1.653954607738887e-05
1988-02-03,-0.0032445418380074587,0.000480369406904878,0.6675259864936441,5.957054889808267e-06,0.0,255.71677245662715,-0.00010796318535750869,7.972544625191934e-06
1988-02-04,-0.0028709790716737005,0.0004781599098679709,0.6693037072592986,0.001500941960319961,0.0,258.5954961040375,-0.000148992948655018,0.0015073074626707626
1988-02-05,-0.0016677622909599778,0.00047600496623475673,0.7057174423993644,0.0041704850302914445,0.0,257.26238938958414,-0.000140364329188557,0.004173973892939347
1988-02-06,-0.003336986200620899,0.0004737723176762209,0.7133370667078626,6.588297964489394e-05,0.0,262.0789013842854,-9.432768628085401e-05,6.90116855493971e-05
1988-02-07,-0.005006784604767622,0.0004715942225213779,0.7006610647657722,0.0010778425987494195,0.0,263.0889640025051,-0.00025991454594216103,0.0010829364313886764
1988-02-08,-0.0026721640747819245,0.0004694326280874048,0.6956203194885828,0.00435114986563133,0.0,263.4506866541287,-0.0001697982950820088,0.004357781686260849
1988-02-09,-0.0024105706962488467,0.0004672313814109328,0.7213024419579803,0.004634474819831256,0.0,263.93565791070796,-8.519081198899761e-05,0.004644904870766446
1988-02-10,-0.0022230413926523284,0.0004650482350150071,0.7689234272010359,0.004342840952893436,0.0,261.2211373503374,-0.00023446865064107768,0.004347371255105078
1988-02-11,-0.0036791007818475284,0.0004628932913817929,0.7856994743850048,0.0038234046370969658,0.0,263.4937685878488,-8.003445773643289e-05,0.003826336166952963
1988-02-12,-0.00880808799953784,0.00046071999490597824,0.7758147676112289,0.00014250117254122505,0.0,268.5421402207427,-0.00047138472755918395,0.0001448167077224537
1988-02-13,-0.004871311665928297,0.00045853684851005253,0.7430971652100988,0.0014784888990518066,0.0,267.7829733954536,-0.0003469185009177796,0.0015035651331949196
1988-02-14,-0.0045921922066790915,0.0004564082555178195,0.7573541041372412,0.004353753338425847,0.0,262.87749531129884,-0.0003522575259377054,0.004359751717649391
1988-02-15,-0.004047515744206596,0.0004542796625255865,0.7546602813088513,0.001267457707116833,0.0,266.0315033612727,-0.00012101340870567635,0.001282577898463179
1988-02-16,-0.003278413692773399,0.0004521526690930297,0.7675266301789079,0.005002146639392874,0.0,262.1712199748124,-0.0003551186751679512,0.00507495777073677
1988-02-17,-0.004513918848360999,0.0004500256756604729,0.7815150603960689,0.000332279899026041,0.0,260.05520857974415,-9.387310615367136e-05,0.00033438744506674275
1988-02-18,-0.0035009559264964304,0.00044791358338910984,0.7771030576889125,0.0025126090073316113,0.0,262.43429652355934,-0.00016392707445863952,0.0025189983978433665
1988-02-19,-0.005574481340788179,0.0004457799391557942,0.7804109102813088,0.0002947561653320399,0.0,262.28451020120457,-0.0002850195613958068,0.0002964996011917201
1988-02-20,-0.009363249996624426,0.00044370084832617124,0.7738667001383004,0.0025236559873920376,0.0,267.16216930023023,-0.0004443361681733428,0.0025266526108285395
1988-02-21,-0.010410099590228776,0.00044163665865774214,0.7533749797698918,0.0,0.0,269.08895309721237,-0.0005853028157673313,8.52346317969932e-07
1988-02-22,-0.009033306338692789,0.00043955344264790165,0.7473337636829097,0.003457536342117073,0.0,263.455589642857,-0.0007411134192499066,0.0034755659067021347
1988-02-23,-0.004154340527151938,0.00043749750333990753,0.755732936823211,0.00043980907754036,0.0,257.88227922184547,-0.00025171801279493645,0.0004457583832459536
1988-02-24,-0.007018926116706288,0.000435437438851696,0.7452484533162667,0.0,0.0,262.3082658728189,-0.00020359957453894753,1.291544606374373e-06
1988-02-25,-0.010284899065723527,0.0004334046510653308,0.7303489785634417,0.0,0.0,266.23345631529384,-0.000326318887330718,8.52346317969932e-07
1988-02-26,-0.010673228461863632,0.0004313702637192894,0.7122269395156545,0.0,0.0,269.5354744575343,-0.0004018871745063087,8.52346317969932e-07
1988-02-27,-0.011137122067354493,0.0004293489254127115,0.6933179952330509,0.0,0.0,270.24731590788247,-0.0004386843397876638,8.52346317969932e-07
1988-02-28,-0.009000406721554234,0.00042734248826732744,0.6729683453978345,9.567429453639662e-06,0.0,269.5686929850031,-0.00037055967722908934,1.0130769115383341e-05
1988-02-29,-0.00932105584333172,0.00042535760308389615,0.6563511505414313,0.0,0.0,269.61174853552984,-0.0003681859411930634,8.52346317969932e-07
1988-03-01,-0.00698707741027498,0.0004233628679803536,0.6406495979725754,0.00022984035102661048,0.0,269.15411295055674,-0.00033379271416004096,0.00032248099644978845
1988-03-02,-0.003936921220041264,0.0004213960830774685,0.6522028289047788,0.003656732981319482,0.0,267.20176712941316,-0.0003217125764000888,0.003663463141182775
1988-03-03,-0.007433668115718216,0.000419434349415666,0.6554295311764361,0.00015295210615389767,0.0,265.4132135358907,-0.00030751455848836634,0.00017704253133741458
1988-03-04,-0.0056737495512612125,0.00041747261575386354,0.6926074126794963,0.007703758418391654,0.0,265.762356009187,-0.00040971624038818876,0.007771987142408335
1988-03-05,-0.006736883041212114,0.00041552233157184847,0.712562805290725,0.00024637116887475137,0.0,265.6206111009961,-0.00020771767249551875,0.00024983441763468383
1988-03-06,-0.007058213280755923,0.00041361515131373866,0.7003932457185734,0.00018974709308753582,0.0,267.97818207965287,-0.00026581299065028206,0.00021077077941032457
1988-03-07,-0.004576841190373157,0.00041168641909367624,0.7425658949799907,0.01024717376646349,0.0,263.8858665674644,-0.0004532102095541981,0.010392163348736737
1988-03-08,-0.008575616120281867,0.0004097741875944838,0.7813173570650894,0.0009698058336468067,0.0,263.3706586015202,-0.0002784819242223508,0.0009725995150654463
1988-03-09,-0.011369027281548346,0.0004078686068960503,0.7660960396804378,0.00011702782690188307,0.0,269.54455311374704,-0.00033146587047873247,0.0001187450130658229
1988-03-10,-0.0036466948814311267,0.00040599442807968055,0.8268746413753532,0.018326671278409368,0.0,266.25428448334026,-0.0004860496748301943,0.01840866104630569
1988-03-11,-0.002839377202556632,0.0004041434007849398,0.957671257062147,0.008873255997054323,0.0,259.2863560908259,-0.00036429535955359035,0.008876417701675614
1988-03-12,-0.0032181826941037584,0.0004022492695662935,1.0047839608345106,0.002326622710557981,0.0,256.18583483076367,-0.0001664021562805957,0.002330348135353753
1988-03-13,-0.003598892503539048,0.0004004048930723115,1.0128794524629237,0.0007826010512430115,0.0,253.79612132070656,-0.00020626527230955117,0.0007859998821333267
1988-03-14,-0.005286199309058108,0.00039855226621789456,1.0239802646098164,0.0027821224372265706,0.0,261.3391607539578,-5.752603276132864e-05,0.0027849753313433723
1988-03-15,-0.002895251842541883,0.00039669618768207104,1.030877811985052,0.0038560147128872953,0.0,263.5540238504356,-0.00020033849855769154,0.0038641333977919665
1988-03-16,-0.002640002275590843,0.000394876562269394,1.0492235316619587,0.002725935567401897,0.0,261.1339570348995,-0.00025606053318344267,0.0027306556701205413
1988-03-17,-0.005281565931894012,0.00039307343757758714,1.0571128141184087,0.0010226486976874075,0.0,257.7930492250259,-0.00031162630556161796,0.001027809342249037
1988-03-18,-0.006874418443879166,0.00039126871332610403,1.0372693767655368,0.00032060309234312027,0.0,261.8713415077626,-0.0001656618390211278,0.00032374668590513323
1988-03-19,-0.012367180764338393,0.00038946878775364933,1.0114311606197033,3.3154031314418815e-06,0.0,268.12136863449877,-0.0003605628659748762,4.5870993429388e-06
1988-03-20,-0.01500212502176479,0.00038769546538423014,0.974830756753178,0.0,0.0,271.6351410458093,-0.0006928203816888697,8.589872848173051e-07
1988-03-21,-0.013592041986810285,0.00038592214301481085,0.9367967738494587,0.0,0.0,272.3158161357298,-0.0007328669735267337,8.52346317969932e-07
1988-03-22,-0.011151055831693662,0.0003841967232483255,0.9221963828566385,0.004993513205462257,0.0,269.9970116408756,-0.0007629618785307233,0.005443111560743281
1988-03-23,-0.011172005811990317,0.0003824497515198875,0.913930544520951,0.0012559470652186938,0.0,267.9194897868988,-0.0005540937648317909,0.0018872466600845207
1988-03-24,-0.01014877607425054,0.0003806564767481917,0.9224798342602403,0.004258598921831045,0.0,265.3486200824745,-0.0007687998819822646,0.004327422481472209
1988-03-25,-0.009093568612963466,0.0003789409069018176,0.928121735596163,0.002669936645839174,0.0,264.2861478557695,-0.0006077978339067287,0.0027187150076957746
1988-03-26,-0.012761942747622561,0.00037722213793609107,0.926180104975871,0.0003414024404213253,0.0,268.94729417775756,-0.00045644138324058665,0.0003483903609076999
1988-03-27,-0.015899326420773224,0.00037554302121286344,0.9031628394979991,0.004238107741552558,0.0,272.22604860424326,-0.0010166793514442983,0.004763631396859332
1988-03-28,-0.0073058611087206396,0.0003737992486037777,0.9328335117261065,0.004240161660364119,0.0,261.5777342629298,-0.0008602502445379894,0.004245391201735944
1988-03-29,-0.005713614324728648,0.0003721201318805501,0.945458708509887,0.001347068086855829,0.0,259.9457222854126,-0.00031073853415621207,0.001352596198669315
1988-03-30,-0.0044148897299658785,0.0003704442142766748,0.9594478283898306,0.003971543499810547,0.0,261.3980469820414,-0.00018183023032158782,0.003981756911337093
1988-03-31,-0.008648353739310121,0.00036875684719301217,0.9885076892802495,0.0007617652921353356,0.0,261.5910448121037,-0.0003510949775408217,0.000762747926786929
1988-04-01,-0.013062966619170993,0.00036711233147120075,0.9715081913547554,1.6500720870023394e-08,0.0,265.7534038701749,-0.0002970823723465036,4.51614525412221e-07
1988-04-02,-0.01636851482135428,0.00036547286699047197,0.9500173795021187,0.0,0.0,270.6183868918266,-0.0005008729522005987,0.0
1988-04-03,-0.015208953181229069,0.0003638169017888732,0.9244727298140302,4.189772962850366e-06,0.0,272.10386204405245,-0.0007359720450841775,5.667627183138291e-06
1988-04-04,-0.016843202255539976,0.00036228174543650137,0.8996768240201272,0.0008109898048605623,0.0,271.28146431989364,-0.0010968015639711236,0.001698498149499437
1988-04-05,-0.012359263449065431,0.000360572573828832,0.8919622561352402,0.001184184651421962,0.0,265.4492686966719,-0.0009217799488602387,0.001217687736134664
1988-04-06,-0.017269824142173186,0.00035897276159060204,0.8813607598428673,0.0,0.0,272.2247930803317,-0.0005817734925760388,8.489872129757714e-07
1988-04-07,-0.019036070859364873,0.0003602529144556509,0.8561407114377354,0.0,0.0001666350132327969,275.91865589838693,-0.0010529488725008937,2.596071283278434e-06
1988-04-08,-0.01063811593810044,0.0003635161003824008,0.8441964417078626,0.007227592717456281,0.00014112585639886266,270.3440462209411,-0.0013528757723374556,0.009040802430903657
1988-04-09,-0.007870318862677968,0.00035421962791917013,0.8996356741407722,0.0030816348932557187,0.0,262.82141899209466,-0.0006258181890862137,0.0030986374716283505
1988-04-10,-0.013499304483839347,0.00035261476443985767,0.9098840630885122,1.6161656312349826e-06,0.0,264.1461960815889,-0.00047440077625425525,2.0360879255654347e-06
1988-04-11,-0.019396273177222343,0.00035107615640607936,0.896065749691031,0.0,0.0,271.30479966359405,-0.0005484804679444955,2.1487467165570706e-06
1988-04-12,-0.021622405718948884,0.0003585504778360916,0.8739287238112053,0.0,0.0005148888939181291,273.8896249961494,-0.0008744478941300496,1.7143424315690936e-06
1988-04-13,-0.017562886584276537,0.00035846258624125333,0.8443311558380414,0.0,0.0005969989013537175,273.9864474115174,-0.0008682477640482667,1.8473264085424607e-05
1988-04-14,-0.015677677793691388,0.00037904875089893233,0.8122298820768599,0.0,0.0018604024508073506,274.1561677541212,-0.0006302377409012304,1.9756521737369344e-05
1988-04-15,-0.018045814192227727,0.00039167634848147467,0.7756593635975754,0.0,0.0025060041623432084,274.4227610837718,-0.0007634141329823241,0.0003531459664726867
1988-04-16,-0.02030425573472923,0.0003978755682875208,0.7390653965836865,0.0,0.0028939206826653183,275.5634544106751,-0.0008746961626292623,4.291056237398564e-05
1988-04-17,-0.014973639852583072,0.00039445082683347714,0.7043024842572976,0.0,0.002234051993253541,274.98478384431024,-0.0006851189122614215,0.0011089974877069764
1988-04-18,-0.012540281197782291,0.0009691152868971314,0.675656191148776,0.0,0.0036308000358821315,274.32661128717626,-0.0005652662103543174,0.0038234060597608856
1988-04-19,-0.005525965769748903,0.0005528888123183601,0.6680011641507769,0.004630796779683755,0.002821950136689143,273.2423831738546,-0.00031358322475926354,0.009726480491417276
1988-04-20,-0.014518992712268723,0.00035986523170255673,0.6695788827095104,0.00015507979413210336,0.0008117986032686664,273.12223130565576,-0.0009513248789445156,0.0015113566217099745
1988-04-21,-0.006224897747996165,0.0003560210688639495,0.6619114417814266,0.003783665239642569,0.00020780323841477523,272.29050954542146,-0.0005902706324464858,0.006412423852473329
1988-04-22,-0.0034875477016982387,0.0003417122498743952,0.7193249488729991,0.008677214026282737,0.0,269.41481141630993,-0.0006611510521948001,0.009678492471894356
1988-04-23,-0.007161386774084662,0.0003339331702323957,0.7644357914754002,0.0031359864788203587,0.0,268.72985622168943,-0.0004724838144782573,0.003339836696771421
1988-04-24,-0.010188897745420703,0.000332792599995931,0.7780046768332157,0.002143683343452249,0.0,269.7579102632914,-0.0004483349042507889,0.0026431573631026024
1988-04-25,-0.004666514484222326,0.00033167678084077137,0.8084788062029191,0.011280034179404631,0.0,269.39148689887844,-0.0004849573492077785,0.011662530072920415
1988-04-26,-0.008561197520986115,0.00033053915716160494,0.8963862129972929,0.0033578397022128777,0.0,263.1155229952825,-0.0005843666261114644,0.0033615486937377953
1988-04-27,-0.014276404502028129,0.0003294680414900268,0.8965052947710689,0.000445219104067754,0.0,266.404507060509,-0.00048509391161513193,0.0004561865060342907
1988-04-28,-0.018273273809144727,0.00032843817762062374,0.8870256499382063,0.0,0.0,271.3915678875594,-0.0005802621928143637,2.5704157451400533e-06
1988-04-29,-0.017963965565471328,0.000363829782453634,0.8651672478225048,0.0,0.0016129503689580045,275.1488263117616,-0.0006491166913071594,0.0008319740430157912
1988-04-30,-0.021589251224604034,0.000393818158887874,0.8300657110699153,0.0,0.0027701735791176726,275.84554217494815,-0.0010420174921973277,0.0005134769894410746
1988-05-01,-0.007041717779501684,0.00036340084789836474,0.846896701388889,0.012042498752727348,0.000615683147462748,271.31459907847835,-0.0009073428283471846,0.014039519429104532
1988-05-02,-0.009965336255434543,0.00032441848415439413,0.9002271749205509,0.004424762086006208,0.0,267.8650041964544,-0.0008084747919255059,0.004432649009645322
1988-05-03,-0.014729771994601536,0.00032351633249703103,0.904897111508357,0.00015853452733007527,0.0,267.3082931001308,-0.0006474950324512471,0.00016164798182029502
1988-05-04,-0.01903691058610119,0.0003226522335224906,0.893476525717985,0.0,0.0,270.36162924182844,-0.0007330856712187751,0.0
1988-05-05,-0.026573172733608614,0.0003653557623847057,0.874217692517067,0.0,0.001869308051921554,276.0055845371972,-0.0011839672218019008,0.00017547492916845312
1988-05-06,-0.02016837734960567,0.00033735934287141276,0.8387354619085452,0.0006830105926357421,0.0005524039352681004,275.50989389868556,-0.0013538209489930824,0.0012526709173439846
1988-05-07,-0.008875636352320849,0.00032041487047227763,0.9588995464777543,0.03505344137465213,0.0,270.7180574779906,-0.0009956644574380192,0.03549001370109408
1988-05-08,-0.009313682378348658,0.0003197513899560702,1.1131067653160311,0.007789517568666383,0.0,269.81610403761357,-0.0005772174835878577,0.00800839806781708
1988-05-09,-0.014570593202518207,0.0003191557644450732,1.1136182652130415,4.5093502533637875e-05,0.0,270.6222959651337,-0.0005754847710920593,0.0004297285453253865
1988-05-10,-0.015345008654446254,0.0003275118641934153,1.0843112751588984,3.595528124415942e-05,0.0003810659008847792,273.082393193649,-0.0004963072458818808,0.0007468312136870995
1988-05-11,-0.017363307797639387,0.0004913593921284219,1.0402581453772364,0.0,0.0038790919812722396,274.83448642076974,-0.0005379237739716547,4.351138045421976e-07
1988-05-12,-0.020106845951012975,0.001335515814312434,0.9836784405896893,0.0,0.009273813669122546,276.6463372756757,-0.0005282020133178112,8.52346317969932e-07
1988-05-13,-0.023351080336813206,0.0023807788972800737,0.9161124076771422,0.0,0.014099547250122675,278.4755901616846,-0.0006627310698820373,1.1203233038671343e-05
1988-05-14,-0.02237122484856406,0.0007679320156237499,0.8521744607756593,5.383233902818066e-06,0.0044578995113655675,275.7583752899745,-0.0011809797704977504,0.0005559359048179251
1988-05-15,-0.021745392579143333,0.0004652973453877336,0.8241028866525424,0.0,0.0027645564937995655,275.027279758633,-0.0011896950450573265,1.0490686878572074e-05
1988-05-16,-0.024424632558714875,0.00249148711646344,0.781878742570033,0.0,0.011240837664085594,278.47886108858216,-0.0008037842357646948,6.799975684004295e-05
1988-05-17,-0.02586157615743788,0.0029702992257425345,0.7188150581891478,0.0,0.015654872134748827,280.36833370158456,-0.0009825209176725588,9.567735885366861e-05
1988-05-18,-0.007729139663068588,0.0016086226129262463,0.6812725749617468,0.006141354913933803,0.0054461240221214844,275.50659563671627,-0.0002784491858660838,0.012324139267780034
1988-05-19,-0.006318110088675709,0.0004973896479202529,0.707557692590631,0.0047631130295958226,0.0003923705152872592,272.4244565622506,-0.000626913692781144,0.005916391270970975
1988-05-20,-0.015117422188237565,0.00042632963024290276,0.7276668800023541,0.0005096042854974499,0.0002043796124431373,272.4306207897524,-0.0009515756362323035,0.0008377921041985997
1988-05-21,-0.020017070116969824,0.0004593876458830753,0.7141465009269068,0.00019199236974877827,0.0005386738832724297,273.1595078089368,-0.0011264068090309533,0.0008265260248753175
1988-05-22,-0.02244723929186999,0.0005558989310668688,0.6977074689559793,0.0,0.0023292341390572027,274.75890237194,-0.0009662747004274595,1.7225742112714215e-06
1988-05-23,-0.023858890568805954,0.0015740913186369642,0.6691473836952684,0.0,0.006789331129715268,277.05296188828635,-0.0007508000790399348,8.50996627832501e-07
1988-05-24,-0.025585793379673177,0.002315742400406444,0.6212608782809559,0.0,0.013287920736323644,279.4317515098443,-0.0007059885199460608,0.0001815208944223695
1988-05-25,-0.022055598849293874,0.0039314171351955435,0.569862380090631,0.0,0.01578021777720101,279.6234355861858,-0.00039004470290100507,0.00011264606517750118
1988-05-26,-0.023645282717747875,0.004289393707857294,0.5166530573210922,0.0,0.015510968358839973,279.7298073346557,-0.0005995775388795777,0.001300571665251996
1988-05-27,-0.02504652999551956,0.003936404730640563,0.4645844367937853,0.0,0.015456913870438344,279.9470645200511,-0.0007175454280554912,0.0006442810436939041
1988-05-28,-0.031515811417399155,0.002771998192630919,0.4184432379943503,0.0,0.012307527332992878,280.85869710818076,-0.0014303665250371407,2.5685511104711622e-06
1988-05-29,-0.034924217831280274,0.002585334545474942,0.37593196430673265,0.0,0.012937589743211445,281.67759395319194,-0.0018573461763434491,0.0
1988-05-30,-0.028867396215597793,0.005097515670593176,0.32730637027718923,0.0,0.016397351409587483,282.4305463816038,-0.0012065153148046322,0.0013171974885261666
1988-05-31,-0.027891270563764087,0.0016865884348497553,0.3037497885034134,0.001909694123992139,0.003039693575626039,277.3912565227731,-0.0019068189680913074,0.003216848496203696
1988-06-01,-0.02447566911999115,0.0018880746964007448,0.2943066957980226,8.31350094854495e-10,0.004058406367308676,277.1181786890982,-0.0014481672248934623,1.4901161193847656e-08
1988-06-02,-0.024241913720376075,0.002461302920249896,0.2733685337217514,0.0,0.007011140407310368,279.00450219766793,-0.001306265655715587,1.4255474211146865e-06
1988-06-03,-0.026826797400490716,0.0044720261278799025,0.2472443374087806,0.0,0.01057539697168237,282.03847128657975,-0.0013539613050929573,8.563600886191125e-07
1988-06-04,-0.03236392708653111,0.00598776567790468,0.213005568797081,0.0,0.01305693257494835,285.29584815318077,-0.0014496531105984403,8.595970939495601e-07
1988-06-05,-0.033351229114384304,0.006295421029214807,0.1786336952683616,0.0,0.01254531467533381,286.7400114989775,-0.001669271023007436,7.582428902282694e-05
1988-06-06,-0.0349075656994588,0.007066112116905256,0.14411883165607345,0.0,0.012681504069580197,286.08470345980254,-0.0018450897818399691,0.0019481702544545151
1988-06-07,-0.03804884758372765,0.0047622254844439235,0.11691899129001886,0.0,0.008044475973662684,285.5133644865507,-0.0021538567008440104,0.0
1988-06-08,-0.04281678728464633,0.00448244313398997,0.09557645693561678,0.0,0.006666475475507942,285.25170135857246,-0.002421808807905448,0.0
1988-06-09,-0.03728689552195328,0.005447511450719026,0.0760268159280838,0.0,0.007217545714755517,284.4948063255928,-0.0020890685619186548,1.4208467616974195e-06
1988-06-10,-0.03993189469569147,0.00648421234330215,0.0550047448799435,0.0,0.008157996471318821,285.55840661790637,-0.0023118261100545444,8.058901560508599e-05
1988-06-11,-0.03305514346239931,0.007362830268461153,0.035744992128648775,0.0,0.006020450911952951,284.78304149246935,-0.002387562640390154,0.0029002480250967426
1988-06-12,-0.019812215140647134,0.009529541104526845,0.02296760975753296,0.0,0.004899040369664209,282.79886176761266,-0.002298306636933216,0.009405457636725845
1988-06-13,-0.013072452302706445,0.010530178998149722,0.01280427921963277,0.0,0.0028221484294718943,280.15918395478843,-0.0023105389275456553,0.020487237852137883
1988-06-14,-0.018955568472544353,0.014541788794900064,0.008749062058615819,0.0,0.0011093572076767851,278.059504600568,-0.0022979654887385964,0.0018137078837486313
1988-06-15,-0.02768534047287063,0.007597380691328965,0.006015238788841808,0.0,0.0011174118325198439,280.84633938561274,-0.002284856813060025,0.00012959172744266998
1988-06-16,-0.031590447166545244,0.006524584050905906,0.0034244056026365354,0.0,0.000901952364855567,284.273489634196,-0.0026455178046546415,6.763005070158632e-05
1988-06-17,-0.03256424604836157,0.005837804516830014,0.0017347317855461394,0.0,0.000537107177710129,286.4906128777398,-0.0026058445468881714,0.00023080367249333952
1988-06-18,-0.03467142464077406,0.005335679667144173,0.0008786303848870057,0.0,0.0002730233899954349,286.51022539300436,-0.002915951965303071,0.0013703104945600021
1988-06-19,-0.03550909215447594,0.004916052865443257,0.0003379347634180791,0.0,0.00011866567077609781,286.92317063570476,-0.002970637553660883,0.00024072408334850583
1988-06-20,-0.03750600354314524,0.00457306820794014,-7.3453647229951e-24,0.0,4.7410443677740586e-05,288.535718727471,-0.0028334671663025677,0.00023895244478295755
1988-06-21,-0.030584691776394175,0.004370881170876283,-7.3453647229951e-24,0.0,2.0963639694418614e-05,287.8421601800147,-0.0029959408987292467,0.00624204865435159
1988-06-22,-0.027826513568897034,0.004090029051748373,-7.3453647229951e-24,0.0,7.178150327865687e-06,288.324360967805,-0.002823578104334699,0.0035924041337536423
1988-06-23,-0.03243137925526517,0.003828931747183288,-7.3453647229951e-24,0.0,2.442485531844662e-06,289.00234125787483,-0.002921339908435857,8.128777062152067e-05
1988-06-24,-0.0347273063945905,0.0036640620164278544,-7.3453647229951e-24,0.0,8.131866737947627e-07,289.7609774451247,-0.0028974790189225793,0.0018188112046859048
1988-06-25,-0.03025560089423832,0.0035240264598932645,-7.3453647229951e-24,0.0,2.628118641632425e-07,289.04367118591193,-0.003067644207743602,0.003939405538222534
1988-06-26,-0.03521781751496644,0.0033702663445876815,-7.3453647229951e-24,0.0,8.004112432232012e-08,289.77833293476573,-0.0034597539000928742,0.003116199390934066
1988-06-27,-0.029423493576251854,0.003221414099305363,-7.3453647229951e-24,0.0,1.6500720870023394e-08,288.3364936986661,-0.0029250023581382247,0.002428156003276975
1988-06-28,-0.016098080002992166,0.0036461338990152223,-7.3453647229951e-24,0.0,8.250360435011697e-09,285.98895715903876,-0.0032879526248085975,0.010603640577785093
1988-06-29,-0.020560400886724225,0.003021197130451095,-7.3453647229951e-24,0.0,0.0,286.23951730171393,-0.0026539316095706435,0.0037809434415256916
1988-06-30,-0.029768869785939234,0.0028813856806458728,-7.3453647229951e-24,0.0,0.0,283.65512781807706,-0.0027864001649247727,0.0007399884151523933
1988-07-01,-0.03511217202843919,0.002779788048253895,-7.3453647229951e-24,0.0,0.0,285.06004523871763,-0.00284596764098453,2.1396781448856927e-06
1988-07-02,-0.037509468694527946,0.0026916753774308888,-7.3453647229951e-24,0.0,0.0,286.8110185432793,-0.0029115650992272268,6.45553046806552e-05
1988-07-03,-0.038907030881461455,0.002607577012083625,-7.3453647229951e-24,0.0,0.0,288.2932870509261,-0.0030614473241365563,6.7844438085314e-05
1988-07-04,-0.023233802515571403,0.0025475498309916697,-7.3453647229951e-24,0.0,0.0,286.9713548778815,-0.002570341241225011,0.0024130109676483765
1988-07-05,-0.038372900273840306,0.0024568256685289286,-7.3453647229951e-24,0.0,0.0,287.94069064943136,-0.0029612763095541866,0.00022578525840809594
1988-07-06,-0.046923081669430274,0.0023869417481503247,-7.3453647229951e-24,0.0,0.0,288.37577270967586,-0.0030614403471098113,0.0006590953654488601
1988-07-07,-0.03240383239620823,0.002320388700328978,-7.3453647229951e-24,0.0,0.0,284.0784495186671,-0.002503211367980572,0.0009582383652296443
1988-07-08,-0.03608592730120751,0.0022499889640484826,-7.3453647229951e-24,0.0,0.0,285.5363256271276,-0.0026497322129411887,0.00025825399932029216
1988-07-09,-0.03533339921364003,0.0021887689323748572,-7.3453647229951e-24,0.0,0.0,285.4397741450653,-0.0026194280760604783,0.0006807639773274006
1988-07-10,-0.029867092894632265,0.0021561641814345023,-7.3453647229951e-24,0.0,0.0,284.9550858370104,-0.0027370716755588855,0.00321042537689209
1988-07-11,-0.032794441838385695,0.002067968670257741,-7.3453647229951e-24,0.0,0.0,285.9090354150747,-0.002538592165262349,0.0003735246438494648
1988-07-12,-0.038555114156445545,0.002008513037094289,-7.3453647229951e-24,0.0,0.0,287.09126932607535,-0.0024510391245959173,6.05395542699348e-05
1988-07-13,-0.04096272335214131,0.001952641932977795,-7.3453647229951e-24,0.0,0.0,286.7672733048262,-0.002623041828641784,1.6941790335870585e-06
1988-07-14,-0.04386739916889008,0.0018988529504355741,-7.3453647229951e-24,0.0,0.0,289.8390945427386,-0.002644271247804502,0.00023078106616529083
1988-07-15,-0.04418906994627021,0.0018443386096738828,-7.3453647229951e-24,0.0,0.0,289.0028459114319,-0.0025902142969228457,2.65229171901477e-05
1988-07-16,-0.037377214111850764,0.0017972820896213339,-7.3453647229951e-24,0.0,0.0,288.6217855140988,-0.002247686434726594,0.0005930908787556964
1988-07-17,-0.032118099304915826,0.001754494541782444,-7.3453647229951e-24,0.0,0.0,286.8327737905211,-0.0024065829466207557,0.0014982152119640847
1988-07-18,-0.019393240706732047,0.0017831828971367099,-7.3453647229951e-24,0.0,0.0,282.87698537032713,-0.0025957097367799217,0.009855187275897959
1988-07-19,-0.020356254725806457,0.0016919355102851567,-7.3453647229951e-24,0.0,0.0,279.63058005798115,-0.002972987301563476,0.004602044281918262
1988-07-20,-0.030242772972853174,0.0016143916353667527,-7.3453647229951e-24,0.0,0.0,281.58982458671386,-0.0022415956482291226,3.598554659697969e-05
1988-07-21,-0.03652266648697988,0.0015723041053545678,-7.3453647229951e-24,0.0,0.0,285.76415564111403,-0.0024548616933788956,0.0
1988-07-22,-0.04115287955366286,0.0015317421343366978,-7.3453647229951e-24,0.0,0.0,288.3395292098913,-0.0024778867024654724,3.2915233892236056e-05
1988-07-23,-0.033941136283726345,0.001503580707614705,-7.3453647229951e-24,0.0,0.0,287.8280979810237,-0.0026124563846884473,0.0016477751528799734
1988-07-24,-0.033963649791512784,0.0014564128918836347,-7.3453647229951e-24,0.0,0.0,287.1947453996332,-0.0022991237435805597,0.00011763704564618617
1988-07-25,-0.03195021078411469,0.001432315441174696,-7.3453647229951e-24,0.0,0.0,288.0666511557197,-0.002168781976452318,0.0016674952991256068
1988-07-26,-0.03066449263001566,0.0014092477701478086,-7.3453647229951e-24,0.0,0.0,287.69577709205186,-0.002525202640579582,0.0029966155351168794
1988-07-27,-0.03146142904031075,0.0013908358280268094,-7.3453647229951e-24,0.0,0.0,288.10881846368653,-0.002642886376397758,0.004558006641680982
1988-07-28,-0.029017224992062413,0.0013499180812620176,-7.3453647229951e-24,0.0,0.0,287.1433283918995,-0.0024212800692451205,0.0032341525715728265
1988-07-29,-0.03168374586240047,0.0012959060864259969,-7.3453647229951e-24,0.0,0.0,287.41064006280993,-0.0028500460077729604,0.0008308881588574857
1988-07-30,-0.03873010526942668,0.0012606285554541033,-7.3453647229951e-24,0.0,0.0,289.1601605639844,-0.0025283873954651047,1.2853599287154793e-06
1988-07-31,-0.04131323393792083,0.0012316867119848392,-7.3453647229951e-24,0.0,0.0,290.6958391185983,-0.0023005374281083123,3.362446176970737e-05
1988-08-01,-0.0354703886613334,0.001228877969380826,-7.3453647229951e-24,0.0,0.0,288.7315301230623,-0.0025033174072113416,0.003023661294169076
1988-08-02,-0.034313625029924896,0.001179696392204802,-7.3453647229951e-24,0.0,0.0,286.468442999486,-0.002158207871482871,0.00038953335945215604
1988-08-03,-0.011619501784022919,0.0015011417158579425,-7.3453647229951e-24,0.0,0.0,283.2775804911181,-0.002801625047531505,0.015732353371662688
1988-08-04,-0.02305433048871951,0.0014195959951918006,-7.3453647229951e-24,0.0,0.0,281.8863421869368,-0.003027309689902317,0.007763329804135337
1988-08-05,-0.03515477857347263,0.00110683905876289,-7.3453647229951e-24,0.0,0.0,285.2345235397138,-0.002448464496492666,8.485148441650381e-07
1988-08-06,-0.040043059547068716,0.001088404891181127,-7.3453647229951e-24,0.0,0.0,287.4321203573051,-0.002706079749064257,0.0006353183413833221
1988-08-07,-0.023812256963913054,0.001080822557379297,-7.3453647229951e-24,0.0,0.0,284.31510924215377,-0.002181816961889887,0.0024861908827729347
1988-08-08,-0.019691289523563815,0.0011770259694191022,-7.3453647229951e-24,0.0,0.0,281.2529691347744,-0.003295537058032502,0.01225297213937475
1988-08-09,-0.033022170896920784,0.0010243665195454313,-7.3453647229951e-24,0.0,0.0,284.54377401750645,-0.0024615957238579875,3.105540055506638e-05
1988-08-10,-0.03624315248370844,0.0010050480480247974,-7.3453647229951e-24,0.0,0.0,286.5209693585412,-0.0024507917821575695,2.7419820230020405e-05
1988-08-11,-0.037380768038795496,0.0009985092164432935,-7.3453647229951e-24,0.0,0.0,286.693363922464,-0.002602829308496357,0.0014681578187164478
1988-08-12,-0.026999177779518282,0.0009754221823255894,-7.3453647229951e-24,0.0,0.0,286.2454692459825,-0.0019859753307060334,0.0009516211888534738
1988-08-13,-0.031131772503340985,0.0009836797828728198,-7.3453647229951e-24,0.0,0.0,284.06443513270375,-0.0029991610386108955,0.0038233256608403198
1988-08-14,-0.038462765009726514,0.0009363242293481774,-7.3453647229951e-24,0.0,0.0,286.16741525610513,-0.0024345935832730124,2.2256314834179917e-05
1988-08-15,-0.028568119989276605,0.0009252581387589881,-7.3453647229951e-24,0.0,0.0,286.7208732705556,-0.0020434597959626192,0.000828630270926033
1988-08-16,-0.03368706992790524,0.0009047721570494485,-7.3453647229951e-24,0.0,0.0,286.96905632881123,-0.0022138371158622753,2.1464531982928747e-06
1988-08-17,-0.032447733953174226,0.0008906830670469899,-7.3453647229951e-24,0.0,0.0,286.2683560035548,-0.0022124026528438606,0.00020967606163443028
1988-08-18,-0.03667661080421027,0.0008745904864564454,-7.3453647229951e-24,0.0,0.0,287.29479532547145,-0.002164994366466999,1.2634091974298618e-05
1988-08-19,-0.03658072364195592,0.000859927912216402,-7.3453647229951e-24,0.0,0.0,286.9916454968929,-0.0020600232048391624,4.351138613856165e-07
1988-08-20,-0.04023538883459771,0.0008475500985053974,-7.3453647229951e-24,0.0,0.0,287.74980534627167,-0.002131841108623871,0.0003193033280004619
1988-08-21,-0.030637038461232592,0.0008452879843738794,-7.3453647229951e-24,0.0,0.0,284.3406441072511,-0.0020622158117886993,0.002198361321124355
1988-08-22,-0.03105503737421359,0.000820235007226804,-7.3453647229951e-24,0.0,0.0,281.7552253845272,-0.0019252388553935929,0.00014232016544681467
1988-08-23,-0.03652986787301673,0.0008064752581429348,-7.3453647229951e-24,0.0,0.0,283.7413561258837,-0.001757184732810589,3.000915626216738e-06
1988-08-24,-0.03464919017196375,0.0007937346811348436,-7.3453647229951e-24,0.0,0.0,285.7282322777642,-0.0017797877317515473,2.973820301122032e-09
1988-08-25,-0.034002591955796475,0.0007812293235865018,-7.3453647229951e-24,0.0,0.0,286.8952958920582,-0.0017206203718643405,1.7043498132807144e-06
1988-08-26,-0.03502601987056139,0.0007719110465992643,-7.3453647229951e-24,0.0,0.0,286.6083731319047,-0.0017749387770891192,0.0005270238252982083
1988-08-27,-0.025164140777736065,0.0007624491459905765,-7.3453647229951e-24,0.0,0.0,280.7472697902759,-0.0014436043651595628,0.0009245572694753539
1988-08-28,-0.026043139398097995,0.0007472185596907881,-7.3453647229951e-24,0.0,0.0,279.9817089935705,-0.0012996117189779121,0.00011540935870111317
1988-08-29,-0.03148723961943287,0.0007355545705321145,-7.3453647229951e-24,0.0,0.0,282.7885479864203,-0.0015546278449270012,4.3351424486602185e-07
1988-08-30,-0.03329194156126788,0.0007244978247389284,-7.3453647229951e-24,0.0,0.0,286.53279607309463,-0.0015516700012619888,4.261732051702438e-07
1988-08-31,-0.03324915081430963,0.0007139078136217797,-7.3453647229951e-24,0.0,0.0,285.9731633568888,-0.0014883373721928921,5.121061010419965e-05
1988-09-01,-0.029957217811527898,0.0007031823450562645,-7.3453647229951e-24,0.0,0.0,284.37420761697484,-0.0013124307428123588,2.638684154230323e-06
1988-09-02,-0.031245050920268237,0.0006929699142100448,-7.3453647229951e-24,0.0,0.0,284.31754235089835,-0.0013187850830750278,4.410743663640915e-07
1988-09-03,-0.029413422453874925,0.0006829676991802152,-7.3453647229951e-24,0.0,0.0,283.9035474162991,-0.0012214255524473005,0.0
1988-09-04,-0.031016443703470935,0.0006732486062130687,-7.3453647229951e-24,0.0,0.0,283.2494431691431,-0.0012444908662283488,2.13538356774734e-06
1988-09-05,-0.0300072012732258,0.0006636537737765556,-7.3453647229951e-24,0.0,0.0,284.74900061038034,-0.0012405014328532302,5.016555893892622e-06
1988-09-06,-0.03180404676724288,0.0006542295049139336,-7.3453647229951e-24,0.0,0.0,285.0382445994519,-0.0012415701228767465,2.4717742090707994e-06
1988-09-07,-0.036646502587081346,0.0006449675492647679,-7.3453647229951e-24,0.0,0.0,286.0650501071621,-0.0013081325733729002,1.7125061049227952e-06
1988-09-08,-0.03557468113084298,0.0006358977091514459,-7.3453647229951e-24,0.0,0.0,282.0486932276782,-0.0010869927430725366,1.2755393754559918e-06
1988-09-09,-0.031521426334892966,0.0006271455921022232,-7.3453647229951e-24,0.0,0.0,283.6488845451628,-0.0011309966718578072,4.294414601702101e-07
1988-09-10,-0.027186634681992613,0.0006621328450865665,-7.3453647229951e-24,0.0,0.0,284.5419556784765,-0.002048008733213285,0.006383970127267352
1988-09-11,-0.005361135649142292,0.0007196571362220636,0.004725339497999059,0.0031771774345872093,0.0003028252388292787,277.8637683243401,-0.0021043633358121595,0.017041840223264302
1988-09-12,-0.005929139079683919,0.0006119711587658037,0.025808790533780605,0.00211920549219611,0.0005615738320485348,273.6322803102195,-0.000950831925170233,0.002658849114502663
1988-09-13,-0.003877845945331337,0.0006441226450063414,0.03806731660487288,0.002258152779886278,0.001662392990063813,274.9953270748735,-0.0013585319837271157,0.0068240324712744846
1988-09-14,-0.007884221267228746,0.000664397316463923,0.0317256374323211,0.00032360011995848965,0.0018210355929062193,275.58127326031416,-0.0016270078360866018,0.006791759513865757
1988-09-15,-0.012743842046139604,0.0006148343705861582,0.0220149555673258,7.060934173858772e-05,0.0013822479605001246,276.33869394205385,-0.0015748698622156674,0.0021311616493433984
1988-09-16,-0.02093579961081683,0.0005876570940017701,0.013347503604637477,0.0,0.0009836520431405406,280.10574130329485,-0.0014477612734851194,4.535391505828686e-05
1988-09-17,-0.02000240202845827,0.0005925662268353048,0.006831569635710923,0.0,0.000569958850152075,280.51934668618185,-0.001844194754537216,0.002265530627452937
1988-09-18,-0.006651387586768738,0.0006117312248143773,0.006563980476106404,0.003754848330202749,0.00016275913280955817,277.1917780141597,-0.0016321402758696661,0.00921511769631346
1988-09-19,-0.014392499954013505,0.0005681772353285451,0.05553992319915255,0.004824297471066653,0.0009954955407791893,272.47744821020444,-0.0013791276247235344,0.004879004436674799
1988-09-20,-0.018732012833579115,0.0005775232099543857,0.046888103592867235,4.016873189958476e-06,0.00224064242115802,277.35621728555856,-0.0013084984042466025,3.3756939031310006e-05
1988-09-21,-0.01673966890337777,0.0005727608156743023,0.029982629693385124,0.0,0.0023289712956227828,278.27387473902013,-0.0011935570293058785,8.183414619090122e-06
1988-09-22,-0.00949783968386677,0.0005792295191921084,0.01642225017655367,2.176032564734335e-06,0.001068846675130607,277.7815501182542,-0.0014426121435596447,0.0034577867257130136
1988-09-23,-0.017069665641434452,0.0005451290957671775,0.00992976474223164,0.0,0.0005552502885713416,277.25523069349384,-0.0016430933765098875,0.0006636529655325076
1988-09-24,-0.022495761892553107,0.0005312871798283637,0.006962835451977401,0.0,0.0002970706755663716,278.93174861469737,-0.0014393199813988924,0.00020521043912122175
1988-09-25,-0.02328572161285217,0.0005292757756292484,0.004672465351341809,0.0,0.0002501606730754766,279.87066390330284,-0.0015345879456838646,0.0007958713448539582
1988-09-26,-0.024059327224553645,0.000517365706842498,0.0027991113465160077,0.0,0.00017458451964424154,280.2215716044108,-0.0014592717259617177,1.7885715062726833e-05
1988-09-27,-0.01840110876634296,0.0005472408512891349,0.0019227798375706215,0.0,8.900807696883961e-05,279.2431653304738,-0.0019787699983870918,0.004381505867182198
1988-09-28,-0.014612010053995641,0.0005118771124694308,0.004376600017655368,0.0009719994403211412,5.148445903244665e-06,272.9651626076851,-0.0012918418999445641,0.001909177552406451
1988-09-29,-0.014329772168970379,0.0005060020139661886,0.006799155484934088,0.0,0.00046341138034217106,275.58837946300906,-0.0009958059974225228,8.817890488899138e-07
1988-09-30,-0.019630413060471166,0.0004988716820539054,0.003681190045315443,0.0,0.00028683117848668396,280.27634585824165,-0.0011907686968728648,0.0
1988-10-01,-0.015078201763710735,0.0004939612022227488,0.002072436661370057,0.0,0.00015426771241729544,278.96802371684214,-0.0009554108173328605,0.0002271166965736609
1988-10-02,-0.014665807918303431,0.000497036818730629,0.001309439736346516,0.0,8.57262014500839e-05,279.0288787848981,-0.0012612419813282075,0.0014290516153217575
1988-10-03,-0.010932976916684944,0.00048816263002190893,0.0005406956214689266,0.0,3.671307264074768e-05,277.25236119703163,-0.0009926818837385394,0.0008981641526614339
1988-10-04,-0.011740954077176458,0.0005092271472101157,0.0005181666372410547,0.0,2.8588656483396972e-05,276.8939562113272,-0.0013431081137919832,0.00327868686085494
1988-10-05,-0.015010143488140431,0.00047617687680627,-7.3453647229951e-24,0.0,1.5805838471752104e-05,277.95369273974177,-0.0011068546544697325,0.0003947163705722188
1988-10-06,-0.017986095389403867,0.0004691229028216863,-7.3453647229951e-24,0.0,8.037408529701881e-06,277.09380792089775,-0.0009316569562517318,4.351138045421976e-07
1988-10-07,-0.019479176881959884,0.00046494737856805663,-7.3453647229951e-24,0.0,5.9171711320930954e-06,277.7900854674661,-0.001010848409206854,8.583068797918258e-07
1988-10-08,-0.020183042912496688,0.00046079685795778617,-7.3453647229951e-24,0.0,3.3192757496052547e-06,279.07903867387506,-0.0010544760363165942,8.52346317969932e-07
1988-10-09,-0.018563453381681173,0.00045689620540640454,-7.3453647229951e-24,0.0,1.1934504165487774e-06,276.9841344944726,-0.0009726932124987162,2.4126145651195456e-05
1988-10-10,-0.01519920580131186,0.0004528398904423256,-7.3453647229951e-24,0.0,2.690259430368068e-06,278.0987257804799,-0.000859832412189683,1.716613724056515e-06
1988-10-11,-0.018628278273647113,0.00044898074225517326,-7.3453647229951e-24,0.0,1.622079792669264e-06,278.7444810274631,-0.0009511665698919593,0.0
1988-10-12,-0.019532151520252228,0.0004451859973918247,-7.3453647229951e-24,0.0,9.464973447013037e-07,279.6829747345488,-0.0010089220026623733,1.3293132224648592e-05
1988-10-13,-0.019418262871308517,0.00044134015080618994,-7.3453647229951e-24,0.0,4.5656905335895093e-07,279.1022521915184,-0.000972594813270084,1.7285346416429093e-06
1988-10-14,-0.0176487280066404,0.0004402535446619584,-7.3453647229951e-24,0.0,2.82290712588251e-07,278.9733764842406,-0.0009628768778790188,0.0004281810111195456
1988-10-15,-0.012164902720747696,0.0004690788728369158,-7.3453647229951e-24,0.0,1.1423171240057649e-07,276.323612665726,-0.0016926089406939552,0.004266586630312387
1988-10-16,-0.016843636115055304,0.0004306730240751795,-7.3453647229951e-24,0.0,1.8582253132836294e-07,277.29619779065956,-0.0008804590341314085,3.087604684398458e-06
1988-10-17,-0.008834025869935246,0.0004974551456796248,0.033158756694326746,0.009439831652210257,9.935462878922286e-05,274.76457289068935,-0.0014653674111106975,0.016719502345291844
1988-10-18,-0.008489911628645019,0.00043037601109951904,0.06161792130120057,0.0001329520959301857,0.000519060050952906,271.95383768386984,-0.0006982818572113743,0.00013777243124536015
1988-10-19,-0.004943692667336114,0.0004848709887703934,0.061742290489642186,0.0011649597330955462,0.002258301623123514,274.3838798573237,-0.0009080581261781651,0.005517208067956457
1988-10-20,-0.008968555910439142,0.00042888749453981044,0.05166079993526366,0.0,0.0008512280544655472,273.89619614983684,-0.000807882739115233,4.7155962147022365e-05
1988-10-21,-0.011335510234374785,0.0004359001325348677,0.044199108403954815,0.0,0.001621941820123775,274.7777761937086,-0.0007536593656250314,1.708648994735995e-06
1988-10-22,-0.01044197090096393,0.0004262183345643815,0.03505808799729285,0.000712897902154653,0.00018340742773255387,276.24197104646214,-0.0011522955087534454,0.002280058817470842
1988-10-23,-0.010924916945945072,0.0004149311679904744,0.03538452838100283,0.0,0.00047440546969909457,272.213900621777,-0.0006517527656534971,3.035438894097094e-06
1988-10-24,-0.007761814079042208,0.000418355235945707,0.03135023099105461,0.0,0.00043962747490001937,274.45136897128407,-0.0007331650388442865,0.0009369203935559051
1988-10-25,-0.007005686898015987,0.0004062792338893912,0.02972262682438795,0.00034650754036202945,0.000154479212090794,272.98690924132615,-0.0006299049535629439,0.0005796454720236892
1988-10-26,-0.012825842799439944,0.0004078926002911929,0.02852951021068738,0.0,0.0005588351333208677,275.539427335204,-0.0007846754854597615,3.428608872617845e-05
1988-10-27,-0.011468377616782646,0.00040576956366415083,0.048617318076153486,0.004879281156312275,0.0,268.8920794341524,-0.0008331092421786261,0.00608167281256304
1988-10-28,-0.009748905728765802,0.0004005523051245738,0.05611027432026836,2.0982013583856792e-06,0.00042570373937908545,269.3515165979131,-0.00037602233663622275,2.10209079128196e-06
1988-10-29,-0.011077603714614265,0.00040520028879413496,0.05042078625235405,5.145741384581657e-07,0.0009304297782775373,271.7722712371309,-0.00032697473836820675,2.4996234858036015e-06
1988-10-30,-0.010999571047933763,0.00039895468175747976,0.04322185624117232,0.0,0.0006532290224301613,272.91927795625674,-0.0003532390136503231,4.351138045421976e-07
1988-10-31,-0.012218661774686501,0.00039712785832626005,0.037244548905367235,0.0,0.0006831534690944489,273.5125685223079,-0.0004670506364292345,1.7181519638143072e-06
1988-11-01,-0.012886798819579649,0.0003939957941992809,0.031470692090395484,0.0,0.0006299748869433916,275.39523661338677,-0.0006273528771464434,1.2793228734153672e-06
1988-11-02,-0.011197209358215334,0.00039190037102349067,0.02704397657721281,0.000177073297695925,0.00014611890297488306,274.99368676941725,-0.0009541947994444331,0.0011124843320502893
1988-11-03,-0.007944647875209314,0.0003872574385950121,0.029875731962099816,0.0028977022837784337,8.356160784171801e-05,272.6638291605,-0.0007547166324773078,0.0038353350202574975
1988-11-04,-0.008872452681347476,0.0003796796509101566,0.06145906897363466,0.005405446588151199,0.0,268.69087101061695,-0.0005895598333770947,0.005757934983162298
1988-11-05,-0.007030813623282869,0.0003767247590641518,0.09067387410251884,0.0020677161082036082,0.0,267.0340311729302,-0.0004655248406579939,0.0021331737102088287
1988-11-06,-0.0064090886863611505,0.0004109086963416493,0.08868580618820623,0.0007513505169900798,0.0011090946062810004,272.460700184163,-0.00034809286185240345,0.002622863431429873
1988-11-07,-0.006312090629911693,0.0003734624150109157,0.12200663363641714,0.006817483064313393,0.0,266.84919757807097,-0.00061279467943698,0.007074035156918112
1988-11-08,-0.005930149033244721,0.00037309695771858516,0.13324032081273543,0.0017138202227441606,0.00020413176488068147,267.12563449335187,-0.00046831840323021187,0.0017188756311007141
1988-11-09,-0.003847305552434113,0.0003685778648839833,0.1437498620674435,0.0033745076612564135,0.0,265.05829590906984,-0.00033676455397222007,0.0033806751845246656
1988-11-10,-0.003613690114290701,0.0003697164146240149,0.157259206538371,0.0007914994648620907,0.00024267655434244772,263.59655408984975,-0.00037527015948362946,0.0007965298695752851
1988-11-11,-0.006542933820667915,0.00037340575692343847,0.15649873837688327,3.909269126795106e-05,0.0006703494043,267.44981259275966,-0.0004638156269566488,4.2900055712952913e-05
1988-11-12,-0.005806208667108567,0.0003682246989449539,0.15159822453213276,0.00047682615070693236,0.0004087576989905309,264.79333181075907,-0.0004079085380091506,0.0004791016968962567
1988-11-13,-0.005066781183757351,0.00036235684055393026,0.14910187514712808,0.0007021516814070234,9.507031343077538e-05,266.8462540470274,-0.0004118025450214828,0.0007124717457819794
1988-11-14,-0.0027322593213474685,0.00035973162637592033,0.18247212842808383,0.008755992992786366,0.0,269.7120434173757,-0.0002454728161716192,0.009565981347008616
1988-11-15,-0.0044114111927943045,0.00035758644847546603,0.22176428613465163,0.001985658865190495,0.0,262.7021250356613,-0.0003922095911651008,0.0019916651474091583
1988-11-16,-0.003295512648962312,0.00035585606165524936,0.2274006701683145,0.001275418526203619,0.0,260.3775368024176,-0.00028387037774095427,0.0012816163779652053
1988-11-17,-0.0019237967365879126,0.0003541836799201319,0.2314363468838277,0.0011419123301735033,0.0,261.54413810557566,-0.000189722584044866,0.0011468012904222603
1988-11-18,-0.002113870813348199,0.0003524881466633856,0.257917558630532,0.004641063616605802,0.0,263.2168051294014,-0.00024158464965678877,0.004644426452704347
1988-11-19,-0.003046248129195413,0.00035086711921260863,0.2668978876088748,0.00018694940007339092,0.0,260.4281070694861,-0.00022548741771508072,0.00019215855558039782
1988-11-20,-0.003919568733643678,0.00035120252162049723,0.2627451981079332,1.1816662920396882e-05,0.00014948932254045023,261.81365089991226,-0.0002760117147433556,1.2913666202523614e-05
1988-11-21,-0.0036483171295984998,0.0003476168139506195,0.2578993975105932,7.312403897107658e-05,0.0,261.75449746701224,-0.00030705081246330243,7.432561118045059e-05
1988-11-22,-0.004598560643061407,0.00034608679302668166,0.2545285557173964,0.0002877463686600917,0.0,266.3736810845844,-0.0003231033093511722,0.00029290234292628383
1988-11-23,-0.006219865364880213,0.0003552121967919129,0.24806365679437384,2.9671958274086992e-05,0.000629012173010131,270.6555841485435,-0.0003191294243275109,0.0003397679429943279
1988-11-24,-0.004535566068301767,0.00034741106006385244,0.2761467252971987,0.010588732121859568,0.0,267.3458423075703,-0.0005074796598341506,0.011244257964656853
1988-11-25,-0.004390493624627927,0.00034145067977366475,0.3275456832627119,5.6158225078367247e-05,0.0,259.8594580001975,-0.00023333395773408102,5.721953286666643e-05
1988-11-26,-0.0020088155643414644,0.00033997706437515,0.3305624981608992,0.0026059313177388944,0.0,259.9531873857459,-0.00014246946021830297,0.002611411201456964
1988-11-27,-0.002286385723763267,0.0003384869482557653,0.3437421838217985,0.0006297676071608809,0.0,255.58443366515883,-0.00016294639178756942,0.0006318337579995191
1988-11-28,-0.0016069277110746353,0.00033702158321768553,0.35751360015007067,0.007863135703202696,0.0,265.1453344233741,-0.00011520441832010356,0.00786889166871575
1988-11-29,-0.002147080787157608,0.00033558282138264117,0.40420560962511776,0.00365813470071992,0.0,259.9425601707789,-0.00024386500087329898,0.003676221700654596
1988-11-30,-0.0032588913615814036,0.00033415390946770797,0.42030210908074395,0.0008380964903508203,0.0,262.85991444201574,-0.00013031837882968668,0.0008423811551835704
1988-12-01,-0.005583078216361461,0.00033276145067592127,0.4127891526159369,0.0,0.0,268.226057221436,-0.0002701254403692181,8.5107501490711e-07
1988-12-02,-0.005264788318825308,0.0003325263995908748,0.40144190096810267,0.0,8.816594036958986e-05,270.3324387078007,-0.00030073113634256326,1.2956715522705053e-06
1988-12-03,-0.003906021473434686,0.0003299733339729956,0.3896661388447505,0.0,0.0,268.16328065947624,-0.00024386182806249393,4.2690254531407845e-07
1988-12-04,-0.004730648408501835,0.0003286124033442999,0.38108742349340874,0.0,0.0,267.91975272801864,-0.00021720500820774142,8.680625001034059e-07
1988-12-05,-0.005481203775958153,0.0003287784628948923,0.37208226665489647,0.0,0.00011351443616683874,268.7504697214188,-0.0003082960591477863,-1.2735881682601757e-08
1988-12-06,-0.003600666794063008,0.0003259170190089167,0.36310400666490117,0.00012026251541019161,0.0,267.0763497936299,-0.0002417706458245294,0.00012254121921064762
1988-12-07,-0.0013243825422168452,0.0003246082424443994,0.4162691910163607,0.008342947642513589,0.0,263.9826107959065,-0.00018056642558783462,0.008347932859665931
1988-12-08,-0.0018189142821198802,0.0003232904157396091,0.4414117673022599,0.00044991040212959897,0.0,260.00306019181363,-0.00010556184639364988,0.00045278713284684053
1988-12-09,-0.000833428891028388,0.0003219998657366651,0.44852862744232586,0.005600678213572099,0.0,265.1226746654331,-2.476974985020309e-05,0.005603064958556278
1988-12-10,-0.0026041556381236363,0.00032070026559344794,0.5133585382091573,0.00424924459161058,0.0,265.4465996550077,-0.0001687794334470889,0.004253381296899344
1988-12-11,-0.002748550415712562,0.00031942541653153585,0.5364192524423258,0.005018759539908609,0.0,264.20632522209445,-0.00024272003710943427,0.005027111667313592
1988-12-12,-0.0035615995694688487,0.00031816066995178914,0.5393756069032486,0.0004900212552251115,0.0,268.03964683116044,-0.00013462035248508562,0.0004971295426339618
1988-12-13,-0.007655461292482366,0.00031690072205107096,0.523935666416549,0.00026112458126693124,0.0,269.20816959948644,-0.00042449223077566616,0.00026349685589430573
1988-12-14,-0.0034158414619117135,0.0003156540757518704,0.5341702621086394,0.006368047057908808,0.0,261.1001026922251,-0.000376456259292061,0.006375584275640822
1988-12-15,-0.0017680013078754235,0.0003144207310541875,0.6017291685057674,0.0007949667630222558,0.0,253.52017925643204,-9.594871373163104e-05,0.0007972827058186489
1988-12-16,-0.002066340613163124,0.00031319563671693964,0.5945369052348164,2.7350365778820663e-06,0.0,260.5918570373018,4.4591125037710546e-05,4.584001225670733e-06
1988-12-17,-0.00404518741672322,0.0003119870431005618,0.5810526185116526,0.0,0.0,266.1379961814809,-0.00014017538120180873,1.7102656784118153e-06
1988-12-18,-0.004024588203026077,0.0003108050526872193,0.5650163496056968,0.0,0.0,268.79920703004314,-0.00020140604152854555,4.351138045421976e-07
1988-12-19,-0.00403281852687146,0.0003095866091507303,0.5490577827065678,9.193258770441605e-06,0.0,267.40562350961,-0.00025147708964213145,1.0475979629749635e-05
1988-12-20,-0.002516593678859668,0.0003084195198985817,0.5535693267419962,0.0019684748797766907,0.0,261.6407076625501,-0.00020778845301118952,0.0019797263509136135
1988-12-21,-0.0023951266529196403,0.0003072540302061092,0.5511138973487524,0.0003110163418923394,0.0,263.30833203734204,-9.431533178703935e-05,0.00031714877156085195
1988-12-22,-0.002038906817719088,0.0003060736393524429,0.5575463821209982,0.0027700963793164594,0.0,262.4113634759648,-0.0002186889470802189,0.0027777938742931684
1988-12-23,-0.000882227794598725,0.0003049363524226819,0.5660122226636064,0.0019054675716801556,0.0,258.1444833004767,-4.9059537086783155e-05,0.0019077581282544998
1988-12-24,-0.002227150661460424,0.0003037857638914033,0.6109090399158429,0.0015771562012575442,0.0,257.4856776580524,-0.0001046084983032302,0.001580252351014951
1988-12-25,-0.000735092802909808,0.000302653528202725,0.6215022602548259,0.003080769005299962,0.0,258.509318120062,-3.3584628569877757e-05,0.0030862443950784987
1988-12-26,-0.0007868524493470705,0.0003015244916333991,0.6804350944562148,0.004204318958655589,0.0,255.8095556499819,-0.0001618934447987605,0.0042115541164029656
1988-12-27,-0.001678806913774566,0.00030039545506407313,0.7110726739053673,0.0023406225409211413,0.0,253.1488937837705,-7.779641592569945e-05,0.0023450419386050673
1988-12-28,-0.0015856746984066936,0.0002993095224186526,0.7076082678613466,8.791432542315984e-05,0.0,253.35277977995506,-4.839604604715681e-05,9.049790043486019e-05
1988-12-29,-0.0015309969079023028,0.0002981804858493267,0.6990396675641479,0.0003880768761796467,0.0,256.4089603855112,-1.8454309405580082e-05,0.00038935247440666785
1988-12-30,-0.002490775270313866,0.00029708630284347107,0.6967580331920904,0.0008458788532995236,0.0,262.1088099327016,-5.265674685354287e-05,0.0008509556452433269
1988-12-31,-0.0013850310680556435,0.0002960011699778886,0.6838139823152072,0.0017179787832464876,0.0,263.165102504292,-7.132368193844618e-05,0.0017207038771958538
1989-01-01,-0.0018292130470949379,0.00029491191193208857,0.7283130940295434,0.004557140845026674,0.0,260.95529137807154,-0.00013784333368984321,0.004565172023692374
1989-01-02,-0.002251397713092761,0.0002938218541064505,0.7305303598752355,0.0008648530195998608,0.0,260.58144794255776,-0.00013835451928740844,0.000869228829680836
1989-01-03,-0.004180816944036107,0.00029276572378341765,0.7239813220927497,0.0006997795344072548,0.0,264.6191926406602,-0.0001638700059578244,0.0007029164814006138
1989-01-04,-0.004200058847160663,0.00029170959346038475,0.7015346376235876,0.0,0.0,268.53603812395517,-0.00012685694221386127,8.61496914694726e-07
1989-01-05,-0.0039578168574026075,0.0002906534631373519,0.6776014999705745,6.079825304322324e-05,0.0,268.79017774937523,-0.0002085472809645416,6.1023201646104384e-05
1989-01-06,-0.0010997526726480257,0.00028961223397551287,0.6685554231403014,0.004077788463420114,0.0,264.73550947731724,-0.00014102198499239097,0.004086356614235001
1989-01-07,-0.0010328366931548901,0.0002885776556144327,0.7148412212364643,0.0019008766880816662,0.0,252.13885834616684,-0.00024128500056468837,0.0019037532288298075
1989-01-08,-0.001344669547121404,0.0002875215252913998,0.7119223384533898,3.121485986278556e-05,0.0,248.68011856797506,-3.105533009363433e-05,3.6089450603312644e-05
1989-01-09,-0.0021264507608898617,0.0002865100984519485,0.7236712037282251,0.002973277521672222,0.0,257.25143680823953,-2.7000372650596384e-05,0.0029774216271153684
1989-01-10,-0.002604171170689966,0.00028549707205282097,0.7609088560057674,0.004500996531908122,0.0,263.5601306024469,-6.305565794477356e-05,0.004512138572014038
1989-01-11,-0.0032650419210983536,0.0002844789944126108,0.8197789308939503,0.006089461725310418,0.0,258.3428962118433,-0.00043175023806802304,0.006092047489193254
1989-01-12,-0.0023579387425702847,0.00028347421837391826,0.825344279661017,0.0002708052848018495,0.0,254.76193912599496,-4.550006430027849e-05,0.0002750881142421766
1989-01-13,-0.0027767420656936988,0.0002824611919747908,0.8126071276188797,0.0,0.0,262.82002501837957,-3.307072266852115e-05,4.351138045421976e-07
1989-01-14,-0.00375553169998072,0.000281494468618921,0.7972722457627119,0.0015557743188014813,0.0,261.137278975291,-0.00029798951210443587,0.001569969455355628
1989-01-15,-0.0033929905733146243,0.0002804830417794697,0.7960253354519774,0.00016037896696457083,0.0,256.310690752306,-0.0002645860915466891,0.00016339948285097456
1989-01-16,-0.004552115449460887,0.00027950394288294735,0.7840555481991527,0.0001843231335534888,0.0,261.977692598677,-0.00013373424904157888,0.00018773359209752142
1989-01-17,-0.005532848506660785,0.0002785438703278364,0.7653555717396423,0.00023013389127402657,0.0,264.79406222830164,-0.0002753509229606828,0.0002340406178404919
1989-01-18,-0.004098239254816778,0.0002775647714313141,0.7447548846516008,1.4648072968768536e-05,0.0,265.72492453293165,-0.00018993328920023593,1.4650535448796333e-05
1989-01-19,-0.004139958002136252,0.0002766046988762032,0.7260710003236818,0.0002162939537379701,0.0,265.3664031343047,-0.00025526817235569494,0.00022009634593079768
1989-01-20,-0.004944354379917942,0.00027563797552033337,0.7105756569267891,1.66270018970899e-09,0.0,266.699643029107,-0.00014468308769713688,1.7070133253582753e-06
1989-01-21,-0.005590520336129572,0.0002746886789461987,0.694138693944209,0.0,0.0,268.3266106298414,-0.00030028736902832314,1.2844793673139066e-06
1989-01-22,-0.005982078106726631,0.00027376093433401685,0.6771102301818502,3.2296583140637244e-06,0.0,266.9083947399018,-0.00045935343424815915,4.521534210948502e-06
1989-01-23,-0.002506124266123368,0.00027280086177890585,0.6623896079772834,0.0003531547210647562,0.0,265.17515286662933,-0.00017476395972199362,0.0003601760849764655
1989-01-24,-0.002994668054378639,0.0002718705915461826,0.6875944838012007,0.0034301235935108813,0.0,261.6895388479287,-0.00028915001910790217,0.003435082848607386
1989-01-25,-0.002861296936953809,0.0002709320709530243,0.6850353751029897,2.5481869608668958e-05,0.0,256.92819111495373,-0.00017182564226079125,2.6274061424553784e-05
1989-01-26,-0.003363038565816179,0.0002700034002799773,0.6781557589600989,8.515550591851358e-08,0.0,261.13308623146884,4.080911351125793e-05,2.2376093228800106e-06
1989-01-27,-0.006112230741708292,0.0002690765817286605,0.668343466778484,0.0,0.0,269.3342050311705,-0.0001633294600214662,8.70227722771233e-07
1989-01-28,-0.005185391901239837,0.0002681463114959372,0.6557111434792844,1.4063497047639837e-07,0.0,263.627598915172,-0.000203573939490453,1.852981739763485e-06
1989-01-29,-0.004011618594328563,0.0002672756459079894,0.6456133309057204,0.0,0.0,266.0645003740846,-6.760977797925809e-05,4.351138045421976e-07
1989-01-30,-0.008548360338992318,0.0002663272753947199,0.6340927440118881,0.0,0.0,272.00085694192717,-0.00044448544287075434,0.0
1989-01-31,-0.013173046085120595,0.00026542680748438435,0.6175576190266008,0.0,0.0,271.3465548333924,-0.0009747736503259611,2.1432392145470658e-06
1989-02-01,-0.0005406022576962487,0.0002645313908151314,0.652272714733404,0.009054849797722983,0.0,257.18855884429877,-0.00035661919368694064,0.009061973057897752
1989-02-02,-0.0004792742136508058,0.00026362267254436084,0.847176474590984,0.004603979677635398,0.0,245.1964413917671,-0.00012555087016800706,0.004609064193768691
1989-02-03,-0.00035244596880034534,0.00026274375659597794,0.8648739112523541,0.0004956348888618125,0.0,242.04680570685034,-3.460173805554708e-05,0.0005022712345614674
1989-02-04,-0.0002667164314264632,0.0002618483399267251,0.8733825108874765,0.001445811789082942,0.0,243.87099460019903,-4.354643367104612e-06,0.0014508648612404948
1989-02-05,-0.000837873604338048,0.000260976074779101,0.896295637285193,0.0010163455906897617,0.0,247.07753497193764,-1.0803636521269373e-05,0.0010208091830129678
1989-02-06,-0.0011589538495419389,0.0002600756068687655,0.9042603228725284,0.0006921254308883755,0.0,249.7400831987629,-2.958869172186502e-05,0.0006955175244861338
1989-02-07,-0.0017270407518424557,0.0002592017421614653,0.9007041916784371,0.00045442033958973863,0.0,252.5425870970818,-9.28551758413261e-06,0.0004625476181170361
1989-02-08,-0.002643765113448019,0.000258327877454165,0.9006301678731168,0.0004186515754225565,0.0,251.3509568611332,-8.460918788687658e-05,0.0004213044198878674
1989-02-09,-0.004741069203042715,0.00025745721186621717,0.8892091223075567,0.0,0.0,257.4304366964854,-6.504081673709686e-05,8.702277796146518e-07
1989-02-10,-0.005173621415081671,0.0002565982483201108,0.8728797467190443,3.498405386499093e-07,0.0,263.2442868191419,-9.516081483350635e-05,2.067371859361706e-06
1989-02-11,-0.004551210856370333,0.0002557193323717279,0.8519567572239878,0.0,0.0,261.6533642713184,-0.00014683326422157934,1.7190881749229447e-06
1989-02-12,-0.003626735070667698,0.00025485531758453887,0.8330080423875942,0.00029257537618195277,0.0,260.46109823094025,-0.00012595043912277384,0.0002930014419317651
1989-02-13,-0.0015280615054281419,0.00025399462819772925,0.8377563706450095,0.0024536079016782473,0.0,257.852326675099,-0.0001933179416898954,0.002458405823020612
1989-02-14,-0.0018882716527092933,0.0002531347385907578,0.8627433130296611,0.0015695104322864515,0.0,255.6901700330544,-0.0001630760192618532,0.001576347366222688
1989-02-15,-0.003096797119426188,0.00025227657482448945,0.8753043711746705,0.0008410969696475962,0.0,255.6388683821971,-0.00015665777027606967,0.0008458682371721966
1989-02-16,-0.0033753359806066177,0.0002514290607581705,0.8646718400570859,0.00012206250412315975,0.0,258.1692313393631,-8.446629038133191e-05,0.00012334609917740642
1989-02-17,-0.0026560560037187267,0.0002505716967717403,0.8550057563853578,0.0005829347308072667,0.0,260.39399456663546,-5.687829001811937e-06,0.0005870218162482741
1989-02-18,-0.003160796343943494,0.00024970768198455124,0.8400722582685971,0.00032255179801229705,0.0,264.21595636285184,-6.118804048010185e-05,0.00032513749463620155
1989-02-19,-0.0026285276658790935,0.00024888012032050875,0.8287702944768126,0.0020410921108924736,0.0,266.65030423036853,-9.242218976977183e-05,0.002049066480375751
1989-02-20,-0.003337068998880979,0.00024802275633407857,0.8210525081656074,0.0014742026684311151,0.0,263.93008771274947,-0.00014901947293241149,0.0014786450837251364
1989-02-21,-0.0031626453086481257,0.0002471802935088422,0.8404605384151366,0.005185054962412786,0.0,262.277258784982,-0.0002576865908284646,0.0051898669729765114
1989-02-22,-0.006764101990535434,0.0002463162787216532,0.8552381727430557,0.00020603374656984362,0.0,263.46964185610557,-0.00015296663899542923,0.00020717441357628766
1989-02-23,-0.00944209919642594,0.0002454722163367406,0.8326691880737995,4.141140034643271e-05,0.0,269.2247830047895,-0.0003944455335537593,4.400296063072938e-05
1989-02-24,-0.009493777559975446,0.00024462310271074547,0.8068907427024483,5.560574558495129e-08,0.0,268.92402428018175,-0.00044404974175711815,1.778979736694461e-06
1989-02-25,-0.005423973509147343,0.0002437904898056203,0.7837601426406546,0.0011812242032107662,0.0,269.59650899955335,-0.00030190274540313895,0.0011853953595621373
1989-02-26,-0.002892651842475611,0.00024293152625951394,0.8037433516507769,0.005667940960765559,0.0,265.4215437643048,-0.00033287531406865953,0.005678216868874717
1989-02-27,-0.002597928552304284,0.00024211221495590643,0.8275082115848635,0.0030905600574056983,0.0,261.2690799195888,-0.0002783224996873888,0.003096366349563922
1989-02-28,-0.0019534688211430263,0.00024130115401273393,0.8947887241054615,0.005231536882745345,0.0,257.41471617100603,-0.0002657152491353326,0.005235520493410455
1989-03-01,-0.0032590378475728012,0.00024044379002630375,0.9577613729990584,0.0023687419792016353,0.0,259.3303780995745,-4.7406939379239495e-05,0.0023729791411222574
1989-03-02,-0.0027537918781156594,0.00023959467640030858,0.9475470074152543,0.0003458171619870569,0.0,262.9378857082791,1.8815715181625492e-06,0.0003517250084601691
1989-03-03,-0.0015632275723468112,0.00023875886437583105,0.9766602022275189,0.005483876913785935,0.0,258.99715772366574,-0.00028834284130631197,0.0054888382807834115
1989-03-04,-0.0045101065504348885,0.00023793130271178856,0.9922610640301319,8.113041393837687e-05,0.0,253.5916182954433,-0.00016114381957525587,8.255770054163825e-05
1989-03-05,-0.008495634305948591,0.00023710534060742225,0.9763893946415961,1.9994495952196718e-10,0.0,259.72998352194463,-0.00017459763708592812,1.7195939676639682e-06
1989-03-06,-0.009361966855108402,0.00023630093046500861,0.9537652369497412,1.949589636366246e-06,0.0,268.8982204465992,-0.00021079057396131726,3.6651131001163687e-06
1989-03-07,-0.007870405954492968,0.00023548826996215997,0.9203209598634653,0.0002927852552489372,0.0,269.911685088709,-0.00033827616417475337,0.00030199130761447365
1989-03-08,-0.00825179864962896,0.00023468385981974634,0.8938110121674907,0.0007580478733542276,0.0,270.9713765376032,-0.00034832121478130593,0.0007871845623403177
1989-03-09,-0.010908527015629462,0.000251975099919206,0.8586559116054614,2.0475984461563457e-05,0.0013672091740336123,274.60948016639037,-0.00032734856177858045,0.00065432206038572
1989-03-10,-0.015768969294715066,0.00026410077251283465,0.8021083910810971,0.0,0.002297648486528693,276.16949231566235,-0.0008331716881465104,2.2029556797049143e-05
1989-03-11,-0.011705261460468597,0.00023894491842237574,0.7550191358433381,0.0,0.0004793742597944993,274.9974533231919,-0.0008102786795651846,2.6611707270048855e-06
1989-03-12,-0.013736814344670141,0.0002319802672176038,0.722724296727872,0.0,2.9097253319907327e-05,273.0414299255486,-0.0008961681097661709,2.330263204305474e-05
1989-03-13,-0.006714939397607146,0.00023075466775624768,0.7066459583921846,0.0025198918130606585,0.0,270.72601103558156,-0.0005545894967886689,0.0032199615475771897
1989-03-14,-0.004372566685838215,0.00022992525397047485,0.7642670539812854,0.009756331884507407,0.0,264.26890532714503,-0.0006286467735966047,0.009872177411602456
1989-03-15,-0.007132335108215526,0.00022914239579001388,0.8281250000000002,0.0024153038354243267,0.0,260.5649875346326,-0.000439716466192135,0.0024215461506332248
1989-03-16,-0.007679078622726397,0.00022836778796998797,0.8274578662017421,0.0009102642451975979,0.0,264.9375747422041,-0.0002504882565831061,0.000923888326364722
1989-03-17,-0.004308080900523623,0.00022759983095072084,0.8864552988170905,0.011253767620540608,0.0,265.12051376874393,-0.00031192715432347553,0.011299575385395833
1989-03-18,-0.00877103819853842,0.00022684837465232374,0.9291097924758711,0.0003898982063861891,0.0,264.0570461539001,-0.0003715033963911951,0.0003975648686404985
1989-03-19,-0.0053968113441925265,0.00022608041763305667,0.9141303168402779,0.0024749051547993373,0.0,266.5430734781671,-0.00020096396322304247,0.0024929475986351403
1989-03-20,-0.007879273576588281,0.00022532736177498342,0.935399057276954,0.0021214736467700898,0.0,262.2735186395448,-0.00048137865539661233,0.0021240683430332253
1989-03-21,-0.00887877308884583,0.00022459080663778016,0.9216832737464692,2.7393301328023276e-06,0.0,264.4415708387415,-0.0003201185941359418,4.65159517860404e-06
1989-03-22,-0.008905776518549624,0.00022384280202078955,0.9056764304525661,0.0011232134144184955,0.0,267.9724358416771,-0.00028034768430358273,0.0012511852433784937
1989-03-23,-0.010308304833153549,0.00022311449724402133,0.9128696132738936,0.002930652750077221,0.0,267.6563453458797,-0.0004753334668733306,0.0030882550166978877
1989-03-24,-0.0119394263052671,0.0002223896441486596,0.911829831685499,0.0016950216186417027,0.0,268.3443155162977,-0.0006227278976706463,0.002005363325090688
1989-03-25,-0.013866337721293932,0.00022165148945178014,0.8965742610493174,0.0001362309827979675,0.0,271.5037447719251,-0.0006157820623389072,0.000336452089358238
1989-03-26,-0.013556700262982968,0.00022092983547577079,0.8698610927201037,0.00043207364904004984,0.0,272.8356081752454,-0.0007572482355822952,0.0008389370083459217
1989-03-27,-0.008737899194666221,0.00022027123782594326,0.8752280484934086,0.006281591173114077,0.0,271.26591172011786,-0.0007094044006813718,0.007051640513207603
1989-03-28,-0.009876326652569961,0.00021957778661264537,0.8763161064765773,0.0005321664114793142,0.0,269.2075917770185,-0.0006503502675200586,0.0017553386041673565
1989-03-29,-0.008179722448526805,0.0002187981275515368,0.9074994390742703,0.008376045899707718,0.0,267.94359455000887,-0.0007412320234428692,0.008774567323787119
1989-03-30,-0.005730451374067426,0.0002180666236554162,0.9842159177848401,0.008702968326160465,0.0,265.04359705434683,-0.0004306255476707119,0.00873391862303944
1989-03-31,-0.009200506712083764,0.00021737317244211837,1.0296212463953625,0.0007376413434575507,0.0,266.04837654314923,-0.0003357999721321009,0.000816712824222138
1989-04-01,-0.009741901635786908,0.00021667307042806162,1.0191664183880649,0.002026128482683904,0.0,267.2244193118396,-0.0005647349565968676,0.002060540736001494
1989-04-02,-0.008898454492038254,0.00021599132125660526,1.0116196684469163,0.005728552886153345,0.0,266.90707657162085,-0.0005867784306154413,0.00614844406074019
1989-04-03,-0.009899151990305907,0.00021527951720070704,1.0334477254001884,0.0012384869242455326,0.0,262.59849717522746,-0.0007436534989688357,0.0012678751331702193
1989-04-04,-0.00811800726894605,0.00021459936758892685,1.047363051362406,0.003268793667271986,0.0,261.9915770514537,-0.0003949162250353119,0.0032921949039581254
1989-04-05,-0.009498970951400908,0.00021391416673606397,1.0546532467484697,0.0022271449998610437,0.0,266.1885601553764,-0.00030217585969442704,0.0022331329052007907
1989-04-06,-0.012703128327420876,0.00021328697096830037,1.053724960643244,0.0036680486663586676,0.0,272.2250811654071,-0.0005470834630357344,0.004370256567987992
1989-04-07,-0.01550951953661644,0.00021281383805355785,1.0334189894509183,0.0013992394936286799,0.0,273.7928754443728,-0.0009152048851473857,0.004984222891847935
1989-04-08,-0.005647146642881598,0.0002119216205036573,1.036420861655485,0.007746653157775686,0.0,268.76107591963085,-0.000929071878393491,0.008174348382524232
1989-04-09,-0.006555349518687039,0.00021121486768884174,1.097468891610758,0.005148587822072251,0.0,260.402458208878,-0.0007658261005992945,0.005154903128435773
1989-04-10,-0.010951504448039384,0.00021056452039944928,1.09895925288371,1.2245344913611978e-05,0.0,260.0833208188275,-0.00037428848234947126,1.2810401269728e-05
1989-04-11,-0.012585580727811588,0.00020989422070778025,1.0836613829302024,-1.66270018970899e-09,0.0,264.89287411964546,-0.0003224261431286564,4.3839600039063953e-07
1989-04-12,-0.014262870038296543,0.00020923882217730507,1.0656073906102872,0.0,0.0,267.6208154387393,-0.0004534684963482248,4.2594700744302827e-07
1989-04-13,-0.01525538439972926,0.0002085884748879126,1.045126474958804,6.447656679961642e-06,0.0,270.0053642474101,-0.000568612499720296,7.557144946297685e-05
1989-04-14,-0.01405465240869145,0.0002079644782395013,1.0233246251912667,0.00011459239206071629,0.0,272.0007223319649,-0.0006135254887874518,0.00037387454566853174
1989-04-15,-0.017740761998009547,0.0002074931974464891,0.9949728180908665,0.0,0.0,274.7455173427776,-0.0008640186334986472,0.0004775534241886463
1989-04-16,-0.010666495283781474,0.00022645538809609283,0.9655531831155839,0.002286892931508479,0.0008410604323370982,273.6281391043223,-0.0006127275715945131,0.005081892855423319
1989-04-17,-0.013376412166040498,0.00020898078794533248,1.0038579736052262,0.008998663285694555,8.083206448851331e-06,272.50238368650395,-0.0009147055120875608,0.009643690240774489
1989-04-18,-0.014326136917044213,0.000205858784206843,0.9993724068679382,0.0011219478891057483,0.0,271.6978530057631,-0.0009190105427961567,0.0015822803451563021
1989-04-19,-0.019742841606086258,0.00021631215925270558,0.9716348594191384,0.0,0.0008182663281085128,275.33153882718136,-0.0007881847773231357,8.548288974452589e-07
1989-04-20,-0.022538230328236594,0.0002565259313852774,0.9327125908515772,0.0,0.0035798445049315527,276.93197147276,-0.0009797295281863483,4.880837459052338e-05
1989-04-21,-0.026089798132915287,0.0003248432935294459,0.8861819624676319,0.0,0.008036911424438832,279.20441104508166,-0.0012589920006987067,6.977194267475906e-06
1989-04-22,-0.03327852925338314,0.00035874410874426027,0.8337246020185971,0.0,0.008431892842054367,279.42232816592,-0.00180763086188311,5.119250982365345e-05
1989-04-23,-0.025033039435491726,0.00039860648287218166,0.7926742639918785,0.0,0.005086571546429295,276.628306379875,-0.0013621577803613779,0.0005970264727112938
1989-04-24,-0.011428164812804616,0.00032800966400211147,0.7594407938294493,3.467077168367677e-05,0.002858547756900895,274.8439405480797,-0.0006614363789137474,0.0006883669034221685
1989-04-25,-0.017687071977698872,0.0006029860111279677,0.73625134254355,0.000232435720788557,0.0067211225902461735,275.78696931957523,-0.000803429386078638,0.001207331038540834
1989-04-26,-0.005865412706372429,0.00039695245397966463,0.7113894590101225,0.0027879077499195683,0.0028786822564184334,273.8626927593109,-0.00033511572891036,0.006182985441668701
1989-04-27,-0.004121426261414243,0.00023070575490509725,0.762686806659016,0.012572565447475951,0.00018883974286122512,271.78376368793846,-0.0006112516147352882,0.01439682247209635
1989-04-28,-0.00583144896111246,0.0002003040185755929,0.8400078897422317,0.007023040815598548,0.0,265.4054644920507,-0.0009509422053388283,0.007054273666275585
1989-04-29,-0.005479967147953767,0.00020027973052472045,0.8731140021774952,0.003962161093108398,0.0,264.83438924656525,-0.0002608634321029577,0.004044609732999186
1989-04-30,-0.010814977946591245,0.00020029602077721202,0.9037881337541196,0.001342075966340674,0.0,264.34057825163933,-0.0006152009591460228,0.0013495495207307307
1989-05-01,-0.016210501771525474,0.00020039359391745877,0.8972912804555084,7.941540183320559e-06,0.0,267.40940395003213,-0.0005102074457763952,9.923491335238227e-06
1989-05-02,-0.012841833639616348,0.00020072823863918503,0.8905075274393833,0.0016815485380126934,0.0,271.0513390830232,-0.0004252584093371354,0.003967095852469374
1989-05-03,-0.010613877052641186,0.00020088726854593743,0.9097539467102167,0.005062685300738125,0.0,272.0415654191415,-0.0006789276060664048,0.0073445910787283365
1989-05-04,-0.009857375195807658,0.00020206269234587245,0.9524702801318268,0.007193368159781742,0.0,271.2267596681239,-0.0007441524563536133,0.01004579638020467
1989-05-05,-0.01229476377283786,0.00020114227203326039,0.9713792244144305,0.004195981822108145,0.0,272.2916841991877,-0.0007795391309648584,0.00515950189135169
1989-05-06,-0.02075864841877404,0.0002628097594794581,0.9548732951536018,0.0,0.0030322255472005426,275.38261618677063,-0.0006869792317350707,0.0
1989-05-07,-0.0224464623688978,0.0005410818730370473,0.9069143751471281,0.0,0.008090920304342853,277.8295494589653,-0.0007989727129033731,5.040232734362263e-05
1989-05-08,-0.0069845679537051154,0.0017536053549771931,0.865044028072034,0.0016479358329611312,0.008231653879254553,275.6372414317733,-8.990975507235124e-05,0.015856115427389402
1989-05-09,-0.013325808538218676,0.0008074381930679924,0.8367563596104048,1.1067627008351905e-05,0.007500304214361698,275.2174627480085,-0.000421188019300248,0.0011768507510339856
1989-05-10,-0.021164236811258026,0.002664107808285514,0.7894907805879239,0.0,0.01498589237446839,278.59651685883546,-0.0005506783839588786,0.0011388804279478257
1989-05-11,-0.02334743931805347,0.0024503595748190153,0.7337848785457862,0.0,0.010970336927027353,278.17666965060766,-0.0009223094241598905,0.0029908582314583407
1989-05-12,-0.007688489632081178,0.001459256488051118,0.6895501375647364,0.00035367922931067686,0.00785668427913876,275.60155755023277,-0.00015414038957175562,0.007489528128020458
1989-05-13,-0.007995147194902776,0.00029801236370862545,0.7305011641507769,0.010537200349535645,0.0003765785466816466,272.22892997583654,-0.0007280348773814192,0.012180994644671924
1989-05-14,-0.011468087717638176,0.0004502663672980616,0.7444100532603578,0.00042305602613141983,0.00108693373826264,272.50765999472526,-0.0006809262295732391,0.0023730046163171026
1989-05-15,-0.008242291961349337,0.0014232040125097935,0.7507248355843927,0.0056358485319520125,0.004882626572234482,274.08946261432885,-0.0002109314509704288,0.011310966439086733
1989-05-16,-0.013022210049090413,0.0006951690562027323,0.7395950576006357,2.865947909274344e-07,0.002973589519996428,274.21221545950397,-0.0006204004804630064,0.0010684582943050029
1989-05-17,-0.01790230893819346,0.0005599150886643404,0.7117827966837336,4.422572036247469e-07,0.0034358457025498324,274.69438611046746,-0.0008719104715743983,6.92003190854175e-06
1989-05-18,-0.024694943200733704,0.0012802777148909488,0.677921733389242,0.0,0.007781305408242059,277.44641014142223,-0.0009820322153595209,1.7225742112714215e-06
1989-05-19,-0.025981792790741573,0.0006875420189173208,0.6375422073622882,0.00012839723399466716,0.00200312317343755,272.7850181270679,-0.0019596940180086823,0.0002542302901433507
1989-05-20,-0.026810540907127037,0.0005124428514706888,0.6287405010446092,8.31350094854495e-10,0.00010567867739052422,272.32384816760623,-0.0015651154105609422,0.0
1989-05-21,-0.024293306057399277,0.000638064018077096,0.6155667924611583,0.0,0.002980642946763227,275.5532791044304,-0.001223669771504941,0.00011643346420115671
1989-05-22,-0.025892630345740564,0.0011468983471056835,0.5916380226724341,0.0,0.005227792692386498,276.90377313358863,-0.0013650888103549765,0.000204192851154629
1989-05-23,-0.030611575197028576,0.0016090680482023856,0.5566654528601696,0.0,0.008793584097408306,279.14903266461334,-0.0014169087980763389,0.0001303177432137627
1989-05-24,-0.027500992567189,0.0008340078053501367,0.5228020906897364,0.0001986907784548183,0.0012472901009233659,274.23451019186535,-0.0020551479100591723,0.001108557066032263
1989-05-25,-0.02010013158880385,0.0007534187055576993,0.5198089542137477,0.00171501532533748,0.0,269.6261202242864,-0.0016497190999614317,0.0022159530163633023
1989-05-26,-0.015645612304830282,0.0008104862803119724,0.5426862181467751,0.00242588530152531,5.4279521191861004e-05,270.56388701602344,-0.000914500994702517,0.0031963127480607112
1989-05-27,-0.025502143606627732,0.000960144535296381,0.5380806500853343,0.0,0.0038602703834994365,275.0727314491056,-0.001272549421268668,8.548324146719447e-07
1989-05-28,-0.02822492023309072,0.0017726666341393682,0.511715761461276,0.0,0.007887667434363716,278.7792623846769,-0.001121084737238911,0.0003907214955421491
1989-05-29,-0.018935034546138204,0.0027422767742878978,0.47001622086864414,0.0,0.011297412069335495,278.84912157507716,-0.0006881049218571793,0.002785234351474928
1989-05-30,-0.003761756512741584,0.0017832382924139166,0.5095345879678673,0.021171247134100922,0.002162079605679054,273.25131947935864,-0.00035730603619315535,0.028045609845953477
1989-05-31,-0.008944330621237137,0.0012524631400566318,0.6066742805437854,0.0023453455039505232,0.0008773670694922324,271.5580324614789,-0.0006973400217412557,0.003939458441565509
1989-06-01,-0.01857596698958995,0.0014543721904862398,0.6099131668579332,0.0012125494747848835,0.003372649667458346,273.3100232629004,-0.0008566296359492562,0.0016579630347059
1989-06-02,-0.012645622515409008,0.003238401675628404,0.582174469971163,7.307036953457331e-05,0.00611802015853467,275.5351693464089,-0.0003159945294008417,0.006198816413830956
1989-06-03,-0.005375077327092489,0.0031671200768422277,0.5576305209804613,0.004058003004661389,0.006650407793326567,274.5981746321569,1.7055778601075294e-05,0.013529584838879742
1989-06-04,-0.01285168019223348,0.00264568702649262,0.5477602971251178,1.8073045938028458e-05,0.004925603983597567,274.74977264835337,-0.0006850044963891898,0.001958543045372613
1989-06-05,-0.018332481721026753,0.0036116871288267233,0.5113251824387948,0.0,0.009363650391667576,277.2772065681702,-0.0008271383753014824,0.0004887834443834643
1989-06-06,-0.016456756004169164,0.00811017409893079,0.46976035597634186,0.0,0.009814373370112673,278.6603768989865,-0.0007311378810870446,0.00829472526645127
1989-06-07,-0.01061718149037011,0.01030399932362939,0.43110291791725525,0.0,0.011770535239392081,278.79213115455076,-0.0006273134090637757,0.009007763306973345
1989-06-08,-0.01109077688832741,0.014654016343213746,0.3958241378295669,0.0,0.010303763030780911,278.34504079010526,-0.0009921603641435926,0.014689109972075497
1989-06-09,-0.014028657880206567,0.009579150942759327,0.3640571206302966,0.0,0.009583298453671785,279.42509622807336,-0.0011398223318201675,0.006520157479970469
1989-06-10,-0.019687448938687645,0.008383825589708018,0.3338542586217044,0.0,0.01012448168827989,281.33036944286977,-0.0014017704021880182,0.0038959496775589422
1989-06-11,-0.02126897160111174,0.00580882167412063,0.3082086882797787,0.0,0.006142830865531319,279.6450573944552,-0.0013091001701725407,0.0013270283149410878
1989-06-12,-0.012085426030522685,0.007735384638700109,0.29042297478225043,0.0,0.006670440089399532,278.08217037150644,-0.001625966959459297,0.006724858397190982
1989-06-13,-0.019007295833132362,0.006145175399079835,0.2745179716925612,0.0,0.002665372618005774,276.5847824082312,-0.0014885119557128115,0.0018047339330285283
1989-06-14,-0.02470066124773295,0.005355221571895363,0.2642769391478343,0.0,0.0031339321390720415,277.17045077092234,-0.0015242901015079628,2.2805342898933858e-06
1989-06-15,-0.02588447962103591,0.008392535528894199,0.24579558579037195,0.0,0.01021622521223995,281.8843581133195,-0.0016778564701477687,0.0012458520083550276
1989-06-16,-0.027139851349895286,0.008493742026851677,0.21584858867408194,0.0,0.010703128462625763,285.0690672276384,-0.0015227817430418767,0.001039354343096469
1989-06-17,-0.019351759662399184,0.009020829689031269,0.19184625485522602,3.100514917050378e-05,0.007513064680631552,279.6429242135891,-0.0016549728484561215,0.00815482398874213
1989-06-18,-0.028666353789763264,0.008756993264801758,0.1745872138359228,2.062590108752924e-09,0.005834151143576466,281.193272714561,-0.0017949382085247906,4.351138613856165e-07
1989-06-19,-0.03733958716446397,0.009813625428636195,0.15316398893596986,0.0,0.009578330137130232,285.164394475646,-0.0020309815414797116,1.2436525924380795e-05
1989-06-20,-0.030069214055093673,0.0107273014925294,0.12602943664665725,0.0,0.007960963973217765,284.5185130383336,-0.001776217893397404,0.0002810132581795306
1989-06-21,-0.010990537282100508,0.009666876772702752,0.1471009335275424,0.009277129198535015,0.0020446542250571282,274.003708553853,-0.0015225728636996897,0.015400084656611423
1989-06-22,-0.010850650947646232,0.008427781237047271,0.1849873285958098,0.005051761613053791,0.0022650804517969575,273.6957717256133,-0.001458706744646622,0.012158839564480682
1989-06-23,-0.008292019451405369,0.007699414077451674,0.19042462997292847,0.000964809861560326,0.002769482506197051,273.69897669632337,-0.0012416905055275072,0.006791750000695051
1989-06-24,-0.006606780666079225,0.007539563007273917,0.2033921293844162,0.008854876340782575,0.005074212590684999,275.13602532999215,-0.0012394051714721373,0.016729601490717064
1989-06-25,-0.017370118301803784,0.006686866115042046,0.20541445055025898,0.00012131793014073776,0.005095095705177825,276.5440944197488,-0.001445265239536089,0.0023045268921191436
1989-06-26,-0.023137456195502632,0.0065061587229960395,0.17823093220338987,0.0,0.005396730566428879,278.6787755933859,-0.0014875677419500164,0.0004908603295094551
1989-06-27,-0.028123911743783685,0.0068715320805371825,0.15083522760710924,0.0,0.007312408843114552,281.9632288866349,-0.001718454141864332,0.00038015663564896915
1989-06-28,-0.030824018105611965,0.006591222212139497,0.12244502927848401,0.0,0.0071653303200915714,283.4980426436315,-0.001940244898242129,0.00026218584690471136
1989-06-29,-0.03154726671633748,0.006718013582930053,0.09867764058086159,0.0,0.006806915468078549,283.56075876311394,-0.0018808215772364776,7.097330015795772e-07
1989-06-30,-0.03579312525058197,0.00741752645390182,0.07431277402601225,0.0,0.00788160432445801,284.87398546653503,-0.00226980243614838,4.9721132194781865e-06
1989-07-01,-0.04004096391342454,0.007381021471346838,0.05036124536546611,0.0,0.005895219111846665,286.88774611765837,-0.0028809650648532617,0.00031583481479005945
1989-07-02,-0.03849537430678384,0.0077669433617995965,0.03395094934380886,0.0,0.00436769739466872,286.1580633174228,-0.0027191019485478347,1.2850769621763902e-06
1989-07-03,-0.036234876235662884,0.007786697923800366,0.021567364421492468,0.0,0.0036216715382317364,287.62457765338564,-0.002606785493129391,1.2610156376428283e-06
1989-07-04,-0.04170597933948377,0.006984565722740303,0.011917832656544258,0.0,0.0027604759539251278,288.8348780486544,-0.003038562844786267,3.436164270413758e-06
1989-07-05,-0.0410347887351688,0.006247074253815044,0.0054294851989171375,0.0,0.001476552063799174,289.5666662097651,-0.003068522555427363,8.702277796146518e-07
1989-07-06,-0.03457389241558011,0.005796324735307425,0.00232048537547081,0.0,0.000773624511761854,288.0218469831679,-0.0027828026184086073,2.037468534889725e-06
1989-07-07,-0.03887726825340994,0.005367794784448915,0.0008786303848870057,0.0,0.0002888609039581428,289.38743264077976,-0.0029365210872838057,8.642672923997452e-07
1989-07-08,-0.04321586492203051,0.004981015950946485,0.00042805070032956693,0.0,0.00010208061522683184,290.44255597173833,-0.002949509211936913,5.195437087150426e-06
1989-07-09,-0.03630384807027666,0.00465497071460142,-7.3453647229951e-24,0.0,3.8757478281603025e-05,289.3733105955825,-0.002758402266871121,0.0012686024477397695
1989-07-10,-0.0235618920312763,0.004510397628202277,-7.3453647229951e-24,0.0,1.4089068955620805e-05,284.85442803090126,-0.0036323713296550816,0.011591143540961751
1989-07-11,-0.033710477210707586,0.0040911958884384675,-7.3453647229951e-24,0.0,4.353790970171913e-06,286.48322287162597,-0.0026805783585134874,4.88932524420327e-06
1989-07-12,-0.020775786606268696,0.005146834641526648,-7.3453647229951e-24,0.0,1.776753003987889e-06,285.60612773356473,-0.002349499528859295,0.014016324247926615
1989-07-13,-0.012147433003463314,0.005051873918980529,-7.3453647229951e-24,0.0,7.231693483341886e-07,284.35390264435676,-0.0038208117824321416,0.015069261943235405
1989-07-14,-0.021014673140762892,0.003534737364046992,-7.3453647229951e-24,0.0,2.041964207665395e-07,283.5465717531194,-0.002248723996476939,0.0016656722182695808
1989-07-15,-0.023112026143208737,0.0034092477822707874,-7.3453647229951e-24,0.0,8.869137467637576e-08,283.4640679799455,-0.002784545943772389,0.0015424251370180656
1989-07-16,-0.03241736997487182,0.0032730219559480916,-7.3453647229951e-24,0.0,3.300144174004679e-08,286.72046828045455,-0.0027900558901624494,0.0008093210692640123
1989-07-17,-0.03013108653874047,0.0031596731163014125,-7.3453647229951e-24,0.0,1.0312950543764621e-08,283.5578176027862,-0.002514060597214322,0.0013479018121892309
1989-07-18,-0.02658160847459136,0.003084173562836512,-7.3453647229951e-24,0.0,6.187770326258773e-09,282.00071308258117,-0.0028888208865277512,0.003495394964573801
1989-07-19,-0.02858305305747663,0.002928765311753009,-7.3453647229951e-24,0.0,4.125180217505848e-09,284.6747618134637,-0.0026246281393335364,6.434826527611684e-05
1989-07-20,-0.03170591184480042,0.002831041223585269,-7.3453647229951e-24,0.0,0.0,286.92303803725883,-0.0029116565898313364,0.0007149746357384375
1989-07-21,-0.035771711692634954,0.0027234447372835235,-7.3453647229951e-24,0.0,0.0,289.1574504263208,-0.002777177682619984,2.2759676479486933e-05
1989-07-22,-0.018037087541852292,0.0032147941953044826,-7.3453647229951e-24,0.0,0.0,286.7201475010529,-0.0023402964622624175,0.01024424653504902
1989-07-23,-0.01609650666767595,0.004560231825726181,-7.3453647229951e-24,0.0,0.0,285.2712990173513,-0.0029097537557452417,0.01453431444453611
1989-07-24,-0.020078069746157546,0.0030779085927090406,-7.3453647229951e-24,0.0,0.0,285.3529869230454,-0.0031968068415667377,0.009000224272158592
1989-07-25,-0.023758683543084032,0.004251865764795724,-7.3453647229951e-24,0.0,0.0,285.87085615039547,-0.002842571628464144,0.011727143490082335
1989-07-26,-0.021693067656735242,0.004395581823957842,-7.3453647229951e-24,0.0,0.0,285.862199309182,-0.0030644753958377464,0.010982926602326517
1989-07-27,-0.028411642264174877,0.002288151427177386,-7.3453647229951e-24,0.0,0.0,287.24392065490036,-0.0030796545962829373,0.0006206769813159446
1989-07-28,-0.029366592355703904,0.0022875334920182742,-7.3453647229951e-24,0.0,0.0,287.1998239470516,-0.003162273316312645,0.003984113702552602
1989-07-29,-0.027074433484319912,0.0022298722280620856,-7.3453647229951e-24,0.0,0.0,286.9664305419347,-0.002442963158259284,0.0031017985272037783
1989-07-30,-0.027983448431316744,0.0021456592837295965,-7.3453647229951e-24,0.0,0.0,286.94241035590744,-0.0028917733790342418,0.0009640377120059864
1989-07-31,-0.03134827206363786,0.0021113308809571347,-7.3453647229951e-24,0.0,0.0,288.21694871934795,-0.003261601336637123,0.0015443984421639378
1989-08-01,-0.03596445934920661,0.002044835248909428,-7.3453647229951e-24,0.0,0.0,289.8049801864193,-0.003094539788188571,3.8781745285637634e-06
1989-08-02,-0.037081275745637,0.0020015117643916677,-7.3453647229951e-24,0.0,0.0,288.70522103246776,-0.002811237317273173,0.0001655609089102449
1989-08-03,-0.039896541438197014,0.001964677777667504,-7.3453647229951e-24,0.0,0.0,286.61148618349694,-0.0030136942168918707,0.0007351494945699075
1989-08-04,-0.03794342376249659,0.001916698648431207,-7.3453647229951e-24,0.0,0.0,284.7898224796504,-0.0026502301074606553,0.000279229011384313
1989-08-05,-0.030633036994327935,0.0018830259809386259,-7.3453647229951e-24,0.0,0.0,283.3878524801826,-0.0026508180245672914,0.0012494302697712526
1989-08-06,-0.020339457370803855,0.0027034073057821246,-7.3453647229951e-24,0.0,0.0,282.9181428862606,-0.0027366110812977883,0.011245661822313697
1989-08-07,-0.019920357876578292,0.0018188091321180097,-7.3453647229951e-24,0.0,0.0,282.4303298059381,-0.002201867568711777,0.0021576840942275806
1989-08-08,-0.024564281989962373,0.0017779505690612362,-7.3453647229951e-24,0.0,0.0,283.47872410431194,-0.002380802327672304,0.0017482201426716176
1989-08-09,-0.022823692925569027,0.0017644078549692189,-7.3453647229951e-24,0.0,0.0,284.5293609920869,-0.0023843135084893746,0.003455123136911931
1989-08-10,-0.024496583615319204,0.001749749658471447,-7.3453647229951e-24,0.0,0.0,285.2404511841453,-0.002804171215048281,0.005261876825558937
1989-08-11,-0.018654956108769456,0.001967232863781816,-7.3453647229951e-24,0.0,0.0,284.6910208614084,-0.002815932477429762,0.0071103824218233195
1989-08-12,-0.021504406159543722,0.0016639418689544591,-7.3453647229951e-24,0.0,0.0,284.81612404142624,-0.0024997422861008996,0.003517086812331852
1989-08-13,-0.016541971409388182,0.0017994600164014745,-7.3453647229951e-24,0.0,0.0,283.462421032893,-0.0021849751030489552,0.0071977667215512705
1989-08-14,-0.02222604355064489,0.0015657380812585692,-7.3453647229951e-24,0.0,0.0,283.47458925983557,-0.0019837211038769976,0.00040658807030709374
1989-08-15,-0.027536734349310064,0.0015344363821428375,-7.3453647229951e-24,0.0,0.0,284.10953764547287,-0.0021804129168138666,3.8520966443692005e-05
1989-08-16,-0.03281663362420885,0.0015357020547834496,-7.3453647229951e-24,0.0,0.0,285.7087698036668,-0.0027733093317029844,0.0024019313396357414
1989-08-17,-0.03202061144645604,0.0014958767230901344,-7.3453647229951e-24,0.0,0.0,286.05393144280674,-0.0026112070391322933,0.0012792414527828411
1989-08-18,-0.018082455305729883,0.0023482647319298007,-7.3453647229951e-24,0.0,0.0,284.0989096438593,-0.002832506009835308,0.01406116624182611
1989-08-19,-0.012266717135569474,0.0018294811417154,-7.3453647229951e-24,0.0,0.0,280.2435853422923,-0.0029244824696732113,0.010584103798959852
1989-08-20,-0.022096903310657223,0.001419615274095266,-7.3453647229951e-24,0.0,0.0,281.1257424722733,-0.0021387447292606034,0.0005443072756755251
1989-08-21,-0.025138296565767066,0.001395722482837526,-7.3453647229951e-24,0.0,0.0,281.5568095241338,-0.001966149367307876,0.00017823184904729183
1989-08-22,-0.02861279825874641,0.0013763869212845626,-7.3453647229951e-24,0.0,0.0,283.1837108310333,-0.0022634914734185082,0.00014397674129285496
1989-08-23,-0.03412995710548035,0.0013631321279342567,-7.3453647229951e-24,0.0,0.0,285.59344156268855,-0.002483538825506881,0.0007254994016582683
1989-08-24,-0.03726980203794221,0.0013426146601553017,-7.3453647229951e-24,0.0,0.0,285.4594377564396,-0.002595700781350419,0.0005456545932144768
1989-08-25,-0.030699692077219152,0.0013228545417893406,-7.3453647229951e-24,0.0,0.0,280.5634324564099,-0.002158669239215258,0.0003513916393590362
1989-08-26,-0.027790008586342053,0.001310389173232903,-7.3453647229951e-24,0.0,0.0,279.65557660894876,-0.002062426164409535,0.0009980397062614393
1989-08-27,-0.027668941955445184,0.0012969438639064293,-7.3453647229951e-24,0.0,0.0,281.7447078618626,-0.00221154754086908,0.0012843485763447606
1989-08-28,-0.02670539178922352,0.0012690348308638665,-7.3453647229951e-24,0.0,0.0,280.42195814746924,-0.0017783351474057484,0.00016294540985026582
1989-08-29,-0.028231110402756495,0.001250644019768063,-7.3453647229951e-24,0.0,0.0,281.5810894436307,-0.001969027580261904,0.0
1989-08-30,-0.035104338016550427,0.0012332861874736634,-7.3453647229951e-24,0.0,0.0,285.3897144834874,-0.0023056388974694885,2.4493047073062534e-05
1989-08-31,-0.03041330354530259,0.0012192783382652843,-7.3453647229951e-24,0.0,0.0,283.44701299649404,-0.0018858268941189611,0.0004971187161519433
1989-09-01,-0.026006364047864064,0.0011991234654087134,-7.3453647229951e-24,0.0,0.0,281.05065176581263,-0.001699327328110819,2.3063764722414586e-05
1989-09-02,-0.03447612105621457,0.001182105413264474,-7.3453647229951e-24,0.0,0.0,284.35504200678537,-0.0020978037467868317,1.1380614420249399e-05
1989-09-03,-0.02815592743582645,0.001172315266172765,-7.3453647229951e-24,0.0,0.0,281.14967916240806,-0.0017564002592853234,0.0010457722816982376
1989-09-04,-0.027946656285706216,0.00114951051224423,-7.3453647229951e-24,0.0,0.0,280.2964007742212,-0.0018081865299724594,5.9013683198185205e-05
1989-09-05,-0.03330385137749257,0.0011325640193486617,-7.3453647229951e-24,0.0,0.0,283.2923805610384,-0.0018863751116277136,1.2736221294932483e-06
1989-09-06,-0.023153632458320448,0.001119986429052838,-7.3453647229951e-24,0.0,0.0,281.6539862034685,-0.0015058318352968681,0.0005525421652733304
1989-09-07,-0.016255569112839673,0.0011183537837475708,-7.3453647229951e-24,0.0,0.0,279.72750682794896,-0.0014673252142755324,0.0019352638283677626
1989-09-08,-0.005975194822596965,0.0011538854763332735,0.008126756341219399,0.003873804026404343,0.0004579404442660553,276.65869675832056,-0.0019031176501411505,0.010881921160692549
1989-09-09,-0.0027537201504922856,0.0010991254768802623,0.06792557710981639,0.017144670036468804,0.00015251653132128848,272.36533804352905,-0.0009713420423410708,0.0203976308726995
1989-09-10,-0.005089123959595201,0.001066904115138081,0.14967452514418553,0.0048138875893111955,0.00040596708823732063,270.2196807825408,-0.0007288228709903141,0.005355750352649367
1989-09-11,-0.008424279885103473,0.0010466691801103497,0.16458687360228344,0.000427160601494676,0.0001005943506787726,267.09340280148496,-0.000962185868098911,0.0004508232160126959
1989-09-12,-0.00914929024243759,0.0010391589948686504,0.172908344735758,0.0020400589216226913,0.0005460806233061235,270.6197939008868,-0.0009745334585507711,0.002373143306457444
1989-09-13,-0.015455987620151651,0.001069552312463017,0.15994682240171848,1.5044911096325028e-05,0.003906076868711892,272.2393550872803,-0.0012976588092028759,2.0336970097601075e-05
1989-09-14,-0.01875883109320355,0.0010981966378325126,0.12432619946151131,0.0,0.006689767758388304,276.1029185386701,-0.0014255845835064091,4.261732087229575e-07
1989-09-15,-0.02253648647144016,0.0010692622028501695,0.07984777763064972,0.0,0.005173414398384634,279.1555528730547,-0.001583665904015471,2.1483205046024523e-06
1989-09-16,-0.02466170182504223,0.0010296116440983143,0.04831593544020715,0.0,0.0032478027298288832,280.02831028006176,-0.001785442148898281,8.631795367364248e-07
1989-09-17,-0.03055501716621852,0.0009991898711791821,0.028022608065560263,0.0,0.002099138847683783,282.38609031274945,-0.0020656758803600647,2.0711368081674056e-05
1989-09-18,-0.030243339259072216,0.0009928636968472584,0.010559426862641243,0.0,0.0016614823881010551,283.14317582196884,-0.0017250393448913167,0.0013054983090546172
1989-09-19,-0.01810505169596376,0.0009728942887257721,0.004750397245762712,0.0,0.0004286073295578445,279.57455949370245,-0.0019870707291667743,0.0021238835033971885
1989-09-20,-0.008772353331247967,0.0009611728837934593,0.0030041710805084752,0.0,0.00017158381935566833,277.9731979406037,-0.0015074409818076821,0.002844112519924071
1989-09-21,-0.014591028882285298,0.0009273378189000707,0.002305772569444445,6.256319877118041e-05,0.0001236096150794272,276.2645977436935,-0.0012801579005048101,0.0005956657750693202
1989-09-22,-0.01510795428928009,0.0009123537331651159,0.0018501353578154426,0.0,8.83051757253496e-05,276.7468109525979,-0.0010144360689709417,4.566143231783318e-05
1989-09-23,-0.01868940216336547,0.0009022398857073597,0.0009462173375706216,0.0,9.455319262493803e-05,279.8162186365792,-0.001408435351683595,1.8346194897379061e-06
1989-09-24,-0.02132067067474969,0.0008924503279271099,0.0005406956214689266,0.0,4.494732172138947e-05,281.1051975652548,-0.0013387690977019779,0.00011593426269380634
1989-09-25,-0.021772119200835795,0.0008815764370611159,0.0003379347634180791,0.0,2.387492249240983e-05,280.4975173037829,-0.001421323856391476,1.7060665555042971e-06
1989-09-26,-0.02036553242449033,0.0008724119703648455,-7.3453647229951e-24,0.0,1.211571743932821e-05,282.2862643441238,-0.0013420117471767013,7.753042804951533e-05
1989-09-27,-0.02175901455562667,0.0008690010356364278,-7.3453647229951e-24,0.0,6.7445538980139185e-06,282.4785074101105,-0.0015076621104094944,0.0008241728537159182
1989-09-28,-0.01578935551441322,0.0009070182755842049,-7.3453647229951e-24,0.0,3.553695429516378e-06,281.6819065798025,-0.0015123134984050771,0.004497116676308667
1989-09-29,-0.02114131520528578,0.0008448203236369764,-7.3453647229951e-24,0.0,1.3746952606459798e-06,282.31126518033994,-0.0014574632974667739,1.59743815492102e-05
1989-09-30,-0.030257883592177248,0.0008356316951708605,-7.3453647229951e-24,0.0,5.088073048887954e-07,283.8510642042717,-0.001674881220747859,1.307480936003811e-06
1989-10-01,-0.01624357734022841,0.0008708049180143972,0.012235767199270244,0.006895610378623683,0.00040970231264324513,277.9063496095762,-0.001805301013765699,0.011199104769076746
1989-10-02,-0.0038254972820901604,0.0008265083119020624,0.08285447747469399,0.00907520703592543,3.840550148891191e-05,271.52583046103155,-0.0008601178283576911,0.010162452284220663
1989-10-03,-0.006818147534030979,0.0008516012780410421,0.1229671040048258,0.005848569763919055,0.002882048098296769,272.7888916540056,-0.0006674871080170918,0.006077907011333833
1989-10-04,-0.007604615373463281,0.0008342944632815777,0.11911993511652544,0.0020668112625510005,0.0011057187355844316,272.74200127308876,-0.0008801913341391559,0.003952544102791202
1989-10-05,-0.009877463392281937,0.0008211247833435145,0.12186019523893599,0.0005228335911271262,0.0016607240284398455,272.0933505164253,-0.0010613237828605592,0.0007377384409278934
1989-10-06,-0.009321488818879856,0.0008056471071674326,0.10687911039018362,9.805940638827739e-05,0.0011148603033211272,271.7903302905699,-0.0008048290849826432,0.00027239107132502176
1989-10-07,-0.01036381106928917,0.000813267914588842,0.09717371593985406,0.0001416759049825076,0.0021224221014707104,272.9081998455098,-0.0009163225406391473,0.00014962011805739095
1989-10-08,-0.013188830076974663,0.0008172735487673915,0.08038571460098871,0.0,0.002806916096284565,275.2609289532103,-0.0009800965534680981,8.589972324156058e-07
1989-10-09,-0.012852307808938002,0.0008071356237271413,0.060826188426906784,0.0,0.0025271480997740214,276.3149450162037,-0.0009973922712823093,3.744134790646819e-05
1989-10-10,-0.015414825772161538,0.0008018380504543499,0.044757275482580045,0.0,0.002557221473862896,278.1505041715116,-0.0011865787502736023,1.2874602361989673e-06
1989-10-11,-0.02254602430903979,0.000774243962293291,0.02945181923846516,0.0,0.0009736694332401632,279.3965573391672,-0.0015058146505537683,0.0005279565699381217
1989-10-12,-0.016534044075820407,0.0007669442454300359,0.02244691435675612,0.0,0.0012208685005283626,278.62047358870285,-0.00113787011659078,2.3164485457789978e-06
1989-10-13,-0.020129508765067087,0.0007513719426710054,0.015010970235993409,0.0,0.0006642644793468681,280.295984562732,-0.0013278765593376539,4.3995669329888187e-07
1989-10-14,-0.02137402908108329,0.0007397019762103842,0.010717129752236348,0.0,0.00033633575095968734,279.5494692455802,-0.0012771986361782431,8.529567594450782e-07
1989-10-15,-0.004255770542527323,0.0007311779226960437,0.01986228813559322,0.006302873588214486,1.880324493020268e-06,273.505623761768,-0.00044555941038886037,0.006708499346617735
1989-10-16,-0.003952456690834068,0.0007235951679574569,0.06420760504943504,0.0027090718517195707,0.0,269.664584172423,-0.0004282546845280518,0.0028323755386620983
1989-10-17,-0.003918520390650647,0.0007180804755054627,0.07693142361111112,0.0029192201498538088,0.0,268.29200552098047,-0.0003093948198408731,0.002969989702424141
1989-10-18,-0.01213155396408954,0.0007419147565539948,0.08310781360346046,5.693428513020446e-05,0.001909188284291386,267.02718822026657,-0.0004609128418194372,5.9569651473454655e-05
1989-10-19,-0.013573893172256017,0.0007401946405906462,0.06742074395303672,0.0,0.002089522842128398,272.3290191154696,-0.00038232570145763247,1.293420723413874e-06
1989-10-20,-0.013218868334414595,0.000728722851155168,0.052464027189265544,0.0,0.001650875444802861,274.8898092223202,-0.0007100233145184436,-1.5959699339873623e-08
1989-10-21,-0.013288854289863069,0.0007123875584306018,0.040930566590160075,0.0,0.0009163376049133345,275.3126826349176,-0.0008200583400699378,1.2990323625672318e-06
1989-10-22,-0.012508699154786472,0.000705978459557571,0.0335481862788371,0.0,0.0008155145803413824,276.0336844521503,-0.0008543313159949363,1.2244600366950366e-05
1989-10-23,-0.01218387484550476,0.000701423923848039,0.027238921257062152,0.0,0.0008449353340823772,276.1052283953363,-0.0008005556403159423,4.202157697363873e-07
1989-10-24,-0.012886348669811832,0.0006978628830721149,0.021042990819209042,0.0,0.0008597382486371673,277.4499056541314,-0.000906716705968151,0.00011705160130759397
1989-10-25,-0.014129808183107,0.0006855717823330293,0.015604080228931262,0.0,0.0004361862748187814,277.55732840557783,-0.0008985748367205179,5.001065421239131e-06
1989-10-26,-0.0028111949394651727,0.0007036095958645062,0.019384811602518835,0.004683217044267277,3.2646981420490034e-05,273.6392222259004,-0.0006554337470965871,0.007467797448977293
1989-10-27,-0.00924327359192789,0.0006749954937541554,0.04609935925729756,0.00018267773386448788,0.0003249289752063105,271.1252329910767,-0.0005612585188473685,0.0001845790335906292
1989-10-28,-0.0036301943710294825,0.0006671254917726679,0.05093573446327684,0.0065017078008692145,5.0451838027286e-05,269.67507873506423,-0.0002612917878701862,0.006602267821882691
1989-10-29,-0.004969528250101596,0.0006620043751883642,0.19492421985346048,0.018057469404855017,0.0,265.3559926817871,-0.00041144429627111405,0.018080745915132784
1989-10-30,-0.005494018143179727,0.0006597490802323077,0.21138003361876181,0.00016064293640481552,0.00011563503136069087,262.8978617249685,-0.00042544348996742976,0.00016216543096817145
1989-10-31,-0.0024195863197078817,0.00065426381125962,0.2223904999411488,0.006478701628702508,0.0,263.7186983543152,-0.00024327513167245242,0.006486214571079965
1989-11-01,-0.004847640918809816,0.0006504985740629294,0.2499813791048729,0.000908048644577716,0.0,259.22791640502584,-0.00032497769863592033,0.0009098258731379211
1989-11-02,-0.006624644464355404,0.0006467664645890058,0.24405050906308853,9.172464494651321e-06,0.0,264.4783501167082,-0.0004233758591410131,1.194157216225693e-05
1989-11-03,-0.0034599475520478806,0.0006431386632434394,0.24525006252942563,0.0041677140878082,0.0,268.462864029879,-0.00032686206412180674,0.004214124570218745
1989-11-04,-0.0037514905808335645,0.0006411463695730868,0.2725958815177731,0.005445272025078704,0.0,271.2604986934339,-0.0002829732247075792,0.005888929828410695
1989-11-05,-0.005702798901978185,0.0006359392135156751,0.3241849565236582,0.005627825056428963,0.0,267.05102963636153,-0.0004867661565458034,0.005734258722699359
1989-11-06,-0.004505642642409114,0.0006324138681767351,0.3395632871351224,0.002594941016812783,0.0,265.3644468483503,-0.000291127458972446,0.002608223624250092
1989-11-07,-0.004610726851864724,0.0006289119269214781,0.35368160384298497,0.004389022850552521,0.0,264.859725057742,-0.0003229731136122666,0.0044824940361725876
1989-11-08,-0.006694643174187612,0.0006254610873885076,0.3898787848693503,0.0021524616532911686,0.0,263.8166264320273,-0.00043198734648146873,0.00222372152191834
1989-11-09,-0.007898461599807956,0.0006220152990966194,0.3901721214395009,0.001698853732165644,0.0,271.65256135297585,-0.000531968597512124,0.0017197627077035515
1989-11-10,-0.007740224569530811,0.0006476929463909172,0.3703948917137477,3.3780669340979586e-05,0.0020377824325009254,274.7592780226368,-0.0005675996995746753,0.00037855142465179526
1989-11-11,-0.00833745037684333,0.0006299138405902238,0.3402205357668315,0.0,0.0010390201278325528,275.1682562819084,-0.0008194496918280246,0.0
1989-11-12,-0.006929229566101301,0.0006149318595390536,0.32007065825094166,0.0,0.0002420571459046865,273.6089168016969,-0.0007709227239260567,0.0
1989-11-13,-0.007164017039503756,0.0006079623254679018,0.31040986199387954,0.0016291057533126768,0.0,271.0971774875332,-0.0007631403083602588,0.0017270031790047984
1989-11-14,-0.00434638021019219,0.0006045596410999191,0.36843004244644545,0.010966395843500473,0.0,265.662752848336,-0.0004866466420771039,0.011023405840552511
1989-11-15,-0.002731705621137458,0.0006012644639796457,0.45612411355343696,0.004382566838277936,0.0,259.32201189015996,-0.00032324743809673074,0.004418898482288885
1989-11-16,-0.002955522830203428,0.0005980041404228427,0.469634147687147,0.00030679508286007384,0.0,262.36962758439637,-0.00012060216927932482,0.000307996084896236
1989-11-17,-0.0038141332524644455,0.0005947206653444107,0.4790735621910311,0.0032086179375985253,0.0,267.1790069932094,-0.00034646357877948195,0.00321610898274357
1989-11-18,-0.004159336162489013,0.0005915199464323832,0.476643420433145,0.0004270393085681786,0.0,269.13494149260157,-0.00033214017959301085,0.00042923670367332506
1989-11-19,-0.005874690994367761,0.0005892039103023077,0.46086807394656315,-3.725290298461914e-09,6.771935834049505e-05,274.05422524992804,-0.00047919627721026796,8.523463748133508e-07
1989-11-20,-0.007306753494645243,0.0005858184001540061,0.43788414216984467,0.0,6.0288161881225936e-05,273.875497351034,-0.0005983740964767623,0.0
1989-11-21,-0.004951532824901538,0.0005817440270030565,0.4229890352813089,0.00013973753331071243,0.0,272.7052808607141,-0.0004635184719148329,0.0002264705753919632
1989-11-22,-0.0034457823145861008,0.0005785797612141755,0.42533687728048497,0.0016990020281850958,0.0,265.5048870330926,-0.00038157929640031814,0.0017066588724492379
1989-11-23,-0.004829709349715777,0.0005754435719069788,0.4203936043432204,0.0,0.0,267.00358898356814,-0.00030567022934976945,0.0
1989-11-24,-0.0024787981463017437,0.0005723422361632526,0.418887150938677,0.005813144484145494,0.0,269.0765844370237,-0.00023526618372922563,0.005883776383883462
1989-11-25,-0.0024856134912388476,0.0005693136803847922,0.47380132010652076,0.003290242078782475,0.0,264.0698088522011,-0.0002093697019384406,0.003353211704518216
1989-11-26,-0.0007195935747717734,0.0005662752746862207,0.49878780271598405,0.007162073069373094,0.0,265.0521887116513,-7.139634088439457e-05,0.007217626029431887
1989-11-27,-0.0023836070029749036,0.0005632864974312863,0.5869816494526837,0.007216627399126689,0.0,262.53828585349913,-0.0003269983423968493,0.007225624619128395
1989-11-28,-0.002508444511621012,0.0005602934687151074,0.6457643670550848,0.0027123612409594372,0.0,259.7169370848805,-0.00017448674129732583,0.0027165405325970406
1989-11-29,-0.003920503970930132,0.0005573170670008256,0.6397541857933146,0.0,0.0,264.3104251495189,-0.0001600032914324669,4.351138613856165e-07
1989-11-30,-0.004566218093626917,0.0005543481158671406,0.623214463056144,0.0,0.0,266.3129750842653,-0.00021388159149279034,2.1444657249958254e-06
1989-12-01,-0.004025572058507952,0.0005513858155342145,0.6062076087276366,0.0,0.0,265.77784900701204,-0.00021920312132875798,0.0
1989-12-02,-0.0032974830118276304,0.0005484482662825935,0.5919030830685029,0.0,0.0,264.269672849982,-0.00016786189655126153,8.583068051848386e-07
1989-12-03,-0.0038509170635271884,0.0005455471701541189,0.5781725867319916,0.0,0.0,270.2257516756795,-0.00020253961369142697,4.410743663640915e-07
1989-12-04,-0.005039172699559206,0.0005426311728644506,0.5611976867790724,3.7559765880390755e-05,0.0,271.32230023026693,-0.00032807656663790934,4.072226373489294e-05
1989-12-05,-0.004090319245548572,0.0005397465774568461,0.5535424298934793,0.00711213801540224,0.0,271.58963801497123,-0.0003372308098326969,0.007238131374289088
1989-12-06,-0.0021145886367997207,0.0005368670332903243,0.5980344150923965,0.006827160021511176,0.0,265.4855752395371,-0.00024469396215205815,0.006898822538494445
1989-12-07,-0.0026729343890470303,0.0005340550915669587,0.6823224716042845,0.007242433537366027,0.0,262.44223620887084,-0.00029638303854202824,0.007248040623917443
1989-12-08,-0.0026910867815637322,0.0005312218504436946,0.6841985842602402,0.0,0.0,265.8240172894437,-0.00010112700931264858,4.351138045421976e-07
1989-12-09,-0.002507085138458317,0.0005284349123636882,0.6718122406867939,0.004511330129399811,0.0,265.75569239039885,-0.00016785474588810388,0.004542764836009666
1989-12-10,-0.0012423192377144336,0.0005256825752850981,0.7232270608963042,0.004326839610344946,0.0,259.39782026617763,-0.0002469652790134236,0.004337122497483216
1989-12-11,-0.002393616710679006,0.0005229187887267205,0.785935568944209,0.0019469095741288139,0.0,252.02881478993905,-0.00021204633880301382,0.0019508111948347362
1989-12-12,-0.0018605331411469456,0.0005202029047712769,0.8092491595309559,0.006382588297128678,0.0,259.0057028754283,-3.8630718438975555e-05,0.006387602902776253
1989-12-13,-0.0013414647451228342,0.0005175383751001736,0.9114353445739172,0.011621213249735914,0.0,260.02027690837167,-0.00011335046551490236,0.011627869249063697
1989-12-14,-0.0004928695027437588,0.0005147926888223422,1.0336562334480934,0.017224355774410702,0.0,261.72823204428465,-4.7721258117317484e-05,0.01723162474601913
1989-12-15,-0.0014915221744337998,0.0005121462594317852,1.1411066145097695,0.008732771627226119,0.0,261.18292992802,-0.00016978787163556634,0.008739897801132554
1989-12-16,-0.001429360801890745,0.000509498230481552,1.1358746027542372,0.0009106771315390107,0.0,256.76762694737783,-0.00017654355931079997,0.0009150244420854923
1989-12-17,-0.0008035218395755791,0.0005068518010909949,1.1244245913518127,0.001715111761948483,0.0,254.2476825390832,-7.011984490742119e-05,0.0017203446161949028
1989-12-18,-0.0012540759592406495,0.0005042285232220666,1.1153792041843222,0.0001629524269683213,0.0,250.92855281793916,-8.63152813945113e-05,0.00016968257007372577
1989-12-19,-0.0009552699192769111,0.000501641698476285,1.0978390106373588,0.0006410251818807785,0.0,252.24895869899834,5.982626797789235e-06,0.0006467156769802407
1989-12-20,-0.00029300443701824904,0.0004990415721289856,1.1058811683439267,0.0037067036254931312,0.0,259.62652237312045,7.038040475993507e-05,0.003710057607478341
1989-12-21,-0.00028766485425712026,0.0004965109003465728,1.1943412249146659,0.007161701971528221,0.0,253.2705731939686,-0.00012370475204819342,0.0071690479914347325
1989-12-22,-0.0005405115458251393,0.0004939421758813373,1.2196247222957863,8.491094166276146e-06,0.0,252.31591971086692,1.4318458441287112e-05,8.904428800361295e-06
1989-12-23,-0.0011558049058510086,0.0004914165553400073,1.1914299284221987,4.685609101575647e-05,0.0,265.455568683574,0.00012823686235200217,5.151036768983313e-05
1989-12-24,-0.0029571210849756576,0.0004888957334777056,1.1444071106991527,0.0005484545803339468,0.0,266.0799400092518,-1.8578885638781188e-05,0.0005541532557213237
1989-12-25,-0.0032817219610268115,0.0004863948640176806,1.093165165960452,0.0,0.0,266.7088591509171,-0.00011935931141093627,0.0
1989-12-26,-0.003622788999040248,0.0004838987932366841,1.0507644682056263,1.551509745376932e-06,0.0,268.324068647769,-0.0001269143948194671,2.734741922152245e-06
1989-12-27,-0.003630758678845767,0.0004814293256587229,1.011434608933616,0.0,0.0,268.4963845973186,-0.00011317065711748802,8.559142656849872e-07
1989-12-28,-0.002758171977633137,0.00047897130756054904,0.9761070926759653,1.8190192637470483e-05,0.0,268.1529219244833,-0.000110511846924569,2.0472326430196628e-05
1989-12-29,-0.0020494782655252576,0.00047653324186465164,0.9701258772510595,0.003087421132009582,0.0,263.9599358653843,-0.00017620401593756546,0.003091023981997779
1989-12-30,-0.001692874999032856,0.00047411327644930054,0.9838692472928438,0.0030390285165969935,0.0,260.7315720919162,-0.0002463904319930885,0.0030472847872237137
1989-12-31,-0.0022822955654839337,0.00047171991423698473,1.0003296588100283,0.002216276349657673,0.0,262.5082613267916,-2.7714802299515678e-05,0.0022216997744997206
1990-01-01,-0.0024441074432626285,0.0004693313507036975,0.9830869398099106,2.8779867005213507e-06,0.0,265.9003941056419,-0.0001110836105831599,5.0045003447561265e-06
1990-01-02,-0.0025393496462180793,0.00046694783841149285,0.9588018442502355,0.0002120341579456114,0.0,264.78082253120266,-0.00010712836253440988,0.00021527458371959816
1990-01-03,-0.0023616325467993313,0.0004645957280013521,0.9451757168814737,0.0006860733284788618,0.0,260.2003588128674,-0.00024334111877080415,0.0006896276257456223
1990-01-04,-0.00232683332626429,0.0004622667691128403,0.9322369534192562,3.436464542722972e-05,0.0,258.4434166529309,-7.729439622601548e-05,3.5667752151997995e-05
1990-01-05,-0.0024088376996207373,0.0004599279603042172,0.9353204357197505,0.0020547200015372477,0.0,261.6154701139519,-6.670139119618357e-05,0.002057757249659738
1990-01-06,-0.001195674435903797,0.0004576386536582042,0.9338530632062148,6.06947446947044e-05,0.0,265.06159958058157,-2.5826059071357645e-05,6.112607858948787e-05
1990-01-07,-0.0024148247673013118,0.00045535439825327383,0.9175216186293551,1.7249356892149328e-05,0.0,266.5581547006151,-9.683886869142285e-06,1.951738936036313e-05
1990-01-08,-0.003961221688548051,0.00045308824312888967,0.910454184322034,0.0073921294872370145,0.0,268.77888417288864,-0.00014434743798890357,0.007496573140301247
1990-01-09,-0.004367417913708984,0.0004508188888851532,0.9383788602724813,0.0014268807477533481,0.0,267.3121419608481,-0.00028557769722689343,0.0014438359376525006
1990-01-10,-0.01631686529197262,0.000448584135642833,0.9147041162753061,3.134989637439534e-06,0.0,271.60729758842746,-0.000985341462290893,3.987853775832541e-06
1990-01-11,-0.003992328704413722,0.0004463560332012715,0.8951291876324153,0.0009087907981737859,0.0,265.45504888257966,-0.0004537705026861638,0.0009201199657149771
1990-01-12,-0.00261076779688819,0.0004441792850440505,0.8817566262800144,3.4992472600128695e-07,0.0,262.22249000175754,-7.762539984479463e-05,7.9179887575618e-07
1990-01-13,-0.0035411195229675813,0.00044196768332335914,0.8694339615701507,0.00012992263513769808,0.0,269.0892752559396,-3.445688319408288e-05,0.0001334915389099227
1990-01-14,-0.003326033594581367,0.0004397776335646204,0.8589474090748588,0.0008530774401069362,0.0,267.6103780247173,-0.0001073250662809038,0.0008573439329689909
1990-01-15,-0.0011532876619511406,0.0004376256364887044,0.8589025809939972,0.005491292851287767,0.0,266.1240940417274,-0.00010793125204278925,0.005504394621487472
1990-01-16,-0.0014659800687752203,0.0004354685881717057,0.9106390139477402,0.004303805698445962,0.0,265.96206235436625,-0.0001578140625004041,0.004313806890756706
1990-01-17,-0.0021575671215515353,0.0004333413421770948,0.9375179312323448,0.002701311566903766,0.0,262.78151105891516,-0.0003095986374185584,0.0027070732776273312
1990-01-18,-0.0038889925611221192,0.0004312108970631315,0.9336903027895482,6.835455190663957e-05,0.0,260.5937674822332,-0.00013860756015710238,7.16457417147878e-05
1990-01-19,-0.0031386548179691124,0.0004291299541117782,0.9222584525070622,0.0,0.0,261.41693251011736,-9.374194226022495e-05,1.2777520055351488e-06
1990-01-20,-0.004154663133082417,0.0004270192088380372,0.9121817895921611,0.0,0.0,261.2712252270255,-9.966268083133267e-05,0.0
1990-01-21,-0.0040047545891023625,0.0004249515674882017,0.902115241731403,6.860006327009471e-07,0.0,264.61234488909304,-6.775259655916086e-05,1.5457975312678032e-06
1990-01-22,-0.004346185989972563,0.00042288552569804224,0.8914289169167845,0.00016447238750376948,0.0,267.7531155983158,-0.0001694693803618857,0.0001690173383810289
1990-01-23,-0.004364972271151462,0.0004208261347086416,0.8841286064765772,0.0031628555455113535,0.0,263.71250433841,-0.0004825917162043226,0.0031729810991862127
1990-01-24,-0.0028406812225357965,0.0004187930943602223,0.9465023981873826,0.006325937134061156,0.0,259.3142746388351,-0.0003470175473366754,0.006331541730083368
1990-01-25,-0.0033042753736178083,0.0004167784068544032,0.9857738660104756,0.00029356438813909976,0.0,260.5387001181278,-8.902984992258967e-05,0.0002986132088354079
1990-01-26,-0.004562604056913301,0.0004147536168664189,0.9748316763035547,0.0019358924805781266,0.0,264.73599168809795,-0.00018681495287324075,0.0020036223749201718
1990-01-27,-0.004776753906139547,0.0004127554300814699,1.0069766287076272,0.003026564263522962,0.0,257.3560325241807,-0.0005478055800421763,0.0030322789976476145
1990-01-28,-0.003609479946941979,0.0004107737440173909,1.0014653035251884,8.551896376124884e-05,0.0,257.494115692972,-0.00017933194962261762,8.93827033952925e-05
1990-01-29,-0.0038458146365348903,0.00040880030831374694,0.993970048405132,0.0009621209175573232,0.0,261.31695546942245,-0.00014182341174554018,0.0009726514922907123
1990-01-30,-0.003939719060383274,0.00040683672253021415,0.9980376794962335,0.000898255761397087,0.0,261.71166156689776,-0.00017430276562601835,0.0009054861499764827
1990-01-31,-0.003092457008900616,0.0004049295422721044,0.9995181556026367,0.0031668987693422935,0.0,263.65081265192697,-0.00013399755550643145,0.003238959164271154
1990-02-01,-0.003858961922637487,0.00040296515670873353,1.003583947592985,0.00010795615571366865,0.0,261.64249898260374,-0.0002867519687124565,0.00011128979653129414
1990-02-02,-0.0035336712575228203,0.0004010611755699762,0.9975356049905839,0.0012030350833626118,0.0,261.59223188339206,-0.0001716019880384375,0.0012070738831468156
1990-02-03,-0.00433467791578864,0.00039915639465138065,0.9934732613141479,8.013373040883555e-07,0.0,261.48229379528215,-0.00011383167515366765,2.0935036814414376e-06
1990-02-04,-0.006092699192001321,0.0003972705137931695,0.980467370674435,0.0,0.0,265.27791052349545,-0.0002154344324506609,4.351138045421976e-07
1990-02-05,-0.005351612249673424,0.00039537318345517095,0.9828924549052495,0.0021198698987731825,0.0,264.70237264974423,-0.0002550116377109188,0.0021231722023072755
1990-02-06,-0.005090113497723295,0.00039351550535967125,0.9774930849811676,1.66270018970899e-09,0.0,264.8064566538608,-0.00020556321293957488,1.2990745901621618e-06
1990-02-07,-0.002611621540818511,0.0003916660776246066,0.9820761240583805,0.004704114533750351,0.0,263.56724569891816,-0.00021658170084326955,0.004707257037108902
1990-02-08,-0.004106876077288288,0.00038983980141117083,1.025134989995292,0.0007140950462912436,0.0,258.3992202816261,-0.00039074218984545963,0.0007185502072398407
1990-02-09,-0.005081011582229098,0.0003880119256380588,1.0234483047169256,0.0010629367230638946,0.0,260.8785311309183,-0.0001819668506077454,0.0010668160045538108
1990-02-10,-0.005848782126512905,0.0003861888485439753,1.0222163370998119,0.001638357648573353,0.0,266.8951905604361,-0.0001256058497701661,0.0016418316100600613
1990-02-11,-0.006759125255258744,0.0003843923746529273,1.0089230869673964,1.731510721357529e-05,0.0,269.66161248014924,-0.0002957904595608092,1.8487643382384272e-05
1990-02-12,-0.005807828894779507,0.0003826041511223141,0.9902580534221986,0.004458039199228341,0.0,267.85848993635454,-0.0005278071325461744,0.004460690581662172
1990-02-13,-0.0030003077650474293,0.00038083907911332993,1.1343348156485407,0.011124695635448068,0.0,257.89598146355985,-0.0005816980712326234,0.011128277209416676
1990-02-14,-0.0019433640238255433,0.0003790591059431518,1.1879023032897835,0.0008719160647715553,0.0,254.3015557844087,-0.000201649342974027,0.0008760387950348179
1990-02-15,-0.0019599266223988294,0.0003773254358162315,1.1822346545433147,0.00047519180060779986,0.0,253.85059777671114,-7.334279454192199e-05,0.00047949044034176604
1990-02-16,-0.003812101727488351,0.00037557686452811725,1.1735072019185502,3.867609015965867e-06,0.0,253.8025450913022,-0.00012278236911795234,6.441493620143975e-06
1990-02-17,-0.003754957794806379,0.0003738596951220669,1.1602652167196328,0.00043021822295619946,0.0,259.44626243864303,-8.102451151205322e-05,0.0004788020900747852
1990-02-18,-0.0059204660987449914,0.0003721334755757434,1.150514074638065,0.000316109613510175,0.0,257.83818789480324,-0.00026869451848127076,0.0003290545468495255
1990-02-19,-0.0074162770294200235,0.0003704386579114838,1.1355456336069918,0.0,0.0,258.81261623691483,-0.00013735790942179956,2.1447814901875972e-06
1990-02-20,-0.009487514189407652,0.0003687446400270624,1.1206411013270954,0.0,0.0,262.52647847823954,-0.00019910803727679334,2.1411860302578134e-06
1990-02-21,-0.0064104067656279955,0.0003670474230232886,1.1067023268302731,0.0013183743224642374,0.0,266.124702615253,-0.000236861128886204,0.0013202141331792026
1990-02-22,-0.005533970345211569,0.00036538480702093094,1.0957157688176788,0.0003386129135802641,0.0,266.1340903266002,-0.00015228297982343848,0.0003400210914075954
1990-02-23,-0.007183745166676194,0.00036369584037759215,1.0752212897981404,-3.725290298461914e-09,0.0,267.5754571149578,-0.00020356944599057324,1.2909226825286169e-06
1990-02-24,-0.00810809538694425,0.00036203827561631717,1.0542879553613465,0.0,0.0,268.185123748923,-0.00024015189143223952,0.0
1990-02-25,-0.008729757730570218,0.00036039721157591227,1.0346633709981168,2.1511446789833115e-05,0.0,267.4870983993042,-0.0002881512256328669,2.2366460836971816e-05
1990-02-26,-0.005061050424468046,0.00035873964681463734,1.0171169704861112,0.0004646842510013258,0.0,266.8398002258129,-0.00021418455546185126,0.00046511844726605605
1990-02-27,-0.004190326200029944,0.00035711508349510235,1.0284568657309323,0.0037786732033147654,0.0,265.0341250568685,-0.0003390731658302458,0.0037829626751484853
1990-02-28,-0.009867299495443786,0.00035549557141665016,1.0354413106167608,0.00016900050943180668,0.0,264.3484933928582,-0.00029122736304998403,0.00017050418746281025
1990-03-01,-0.010800306448491954,0.0003538760593381979,1.0208696555732109,0.0,0.0,265.0891789833256,-0.00037841335738782834,1.303641681715817e-06
1990-03-02,-0.012293022441661963,0.00035228954870148566,1.0068888116466572,0.0,0.0,266.06378099473864,-0.00037189480969629726,1.2851535302615957e-06
1990-03-03,-0.010132371958366223,0.00035068986274428286,0.9933293516802025,0.0,0.0,267.15606727887456,-0.0002731813886071329,8.458181923742814e-07
1990-03-04,-0.006737320184034143,0.000349121578669144,0.9831719982197505,0.0014172940814899187,0.0,268.46758446989764,-0.00023215283550279963,0.0014562158934814109
1990-03-05,-0.003969765694464668,0.00034756007167579097,0.9881874558615821,0.004213967397388092,0.0,267.79299250026213,-0.0001861828795008067,0.004613795219739332
1990-03-06,-0.0020802269379297895,0.00034599166131962496,1.03354059998823,0.011620949701232427,0.0,269.3942263974982,-0.0001247105856904876,0.011835555891061863
1990-03-07,-0.004753976344725507,0.0003444365525649766,1.0902460532897835,0.0021751694760080115,0.0,269.613766697167,-0.0001400344410521836,0.002279633738215441
1990-03-08,-0.00988617606755704,0.0003428798442506521,1.069819850885711,7.452744211854235e-05,0.0,271.4387978986607,-0.0003394186496734619,8.740472251369448e-05
1990-03-09,-0.011556988592538458,0.00034132978673708647,1.0457919995439031,5.3058657269019875e-06,0.0,270.3498526535466,-0.0007478743370643444,0.00022056792910125244
1990-03-10,-0.01237373731735736,0.00033977627754211426,1.0265248903895952,8.972898378210552e-07,0.0,271.059859791269,-0.0006101858923159076,1.5155743744413732e-05
1990-03-11,-0.013532613967098086,0.000338254170229206,1.007886293917726,1.8301277847613318e-05,0.0,271.3464822284246,-0.0007438992313240882,5.609537910687697e-05
1990-03-12,-0.00527154401702396,0.00033674376495813923,1.0197284935557909,0.009224676753336427,0.0,267.50483675595734,-0.0006307304263283304,0.00924392055138936
1990-03-13,-0.008471141090500827,0.0003352200580855548,1.0729612648599343,6.885426697757959e-05,0.0,262.3796851989689,-0.0005316250552396991,7.084486837985132e-05
1990-03-14,-0.005566043284653271,0.00033372110229427536,1.078035573725871,0.003946067775878529,0.0,262.58214518085487,-0.00025764398150524855,0.003950190224125534
1990-03-15,-0.006668015220070964,0.00033219899498136707,1.1074779675729756,0.003558352842169293,0.0,263.41403387181055,-0.0003801045655193975,0.00356402746553027
1990-03-16,-0.010041056590228432,0.0003307497939147519,1.1326846824976462,0.002474813495820525,0.0,264.50551334747496,-0.0005138295118586493,0.002481214525347295
1990-03-17,-0.005009117773023703,0.00032924418732271357,1.1222976713306263,0.0017465037309517296,0.0,265.68993563391626,-0.00016812193023282932,0.0017538679894063905
1990-03-18,-0.008330061821277534,0.00032776838305306305,1.139057626383004,0.0024643287609862744,0.0,266.03911518377106,-0.0004278724476442499,0.0024679943834994473
1990-03-19,-0.011245231086251426,0.00032632238110580017,1.1266273742790727,0.0,0.0,267.7140895426835,-0.00031667499471518953,4.351138045421976e-07
1990-03-20,-0.011520642134766123,0.00032492108264211883,1.1093402869732816,0.000819914947963704,0.0,271.4265360356275,-0.00034839266353407826,0.001856358963890938
1990-03-21,-0.008901455308084436,0.00032343862757170945,1.101910090042373,0.003780828189041655,0.0,270.1201559702556,-0.0004892556186197168,0.0040643532228894965
1990-03-22,-0.003493616809952731,0.00032199262562444657,1.121607318885358,0.004319634014940531,0.0,267.49551334848064,-0.0003392434610569545,0.004344492174092309
1990-03-23,-0.0017917704700076648,0.00032054822323685986,1.1426195047669494,0.005112560223893258,0.0,263.13246654431475,-0.00029628941168387735,0.005119234778010967
1990-03-24,-0.0058531724547935746,0.00031911872201046706,1.2274645789194916,0.0034882524971571348,0.0,259.4803723372982,-0.00040936582106149806,0.0034951150918877604
1990-03-25,-0.010013288023781642,0.00031773392426765574,1.223113266537194,2.3050496807206151e-07,0.0,261.4873585853649,-0.00025386920482930493,1.0923644567476704e-06
1990-03-26,-0.012619470430296022,0.00031632917412256794,1.2074974620409604,0.0,0.0,265.37160485118574,-0.0003287175112524949,8.702277796146518e-07
1990-03-27,-0.006180395135435009,0.0003149294752185628,1.1925290210098871,0.002766287027947647,0.0,266.5341417237191,-0.00024264903560196615,0.002774533881929025
1990-03-28,-0.006257781916755741,0.0003135611781966215,1.2186451712570623,0.0032775411119232074,0.0,265.83220626629907,-0.0003838732649209136,0.00329175292947247
1990-03-29,-0.008256976887331171,0.00031219288117468024,1.210890602930791,0.0008881212880382432,0.0,266.5692397798298,-0.0002962873280469307,0.0008917712920998193
1990-03-30,-0.013156795358590488,0.00031081633379230396,1.1943251327830744,4.927584596272916e-05,0.0,268.58644406090576,-0.00029414228695092234,4.927418326253946e-05
1990-03-31,-0.013915947306964358,0.0003094727878516677,1.1725025931320623,2.395551083451611e-07,0.0,270.8316256348921,-0.0004166094586253167,4.194715595428539e-05
1990-04-01,-0.009163572289849405,0.000308165695034178,1.152528119850518,0.0007530038092432722,0.0,271.9225919260144,-0.00043114024282848773,0.0012701034544875256
1990-04-02,-0.014235024398329568,0.00030681229917343055,1.1253751765536726,1.1030647714259262e-07,0.0,273.4587696563951,-0.0004236642586982857,0.0003169255067049984
1990-04-03,-0.01543824004251405,0.00031191834622183766,1.0880933858580508,0.0,0.00048086278687762673,273.71652469886453,-0.0007303428157406339,0.0005958686440677966
1990-04-04,-0.007462097089842889,0.00030486462479930817,1.0656890007062148,0.003452221005313141,5.338751411033889e-05,272.1013781840294,-0.0006117224377595773,0.004055662882427766
1990-04-05,-0.005405356444544712,0.00030284126599629724,1.120880874087806,0.011908559581149095,0.0,266.80488571339407,-0.0010080629338820777,0.012002099149599238
1990-04-06,-0.012501831024380055,0.0003015424235392425,1.1795304867731875,0.0006033831860049296,0.0,265.7657240851451,-0.00044323702863717485,0.0006039589643478394
1990-04-07,-0.01229661707319109,0.0003002435810821878,1.1651613627000943,1.807754996132716e-05,0.0,267.68323024024176,-0.00042646549284289784,2.035246057025457e-05
1990-04-08,-0.014228204338900789,0.000298967890146762,1.1495802712305792,0.0,0.0,271.2169272751458,-0.00041970876861090043,9.13260009093202e-05
1990-04-09,-0.005957959735460875,0.00029772040197404765,1.1654942399364407,0.008919578192934478,0.0,270.66773923956515,-0.00047561968808288634,0.009484532525983908
1990-04-10,-0.005253833187165234,0.00029640985747515146,1.210490368629355,0.005160743865252889,0.0,267.31993764672575,-0.0005927222943996306,0.005175750167984397
1990-04-11,-0.007121858918397441,0.00029517221922254833,1.238322399879355,0.0030289330430286754,0.0,268.8378504701029,-0.0001632053573421166,0.0030558040101599116
1990-04-12,-0.007946015540826119,0.0002939760853341744,1.2400546029013655,0.004051005825568728,0.0,270.69173982049114,-0.00026241115341752266,0.004989046245644995
1990-04-13,-0.010316391407096453,0.0002926953431576659,1.2896261843808852,0.007850201853082679,0.0,269.57684762599104,-0.0007101428184637243,0.008028373206402623
1990-04-14,-0.006130547636309586,0.0002915141104304858,1.2900140047522364,0.006378460233494388,0.0,271.61806527549044,-0.00024443273932415213,0.007237600993975408
1990-04-15,-0.01070646588074959,0.0002902730204964762,1.3070891356962102,0.0017438189963162956,0.0,273.22019496206514,-0.00030208181189951924,0.002488601376005539
1990-04-16,-0.0061669565190029686,0.00028910323724908347,1.2871585709451507,0.005792461903923649,0.0,271.7089292450814,-0.0006698599653476376,0.0075733559601989546
1990-04-17,-0.011600086286579823,0.0002877727403479108,1.2988984706038136,0.0008458034003858513,0.0,272.0412527971573,-0.000439251520497314,0.0008678130861425042
1990-04-18,-0.014589724062526297,0.00029363975686542065,1.262638300376648,6.762348999411374e-08,0.0005496770859101398,274.628719900961,-0.00047661665574473853,0.0004642805305577941
1990-04-19,-0.013477906668927037,0.0003252832566277456,1.2203966848369823,0.0,0.002424024171748404,273.8458630154138,-0.0005052865898541812,0.002139251952790945
1990-04-20,-0.017124280417706333,0.0003686606210503875,1.177424946298258,4.5708891025370806e-05,0.0046627382710997,274.9861986192606,-0.0005764029499164409,0.0018122612083025572
1990-04-21,-0.01934231733534969,0.00038761380365339386,1.130762822210452,0.0,0.006284631336223609,276.38450974573976,-0.0008116432039414423,0.001329321545691171
1990-04-22,-0.02149197471848989,0.00036132891299360894,1.088392929393244,0.0,0.004609858396194749,276.6980850557374,-0.0011347770364691983,0.0004089572127548252
1990-04-23,-0.017612892060966816,0.0003695971211471127,1.0531067929025424,0.0,0.004112638743583766,275.4242041025683,-0.0008987885673588279,0.0016297170166241924
1990-04-24,-0.011684691038845623,0.0007301527733183177,1.0220321971368882,0.0021271168301671244,0.0032746598840096577,274.44374548917443,-0.0005353025744779637,0.007341579141544406
1990-04-25,-0.011728722749456848,0.0003111157040138029,1.047770412179261,0.007228672714893428,0.000604484040858382,273.20885424066176,-0.000836697975331444,0.008875504388647565
1990-04-26,-0.007858549428861694,0.0002780187096299425,1.0807038790313088,0.012917901373515695,3.6177830507526295e-06,270.410549954057,-0.0010660676296147926,0.013243113399123124
1990-04-27,-0.011729060761672629,0.0002770859979640293,1.16328203161782,0.003556779296384693,0.0,268.62589765717536,-0.0008688849412788781,0.0035817519923711768
1990-04-28,-0.006064312185271312,0.0002764220123237136,1.1827997182497647,0.011817781728203015,0.0,270.35776525881784,-0.00031387109814559003,0.012622440200776526
1990-04-29,-0.008921686202119299,0.00027561516074811,1.273462787635358,0.004954510321051387,0.0,263.0032546479824,-0.000973119484628998,0.004958631106598202
1990-04-30,-0.00989066207476255,0.00027490621906215866,1.2865114373675848,0.002101163258828686,0.0,263.09703257573307,-0.0005862027101513356,0.0021086922978227527
1990-05-01,-0.013477086010625807,0.0002742502312202238,1.2886526104196092,4.2277709238946776e-05,0.0,264.6739216712909,-0.0003776795699098016,4.341424963702254e-05
1990-05-02,-0.01623599551155069,0.00027359011819807154,1.276504660281309,6.908186748202912e-05,0.0,268.77801068264665,-0.00038576469162089676,0.00016497456084394862
1990-05-03,-0.010048680302113464,0.00027311917415446483,1.2721935782279898,0.0024897343358077574,0.0,270.57365030622753,-0.00026874087414162313,0.004307355033737323
1990-05-04,-0.008700986324393816,0.00027260739924544,1.2825334624382063,0.004084881752897791,0.0,271.5738641986739,-0.00038265585794118844,0.006940188380957997
1990-05-05,-0.015736938869885808,0.0002717438895823592,1.2743402685822742,0.0002286573293182136,0.0,272.95100885955185,-0.0007005459550073591,0.0006856692087299027
1990-05-06,-0.02428791364707516,0.00034810636339888064,1.2360734095456687,0.0,0.004259936132673491,277.29193854825877,-0.0008890311323148384,3.868341423185484e-06
1990-05-07,-0.012229133965605397,0.0003357453029708,1.2104512877383475,0.010644740872295565,0.00223907678898445,275.0162326898952,-0.0008673148208671371,0.013069302382283076
1990-05-08,-0.008140459067403934,0.00026997124071175097,1.2780501945768599,0.0070119379982773195,0.0,268.60268127671293,-0.0013034600701372504,0.007178171414990744
1990-05-09,-0.010006056119829921,0.00026950071760490117,1.3197805401071092,0.0040538655330905815,0.0,266.2290993275616,-0.0007975606700289721,0.004069822588803298
1990-05-10,-0.017141506623076855,0.00026907169886228056,1.3239605862317563,1.056012460740946e-05,0.0,269.64020886035064,-0.0004897015800668021,1.3605113620434492e-05
1990-05-11,-0.007049462763266376,0.0002687804948138652,1.3153322151600755,0.004939886630844262,0.0,271.49225459484956,-0.00030296314823425425,0.00557835041456174
1990-05-12,-0.008846883467361753,0.0002686532035385822,1.3475734904661019,0.005384705613477756,0.0,272.2880807793971,-0.0003917970047411272,0.007946938697227651
1990-05-13,-0.0053527758030568135,0.00026825238755867305,1.360464897083922,0.012374321009311299,0.0,271.7180932722074,-0.0005547009713653117,0.013889230661473033
1990-05-14,-0.013768263540025487,0.0002678646206182275,1.424534799464454,0.0012137861554063648,0.0,271.6418982108883,-0.0007060347808956427,0.00135468079541993
1990-05-15,-0.013275531978256962,0.0002677192290623983,1.403315484860523,0.0014605325683530444,0.0,272.6129916419193,-0.000720022056820029,0.0028585573879061814
1990-05-16,-0.012213199657235444,0.0002673612644443404,1.4006182137182204,0.003599518247075,0.0,269.9651884125676,-0.0009806578778951182,0.00390690979308748
1990-05-17,-0.016919708900195733,0.00026717091684287555,1.4149399809469163,0.003056122947715771,0.0,271.9428411544829,-0.000696981957150718,0.0037892934796710477
1990-05-18,-0.017296325099670284,0.00026697896968173445,1.3907728177230463,1.3993621545996371e-06,0.0,275.283493160528,-0.0008401931763368812,0.0007388744313823908
1990-05-19,-0.015056057585834785,0.0002696470352215955,1.3578271668285078,9.949661075732129e-05,0.00014044799036898857,273.83624389705915,-0.0008942166416995272,0.0004989890727943484
1990-05-20,-0.014360372924198539,0.0003134002119807874,1.3363446309292608,0.001021718238033144,0.002322068574738368,274.1104908492381,-0.0007166143422578015,0.0019654390165311573
1990-05-21,-0.020434192639622987,0.00032306997116002663,1.3063631506738467,0.0,0.0028369279399430014,275.30029892068353,-0.0010690824154995931,7.94515096858933e-05
1990-05-22,-0.019829590652285324,0.0004932722129390739,1.2669546698446328,0.0,0.006994930343270976,276.9159378188254,-0.0006672050382963008,0.00027987010724671123
1990-05-23,-0.01908190632607304,0.001519082882310038,1.2169184855373119,0.0,0.013769243838591768,277.7365772944161,-0.0004133354598856242,0.0013880238356887148
1990-05-24,-0.01806460821864295,0.003679337895522684,1.1590808358345104,0.0,0.016863350814345195,278.70756794054853,-0.0003118925427986404,0.0049841266337525645
1990-05-25,-0.024033213234217154,0.0005534557299425374,1.1150998907574154,0.00015577499223294234,0.0010668727763965306,273.84094332391487,-0.0018489571909109754,0.0013696470165648162
1990-05-26,-0.021253676485207124,0.0002810428034787798,1.096009565163018,0.0,0.0,274.3497561690049,-0.0011454654678618168,6.000907978822741e-06
1990-05-27,-0.017726412558622954,0.000715200342027481,1.0691099579949388,0.0,0.005159918050476387,275.70444313595306,-0.0006693991395713247,0.00219916859339212
1990-05-28,-0.01393178576803477,0.0038874171211221126,1.0264076477165727,0.0,0.0182109155223868,278.2193841341525,2.804474831469315e-05,0.004079844907852216
1990-05-29,-0.011563753972282518,0.007626406048650796,0.9658212320503767,0.0,0.023796391078812932,278.7004815836187,0.0004652609869753574,0.005665917787169747
1990-05-30,-0.013638352185992872,0.0036860440915587257,0.9111907441737289,0.0,0.016412133529866486,277.74386285972236,5.163983731283307e-06,0.0025730453136900825
1990-05-31,-0.022119805511444976,0.002866605075739198,0.8672776159369117,0.0,0.012479153898476208,277.8421225359211,-0.0007917221614533225,0.0017380094797597768
1990-06-01,-0.008574289411811507,0.001060446608538008,0.8509930684292608,0.010322644254245329,0.0028351267936539515,274.77620500898627,-0.0005502563106727466,0.01388843012394878
1990-06-02,-0.01931682115389129,0.0007684894200772215,0.9001708524599813,7.934830451415758e-05,7.089322148743323e-05,272.5762100830366,-0.001323412046215292,0.0005144780300755148
1990-06-03,-0.019990988875513024,0.0009516530622870235,0.8828492820150662,4.9432518623643004e-05,0.0034319771674730013,275.5026978745973,-0.0008215050049925929,0.0003125425785038833
1990-06-04,-0.024824571727359367,0.002963387528381779,0.8470875080920435,0.0,0.014833846524105233,279.59496777565016,-0.0006836074599101719,4.732676145047118e-05
1990-06-05,-0.0236389898816071,0.001768695600962235,0.8000959550818032,0.0,0.00788395350935769,277.28430015937533,-0.0010473114664608478,2.6068613354095633e-06
1990-06-06,-0.021033215194435444,0.0022079303102978207,0.7704427543108523,0.0,0.010495626551788406,277.21236726793194,-0.0008080180544974441,7.261263444092304e-05
1990-06-07,-0.020860897282422602,0.0033394394621337206,0.7322207233551085,0.0,0.012508516362999792,277.9441535181021,-0.0006866574466312673,0.0012275547967792232
1990-06-08,-0.022235546408400024,0.002941375398366465,0.6954416968279191,0.0,0.010712630246992167,277.8625122795895,-0.000875986538995794,0.00015444193950392898
1990-06-09,-0.025513642630671383,0.005174296723920747,0.6564950601753767,0.0,0.016409081654191693,279.48105036920526,-0.000666440974942035,5.625398819055935e-07
1990-06-10,-0.021668668731121023,0.011426597244321964,0.5998443201212336,0.0,0.026720370108124905,282.3390789570782,-0.0002173942929438952,0.0007614745425962996
1990-06-11,-0.013732460764168347,0.016059498665696486,0.5360367194856404,0.0,0.01866042883382679,278.9646391680012,6.447296779034503e-05,0.012004859636057496
1990-06-12,-0.02602205358150989,0.010159516738632978,0.5045770619997646,0.0,0.0026387525985469926,276.03216180963034,-0.0017433559553602996,0.0007314105659205225
1990-06-13,-0.024692342779730675,0.008646971088344769,0.4926410682232815,1.4907538385714516e-05,0.0012227012486444354,274.22542567351894,-0.0018386853080095546,3.3284227053324386e-05
1990-06-14,-0.011484070096985769,0.007599684646574119,0.4946951138771187,0.0044574785219915845,0.004174012354033142,275.6314183107653,-0.0005351443811830155,0.005189253836016952
1990-06-15,-0.012859626467955314,0.009511174286826183,0.4831257908133239,0.0,0.014473998887559115,278.01610262739683,0.00012952379756054637,0.007013607227570203
1990-06-16,-0.004121368340516495,0.013462482704281135,0.44533801752295205,0.00016648789583626443,0.013178110669898449,276.86231831911596,0.0002040417475552209,0.014814299327451413
1990-06-17,-0.020030316996709104,0.007760501850796285,0.41639011189088987,0.0,0.011060268570811063,277.5348409663486,-0.0010656706757296278,0.00123843274547058
1990-06-18,-0.028705955435663972,0.009050838522991893,0.3841444687205744,0.0,0.012870384937962573,281.48235807041664,-0.0013559786865940202,0.00012985858539579616
1990-06-19,-0.02015194397861675,0.009563064255283379,0.35036593507238706,0.0,0.011214078651309687,280.293754451917,-0.0010436440865367145,0.002755295181912074
1990-06-20,-0.019112752739992522,0.013378614928089292,0.323024943723517,0.0,0.010274914782599542,279.25906080041227,-0.0014508108971482618,0.0084550603851036
1990-06-21,-0.013868199819225378,0.014229660737985945,0.30372105255414317,0.001728496982552911,0.009567166810150202,278.8653002916757,-0.0014510428964418208,0.014015275402111857
1990-06-22,-0.02402546770323468,0.013368363097562631,0.2875994953507533,-1.031295054376462e-09,0.008998843215111286,279.9201521325695,-0.0014853231966663889,0.0003316422640267065
1990-06-23,-0.03190831027630359,0.01498196623419638,0.2589669954978814,0.0,0.012698543610545876,285.7295209162653,-0.0016991339813349612,2.7153092557293382e-05
1990-06-24,-0.033668421713982606,0.014544110176926955,0.22738825623822978,0.0,0.012071178331550232,287.09365946379984,-0.0017750028541869366,2.0972348870944833e-05
1990-06-25,-0.03050223194946677,0.01689616771741102,0.1982157504266714,0.0,0.011645547729932657,287.4469583838224,-0.0017253639292245534,0.0003795227425232378
1990-06-26,-0.03239448145452866,0.016161383545331365,0.17043820253648775,0.0,0.012311446948745157,287.0549720613297,-0.0018056468501434489,2.52542859367159e-05
1990-06-27,-0.03312519251626764,0.015108417403900018,0.14222087967867234,0.0,0.011802054857466856,288.44056862940676,-0.0018431310631376878,0.0007773519908213176
1990-06-28,-0.035103101556920736,0.021360008224929124,0.11550564236111112,0.0,0.010175028131843289,286.7362421578158,-0.0020274168859093877,1.0010414775535672e-05
1990-06-29,-0.03343475260640268,0.012358090635073388,0.09323068392478814,0.0,0.009198609571167304,286.85786821613203,-0.0019776345793641897,0.0
1990-06-30,-0.03557479486795469,0.012331317457775614,0.06994054187264595,0.0,0.011851537804313975,287.9646104895238,-0.0018741819681336652,2.0762958095572092e-05
1990-07-01,-0.03514570742845535,0.01080791382803082,0.04412347538547552,0.0,0.009387359465077773,289.091588438792,-0.0021923637164935556,0.00023161184179252558
1990-07-02,-0.03018016486013003,0.010510916342843051,0.0236834797257533,0.0,0.007919323562228749,288.79188543344844,-0.0025272691822321404,0.0029922787752528655
1990-07-03,-0.03378239093022158,0.011900374865801323,0.009171365569091337,0.0,0.0037652830787971198,288.0358922566847,-0.00270085878101951,0.0014118380801476193
1990-07-04,-0.02874842829118341,0.00807385912722787,0.0038749852871939744,0.0,0.0013229465585643963,286.18209891669494,-0.002695810407568506,0.000916249132414403
1990-07-05,-0.031248140722344827,0.007252928648291335,0.001599557880178908,0.0,0.0006477678099931297,286.9555461186698,-0.0027359123210196445,0.00037631430531404747
1990-07-06,-0.03959258245883015,0.006586088130703081,0.0006533405426082863,0.0,0.0002855001238443084,289.8802941496539,-0.003339025265626652,0.0008695076784855532
1990-07-07,-0.03780393643399417,0.005999283265259308,-7.3453647229951e-24,0.0,6.954062540652389e-05,288.4406141902543,-0.0028290753805283774,0.0007933888201499951
1990-07-08,-0.02502912232431315,0.005520339066025902,-7.3453647229951e-24,0.0,3.103882411105485e-05,285.0572870042589,-0.002522050318871178,0.0014669932490575114
1990-07-09,-0.02792328798164756,0.005106408717268605,-7.3453647229951e-24,0.0,1.1846233727568288e-05,286.34847743722236,-0.0024413551640628424,0.0009813241028507685
1990-07-10,-0.022156626870066434,0.004968323781665436,-7.3453647229951e-24,0.0,4.59728183719398e-06,284.17082512490947,-0.0035388647436590515,0.010256964304924066
1990-07-11,-0.028356787385576863,0.004447515233088348,-7.3453647229951e-24,0.0,1.710939542048395e-06,283.99726002723713,-0.0028593149983276753,0.0010644008562813226
1990-07-12,-0.03085366569164783,0.004164656087503596,-7.3453647229951e-24,0.0,9.435297405652408e-07,284.1397686974477,-0.0025481149859431776,4.609772534263228e-06
1990-07-13,-0.03210538958257201,0.003998268879739578,-7.3453647229951e-24,0.0,4.744588655267058e-07,286.8690584222251,-0.002539127644172496,0.0055467856717959
1990-07-14,-0.02777106676903148,0.0037310666452019903,-7.3453647229951e-24,0.0,1.827707398409224e-07,285.28317112033653,-0.0029750669817045585,0.0023501232262977587
1990-07-15,-0.024761122835558015,0.0035826280965643416,-7.3453647229951e-24,0.0,7.591594410481426e-08,284.25825895607585,-0.002893552541901163,0.005483333286490198
1990-07-16,-0.03181434637409145,0.0033501736019964277,-7.3453647229951e-24,0.0,3.300144174004679e-08,286.7361172498283,-0.0028801585026716784,1.8074280831436326e-05
1990-07-17,-0.03593098102821468,0.003191386070628624,-7.3453647229951e-24,0.0,1.2375540652517547e-08,287.9519433238861,-0.0028118500959570126,4.39746504099503e-07
1990-07-18,-0.030715281806759916,0.003051932922190866,-7.3453647229951e-24,0.0,4.125180217505848e-09,287.09048727003193,-0.0022146227206550754,0.0007001856289291213
1990-07-19,-0.025610919894471684,0.002948704917552108,-7.3453647229951e-24,0.0,2.062590108752924e-09,284.6708023444857,-0.0024830027993789504,0.003006710878154302
1990-07-20,-0.009683432173257496,0.0029760316266851912,-7.3453647229951e-24,0.0,0.0,282.6801325192784,-0.003704800517798144,0.01574871356541154
1990-07-21,-0.004746489858223221,0.0043044978447553135,-7.3453647229951e-24,0.0,2.062590108752924e-09,279.4477938061156,-0.003667954971098294,0.030081312114236047
1990-07-22,-0.012452596745922067,0.003207689456347019,-7.3453647229951e-24,0.0,0.0,279.3997689730255,-0.003180955762917039,0.011615933839884181
1990-07-23,-0.023845743114328657,0.0025770265167042363,-7.3453647229951e-24,0.0,0.0,281.6245964574724,-0.002869040258018311,0.001783992611025417
1990-07-24,-0.023215284118544587,0.0025263442158025536,-7.3453647229951e-24,0.0,0.0,284.0682498515214,-0.0023366565800319286,0.002066031519302541
1990-07-25,-0.02624905782904329,0.002465805259801574,-7.3453647229951e-24,0.0,0.0,285.1636503402797,-0.0029247375941798518,0.0022333824196777777
1990-07-26,-0.02857240112656254,0.0024354095849613688,-7.3453647229951e-24,0.0,0.0,285.0065565234973,-0.002572712356929726,0.0033128997363613155
1990-07-27,-0.02703095147501951,0.0023387104777966516,-7.3453647229951e-24,0.0,0.0,282.79928897060245,-0.0026794289065114525,0.0007261610300527454
1990-07-28,-0.01900501864946495,0.002926088743290659,-7.3453647229951e-24,0.0,0.0,282.2908240675702,-0.00323484707518486,0.011960248931973954
1990-07-29,-0.014457705751650752,0.0028668665616525773,-7.3453647229951e-24,0.0,0.0,281.4540264431366,-0.0028567269423418803,0.009855955389408763
1990-07-30,-0.017150408930360937,0.0035115721198798575,-7.3453647229951e-24,0.0,0.0,282.22394609541095,-0.003058403625158267,0.010639716676399534
1990-07-31,-0.026960654194745644,0.0021719328090969454,-7.3453647229951e-24,0.0,0.0,284.78831500971165,-0.0028862301260232925,0.0010962693159349251
1990-08-01,-0.02959876532776881,0.002121609398874186,-7.3453647229951e-24,0.0,0.0,285.57909974135924,-0.0025111808846730974,0.00038726535220604165
1990-08-02,-0.028342925980266206,0.0020841966241093007,-7.3453647229951e-24,0.0,0.0,284.58911030440686,-0.002426706885887405,0.00021265465660459914
1990-08-03,-0.023694290658511686,0.0025704785087014323,-7.3453647229951e-24,0.0,0.0,284.0081950868366,-0.0024461696545283003,0.00644130696815669
1990-08-04,-0.01868736482946213,0.0025267830002779343,-7.3453647229951e-24,0.0,0.0,282.9643022677319,-0.0028603638148745575,0.01092501910729597
1990-08-05,-0.02499838888981922,0.0019944763958117387,-7.3453647229951e-24,0.0,0.0,283.09376427099085,-0.0026243316525288224,0.0009187250705023978
1990-08-06,-0.030928316552423493,0.0019542979823667455,-7.3453647229951e-24,0.0,0.0,285.444922211929,-0.00264716967098457,0.00019127992826780188
1990-08-07,-0.036311342933420414,0.0019213852740950505,-7.3453647229951e-24,0.0,0.0,287.6173915791198,-0.0027803273524268203,1.9049358130902006e-05
1990-08-08,-0.033385361108066,0.0019085959526105119,-7.3453647229951e-24,0.0,0.0,288.68645994542015,-0.002833345452439314,0.001614380051084885
1990-08-09,-0.03293455446844047,0.0018625482495895217,-7.3453647229951e-24,0.0,0.0,287.93161615993125,-0.002708276965271282,0.0002864286518381261
1990-08-10,-0.023442271107670956,0.002700119705523475,-7.3453647229951e-24,0.0,0.0,286.2080578058677,-0.0029558327659375255,0.010460118570581588
1990-08-11,-0.00976995753366395,0.0031193482168650226,-7.3453647229951e-24,0.0,0.0,283.4309048733469,-0.002686811774169321,0.015542743401338828
1990-08-12,-0.015819018885577466,0.0018337225004778073,-7.3453647229951e-24,0.0,0.0,282.4341648518478,-0.002719707760728349,0.00436905631496921
1990-08-13,-0.02159157820508979,0.0017974454130830065,-7.3453647229951e-24,0.0,0.0,283.68598704867895,-0.002274018349283833,0.0028924962532163394
1990-08-14,-0.02341463724098637,0.001761788449718454,-7.3453647229951e-24,0.0,0.0,284.4574632051975,-0.0026826832211960506,0.0025979692820539313
1990-08-15,-0.029053714652519443,0.0017083406785113665,-7.3453647229951e-24,0.0,0.0,285.9411597889471,-0.0025723199070678596,0.00011933417302234017
1990-08-16,-0.0314652114938208,0.0016860220223496865,-7.3453647229951e-24,0.0,0.0,287.2618270737528,-0.0025215267156392844,0.00022160953949809238
1990-08-17,-0.018098626096369856,0.0017330304714245986,-7.3453647229951e-24,0.0,0.0,285.29079802561614,-0.00254846411615105,0.00570765209674859
1990-08-18,-0.02242829065538396,0.0023429553724278163,-7.3453647229951e-24,0.0,1.031295054376462e-09,284.5394203595523,-0.0022734071806830877,0.005837760638291526
1990-08-19,-0.0195236296977027,0.003129546756798265,-7.3453647229951e-24,0.0,0.0,284.494039230203,-0.0029477633030737865,0.01622637926962399
1990-08-20,-0.021573735032714696,0.00175202978869616,-7.3453647229951e-24,0.0,0.0,284.90209504754307,-0.002483952106476504,0.004162485462048007
1990-08-21,-0.028410079031340824,0.0016098646289211213,-7.3453647229951e-24,0.0,0.0,285.8454675153599,-0.0030611719367867815,0.0019885738690679964
1990-08-22,-0.029618654926281192,0.001573384397447446,-7.3453647229951e-24,0.0,0.0,284.8690502324796,-0.0023093864132287143,0.00025829243457923504
1990-08-23,-0.028308408745264607,0.0015582242759607607,-7.3453647229951e-24,0.0,0.0,283.2107356299564,-0.0022402598106928467,0.00030261574491800565
1990-08-24,-0.02935440510006274,0.0015423700297619663,-7.3453647229951e-24,0.0,0.0,283.959745108969,-0.0023147332255786424,0.0002687841148699745
1990-08-25,-0.03052801849310008,0.0015432290774954243,-7.3453647229951e-24,0.0,0.0,284.09714970346226,-0.0023657826990899395,0.0015222278691954532
1990-08-26,-0.03242331734821621,0.001508568387247075,-7.3453647229951e-24,0.0,0.0,284.4736051325969,-0.002416817029401408,2.700881769428146e-05
1990-08-27,-0.0320408840974172,0.0014916458877466496,-7.3453647229951e-24,0.0,0.0,285.6358701738261,-0.0023744425099700857,0.0
1990-08-28,-0.029919595999569545,0.0014826559414297846,-7.3453647229951e-24,0.0,0.0,285.2101335938592,-0.002226342383961556,0.0009075439599814802
1990-08-29,-0.02938102417241382,0.001458972692489624,-7.3453647229951e-24,0.0,0.0,285.4489439804451,-0.002260286576709168,9.409142071368316e-05
1990-08-30,-0.028331608969276237,0.00144748465489533,-7.3453647229951e-24,0.0,0.0,286.7247375732537,-0.002115057807647239,0.000790715835893541
1990-08-31,-0.028734937141844108,0.0014290375224614547,-7.3453647229951e-24,0.0,0.0,284.9690841344342,-0.0021675061171421896,0.000630959851559515
1990-09-01,-0.029367145971726565,0.0014079944730478492,-7.3453647229951e-24,0.0,0.0,285.58620751375537,-0.002080320712115805,0.00016755379189205708
1990-09-02,-0.024345197877978203,0.001395015393273305,-7.3453647229951e-24,0.0,0.0,286.6752780835283,-0.00182775635335405,0.0007682042943506019
1990-09-03,-0.024621965942409754,0.0013985606910145217,-7.3453647229951e-24,0.0,0.0,286.4938965633989,-0.0023424863752167105,0.002995368233450533
1990-09-04,-0.024191544512234167,0.001368706593405729,-7.3453647229951e-24,0.0,0.0,286.8097931561946,-0.002660468967873498,0.0016694443710730004
1990-09-05,-0.023304474513746253,0.0014258450539098623,-7.3453647229951e-24,0.0,0.0,286.3921693956336,-0.002730628075656918,0.007391797435451606
1990-09-06,-0.018687495319856764,0.0013621475568598948,-7.3453647229951e-24,0.0,0.0,284.8768537740474,-0.002219402767970401,0.0041149595868002365
1990-09-07,-0.02490317695221659,0.001305894410542849,-7.3453647229951e-24,0.0,0.0,284.26443787842373,-0.0022103874654756427,0.00026898889208114735
1990-09-08,-0.027297616383786937,0.0012953033891774841,-7.3453647229951e-24,0.0,0.0,285.3328075229336,-0.0018844729720872676,0.0009013417244281337
1990-09-09,-0.022365116172254423,0.0013160553187300257,-7.3453647229951e-24,0.0,0.0,283.79800502324514,-0.002332178381203258,0.004168745370166262
1990-09-10,-0.025503204114693038,0.0012566821049835725,-7.3453647229951e-24,0.0,0.0,283.5890565214858,-0.001997734614684757,0.000517822440059771
1990-09-11,-0.02769301730697438,0.0012352884152514788,-7.3453647229951e-24,0.0,0.0,285.196202416429,-0.001973361560895955,8.617745450578695e-07
1990-09-12,-0.0310968893901103,0.0012182516735152337,-7.3453647229951e-24,0.0,0.0,286.37906954921567,-0.0020142445119760806,0.0
1990-09-13,-0.03109042510642844,0.0012014134455535373,-7.3453647229951e-24,0.0,0.0,285.8616290945567,-0.0018651885596119753,4.351138613856165e-07
1990-09-14,-0.02468828469683222,0.001185038248024418,-7.3453647229951e-24,0.0,0.0,283.8444854104137,-0.0018190595894883586,4.410300675772305e-07
1990-09-15,-0.02517527034558819,0.0011686316486132348,-7.3453647229951e-24,0.0,0.0,285.97733446613324,-0.001684803336774562,1.5388394400928785e-05
1990-09-16,-0.016838466085619848,0.0011750378851163186,-7.3453647229951e-24,0.0,0.0,284.48533420598665,-0.0015924212885862691,0.0026850822038325577
1990-09-17,-0.015370827820678216,0.0011576851882503533,-7.3453647229951e-24,0.0,0.0,282.60532154650787,-0.0017665746269253015,0.002167000916911594
1990-09-18,-0.017085142896673775,0.0011520557484384312,-7.3453647229951e-24,0.0,0.0,280.94326554134966,-0.001456326615633601,0.0028471673070015573
1990-09-19,-0.006334216917975474,0.0012422273893140804,-7.3453647229951e-24,0.0,0.0,279.78062497155145,-0.002202915364487023,0.011577105825127911
1990-09-20,-0.005920397443959943,0.0012384097454911573,0.001436567575918079,0.0007375369300950046,8.626314837717067e-05,276.66800715200424,-0.0022003943426797622,0.011384148859959538
1990-09-21,-0.013510681604598205,0.0011097899096160287,0.003925330670315443,1.833017515597371e-05,0.00017714468856989328,275.7518004724535,-0.0015755909216185074,0.0023612604395376975
1990-09-22,-0.01748953919626225,0.0010747313499450686,0.002921871321798493,0.0,0.0001237059464562411,276.5772462905913,-0.001583404860085687,0.00032650072643357916
1990-09-23,-0.021543210130290123,0.0010591607309330656,0.0019184119732815444,0.0,0.00014599275875226252,279.7897409521703,-0.001435727749209283,0.0
1990-09-24,-0.022540580586525007,0.001045856772169555,0.0012462206479519776,0.0,9.769082364052702e-05,281.6291437346608,-0.0014556057035586256,4.351138613856165e-07
1990-09-25,-0.0237568131106048,0.0010329216381924301,0.0004731086687853108,0.0,4.8103821227106e-05,282.1074883520267,-0.0014991762832143886,4.351138045421976e-07
1990-09-26,-0.017112577576085,0.0010482921438702084,-7.3453647229951e-24,0.0,2.1430027097631982e-05,281.9138505436382,-0.0016691605902492664,0.002838384364250258
1990-09-27,-0.010024727948304625,0.0011088090427851273,-7.3453647229951e-24,0.0,1.1471400068978133e-05,278.9360393768426,-0.00160323506442167,0.007460759218027417
1990-09-28,-0.007904998621361405,0.001037882293685008,-7.3453647229951e-24,0.0,6.063330897503654e-06,277.7897905180908,-0.0016869817002765877,0.0036873168596627186
1990-09-29,-0.015340542010331557,0.000991818174130499,-7.3453647229951e-24,0.0,3.796670649011257e-06,277.5714930590039,-0.0014211653737025074,0.00028655379168731346
1990-09-30,-0.020804280236279223,0.0009788008732984296,-7.3453647229951e-24,0.0,2.1913125690093824e-06,279.92043324558523,-0.0012755840122278801,6.338330939987864e-06
1990-10-01,-0.02292997023816836,0.0009685776664712335,-7.3453647229951e-24,0.0,1.3086292366523528e-06,281.6740551892872,-0.00144421883285214,8.52346317969932e-07
1990-10-02,-0.013362041385160329,0.0009987323971117957,0.0009395505973399249,0.0018766899566865915,1.2368342633974757e-05,279.0111004098436,-0.0018028385284761927,0.005847538965524576
1990-10-03,-0.016026139974930867,0.0009501560428048258,0.013868658780602637,0.0007536117050607325,0.0,271.1746991798703,-0.0009862806405977341,0.0008224061316639792
1990-10-04,-0.02329119947333794,0.0009538103631660763,0.015866152086275898,0.00027164614806740974,0.0008503358790093223,277.4978116999912,-0.0014214089014014956,0.000331153926773987
1990-10-05,-0.040179507838467424,0.0009419071135547876,0.009656428392773071,0.0,0.000612633713221146,282.3942428236852,-0.0018586916375463293,0.0001972302558565286
1990-10-06,-0.006814981500307719,0.0009581118316973671,0.05759144008945386,0.018656453317673193,8.229881861789079e-05,272.9755028439107,-0.0012197447888090114,0.022289631595617018
1990-10-07,-0.005417233974920155,0.0009177537624445339,0.16059901350635594,0.0036828345329748035,0.0002730216852015695,266.1974129362519,-0.0006369087203158497,0.003709636354236566
1990-10-08,-0.008231807857920222,0.0009127329129957211,0.15551757812500003,0.0016541068710513034,0.0004915210213196481,265.85925341819865,-0.0008239465539401534,0.001661978404699587
1990-10-09,-0.00847912790243235,0.000905183749010334,0.1520802988170904,4.473065504920012e-05,0.0005231333191448686,265.8552605939675,-0.0009271252300527137,4.644926076383917e-05
1990-10-10,-0.010874387487179817,0.0009207890532111045,0.1407804040136535,0.0,0.0020932244231640284,273.1693569154614,-0.0010488264494191457,5.014238044718259e-06
1990-10-11,-0.007735003648841448,0.0008820186732179028,0.2037597196474812,0.01768926486878072,0.0,269.8055928943296,-0.0008581690911182576,0.018270185168633858
1990-10-12,-0.00844481305382346,0.0008807753102254061,0.24473212577977874,0.00024255977596266797,0.00034468102210995845,268.9390019418605,-0.0009514646299478026,0.000578990493634163
1990-10-13,-0.007363900289697162,0.0008665859530874564,0.261701738318032,0.01189108005603828,0.0,270.35175227580106,-0.0008238632768645125,0.012223440947471608
1990-10-14,-0.006470053925015832,0.0008592427955508907,0.3323041265742703,0.00275019613110413,0.0,266.50975179223246,-0.0007274734898138854,0.002836353765278186
1990-10-15,-0.007614069781397697,0.0008608725784862109,0.34135204250529666,0.0022644380181185944,0.0005952577911696192,270.78213207510686,-0.0007309971040504128,0.0023928961116092655
1990-10-16,-0.0045430658143118955,0.0008571186223946049,0.3322404477106874,0.0030833436228797934,0.00040851453434949544,272.0710821026014,-0.0005437155953992559,0.0040186235079353394
1990-10-17,-0.006636305969987212,0.0008389089824789663,0.3763646127589454,0.006599751779925352,0.0,266.33777882419736,-0.0008402026526756208,0.006747005765040135
1990-10-18,-0.008722515471574278,0.0008357056116653701,0.3776223277866055,6.865478504849019e-08,0.00034197071556654355,270.3598269482342,-0.0008344258534285308,1.3516446842579872e-06
1990-10-19,-0.004574652277143662,0.0008238752683003744,0.37503632223987765,0.00911939491407346,0.0,272.1815577110104,-0.0006305987204788097,0.009599324290362901
1990-10-20,-0.004730311196065892,0.0008172338123375413,0.43772597950506126,0.0028774978666655762,0.0,265.4782920629067,-0.0005843376919711377,0.0028882822705831477
1990-10-21,-0.007195341174548629,0.0008105992597375214,0.4407821051818503,8.667508761088055e-06,0.0,264.9505267349789,-0.0006026587591080343,1.2522666399573061e-05
1990-10-22,-0.005586642750912468,0.0008039963615816192,0.43481491290018837,0.003460741438771372,0.0,272.3883443893462,-0.0005772002409659537,0.00428210180354614
1990-10-23,-0.0029299737369946847,0.0007974807657090958,0.4423131565589689,0.0034596481818263817,0.0,268.8246576628892,-0.00036720818929416313,0.0035657480273753235
1990-10-24,-0.007239557718489803,0.0007911242839306762,0.4526999378383946,4.098198171389305e-06,0.0,268.9135176412579,-0.0005608593918761966,4.542362116204603e-06
1990-10-25,-0.009970032646831146,0.0008247608350495161,0.43266201558086165,0.0,0.0028521894335241642,275.079942742759,-0.0008339838172167035,1.2876193977717776e-06
1990-10-26,-0.01015195393629667,0.0008206242895395743,0.3981356575888654,0.0,0.0026750871543325277,276.28507841149747,-0.0009168352310856185,0.00023643260456764065
1990-10-27,-0.009906165680642856,0.0007986861602061213,0.36947970920138884,0.0,0.0017691688812048426,273.50255957924946,-0.0008888338129483376,4.089425178109571e-06
1990-10-28,-0.009403914507836272,0.0008280313452758358,0.3453564545080038,0.0,0.004034193600975188,276.2922511450989,-0.0009949575783421765,2.145045755241881e-06
1990-10-29,-0.010403630844617293,0.0008026343786110313,0.31524968551377125,0.0,0.0026997093448026034,275.463557927622,-0.001010709868396743,7.213429853436537e-10
1990-10-30,-0.008876109106392511,0.000789353655556501,0.29091148591984467,0.0,0.0021548257077817863,274.6841557964318,-0.0009980974876779621,4.418512347115211e-07
1990-10-31,-0.01132922724815412,0.0007911686506648522,0.270591491584275,0.0,0.002607077675855766,275.26895719912545,-0.0011743956829531718,1.2874602930423862e-06
1990-11-01,-0.006572048584956907,0.0007491472919108504,0.25899596133474584,0.0027580600715963184,0.000304297286238374,272.78626814445306,-0.0007985513604714373,0.003507639833293072
1990-11-02,-0.0032922282057293393,0.0007361499434810575,0.39494757643302736,0.02155393473593529,0.0,266.4041803579097,-0.0005393977155961561,0.02186016501003023
1990-11-03,-0.004617046080740159,0.0007310653642072516,0.4583793108521657,0.00026523450252699993,0.0,263.22935773199345,-0.00037609718445330695,0.0002696614648313035
1990-11-04,-0.004932878086459166,0.0007260818939424504,0.45290246880885127,0.0005762771740134827,0.0,266.0516727936021,-0.0004098318875004343,0.0005790561268777362
1990-11-05,-0.0024845539092344083,0.0007211497779619896,0.49772756113170913,0.014945766788586386,0.0,266.7321542642884,-0.0003192012940170401,0.015008239119637539
1990-11-06,-0.0026549897709135287,0.0007164443785187889,0.63550356417726,0.007342015493050809,0.0,261.60643786629714,-0.0003807163970955348,0.007347778916975605
1990-11-07,-0.004313253581860646,0.0007117852821188459,0.6412374205508474,5.4197648992646214e-05,0.0,260.2725785034525,-0.00035871112308764864,5.541183110102341e-05
1990-11-08,-0.004734964946569022,0.0007071163357987916,0.6256406967249295,0.0003633156082050949,0.0,265.12561630708797,-0.00038028910419361746,0.000370367031307958
1990-11-09,-0.005149063459560696,0.0007025564962861229,0.611008811131709,0.00010543430255631269,0.0,267.05362634245733,-0.00037645784306660884,0.00010731637805529214
1990-11-10,-0.007947768700324882,0.000697995057213778,0.5895363902866055,2.8979811964735478e-06,0.0,272.6860499624479,-0.0007590679925377087,5.607274242925987e-06
1990-11-11,-0.007748281299057653,0.0006934136657391564,0.5635110456391244,0.0,0.0,273.0002067012751,-0.0007102260060903044,3.0038545446586795e-06
1990-11-12,-0.007144610928950338,0.0006982794420867317,0.5408926351371234,0.0,0.0006025586761323746,272.9590947461892,-0.0005802498593673867,1.7049121652235044e-06
1990-11-13,-0.007455150496824987,0.0006864638315082271,0.5182091664459747,0.0,0.00013172767509174885,273.5377658477611,-0.0007677427940281097,0.0
1990-11-14,-0.005541413769883624,0.0006807181289640524,0.49946298258003774,0.0,4.6783868791693354e-05,274.6762599657709,-0.0006980182508290826,8.52346317969932e-07
1990-11-15,-0.004307471594568026,0.0006756916389626972,0.4836044167843691,0.0016320953093006115,0.0,270.5197921257235,-0.0005405569333309508,0.0016563048469468563
1990-11-16,-0.005872857772697837,0.0006715219236363126,0.49270980461393604,0.0009489362733175526,0.0,268.3537646651044,-0.0005845429828274721,0.0010155283124083717
1990-11-17,-0.006053298417121004,0.0006672266007816724,0.4830186631944444,0.0,0.0,271.7384997545663,-0.000563477707953103,1.7279584767493361e-06
1990-11-18,-0.005078497495354906,0.0006630518342142052,0.47241348870056504,2.4289250542215037e-05,0.0,269.1855819041222,-0.00046854064731443,2.5975960386853653e-05
1990-11-19,-0.005357118607577631,0.0006588970200490144,0.4640687989200801,5.973688205756711e-05,0.0,269.33036775463273,-0.0005277374622511999,6.449365592245138e-05
1990-11-20,-0.004960695692038133,0.0006548462614501264,0.45578227070091815,0.0004214105843487433,0.0,270.94111050679413,-0.0004704651333349573,0.0006411876549478841
1990-11-21,-0.005093763145686543,0.0006507806016900446,0.4923589961452449,0.007001433184759766,0.0,264.7056611343068,-0.0006703647316596603,0.0070869069314491145
1990-11-22,-0.006445926419422451,0.0006467859960545254,0.504336369688677,0.0004420078406899663,0.0,264.981387574794,-0.0005469547405754779,0.00045035346752042826
1990-11-23,-0.007564353404072045,0.0006427913904190063,0.49770572181026373,1.4221727174554168e-05,0.0,269.5674827022517,-0.0006890045952493862,1.508817487387986e-05
1990-11-24,-0.010736299184082592,0.0006387438309394708,0.4864667472192796,0.0,0.0,272.20291234319944,-0.0010461896857888685,8.599569696343679e-07
1990-11-25,-0.010414191769004542,0.0006347127721808051,0.4732332678613465,0.0,0.0,272.0451880596901,-0.0011120954275888914,8.52346317969932e-07
1990-11-26,-0.006683292193601361,0.0006307197661049622,0.46477087563265074,0.0023941885532632384,0.0,267.3973008171987,-0.0007902316086120524,0.0023968893986528145
1990-11-27,-0.002890269929743083,0.0006269234216819376,0.5028565832450566,0.001778587656842787,0.0,261.28174635964376,-0.00032644638907437947,0.0017843484036616788
1990-11-28,-0.0032648845328449526,0.0006231286768185892,0.5366346571180556,0.0038251392543315887,0.0,259.1575283187033,-0.00039800923675467067,0.003863716058036082
1990-11-29,-0.003770118210948793,0.0006193786354388222,0.5597167508974812,5.820503005873686e-06,0.0,264.2452751993011,-0.0002669527979388749,6.67572021484375e-06
1990-11-30,-0.006304351539261598,0.0006155705889739559,0.5501759559645717,0.0002898169144735498,0.0,267.30698638312566,-0.0005878443529797814,0.0002952786656073121
1990-12-01,-0.0022176354281646386,0.0006118510234153877,0.5852485268802966,0.005235581495667582,0.0,261.99077669061063,-0.000317084760862892,0.005248268427949678
1990-12-02,-0.0020133177355184393,0.000608200912421706,0.6367608194297317,0.0032539312112129346,0.0,259.6452647027772,-0.0001939399546738398,0.0032633859455274876
1990-12-03,-0.002544459860540379,0.0006045746264484644,0.6654558487082157,0.0002838905669201565,0.0,257.3937946362684,-0.0001691554404668889,0.0002872606198392491
1990-12-04,-0.002171474829905451,0.0006009318397543525,0.6563270123440443,2.4934146700605835e-05,0.0,265.88296673661574,-8.788429158555586e-05,2.836771936233425e-05
1990-12-05,-0.007443537693575952,0.0005973369556631746,0.6406884489759888,0.0005968814810453836,0.0,266.6334623886367,-0.000735888568063577,0.0006007597378013248
1990-12-06,-0.002965158872348441,0.0005937436711316729,0.6331285954419728,0.00021962832007030986,0.0,259.447864403159,-0.00026172808881870095,0.00022190088601602663
1990-12-07,-0.003056761277260754,0.0005901966896434288,0.6243871196739642,0.0,0.0,265.85836944651925,-0.00017985307458935482,8.784781400496636e-07
1990-12-08,-0.003650338299530374,0.0005866529072745373,0.6130646958862994,0.0,0.0,267.6429159017157,-0.00022078159207341362,4.351138045421976e-07
1990-12-09,-0.004196649385710894,0.0005831091249056456,0.600296279131356,0.0,0.0,269.961982062532,-0.0002909871975833414,1.2930816524203692e-06
1990-12-10,-0.004792197318063618,0.0005795818432576239,0.5854751960481404,0.0,0.0,272.56936607791874,-0.00045881093095588154,1.7196343833347782e-06
1990-12-11,-0.004512038355493276,0.0005760577607289546,0.5712056133033192,5.935848095996232e-05,0.0,271.20035408580367,-0.0004948778341045488,7.61186272805487e-05
1990-12-12,-0.0029001002762950746,0.0005725866320443019,0.6312531724487995,0.010698747731703151,0.0,265.567019723005,-0.00043564870174826883,0.010707716399666953
1990-12-13,-0.0020835660187538065,0.0005692163598065997,0.6613346538076742,2.1208898495819613e-07,0.0,261.6717723480052,-0.0001677896322335227,2.661162177048161e-07
1990-12-14,-0.001189813691343965,0.0005658641878494436,0.6939757036399482,0.008794431927177193,0.0,262.68540693451905,-0.00016396752121926702,0.008799480347983581
1990-12-15,-0.0025912123379734277,0.0005625418182146752,0.7474714663518127,0.00014258977972855002,0.0,259.7641381301449,-0.00019394496908295628,0.00014495430354091404
1990-12-16,-0.0031599587218909615,0.0005592441996612118,0.7346986817325801,2.046436660707334e-05,0.0,261.6476720712953,-0.0001637673552679477,2.3041539753972696e-05
1990-12-17,-0.002448484975065889,0.0005559630818286185,0.723384304010711,0.00018463797320080342,0.0,258.9897623080094,-9.709043102075825e-05,0.0001888850475567733
1990-12-18,-0.002657893098006814,0.000552721616238524,0.7344021267361112,0.003620338999787293,0.0,261.9886597635158,-0.00017642982746079818,0.003623987358183079
1990-12-19,-0.0009115156480821513,0.0005495272534715254,0.7749869423846516,0.003792698647679583,0.0,252.4419411517357,-0.00027556055472732267,0.003798674476348748
1990-12-20,-0.0004022211509909334,0.0005463560422261556,0.8369071658721752,0.002384821784361608,0.0,243.76829429669567,-0.0001074735885538624,0.0023893987728327783
1990-12-21,-0.00020020253072350715,0.0005432087822822529,0.8526084885534368,0.00027788377835252196,0.0,240.29178812634024,-3.5980169129910446e-05,0.000282755325708928
1990-12-22,-0.0005162279989759801,0.0005401160757420427,0.8501466223075566,1.7026744488268925e-05,0.0,240.02153088054192,-5.4132098616179785e-06,1.732634622498421e-05
1990-12-23,-0.000738265487433827,0.0005370233692018326,0.8494263844750473,0.0004235860907425315,0.0,245.9829273798596,3.195350916035432e-05,0.00042794156545973095
1990-12-24,-0.0005998920417774869,0.0005339570133026038,0.8528340082833099,0.0011255715442242595,0.0,253.88084712989365,4.835991914999687e-05,0.0011284580506797665
1990-12-25,-0.0021198578810287735,0.0005309353608869565,0.8942268788253296,0.0024717456666426474,0.0,254.101342152741,-9.852083726117842e-05,0.0024731258887574366
1990-12-26,-0.0019534842274283285,0.0005279153080309852,0.8933165239524484,0.0004475781809812212,0.0,255.4155793270822,-4.468043729410333e-05,0.0004505845448715402
1990-12-27,-0.0017155518723746478,0.0005249447573376241,0.8808439725311912,0.00017961152529312393,0.0,258.274860414408,-2.8545157931282024e-05,0.00018700447112697646
1990-12-28,-0.0005279919185207389,0.0005219710075249107,0.8793876346221753,0.0027609574424344945,0.0,255.9227037699209,-9.362429043667465e-05,0.0027656705702424457
1990-12-29,-0.0003651181014917665,0.0005190087071919846,0.9262219445180085,0.0015410118773158663,0.0,246.54878850171798,-0.00010166294072980936,0.001548531503454594
1990-12-30,-0.000961778822255,0.0005161193131053515,0.9244154878030837,0.00018699340901132358,0.0,248.92983872652505,-4.950626674344984e-06,0.00019096418962640278
1990-12-31,-0.001986184488918822,0.0005132147652954706,0.9212028086746705,0.00044047236863502677,0.0,258.4501361775084,3.467895890359825e-05,0.00044321040638966734
1991-01-01,-0.0030624707792438356,0.0005103517218498188,0.9076932343161489,0.0006084339009166438,0.0,263.4368568463515,-5.317192082687961e-05,0.0006142677560250773
1991-01-02,-0.002244980405952971,0.0005074836271630842,0.8859569025129473,0.00017670131588386277,0.0,261.44062137064964,-0.00010783700430292194,0.00017863823532384668
1991-01-03,-0.0014485248738089524,0.0005046783362404776,0.866111396171728,5.8841065498395164e-06,0.0,259.4523483103952,-2.311500536519929e-06,8.297101116072376e-06
1991-01-04,-0.002349169619676084,0.0005018796961186296,0.8498953551671375,0.0,0.0,260.539678817864,-2.1183279232453495e-05,1.7235983023056178e-06
1991-01-05,-0.002128505858324342,0.0004990991562773279,0.8339213857991998,0.0,0.0,260.33282691969936,-3.0440573007036744e-05,2.147060399693146e-06
1991-01-06,-0.002401310929470817,0.0004963401683979789,0.8199644501824389,0.0,0.0,260.45252002206007,-4.903592253472172e-05,-7.949324754008558e-09
1991-01-07,-0.0025911438094694066,0.0004936208327611288,0.8058373977459982,8.61900421859181e-05,0.0,263.98799936829766,-6.655094313756222e-05,8.789530004615972e-05
1991-01-08,-0.0029393735915254067,0.000490896445883196,0.793049670433145,0.0008480966006968654,0.0,263.35830383516304,-0.00018619810162627765,0.0008780200703666577
1991-01-09,-0.0030356525196193977,0.0004882167624888447,0.785572116657839,5.628208571908165e-05,0.0,262.17698377404514,-0.00012271005218311893,6.037645748440137e-05
1991-01-10,-0.001682625104815273,0.00048553867865416963,0.7731919800494351,0.0006932974030069039,0.0,262.68036566121884,-3.15141564203521e-05,0.0006947655798748086
1991-01-11,-0.0020985634060902785,0.00048290689786275226,0.7712774761652543,0.00025105078594159274,0.0,261.49301742654285,-6.867530571538849e-07,0.00025316832268396414
1991-01-12,-0.002603998460338614,0.00048028336743177,0.7602699983815914,0.00015978496206008782,0.0,265.5072543616573,2.3835338652133945e-05,0.00016435443681014797
1991-01-13,-0.0054740077358181195,0.0004776912388828516,0.747412385240113,0.00021790620465736608,0.0,267.9930936414643,-0.00027909647084057,0.0002237253933572273
1991-01-14,-0.002680166208811399,0.00047510896025404427,0.750827595338983,0.0034841943721650014,0.0,264.8212566483492,-0.00022403603303903914,0.003502941165187157
1991-01-15,-0.001533641821920535,0.00047253838366707846,0.7700386119203155,0.004188642958126499,0.0,263.5427371993128,-5.087702624541892e-05,0.00419439543775246
1991-01-16,-0.0024569014371451686,0.0004700024080815289,0.8299270888506356,0.004503802349001675,0.0,263.96895498789416,-0.00017698912612967575,0.004510027119668864
1991-01-17,-0.0016171957897601157,0.0004674813336571732,0.8217984934086628,0.0002758945364736568,0.0,263.32722936511715,-1.1667025165032532e-05,0.0002789958383605436
1991-01-18,-0.003617732201592397,0.0004649983119156401,0.8085601864112525,5.021775509678038e-07,0.0,266.3534694750655,2.8073377275871014e-06,2.227614132186066e-06
1991-01-19,-0.0021682673339116373,0.0004625102389330245,0.8137680599693975,0.005532852926496732,0.0,264.8221253827916,-0.00029106151396777,0.005535694502167783
1991-01-20,-0.0018547428193065407,0.00046004371791236144,0.8707040905278955,0.002969068617133771,0.0,256.53489282396106,-0.0002456810746320897,0.0029725700903460977
1991-01-21,-0.0030308027388685843,0.00045763015073571503,0.8936367573711159,0.0005687147926139294,0.0,258.4926426846204,-1.8386538587721056e-05,0.0005720751432699535
1991-01-22,-0.0017817864815394087,0.00045516017803364563,0.8936004351312383,0.003740250138239672,0.0,261.59814271010924,-4.487614657750911e-05,0.0037423689148844167
1991-01-23,-0.0021299811574698843,0.00045279291390025683,0.9401678455302496,0.0033015389900423043,0.0,257.55577452708104,-0.0002431875663036007,0.0033089031380383197
1991-01-24,-0.0011506718346628094,0.00045041394772502664,0.9565576815560264,0.0025090039576177547,0.0,256.8943154035091,-2.151792395417973e-05,0.0025135671464670208
1991-01-25,-0.0016955639851295346,0.00044805400789120774,0.9874005506267657,0.0008567120395811264,0.0,253.5820572524421,-0.00012666682612761266,0.0008623940458729306
1991-01-26,-0.0026282207608896466,0.00044571309439880033,0.9804082895627355,0.0002933393343020294,0.0,254.57569110820077,-5.48309272965469e-05,0.00029557706767427026
1991-01-27,-0.0030596396007106807,0.00044341435876943294,0.9762997384798731,0.0007925417884594977,0.0,257.2443551747813,-0.00011058568449343666,0.0007965916094926695
1991-01-28,-0.001351335164854082,0.00044106999359561907,1.0102998837688324,0.006880806853710595,0.0,257.30648223244765,-0.00017784568507455838,0.006885826164426365
1991-01-29,-0.003193943808644505,0.00043880358590918074,1.1122725032368175,0.0019633135847789422,0.0,252.45555703114655,-0.00015753412903365442,0.0019664354580256156
1991-01-30,-0.004579217125803738,0.0004365353261010122,1.0982856822328155,2.899185075598248e-05,0.0,257.2912307602762,-8.295273860800739e-05,2.9848594507490874e-05
1991-01-31,-0.005066083060146052,0.0004342886182547963,1.0758939408986583,0.00010717232937866685,0.0,264.28047403956987,-0.0001271226269713903,0.0001107017535720437
1991-02-01,-0.0070361526588262144,0.0004320584111294504,1.045199809101342,0.0,0.0,268.46905827567184,-0.00021846977583432604,0.0
1991-02-02,-0.007319621152460238,0.0004298497559660573,1.0077221541754946,0.0,0.0,270.09085241773937,-0.00027275624774438515,1.2844800494349329e-06
1991-02-03,-0.005723402914354358,0.00042765095072277526,0.9732128078654662,0.00034114604784270464,0.0,268.85084559553763,-0.0001925592715878271,0.000347216710942298
1991-02-04,-0.005890304170085886,0.00042547369744144596,0.9465982613141478,0.0,0.0,266.56200324164496,-0.00019159511594617437,1.7225742112714215e-06
1991-02-05,-0.006264736970602456,0.0004233211952414216,0.9216913198122647,0.0,0.0,269.39336349645356,-0.00015063969534164095,3.003367964993231e-06
1991-02-06,-0.0037917487617939887,0.00042116709348172113,0.9156744718102637,0.004272411814180472,0.0,269.96999659780727,-0.00018880300034405823,0.00430685928308988
1991-02-07,-0.007594398775343168,0.0004190467929435989,0.9055637855314266,3.3246005995798924e-06,0.0,269.40400746088693,-0.00021633574223451024,6.7301895843733e-06
1991-02-08,-0.008947730527422523,0.0004169439191872117,0.8830713534310264,0.0,0.0,268.28731445628597,-0.00029537154856206334,1.7109479060596992e-06
1991-02-09,-0.005619136079893274,0.00041482189280838615,0.8638828658339219,1.6980588772876114e-06,0.0,267.9742056816087,-0.00014809112848535098,3.1224582478688136e-06
1991-02-10,-0.007171900511461463,0.000412775298296395,0.8471401523511065,0.0,0.0,267.52066491911864,-0.00022366128356780037,4.351138045421976e-07
1991-02-11,-0.008766521673418036,0.0004106989014620162,0.8314604391036959,0.0,0.0,268.86922527033056,-0.0003096541274065352,0.0
1991-02-12,-0.006316570533534228,0.00040867040723057123,0.8169462559586865,0.00016332615566792464,0.0,268.35923488351136,-0.0002541223404097692,0.0002086782093502441
1991-02-13,-0.0055810961093606245,0.0004066286113976085,0.8271337246939737,0.005415067034589369,0.0,265.53320023703714,-0.0004820276030712883,0.005504692274218791
1991-02-14,-0.004081903330687076,0.00040462326868779245,0.8728376772893127,0.005307179533660749,0.0,264.69023877303704,-0.0002937090851492801,0.005334926308109315
1991-02-15,-0.005798216088343475,0.00040263122757949396,0.8949661973281544,0.002744662728013292,0.0,269.1170174657962,-7.5714957326819e-05,0.002748371885357527
1991-02-16,-0.005778272441551512,0.0004006290839890303,0.8830118125441384,0.0007367125675503145,0.0,270.1806043563814,-0.00018131411976396702,0.0007876591661205938
1991-02-17,-0.002980562379467959,0.0003987080970052946,0.9553797375235406,0.01832641322313056,0.0,268.34232796203844,-0.0004140447383209811,0.01865637980638523
1991-02-18,-0.004045202991383224,0.00039672590581710736,1.030398036576036,0.0036585064720636032,0.0,263.3934613890567,-0.00042174990146847096,0.0036738727051764558
1991-02-19,-0.003991648596895617,0.00039478656599077134,1.0419404627913136,0.0016298909687389763,0.0,262.8005449291452,-0.00012516055656018233,0.0016392249786948189
1991-02-20,-0.008140378626389694,0.0003928722298077945,1.0329851915607344,0.0007383820237749715,0.0,268.65895014832927,-0.0002320211349149882,0.0007428626387756525
1991-02-21,-0.009089984041822832,0.000390952842383735,1.006410185675612,6.277219387097547e-07,0.0,268.4251402335877,-0.0005010502297157622,1.7573267726574916e-06
1991-02-22,-0.008595423215189897,0.00038906485684173927,0.9829816512917844,0.0,0.0,268.20199639559246,-0.0003404234572824112,8.692619530847878e-07
1991-02-23,-0.007109422257727823,0.0003871992230415345,0.9765875577477637,0.0023158596312932377,0.0,265.3286211333481,-0.0005767781308478555,0.0023594296920989733
1991-02-24,-0.0051903126098341865,0.000385312037279377,0.9883157331391244,0.0025784295831022966,0.0,260.8444659238482,-0.00045404664246039207,0.0025809046912328
1991-02-25,-0.0029663262141626434,0.0003834671556612866,1.0067168557262243,0.005126916103612232,0.0,261.1401346713136,-0.00015226320631928363,0.005129535319441456
1991-02-26,-0.005899856487909954,0.00038157917011929094,1.0424156404484464,0.0010354518258975725,0.0,262.4391378054287,-0.00018469426296861835,0.00103735688042506
1991-02-27,-0.005305680346354253,0.00037976888950261696,1.0269858150158897,0.0003295314135187764,0.0,262.6068198281269,-0.0001834084695510272,0.00033267264855324404
1991-02-28,-0.008822675731222508,0.00037796366012702557,1.0182031893685266,0.00046218748567468035,0.0,265.4082927416498,-0.0002545859391069682,0.0004627463002662875
1991-03-01,-0.0031690487248749385,0.0003761384783491577,1.0170503030838043,0.004180476090497217,0.0,266.3496870267189,-0.00013070860298845054,0.004190302571620714
1991-03-02,-0.0055487103297212036,0.0003743614517362778,1.0268173074093692,0.0003698386546582152,0.0,266.7868028989171,-0.00013235252939880233,0.0003734329494379335
1991-03-03,-0.009633633629076899,0.00037256447272112145,1.0057189136799671,2.1168593801347554e-05,0.0,267.91833196162287,-0.0006214383000371147,2.346511608896893e-05
1991-03-04,-0.01210870787417148,0.0003707855939865113,0.9861980086217046,0.0003648139536380768,0.0,270.2543927999091,-0.0005836220679141708,0.00047380217867964357
1991-03-05,-0.008182119178233175,0.00036909132354003563,0.981793132429967,0.0073591320864898335,0.0,270.18409763127846,-0.0006168827961730419,0.008030965671700946
1991-03-06,-0.005028274183892934,0.0003672874411620663,1.035161997189854,0.0035061687441532226,0.0,260.8536268798196,-0.0006744787412679801,0.003512166566767935
1991-03-07,-0.00523332342252893,0.00036558971903418423,1.0377859341896187,0.0002703428015870563,0.0,259.464192909485,-0.00026234113584972375,0.0002756303817302896
1991-03-08,-0.004677800514266989,0.0003638720445040256,1.04613981947387,0.003463940389749021,0.0,261.16902347069004,-0.00027283818834582295,0.0034693280182266067
1991-03-09,-0.010309819405698507,0.00036218257273657855,1.066576596707274,0.00014471241646567308,0.0,263.43809134632403,-0.0003198690786115868,0.00014569104381070952
1991-03-10,-0.010540485382080078,0.0003605178520504364,1.0501773352901365,0.0,0.0,267.47101187840696,-0.00036840783800445707,0.0
1991-03-11,-0.010761644712275706,0.00035883663064342433,1.0303941284869351,0.00015221997085264173,0.0,268.2159008665498,-0.0005428015417550918,0.0002733194894360147
1991-03-12,-0.007607333320008833,0.00035715860835576463,1.0225066851312383,0.0011609528571535639,0.0,264.3309671829425,-0.0005275384907079282,0.001189297521821092
1991-03-13,-0.00905983360473719,0.0003555236899920103,1.0089987199858759,2.046005200531523e-06,0.0,263.9077111260366,-0.0003891817036237421,2.962064603368431e-06
1991-03-14,-0.008314211700258955,0.00035388877162825593,0.9957799534339691,0.0002598279487278502,0.0,265.13884779648146,-0.00035252509438722147,0.00032391777136102216
1991-03-15,-0.006333564634377,0.0003522703539853716,0.9893456295609698,0.001943007995516567,0.0,266.0872643501296,-0.00023540790261185102,0.0019568655955248364
1991-03-16,-0.0075801109190041065,0.00035065353590216344,1.0018482962570623,0.0025569164946591116,0.0,265.88232679420946,-0.0002492131760059777,0.002572238529355647
1991-03-17,-0.00852996919114711,0.00034905667022123174,1.0018687562529427,0.0001936440624422946,0.0,265.289704895738,-0.0004125017999003163,0.00019919784334770208
1991-03-18,-0.01106682748107587,0.0003474531537395413,0.9958436322975519,0.0009641011513895909,0.0,267.1408216580609,-0.00046154109519080255,0.0009723013065952902
1991-03-19,-0.013642609877101449,0.0003458892895003497,0.983080502957274,0.0,0.0,269.039844221988,-0.0005695658109787495,4.351138045421976e-07
1991-03-20,-0.008307722076184333,0.0003443139757813707,0.9693959841395952,0.0009993070599722998,0.0,269.67998421304424,-0.0004409593345839426,0.0013521618045670065
1991-03-21,-0.0028629880503746085,0.0003427418611817441,0.9910525449476224,0.00827302451187608,0.0,268.35641360238003,-0.00020548759691290937,0.008393956308208671
1991-03-22,-0.0040739484678554,0.0003411681470224413,1.0600112369056027,0.008411087453533701,0.0,267.80788754249477,-0.00031262783512557297,0.00849169080203536
1991-03-23,-0.0084308979790763,0.0003396274343048786,1.084851511005179,0.0007862843320531361,0.0,266.09492779676077,-0.000422749331610351,0.0007891780171884405
1991-03-24,-0.011048945750893846,0.00033810667398959235,1.0727996538812383,0.0011893906288564543,0.0,267.7682234015169,-0.0005018965283271956,0.0012265174713003155
1991-03-25,-0.010720895213932642,0.00033661411643701763,1.0592909990730932,0.0007687404878058677,0.0,268.9107025886435,-0.0005807994291354708,0.001573667435322778
1991-03-26,-0.00894231618629337,0.0003350899044403249,1.054807961099341,0.0031470154427875904,0.0,268.90692252897276,-0.000706125776899063,0.003530576936799081
1991-03-27,-0.005386289356455291,0.00033356249332427984,1.066687172640066,0.0036346424728800355,0.0,263.9986084257367,-0.0004498378326327114,0.0036440885224338563
1991-03-28,-0.008540902897126258,0.00033205158292910476,1.0831554003354522,0.00047207360634696015,0.0,264.2771887375137,-0.0003788364830158525,0.0004775508143807535
1991-03-29,-0.00779082849200836,0.0003305787252167524,1.109329482256356,0.006732184103148133,0.0,265.04626956946885,-0.00048139987587086903,0.006746358571650673
1991-03-30,-0.009390433881915896,0.00032909601758428886,1.1233827407750707,5.38845772797105e-05,0.0,265.1503669358018,-0.0003162920790708671,5.443554140080167e-05
1991-03-31,-0.014800068938126,0.00032761490951150154,1.106449450476695,0.0,0.0,268.5252114060684,-0.0003669339753055977,8.52346317969932e-07
1991-04-01,-0.01845265748137135,0.000326156952960343,1.0869533732786019,0.0,0.0,271.87763340549503,-0.0006085931570769031,4.0531153899792116e-07
1991-04-02,-0.017270218517820717,0.0003247104458889719,1.0643809402954332,0.0,0.0,273.03898980164035,-0.0006854731568508904,0.00023465277781551164
1991-04-03,-0.013497537475521282,0.0003232790925408488,1.0437970350017656,0.001280264476429945,0.0,272.4288681375105,-0.0007761649755855738,0.00194757927598797
1991-04-04,-0.016508567888857954,0.00032180438270676604,1.0255579831685502,0.0,0.0,273.513723976868,-0.0007867181705216231,8.615321576144197e-07
1991-04-05,-0.020992340677875587,0.00034419813398587506,0.9940109683968926,0.0,0.0018523053639689408,276.0166600545248,-0.0010398182344470322,1.698732262411795e-06
1991-04-06,-0.026186402571403377,0.00036582535943069025,0.951851882503531,0.0,0.0030581811390354135,276.7777813841394,-0.0015380513870109948,0.0009401306519744834
1991-04-07,-0.009533822662749535,0.00031978969520094706,0.9428458061146422,0.008055254880149486,0.00015984856560405364,272.3516326264923,-0.0010221980480571925,0.008757669373420674
1991-04-08,-0.007126931879816757,0.00031610136314973994,1.0087768784575095,0.0064311399845416945,0.0,266.8419934001571,-0.0009407503319914731,0.00675791838748307
1991-04-09,-0.010433963294756616,0.00031469450832086773,1.0297704434439736,0.0015930768712765755,0.0,264.97910254957986,-0.0005861636209117491,0.0016013447847743494
1991-04-10,-0.0050581892752378,0.00031332090749578963,1.0296575686352403,0.004148354154017013,0.0,266.4624503974412,-0.00029975536284642036,0.004180228306075274
1991-04-11,-0.0034958515631950513,0.00031196380739158155,1.1079906169079567,0.012105324552894313,0.0,265.48706556848214,-0.0003137512837594512,0.012145682950375498
1991-04-12,-0.003270028548388832,0.00031058515532542087,1.2151858227401133,0.01534879287589068,0.0,262.99711811475163,-0.00045408215899925454,0.015360755553783132
1991-04-13,-0.0048626848617516006,0.00030925625798392437,1.3579476279278486,0.007047029748811561,0.0,261.4076868010555,-0.0003558188403225215,0.007057080985306184
1991-04-14,-0.005087763912933695,0.000307920709841669,1.428174379855226,0.007868648754001338,0.0,263.61034120678227,-0.00024525912762698483,0.007876010483199405
1991-04-15,-0.009339867675371762,0.0003065950116195248,1.443682826844986,0.0023863139630711013,0.0,268.10903317869946,-0.0002232078557549897,0.0024059527674637274
1991-04-16,-0.011127315840478672,0.0003053257189228037,1.4118815563941858,0.0013139085202230573,0.0,269.7472563346676,-0.00039380050585263195,0.0013403117487309879
1991-04-17,-0.012816311486360045,0.000304028223463371,1.3797129255679144,0.0016054016259093743,0.0,271.06367943830185,-0.0005186392457387542,0.0018739599292561162
1991-04-18,-0.004548249397910921,0.00030275068040621484,1.3677167012417608,0.009489545819617935,0.0,270.07527221708426,-0.00045274383793611315,0.00973489631357037
1991-04-19,-0.005547234693826256,0.0003014712852273284,1.438611046742585,0.00984005387977692,0.0,269.3796666786495,-0.0004140457380457786,0.009902721744472699
1991-04-20,-0.013707302342363673,0.00030021024289104227,1.433163630311323,9.722443623731366e-05,0.0,269.4204263094455,-0.00043543251389164037,0.00016972976028667338
1991-04-21,-0.01306941187651144,0.0002989739516360612,1.3955027549729284,0.00014256323966602822,0.0,269.8210683919616,-0.0005451608028283901,0.0005819232113162541
1991-04-22,-0.01299310193560218,0.00029775096198259775,1.3636251618408666,0.00028675459956718704,0.0,270.1255547582767,-0.0005166576280768982,0.0007264898869326023
1991-04-23,-0.015678953653001516,0.0002965793266134747,1.3338825347957863,0.00015885774361885203,0.0,270.97100535175446,-0.000599585289377614,0.0014268202538796739
1991-04-24,-0.018298890336421927,0.0002952751803532832,1.3030155275276603,2.7232924423648816e-06,0.0,273.1031417092361,-0.0007966591708235822,8.346860973729416e-05
1991-04-25,-0.010876081926000994,0.0002952591005691701,1.2706671246027543,0.003523990048863794,0.0,272.7768240567655,-0.0005921169768198062,0.006310347901180288
1991-04-26,-0.0049863439579468,0.00029566101098464707,1.311998615157133,0.013875317607222305,0.0,269.23542378671647,-0.0009336982680074238,0.014962415986536602
1991-04-27,-0.007966941780289689,0.00029167486617794145,1.3634129755914548,0.004366176160799582,0.0,265.98612058679043,-0.0006972183184014202,0.004381524634314087
1991-04-28,-0.008974460811264772,0.00029050230474795326,1.4210106226459511,0.013634418837178901,0.0,266.7567012988017,-0.0005044347138307189,0.013648266088491106
1991-04-29,-0.00802770139133863,0.00028932229273736815,1.4720277373175614,0.004428119793281717,0.0,266.9087254367979,-0.00033759952938489324,0.004467886821019862
1991-04-30,-0.009555693021265127,0.0002881671580891152,1.4865511159663372,0.004359872117217652,0.0,266.0355859063215,-0.0005890061752607593,0.004366561219667747
1991-05-01,-0.012906769195855674,0.0002870120234408621,1.4795029922169258,0.00029791563244189247,0.0,265.97099009296545,-0.0004896976916635105,0.0003011525433599174
1991-05-02,-0.00836631394712265,0.00028588004031423797,1.4738652288576979,0.003519341054946016,0.0,269.05939724665353,-0.0003285244012535629,0.0035413059137635317
1991-05-03,-0.005444334262171708,0.0002847563075480488,1.4905474819032487,0.009247584026412103,0.0,269.1629408640601,-0.00038718357471759717,0.009535744702075162
1991-05-04,-0.008180328050238939,0.00028361767362066587,1.5220016220868644,0.0031111141572059214,0.0,267.31813374032635,-0.0005729071332909967,0.0031197716623140325
1991-05-05,-0.012234659055195286,0.00028249899209555936,1.510253676362406,0.0006841445331182857,0.0,267.52153964859843,-0.0005369936615902152,0.000688916966740021
1991-05-06,-0.011843933434472919,0.00028143646353382177,1.4857046698446328,0.0013983959153210377,0.0,271.0813543244271,-0.0003269404320225204,0.001913295660886441
1991-05-07,-0.011272366648003206,0.00028034093353034413,1.4685316067855463,0.0010201996876358314,0.0,272.867218667729,-0.0003550855474451841,0.0018729844330325359
1991-05-08,-0.020465432166379728,0.00032742237303890083,1.4237986993879472,0.0,0.003478841466755517,275.9864389272284,-0.000652159843067665,4.626970404339162e-06
1991-05-09,-0.025047697126865387,0.0005228776211118969,1.3542443686734935,0.0,0.013555423309237272,278.8585598616951,-0.000871338865767091,0.00040336924747429306
1991-05-10,-0.009805018408487073,0.0012994763878105724,1.282008169285546,0.0,0.015689523816950577,277.13129898114397,0.00015551930998509888,0.005008760667111655
1991-05-11,-0.0065397390369641584,0.0017109319651867712,1.2159807740407251,0.0,0.017374079232498753,276.74764409397505,0.0004050930919872839,0.0022310111947569447
1991-05-12,-0.01165815783759295,0.0006662623188589926,1.1608038433527543,0.0027620352930941825,0.00413686102308796,274.38695936687924,-0.0005925060486641981,0.009934487736831279
1991-05-13,-0.02284341435984703,0.0002833459168504187,1.15402399842573,0.0005178355354036989,8.466256792935949e-05,274.1420663125996,-0.0016290461697147393,0.0008692124468336266
1991-05-14,-0.017147470202486397,0.0008271903978229245,1.116960371056968,0.0,0.006375659109845674,276.32314937397587,-0.0005960790229971799,0.0026377727755937737
1991-05-15,-0.005379343521123553,0.0019223211006929647,1.0819953875353108,0.0030849107072851755,0.008318104628620848,275.24746828743747,2.2739698152757635e-05,0.012965083644213577
1991-05-16,-0.006783645452752625,0.0006499141454696655,1.0733263263594635,0.0022103241986810825,0.00829964707800224,275.2315859893397,-7.920310237986893e-05,0.00398492865257091
1991-05-17,-0.007083264910905376,0.001757206721494427,1.0429466807909606,0.0,0.010381150717115671,275.529500224945,1.2003837711056747e-05,0.00283091400322167
1991-05-18,-0.016906162481860252,0.004365490149643462,0.9892132143067327,0.0,0.022705840252045188,278.7384762054558,0.00012340451364463334,0.00044833044004421763
1991-05-19,-0.025907288752706713,0.0046120621895386,0.9093012980373119,0.0,0.025002360764869867,280.6803171441605,-0.0002674155284540128,0.00018800311830375133
1991-05-20,-0.02773979310430376,0.002344370477617124,0.847541306202919,0.0,0.014482835465568607,279.7200838437413,-0.0009770680503067325,1.8830554777864077e-05
1991-05-21,-0.023174591825506782,0.0032437290512235826,0.7947041714483287,0.0,0.01284535039784545,278.6426572386604,-0.0007443263137576271,0.0006871264027960657
1991-05-22,-0.009474882171989161,0.0027517486931913993,0.7469011152306968,0.0,0.011820386190198911,277.6364312683795,2.0775102121008315e-05,0.003066021709016541
1991-05-23,-0.010686682021550539,0.0076516419649124146,0.7063294031750236,0.0,0.013959757815309838,276.59809495814557,4.020196485654109e-05,0.007923851663109946
1991-05-24,-0.011961939392116785,0.004139315357989511,0.6611203985699153,0.0,0.015090232472972009,276.92767176655053,4.6747378836580593e-05,0.0022676358209927803
1991-05-25,-0.01950962041730935,0.003481043849961232,0.6151723053495763,0.0,0.013676995821928576,278.1282732473255,-0.00043169675805306034,0.0004129200503075609
1991-05-26,-0.008992174335118742,0.007250395787637786,0.5736244905690914,0.0004988345554319479,0.010531864492064816,276.2465392218696,-8.489775581885195e-05,0.008087087098385709
1991-05-27,-0.004102321078548323,0.006041017040021003,0.579083171492467,0.00611181961277784,0.004989574226619161,273.9688955547671,-6.186930031257834e-05,0.011971842703766633
1991-05-28,-0.01564821996594553,0.005449312807476454,0.5823551616201743,0.0015913466949247373,0.004195521654045515,275.0539005480693,-0.0006586277573290519,0.004026749713272698
1991-05-29,-0.022372533498847557,0.005362460337116221,0.5633954121792609,0.0,0.0034069009125232697,275.00333693696507,-0.0012681186935827558,0.0007685815874041998
1991-05-30,-0.01624405009430007,0.006259031046581808,0.5406064250823918,6.118286295799213e-05,0.004681839002559415,276.2737311131537,-0.0008310035797162244,0.003988574150546446
1991-05-31,-0.00984482576618087,0.00802822453154009,0.516377422095692,1.7184595772102056e-05,0.010951527452233148,275.748406580837,-4.0825903626148316e-05,0.005530042921082449
1991-06-01,-0.010620896678186408,0.009557663215755744,0.4786857418196798,0.0,0.015550202505905076,277.114031254684,0.00025162107105982507,0.0035390670353409944
1991-06-02,-0.005575225304412304,0.019854735940863184,0.42876358175906315,0.0,0.021222752997767456,278.8839728145276,0.0004686188415787314,0.009949798301114875
1991-06-03,-0.008043807989123178,0.02271118145541283,0.37782141044314965,0.0,0.016483137752376708,278.32513986289393,-6.62868158460337e-05,0.013592368734753479
1991-06-04,-0.004701206576352739,0.028506735287143686,0.3406350230991055,0.0,0.0161833466362145,278.9465513857969,-0.00018499322277677933,0.015030837200347803
1991-06-05,-0.012332132559711651,0.024027382249886032,0.2997451466131121,0.0,0.014491233764226829,279.76753138957054,-0.0008338676965506063,0.013701702073469
1991-06-06,-0.00789303138936307,0.020232635618603164,0.2644801597810734,0.0,0.012862285946385336,280.7971205917905,-0.0006928089900878863,0.008088797869553055
1991-06-07,-0.017534054899956547,0.01735792405861246,0.23524627398187387,0.0,0.01031377482212196,280.00314105477486,-0.0012064016934505292,0.003741284043101942
1991-06-08,-0.027282334106453397,0.014691291640033832,0.21301499418844164,0.0,0.006501987029266897,280.68984963081203,-0.001589674634153897,7.770155782753466e-05
1991-06-09,-0.02478454186249588,0.013891074869592313,0.1967249293785311,0.0,0.004962808499901983,279.9483782127079,-0.0015753973643742713,0.0014973921971192898
1991-06-10,-0.02535396995349119,0.012421057049163992,0.1810888947740113,0.0,0.006558508438579106,280.2643612935269,-0.0015054517451905261,0.0003948558521809552
1991-06-11,-0.03262663001226167,0.012247460289190045,0.16084821165842753,0.0,0.008436592390476647,283.52948018880437,-0.0019193608787352757,0.0
1991-06-12,-0.032495521892935544,0.012610066492678755,0.1361918476341808,0.0,0.010100983630465923,284.6173333421265,-0.0018922715568862392,0.0024074942155915763
1991-06-13,-0.02708086308281301,0.012916890241331974,0.11111616863818267,0.0,0.009382887790768834,283.6296912909901,-0.001586336011098603,0.0011027239190081679
1991-06-14,-0.019022090960357153,0.013108995674693652,0.09145089417078626,0.0,0.007457490400069178,281.1669448773515,-0.0014338060624181888,0.004764439190848399
1991-06-15,-0.02551172042297105,0.010827353024213327,0.07857259114583334,0.0,0.0028556618565893444,277.31789355807837,-0.0017682756113130496,0.0020087423454778846
1991-06-16,-0.03131193549787931,0.010425256723064488,0.06869202234875235,0.0,0.005484149259867641,281.33743289724805,-0.002007481352673412,0.0013794420465229058
1991-06-17,-0.028459302323349454,0.009475787480672201,0.05393139970280132,0.0,0.005727029284514951,281.6169113151996,-0.002328655582531697,0.0020320452538692343
1991-06-18,-0.027755743576645182,0.008468846816801082,0.041891036958568745,0.0,0.004897216303368747,281.0220869211603,-0.002088719242289242,5.559449805248907e-05
1991-06-19,-0.02704744546090142,0.008317346290006477,0.028802616672551788,0.0,0.005797270032982369,284.28344125262765,-0.0022404144312870708,0.0009442420665812964
1991-06-20,-0.026872841736017648,0.007430919314508385,0.01733260504943503,0.0,0.003912464015733051,283.92914344945643,-0.002316943343497266,0.000536232344848288
1991-06-21,-0.023436040022952413,0.008153308835406763,0.009667003222104521,0.0,0.0024974646709733095,283.46086492017616,-0.002383583851453275,0.0063586265925205925
1991-06-22,-0.01732914629629103,0.006991847423510364,0.004956376530131827,0.0,0.0015116583576983652,282.860816071936,-0.0028295397526968673,0.00591621042910818
1991-06-23,-0.03302793777258383,0.0063344498643767375,0.0025007172492937857,0.0,0.0006213459044189777,282.999438090064,-0.002664253873340154,0.0009316101080498991
1991-06-24,-0.03413945255474856,0.005951121281095817,0.001419326006355932,0.0,0.0003849779397754346,285.1824916688736,-0.0028807573588722846,0.0001502771162043857
1991-06-25,-0.04010284974076654,0.005549734090007631,0.0008786303848870057,0.0,0.0001900790227671801,285.40467606381065,-0.0028559973010909086,0.00037647101838709943
1991-06-26,-0.032942712727913076,0.005163163956949267,0.0004956376530131828,0.0,7.219200080397439e-05,282.3754647249556,-0.0023165357609589896,0.0002795592539728025
1991-06-27,-0.03252497534293913,0.004817733488513925,-7.3453647229951e-24,0.0,4.557539093292366e-05,281.92407957533214,-0.002373744118011604,0.0003248451624836726
1991-06-28,-0.03357768361851321,0.004526064220794851,-7.3453647229951e-24,0.0,3.662928517928905e-05,283.5473476884055,-0.002939734981516324,0.002198484609362018
1991-06-29,-0.03675349772313221,0.00421983062547479,-7.3453647229951e-24,0.0,1.662942228344201e-05,285.13868041676096,-0.0027844030357434255,3.371993016932623e-05
1991-06-30,-0.029780520431402713,0.0040138751941885655,-7.3453647229951e-24,0.0,7.710046013869809e-06,283.5181193270926,-0.002590994250639684,0.004283340502491159
1991-07-01,-0.0273283049043289,0.0037480852024703378,-7.3453647229951e-24,0.0,3.1627293697184766e-06,280.78104558682486,-0.0022874813326923863,0.000674061115099104
1991-07-02,-0.031047823528448742,0.00354505115646427,-7.3453647229951e-24,0.0,2.051666799911672e-06,281.77738180717284,-0.0023539578857815877,0.00037500408736196593
1991-07-03,-0.031438279076147886,0.003361268737221842,-7.3453647229951e-24,0.0,1.4476646474525757e-06,283.12676514160387,-0.002348716675940544,0.00016788430186235446
1991-07-04,-0.03466457713626873,0.0031937189863226515,-7.3453647229951e-24,0.0,8.304871745028739e-07,285.7655146036669,-0.002634746422412369,3.629735791147568e-05
1991-07-05,-0.03695096900570864,0.0030396043580804173,-7.3453647229951e-24,0.0,3.766542100636973e-07,287.11057545505673,-0.002578549907874253,1.1092135619397123e-05
1991-07-06,-0.03868515499062458,0.0029058925344445617,-7.3453647229951e-24,0.0,1.7039519918840487e-07,287.3231547511904,-0.0028160718022345824,0.0010295706275549924
1991-07-07,-0.025162329444777497,0.0027810208878274695,-7.3453647229951e-24,0.0,6.600288348009357e-08,283.619961456615,-0.0023104973653026223,0.0014204832625204662
1991-07-08,-0.03112077633034712,0.0026585111173532783,-7.3453647229951e-24,0.0,2.8876261522540942e-08,285.0123341303536,-0.0023448674302905966,0.0005670374343964596
1991-07-09,-0.029011731009698862,0.0025521625401610038,-7.3453647229951e-24,0.0,1.2375540652517547e-08,285.08058851856305,-0.0023654220983554417,0.0010125297947564636
1991-07-10,-0.02637833794631527,0.002471863634168765,-7.3453647229951e-24,0.0,6.187770326258773e-09,285.6069848012116,-0.0025909862896732693,0.003162833273742573
1991-07-11,-0.026505723890274936,0.002389788290875106,-7.3453647229951e-24,0.0,2.062590108752924e-09,283.68265788478817,-0.0027506545417558003,0.004455232855963842
1991-07-12,-0.027015588335734978,0.0022716778146345067,-7.3453647229951e-24,0.0,0.0,284.261585637899,-0.0022659071084469725,0.0007574406720824162
1991-07-13,-0.03277094489605414,0.002185479311619775,-7.3453647229951e-24,0.0,0.0,286.33187001618063,-0.0024299752230277174,0.000169361664705007
1991-07-14,-0.03912534223774732,0.0021049232974564287,-7.3453647229951e-24,0.0,0.0,289.2195072641032,-0.0025888690514500536,8.583068797918258e-07
1991-07-15,-0.03755186098275212,0.0020357972316149267,-7.3453647229951e-24,0.0,0.0,289.9278223357407,-0.002539187832867022,0.0008653513455795029
1991-07-16,-0.037412214792717655,0.001962265304926425,-7.3453647229951e-24,0.0,0.0,289.2316941658207,-0.002414033543002808,0.0003674532902442803
1991-07-17,-0.037727725371129096,0.0018945253838253562,-7.3453647229951e-24,0.0,0.0,289.44083541755174,-0.002388841314714844,8.733518204041764e-05
1991-07-18,-0.037982976242984086,0.00183437225845574,-7.3453647229951e-24,0.0,0.0,287.99780561515394,-0.00211728865143943,0.0005152594246994783
1991-07-19,-0.03312348755402754,0.00177709589907005,-7.3453647229951e-24,0.0,0.0,286.3771956276759,-0.002198551734120159,0.0005567885388088766
1991-07-20,-0.0340274052094605,0.0017238808217021706,-7.3453647229951e-24,0.0,0.0,286.66260749831264,-0.0021968211578784016,0.0010014076844712136
1991-07-21,-0.036468235786351784,0.0016694007451924903,-7.3453647229951e-24,0.0,0.0,287.5477797477708,-0.00215128177808503,0.0006234142403144622
1991-07-22,-0.024707387017328192,0.001713957321845879,-7.3453647229951e-24,0.0,0.0,285.93776054526006,-0.002243099123828829,0.010751514347225502
1991-07-23,-0.010417671316424333,0.0016905565214695903,-7.3453647229951e-24,0.0,0.0,283.34031316250736,-0.003173528502216447,0.0130824223778439
1991-07-24,-0.00898083867663044,0.0016206968470481831,-7.3453647229951e-24,0.0,0.0,282.6937866031338,-0.003196086208362364,0.010143682108684392
1991-07-25,-0.01262384240573409,0.0026601354281107588,-7.3453647229951e-24,0.0,0.0,282.52002023887275,-0.002884496445372953,0.01524063328676064
1991-07-26,-0.015123856059238739,0.0030399616491996635,-7.3453647229951e-24,0.0,0.0,283.2190098412293,-0.002874017824645096,0.01312448698922066
1991-07-27,-0.022942987707375136,0.0014379256020831523,-7.3453647229951e-24,0.0,0.0,283.59596273634173,-0.0024360205430937355,0.0015070647169641183
1991-07-28,-0.02500963248943879,0.0014194216431870975,-7.3453647229951e-24,0.0,0.0,285.64370214961565,-0.00273352392059935,0.00307780652263615
1991-07-29,-0.03347118443014931,0.0013576743461317935,-7.3453647229951e-24,0.0,0.0,287.3057986688704,-0.00289283698098471,1.4963532333412735e-05
1991-07-30,-0.033289663030602844,0.0013286349295222827,-7.3453647229951e-24,0.0,0.0,287.8189446903667,-0.0027058153165935798,4.713173293350424e-05
1991-07-31,-0.03586213972608922,0.0013019279234826903,-7.3453647229951e-24,0.0,0.0,287.50092017897555,-0.002751624722054786,0.00018426199487279942
1991-08-01,-0.02386852097039843,0.0013013429055779668,-7.3453647229951e-24,0.0,0.0,286.305830048527,-0.002824376700288158,0.0031248020418619712
1991-08-02,-0.021511186145793247,0.00126121559385526,-7.3453647229951e-24,0.0,0.0,283.75235833421266,-0.002138149287909438,0.0015606415876820087
1991-08-03,-0.023589534948101155,0.001237117722209564,-7.3453647229951e-24,0.0,0.0,282.9710962184181,-0.0024626335434320954,0.001478140015745411
1991-08-04,-0.01804594948130139,0.0012294309119046745,-7.3453647229951e-24,0.0,0.0,284.33217925450674,-0.0025006822168321934,0.0032590553585418874
1991-08-05,-0.020730807956329173,0.0021345266009454677,-7.3453647229951e-24,0.0,0.0,283.65167136111506,-0.0024932649639029963,0.009307321239735772
1991-08-06,-0.027771725661337045,0.0011635323365529378,-7.3453647229951e-24,0.0,0.0,284.7548884770741,-0.0025476095513940534,0.00037637587537526763
1991-08-07,-0.029891052572740676,0.0011445843735657171,-7.3453647229951e-24,0.0,0.0,286.11979919548537,-0.0025064882290902115,0.0006766167231522575
1991-08-08,-0.032472345115101275,0.0011257275012926868,-7.3453647229951e-24,0.0,0.0,286.1195826485557,-0.0025505002714314704,0.00078035976814378
1991-08-09,-0.031952482663978966,0.0011018250284895387,-7.3453647229951e-24,0.0,0.0,286.46806227689405,-0.002493827840534307,0.0004178242999477858
1991-08-10,-0.02863801948431522,0.0011113607614053845,-7.3453647229951e-24,0.0,0.0,286.21083915121363,-0.0028337659051189314,0.0034215938586451963
1991-08-11,-0.03108734035559294,0.0011136530146086956,-7.3453647229951e-24,0.0,0.0,287.3064425588777,-0.003067308331781862,0.005349206960886617
1991-08-12,-0.026208683385350613,0.0011055985581403399,-7.3453647229951e-24,0.0,0.0,286.713675770158,-0.002626533467469916,0.005588063580841668
1991-08-13,-0.030317134313327446,0.0010432727256063689,-7.3453647229951e-24,0.0,0.0,286.54952060031354,-0.0024890870192630144,0.0017400927799569687
1991-08-14,-0.030666943913125726,0.0010138532031053876,-7.3453647229951e-24,0.0,0.0,286.92544950424167,-0.00230637517373609,0.0005470982714885236
1991-08-15,-0.02645475219535289,0.0010107145302713256,-7.3453647229951e-24,0.0,0.0,285.75782223789486,-0.0022085538439157995,0.0018124117688594428
1991-08-16,-0.023096913208732497,0.001029245092370416,-7.3453647229951e-24,0.0,0.0,283.27770428199557,-0.002632838684413056,0.005106095203572075
1991-08-17,-0.020864751126806618,0.0014574409878186589,-7.3453647229951e-24,0.0,0.0,282.894529536619,-0.0020361656459879744,0.007576656872756282
1991-08-18,-0.023771168106356586,0.0009597822771234028,-7.3453647229951e-24,0.0,0.0,283.42182687806104,-0.0025500603504268462,0.0012648749306862208
1991-08-19,-0.02781126079923016,0.0013515146101935435,-7.3453647229951e-24,0.0,0.0,285.8183107609579,-0.0023219384105697192,0.006455622234586942
1991-08-20,-0.025396095409905173,0.0009249999361523128,-7.3453647229951e-24,0.0,0.0,285.8269695095199,-0.002306692638976426,0.0003530562354694538
1991-08-21,-0.028287274142106376,0.0009182897833107556,-7.3453647229951e-24,0.0,0.0,285.98949168361514,-0.0021643109598570628,0.001048213950653275
1991-08-22,-0.02747365592394845,0.0009828970088797103,-7.3453647229951e-24,0.0,0.0,286.01245161009825,-0.0027142810493202534,0.005340571558403171
1991-08-23,-0.027546121617831754,0.0009092353494827357,-7.3453647229951e-24,0.0,0.0,285.832814660225,-0.0025365509850493934,0.0024323765166385566
1991-08-24,-0.03254886182014552,0.0008742533161141779,-7.3453647229951e-24,0.0,0.0,287.63498929126115,-0.0024034708664663097,0.000220134382822069
1991-08-25,-0.03407500019181247,0.0008612836653229881,-7.3453647229951e-24,0.0,0.0,288.48863697231604,-0.0024258932414448872,7.468674141984538e-05
1991-08-26,-0.028582083766406537,0.000876992267403899,-7.3453647229951e-24,0.0,0.0,288.49338711812226,-0.002246862135322417,0.0025587745305508548
1991-08-27,-0.028920459250609085,0.0008386834024709497,-7.3453647229951e-24,0.0,0.0,288.21944447964603,-0.0021949695202253634,4.365959399708226e-05
1991-08-28,-0.03580914585098709,0.0008293561174371149,-7.3453647229951e-24,0.0,0.0,287.42722545415444,-0.0023129955091971462,0.0002778118613076075
1991-08-29,-0.03235178466065455,0.0008166459320628712,-7.3453647229951e-24,0.0,0.0,285.8039028541292,-0.002073466883035703,1.2903470292258135e-06
1991-08-30,-0.03199704795402323,0.0008060376522904736,-7.3453647229951e-24,0.0,0.0,286.4239767616976,-0.0021081582964055955,8.553266184208042e-07
1991-08-31,-0.0320367132034679,0.0007955866344904497,-7.3453647229951e-24,0.0,0.0,287.9673761450414,-0.002102293884434269,8.579987601964512e-06
1991-09-01,-0.03289616112150042,0.000785776114059707,-7.3453647229951e-24,0.0,0.0,288.75491450825206,-0.0020333685843789647,8.670850993253406e-05
1991-09-02,-0.03296316730774055,0.0007780713718489739,-7.3453647229951e-24,0.0,0.0,287.24133136267943,-0.0020627839922231473,0.00046861624622512464
1991-09-03,-0.02550822719510666,0.0007685076887324707,-7.3453647229951e-24,0.0,0.0,284.338278653707,-0.0016919565413378729,0.000497254093988372
1991-09-04,-0.02577310905786558,0.0007638464034613917,-7.3453647229951e-24,0.0,0.0,284.2057354203277,-0.0015128455256338176,0.0009927740231929333
1991-09-05,-0.023676737553655767,0.000754986358227703,-7.3453647229951e-24,0.0,0.0,283.6553721849977,-0.0018891112005474879,0.0011070704392339417
1991-09-06,-0.028289042244860008,0.0007379381670116706,-7.3453647229951e-24,0.0,0.0,286.088722739067,-0.0016570880083041004,3.470219461257849e-05
1991-09-07,-0.021652202990095494,0.0011014947615100841,-7.3453647229951e-24,0.0,0.0,285.1999446847345,-0.0021536686578712896,0.010960121124472737
1991-09-08,-0.004951557239233437,0.0008895089060573255,-7.3453647229951e-24,0.0,0.0,281.6272085013812,-0.002888863853647211,0.015915057332502248
1991-09-09,-0.007259883449575996,0.0007702879144647028,-7.3453647229951e-24,0.0,0.0,280.33398211204405,-0.001965305662719207,0.005204203270249448
1991-09-10,-0.01800697957728542,0.0007297600393241408,-7.3453647229951e-24,0.0,0.0,282.72090399287737,-0.0020975665384009063,0.0023519788253105298
1991-09-11,-0.017959522072878265,0.0011246401374622927,-7.3453647229951e-24,0.0,0.0,281.3806261252998,-0.0020576491110068933,0.005589157698976658
1991-09-12,-0.02145923131098182,0.0006960436785961949,-7.3453647229951e-24,0.0,0.0,280.63095152759735,-0.001496104313071165,0.0007217653894478856
1991-09-13,-0.01920801262229176,0.0006881964913869308,-7.3453647229951e-24,0.0,0.0,280.5847358919133,-0.001503561023559611,0.000592942830487483
1991-09-14,-0.006420961039214485,0.0007730991826892574,0.0019742746586629005,0.002890484249692853,5.5308069633898765e-05,277.87851396837254,-0.0015510878246803744,0.010844517939091407
1991-09-15,-0.009336979291533347,0.0006946987014705853,0.08902879847869585,0.015396966183252928,0.0006314887544192837,272.50744220496574,-0.0012698898744364243,0.017247400630665367
1991-09-16,-0.012932743729844607,0.0007324329035430305,0.10348527983757064,0.0,0.004363176860125725,274.03153178112655,-0.0011911539329310596,8.143455534852782e-05
1991-09-17,-0.004880491707284572,0.0007393754134743902,0.09041088269479755,0.0048636862702962375,0.0004623430849468641,273.59775707726203,-0.0008752372820919516,0.009904793376200672
1991-09-18,-0.012048129350115351,0.0006694662368903726,0.11192905117113938,0.0006837117890853668,0.0009529319628652206,270.4637311802521,-0.0012337089342586067,0.0006901572989878682
1991-09-19,-0.017460703555136754,0.0007106285479109168,0.09794177039194917,0.0,0.0037781309841547987,272.86787080136173,-0.0013282919660378987,4.351138045421976e-07
1991-09-20,-0.021826809914098626,0.0007308856242120603,0.06793569216395952,0.0,0.0050277157902380845,279.06503364864716,-0.0015474634329225383,0.0
1991-09-21,-0.012037687466642952,0.0007000008208603509,0.038260422183968926,0.0012334670219044227,0.0018482127326861614,278.7143160538036,-0.0014428801960864313,0.003823886096038442
1991-09-22,-0.0112827148730472,0.0006360247478646747,0.06342092970221282,0.005654442381892501,0.0,271.66732319689964,-0.001265022977344734,0.00586727627871008
1991-09-23,-0.012136012820874231,0.000636877902483536,0.0755555463600518,0.0016801221517183016,0.00018227447645138888,272.71659361126285,-0.0011441989375625627,0.0023121213508637208
1991-09-24,-0.013709895102317725,0.0006944106123541709,0.07422380752707157,3.1357473236019335e-06,0.003916725558412951,274.33600570477563,-0.0011531341831478698,2.6439408022185292e-05
1991-09-25,-0.01460471420975055,0.0006906497949934275,0.04566119350282486,0.0,0.0037496407742554187,278.74788814120825,-0.0010539613727290752,0.0
1991-09-26,-0.01978096770027937,0.0006568319885070715,0.023530604475635597,0.0,0.0020213475987567744,279.83552152199036,-0.0012219196901062117,4.351138045421976e-07
1991-09-27,-0.020800686741279342,0.0006366417569629217,0.012315538194444446,0.0,0.0010930231461922328,280.4076164087558,-0.0012733101697459733,1.6761129183883718e-05
1991-09-28,-0.020779044614673337,0.0006224100535872293,0.0064324847722457635,0.0,0.0004965824911655006,281.88077642868245,-0.001306226171847791,3.826534502729893e-05
1991-09-29,-0.011156079290950367,0.0007148995406210086,0.0034255550406073446,0.0,0.0003258294325932271,280.7916800288831,-0.001846472190766685,0.007290925316996343
1991-09-30,-0.013794866658873478,0.0006234495990020408,0.0018276063735875707,0.0,0.00015905278466515625,279.07480267885717,-0.0016908573333994819,0.001014724564251568
1991-10-01,-0.020647830966502263,0.000605907564782827,0.0006082825741525424,0.0,6.967399921794396e-05,282.04536434755494,-0.0013768717667645655,0.0
1991-10-02,-0.020728951204294542,0.0006184244559983077,0.0005406956214689266,0.0,2.1799872655653013e-05,279.3209626400763,-0.0016266427576373526,0.0013830436151579949
1991-10-03,-0.008697143845302237,0.0006180162315314772,0.0059577668903013185,0.006268375232226431,6.020847855314698e-06,274.7690413272089,-0.0010513220466462907,0.008237944192781387
1991-10-04,-0.005277871243697776,0.0005978055424609428,0.07934800200094162,0.00845614374525803,0.0,267.72485861625603,-0.0006238112678635592,0.008611677608118914
1991-10-05,-0.009932230716034518,0.0006112328356942216,0.10100617202212807,0.0007363600961569339,0.0009784547264798215,266.11694532778756,-0.0006547072470861641,0.0007462863531489832
1991-10-06,-0.01385379456362482,0.000640909718928364,0.0860970419903484,0.0,0.002835558706336776,272.2018671987645,-0.0008480102876148656,8.748802997615712e-07
1991-10-07,-0.015854572424780854,0.0006431745270551262,0.06418277718926554,0.0,0.0029929497800136014,277.17207792249775,-0.0011667690350342607,1.2852676718466682e-06
1991-10-08,-0.017557598482080772,0.0006319822396262218,0.04494095567031545,0.0,0.001979349170532604,278.51586710396464,-0.0014294845257270138,0.001163119376941964
1991-10-09,-0.01605398397324449,0.0006103026496488496,0.03230863237111582,0.0,0.0013285585505477453,278.1349776927136,-0.0011076710823565553,8.52346317969932e-07
1991-10-10,-0.018029219055243132,0.000613106088449726,0.022720710481403013,0.0,0.0015969003766438384,280.51379275995464,-0.0011555806412703574,0.0
1991-10-11,-0.017857917410842444,0.0005994600764775681,0.012587035443149718,0.0,0.000961904356119323,282.4911035548496,-0.0011850578847241269,0.0
1991-10-12,-0.01944081914626946,0.0005879795315575465,0.006909041754943504,0.0,0.00045059895995309794,281.48128755932254,-0.001226382850969242,8.618251285952283e-07
1991-10-13,-0.018970022093778276,0.0005907556094692252,0.00455177436440678,2.656595013235922e-05,4.097729879247267e-05,276.6111347033255,-0.0013507332831705359,0.0011724854223017006
1991-10-14,-0.015530975903831633,0.0005787421586149831,0.0043526917078625235,0.0,0.00015230489484334398,275.3234644600676,-0.0009109900664475006,6.065899267828609e-06
1991-10-15,-0.01909512895985512,0.0005772215666743995,0.0032140584539783433,0.0,0.00017655389330818158,279.95695243447517,-0.0011846885074582477,0.0
1991-10-16,-0.021654565455549855,0.0005740483770262724,0.0019453088217984934,0.0,0.00010859941021870759,281.8492375246325,-0.0013276450335979462,0.0
1991-10-17,-0.035708070769485116,0.0005823898281754747,0.0014220846574858757,1.5004164418258238e-05,2.6903004717018646e-05,280.02233091092154,-0.001354701759156871,0.001245041546218414
1991-10-18,-0.00876565399648106,0.0005755206454271651,0.06195332730108286,0.011447833987784251,0.00019613019911582862,270.26286997678363,-0.0010950334138621046,0.012037220093599905
1991-10-19,-0.009527753891244448,0.0005770878771604118,0.07608336827624765,2.1913672907877777e-05,0.0006425253373418151,271.04257412280066,-0.0007404812932603777,2.30389799761166e-05
1991-10-20,-0.010507369445542158,0.0005792484613461684,0.06477450785663842,0.0,0.0009013367132783609,271.44333732734293,-0.0006727998297514216,4.410743663640915e-07
1991-10-21,-0.01232880993751483,0.0005855920624598271,0.055845213924199624,0.0,0.0014071164410666558,274.50938159059,-0.0008517527258244612,4.3521384895939264e-07
1991-10-22,-0.0100599249961686,0.0005715415302642995,0.04575981528072034,0.00013425262213426797,0.0005185464975860834,274.82275960674394,-0.0007531986240360697,0.00039095130870301205
1991-10-23,-0.003530531995377298,0.0005645836982349892,0.0917334260240113,0.013638186947268956,6.317570384612866e-05,271.88338840793534,-0.0004314177716940136,0.014515194045666148
1991-10-24,-0.006534392045716109,0.0005683641312486035,0.14512068179143126,0.0018763927332425523,0.0006284306173102331,265.2279121485134,-0.0007740477215772294,0.0018847663354389275
1991-10-25,-0.007387952405517384,0.000557965393793785,0.13806681085216574,5.806702594299102e-05,7.440528627169335e-05,265.7188673252889,-0.0008453051901638173,5.890218551549535e-05
1991-10-26,-0.009450036043164422,0.0005602378629695224,0.13182536267066858,1.0440010303831371e-05,0.0003484896157926086,268.9755430562797,-0.00094693206713698,1.3549095402302525e-05
1991-10-27,-0.009055817657608097,0.0005555528368653551,0.1283340597781309,0.005170519511073323,0.0,272.3305083811845,-0.0008902051985937324,0.005595403876008287
1991-10-28,-0.0016979326804478962,0.0005520979563395183,0.3166821151129944,0.020346388073459187,0.0,258.7352560082847,-0.0002971638183472521,0.020351025175913577
1991-10-29,-0.0015138946263130101,0.0005505809844550441,0.44912104777248124,0.0035164506295643286,0.0,255.99945921098674,-0.00022252207085237668,0.0035190019903883424
1991-10-30,-0.0029017734578100298,0.0005490722629310048,0.4136197364936441,0.00012756330566217672,0.0,253.60990754179588,-0.0002550902950056529,0.0001297631001068374
1991-10-31,-0.002109626634309521,0.0005475156388040316,0.36474793285075335,0.0003176829698732344,0.0,260.12760513291295,-0.00021601514627704512,0.0003209869403573854
1991-11-01,-0.0011567602639144423,0.0005460037181606401,0.337557058100871,0.0027667108586447386,0.0,256.0610545386478,-0.00024468721137881956,0.0027718711539176898
1991-11-02,-0.0018086156013321743,0.0005444968487583312,0.34160997638594637,0.0002262331124416179,0.0,248.42366846088188,-0.00018379651010036469,0.00022928812409524866
1991-11-03,-0.004791540151598764,0.0005429205247911357,0.33650118438088517,2.072271654161356e-07,0.0,256.25275008781705,-0.0003130990896100378,6.336275790907444e-07
1991-11-04,-0.005480185024819132,0.0005413426012642641,0.3310965270421375,0.0008170342883147764,0.0,265.1932253684926,-0.00042388083592141424,0.0008211963999828428
1991-11-05,-0.003716257753345253,0.0005397101243336996,0.3567060050317797,0.005992356035332221,0.0,269.5187471537042,-0.00038361036886939894,0.006005274613481834
1991-11-06,-0.0028221121026297744,0.0005381274021277994,0.40453067068326276,0.009051795648989705,0.0,268.19882083971845,-0.000296466131457838,0.009151082312671548
1991-11-07,-0.004218200505790064,0.0005364999764383176,0.43530526313853585,0.0007837970167566828,0.0,265.0593240669667,-0.0003207501045054635,0.0007923670744442098
1991-11-08,-0.006300774418701561,0.0005348528509086135,0.4262449332774247,0.0,0.0,269.8361314856175,-0.000499526833284036,1.2904404051994334e-06
1991-11-09,-0.002819216099836059,0.0005342715372473508,0.4240370928230932,0.00659214907278449,0.0,273.0784071762459,-0.0003524781073217338,0.00882563388950364
1991-11-10,-0.005191068780624261,0.0005314808949238837,0.44640400629708105,0.00024247897715218324,0.0,271.00779995675816,-0.0005166766386331813,0.00026441931424355994
1991-11-11,-0.0051958827817507386,0.0005297297138278767,0.433233286252354,0.00041650578716380453,0.0,268.3360394479641,-0.0005005892460881653,0.00041959217765222257
1991-11-12,-0.005123849852947192,0.0005279718819311111,0.4225786859257298,0.0,0.0,271.5422853983504,-0.0005038535159270643,0.0
1991-11-13,-0.00451273828913263,0.0005262489035978156,0.41042521848516955,0.0014965012459094915,0.0,272.06812752617725,-0.0004533254988702004,0.0016800865065434243
1991-11-14,-0.0026744292196580924,0.0005245525284675556,0.5441386479666903,0.025066467665009577,0.0,268.0709886389264,-0.0004791516000352337,0.02546048810930585
1991-11-15,-0.003199632011227689,0.0005228401998342094,0.6169838195915726,0.0016290561459158775,0.0,264.94789063548865,-0.000367999787174039,0.0016342900903089166
1991-11-16,-0.004003678758939108,0.0005210983214405298,0.6038252835893362,9.009056845627262e-06,0.0,267.4673105767891,-0.00022715644247956197,9.867363650812102e-06
1991-11-17,-0.004545214107144351,0.0005193093402237543,0.5858469242879003,0.00096426441171075,0.0,269.3904718769024,-0.0003145045237773556,0.0009659810254348065
1991-11-18,-0.0009942168822396273,0.0005175501613293665,0.6053528866525424,0.010872222735720166,0.0,266.337556979077,-7.346040953350607e-05,0.010882982763193423
1991-11-19,-0.0034566266977854375,0.0005158423367193191,0.6837774301877355,0.0015323625951163514,0.0,264.0506760297298,-0.000263914444857398,0.0015332306508964067
1991-11-20,-0.003028013990760523,0.0005140584067436262,0.6672450638535782,0.00018666911933381682,0.0,267.1662321898897,-0.0001858408420772876,0.00018752146570863017
1991-11-21,-0.00216102856869078,0.0005122579760470633,0.6824620133739407,0.00989238892571401,0.0,266.12757539838947,-0.00025945487248022007,0.00996189085433626
1991-11-22,-0.0022017737313852477,0.0005105006492744059,0.7717878266242939,0.00485181522234685,0.0,260.55372389022915,-0.00030604140612028416,0.004857027693033341
1991-11-23,-0.0019447269328569962,0.0005087499733025071,0.7949818756620763,0.0005083916298413682,0.0,257.5576203915584,-0.00012193147177244985,0.0005120379438831845
1991-11-24,-0.0016344085672480913,0.0005069561934067031,0.7875132875029426,0.001258712682851964,0.0,262.8788352470614,-2.452538553941048e-05,0.0012633030192895128
1991-11-25,-0.002274699887986911,0.0005051427136706768,0.7729186436999766,0.0004094804158318514,0.0,265.5627123227452,-9.054752161442224e-05,0.00043841990575459535
1991-11-26,-0.0032620708231872087,0.000503349186336927,0.7709813809439737,0.004121125838850851,0.0,266.67354501124385,-0.0002738102365516674,0.004202780868271704
1991-11-27,-0.0009330062374556806,0.0005014935287378602,0.7953115344721047,0.009036668065914327,0.0,265.5986402766628,-7.860958681436582e-05,0.009047133835836918
1991-11-28,-0.002457658407715081,0.000499697475783569,0.8936700910722692,0.007761960017815823,0.0,263.47927243651196,-0.00033898839969082745,0.0077685310510592276
1991-11-29,-0.0012865010543731648,0.0004978725465677553,0.8976069161222928,0.005085979141084489,0.0,260.57533119043615,-0.00022032161869403336,0.0050903577818485765
1991-11-30,-0.0020013700770792993,0.0004960625185131353,0.9405453209598635,0.000916346065742148,0.0,253.2094517544389,-0.0002119432513912519,0.0009178485574021851
1991-12-01,-0.002349319599442563,0.0004942293389368866,0.9281612762623588,9.897071342010283e-05,0.0,254.776664604575,-0.00010977204005091878,0.00010370788311127522
1991-12-02,-0.0017118220359592117,0.0004923780590800916,0.9515737185145952,0.005919500427731013,0.0,260.5140962618668,-8.728744535796387e-05,0.00592547650044118
1991-12-03,-0.0016995235267332045,0.0004905366291434078,0.9941339582597696,0.0018612308438214881,0.0,260.56011590760085,-9.847283468576475e-05,0.0018633519862331239
1991-12-04,-0.001971381826926086,0.0004886770989261778,0.9710550829066621,0.00017700186472828104,0.0,266.3654817807473,-4.7852674572818024e-05,0.00018047983363523324
1991-12-05,-0.003929401142785779,0.0004868093183485128,0.9350482488082628,0.0002554679910341899,0.0,267.3726128005263,-0.0002677784548640925,0.0002583207383440308
1991-12-06,-0.004591181537525802,0.0004848952347275901,0.8981273816354755,7.359658257435944e-07,0.0,270.4423252436177,-0.00039878071385756724,8.975920658650277e-06
1991-12-07,-0.003062141606699949,0.00048296305082612124,0.8601871928701743,0.0002990031015064757,0.0,269.78395734668453,-0.0002798356673559227,0.00030417310983824855
1991-12-08,-0.0035887897267179976,0.00048106386836639235,0.8889504987641244,0.007712228150017519,0.0,265.1779159359115,-0.0005207873281028311,0.007726723263453427
1991-12-09,-0.0035686978260002574,0.00047918463830894006,0.8941471078301555,0.0013055323417914117,0.0,264.4618766123741,-0.0003201034035807276,0.0013303844604438846
1991-12-10,-0.002809796629652465,0.0004772756059290999,0.8737259629531545,0.0007151915023555864,0.0,265.7275388864923,-0.0002664448693394661,0.0007232992725458916
1991-12-11,-0.0028152170743645922,0.00047540462623208254,0.8603037458804144,1.3318438987947454e-07,0.0,261.95209900807527,-0.0002779048304520758,3.1278629962464745e-06
1991-12-12,-0.002858868005585536,0.00047344929080898483,0.8456847339924671,6.9048781852937685e-06,0.0,262.5524195295718,-0.00016678939178838573,9.018939887788437e-06
1991-12-13,-0.0018303861978363858,0.0004715998630739202,0.8669633595956924,0.007284179771855727,0.0,261.49805320768485,-0.00018664396310088326,0.00729958627180148
1991-12-14,-0.001908798002253818,0.0004697107830963566,0.9111981005767421,0.0005666294508734665,0.0,258.61988800034464,-0.00012741660394069166,0.0005706028749259043
1991-12-15,-0.0020029818439214245,0.00046780680195759926,0.9037253744409135,6.600254673068806e-05,0.0,262.11577831059975,-8.870688093415761e-05,6.684778773851987e-05
1991-12-16,-0.0025937856927429888,0.00046590787205992454,0.8881617544285546,2.0928975552488858e-07,0.0,265.9293760525979,-0.0001684911180771677,1.0724120544711625e-06
1991-12-17,-0.0025143011310006266,0.0004639956405607321,0.87145444363524,0.0,0.0,264.65684194977905,-0.00010223056868476383,0.0
1991-12-18,-0.0025707892021216918,0.00046207848410148404,0.8554004733845341,0.0,0.0,265.4584586795441,-0.0001765664267001179,0.0
1991-12-19,-0.0012878924187293835,0.00046015800224185666,0.8455743879472694,0.003224782750936551,0.0,267.2390978682064,-6.0081960749154715e-05,0.003230955220154854
1991-12-20,-0.0022316712696673507,0.00045829379962662525,0.8795149923493408,0.0037369717144023233,0.0,264.2966003777168,-0.00023035478836062268,0.0037430934817314155
1991-12-21,-0.002165916823061173,0.00045637011864764547,0.8774935907338748,0.0,0.0,268.50838897187833,-0.00013675673280732107,1.717582392757322e-06
1991-12-22,-0.002576778879610159,0.00045446453794921194,0.8594791390801554,0.00013797629182621586,0.0,269.01980853754253,-0.00018427548877431848,0.00014025395533879593
1991-12-23,-0.0028218409772646632,0.0004525624089321848,0.8453224311440677,8.131386870044774e-05,0.0,264.6290448865873,-0.00012962893703899817,8.288133606732884e-05
1991-12-24,-0.003121495499449261,0.0004506650785941862,0.8316452687294021,1.2417634328206382e-06,0.0,264.25489230613925,-0.0001337214052087843,2.956541849879752e-06
1991-12-25,-0.002464301210675536,0.0004487562987764003,0.818821908839454,0.0,0.0,264.9463660317401,-0.0001254621735316212,4.231929437992221e-07
1991-12-26,-0.0024662805394937764,0.0004468839720817609,0.8072279878030838,0.0,0.0,264.04471050054116,-7.4007479989596e-05,8.52346317969932e-07
1991-12-27,-0.00267090467409899,0.00044497014102289236,0.7964384434586865,0.0,0.0,265.70604527288464,-7.272591698641159e-05,8.553265615773853e-07
1991-12-28,-0.002795543795251577,0.00044308451272673537,0.7860659152100989,0.0,0.0,267.33550199950486,-0.00012297603159637776,8.52346317969932e-07
1991-12-29,-0.0024836135365195198,0.0004411922336298194,0.7763612104225519,0.0,0.0,265.0161265824026,-0.00014578063819704757,1.289809745230741e-06
1991-12-30,-0.0026743233961574104,0.000439328157295615,0.7680574406338276,0.0,0.0,262.3178324941862,-0.0001164445190527345,8.514890623700921e-07
1991-12-31,-0.0018222166572586967,0.0004374491798002168,0.7607709234492702,3.1267603238423667e-06,0.0,264.22343576291183,-4.990539897633138e-05,4.044764368520428e-06
1992-01-01,-0.002390324943146464,0.0004355965529457998,0.7540860220986346,0.0,0.0,261.8777551417522,-1.8263509297101516e-05,1.2850588859691925e-06
1992-01-02,-0.0032643431239882427,0.0004337606793743069,0.7475006620762713,0.0,0.0,265.0245163121915,-7.49937505961138e-05,8.583068797918258e-07
1992-01-03,-0.002978063530504367,0.0004319264053624903,0.7404226529396188,0.0,0.0,265.2461753960159,-9.526663307247861e-05,1.2814997489840607e-06
1992-01-04,-0.0024019122797217076,0.0004301152828723024,0.7337784416931499,0.00038829584748058,0.0,266.5725300172853,-0.00019521729252432702,0.0003902777440698808
1992-01-05,-0.0030847834160098926,0.0004282959100216796,0.7289871244556263,3.047813635087956e-06,0.0,265.2577989689599,-0.00010427362206628769,4.763791608217365e-06
1992-01-06,-0.002939494526655661,0.00042649968869268556,0.7219679665430793,0.0,0.0,266.15611529664585,-4.631569240726321e-05,2.1539453882724047e-06
1992-01-07,-0.0015085849300616205,0.0004246571643204339,0.7160235331332392,0.0005311198153738249,0.0,265.01662987818605,-8.335066590942232e-05,0.0005356071411205638
1992-01-08,-0.0023810836975857366,0.0004228691933518749,0.7219516445238936,0.0007012019007556182,0.0,261.62532471622677,-0.00015503576414733282,0.0007040757541023523
1992-01-09,-0.0032184660266348195,0.0004210663212221221,0.7174589512711865,1.7912248096897105e-05,0.0,262.2961078327704,-0.00013989757346568135,1.8342319181409935e-05
1992-01-10,-0.0031201206779075882,0.00041928180193496963,0.7118464755473165,0.0,0.0,266.80701923549964,-2.0798990281961735e-05,0.0
1992-01-11,-0.0035628681465730834,0.00041748718016565184,0.7054064044844632,7.493025754804665e-05,0.0,268.71137874409305,-0.0001287368562935436,7.792017926268442e-05
1992-01-12,-0.00208849615633151,0.0004157125107986106,0.7304747270774482,0.004827265096249553,0.0,262.73424615159547,-0.0003323433973358176,0.004832789399651605
1992-01-13,-0.0012597531332808026,0.00041393944099124547,0.7718749540224812,0.002551106009948052,0.0,259.191419285345,-0.0001523945228023044,0.0025562622116110417
1992-01-14,-0.0008437842299035713,0.00041216889680442166,0.8189338640978108,0.006025255210487183,0.0,259.71247257441,-9.04725685631488e-05,0.006030785972664254
1992-01-15,-0.0027768635901354133,0.00041041485333846787,0.8759117341984464,0.000377593214734126,0.0,254.66344195795153,-0.00019273002984496833,0.0003802018046579918
1992-01-16,-0.0017371238288232836,0.00040866173593337934,0.8731969915989879,0.0031503531976608233,0.0,264.6042086678485,1.3688879119137587e-05,0.0031552050914459445
1992-01-17,-0.0028211969019329487,0.00040691341720731927,0.8946666537929614,0.0005915746892576164,0.0,259.323800171387,-0.00018737183115576623,0.0005943276788450231
1992-01-18,-0.002373976769757136,0.00040518505088353563,0.8855497715836865,1.9798486751351654e-05,0.0,258.46076756278006,-3.336788823375594e-05,2.223211145077698e-05
1992-01-19,-0.004068161681883753,0.0004034517595996965,0.8759917350812148,0.0,0.0,264.0607110291102,-6.839350434178014e-05,1.2934207802572928e-06
1992-01-20,-0.0040178029550670905,0.0004017275184561304,0.8648474741790255,0.0,0.0,268.0302461096123,-2.579446250604371e-05,2.569471291735681e-06
1992-01-21,-0.005338616290334928,0.0004000223036539757,0.8517857208539313,0.0,0.0,270.33129293366346,-0.00014789022589470707,8.642672923997452e-07
1992-01-22,-0.004535364439595217,0.0003983096382712241,0.8388016695356639,3.0581013294263074e-05,0.0,261.8592603902583,-0.00039846798415574654,3.3951445385614824e-05
1992-01-23,-0.0021866412654434897,0.0003966028239093932,0.8474960183468693,0.0029190885439767675,0.0,261.92841954060646,-0.00010106126425293208,0.002923258095046868
1992-01-24,-0.005459111120741247,0.0003949074590273497,0.8741050475959276,0.0022888921916821583,0.0,267.26925822256203,-0.00019519418309637385,0.0022894869247617558
1992-01-25,-0.0059845843641771436,0.0003932304469879065,0.8643566641654897,0.00012239428647493913,0.0,267.32392684663535,-0.0003304116975116191,0.00012526940018510766
1992-01-26,-0.00513057006617724,0.0003915566340678156,0.8502514510504944,2.852322186453868e-05,0.0,266.2531320999347,-0.00028565712273120886,2.9736824628323486e-05
1992-01-27,-0.005098506850374621,0.00038987457078728974,0.8382200539224341,0.0,0.0,264.5420164154973,-0.00021247315288937027,0.0
1992-01-28,-0.004753183720812286,0.00038822390938882774,0.8280146539548022,4.582170207621688e-05,0.0,268.79262252132327,-8.0888317424362e-05,4.581425149561995e-05
1992-01-29,-0.006486679411540598,0.00038655514770981965,0.8161584311734934,8.289802209132135e-06,0.0,269.0742074890999,-0.00030818199054837903,1.1293078375536548e-05
1992-01-30,-0.005848601797206254,0.0003849094112714132,0.8040631252942563,0.0,0.0,268.5745806720971,-0.000182701059022529,1.7225741544280027e-06
1992-01-31,-0.0067258744084902405,0.0003832795020550658,0.7936041593102636,0.0,0.0,271.5256805455842,-0.0002791955277828847,1.2814997489840607e-06
1992-02-01,-0.006821343538451329,0.00038165864297899155,0.7823589777542374,0.0,0.0,271.01015183615823,-0.0003250030863840701,1.7136334804490616e-06
1992-02-02,-0.006945705178093776,0.0003800262081421028,0.7720119670286018,0.0,0.0,270.6526366591229,-0.0003243191956968631,0.0
1992-02-03,-0.006390447417895,0.00037841945044738426,0.7630026722133946,3.5709327897109556e-06,0.0,266.5165661238906,-0.00025471595068604267,4.9973947504009105e-06
1992-02-04,-0.007125854323812797,0.00037681509209218,0.7551239645862761,3.4327392524245095e-08,0.0,264.5685148759975,-0.00030977312096599807,3.8052682822707016e-08
1992-02-05,-0.006567145766174725,0.0003752099339571376,0.7483388322445857,0.0,0.0,268.328875568627,-0.0002674573958761948,0.0
1992-02-06,-0.0072074336352321395,0.00037362712756388607,0.7414985268802967,0.0,0.0,265.52805385481844,-0.00023195959396113113,8.597968985668558e-07
1992-02-07,-0.005929266833989635,0.0003720451209504726,0.7357205320886301,0.0,0.0,264.8073408805718,-0.00013577881779542751,8.623159715170914e-07
1992-02-08,-0.004204116930059122,0.000370462314557221,0.7302869089130181,0.0002449728801088818,0.0,265.5503124122117,-0.00018252543368413624,0.0002456838242394664
1992-02-09,-0.0035551093139890902,0.00036891250960570946,0.7306742695091809,0.0011186423779880935,0.0,265.17265990449437,-0.00014741596171243045,0.001123315735679885
1992-02-10,-0.004687451836416277,0.0003673496556147344,0.7325388877854285,1.697322237963057e-06,0.0,264.41828450779457,-0.00018006319043326513,4.41730770203347e-06
1992-02-11,-0.003251968930333348,0.0003658081010236579,0.7276742364053673,0.00040963946678544173,0.0,266.03696990507024,-6.309798839738814e-05,0.00041128942511720154
1992-02-12,-0.0051501201371015135,0.0003642566965124702,0.7281684947328155,0.00034848505915221524,0.0,266.72344367966593,-0.0001623588956176898,0.00034904926173431053
1992-02-13,-0.005440696821374409,0.0003627284435229113,0.7227174001000471,0.0,0.0,266.5245060534576,-0.00022233503286616277,4.351138045421976e-07
1992-02-14,-0.004419194355522846,0.0003612001905333525,0.7195116175994586,0.0012662388005499113,0.0,266.9762675614007,-0.0002010621572450056,0.0012739846261881167
1992-02-15,-0.006157719819559216,0.0003596934895057463,0.7249578845927496,0.0003431437715972211,0.0,265.8308688485241,-0.00028604693647663477,0.00034399657253825715
1992-02-16,-0.005926448872870645,0.0003581734868766224,0.7196005840983992,5.127746338224681e-06,0.0,265.2661875349429,-0.0002451149778345884,7.706512719123258e-06
1992-02-17,-0.0026486051705597487,0.00035668488612956254,0.7352683431909135,0.005228629262097138,0.0,265.05844916507124,-0.00020911418280359045,0.005249025656825721
1992-02-18,-0.005331582689689378,0.0003551930862631502,0.7717875967366997,0.0005500040906297285,0.0,262.44578196997924,-0.000311593498803128,0.0005556128792047768
1992-02-19,-0.005477315583134775,0.00035370448551609026,0.7661381091101697,1.4835032029340498e-05,0.0,264.3008276513741,-0.00020674546643839048,1.4826436398446685e-05
1992-02-20,-0.005533514218141805,0.0003522307859302241,0.7602633316413607,4.178512904603603e-05,0.0,268.54475232571536,-0.00010296112021147195,4.462613223812337e-05
1992-02-21,-0.007224826026434279,0.0003507703879458756,0.7571897345074153,0.0010348601361452525,0.0,269.7725254856261,-0.000349218972911269,0.0012078723135184866
1992-02-22,-0.007165888187575476,0.00034931318908087956,0.7541699310705038,0.00047091472536157084,0.0,270.12675632325943,-0.00037734711932092065,0.0004761078262497206
1992-02-23,-0.005087731332428712,0.0003478594418972899,0.7719908173699389,0.004300120544467269,0.0,266.71139587071883,-0.0005525040392905979,0.0043427283312641295
1992-02-24,-0.004297159149148371,0.00034640064347261765,0.7788485941913843,0.0005867911429054994,0.0,264.10221851657786,-0.00022771492032176358,0.0005882197852162718
1992-02-25,-0.005317602453932251,0.0003449500954083804,0.793015647069209,0.002370039664082608,0.0,266.8114211842165,-0.00017112267261507822,0.0023776656489692843
1992-02-26,-0.007404113640892978,0.00034352109930609585,0.7919714976165255,2.4472000235218115e-06,0.0,268.61716667721277,-0.00020987241618377342,4.163468533962943e-06
1992-02-27,-0.010449017087618511,0.0003420921032038113,0.7825943826506592,2.723465026435206e-05,0.0,271.0878100062943,-0.00039974891575379567,2.893286905213255e-05
1992-02-28,-0.01120590498555178,0.00034067800826272055,0.7724122013300377,0.0,0.0,272.1016495555583,-0.0004515700715746583,3.4367658372502774e-06
1992-02-29,-0.012108683291464877,0.0003392506117201121,0.7628635902189266,0.0,0.0,271.74345654417573,-0.0005035437433059607,3.433587494328094e-06
1992-03-01,-0.011654318262964992,0.00033786126786032643,0.7539326870733287,0.0,0.0,271.8815631183976,-0.00046979311832600403,1.727875599044637e-06
1992-03-02,-0.01127551820150203,0.00033646872488118836,0.7445666067119822,0.0,0.0,271.2820146205062,-0.0004523587597292022,8.396806379096233e-07
1992-03-03,-0.01192745158059449,0.00033508098058107887,0.7351671926494822,0.0,0.0,271.58773044004283,-0.0004675943551763976,0.00018605143673675883
1992-03-04,-0.010574937035134957,0.000333698287522052,0.72489604482992,2.60770320892334e-08,0.0,271.40856683590994,-0.000525232920117971,3.114739730293323e-05
1992-03-05,-0.005516738036258073,0.00033235044802649543,0.7594913691001648,0.010567142528160817,0.0,271.37963548577665,-0.0004853577074189644,0.010995086446198163
1992-03-06,-0.004330463917915431,0.00033095605292562713,0.8028941468779426,0.00451894049758965,0.0,270.61646747768714,-0.00041473218066207434,0.004700174474481823
1992-03-07,-0.008782435103324847,0.000329611412549423,0.8171122348016715,0.0006673551127735505,0.0,270.04957136595993,-0.0004206878464605849,0.0007870380992893547
1992-03-08,-0.003770675362840211,0.000328251871012025,0.8472086588541667,0.010445197802142236,0.0,268.26356054834054,-0.0004274984769060114,0.010592582535609015
1992-03-09,-0.004903235341196007,0.00032690217939473817,0.9009092514124295,0.001115994222756833,0.0,264.505888268997,-0.00045295966799649824,0.0011241554636824932
1992-03-10,-0.005417592023725565,0.00032556578937896903,0.8929693936852636,0.0005519244883020045,0.0,264.5895818900703,-0.00019967335007958496,0.0005556858354748843
1992-03-11,-0.008298005382556699,0.00032423099892287606,0.8873226647098635,7.43112490002045e-05,0.0,267.32895885618393,-0.0002445262662098233,7.808464384892546e-05
1992-03-12,-0.009695016900024845,0.0003229244112294946,0.8783945202153955,0.00031302595711023794,0.0,270.02052921719024,-0.000305835399671463,0.0003296003334485069
1992-03-13,-0.009766768516793763,0.00032158137041296667,0.86674450660605,8.535881837209066e-06,0.0,270.67909995400527,-0.00032149265799145244,9.39453379916587e-06
1992-03-14,-0.010384881732154029,0.0003203343873643606,0.8554977158368645,1.1576476406916387e-05,0.0,269.7983475665364,-0.0003830466556262836,0.0008476818517103034
1992-03-15,-0.011829051467995186,0.00031895489342468605,0.8469061267802497,0.0,0.0,270.72874179488076,-0.0004962030377260037,2.1641318305117722e-05
1992-03-16,-0.010691932660374938,0.00031769140965521003,0.836804636005179,0.00017800116858913403,0.0,271.4204848194302,-0.0004978914781983963,0.0008676641404397069
1992-03-17,-0.009950239021899336,0.00031636326999987587,0.8326048195474341,0.0008116205996375974,0.0,270.7967167654954,-0.000530425006639486,0.0011139350590683075
1992-03-18,-0.003719816478969014,0.00031505988142584683,0.8496914448711159,0.008492343822273159,0.0,268.6800439299388,-0.00041241925946399995,0.008553780505884765
1992-03-19,-0.007148912902605736,0.00031376819489365923,0.9170691998440443,0.0047367930117636755,0.0,266.5581560188768,-0.0005355992927978942,0.004751373190085854
1992-03-20,-0.008538558237296713,0.00031246320675995396,0.931111193870645,0.002532102672730462,0.0,265.9834247847735,-0.0004533866399341384,0.0025967839731128035
1992-03-21,-0.007003494364730383,0.00031123272443221787,0.9764900854078391,0.005267379184563954,0.0,264.3030379523441,-0.0005436554119664397,0.005275263767886614
1992-03-22,-0.010991040511993365,0.00030995088782014154,0.9771071037105696,0.00018900582345865541,0.0,263.2322203497878,-0.00038653630552823936,0.00019040881705249978
1992-03-23,-0.013030694660830632,0.0003086757020088239,0.9660587059351461,0.0,0.0,266.94220482203025,-0.00038887096810980704,2.5704557629069313e-06
1992-03-24,-0.00792638974337928,0.00030741701691837636,0.9599273739112525,0.002754406908811149,0.0,267.9618276822365,-0.0003304509340790706,0.0028340911123362505
1992-03-25,-0.010384486725101364,0.00030615168102716994,0.9778746983874765,0.0026155149111639986,0.0,267.2909060871534,-0.0004072324504370743,0.0026400038245926335
1992-03-26,-0.014576503365053298,0.0003049012462971574,0.9725413062029191,8.310434424271018e-05,0.0,268.7822863404585,-0.0004661105267998189,8.734522047771312e-05
1992-03-27,-0.013225274528824004,0.0003036606614872561,0.9581314920256592,2.880726998808694e-05,0.0,270.80624009615514,-0.0005328621199659709,0.00022810061367241712
1992-03-28,-0.008167290670723566,0.0003024235283587612,0.9458674486523071,0.0028986857393703894,0.0,270.0672336190434,-0.000355199668661686,0.003115499861491343
1992-03-29,-0.00978080305339253,0.0003011746931884249,0.9640602930790961,0.002899840768784453,0.0,270.1036851814687,-0.0005145483718669347,0.003238053560930457
1992-03-30,-0.01135544546243161,0.00029995566034047617,0.9615432538106169,0.0013739125287465458,0.0,270.1092627968941,-0.00043419113982531984,0.001981432020225148
1992-03-31,-0.010883278281843597,0.00029867702284775213,0.96330212379355,0.0009597445401431479,0.0,268.5889445805954,-0.0006571268599669814,0.0010766259021004717
1992-04-01,-0.011868860677810714,0.0002974827410811085,0.9518794690148308,0.0012355246449594444,0.0,268.2589723044646,-0.0005545146331864562,0.0015539689251696052
1992-04-02,-0.014350986539644036,0.00029628845931446485,0.9481672441443032,0.00015963020466141785,0.0,271.4234351860377,-0.000598062408593415,0.0009861230681845025
1992-04-03,-0.0168404857401794,0.00029503802458445233,0.9311102743202685,0.0,0.0,273.7453758469634,-0.0006633132254168139,8.554247870051768e-07
1992-04-04,-0.021374614940861524,0.0002997808032116648,0.9052440118879473,0.0,0.00045133034809161044,274.9580387539334,-0.0010403778382950585,0.00011226460960906068
1992-04-05,-0.014993084057912989,0.00029410480779443085,0.8795034979696328,0.0006171168580567096,0.00011576492192044771,273.88411275860057,-0.0011534339059039024,0.0013507352372671114
1992-04-06,-0.0127063349394475,0.0002914402781233276,0.8693571791137007,0.000863568804695108,0.0,268.77414632966065,-0.0014262761089340443,0.0010253580781699576
1992-04-07,-0.01185670701292275,0.000290254246717119,0.8710516805702684,0.0007312259305331666,0.0,266.0693941924532,-0.0008900866996349588,0.0007546697946864919
1992-04-08,-0.009890257007321396,0.0002890599649504753,0.8801251140242469,0.0035022788465359795,0.0,268.5963629419072,-0.00048106915112269133,0.003663213744675373
1992-04-09,-0.013794222794010142,0.00028799819407490017,0.9010738509298494,0.0011440570029498493,0.0,271.14681313581167,-0.0005362483509684686,0.002514156377257503
1992-04-10,-0.013203220641882408,0.0002868220125888028,0.8983032456450095,0.005501240007789795,0.0,273.3017478123897,-0.0009051309530176012,0.006858748685739862
1992-04-11,-0.008434939224504482,0.0002855912776990126,0.9336066237052731,0.004793852378251189,0.0,271.1090471443708,-0.0008219603585910664,0.005200622445389107
1992-04-12,-0.013373347367607268,0.00029291237814951755,0.9614869313500471,0.003454467018613708,0.0006677006597572801,273.9074994282983,-0.00037015669868659167,0.0038664795264755653
1992-04-13,-0.021405470278640256,0.00033578790177059715,0.9301286542931968,0.0,0.003986502939698387,276.92938983148554,-0.0009285731314770919,1.2814997489840607e-06
1992-04-14,-0.016855452609600998,0.00031807909240830424,0.8909854637476461,0.0,0.002410565771288791,275.83096168000816,-0.0006999129240038032,0.0002849996931808817
1992-04-15,-0.008887132008870443,0.0004160479973938506,0.8739358503266245,0.0034120698685699944,0.003331443284359356,273.93436001563924,-0.0004794270136935563,0.008447856182364233
1992-04-16,-0.006854960768573028,0.0004090602788548012,0.8785593496204095,0.002364525329426857,0.0059772590754059085,274.43213071661484,-0.000161303838683387,0.005574998124844611
1992-04-17,-0.010255091944656803,0.0004671758177590236,0.8553940365318974,0.0018769817500464663,0.0023648650253896663,274.11919337701886,-0.0005336861615463839,0.00747336497751333
1992-04-18,-0.0072926188171920136,0.00029666023065814864,0.8768659976018126,0.015181873351503901,0.00019690712208801745,269.14229086608316,-0.0012619166271918912,0.016195424111549464
1992-04-19,-0.007577729427208335,0.0002768597865508775,0.9872573306556026,0.010818785424791488,0.0,268.8393217614815,-0.0005240380595632867,0.011028236655774737
1992-04-20,-0.010025315155080483,0.0002759555302097299,1.0442620976047552,0.004076492188677276,0.0,268.9229934318816,-0.0005108974979253812,0.00409895160933214
1992-04-21,-0.013151624781937252,0.00027511247807303395,1.0374360452713043,7.031748523819918e-08,0.0,270.6038927304543,-0.0003910926354806975,0.00010473160756685978
1992-04-22,-0.009051843425311611,0.00027440458872897476,1.0257405139183147,0.003211135560341474,0.0,272.4953871653354,-0.00036399247977188085,0.0047763898715111365
1992-04-23,-0.00889489197798368,0.00027349953260798914,1.0685745497881356,0.009057733235554508,0.0,270.54031964390066,-0.0007760543744527015,0.009439557100886512
1992-04-24,-0.015523456163325552,0.000272663131272052,1.0878814294962338,0.0008083983077167792,0.0,267.3320300574581,-0.0010562690690496548,0.0008157962297452344
1992-04-25,-0.01687471766424718,0.0002718863345808902,1.0746799045138888,0.0,0.0,269.18752811453436,-0.0004819564647593741,8.653601639707631e-07
1992-04-26,-0.018331877508405914,0.0002711443914531988,1.060609404425612,0.0,0.0,273.6213672587652,-0.0004967049311446606,0.0
1992-04-27,-0.022048918288306327,0.00033712319735079835,1.029401703742938,0.0,0.003822127809632296,277.40513870900185,-0.000763277060189153,6.288761472971427e-05
1992-04-28,-0.020968311755670665,0.0004013352474923862,0.981660947063324,0.0,0.007421845265027495,277.5844139415217,-0.0007177351495135301,0.0005258245993468721
1992-04-29,-0.024118580471324386,0.0006620548034118394,0.937194709274953,0.0,0.008077072095399523,277.65558247826647,-0.0009666936850901379,4.351138045421976e-07
1992-04-30,-0.02587910455330617,0.0009303838014602661,0.8854378163253296,0.0,0.0121012141054633,279.98628339749496,-0.0011781943898837445,0.00010518249818834208
1992-05-01,-0.013877953976224374,0.00033742627181575804,0.8499820227901366,0.0038000335127620377,0.0024669342963708997,275.19214889109696,-0.0009574382434372849,0.0050138586489144555
1992-05-02,-0.02159820686457521,0.0002700832098890833,0.8541602298140302,6.487435203487592e-06,4.2866536621320045e-05,273.1288061519128,-0.0012919653764804878,5.0587410527695885e-05
1992-05-03,-0.022576001320181595,0.00029604625230455133,0.8333271263682911,0.0,0.0011752641807168218,275.34772646629204,-0.0009816927193416715,4.351138045421976e-07
1992-05-04,-0.020876669993171584,0.00040418086415630285,0.8053980825535547,0.0,0.004407997753492184,275.8332070172843,-0.0007177638310918029,0.00012650281017950016
1992-05-05,-0.02163121091612315,0.0009115521012052979,0.7689792898864173,0.0,0.008489010276767494,277.53260267656407,-0.0006678826149321546,1.4596992293320134e-05
1992-05-06,-0.02249308936508362,0.0014281467360965278,0.7263937625058852,0.0,0.012579401376220468,278.25111692683623,-0.0006206178785128108,0.0001567647450046754
1992-05-07,-0.02297655770839271,0.002031837647917581,0.6766589608345104,0.0,0.014482340023005752,279.8510422428225,-0.0005823642352206559,0.000992681633178851
1992-05-08,-0.022522341523130065,0.002098382782127898,0.6288271686676082,0.0,0.013953481795592498,279.03375994508104,-0.0004949969171130725,0.00033015325917893886
1992-05-09,-0.006207479553370827,0.0012304509258539663,0.5949488638035547,0.006515025797873568,0.005692992233118768,275.63416810044686,-0.0002053904920648047,0.010990856860531428
1992-05-10,-0.015193239401626051,0.00041609640512089275,0.6511189088983051,0.004797509350514009,0.001636874583144646,273.46336413597214,-0.0009313442055030732,0.00540413361942051
1992-05-11,-0.022216821626081306,0.0004986527949403235,0.6356773591984464,0.0,0.0028027445498832876,275.5586217100787,-0.0011787780450057176,0.0008697205191457231
1992-05-12,-0.01428296677978699,0.0004309000773618451,0.6277333634945856,0.002501902059983399,0.00023097462825855968,273.0320705765834,-0.0010060411430684861,0.002940384694449962
1992-05-13,-0.01709693497688757,0.0005150297604038218,0.6264784071180557,0.00035442047789271947,0.002331813450081874,274.7108606385197,-0.0008580970688391542,0.0004629546769161284
1992-05-14,-0.018947366014712277,0.0007806622375876217,0.6069085360022364,0.0,0.0042890807834722235,275.88248917387483,-0.0008241831730146194,0.0018903436297077248
1992-05-15,-0.019910246428460055,0.001155566781927637,0.5794482329919963,0.0,0.007084668293006004,277.049287537397,-0.0008306512240804522,0.0015543412037907032
1992-05-16,-0.013254555689412997,0.0006916682093830432,0.5600252600488466,0.0031660249677755064,0.003545836834921002,274.92812945838256,-0.0006447539659543227,0.005218688318491833
1992-05-17,-0.02493952080018103,0.0014261924109216465,0.5559557898569915,0.0,0.006613209212230424,276.6476888028017,-0.0010527718370243655,2.1519852566598274e-06
1992-05-18,-0.027757616408463925,0.0021943592250683887,0.5197701032103343,0.0,0.013483192834813716,280.0267488978902,-0.0009974151176247894,3.96655609328969e-05
1992-05-19,-0.02878019866128426,0.0027326868247177644,0.4743316707862524,0.0,0.014817499908181908,281.13241687422646,-0.0010134439789137599,2.584176201475521e-05
1992-05-20,-0.02690506507616259,0.004363962401778012,0.42292052877824865,0.0,0.020690224959520297,281.4436094244546,-0.0007463947496255913,8.554258449350662e-06
1992-05-21,-0.005404808426980919,0.008640333252438044,0.3730691740966337,0.0,0.015212361148353353,278.61392535552693,0.000163275985268213,0.014535234388658554
1992-05-22,-0.004700369964548423,0.00265563485649346,0.3626104380002355,0.0034108198547767384,0.005984702942061559,275.04272511584617,-0.0003592753309314534,0.0058658271521822075
1992-05-23,-0.014598209179390623,0.003862643225044854,0.3489454596280603,0.0,0.011958060986073004,277.4495598852298,-0.0005114759965720824,0.0011333904023897853
1992-05-24,-0.011453419797501323,0.008004857658666407,0.31307586842337576,0.0,0.011166769695484033,278.58843977617454,-0.0005770491878107442,0.007579546139636337
1992-05-25,-0.013398662630447561,0.003960996024352683,0.29066987405838046,0.0006507452850961417,0.004524634340725376,275.74129934723993,-0.0012946167834481952,0.00380560531881448
1992-05-26,-0.017811270041317592,0.004727705892196484,0.2763094857138654,0.0,0.006013926792111101,277.33859555734756,-0.0012398548476861024,0.002559559246140126
1992-05-27,-0.004971979954148416,0.008147278495427578,0.2547816619585688,8.919018473328844e-07,0.007090737843244091,277.0132360548174,-0.0010831547943128033,0.010686764471096316
1992-05-28,-0.006106436294687671,0.008443968444220766,0.251010585863936,0.002875730395317078,0.0066711926822271735,276.1800778563189,-0.0012732420306084521,0.01585425800799719
1992-05-29,-0.018468564723507833,0.006294791223639149,0.24085622094220813,9.841438235536135e-06,0.004752679164968642,276.6144802502994,-0.001520419614336922,0.0024168706726960397
1992-05-30,-0.006416280306665237,0.00801182736111226,0.22511857602106874,0.0002277770663722087,0.004829148893470818,276.9778337029639,-0.0012518119719405632,0.009349128233408579
1992-05-31,-0.006069794549780378,0.008403545719082074,0.23277682144538608,0.0048198730258618375,0.005876321282427191,275.61576524292684,-0.0012914450618170075,0.015758719114249118
1992-06-01,-0.0164644867181778,0.007550185514708697,0.22895838850635594,0.00016031631052830798,0.0033243498265069756,275.82834439178873,-0.0011895427922323598,0.0008681160750312421
1992-06-02,-0.022569966434085438,0.007869315854573655,0.21007726062264598,0.0,0.006948388797246804,279.93091470463355,-0.001200727476491093,0.00028350984645604755
1992-06-03,-0.015394295676279878,0.009955097642322046,0.18667953117643596,3.114412144079047e-05,0.006247528739231455,279.2932645722298,-0.0013366205312606307,0.009257057687863777
1992-06-04,-0.022017391766868746,0.008339246871781215,0.17449617834863468,0.0,0.00215643095010418,276.8830952653328,-0.0014998359226826897,0.0007547736503633939
1992-06-05,-0.009698601807914885,0.008720425731044704,0.18237580552612995,0.0048668519251764165,0.003410526209295133,275.8338883646015,-0.0015512020879630316,0.01251468660307677
1992-06-06,-0.011904476515654116,0.008039032587897307,0.1907876224841102,0.0008036086367348493,0.002668157661870375,274.9283392092603,-0.0014403067676529374,0.004899371720864115
1992-06-07,-0.0169447354004208,0.00843191567787343,0.1776044885092985,0.0,0.005221836837166447,277.9604854583741,-0.0012188819263361942,0.002004458022543205
1992-06-08,-0.01965544873711753,0.00917522112528483,0.1583355402542373,0.0,0.006399400427011447,279.17626152828814,-0.001294113322040119,0.0036788569204246817
1992-06-09,-0.022524702894148856,0.010016323903859673,0.1383116411399482,0.0,0.007689283118914751,281.0687840743703,-0.0013819966086391678,0.0031837015333822222
1992-06-10,-0.026005314315779734,0.009635134016053154,0.11624404131355935,0.0,0.008104692744669942,282.4489265664598,-0.0015206891454040666,0.0014020012091327386
1992-06-11,-0.02389472937684948,0.011765129906309528,0.09384563323917139,0.0,0.00903645900767402,283.15906560937344,-0.001520829527812489,0.0016501778423365216
1992-06-12,-0.016524032389713547,0.019326292946513765,0.06942536377412901,0.0,0.009821682579099796,282.64476347239,-0.0014657634915520917,0.012609982203839716
1992-06-13,-0.022068342835889702,0.01424486598389297,0.04721730262770715,0.0,0.007202804783138178,282.1131287806452,-0.0022013246865764174,0.0053377523091203615
1992-06-14,-0.018686362200200896,0.012423961765348575,0.03401623742055085,0.0,0.004196351804470612,280.44482297592026,-0.0019303976826496045,0.009152595353665324
1992-06-15,-0.006959336204717389,0.01117457095849312,0.023212669932909605,1.6016811974304546e-05,0.0041784909737985695,279.10192773032327,-0.0028939124480900124,0.012646661488348409
1992-06-16,-0.014248049276023264,0.010268172975313867,0.01855192884887006,0.00032493307933969016,0.001581048161464896,276.79761323731276,-0.002778768834084441,0.005828839506801653
1992-06-17,-0.010176813029973522,0.010427188822778604,0.030600797434086637,0.004200903583044387,0.00464488033436786,277.57912996080194,-0.002615115889427016,0.021107981770611888
1992-06-18,-0.021152878969402638,0.008065100275190537,0.019742976474223167,0.0,0.0028429468725360723,280.1406574500707,-0.001980891682754802,0.0006163356330085472
1992-06-19,-0.017966355981126343,0.008308317028196519,0.009851373072622412,0.0,0.0018391726212312947,281.3473348168555,-0.0018561814075051732,0.004771180274020534
1992-06-20,-0.017524476568240903,0.0076706607294621445,0.0046880977077448215,0.0,0.0009179758276306304,281.95123507612846,-0.0023379401740549646,0.006126892320339749
1992-06-21,-0.02200016131003698,0.006513510467642445,0.0020501375647363463,0.0,0.00048462514065753274,283.08969634176424,-0.002415133919040699,0.00170191962503444
1992-06-22,-0.02051217934000964,0.006168478542128526,0.0008561014006591339,0.0,0.0002413387226182862,283.50268270560804,-0.002819380033656029,0.005054276120864739
1992-06-23,-0.023590261863786627,0.007159377811318738,0.00042805070032956693,0.0,9.254806038350036e-05,284.75361399461997,-0.0029651969145078443,0.005887578251352643
1992-06-24,-0.024734668980884014,0.006236691427769635,-7.3453647229951e-24,0.0,3.357827242484874e-05,285.63754638125897,-0.002425371116753352,0.006067510328004913
1992-06-25,-0.011228437898522717,0.005994711386955392,-7.3453647229951e-24,0.0,1.220352484681512e-05,282.7873887351228,-0.0028898658830735645,0.014462455383082893
1992-06-26,-0.015212607922527079,0.0071623921394348145,-7.3453647229951e-24,0.0,4.213134952857669e-06,282.49691257728244,-0.002678146827860741,0.013463743258325809
1992-06-27,-0.023000658694970408,0.004737646229523051,-7.3453647229951e-24,0.0,1.7606521730369094e-06,283.3624999267234,-0.0026700707405047904,0.0016873616956721593
1992-06-28,-0.01475110788971691,0.006490633901903186,-7.3453647229951e-24,0.0,7.813217612983144e-07,283.224735723377,-0.0030789964564018335,0.015240573950406523
1992-06-29,-0.02350685328750287,0.0049882675126447515,-7.3453647229951e-24,0.0,3.320770075092208e-07,284.50878231314397,-0.002715977256075811,0.005292411005406891
1992-06-30,-0.01565559688261,0.006477921696032509,-7.3453647229951e-24,0.0,1.010669153288933e-07,282.56596943124316,-0.003468324330314405,0.018055733951696795
1992-07-01,-0.01640602255945152,0.004406194734034565,-7.3453647229951e-24,0.0,2.8876261522540942e-08,279.08871356511526,-0.0021305075125758258,0.003623601726858872
1992-07-02,-0.005777863417304842,0.004583992190280203,0.0010979431497175143,0.0002722021844764214,0.00011724803996624921,276.71514502846816,-0.003656436773385369,0.015960485997817613
1992-07-03,-0.018103266503177794,0.004497224412395456,0.0009402402601224107,0.0,8.950140432449384e-05,278.7510194616803,-0.003098724283656832,0.004586127349885844
1992-07-04,-0.02605756919431148,0.004161607579322858,-7.3453647229951e-24,0.0,4.4716722042547114e-05,282.8448946426593,-0.0024069918077544304,0.0002865928546183527
1992-07-05,-0.028427404198942886,0.00412957639680744,-7.3453647229951e-24,0.0,1.833419510200199e-05,284.9688079352657,-0.0029866103935292216,0.0013331764330284004
1992-07-06,-0.034011435794965024,0.0040519990995105375,-7.3453647229951e-24,0.0,4.231950825890579e-06,286.0458731247207,-0.0028169709284090057,0.0001702672679869332
1992-07-07,-0.03130033894278909,0.003989843830550458,-7.3453647229951e-24,0.0,1.038703541297697e-06,284.0281286329424,-0.002788342551280887,0.0010980165610879155
1992-07-08,-0.031599913402802535,0.003898765576087823,-7.3453647229951e-24,0.0,2.7442971865336107e-07,282.0314662523862,-0.00253737763117599,0.00016512944873443432
1992-07-09,-0.02364344410808747,0.0038402635330534256,-7.3453647229951e-24,0.0,1.2148234803797836e-07,280.59868426780923,-0.0024311346722777284,0.002581846074195905
1992-07-10,-0.021535991570033598,0.003744806778632988,-7.3453647229951e-24,0.0,5.535318353081828e-08,279.6377981117666,-0.0024218492020489806,0.002302098274128639
1992-07-11,-0.022282620439421662,0.0036217458335693277,-7.3453647229951e-24,0.0,2.8076481684453077e-08,281.8011935605842,-0.002011393191619108,0.00018769413402314916
1992-07-12,-0.006128891923670041,0.003789643194042357,-7.3453647229951e-24,0.0,1.0312950543764621e-08,280.0212063151789,-0.002465310396026757,0.016572425337150472
1992-07-13,-0.019927745485036386,0.0034587470825109107,-7.3453647229951e-24,0.0,2.062590108752924e-09,280.3048048181049,-0.0027929417852122903,0.0020346097190195203
1992-07-14,-0.02928671337622034,0.0033468939995361592,-7.3453647229951e-24,0.0,0.0,283.6911519907289,-0.002683506983905862,0.0009634307187379536
1992-07-15,-0.019867219746449574,0.003708868461140132,-7.3453647229951e-24,0.0,0.0,281.82856974628686,-0.0030785028396521585,0.010568780896479802
1992-07-16,-0.02540555145949294,0.0032036567138413255,-7.3453647229951e-24,0.0,0.0,279.8370731842271,-0.0027848380633582505,0.0030842651080600822
1992-07-17,-0.02662004084236878,0.0030899077317135485,-7.3453647229951e-24,0.0,0.0,280.7058378460268,-0.0023771562681949073,0.00036010095628641423
1992-07-18,-0.027826614509531333,0.0030110379060109458,-7.3453647229951e-24,0.0,0.0,283.9711707271425,-0.002600757689294169,0.00016127427418529314
1992-07-19,-0.01642752354596294,0.003239213662632441,-7.3453647229951e-24,0.0,0.0,283.24644169564976,-0.002648143413460861,0.008425475850617146
1992-07-20,-0.006923657142173099,0.004257925486160537,-7.3453647229951e-24,0.0,0.0,281.16674753681195,-0.0031200158172997377,0.0185691429409472
1992-07-21,-0.010835340551737339,0.004197646332325909,-7.3453647229951e-24,0.0,0.0,281.5633845499905,-0.0032184685206851043,0.01668806291568927
1992-07-22,-0.018220860447924016,0.00368073279574766,-7.3453647229951e-24,0.0,0.0,281.2565310814062,-0.0026149678091376516,0.004999139416586936
1992-07-23,-0.027506949622078808,0.0027591785636998847,-7.3453647229951e-24,0.0,0.0,285.2450235909212,-0.002709561527448859,0.0009298803722624971
1992-07-24,-0.028519756544781272,0.002722361835382753,-7.3453647229951e-24,0.0,0.0,285.0226436406655,-0.0026108422711239028,0.0008127716746984421
1992-07-25,-0.022521518381301966,0.0026870672143785297,-7.3453647229951e-24,0.0,0.0,283.03496049352964,-0.00211650588270803,0.0007902788239334128
1992-07-26,-0.027274242228707352,0.002645150753064344,-7.3453647229951e-24,0.0,0.0,284.1295144822863,-0.0024977399530888953,0.00017940930727511478
1992-07-27,-0.03244544220509502,0.00260480177604546,-7.3453647229951e-24,0.0,0.0,285.64798200646817,-0.002674628343790938,0.00010098700317682882
1992-07-28,-0.031123008052844785,0.002585707579628896,-7.3453647229951e-24,0.0,0.0,285.5311792520929,-0.0025689647938151147,0.0017973846400612579
1992-07-29,-0.026870766601993543,0.0025745818843949313,-7.3453647229951e-24,0.0,0.0,283.8830871941231,-0.0031184246763587002,0.0044237007528998866
1992-07-30,-0.022580993209181537,0.002513236497755105,-7.3453647229951e-24,0.0,0.0,281.49704971600835,-0.0026114855151055227,0.00251675046113332
1992-07-31,-0.02859666956178213,0.002445451873170454,-7.3453647229951e-24,0.0,0.0,283.8808350823469,-0.0024847543487946195,0.000772096359717536
1992-08-01,-0.026875226637401155,0.0024804016627834346,-7.3453647229951e-24,0.0,0.0,285.1037929843824,-0.002564756010295981,0.005656812595793075
1992-08-02,-0.026200961426826524,0.0023872747933123746,-7.3453647229951e-24,0.0,0.0,285.1717038881981,-0.0026204082167754746,0.002765483943642331
1992-08-03,-0.020008992172230438,0.0024230960061994654,-7.3453647229951e-24,0.0,0.0,284.3176153761295,-0.0032708199831557147,0.008421467269881298
1992-08-04,-0.02343811751422236,0.002282387119228557,-7.3453647229951e-24,0.0,0.0,285.02969529175266,-0.002849575237365766,0.0013367432994681428
1992-08-05,-0.03180021565344374,0.0022269199460239735,-7.3453647229951e-24,0.0,0.0,286.17068115061966,-0.0026979086878525338,5.892947903207462e-05
1992-08-06,-0.033464291843317326,0.0021857051020961697,-7.3453647229951e-24,0.0,0.0,286.5466676306141,-0.0025596592712116106,0.00014547801618225822
1992-08-07,-0.033599436241017896,0.0021437760968666297,-7.3453647229951e-24,0.0,0.0,286.6930808158918,-0.0028262085802221704,7.284405150478509e-05
1992-08-08,-0.0355410728666742,0.0021129174757811985,-7.3453647229951e-24,0.0,0.0,288.4033145006543,-0.0029312143902068084,0.0010476813140780777
1992-08-09,-0.03338837598339986,0.002061119608286411,-7.3453647229951e-24,0.0,0.0,287.74666420169694,-0.002657847652622199,8.523463748133508e-07
1992-08-10,-0.026673486593079436,0.002024717923611571,-7.3453647229951e-24,0.0,0.0,286.8654061872407,-0.002414872885634334,0.0004856969002600308
1992-08-11,-0.027457986553173285,0.001987942447096615,-7.3453647229951e-24,0.0,0.0,284.7409271053451,-0.0023878682720459114,0.000779290067947517
1992-08-12,-0.028511400402939254,0.0019428535538204648,-7.3453647229951e-24,0.0,0.0,283.1276236855602,-0.0022286855810358702,2.720522678504556e-05
1992-08-13,-0.031916640951471814,0.0019040287887982731,-7.3453647229951e-24,0.0,0.0,284.4839255158735,-0.0021870097008633753,8.523463748133508e-07
1992-08-14,-0.03360614281589702,0.0018697700931527522,-7.3453647229951e-24,0.0,0.0,286.45390703808346,-0.0023881218390865515,0.000534316947177088
1992-08-15,-0.031253940304793885,0.0018342910176616606,-7.3453647229951e-24,0.0,0.0,287.3436147327028,-0.002246667741466377,0.0008082966351544124
1992-08-16,-0.015327297824587525,0.002001429850098777,-7.3453647229951e-24,0.0,0.0,284.79795542858864,-0.0031238300620583495,0.015085193430534246
1992-08-17,-0.021157138849382348,0.0017922802665139323,-7.3453647229951e-24,0.0,0.0,283.58715673399956,-0.002712275064681883,0.0031390606178352495
1992-08-18,-0.02259262710136209,0.0017749544254130566,-7.3453647229951e-24,0.0,0.0,283.8648673989679,-0.0022844291255298983,0.003901318555699361
1992-08-19,-0.030032763836410764,0.0016942537773800437,-7.3453647229951e-24,0.0,0.0,285.0089899160094,-0.0022726450904698697,0.0003384195141873118
1992-08-20,-0.027940346106971055,0.0016886825952152748,-7.3453647229951e-24,0.0,0.0,286.2877044426295,-0.002286156176426317,0.002666390379943417
1992-08-21,-0.025829991925570926,0.0016572230448157102,-7.3453647229951e-24,0.0,0.0,285.39676819997095,-0.00295469971994559,0.0027855028764094446
1992-08-22,-0.027129491759558855,0.0016195999700470835,-7.3453647229951e-24,0.0,0.0,286.13727459305875,-0.002401024445175788,0.002457441005140283
1992-08-23,-0.006689396197512998,0.002329211618940709,4.0690104166666664e-05,0.00013937468582627462,0.0,280.51812849026845,-0.0031773883239024107,0.026433336178930577
1992-08-24,-0.006923502532102295,0.001594843921688317,0.01240519435616761,0.0030285271126671703,0.0007299440518274146,275.72365223440977,-0.002014952180328342,0.006404861386886424
1992-08-25,-0.0075370962336912,0.0015866700875557076,0.029051125161840868,0.004417460559114898,0.0011665770983965386,274.35440005645466,-0.001602321584303837,0.00804602331641389
1992-08-26,-0.017702933927040317,0.0015231383554006029,0.041403445371351225,0.0010283594835275986,0.0010644499486112326,274.7230258984755,-0.001769394976860386,0.0011445472603176991
1992-08-27,-0.024121037226612286,0.0015170485791513475,0.03207644590101224,0.0,0.0018690398099732268,278.1378847973495,-0.0019224080188715528,-1.2442797014955431e-08
1992-08-28,-0.028397634246591797,0.001491709280822237,0.018438134489759887,0.0,0.0015681615614958403,282.34831647998647,-0.0021110729519593515,0.0
1992-08-29,-0.0239612087186447,0.0014528074843735345,0.009368149349693974,0.0,0.0004772592209658381,280.1164582749994,-0.0018448102272163004,3.5623978755309074e-05
1992-08-30,-0.02366398927350502,0.0014362670270736608,0.006428116907956687,0.0,0.0004703542796400307,279.2033025378786,-0.001814413373753176,0.00020793605648735804
1992-08-31,-0.01755974892169069,0.0014763557809894367,0.0031552072298728813,0.0,0.0003144426092421268,280.87802372948596,-0.0016832970251134563,0.004488484283522751
1992-09-01,-0.014810791670602596,0.0014404793411998426,0.001696800332509416,0.0,0.00017540289436356496,280.40558599123625,-0.0024231524853888207,0.0037967660333372106
1992-09-02,-0.022634946314965265,0.00140783746363753,0.0005406956214689266,0.0,5.7524564744388996e-05,280.8478758860443,-0.0020860900081652034,0.002093079669322412
1992-09-03,-0.0263379941468185,0.001360884325652473,4.5057968455743875e-05,0.0,2.4502160353849167e-05,282.9329268101694,-0.0020128071076620773,1.701109822354065e-05
1992-09-04,-0.020914239145941656,0.002066051219142763,-7.3453647229951e-24,0.0,1.2153706981637384e-05,282.43948460523245,-0.002475052829937073,0.011489631850167182
1992-09-05,-0.015757609390269565,0.0013984128580255026,-7.3453647229951e-24,0.0,3.6014296577475166e-06,278.0607839681334,-0.002198887073387534,0.00449142021647457
1992-09-06,-0.014114040902442178,0.0014124125410607982,0.0005921904425612054,0.0001445839676143086,4.7837968094874233e-05,277.5543819003635,-0.0025030346955619964,0.006918265523107765
1992-09-07,-0.017901692518406672,0.0013140278347467972,0.00935113766772599,0.0022046482874512,6.885557188152594e-06,274.021671298758,-0.001797035831095135,0.0030565088347425497
1992-09-08,-0.0228651914387773,0.001301045387478198,0.013694174096633713,1.0464487776244429e-07,0.00043709449848886267,276.63268346121987,-0.0015777846808824162,4.838754210309188e-05
1992-09-09,-0.01648214484675456,0.0013362299756141708,0.013921073152071566,0.0010739008417237279,0.0005589263187458286,276.2167918354329,-0.0024049717006878668,0.004965386097668578
1992-09-10,-0.021599086454022403,0.0012854202992498539,0.012862440780955746,0.0,0.0008290539164159257,277.6809283757614,-0.0016366653407445062,1.2934207802572928e-06
1992-09-11,-0.026204422326747984,0.0012692075833088934,0.007251344382650659,0.0,0.0005871164533546416,282.40728912425357,-0.0016956156445930234,8.583068797918258e-07
1992-09-12,-0.023114220949552827,0.001258954826721364,0.0034175089748116763,0.0,0.0002885167671125488,282.4310948107876,-0.0014980852414490816,0.0006122530516476819
1992-09-13,-0.020937057580314788,0.0012528273345386914,0.0020579537429378536,4.321770311075416e-05,4.235646650616059e-05,277.1968596147728,-0.0019352644218900111,0.0015639544206809796
1992-09-14,-0.026631740653245466,0.0012270903351616724,0.0020354247587099816,0.0,8.348682842685678e-05,277.956596766039,-0.0018318198189812866,0.0
1992-09-15,-0.028400890402874707,0.0012165659059912473,0.001358865569091337,0.0,8.975813365252006e-05,282.44745413282726,-0.0019172079345516565,7.890067184582922e-05
1992-09-16,-0.029869287153758573,0.0012036321190117443,0.0005406956214689266,0.0,4.070094328815654e-05,282.40166350183296,-0.0019624427823865483,1.2755393754559918e-06
1992-09-17,-0.02959423394358091,0.001195181897804562,0.0005406956214689266,0.0,1.3309483558444655e-05,281.57378334289666,-0.001707336081370796,0.00040720489065028517
1992-09-18,-0.01772982837621775,0.0011846587314444073,0.002168299788135593,0.00031904381631457873,0.00010951739962154864,275.905958858138,-0.0015452318945846988,0.0005906974695820456
1992-09-19,-0.024205460513042194,0.0011712438137517812,0.0014271421845574387,0.0,0.00011157271804782631,280.76539171797185,-0.0015184891931081224,8.532080641998618e-07
1992-09-20,-0.02339016524075115,0.0011615700135796758,0.0008312735404896422,0.0,4.994408306428942e-05,281.03179686666664,-0.00146848382165203,0.00031353198201818994
1992-09-21,-0.013087500370828448,0.0012527102299329251,0.00042805070032956693,0.0,3.3685169314260536e-05,278.40362859176383,-0.0029307292342859474,0.008816495958694631
1992-09-22,-0.021310856786824893,0.001137116113625004,-7.3453647229951e-24,0.0,2.0676508209126146e-05,281.49866698241726,-0.0015501905085340058,1.2768333021995204e-06
1992-09-23,-0.0253391943998256,0.0011256183944853013,-7.3453647229951e-24,0.0,9.752546915900237e-06,284.314493380473,-0.0016418359173977445,2.799007712822505e-06
1992-09-24,-0.0384196888676471,0.001117222558307109,-7.3453647229951e-24,0.0,4.461877005921919e-06,285.0413536495633,-0.0019214290094240912,0.0003871538039654662
1992-09-25,-0.016478301736257847,0.0011446296663607581,0.01778594338512241,0.005918142401565941,0.0003118231303274295,275.94366314271974,-0.0023476425874031197,0.010121990344516354
1992-09-26,-0.015056348453133793,0.0011013753838458305,0.049380315001177025,0.0027914200672658827,0.00047978697776120935,272.82057775077175,-0.001429432587392923,0.0030856685444391103
1992-09-27,-0.013781712132658662,0.0011144965718695,0.046326488200329564,2.4527984823884266e-07,0.0013976168666182268,275.70405429904747,-0.0012948123822357023,0.0012331641326288989
1992-09-28,-0.01764627912286985,0.0011016146442984459,0.03520912414665725,0.0,0.0018965172881292083,277.3330921776551,-0.0014143956740949786,2.8841453763304812e-06
1992-09-29,-0.022292040288448337,0.0010827070070525348,0.02224001552201036,0.0,0.0013626252148447738,280.7103483196481,-0.0014895983882206307,8.715346098142618e-07
1992-09-30,-0.02137982849515764,0.0010658414182016405,0.01322221486581921,0.0,0.0009739801371838414,281.4193890207007,-0.0014636560874638587,3.0052752890696866e-06
1992-10-01,-0.022945237908996434,0.0010480645012720831,0.007233183262711864,0.0,0.0005338400455012833,283.7298899181819,-0.0014579277906545812,0.0
1992-10-02,-0.02399527929765357,0.001033317739680662,0.00398717043314501,0.0,0.00027662515640258794,283.715847496708,-0.001498823948625454,0.0
1992-10-03,-0.027751525916622184,0.0010207538719231126,0.0020128957744821093,0.0,0.00014795338745507818,283.70592592171135,-0.0016806735525612777,1.1074588799776475e-05
1992-10-04,-0.02175191722515613,0.0010232056601572846,0.0015172581214689268,0.0,4.224824366596459e-05,279.76147786372127,-0.0016182785390713124,0.0017076052265305394
1992-10-05,-0.01218411162243051,0.0010076519628029084,0.0011358746027542374,0.00020782272778661914,3.702740716395406e-05,276.086161299165,-0.0010480383137440952,0.0012204435815714029
1992-10-06,-0.006967890144741469,0.0010084587301911608,0.01581971479225518,0.007867591676570602,0.00024391083562441465,274.1298939800083,-0.00113961726721734,0.009955641240049893
1992-10-07,-0.008788694432899776,0.0009801292655158178,0.09012950027954333,0.006413614850933269,0.0,266.9454085570945,-0.0008229542797231406,0.006460709086919236
1992-10-08,-0.012525178997193354,0.0009837267594148885,0.08938006672257534,8.023054586291987e-08,0.000871457380510993,267.53726050813316,-0.000817503464424004,9.247811264639635e-07
1992-10-09,-0.007315396715355458,0.0009688437826889383,0.10210595427259887,0.00669476173102519,3.140955363626534e-05,271.5074243240213,-0.0006372198872899605,0.007770952060295418
1992-10-10,-0.009132541168881002,0.0009819210249151888,0.12572920344868174,0.0008607638715687444,0.0020008521459702047,271.76757206171476,-0.0008075006600827148,0.0008823735564765821
1992-10-11,-0.011886407805364685,0.000995424676076167,0.10626714961452449,0.0,0.0034390845267617777,275.53469159329234,-0.0010171903107883567,0.0
1992-10-12,-0.014495002600432792,0.0009828955776947368,0.08015559711923259,0.0,0.0030746970451989417,276.3074645313615,-0.0012188952121525835,8.52346317969932e-07
1992-10-13,-0.013999569803307958,0.0009477021498868695,0.059705486405367235,2.025768665944116e-05,0.001286664967146297,276.6268742879232,-0.0012401577906083255,0.00018490547850980596
1992-10-14,-0.004980058993323376,0.00092168952112144,0.11965488354814031,0.013664845377206802,1.031295054376462e-09,270.4245034557278,-0.0006215669646185671,0.014523481076720073
1992-10-15,-0.003592905477952149,0.0009101701658324335,0.18040061131709043,0.0077898208956933964,0.0,266.124229071953,-0.0004427384500954785,0.00802043800972486
1992-10-16,-0.009002165058575108,0.0009155225450709715,0.19886058512829566,0.00034089013934135437,0.0008946334848464547,265.7589588344883,-0.0008383401864245113,0.00034223483433701876
1992-10-17,-0.007203917550501851,0.0008988333287212136,0.18949634386770248,0.001032880007547174,0.0002852417528629303,269.85831844739323,-0.0007829065513560329,0.0010495344292631864
1992-10-18,-0.010461971879342183,0.0009205645255449803,0.18395996093750003,0.0,0.0022166976021171293,270.83052010904373,-0.0008749666092338536,0.0
1992-10-19,-0.010898809353847289,0.0009202397307433652,0.16140201087276368,0.0,0.0026414230529029493,273.59226832775977,-0.0009530706246946493,0.0
1992-10-20,-0.011867069591910154,0.0009465451631168861,0.1367339225812147,0.0,0.004599065735599416,274.5304806344703,-0.0009160496210311094,4.351138045421976e-07
1992-10-21,-0.01469195941410496,0.0009324294699113923,0.1051225392831921,0.0,0.003989790855659604,277.2458687582932,-0.0011016870664674685,0.0
1992-10-22,-0.01297280558590162,0.0009072274811523784,0.07881420300729755,0.0,0.0027595937862402975,277.41670410960853,-0.0010055889201871422,0.00010566169259238378
1992-10-23,-0.012159741741452514,0.0008953905711739751,0.060401126265301315,0.0,0.0024871847534415413,276.6134586549748,-0.000877708554436258,3.454474608588498e-06
1992-10-24,-0.013336584014070911,0.000886970909975343,0.0442402582833098,0.0,0.0023444557173103934,277.6782207560854,-0.0009537299642455106,8.52346317969932e-07
1992-10-25,-0.01105586430952374,0.0008524690812590432,0.03127804628648776,0.0,0.0008117621080518443,277.4324918341053,-0.0007276599227035112,4.351138045421976e-07
1992-10-26,-0.011247829823507428,0.000850986205251877,0.025326026586040492,0.0,0.0010465202421623436,276.02405413395945,-0.0007756572258842868,8.52346317969932e-07
1992-10-27,-0.00835731596091373,0.0008468310543372807,0.020463903969515067,0.0013078813583163893,0.0003323300220703675,275.46034367160837,-0.0008692602274444818,0.0028268979767166824
1992-10-28,-0.004004369979187594,0.0008281342222192194,0.04144275614995292,0.0027390429486999408,0.00030654320482817075,272.3234577933274,-0.0004993679243966012,0.0029392617350544434
1992-10-29,-0.005934443766787901,0.0008286681384016565,0.04540509872292844,0.0004680435052194165,0.0006227768157835061,272.56500259227005,-0.00046201930565517503,0.0006140400839502674
1992-10-30,-0.00726062867601039,0.0008180078308461077,0.044803482889006596,0.0004780940543123558,0.00014002375978197754,273.4408477955619,-0.0008092490629961263,0.0011404290037185323
1992-10-31,-0.0076574045470205404,0.0008075253690703442,0.0449611857786017,0.0007665499960635343,0.0,271.04680773273475,-0.00044673511832110625,0.0007722709811558697
1992-11-01,-0.007712121989767432,0.0008101561396135449,0.0480552429084275,0.0006522768845329178,0.00039622884264773565,269.5151593159821,-0.0003001048718973742,0.0007366474065403481
1992-11-02,-0.00504699997645987,0.0007994288610199751,0.06212620277189265,0.004005941651803626,0.0,267.11001644385965,-0.0003216184865115053,0.00413289997863775
1992-11-03,-0.0027999721762150694,0.000794758146765542,0.14854991503354523,0.015480581965655259,0.0,262.6973325222899,-0.0003203914453417568,0.015489853202959914
1992-11-04,-0.0034627216936504775,0.0007906585595028549,0.21514099465925143,0.0013261818363841647,0.0,260.0849697845804,-0.00030014612369954924,0.0013327897100011642
1992-11-05,-0.0024802127884606187,0.0007866220285663498,0.2074629789018362,0.004999939499601806,0.0,263.5539853909595,-0.0002471996197676928,0.005003657718162753
1992-11-06,-0.0039412094711583886,0.0007846475826144893,0.21919437271951506,0.0007391496229979951,0.00013049999199344617,264.23341293119444,-0.00034136807093512544,0.0007429119557310634
1992-11-07,-0.003962337086766454,0.0007786748267836491,0.2195175946769068,0.001599354111710511,0.0,267.6229098476259,-0.00029951048814980997,0.001610908482593708
1992-11-08,-0.0029957091151657754,0.0007747352796759311,0.25697111140536727,0.00917917980396815,0.0,270.37338175297685,-0.0002601017891350439,0.009343876626429638
1992-11-09,-0.001651397195913024,0.000770828060511142,0.2980501853813559,0.00598865486470993,0.0,266.19070950021404,-0.00018681009105369874,0.006016971364533161
1992-11-10,-0.0034875475754172114,0.0007669423933083055,0.3754326484522128,0.007702202846606573,0.0,263.3923955547383,-0.00026099323847536315,0.007706272275841953
1992-11-11,-0.005580060983781762,0.0007630708274868249,0.37018661355343696,7.407217796912975e-05,0.0,263.38670135038274,-0.00018869261494127373,7.80673826186699e-05
1992-11-12,-0.0037684694437657372,0.0007591976621056681,0.3728808961570151,0.0016826779323782627,0.0,264.78266610758004,-0.00027567708580675775,0.0016872356672071468
1992-11-13,-0.0038282774851820566,0.0007553560248876023,0.3845515996498352,0.0018561865692421544,0.0,266.16696892934107,-0.00022181086663135703,0.001859496559104165
1992-11-14,-0.005319435296759094,0.0007517549109324225,0.38121317200741534,4.147300444080331e-06,1.6758755101995957e-05,269.58543341397797,-0.00023587290092376664,6.480136069173677e-06
1992-11-15,-0.007026169133388391,0.0007510702152036678,0.36883303539901124,0.0,0.00023365862625466903,271.13497185931595,-0.00032386371055565313,8.523463748133508e-07
1992-11-16,-0.006895668509989809,0.0007453932095382174,0.35524897745998124,0.0,0.00010541712833663166,270.89986195537335,-0.0003612497453130571,1.2904405366498395e-06
1992-11-17,-0.006356209011401161,0.0007400628873857403,0.3453300174346751,1.3181003136823406e-06,0.0,269.2130220919679,-0.0003052363593110257,1.3177004237632968e-06
1992-11-18,-0.0030930115720309783,0.0007362652801524449,0.3384685624117232,0.00047975007213104916,0.0,268.2990059753821,-0.0002039891620308666,0.0004857321747602579
1992-11-19,-0.003318480536930979,0.0007324819005815323,0.34839028108815917,0.001821224446182197,0.0,266.2204439842095,-0.0001942351786682835,0.0018368533607242407
1992-11-20,-0.0016839084988933498,0.0007286728438684497,0.3516556044756356,0.0022677989876539696,0.0,262.7282464481792,-0.00011869496797437723,0.0022718900509473296
1992-11-21,-0.002650967762295136,0.0007249027658990548,0.37592759644244356,0.001075509662008555,0.0,262.95036164335835,-0.0001385768633441063,0.0010785365340399877
1992-11-22,-0.0015303231986229027,0.0007211393387304188,0.37433700417843696,0.0038525320715823417,0.0,265.8887551877009,-7.227164203837768e-05,0.0038565256260886284
1992-11-23,-0.0021656254506380547,0.0007173841619222179,0.4608531312529426,0.007816681185853009,0.0,262.35273189867956,-0.0002801427407200727,0.007822182302639848
1992-11-24,-0.0013001289239711008,0.0007136324367954233,0.48059564795197746,0.0007355113824208578,0.0,257.42509260734374,-6.729169711891541e-05,0.0007398375851050338
1992-11-25,-0.0028585553758561956,0.0007099203639111277,0.4865959440471987,0.00022877302378584437,0.0,258.7733948378913,-9.105419792697929e-05,0.00023332249979008378
1992-11-26,-0.002996880876815925,0.0007061489389441108,0.4791137925200094,0.0,0.0,262.15736862584924,-9.369509726089273e-05,1.291823139126791e-06
1992-11-27,-0.004028800938089015,0.0007024435168605741,0.47087669013359235,0.0,0.0,263.18863617273826,-0.00013041904059338705,3.0031769711058587e-06
1992-11-28,-0.0016540285978613601,0.0006987133436957321,0.4635464943061441,0.001824882512880584,0.0,265.1505043115993,-8.888391114897648e-05,0.001830190309297098
1992-11-29,-0.0034576698211626817,0.0006950313256958784,0.48361453183851233,0.001376702855367445,0.0,259.59578807205804,-0.00022779490356728184,0.0013790568416213273
1992-11-30,-0.003565623135553242,0.0006913293552937481,0.47751883239171383,0.0001640733394582393,0.0,261.38125536356495,-0.00016440409051496433,0.00016750651217320526
1992-12-01,-0.0059282687929390525,0.0006876324361327006,0.47500386211158196,0.0009626707451491708,0.0,262.9080268981991,-0.0004397001075374205,0.0009818896118850707
1992-12-02,-0.0013555311466340967,0.0006839586684932817,0.47784711187617707,0.0024136570466440277,0.0,258.5458853303152,-7.546720447513343e-05,0.002417805167857941
1992-12-03,-0.0017420018544304844,0.000680276650493428,0.5898389223605226,0.011854084408552634,0.0,258.96932290502866,-0.0002378681411514175,0.011855418399228889
1992-12-04,-0.0016609416843134134,0.0006766459867779145,0.6205291460687383,0.00023673689466411786,0.0,253.34958530145852,-9.147741826577376e-05,0.00023716410337868386
1992-12-05,-0.0016009094940740514,0.0006729788699392546,0.6050903550200095,0.0,0.0,258.60543558512256,-2.509324500958125e-05,1.284074926388712e-06
1992-12-06,-0.0018914046428971372,0.0006693466066640649,0.5950780606314736,0.00032854764222425256,0.0,263.001040557459,-9.947697405761245e-05,0.0003355815711602372
1992-12-07,-0.0030655767452918876,0.0006657308441097453,0.5835310366643127,9.415488121873242e-05,0.0,263.2822813763233,-0.00011327816436519732,9.486335135319791e-05
1992-12-08,-0.0031861092916316237,0.0006621134819957497,0.5695331810557911,9.406673706184e-07,0.0,264.9563168455652,-0.0001392237799989302,1.3683305945636739e-06
1992-12-09,-0.0024235115549658655,0.0006585243226444654,0.5591342157338748,0.003306279369330002,0.0,264.38105661137183,-0.00016215339955468635,0.003355816127315275
1992-12-10,-0.003270016551691261,0.0006549367628528573,0.5752362324917609,0.000431272101267583,0.0,263.5749753603603,-0.0001513231387835438,0.0004335973139432433
1992-12-11,-0.0028567207230012974,0.0006513425522604906,0.5605618176936206,0.0004219853103497608,0.0,267.92520106040826,-0.00017267080434298112,0.0004224109109835973
1992-12-12,-0.0013794304203178923,0.0006477980963927878,0.5980856800258946,0.008425810789994602,0.0,264.4660619638734,-0.00020513041102785177,0.008430198171717973
1992-12-13,-0.0017544896168223884,0.0006442469897243264,0.6500759088835923,0.0017477491144406595,0.0,260.48238072152867,-0.00019432526965767653,0.0017500856428557462
1992-12-14,-0.001265673229923356,0.0006407091846573824,0.6434484794314972,1.3344958003631422e-06,0.0,259.23432194625366,-2.9684849462266698e-05,2.389102230017927e-06
1992-12-15,-0.0016258123230799447,0.0006371961306717437,0.6605052193679379,0.006251993762739634,0.0,263.27959383948377,-9.765392853378576e-05,0.006260871213708221
1992-12-16,-0.0009803415439223167,0.0006336897274868637,0.7126365992084511,0.002357320554849118,0.0,258.3418444222201,-0.00013834997843214348,0.0023616835895563654
1992-12-17,-0.0018942835135648483,0.0006301982254631775,0.7198095519214925,0.0006588110858100956,0.0,257.8544777692375,-7.941099252067718e-05,0.0006613842679941656
1992-12-18,-0.001027261343716228,0.0006267349262022029,0.7159761762888419,0.0006029089586546192,0.0,257.1755540492171,-5.891790224165566e-05,0.0006080593261114218
1992-12-19,-0.0014580742450757214,0.0006232681752598219,0.7139515562470575,0.0001987725664666817,0.0,255.37042012906122,-2.6979231101981668e-05,0.00020482420584576281
1992-12-20,-0.001635419951993867,0.0006198413291219939,0.7046811091248824,5.4289981470269675e-05,0.0,259.7083571626193,-1.2216700167305727e-05,5.999508723825373e-05
1992-12-21,-0.002846740901806934,0.0006163929310222131,0.691768093073211,3.526336645002419e-05,0.0,260.50438643489633,-0.0001432676089264579,3.731553616742757e-05
1992-12-22,-0.002323363334108881,0.000612999086326125,0.6815463710863937,0.0008029366322493148,0.0,260.2400928935538,-0.0001193053420569937,0.0008085491965020171
1992-12-23,-0.0022638522635745465,0.0006096036420703608,0.7162433056732581,0.005135787261576303,0.0,261.1922076776652,-0.00014268237002993707,0.005142571208749761
1992-12-24,-0.0031464971223119967,0.0006062246985354666,0.7382743533721752,0.0006544808462514716,0.0,266.0354406676499,-0.0001390701801763416,0.000665451678852577
1992-12-25,-0.0030328881016558843,0.0006028457550005724,0.7361014558321565,0.0016034676740735267,0.0,260.80241116022665,-0.0002539188595814894,0.0016219885406870826
1992-12-26,-0.0031960611205316533,0.0005995479680724064,0.721204050067679,1.0803341865539551e-07,0.0,262.89673344024834,-0.00016280335221586928,1.4066695257497486e-06
1992-12-27,-0.0029099153428427922,0.0005962121284614175,0.7044116808645245,2.0928975552488858e-07,0.0,263.6864168630482,-0.0001110329192742116,2.134149357423944e-07
1992-12-28,-0.001750355975776069,0.0005928861387705399,0.6884462173375707,0.0021126717749962026,0.0,264.11423396166214,-0.0001706485294521192,0.0021143917140637953
1992-12-29,-0.004841256023800306,0.000589596602202809,0.6897349671904426,0.00012619313547166728,0.0,267.16513667133574,-7.676567861252586e-05,0.00012923851836269722
1992-12-30,-0.003091863235511349,0.0005863235663559478,0.6952724995586158,0.0042107558498779936,0.0,263.68154590412723,-0.00029951126688281026,0.004230323581797515
1992-12-31,-0.0031706652062087415,0.0005830853840725571,0.7415435848487524,0.0028696092592794347,0.0,259.4093773549111,-0.00023590774396381808,0.0028743944598106884
1993-01-01,-0.0016632447555913765,0.0005798421505480838,0.7366736460540255,2.990705145280914e-05,0.0,262.45123105668756,-1.2524573311293866e-05,3.077017375175541e-05
1993-01-02,-0.0022614250159533012,0.0005766353701467568,0.7209226676524247,0.001989567094603501,0.0,265.43677425564124,-9.069276058067711e-05,0.0019915974745292986
1993-01-03,-0.0020511516996022674,0.000573444290686462,0.8046399132680087,0.007437483675904194,0.0,260.0586779355554,-0.00027513721863092,0.007443149000574641
1993-01-04,-0.0017821912543248323,0.0005702565366265465,0.8087263951418316,4.2417018258638976e-05,0.0,256.5048522805539,-6.428807658159128e-05,4.525230454284012e-05
1993-01-05,-0.002193474500192761,0.0005671076350292918,0.8016417192649483,0.0005634775395784001,0.0,256.52061579142145,-8.684071043958774e-05,0.0005677799046595082
1993-01-06,-0.0022702099239758854,0.0005639769599936103,0.7928262196916196,8.189514026803487e-06,0.0,256.9316147913816,-7.02421322970067e-05,9.91350164968488e-06
1993-01-07,-0.00201811325752129,0.0005608678369198815,0.7816325329566856,4.978621073361844e-05,0.0,254.43097373904934,-4.681955370525856e-05,5.2914583260462174e-05
1993-01-08,-0.0005988317441805608,0.0005577403610035525,0.7834665761829098,0.002642190115431608,0.0,258.7606407352311,1.1254433479349493e-05,0.0026470029005607795
1993-01-09,-0.0015798883333718037,0.000554674341853729,0.8332211481873824,0.0028578859811785534,0.0,256.6182888016638,-0.000157425969333972,0.002865085504056411
1993-01-10,-0.0018181705289641342,0.0005516280225441281,0.8457026652248117,0.0003404289610305075,0.0,257.9085696699929,-7.405293063592102e-06,0.0003449814803620245
1993-01-11,-0.00028985654566921084,0.0005485750524337683,0.845852092161017,0.006013117814804875,0.0,262.17360802918057,4.6359538232202596e-05,0.006016926041088276
1993-01-12,-0.0009988738318621104,0.00054555028508612,0.913121570077095,0.0021086798002154144,0.0,256.1610789218191,-0.00018651898171605366,0.0021160565996573718
1993-01-13,-0.0026330550090741304,0.0005425470697004242,0.904244230740937,1.7551379015216718e-06,0.0,254.9048465110937,-5.566230896165816e-05,3.049131064818863e-06
1993-01-14,-0.0026047661227021515,0.000539563554154951,0.888696013197387,5.570508665957694e-06,0.0,261.20148669169225,1.994901899732439e-05,5.850515796639826e-06
1993-01-15,-0.00226593779473655,0.0005365983914520781,0.8684008467219869,0.00022837633298615284,0.0,265.38589253039464,1.3359438228068378e-05,0.00023215970403601204
1993-01-16,-0.002991680034809867,0.0005336579798305102,0.8449100128001413,3.348130964289951e-07,0.0,263.721450306377,-8.542322169589458e-05,3.4432626713467186e-07
1993-01-17,-0.00339427026314924,0.0005307473705313302,0.825433705935146,4.436631323927541e-05,0.0,263.3936484026146,-7.365034672163301e-05,4.632094130672266e-05
1993-01-18,-0.003089184225615809,0.000527821860070956,0.8089119144303202,6.355724092257226e-07,0.0,259.66062352167916,-9.000051956055528e-05,2.3614719640331432e-06
1993-01-19,-0.002883345351717567,0.0005249344022934047,0.7937103673787665,4.3024661514045154e-05,0.0,265.6745295767057,2.0259780819806676e-05,4.597600902708228e-05
1993-01-20,-0.0041225342932393995,0.000522043745396501,0.7768674229048964,0.0,0.0,265.86081499074595,-6.291186068691103e-05,1.2857903470830934e-06
1993-01-21,-0.004901412390382951,0.000519199391542855,0.7592201017390536,6.172334575383678e-05,0.0,266.6633055340323,-0.0002694229705859039,6.756245364217622e-05
1993-01-22,-0.0037580220460218233,0.0005163582368085613,0.7431748672169257,0.0001484692138803881,0.0,265.15499914208823,-0.00018691224188117656,0.0001605291992931043
1993-01-23,-0.0025274509848174404,0.0005135154825145916,0.7593911381091102,0.004033389043504909,0.0,260.30071699282547,-0.00033174651953796886,0.004067350945388042
1993-01-24,-0.002496877043260693,0.0005107091813437683,0.7733409472104521,0.00017255254216113334,0.0,258.5082964960016,-8.159530701610329e-05,0.0001780168316117518
1993-01-25,-0.0035369288449907032,0.0005079374811743613,0.7715016165695622,0.0010863059952770922,0.0,265.4278886511277,-1.7419657380567435e-05,0.0010906018719963426
1993-01-26,-0.0052986287296155074,0.0005051742839274433,0.7700416004590395,0.0016693039086915682,0.0,269.3536928252312,-0.00017687625193831615,0.0016743394613589807
1993-01-27,-0.006240934680747448,0.0005024307865207479,0.7532437139536253,0.0,0.0,268.1369092513837,-0.0002590538144616758,0.0
1993-01-28,-0.003147301027330302,0.0004997104406356813,0.7398035656485407,0.0005748748232079091,0.0,265.6854274124749,-0.000153623037250702,0.0005785691380986407
1993-01-29,-0.003868525226910909,0.0004969967455513733,0.7318588802818974,0.0001232683616506178,0.0,265.5620254257978,-0.00014683405347799852,0.00012592607626467757
1993-01-30,-0.005392788072763863,0.0004943277539506471,0.718924484683969,0.0,0.0,266.2158182830236,-0.00021131847074813088,8.52346317969932e-07
1993-01-31,-0.0075425061970780805,0.0004916388099476443,0.7065786013270952,0.0,0.0,271.2055345201223,-0.0003072851058621865,8.52346317969932e-07
1993-02-01,-0.0063309541950791574,0.0004890012202289818,0.6936812176318268,0.0,0.0,268.14166501147605,-0.0003029461634361138,0.0
1993-02-02,-0.0019367839404418647,0.0004863785316715133,0.6895345052083334,0.003469760724380192,0.0,266.14496260533457,-0.00012710301658022875,0.0034728133744990355
1993-02-03,-0.0041549976515231155,0.0004837409419528509,0.7263144512858993,0.0025708876171354525,0.0,265.8428664773198,-0.0001738171677215625,0.002575306922679729
1993-02-04,-0.007246456198436393,0.00048114805571777006,0.7171242349340866,0.0,0.0,266.30321717486765,-0.000251296891878217,4.321580604482733e-07
1993-02-05,-0.007677771824564638,0.00047857167020355916,0.7060549173875942,0.0,0.0,268.97439748329407,-0.00022338277076260524,1.7195208670273132e-06
1993-02-06,-0.007947562735969738,0.0004759787839684783,0.6950626121851461,0.0,0.0,268.73908353974366,-0.00028012743966895985,1.293493824050529e-06
1993-02-07,-0.005822541013275837,0.00047343885157741396,0.6847599697651837,0.0003134823156952185,0.0,268.2524937595576,-0.00023894081428899605,0.00031778640765113043
1993-02-08,-0.005689192373873823,0.0004708824184654796,0.6779290897922553,1.175800538332449e-05,0.0,265.0539464393803,-0.00024058563518995622,1.4313450963535139e-05
1993-02-09,-0.004209480422028041,0.00046835898679528534,0.6695395719309087,4.0346788147748527e-07,0.0,267.3503698575295,-0.00011127480005813859,1.9033286806823807e-06
1993-02-10,-0.0011739807445450693,0.00046585390796769144,0.6794649688088512,0.003593413885367119,0.0,265.07256877848886,-0.00017227856494949362,0.003599013834327117
1993-02-11,-0.003202578484338556,0.0004633501761377195,0.7077082689648071,0.0008572509964812274,0.0,263.649107072762,-0.0001318298311809362,0.0008651190894349417
1993-02-12,-0.0025650464040411396,0.0004608831499929482,0.7089850646627825,0.0022802105394460386,0.0,262.0845822012806,-0.00019463066979821795,0.002286721875336264
1993-02-13,-0.0026095538152813244,0.0004584110726070943,0.7332000445062383,0.0013213093671421547,0.0,262.0873256798294,-0.00013906326102840024,0.001327262507320124
1993-02-14,-0.0018733294922753242,0.00045597704790406303,0.7369508904925849,0.001998220354655368,0.0,260.66529329303523,-0.00014775328990598185,0.0020024527095464395
1993-02-15,-0.0015324738066075214,0.00045354462276070813,0.7950106116113466,0.00369557681477676,0.0,255.59697295941427,-0.00030109832473730635,0.003698093237849952
1993-02-16,-0.0010291983683904013,0.00045114705118082346,0.8252245082244586,0.0009604581752739383,0.0,250.90851312482877,-0.00015670415224496929,0.0009658771381863629
1993-02-17,-0.0028091562164705352,0.00044875267872029114,0.8299399625559087,0.00014312451673766314,0.0,251.50136111774913,-6.501271394686511e-05,0.00014362517039525287
1993-02-18,-0.004295762186333285,0.00044638650902247034,0.82352609867879,8.695080118664242e-06,0.0,257.9147777018574,-2.638836743804695e-06,1.0980452376023067e-05
1993-02-19,-0.0038534041683552637,0.00044402033932464954,0.8140735805820387,0.00010905427447820114,0.0,264.24116304185657,5.776965517108723e-05,0.00011739311581951078
1993-02-20,-0.004003254075845083,0.0004416871710685688,0.8036845004266715,0.0013394633592185327,0.0,266.7303217045556,-7.35434393088023e-05,0.0014857909091108917
1993-02-21,-0.0036980411258794497,0.00043936225317292295,0.8354882996410076,0.004341864821601049,0.0,261.3297388540149,-0.0004398714708911497,0.004350113902354214
1993-02-22,-0.0033441833772901767,0.0004370357357176011,0.8583713107638888,0.0019121777455685502,0.0,257.87082525925,-0.0003045937519962505,0.001914253512301981
1993-02-23,-0.0042153825867647515,0.00043474221970401914,0.8691270616319445,8.232660044384543e-05,0.0,255.79760615390126,-0.00016121682053231925,8.501989685333366e-05
1993-02-24,-0.003270544448478074,0.00043244550457108494,0.8682665923669962,0.001001428181337098,0.0,259.1346889934073,-5.8611449759222024e-05,0.0010049376840134438
1993-02-25,-0.003550724373698909,0.0004301833904395669,0.8659194400306027,7.427618496835569e-06,0.0,259.4375459631509,-7.140254970155868e-05,9.258874289787208e-06
1993-02-26,-0.004738640734704875,0.00042791302594761394,0.8540958612876649,3.3532663927239885e-06,0.0,259.2992370698861,-0.000150724172087039,4.509865798572822e-06
1993-02-27,-0.00785945915738068,0.00042565756261685476,0.8428826341072271,0.0,0.0,261.2003878038482,-0.00020231824305097938,3.0077599149080925e-06
1993-02-28,-0.010929028277343277,0.0004234252508077245,0.8304342208833569,0.0,0.0,266.6357530209529,-0.0002916533668330834,3.0048850021557882e-06
1993-03-01,-0.010340261088926241,0.00042117963739707646,0.8156664717219869,0.0,0.0,269.5387417529263,-0.0003717256930925079,8.52346317969932e-07
1993-03-02,-0.006660456079884438,0.0004189936286312039,0.801198725870998,0.00037695477995495336,0.0,268.2419916321778,-0.00025355501237225397,0.00037995031318799246
1993-03-03,-0.005981695643589321,0.0004167778175429437,0.8010711382562383,0.0013793595766617081,0.0,264.3624349475581,-0.0003586293982162988,0.0014032537484896922
1993-03-04,-0.01012383199344247,0.00041459340833674717,0.7899742341984464,0.0,0.0,264.1099006272081,-0.00034058859603384794,8.553266184208042e-07
1993-03-05,-0.00624794033119234,0.00041242310051190656,0.7864778737788372,0.001786083909077833,0.0,266.4079593651264,-0.00025286837507270825,0.00179080683624801
1993-03-06,-0.0074617969198415525,0.00041026104304750093,0.7999727353313325,0.0027473154714552023,0.0,270.2114541975119,-0.00025403111815284205,0.002758691001004904
1993-03-07,-0.009804503266083993,0.0004081213373248861,0.7859272929908194,-1.66270018970899e-09,0.0,270.42117101234686,-0.00041782621315306865,8.583068833445395e-07
1993-03-08,-0.010804573652771234,0.000405996532763465,0.769385041490113,0.0,0.0,270.2848179668132,-0.00047568865857050254,0.0
1993-03-09,-0.008254211206557387,0.0004038749273213964,0.7710623013771187,0.004429960360298049,0.0,267.8758939897498,-0.0006372505683178282,0.00445296072353751
1993-03-10,-0.004490081199818412,0.0004018030766039919,0.7867125890124765,0.0014685540759967546,0.0,263.3646623284579,-0.0003532286586061036,0.001472821764239618
1993-03-11,-0.003957729597212904,0.00039969477276344083,0.8395943219603343,0.006786505949530898,0.0,261.2814692804369,-0.0004122213244774921,0.006792032150221433
1993-03-12,-0.0043170209237411205,0.00039764102232658265,0.8963896613112052,0.0011940619745160227,0.0,254.4462853878905,-0.0003702015547597476,0.0012024066373122891
1993-03-13,-0.006698294926834647,0.000395592323130807,0.8938450355314267,3.656888075467557e-07,0.0,257.8940647398236,-0.0001612839915152997,2.087981002559746e-06
1993-03-14,-0.00678093798753232,0.0003935683750163364,0.8833881385357817,2.5468462772962062e-05,0.0,263.4096904761823,-7.166416715767426e-05,2.9468319237405353e-05
1993-03-15,-0.009272030265317798,0.00039153457698175466,0.8751328750294257,0.0012579259099596638,0.0,268.55364489510464,-0.0002815358887957988,0.0012643476997351755
1993-03-16,-0.003720227271150061,0.00038952553002847786,0.9340818013624059,0.012909795689044027,0.0,264.9663708214482,-0.0004835894573374658,0.01294435260986075
1993-03-17,-0.005188782294254519,0.0003875164830752012,1.014821542858404,0.0017535989567384882,0.0,264.5899585608933,-9.139083683659128e-05,0.0017592462442689023
1993-03-18,-0.006028074581744308,0.0003855736915674587,1.0084561852636538,0.0022727098673750454,0.0,269.84996970943587,-8.723485457190014e-05,0.002570750349659031
1993-03-19,-0.0036562072523569663,0.00038359524671640775,1.0241004958215632,0.011474983377308496,0.0,269.0259828693225,-0.00020289210613164526,0.011636736567982227
1993-03-20,-0.00971910492175043,0.0003816548545481795,1.0685625956332394,0.002337259740310874,0.0,269.67471544441753,-0.00044804259524338665,0.002651839859068057
1993-03-21,-0.007805880474842201,0.0003797219129605482,1.0735686278837102,0.008769389704964254,0.0,268.7239516198972,-0.0005549693869500511,0.008931443095207214
1993-03-22,-0.011791386299550871,0.0003777823205721581,1.0702026137299905,0.00034313505820635353,0.0,268.5118058271103,-0.0003419566931108297,0.0003444113973616476
1993-03-23,-0.0151651996256268,0.00037587758174723827,1.036725922492938,-1.66270018970899e-09,0.0,273.4485043994451,-0.0005250628195745124,1.7136334804490616e-06
1993-03-24,-0.016971722203122694,0.00037397764160134703,0.9996680423140302,0.0,0.0,273.77041224032473,-0.0007246094361200172,8.553265615773853e-07
1993-03-25,-0.016839385285215863,0.0003721341069808788,0.9583579313059087,0.0,0.0,274.67932932076036,-0.0009234605230769869,0.00044915169307951203
1993-03-26,-0.013694719658733088,0.00038983634972976437,0.9163947096427733,0.0,0.001365984237547648,274.47978394718496,-0.0007810479208911206,0.0004346133457051091
1993-03-27,-0.007933914913969527,0.0004030172265855606,0.876054724282015,3.206856169943083e-05,0.0020216375399949187,273.6464556821547,-0.0003757353735256331,0.0018734555650367752
1993-03-28,-0.004480277203907401,0.0003698342769159436,0.8705914456067562,0.0059626766264775375,0.00013335893130571831,271.53977009042285,-0.0006309818255446726,0.006557941874536831
1993-03-29,-0.005893212043296147,0.0003647365644153229,0.8818150177289313,0.0018314226072723586,0.0,269.8591620989439,-0.0006361050573361796,0.001986768894434942
1993-03-30,-0.004004103526220484,0.00036293268203735357,0.8999276313853579,0.00552162010285814,0.0,268.41647979678856,-0.0004355854191685801,0.005602051342845691
1993-03-31,-0.007807595960501223,0.00036115195118101306,0.9195427903572271,0.0010766038029207349,0.0,266.5985916051488,-0.0004944717090597934,0.0011083720598735918
1993-04-01,-0.012514744017083768,0.00035936296996423757,0.9119227062735406,0.00013499972173723124,0.0,267.8215935737624,-0.0003915996643277885,0.00013684295318091636
1993-04-02,-0.007992591056446572,0.00035764689499375514,0.8995627997734229,0.0011916853445397932,0.0,270.71792181916607,-0.0003769048884258432,0.0015371249892827481
1993-04-03,-0.0077473350332281695,0.0003558810652986085,0.9044886012535313,0.0017404233205453154,0.0,270.0801202626776,-0.00031421553490862343,0.002023368939122561
1993-04-04,-0.013388411810169115,0.0003541764398079134,0.8927022643008474,2.70354208973168e-05,0.0,271.5229744560975,-0.0005305010909582936,0.00019987671720946568
1993-04-05,-0.012891073895376281,0.0003524388128754783,0.8744609135916902,0.00014776233478454548,0.0,271.6674960831465,-0.0008404455963248588,0.00021290002902979224
1993-04-06,-0.005535494725582964,0.00035077064050792977,0.8817878909928202,0.00695578955997855,0.0,268.35515737084575,-0.0006196027421681894,0.0069954259920878715
1993-04-07,-0.009202455733455508,0.0003490702664784793,0.9261256216160548,0.0033582072641889934,0.0,266.681585107146,-0.0005993953574511964,0.003369493999690573
1993-04-08,-0.013478042757780537,0.0003474054195113102,0.9277221909575095,1.7398263269898583e-05,0.0,268.0864923875884,-0.000514612333207144,2.3048697037301163e-05
1993-04-09,-0.011295039185696404,0.0003458871848165652,0.9171213843279191,0.00218455413472181,0.0,271.4660363565506,-0.0005024012999009279,0.0037655616725258264
1993-04-10,-0.01133391888296537,0.0003441543565631587,0.9441405330449624,0.005293630947500972,0.0,269.0385819990083,-0.0008113762774204805,0.005523149360452138
1993-04-11,-0.008547197248639362,0.00034252103775908046,0.9556422691560735,0.00331422377188327,0.0,267.23584887043006,-0.0006415813708793647,0.003352961372723008
1993-04-12,-0.006107943416652034,0.0003409140695959835,1.0023839343514598,0.00555476815687061,0.0,266.3917201306187,-0.00041186585390971884,0.005609461681888656
1993-04-13,-0.005796470084769578,0.00033931880347472807,1.0231997962276367,0.0037451487055606093,0.0,266.7329219164373,-0.000340374854872119,0.0037620213071269237
1993-04-14,-0.010004982857380884,0.00033774003807434256,1.0439043925082394,0.002767844746510188,0.0,265.89126274051415,-0.00046727108627052626,0.002812304183542715
1993-04-15,-0.012281290134467649,0.0003361910749963448,1.039777910193032,0.0005769825166901626,0.0,265.8782089183111,-0.0004489253995950613,0.0006664904014563313
1993-04-16,-0.008568247832820914,0.0003346421119183471,1.0326932343161488,0.00299861509416063,0.0,268.1932930057332,-0.00031553929682168587,0.00324677693404514
1993-04-17,-0.011771072691443278,0.0003330947484000255,1.0413216053878296,0.0006942831316573472,0.0,269.7850134646601,-0.0003736407764382282,0.000734779373400629
1993-04-18,-0.01790094177770076,0.0003316335927295146,1.0270352408486347,0.001095146298576883,0.0,272.1458287212135,-0.0008719810837153661,0.0020971707704027357
1993-04-19,-0.007447176776026602,0.0003300348749268527,1.0617680379001881,0.012024866995838403,0.0,267.2403109598968,-0.0008570657579996492,0.012040583376728262
1993-04-20,-0.005358153985718549,0.00032854046525254764,1.1155263322445859,0.004513076090880034,0.0,265.1912248327683,-0.0002529536410745255,0.0045469339224116535
1993-04-21,-0.015386147645570466,0.0003270354058782933,1.1351564339100753,0.00039160732537676387,0.0,268.9830327258496,-0.00044853273926481697,0.0003918589508466128
1993-04-22,-0.01705542669794654,0.0003256139024502813,1.1118453720868644,8.974837844317916e-05,0.0,272.81003354318625,-0.0006369643313231441,0.00038966317634798043
1993-04-23,-0.005382240997195918,0.00032412534379689707,1.1071825620144775,0.009884286124659124,0.0,271.5856017814967,-0.0003775871742916646,0.010468492905298868
1993-04-24,-0.007349589323930148,0.00032267403804649744,1.1705430312794258,0.007707661701797766,0.0,269.5952325594628,-0.00047331492779618603,0.008025888500914062
1993-04-25,-0.013295323961535417,0.00032120437945349744,1.1944982381414786,0.0030690778236267934,0.0,270.044087483609,-0.000625408522910991,0.003184394681418737
1993-04-26,-0.015567622321136928,0.0003198291790687432,1.1693292247822507,5.4045333027166165e-06,0.0,272.36466208061034,-0.0006516220174350981,0.0007677098787760867
1993-04-27,-0.015576768477084276,0.0003183911749198612,1.1517823644950567,0.001619891921258242,0.0,270.44493724442253,-0.001094467748524779,0.0024225215838482635
1993-04-28,-0.016860826919644568,0.0003169513186492489,1.1344196441707863,0.00042926896847574053,0.0,270.0358583985525,-0.0008046373956452657,0.0009367981367851315
1993-04-29,-0.015235380222231658,0.00031553966514134813,1.1189468297581215,0.00034450598608302534,0.0,271.2717763789405,-0.0006705037881172983,0.00048420863626237625
1993-04-30,-0.005505284599665195,0.0003142341718835346,1.17944060072387,0.017715459931536583,0.0,270.85873880045114,-0.000434208703411501,0.01888402673484242
1993-05-01,-0.007254944093483318,0.000312815867574875,1.2441951083598164,0.0052387077929609924,0.0,269.99129946218375,-0.00039292707786721707,0.006146243736568818
1993-05-02,-0.013360560950586353,0.00031145876747066696,1.2415279524923495,0.00023534963444127877,0.0,271.62363063503346,-0.000496033815888025,0.0010373413552207565
1993-05-03,-0.020923922964408575,0.0003100189112000546,1.207905512520598,2.758945785673325e-06,0.0,274.36112798629733,-0.0008069995769673149,6.800058549280517e-05
1993-05-04,-0.015166881436345269,0.0004265038980602545,1.1643765264536254,2.0981108569829482e-05,0.004943668821268836,276.1435400824538,-0.0005948765487489054,0.004845495311508395
1993-05-05,-0.005061995806330342,0.0025496395294275663,1.1146281614141949,0.0007892324047236793,0.01104159558476028,275.7737164721875,0.00020117448421858126,0.013447277520600312
1993-05-06,-0.014712290954118397,0.004230923150892312,1.0646793343926555,8.983644893613914e-05,0.004189204761369081,274.95928266133745,-0.0007491721692731826,0.013983263173058745
1993-05-07,-0.008657528392675909,0.0003548804144401335,1.0368314408986583,0.003696307582033556,0.0012325723418744943,273.24067028857445,-0.000571563034870867,0.007017618013640582
1993-05-08,-0.009060888177594224,0.00031042764079099324,1.1186332630796845,0.019301045812287573,3.1497708316576684e-05,271.2369028188415,-0.0009497193787983583,0.020447354363856345
1993-05-09,-0.015788042823136863,0.00030377742934361695,1.1818397076565443,0.0025356635240848455,0.0,269.974733442461,-0.0009959769977182992,0.0026009275918950337
1993-05-10,-0.020771356709932878,0.00030320074598667987,1.1623537455125943,0.0,0.0,273.2936547669089,-0.0005963463230995136,8.583068797918258e-07
1993-05-11,-0.02295852204163869,0.00038053558371161343,1.1246413753531075,0.0,0.0038148611363044566,276.6342503427337,-0.0007021598949354921,4.3656687509496805e-07
1993-05-12,-0.021270955097203875,0.001387590826567957,1.0689368526365348,0.0,0.012789245863250422,277.6615650909769,-0.000467349590975686,1.111559275179933e-05
1993-05-13,-0.01992424914224,0.0024630952689607267,1.0007317322122176,0.0,0.017894479030438063,278.87166364134595,-0.00015297868831009516,0.0008694373280638893
1993-05-14,-0.018917224627766904,0.0022771590847080036,0.9321849988229757,0.0,0.014913380314401316,279.4538897821459,-0.0003083921221774177,0.0021633745754611024
1993-05-15,-0.011361956933123918,0.0047463605464515045,0.8743705677671847,0.0,0.015548813309373155,277.4747574728986,5.313985596942363e-05,0.007734430880196351
1993-05-16,-0.016254612323591267,0.0020052501879169447,0.8237373653778249,1.2739103729442017e-05,0.012138081177816553,276.70231240841855,-0.00030323574687801517,0.0015997902652743173
1993-05-17,-0.012070349380794893,0.00523280769081439,0.7767784564059559,0.0005648943285147349,0.01274347867248422,276.8712270560687,-0.00015194156854334524,0.009855322581900042
1993-05-18,-0.013203298851931835,0.0016638708990172478,0.7405851834686913,4.896123783063081e-05,0.007381448659014567,275.1034094277075,-0.00044657976634926715,0.0037030797893036014
1993-05-19,-0.01646662469805971,0.0026966107767180535,0.7043542089659841,0.0,0.008487436646795542,275.8771092977003,-0.0005735080994370967,0.0036326250619247674
1993-05-20,-0.01841799775927754,0.0031694561916556065,0.666607355667373,0.0,0.012930129144319708,277.03751668552894,-0.000404428932710556,0.0007613831993200547
1993-05-21,-0.016940798799870378,0.0047626646056687085,0.6159479460922788,0.0,0.01655742519740331,278.865000424861,-0.00027607599178613247,0.0012886854214856855
1993-05-22,-0.009024126381523867,0.0031309824878886596,0.573669318649953,0.0008354844725401389,0.008078180653395625,275.9079914344457,-0.00020025054382233972,0.007173936582554533
1993-05-23,-0.01230727872774426,0.0018213269232356618,0.5901481211746704,0.007728052320285033,0.002203884245143772,273.4929700373705,-0.0007302302362050041,0.011262056130428424
1993-05-24,-0.009562765221811284,0.0016754535631944905,0.6114182409369116,0.0028360595684603783,0.0006791635884740259,272.8223635211952,-0.0007223926726623444,0.0039050168644372838
1993-05-25,-0.021573008032841873,0.0019298285077520687,0.6099002931526601,6.019297755707455e-05,0.004077164971895811,274.4645444291684,-0.0008965558977534542,0.00014209044179217716
1993-05-26,-0.024304946852942648,0.003682407282166562,0.576942688103225,0.0,0.01231194771615799,279.3286797223567,-0.0007143029627405991,0.0011715304716263786
1993-05-27,-0.021635366824723907,0.004378620935025188,0.528091804231403,0.0,0.013463909806168012,279.11806480134726,-0.0004537042998577242,0.0008787148207353302
1993-05-28,-0.016497095846860425,0.007245418799799042,0.4787737887682439,0.0,0.019187628907167308,278.96329382988023,0.00011640525091502629,0.001970412703168019
1993-05-29,-0.01575393595937955,0.008319481197050062,0.42472307740407256,0.0,0.016556175646640487,278.9850808590819,-6.297219144759205e-05,0.003840876736849284
1993-05-30,-0.013689827700119235,0.007690611868928382,0.38487022385534375,0.0,0.012971500955564154,277.3547998920448,-0.00037396436104666713,0.0017725357066548106
1993-05-31,-0.020607127897483483,0.010590975314883863,0.34542381157309326,0.0,0.01516938790426416,279.52327838545693,-0.0007506715880948946,0.002014796248235693
1993-06-01,-0.015119518811083109,0.013216084763828646,0.30288288238582867,0.0,0.012925169414887996,280.50359032338173,-0.0009196970538146752,0.005834567866751445
1993-06-02,-0.010200134273302757,0.013513460418598803,0.2742106119791667,0.0,0.009269376469533996,277.3280835914971,-0.0010889896460003772,0.008331391434211516
1993-06-03,-0.0059127631244686365,0.009944976133815314,0.2745749838159134,0.009526080036230681,0.0015730767347718365,274.17029458744605,-0.0013199673523589717,0.013526888600500575
1993-06-04,-0.014224172396174935,0.009403802075628508,0.3192837530161252,0.000613241924741174,0.002142982231189976,273.7861110737544,-0.0013582440156300192,0.0016397007145638079
1993-06-05,-0.013361220558484396,0.008929304062983411,0.30025710628531077,1.1619959173902954e-06,0.0033759323217101016,276.0879269616079,-0.0011644663899547639,0.0026076015106028757
1993-06-06,-0.006538403909758661,0.010129982384584717,0.2754336139801083,0.0,0.00904103816818383,277.7267623154233,-0.0006070981791379762,0.006660102956039084
1993-06-07,-0.0030980232661053293,0.008448845080736667,0.25894860449034846,0.01279864076125083,0.0036892658152149226,275.72821744283044,-0.00098242287624017,0.01980950335661073
1993-06-08,-0.008085101253568792,0.007639628008934065,0.40430767971692566,0.015285361737097053,0.0012780262925530558,272.7810917439434,-0.0007832915874692681,0.017625318071936485
1993-06-09,-0.015096999157620016,0.007477365307888743,0.4078856502324624,0.00017574078029831925,0.005582903106670595,275.28188569307775,-0.0008871364538784082,0.0015207422637635356
1993-06-10,-0.01895359415287352,0.0073601992453558975,0.3655817351547787,1.031295054376462e-09,0.007856207862917314,277.4907332490393,-0.001336251296060907,0.00041661664570969066
1993-06-11,-0.02204808163440834,0.0075776142589116515,0.3166922301671375,0.0,0.008990705328977715,279.83622341191926,-0.0014559777695580393,0.001261417441380711
1993-06-12,-0.027692754684531758,0.006646719019291766,0.28500567362582396,0.0,0.003137375422790226,279.04690327617413,-0.0017815638586121093,0.00022427443160187083
1993-06-13,-0.02962828911630447,0.006359651011262237,0.2742494629825801,0.0,0.00032839658906904317,276.00593210568763,-0.002114890816774072,2.10863385447102e-05
1993-06-14,-0.027088831626089282,0.006422034933068659,0.2607003479578625,0.0,0.0042634782733890295,278.77213571839417,-0.0015879910712861746,1.7225742112714215e-06
1993-06-15,-0.02438151853232734,0.007926340662153428,0.23446557571209983,0.0,0.009128517160813013,283.01616277892265,-0.001445218215638635,0.0009737840142845973
1993-06-16,-0.019382655115450842,0.007764010527039653,0.2080508014801083,0.0,0.006499957524787235,280.98853620611794,-0.0011949635052916695,0.0032200783996244545
1993-06-17,-0.005102657623546946,0.012387051757446118,0.211100720191855,0.007431471067885894,0.004714102121227879,276.1734833295287,-0.0014751188583293205,0.025922167099128337
1993-06-18,-0.009687693316047475,0.008714132137217764,0.2210833590807439,-1.9994495952196718e-10,0.006054122590244153,276.70709224564433,-0.0009583729492910839,0.0020669311785487653
1993-06-19,-0.020268358290195465,0.008755274074899276,0.19490375985758004,0.0,0.00825273645462963,279.897758875414,-0.001160734233125455,0.00030939616040940806
1993-06-20,-0.026490491157197687,0.01056252428367313,0.16265627758651133,0.0,0.009808280478931418,283.7026870785011,-0.0013700363536675773,2.240823463410888e-05
1993-06-21,-0.029313815178844217,0.010924803840238497,0.13284836246468928,0.0,0.00866687933435548,284.03250137515886,-0.0016787441836743707,0.0002559546360188285
1993-06-22,-0.02211320892734043,0.01400895795579684,0.10464345353695859,0.0,0.008181781144970555,282.1630414003706,-0.0016265192179609155,0.006657252035572031
1993-06-23,-0.02037365578830579,0.011733400114512042,0.0906462875912194,0.00331886941935383,0.0009313800535296318,277.4438305727282,-0.0017199047267605356,0.007054936535697522
1993-06-24,-0.021476564728944315,0.009394243864689844,0.1092421249705744,0.0009237558891375861,0.0005198290708374843,273.5881484152009,-0.0017208911604800468,0.001683050104308338
1993-06-25,-0.02331919774497296,0.007930434103739465,0.10151560293079097,6.865478504849019e-08,0.0033779140919615327,276.90147809389623,-0.0015972428928829182,0.0004572755448080477
1993-06-26,-0.02715860260913601,0.007701217286330833,0.08340092028601696,0.0,0.006779277707728963,281.1756171641377,-0.0016404188074971326,0.00012276199577891894
1993-06-27,-0.02653065235432932,0.007223634480756556,0.059309160193032014,0.0,0.006771822433687199,284.0154559248585,-0.0023431337496402573,0.0024164431849441966
1993-06-28,-0.026692823964660453,0.00649306077068135,0.04037079029837571,0.0,0.005104468935458674,284.71076576678325,-0.0020234564445533996,0.00029561687888501014
1993-06-29,-0.023108122922943137,0.005988697042572971,0.027155242172787197,0.0,0.00288802661043776,282.4001927025574,-0.002366941159138572,0.002500043918857467
1993-06-30,-0.02645594891855272,0.005430240499771248,0.02165311249411488,0.0,0.0013608733602499558,279.6185879895917,-0.001890291449334999,0.00040703321575148623
1993-07-01,-0.027093020872881183,0.00522759758819968,0.016986854107815447,0.0,0.0016113900616344086,280.502383079457,-0.00210598013284853,0.0002121870943582929
1993-07-02,-0.03079997297734191,0.005184093437625864,0.011805187735404897,0.0,0.0019582702994009873,282.70770940762685,-0.0026759650021538897,0.0014556118323636998
1993-07-03,-0.012388654895084726,0.005491850908193212,0.007259390448446329,0.00018473611460567195,0.0010395223474771965,280.84146030878617,-0.0028692131735763306,0.011530852452464347
1993-07-04,-0.01120837399009931,0.004959753004171081,0.034475322946092284,0.006152029806947978,0.0031226814256212804,276.0694496205073,-0.003150841005483253,0.014925125089674161
1993-07-05,-0.014857542632663319,0.004768069517814507,0.02497475834216102,0.00021642421261738927,0.0026927555011490648,277.60207597549356,-0.0026395146887602107,0.00383276208717265
1993-07-06,-0.011889272448370012,0.005105247605318404,0.01979378163253296,0.0013223740424813525,0.002053450498372148,277.1906327895975,-0.0026336381169783196,0.011626146405361953
1993-07-07,-0.022030706627894258,0.0045124420338431325,0.01416728276541902,0.0,0.0008886243706032383,277.536325989919,-0.0024743336279176723,0.0023413840997017037
1993-07-08,-0.020519855458520902,0.004415009739035267,0.009420793608757064,7.603001796593102e-05,0.0007036320528404863,278.292912678979,-0.002136062188758015,0.0024292014108508054
1993-07-09,-0.027790578324242504,0.004252081873726711,0.0056878788547551785,0.0,0.0005696300354044317,279.88496666888506,-0.002349159275155283,5.765567442495012e-05
1993-07-10,-0.02490593791849869,0.004102312323063781,0.0029271587364642186,0.0,0.00032807482501207773,281.60972711954645,-0.002203638628546128,0.0007958576504105834
1993-07-11,-0.020055092702814418,0.003952882215801605,0.0013967970221280604,0.0,0.00021512337071073935,280.4809493767116,-0.0023952407793978517,0.0015158076575920406
1993-07-12,-0.03163070661031594,0.003774077710458788,0.0006983985110640302,0.0,9.356771653654885e-05,283.6033843951037,-0.0026594821658343245,0.0004917993552267214
1993-07-13,-0.015317402359119242,0.0036789692391110008,0.000360463747645951,0.0,4.166905573532407e-05,279.6260369295455,-0.002845015092673948,0.00590534479077327
1993-07-14,-0.023195376966969442,0.00352544265951814,-7.3453647229951e-24,0.0,2.6123587694545254e-05,281.66132415441024,-0.002936348471643224,0.0038889609539193783
1993-07-15,-0.027437369281289273,0.0033366473044379283,-7.3453647229951e-24,0.0,9.219609411422817e-06,283.48616350752263,-0.002381681632987187,0.0004037367758777856
1993-07-16,-0.015479804726980502,0.003221030962669244,-7.3453647229951e-24,0.0,4.069658659272276e-06,282.291508435754,-0.0021027610242619356,0.001589949370099067
1993-07-17,-0.026080976435020147,0.003099089288442148,-7.3453647229951e-24,0.0,1.4002250749512583e-06,281.6146634599359,-0.0024501688746830165,0.0010419175954407083
1993-07-18,-0.026713204627993415,0.00298854043591494,-7.3453647229951e-24,0.0,4.529700440875555e-07,281.00742904390097,-0.002505844385273713,0.0010976290635420205
1993-07-19,-0.029259281096148632,0.0028723522936556977,-7.3453647229951e-24,0.0,3.56428198895212e-07,282.055552491585,-0.002491496240267646,0.00016416536875907964
1993-07-20,-0.03147019281730813,0.002771460740579724,-7.3453647229951e-24,0.0,2.021338306577866e-07,285.54023051217,-0.002623693186179393,0.00018200869275098464
1993-07-21,-0.0295097405290873,0.0026925847692004707,-7.3453647229951e-24,0.0,7.012806369759943e-08,285.07834566335447,-0.002489392861387151,0.0017238762755851964
1993-07-22,-0.02317362177675053,0.0026504388131664298,-7.3453647229951e-24,0.0,2.0625901087529242e-08,281.62600136880826,-0.0023270642626925376,0.004531542645330898
1993-07-23,-0.018917788683021138,0.0025678731627383476,-7.3453647229951e-24,0.0,1.0312950543764621e-08,280.4168387590829,-0.0028140786824758447,0.005977683097452299
1993-07-24,-0.005892719378915884,0.002570219800970649,-7.3453647229951e-24,0.0,6.187770326258773e-09,279.4958171772643,-0.0034332694643634865,0.011528195683703902
1993-07-25,-0.020364274244523993,0.002386516096901759,-7.3453647229951e-24,0.0,4.125180217505848e-09,279.6677850051564,-0.0026705067099656093,0.0019242296936895556
1993-07-26,-0.01368926974844798,0.0025334624247362386,-7.3453647229951e-24,0.0,2.062590108752924e-09,280.72526627161636,-0.002492285433546298,0.00973766531974453
1993-07-27,-0.01632461330648196,0.002292917273138876,-7.3453647229951e-24,0.0,0.0,278.78119191387054,-0.0037126323513392,0.005069156925534286
1993-07-28,-0.028971376728876837,0.0021848995133308367,-7.3453647229951e-24,0.0,0.0,282.49436164755383,-0.002488101090667612,5.5409083932133044e-05
1993-07-29,-0.036134475579032786,0.00212949388108011,-7.3453647229951e-24,0.0,0.0,288.06994303471623,-0.0029049027858480897,2.6637955539886493e-05
1993-07-30,-0.03859817253499381,0.0020880330417115812,-7.3453647229951e-24,0.0,0.0,289.2648561157974,-0.0029845403738867093,0.0011354301440577692
1993-07-31,-0.031581586363625395,0.0020304053685085924,-7.3453647229951e-24,0.0,0.0,286.1868083005571,-0.0026723350540308628,0.0003276848353258933
1993-08-01,-0.029575015276165333,0.0019801594106491007,-7.3453647229951e-24,0.0,0.0,283.43561059696754,-0.0023321077901091282,2.4163807174320942e-05
1993-08-02,-0.02240325670457829,0.0019739762706271675,-7.3453647229951e-24,0.0,0.0,281.40336830153535,-0.002116367768096385,0.003641851035888586
1993-08-03,-0.011792032142816964,0.00198831245050592,-7.3453647229951e-24,0.0,0.0,279.2146640389653,-0.003184745030340839,0.008835260898379958
1993-08-04,-0.020363654499336824,0.0018934139424124682,-7.3453647229951e-24,0.0,0.0,280.7282529425038,-0.003058826403513467,0.004180417087689686
1993-08-05,-0.016307655616668658,0.0026338910315669866,-7.3453647229951e-24,0.0,0.0,281.30786488779074,-0.0028262814391130787,0.010102960265288919
1993-08-06,-0.018725551664829254,0.0018308448084330155,-7.3453647229951e-24,0.0,0.0,281.53360056473036,-0.0027418872551982017,0.004168393265054651
1993-08-07,-0.02751264375987026,0.001746103925220037,-7.3453647229951e-24,0.0,0.0,283.28671857327396,-0.002343497965169155,0.0004538238048503729
1993-08-08,-0.033790387802541594,0.001720115458224453,-7.3453647229951e-24,0.0,0.0,285.12577110764676,-0.0027028572466750605,0.0014160980275781073
1993-08-09,-0.03630031586366859,0.0016742142411948597,-7.3453647229951e-24,0.0,0.0,285.6703128850617,-0.0028383448235901067,0.0
1993-08-10,-0.02779066108040891,0.0016473187396755327,-7.3453647229951e-24,0.0,0.0,287.0832663965315,-0.00235340298064011,0.0006384101964659612
1993-08-11,-0.02198495997884179,0.0016382145511228488,-7.3453647229951e-24,0.0,0.0,285.19480934071225,-0.0020449474180317196,0.0025758218292786443
1993-08-12,-0.010475823308451702,0.0016604020433910822,-7.3453647229951e-24,0.0,0.0,282.3430514326653,-0.0026084329185765347,0.007152482362116797
1993-08-13,-0.026374470716142392,0.0016004531565359085,-7.3453647229951e-24,0.0,0.0,284.2405435127503,-0.002839487998372754,0.0039157682219467605
1993-08-14,-0.029460328110193803,0.0015274689527554704,-7.3453647229951e-24,0.0,0.0,284.26953947207346,-0.00240172566793396,0.00025041682561782774
1993-08-15,-0.026107146367851625,0.001523771444282963,-7.3453647229951e-24,0.0,0.0,284.8388375212243,-0.0023983698759206945,0.00243606830037117
1993-08-16,-0.03623307483681178,0.0014700691747126609,-7.3453647229951e-24,0.0,0.0,285.6091471239223,-0.0026482231388826154,0.0
1993-08-17,-0.037697841176542186,0.0014428274106171172,-7.3453647229951e-24,0.0,0.0,283.6496142658586,-0.0024373101144187195,1.72645036400354e-06
1993-08-18,-0.03086905467644923,0.0014166059130329197,-7.3453647229951e-24,0.0,0.0,282.75812685691704,-0.002164565100424034,0.0
1993-08-19,-0.020200945689516553,0.0014542341232299805,-7.3453647229951e-24,0.0,0.0,283.2910279958262,-0.002085260852203194,0.0055400034465017695
1993-08-20,-0.02430048942734293,0.0013769823784208568,-7.3453647229951e-24,0.0,0.0,284.9173560456817,-0.002337176536899165,0.0010185059854539776
1993-08-21,-0.028743576489936168,0.0013632751622442473,-7.3453647229951e-24,0.0,0.0,286.36564156340114,-0.0026806770366127213,0.002231694210720601
1993-08-22,-0.02145951405420142,0.0013326086566946601,-7.3453647229951e-24,0.0,0.0,281.805198999897,-0.0018744330516474396,0.0014954305301278325
1993-08-23,-0.025109912253032298,0.0013053215156167241,-7.3453647229951e-24,0.0,0.0,282.86095599445696,-0.0023379191272171205,0.0007303970343972867
1993-08-24,-0.03656227853001848,0.001279369333369584,-7.3453647229951e-24,0.0,0.0,286.5780874600743,-0.0024080855119447252,0.00033208652067992647
1993-08-25,-0.02496562022610573,0.0012911697902248404,-7.3453647229951e-24,0.0,0.0,283.7185606516463,-0.0021194382439141224,0.0035942897284771767
1993-08-26,-0.022104182527900418,0.0012442341632088701,-7.3453647229951e-24,0.0,0.0,281.93665543967495,-0.002071161265090361,0.0013095220602716024
1993-08-27,-0.023813094375497206,0.0012172934530818532,-7.3453647229951e-24,0.0,0.0,279.9853772596227,-0.0020926215891110696,0.0004032484150812928
1993-08-28,-0.031784294478300605,0.001193718637450267,-7.3453647229951e-24,0.0,0.0,282.7195133022445,-0.0019064650970832102,8.577378735360283e-07
1993-08-29,-0.01934690179966264,0.001189055752619512,-7.3453647229951e-24,0.0,0.0,281.0370233683039,-0.0014955868186839558,0.0019799031274799306
1993-08-30,-0.01741753417556569,0.0011631662899491478,0.001743927289312618,0.0004042726494161423,7.779089113076529e-05,275.98030425105844,-0.0018611584111290465,0.001321948938450571
1993-08-31,-0.02761310827260637,0.001137565084769901,0.002163931923846516,0.0,8.924900012164466e-05,278.6027952758157,-0.001779224639390148,1.7225738702109084e-06
1993-09-01,-0.022663859576828736,0.0011204174682918917,0.0015172581214689268,0.0,4.628127030396866e-05,279.963050422022,-0.0013507340619035363,0.00031861406953184664
1993-09-02,-0.015201083894840069,0.0011526681272323524,0.005122125485522599,0.001397021998793392,0.0005331680831094247,277.1026926633329,-0.0026136092357547944,0.006657143299086674
1993-09-03,-0.02463208164198924,0.0010897672950884716,0.005922134313206216,0.0,0.0005156916834540287,280.7397106084447,-0.0016996157855468956,4.261732051702438e-07
1993-09-04,-0.02324757868118879,0.0010854757606646437,0.0026733628325094163,0.0,0.000266529493412729,281.97621743872116,-0.0016459287433637738,0.0019218076725762802
1993-09-05,-0.00747751090991295,0.0012024265561400161,0.001305071872057439,0.0,0.00013774340856546739,279.03750475651805,-0.0026176535224510453,0.013457919351958865
1993-09-06,-0.007247538679400407,0.0010862489372996961,0.0012869107521186443,0.00015169158998855765,0.0001199642817179362,277.7577431026825,-0.0018639540415530825,0.0047257234988904405
1993-09-07,-0.014139325773648622,0.00103290084391664,0.0008225378119114878,0.0,6.905467496753413e-05,278.77280703327307,-0.0015219722816583801,0.0013817158964394176
1993-09-08,-0.02351783039206165,0.001006471908698648,-7.3453647229951e-24,0.0,3.728674629987297e-05,280.58006609900525,-0.0017348346800285545,8.395985560127883e-07
1993-09-09,-0.021288086255054694,0.0009916318675219002,-7.3453647229951e-24,0.0,1.5519927703054613e-05,281.3711629641258,-0.001449164666109166,7.0348970852867085e-06
1993-09-10,-0.02283970897985717,0.0009777128359692246,-7.3453647229951e-24,0.0,9.895370757512454e-06,281.46459376160936,-0.0017388655809359363,0.0
1993-09-11,-0.02875067276806481,0.0009709993998209636,-7.3453647229951e-24,0.0,3.874070395184102e-06,284.38989137839917,-0.0020021478050930353,0.0007909593372184677
1993-09-12,-0.02009543486065784,0.0009741792402698496,6.32190883945386e-05,0.0003242895512257593,1.2152865108123607e-06,280.5511469400985,-0.0019459243874344451,0.003277978857884098
1993-09-13,-0.012441650411840213,0.0009392354279588171,0.018324340130649718,0.003779756631386482,2.739877350586282e-07,270.653686817981,-0.0009713095197148916,0.0038718955833359626
1993-09-14,-0.018239815482648757,0.000932161249009903,0.02597798780308381,9.242247390208271e-05,0.0004195750685734937,272.8904423830424,-0.0011258791542827745,9.98823151076581e-05
1993-09-15,-0.02162406757726508,0.0009262971790496914,0.02117793483698211,0.0,0.0008148399239542796,277.535764054839,-0.0014471874945918047,0.000105249292330607
1993-09-16,-0.008568992091100769,0.0009210268824787465,0.020374477695386063,0.0011553445694136755,0.0005810374320395249,275.1765676523557,-0.0010521201795693172,0.0025998904879134116
1993-09-17,-0.006567297682250287,0.000936494035235906,0.01999240451388889,0.0004692632220895951,0.0009681682423346461,275.5672045849587,-0.0014477914230803313,0.004293033632181459
1993-09-18,-0.0050915739798949936,0.0009609912074891862,0.016225466395951037,0.00016604530188323415,0.0011309034133193184,276.17370808416393,-0.0017106759830214883,0.005958012638747005
1993-09-19,-0.0077719481735579726,0.0009522864037314377,0.009602864583333334,3.186886930196299e-05,0.0006618695701919707,275.9517612924235,-0.0021028243121033337,0.006302696399061936
1993-09-20,-0.017975596805750314,0.000879807408246617,0.007517324329096046,0.00023960569441992016,0.00044273826067393787,277.0813988723324,-0.0017754268743055692,0.001271186844697672
1993-09-21,-0.018277553599433036,0.0008902615409786419,0.0049841929290254244,0.0007105496222690001,0.00020862668542201911,278.269723321085,-0.0014173145916333981,0.0037646244979299107
1993-09-22,-0.010297931478185168,0.0008626595392065534,0.022986000765065916,0.002690473097865865,0.0005952287570568128,273.93080130180175,-0.0013072922204931578,0.0038699165407092423
1993-09-23,-0.016598087119854103,0.0008512328741914136,0.020309879281426555,7.031748523819918e-08,0.0008637834824411209,275.12629753586936,-0.0013055017817828617,0.0004698625892219727
1993-09-24,-0.019072989706939224,0.0008348064065653053,0.014384066766713749,0.0,0.0006368043858789456,277.37077038436286,-0.0012692609423045384,1.8829343009129759e-06
1993-09-25,-0.014391265514880252,0.0008297382438250181,0.010991385652071563,0.001213687498353969,0.0001918202802791434,276.27316792805993,-0.001025687829501885,0.0023626675545045345
1993-09-26,-0.014111899134129456,0.00082188592118732,0.03929537613288606,0.004207294034419087,0.0006103148568147994,273.33218013095325,-0.0014480655686666738,0.004918425820573387
1993-09-27,-0.019560959968863235,0.0008327718508445612,0.03585418873587571,0.0,0.002146497979170859,278.76560161971327,-0.001356680204007922,4.414425980314718e-07
1993-09-28,-0.015825663835315383,0.0008153725141859325,0.021500926906779662,0.0,0.0013647872407389226,278.45636493517634,-0.0011042202323001658,0.0002609629751249085
1993-09-29,-0.01849051560722502,0.0007980916291306922,0.01313071960334275,0.0,0.0008696859628803987,278.21027891514666,-0.0012239503626853734,1.2814997489840607e-06
1993-09-30,-0.02143215021844638,0.0007843654708000226,0.007869052348163843,0.0,0.00037642398922793614,280.67633957871834,-0.001339357125304513,0.0001836793739243416
1993-10-01,-0.006767419098460742,0.0008241503925646767,0.005835926465395481,1.4487990720123895e-05,0.00021690280718655237,275.51435129700855,-0.001742736999429552,0.004983084636238233
1993-10-02,-0.01348139488764402,0.0007689176811336799,0.004070849517419963,2.0928975552488858e-07,0.00022635270057424993,275.7243170370041,-0.001242362215357312,0.00024005231878555417
1993-10-03,-0.018343669630713384,0.0007596688587113288,0.0031595750941619586,0.0,0.00021360306290246672,280.50938050939993,-0.001260052882345383,3.002580335516212e-06
1993-10-04,-0.02378500446593021,0.0007511328505930929,0.0018639286134651603,0.0,0.0001169222770100933,281.1337190617276,-0.00127693621368058,3.481034127617022e-09
1993-10-05,-0.02259621238809521,0.000743320937884056,0.0009011593691148777,0.0,5.6375207453124274e-05,281.5976541953796,-0.0013459299685759734,8.52346317969932e-07
1993-10-06,-0.018200098500076662,0.0007367743610662257,0.0005406956214689266,0.0,3.400567056095533e-05,282.26434696506425,-0.001126728520470824,7.276239320693396e-05
1993-10-07,-0.003444496942105267,0.0008379068583418421,0.0040830335599105465,0.005754920848682102,6.62784286811527e-05,276.9795286534196,-0.001076694819970993,0.01477013784266332
1993-10-08,-0.002005791386305276,0.0007279883165143977,0.10397884850223636,0.017405926718213467,7.137319462447518e-06,268.5888776437935,-0.0005518349866240712,0.017902268730212122
1993-10-09,-0.004368253178515677,0.0007222549053235243,0.19787114892302263,0.005230330456953264,0.0002930409743287469,269.01874617308994,-0.0005058193695073748,0.005236768739269332
1993-10-10,-0.009522320397492857,0.0007361515430407336,0.18009463092926084,0.0002951040064210946,0.001631571958630772,269.40027863741375,-0.0009050362527707203,0.00029873805867750095
1993-10-11,-0.009419531387797858,0.0007555520130416095,0.15989877589453863,0.0,0.003250637465277634,272.2804186474357,-0.0007481477723199096,1.2874602361989673e-06
1993-10-12,-0.006981717538362169,0.000756962066989834,0.13618127280484935,0.00011349471527977853,0.00235336402294326,272.23184294619807,-0.0006128124219212829,0.002007566434515398
1993-10-13,-0.006939869395083628,0.0007443060140825261,0.12047995012358759,0.0002599459583476439,0.0023446467173638317,272.92215873517114,-0.0006381385396681937,0.0010347344254012308
1993-10-14,-0.006520104610313804,0.0007216915235681049,0.10684646635181264,0.0005510465405081626,0.0014151499875016133,272.48142767940317,-0.0007417064823083958,0.0014829393321758937
1993-10-15,-0.006324095367375067,0.0007037405913832498,0.101057207068032,0.0007458093476160771,0.0007567383601503859,271.6547242073016,-0.0007333779433942111,0.0013274304610861223
1993-10-16,-0.007259973572135645,0.000699599583943685,0.10124272635652072,0.00046652975350113245,0.0009055025454631633,271.70125099584436,-0.0007327046234813113,0.0008352081821787019
1993-10-17,-0.006974122871113363,0.0006952090872883123,0.09468656205861584,0.00024246296050858368,0.0007717537635800529,271.50600709933127,-0.000662291190971089,0.0008012393521050275
1993-10-18,-0.006267176088640245,0.0006845332471664343,0.09240653689971752,0.0006537123420144206,0.0005813012015348101,271.4723612000489,-0.0006409622781441711,0.0009885935039170045
1993-10-19,-0.007212915915553853,0.0006823733364794888,0.09070192038900661,0.0019132009375903568,0.0006988235028450099,270.817234973225,-0.000582205063247748,0.002308531029647407
1993-10-20,-0.006987277228953475,0.0006684598612920039,0.12423700307497648,0.0037486149092852065,0.00021849064377404875,266.9154159811706,-0.000668876788626283,0.003811343460421858
1993-10-21,-0.010790626460549521,0.0006918822978175966,0.11876866687264596,0.0,0.0019076886234310386,270.13275926665403,-0.0005740761062351325,0.0
1993-10-22,-0.012323993158205756,0.0006937403126625019,0.10168227143655838,0.0,0.0022071309724433275,272.1541574230302,-0.000631498104476996,4.351138045421976e-07
1993-10-23,-0.011390752122227083,0.000697690130627088,0.0839850646627825,0.0,0.002603365697682241,274.0761113750508,-0.0005982564025595364,8.551069186069071e-07
1993-10-24,-0.010234139438739605,0.0006819565669964936,0.0664503884180791,0.0,0.0018477373372363505,275.4949821788264,-0.0007385008489597315,0.0
1993-10-25,-0.009079567919679956,0.00064835676365653,0.05603464130178909,0.0001301662943794229,8.854580422242483e-05,270.91927086566125,-0.0005657459940698188,0.00018539692409940523
1993-10-26,-0.008902059436517921,0.0006436114594087764,0.05421140279249059,3.2639625550663404e-05,4.7628888807727796e-06,267.4425184928765,-0.00043258140926475584,3.4794160772905296e-05
1993-10-27,-0.01119451633112579,0.0006498590027545132,0.05127642787782486,0.0,0.0005554282395853162,270.8974684303988,-0.0004101105108015282,8.607346444478026e-07
1993-10-28,-0.007936630419081887,0.0006379413571061389,0.069856862788371,0.007361858388630011,0.0,269.8111068057475,-0.00046528961067482584,0.00744127671585999
1993-10-29,-0.005060094771748882,0.0006347418168170304,0.1054342668608757,0.0010443375061797557,0.0,258.9088098917528,-0.00037148512247423666,0.0010503382547471516
1993-10-30,-0.009437841210661636,0.0006489155151076237,0.10177353681144069,0.0,0.001012470215390631,264.1727042117361,-0.00044800154864788055,2.144434802175965e-06
1993-10-31,-0.011385968344359749,0.0006508562861189331,0.09125273106461866,0.0,0.001282099508127924,270.6880766981739,-0.00038349260654995,0.0
1993-11-01,-0.0065757558170685005,0.0006266449299235802,0.08521588284192562,0.0021363432377071705,0.0,267.6574768418422,-0.00036295461284238743,0.00215913501826254
1993-11-02,-0.0060907512229714696,0.0006308340083407817,0.09874959539783429,0.0006998722457279594,0.00041278187543322144,263.631544213735,-0.0003877009743940359,0.0007114525277966301
1993-11-03,-0.010281820334283645,0.0006224891055101729,0.09472702227518834,0.00029071959230185903,6.372662587354412e-05,270.94560109513856,-0.0006240497916768499,0.0002961870420824589
1993-11-04,-0.0049671052539415955,0.0006192105974854723,0.11643783655543787,0.005144154873944946,0.0,265.1533917536619,-0.0003890890396584226,0.005292823691803345
1993-11-05,-0.0033101388963602363,0.0006164511886693663,0.12953315346927968,0.0009593590041675136,0.0,259.2829854609603,-0.000292929968044246,0.0009656190197670392
1993-11-06,-0.006231342163463097,0.0006212842161372556,0.12938648518420434,1.0224364403277468e-05,0.000415432966698361,261.12718517497433,-0.0004106432062673704,1.1344919096952105e-05
1993-11-07,-0.005054303229191883,0.0006115746363408148,0.13169317730402544,0.0021915237108866377,0.0,263.04768506281795,-0.0003373955750027619,0.0021988559240675243
1993-11-08,-0.005244623427673923,0.0006168089007253701,0.13704358117055085,0.00011242515707420093,0.00042885892345743666,261.581285239613,-0.0003308099352538923,0.0001139840332128234
1993-11-09,-0.006278127389775833,0.0006143464206975733,0.13172582134239644,0.0,0.0004205556512720841,262.924650070133,-0.00034859036700536975,2.1457670982272248e-06
1993-11-10,-0.007062212095759009,0.0006112281212025443,0.1256581681820857,0.0,0.00037646357832992145,266.6593491398009,-0.000397309671434979,8.583068797918258e-07
1993-11-11,-0.009175066473120351,0.000618679543672982,0.11830774224635125,0.0,0.0009428873174102967,266.63359366882094,-0.0003858310891325865,1.275539318612573e-06
1993-11-12,-0.0039292345360174025,0.0006018515023808022,0.11047593168844162,0.0007054431963775117,0.00011729809987006215,266.88150969467597,-0.00023939281617854277,0.0007085758412948974
1993-11-13,-0.001573987220976986,0.0005974005171134647,0.129184413988936,0.006076121797501031,0.0,265.61069857423144,-0.00014317730220697695,0.0060835398522124315
1993-11-14,-0.0036607798883470442,0.0005950724000984667,0.20714964211099343,0.006917223355359277,0.0,263.40385412945363,-0.0002983024259660877,0.006922802396401929
1993-11-15,-0.005832273576219203,0.000601368856295354,0.20184475598811205,1.1365081967607056e-06,0.00047448955181628297,264.0345262214963,-0.00032611572220500585,1.1484838474941794e-06
1993-11-16,-0.0041358320642325835,0.0005931196744832616,0.19180924295256593,0.00024200624412735978,0.00014832898932324966,265.4716655961089,-0.00035584949504184187,0.00024458580771408514
1993-11-17,-0.006275982590718459,0.0005896964484015427,0.18863035730049435,1.0803341865539551e-07,8.617425705753477e-05,265.6564889645622,-0.00043938106904595583,1.391272121509246e-06
1993-11-18,-0.00526887544635999,0.0005883668775612352,0.18418272201624294,0.002150346267189683,0.00013857744213214703,265.0104104920296,-0.00047546178944366804,0.0021725858930128615
1993-11-19,-0.004152828396040168,0.000583565504537464,0.20147900482580042,0.0005446497119415952,0.0,260.975922435466,-0.00030264704577666893,0.0005464225333053242
1993-11-20,-0.006508887782271973,0.0005932318541289724,0.1969936679761064,0.0,0.000649458733992388,265.39356050652975,-0.00038041330158373733,4.351138045421976e-07
1993-11-21,-0.008153622980508427,0.0005933773719658285,0.18705332840454336,0.0,0.0007754670782277813,267.9045341333652,-0.00047764323630743784,4.351138045421976e-07
1993-11-22,-0.005803880718468274,0.0005817308937762417,0.1766805702683616,8.890887269865996e-05,0.00027026098200493617,266.59031898512904,-0.0004837469771336028,9.252051842328507e-05
1993-11-23,-0.0007636099632850475,0.0005744830363214353,0.23287981108757064,0.00730924682933732,0.0,258.12650346127384,-0.00012441920800566002,0.007313991704127263
1993-11-24,-0.0008909824793621646,0.0005722363284752194,0.2628215207891949,9.76486352540679e-05,0.0,249.8633377951642,-7.853273954768638e-05,0.00010318855434358437
1993-11-25,-0.0007117448721901846,0.0005700210225110674,0.24815423250647367,0.001608758322936667,0.0,250.23208922765127,-8.436282412648875e-05,0.0016148916071181646
1993-11-26,-0.0035858584073303786,0.0005677743146648515,0.2869624768273305,0.0030787384274315703,0.0,259.42747542817716,-0.00024296159692908413,0.0030811894216261257
1993-11-27,-0.005990779458802973,0.0005692962536030571,0.26858112457332867,3.639629668435134e-07,0.00020014008475562273,263.82630181537064,-0.0004146060048691971,6.617967691798668e-07
1993-11-28,-0.0053867488089254355,0.0005776276864574455,0.24926321026071094,2.0858742254602036e-05,0.0007583362992200475,268.96595827738446,-0.0003039062886083193,2.2899694358450476e-05
1993-11-29,-0.004431199345548274,0.0005636081352072247,0.23880746270303674,0.00013208187232583257,0.00013339455307876996,269.00494635486785,-0.0003217453568500314,0.0001346709747729563
1993-11-30,-0.003956880694055288,0.0005651133208625062,0.23239428848870058,0.00018025130706991854,0.00033211151379986675,267.6969253626247,-0.00023803710516563247,0.0001810462461353022
1993-12-01,-0.0033239182610969764,0.0005567432460138353,0.24616340594103112,0.0028932018384421614,0.0,266.0023893438939,-0.0002564719672930443,0.0029016046604013073
1993-12-02,-0.0014769016517757697,0.0005545380425318486,0.2660125904837571,0.006961233913898469,0.0,265.78364556881894,-0.00016734057690127424,0.007001851887975262
1993-12-03,-0.0027785520516546433,0.0005523743434140912,0.3292174258474576,0.003967426380531936,0.0,264.2755494414077,-0.00017999455669505447,0.0039743045291194806
1993-12-04,-0.0027962017194025934,0.0005501792424142698,0.32533117606814976,0.000269495603223305,0.0,266.709964310382,-0.00023491393332764255,0.000282172968056296
1993-12-05,-0.004039035341833945,0.0005480022416949947,0.3376326911193503,0.00283548572642655,0.0,262.50165867131983,-0.00035592350624712177,0.0028715908863782614
1993-12-06,-0.002192378970189283,0.0005458898968615774,0.3406437588276836,0.00019555143212194497,0.0,258.44469451185904,-0.0001573258495263461,0.00019753206584413173
1993-12-07,-0.0031317605052964166,0.0005437179473833849,0.3396814493585217,0.00023597373632387928,0.0,261.263397188061,-0.00020408954492396553,0.00023737297219745185
1993-12-08,-0.0038582468773685607,0.0005415526487059513,0.33377586695209516,0.0,0.0,265.74548671025565,-0.00023902012929741275,2.572496612174291e-06
1993-12-09,-0.005335121547098214,0.0005394139532315529,0.3251693352018597,9.097285189871061e-07,0.0,267.0800257321805,-0.0003478242831546708,2.2051312889178494e-06
1993-12-10,-0.004860610317038951,0.0005407570782354322,0.31720373006414787,1.4302210282471221e-05,0.0001855234768094316,267.94715425523657,-0.00027844697594811015,1.5992229267702264e-05
1993-12-11,-0.005601299937162022,0.000543445348739624,0.3068994784310264,0.0,0.0004414034176007503,272.339231976008,-0.00043361160462185495,1.2930447610415285e-06
1993-12-12,-0.0038883508430362424,0.0005329630132448875,0.2973821320327213,0.0015793318760260351,0.0,269.4174467866255,-0.0004215199174096356,0.0015847717355677304
1993-12-13,-0.005633536957751559,0.0005308426706130896,0.30451669351753763,0.00040729510161162776,0.0,263.0546913326572,-0.00043329854869404765,0.00041321019328203573
1993-12-14,-0.003685699007605429,0.0005324726219231126,0.30092492974635127,0.0,0.00019785286174655634,263.52151940412216,-0.00027785338671867455,1.293420723413874e-06
1993-12-15,-0.004312998367904944,0.0005265719304650517,0.2944427892537665,1.5813752082781606e-06,0.0,266.47743011014836,-0.00035737947387210395,2.4368197181231457e-06
1993-12-16,-0.002090156372994353,0.0005245111924780291,0.2896528513418079,0.00012695576764095977,0.0,261.1078382876409,-0.00016720187297817005,0.0001333539880992464
1993-12-17,-0.0014942375532651351,0.0005223807473640657,0.2887822670227166,6.195248267744895e-05,0.0,259.1689253841192,-7.914241382294456e-05,6.766342774601154e-05
1993-12-18,-0.0032261263179240262,0.0005235631587141652,0.28594108624646897,0.0,0.00017106604609785784,261.15844611618706,-0.000226321435496632,1.7213343994626484e-06
1993-12-19,-0.0022952638692775016,0.0005181946155041625,0.3062394711481874,0.003483487177366591,0.0,260.2652869107809,-0.0002116808236318793,0.003487614386487896
1993-12-20,-0.0029163567696587514,0.0005161023493540489,0.3332673555938089,0.00017753723314252952,0.0,259.602968417094,-0.00018068381432591186,0.00018039201140638688
1993-12-21,-0.002013562131399489,0.000514015134445018,0.34709900247175146,0.003021143292639889,0.0,259.22259399715796,-0.00021514481217679333,0.0030237178681260454
1993-12-22,-0.0016225300687181074,0.0005119394952968016,0.3658571404925848,0.0007173497503423421,0.0,257.7222754304243,-6.520047278727516e-05,0.0007233985736204135
1993-12-23,-0.0020960440996003016,0.0005098827562089694,0.41249512638300384,0.006988402035108393,0.0,258.6276577376601,-0.00021181209275951494,0.006992845464560946
1993-12-24,-0.002491856067530853,0.0005078112422409705,0.42719436904131364,0.0026245320920890336,0.0,263.75679693204086,-0.00015317501321350787,0.002629475085073871
1993-12-25,-0.005068476801201449,0.0005057620800147623,0.4329696051818503,0.00031405935684839886,0.0,265.8470582153838,-0.0002980770616881592,0.00031562545205240196
1993-12-26,-0.004268270301616799,0.0005037095923881747,0.4220522433350989,3.316981644280213e-07,0.0,266.7747017129442,-0.0002587052788269722,3.275729842105154e-07
1993-12-27,-0.001645996493134795,0.0005016653551220222,0.41675770215395486,0.000829147353852536,0.0,264.1861370647021,-0.00012941988932210847,0.000833504482748872
1993-12-28,-0.002939335370467881,0.0004996211178558696,0.41474526615466106,1.641026156096809e-05,0.0,262.6631488620449,-0.00010008086045246342,1.7701501895219584e-05
1993-12-29,-0.002372707729622469,0.0004975651785478754,0.40829186161134656,0.0003338545181993711,0.0,262.67347908020025,-0.00011408100651819157,0.00033536371527962745
1993-12-30,-0.003751350956111305,0.0004955108387995575,0.4052295289695151,8.298117814764465e-05,0.0,264.6643868534354,-0.00015140313255248097,8.781978870034323e-05
1993-12-31,-0.0022776787311343826,0.0004934250971691757,0.40343433674670437,0.0026775624834548283,0.0,265.81992701801653,-0.0001886444282060289,0.0026831425684320054
1994-01-01,-0.0031387800045606113,0.0004913292530566287,0.4197630226724341,0.00048085230555238026,0.0,264.59996018706073,-0.00019636691290106478,0.0004847419463754643
1994-01-02,-0.004032645942801136,0.0004891969558209349,0.4527295933380415,0.006886779672681949,0.0,264.65502495415467,-0.00031206384827356555,0.006927539929568548
1994-01-03,-0.003772204373515932,0.0004870516095457778,0.4729279771362994,0.0028933974898467637,0.0,265.7358667370066,-0.00026337354112479646,0.0029161329154914384
1994-01-04,-0.0022746724850040375,0.00048488950998769645,0.47682457185734467,0.0001042655295571365,0.0,264.349284813229,-9.525066904597364e-05,0.00010684183082715256
1994-01-05,-0.0026856147720988864,0.0004827407120311328,0.480572429304967,0.005211616408521847,0.0,266.4164418617436,-0.00020010365267931408,0.005276348269891088
1994-01-06,-0.0013038666319038909,0.00048056051219250525,0.5626029896421846,0.006376378069826439,0.0,259.46748058944104,-0.00018050252738813897,0.006393076235257542
1994-01-07,-0.0014856297333361742,0.0004784298145164878,0.5913727323887713,0.0019237774155907714,0.0,257.2027002287899,-6.186553819031366e-05,0.001925293553952255
1994-01-08,-0.002708389092299898,0.0004762645158390541,0.6022629674994116,0.0008897470089338595,0.0,262.5091308047767,-0.00010534292770981116,0.0008945358917374681
1994-01-09,-0.001787494215588112,0.0004741239682429255,0.5964732484404426,0.0013366198472384008,0.0,262.7475800307682,-7.031580149117163e-05,0.0013403259763933707
1994-01-10,-0.002777464351074844,0.0004719916710072319,0.5983640739024246,0.00035413211516741315,0.0,262.20041421577764,-0.00010264743814023877,0.00035680232748473435
1994-01-11,-0.002807771502915075,0.00046985112341110314,0.5865188857256356,0.00010222560689274203,0.0,263.2615955410255,-0.00011140862111486286,0.00010835368417253264
1994-01-12,-0.0021009957049526067,0.00046772547697616847,0.5754504877295198,0.00035793645738881866,0.0,262.7523676949482,-6.381852689099178e-05,0.00036105058960995436
1994-01-13,-0.0030228936739560576,0.0004656147317024275,0.5909515783162665,0.0038171911896285366,0.0,265.1963677558971,-0.0001207670607304169,0.0038280120844431517
1994-01-14,-0.0033281743526458745,0.0004634989351876038,0.6431314644391479,0.009689062665411308,0.0,267.8067118793782,-0.00014396884220804873,0.009710982519535177
1994-01-15,-0.005290179392375516,0.0004613748883123452,0.6456473542696564,0.00021688111842015371,0.0,268.77104848656955,-0.0003031104234820705,0.00021788851679252347
1994-01-16,-0.002941332083974181,0.0004592723933990393,0.6451418314500942,0.005791251458185541,0.0,263.7290185148882,-0.0003284734100271753,0.005842962379072003
1994-01-17,-0.0009319703120969784,0.0004571930500073622,0.7222870505237758,0.008104348039559726,0.0,261.84103429474624,-9.051348887762781e-05,0.008116125378365778
1994-01-18,-0.004360751917133224,0.0004550855038529736,0.7747246406397128,0.0025281115398231874,0.0,264.63906486425026,-0.00015611073665194595,0.002530265156255062
1994-01-19,-0.005030020608403589,0.0004529912593001027,0.7522974966160547,0.0010707648418380718,0.0,267.4193563982143,-0.0003677679509934733,0.001079679714084345
1994-01-20,-0.004240081345630905,0.00045093746676956874,0.7309059962040962,8.026950355976989e-05,0.0,265.816262940229,-0.00013332176259008504,8.216682966566351e-05
1994-01-21,-0.005862530931241095,0.00044887382431892353,0.7093156430231874,0.0,0.0,267.1981163491862,-0.00017438969432802525,2.5654308615230548e-06
1994-01-22,-0.006534312699137435,0.0004468125812077927,0.6883110434322035,0.0,0.0,268.37991726690325,-0.00021310344780400652,2.5853888701021788e-06
1994-01-23,-0.006326056469631735,0.0004447579888974206,0.6683804786811441,0.0,0.0,268.25731061946203,-0.00025799846287164315,1.283423557651986e-06
1994-01-24,-0.00470738866403278,0.0004427132465071598,0.6511979902306969,0.0012962581579294584,0.0,268.40673961747166,-0.00021700425294496247,0.001299752690697794
1994-01-25,-0.005626207691127971,0.00044070495724004546,0.6441730851282957,1.6638556611066485e-05,0.0,265.99883053666457,-0.00020253599363531771,1.834680343861404e-05
1994-01-26,-0.003698329467557918,0.0004386801672520611,0.631075009563324,0.0011983132463390545,0.0,265.61870884940225,-0.00013946111466588273,0.0012381779608412382
1994-01-27,-0.00229393219375341,0.0004366700258632165,0.6602794697504709,0.0037320141107012325,0.0,264.4580712147801,-0.00012692481826590953,0.0037382254323821956
1994-01-28,-0.001525709942235785,0.00043465188667599097,0.6627450141978579,0.0005185406886588382,0.0,260.31158010479203,-7.928223849016396e-05,0.0005212850489858855
1994-01-29,-0.0020611358564452268,0.0004326816500916993,0.7113540563206215,0.009137182080813048,0.0,260.8413964934268,-0.00019427869826723625,0.009147671016493813
1994-01-30,-0.0019803811180389534,0.00043069651234621385,0.799827446371822,0.0029920404198142767,0.0,254.59481069776749,-0.00025322193563994717,0.0029978660411756476
1994-01-31,-0.0015334637235786958,0.0004287459756021446,0.8128579349841102,0.0007968578424494147,0.0,253.24544192527873,-3.7182674948441786e-05,0.0008024568524091217
1994-02-01,-0.0029006958597123963,0.0004267690882170942,0.8803602890330745,0.005335486288798058,0.0,257.5461803802663,-9.592994521398329e-05,0.0053412628774489514
1994-02-02,-0.0028329019324254186,0.0004248369043156252,0.8931861776865584,0.0010360058839038266,0.0,259.1893046247982,-0.00013648549168460115,0.001040345026274859
1994-02-03,-0.0031550440747859115,0.0004228765176514448,0.8796409707509417,1.7589115995471763e-05,0.0,259.3655232072101,-9.375053989348439e-05,2.07259971570865e-05
1994-02-04,-0.0025438713067668984,0.00042094088206856946,0.8620370983403955,0.00040890377456859005,0.0,258.37498003929124,-7.882078657042509e-05,0.00041439635931979444
1994-02-05,-0.004789705667118569,0.0004190318496887293,0.8489309767096281,9.229333050506938e-06,0.0,259.0944183335242,-0.00013203611650035882,1.0514588580984715e-05
1994-02-06,-0.004185415004606301,0.00041711616650813045,0.8319468812529426,3.312814370387018e-06,0.0,261.2576174439684,-0.0001245932706163428,3.589396541207918e-06
1994-02-07,-0.0016997663651482536,0.0004151970316461251,0.8161145226430085,0.00012602703382739915,0.0,258.82346734803053,2.8566125843484522e-05,0.00013437702147171303
1994-02-08,-0.0015294769473668546,0.00041329132466666447,0.8460210595427261,0.003854719890376269,0.0,256.69475940481647,-9.657605156555015e-05,0.0038592211995407814
1994-02-09,-0.00367150447294537,0.0004114086429278056,0.8610596162900189,4.1679010889624474e-05,0.0,256.1889588990005,-9.252097836490405e-05,4.3460658718306085e-05
1994-02-10,-0.0053488670685197005,0.00040952103622889124,0.8458688739553909,0.00013554340365242825,0.0,260.4892897273637,-0.00018846840297771715,0.00014011277315053558
1994-02-11,-0.002023996901040697,0.00040766975637209624,0.8446911598104991,0.0033359270816468926,0.0,260.40639586008655,-0.0001501854677489922,0.0033419811287728543
1994-02-12,-0.0042240278700650755,0.00040580862659519003,0.8610878924641009,2.643524926934539e-05,0.0,257.65626282700936,-0.00016525333568369603,2.8841879226339355e-05
1994-02-13,-0.006174281323696934,0.0004039655970988301,0.8454139264065443,0.0,0.0,262.0860493403146,-0.00017499402796818038,8.66825473622157e-07
1994-02-14,-0.009600072173075489,0.00040215077036518163,0.8245054198299201,0.0,0.0,264.9427466383537,-0.0005577902525326627,1.3049626659267233e-06
1994-02-15,-0.007425289453759706,0.0004002912401479517,0.8033366804967044,0.0,0.0,265.3032308962834,-0.00026481993770026895,2.5754934540600516e-06
1994-02-16,-0.009110094758413607,0.0003984780129739794,0.7814058637888419,7.677044572129762e-07,0.0,268.5698490142823,-0.0004861371928436609,1.6200507751829083e-06
1994-02-17,-0.00841426083260337,0.0003966812865208772,0.758932282471163,0.0,0.0,268.8106901596271,-0.0003855587483125892,1.7046928064701206e-06
1994-02-18,-0.0052339149649533855,0.00039487630970733986,0.7382200998999529,0.002438175812952936,0.0,269.8978634024295,-0.00031326195004127797,0.002518801433184295
1994-02-19,-0.004258520943296831,0.00039306308253336765,0.7534908431173494,0.0029616781042120554,0.0,263.8624659428713,-0.00045266890593167753,0.002991006956935603
1994-02-20,-0.006124083605189782,0.0003913243611653647,0.756384438265066,9.623321436219297e-05,0.0,261.10213365213576,-0.00032311631629696006,0.00010279565197470478
1994-02-21,-0.003405200264884928,0.00038953083383161467,0.746146394259063,0.000626252511631971,0.0,260.1622410898155,-0.00015611449877421063,0.0006291746530172722
1994-02-22,-0.00446681644620195,0.0003877639097009002,0.7434100422257534,0.00024489243909464045,0.0,260.3117867414112,-0.00016985904151773723,0.0002476499656883383
1994-02-23,-0.00434131305770012,0.0003860267878925733,0.7405610452713043,0.0004985172533046055,0.0,259.4349005065171,-0.00017338118773732483,0.0005044467872810362
1994-02-24,-0.002322430875005022,0.00038428301528348766,0.7728099068679378,0.009874297611120731,0.0,260.8341851710375,-0.00026657236582141816,0.00988015896182452
1994-02-25,-0.003990448043171295,0.00038253924267440194,0.9034844522422317,0.0008890265756744451,0.0,256.3855987591932,-0.00011688505567736546,0.0008919561059671605
1994-02-26,-0.006108046209408066,0.00038083352274813896,0.8885311837923731,0.00014143047780640382,0.0,265.79942912660306,-1.7364635684732665e-05,0.0001996252832203664
1994-02-27,-0.005100970424837986,0.0003790996000591644,0.866481974973517,0.0018246592901184063,0.0,268.3704173488581,-0.00015975925334766087,0.001837723312097954
1994-02-28,-0.006115036158911926,0.0003774021304933365,0.8858125331038136,0.005979572522774929,0.0,267.26675327035224,-0.0003907879719794807,0.005994891274194306
1994-03-01,-0.007140293591103312,0.0003757145108476197,0.8830244563618174,0.0005668050235947647,0.0,269.2114158565716,-0.0002615411455432574,0.000570946780256282
1994-03-02,-0.009812363670707423,0.00037401039048103296,0.8538832152630651,0.0,0.0,271.2196483540221,-0.00031445078593862936,8.583068051848386e-07
1994-03-03,-0.012629829978538773,0.0003723344728771576,0.8230578176494823,0.0,0.0,272.77272362718026,-0.0005013669056996788,8.601420518061786e-07
1994-03-04,-0.011711436644785824,0.0003706849059142636,0.7938108282574154,0.0,0.0,272.2822823138336,-0.0005301371279914501,4.2319288695580326e-07
1994-03-05,-0.007652489184323004,0.00036904039019245214,0.7713903509739879,0.0006484752363067563,0.0,269.98050296373964,-0.0005246636242011173,0.0008042623094246212
1994-03-06,-0.008042541348328025,0.00036736927126760537,0.7984005340748588,0.0061213921987067505,0.0,267.02324728238386,-0.0006037841703595416,0.006138927424237954
1994-03-07,-0.005950438395395117,0.0003657197043047113,0.8050281934145481,0.00023256381184367814,0.0,262.8952089011557,-0.0004780216794987183,0.00023728247580368582
1994-03-08,-0.007119164965247031,0.00036407013734181726,0.7941761196445387,5.4198974943430416e-06,0.0,261.0317714569034,-0.00033603658594485736,6.685982550658535e-06
1994-03-09,-0.007484575575691159,0.0003624652738625047,0.7834838177524718,3.660255569522664e-07,0.0,262.05993667430124,-0.00028299946485266177,3.6230026665380453e-07
1994-03-10,-0.011544357837930239,0.0003608388584212395,0.7726774916137007,0.0,0.0,267.3005326624869,-0.0003159362875388167,4.261732051702438e-07
1994-03-11,-0.005926836134686982,0.00035924889610312085,0.7622911701094633,0.002725212398053563,0.0,268.5941577056483,-0.00025503475766229094,0.002849183766068173
1994-03-12,-0.009455214365053985,0.0003576472317431606,0.7808888465895716,0.001758778520391486,0.0,267.34602945043997,-0.0004447769415748995,0.0017732038672011313
1994-03-13,-0.012526066205595848,0.00035604901906460693,0.7680211183939502,0.0,0.0,270.4043535925799,-0.00041261899395514346,0.0
1994-03-14,-0.014822558873454059,0.00035450030854866334,0.7501636799670435,3.4327392524245095e-08,0.0,273.4523593952876,-0.0008024385746168552,4.630304325771871e-08
1994-03-15,-0.01397782458929019,0.0003529417481126085,0.7326368199005415,0.0,0.0,271.8750256683867,-0.0006185518472460705,2.1554981231020065e-06
1994-03-16,-0.014770710535642117,0.000351369886075036,0.7151552476900895,0.0,0.0,274.9471238957062,-0.0007763534973738559,4.3482657474669395e-07
1994-03-17,-0.019702100821134064,0.0003498544295628866,0.6956212390389596,0.0014208595421017903,0.0,271.8637678035011,-0.0015128934650687177,0.0015214415929630516
1994-03-18,-0.014412417544820215,0.0003483206202081368,0.6894922058910076,2.4494309883333196e-07,0.0,270.3063201437338,-0.0007847917955473992,2.5215798895244965e-07
1994-03-19,-0.012393865797479274,0.0003467918620944697,0.6783102434233758,0.0014216415373618995,0.0,271.86466105330015,-0.0007749790336284261,0.0017702315150007694
1994-03-20,-0.00922637192879693,0.0003452463506978784,0.7009394586423023,0.0031099552446502755,0.0,264.95679713822136,-0.0008535241750253122,0.0031813275678333457
1994-03-21,-0.013540341229425311,0.0003437340933050814,0.7004134758268598,8.08261713739169e-06,0.0,266.5786586804579,-0.0006270460984380232,6.630927482437931e-05
1994-03-22,-0.008389946094340526,0.00034224658699358925,0.6960667611964455,0.004177740359373685,0.0,268.47034821806653,-0.0005501128238557423,0.004219378320465304
1994-03-23,-0.0043819016740147005,0.000340757481122421,0.8252383014801082,0.0168653906317754,0.0,265.4230928331221,-0.00043633028254502244,0.016925185447256498
1994-03-24,-0.009506962014793676,0.0003392750260520116,0.8725553753236818,0.00027066999572818563,0.0,262.052214954757,-0.00041103332519194503,0.000275471338192678
1994-03-25,-0.008986810338025713,0.00033782052118225964,0.8598124760916903,0.0001442111860224083,0.0,263.42155520480463,-0.00041601441716406987,0.0001477712003577702
1994-03-26,-0.005388757603316657,0.0003363181137095737,0.8589954555820387,0.004529922442921138,0.0,261.9456149171301,-0.00034089409614686917,0.004533655135256238
1994-03-27,-0.006395450924749429,0.00033484045731819285,0.9230138631414784,0.003935941489739607,0.0,259.03449673122833,-0.0004378669174377528,0.003964223335625747
1994-03-28,-0.004305424705400306,0.0003334109560918,0.9341675494350283,0.004192282251045529,0.0,262.60687772388064,-0.00010362829970943052,0.004196208580739081
1994-03-29,-0.007283815430045801,0.00033195485166237184,0.9770257235022364,0.0031985620320853546,0.0,262.20690111925376,-0.0003870103855506848,0.003201457435113239
1994-03-30,-0.013557035118173072,0.00033052694999565515,0.9728507349046611,0.0,0.0,266.1655957389013,-0.000388649523805427,4.2444982639722184e-07
1994-03-31,-0.017403765081685816,0.00032911714860948466,0.950482212217514,0.0,0.0,270.033883445007,-0.0005046835348094252,1.2848598771597608e-06
1994-04-01,-0.01551158987196152,0.00032769084650244415,0.9257899857285783,2.2090466345770885e-05,0.0,270.91525994855806,-0.0006733257639206063,3.170865126659437e-05
1994-04-02,-0.009766237252512895,0.00032630099751855025,0.9110178687029191,0.001826850834202632,0.0,269.52460877010833,-0.0004610577282511582,0.0018641136460335345
1994-04-03,-0.012753015689257175,0.0003249127480943324,0.8966220776689031,0.00012864437648805522,0.0,270.78858369802134,-0.0006238464476530162,0.00022674677112677095
1994-04-04,-0.004430632933048205,0.0003235859554366204,0.9606071515271895,0.019358932698345457,0.0,267.8642080310599,-0.000610920611116509,0.020084825349504443
1994-04-05,-0.008374273019321896,0.00032213784880557304,1.0449418752206923,0.0016978733704588508,0.0,263.7504977102334,-0.0004461206085348533,0.0017012860893120662
1994-04-06,-0.009715237270640789,0.00032078445294482565,1.0295263028189738,0.00046924621624461676,0.0,265.3431964198973,-0.000369922489475059,0.00048542003856731766
1994-04-07,-0.006378266265836813,0.0003194010021996364,1.01180104975871,0.004061956695244138,0.0,267.17673650479367,-0.00027596283346246195,0.004094075842884408
1994-04-08,-0.009118931736313018,0.000318055856699324,1.0536035799935264,0.004407240614547569,0.0,264.99652275257864,-0.0005247404819912156,0.004430921904388612
1994-04-09,-0.013796151736698582,0.0003166841079959762,1.0361631576624295,3.104120240373127e-05,0.0,265.5578971115658,-0.0005267250146401131,6.0227073901975825e-05
1994-04-10,-0.01136132674870518,0.0003154166674209854,1.039739518964807,0.004309610879353885,0.0,269.6078371382029,-0.0005581427818048473,0.004508548167740176
1994-04-11,-0.013350645743184172,0.00031402176719600876,1.0207570106520716,8.043872013603901e-05,0.0,268.6227676693329,-0.00055021019178932,8.986347313759203e-05
1994-04-12,-0.016712008307209127,0.00031271787349787143,0.9967857116584274,1.4063497047639837e-07,0.0,270.34363958929896,-0.0006228615924463434,2.1292492822609905e-06
1994-04-13,-0.0167558799355717,0.0003114123802400578,0.9716162385240114,2.197195160186897e-05,0.0,272.008402143719,-0.0009008518257046825,0.00017044049198344604
1994-04-14,-0.010453726275492523,0.0003101018357411616,0.9629529245380181,0.005617123875914321,0.0,269.7705107974468,-0.0008105462374912818,0.00570194667342019
1994-04-15,-0.01445772439914908,0.00030879954160270047,0.9803551855284841,0.0004301784654795114,0.0,267.77424742273024,-0.0006228652861663851,0.00043501089511488775
1994-04-16,-0.02121560519697976,0.0003074956479045631,0.9604696787458805,0.0,0.0,274.44734987880327,-0.0006975224188997247,1.7195939108205494e-06
1994-04-17,-0.02207753950424787,0.00033796970116890086,0.9231003008768834,0.0,0.0018314038755866768,277.5328926151082,-0.0008883754180817955,8.583068833445395e-07
1994-04-18,-0.018807201777811106,0.0003907674618360014,0.87431010732992,0.0,0.004780480922278712,276.8381350458005,-0.0007004951216322555,0.0004910330313397529
1994-04-19,-0.016658289200168548,0.000536496945693668,0.8267762494850518,0.0,0.006839238591281709,276.1861871622377,-0.0005228179059712227,0.0008612908668420579
1994-04-20,-0.017218068494635117,0.0009495849158130798,0.7771338626265303,0.0,0.008355924933306917,276.8926001654731,-0.0004492102211899003,0.0008231543350976317
1994-04-21,-0.01902152475832546,0.0015626071536608336,0.7283264275100048,0.0,0.010354889546242137,276.96320755737656,-0.00048337369567930366,1.7062144479496055e-06
1994-04-22,-0.023573946986494766,0.00211160373216295,0.6740899669697505,0.0,0.012877204387033056,279.46971489570467,-0.0010039663826257497,0.0003162120863315345
1994-04-23,-0.022349627172879583,0.0007936891357777483,0.6260754141654897,0.0,0.0059282707292481335,277.11588479165977,-0.0010136204092937,6.324019135728395e-05
1994-04-24,-0.018373288298394047,0.0005536401844294059,0.5925081472163372,0.0,0.005690785430077105,276.39698663269735,-0.0009083041584508568,0.0007923414140990091
1994-04-25,-0.007701047859286185,0.0003521801051446947,0.5745325465660311,0.006374280310451648,0.0010168548399782451,273.34324430835676,-0.0006206957255042879,0.008111152204415146
1994-04-26,-0.005273832229234405,0.00029888504979300634,0.6893761126559558,0.015776465020779163,0.0,265.27485430801886,-0.0010251152608017466,0.015974178908922984
1994-04-27,-0.00647657583493971,0.0002982341131921542,0.7682314655426083,0.002050649479957624,0.0,263.32213746625825,-0.0003925550960551548,0.0020567924626129497
1994-04-28,-0.005524010602700509,0.0002987155806546831,0.7894137682438795,0.0025648571508752427,0.0,264.0986569004095,-0.00032713132684176923,0.0025717665245627817
1994-04-29,-0.009444482329875064,0.0002992899067657816,0.8026782824270245,0.0009087914716725969,0.0,265.6583654867054,-0.0003625710973631865,0.0009134272645257163
1994-04-30,-0.01570918853000059,0.00029996374232620847,0.7942683045697976,1.4091636669837825e-05,0.0,268.6369185295033,-0.0005126657269600421,1.6253439509768788e-05
1994-05-01,-0.01600262396416422,0.0003007950924210629,0.7837424412959039,0.00220271513539519,0.0,271.02389949504044,-0.0005733490853154727,0.0034141115884659297
1994-05-02,-0.015968530822945182,0.00031738909287641273,0.7949818756620763,0.0012725207765223617,0.0005203337950558313,272.4061623912747,-0.0007042636000419741,0.0018079281525860802
1994-05-03,-0.013648490616157234,0.0003073819949802032,0.783371862494115,0.0030980826181880505,0.00010666726841091439,272.77421733259933,-0.0007299951903816671,0.004805811551419497
1994-05-04,-0.0179963206167275,0.0003398825219795529,0.7831159976018127,0.0003952277077119903,0.0013885460583503639,273.32076886279435,-0.0008023736345986863,0.0008577512818759983
1994-05-05,-0.015295259738709295,0.0007906331349227389,0.7512510482874294,0.0,0.005043760573459884,276.032333639831,-0.0005798250289454972,0.0006474295577410788
1994-05-06,-0.015946487964546615,0.0005535529663333786,0.7169465318237995,0.0006181309578445672,0.005018778902999426,275.223041484136,-0.0006942941023215736,0.0039344148784034
1994-05-07,-0.023237049200777283,0.0013727139955186575,0.6881760994144304,2.062590108752924e-09,0.005590569922479533,275.6005772700193,-0.0009562228095986076,0.0
1994-05-08,-0.014724200938717794,0.002514240516107635,0.6421624882297552,0.0,0.008116789141112128,277.5543682471956,-0.00041453479289335046,0.002809333767594591
1994-05-09,-0.01707746698863089,0.0025014245072327093,0.6015507757326979,8.933772306657781e-06,0.010923538862143534,276.4136366799278,-0.00028903181480485844,0.0007934723869774166
1994-05-10,-0.020312436514318327,0.0033783160023770093,0.549113415504355,0.0,0.013977388456716377,278.5905472383661,-0.000387856599974767,0.00046581689910570756
1994-05-11,-0.018755655630496935,0.003417570038703876,0.4936829188000236,0.0,0.013849074915472399,279.2921495455582,-0.0002577495787524234,0.00021581747437601038
1994-05-12,-0.019361688381871262,0.006342717988342889,0.4402811801141714,0.0,0.018080866185285278,279.63085155882186,-0.0002367904746515603,0.0014905195620086168
1994-05-13,-0.007988048896277692,0.00630229661020182,0.3851194220074153,0.0,0.012839123501447636,277.52858999579195,0.00017190055848009843,0.008096332098804625
1994-05-14,-0.015346482817062551,0.0012581432606540831,0.3547977081126413,1.6155721104077702e-05,0.004447313793803339,274.7772964829555,-0.0008014511306491276,0.002035328914211709
1994-05-15,-0.020929461650255714,0.0016092794426416947,0.3325882676406544,0.0,0.007866997082354658,277.6402073122014,-0.0010942825942305524,0.0008477198538352406
1994-05-16,-0.02851165742692301,0.0025747942890824572,0.2960694738700565,0.0,0.011322824400191929,280.83544871587094,-0.001290427584011676,0.00073912998351328
1994-05-17,-0.02695843968856133,0.0016898806654127307,0.26133966535722697,0.0,0.007780109000744794,278.8550370354662,-0.001350669590177509,0.0011174334307507338
1994-05-18,-0.02303131446663269,0.0017947608468222753,0.2394258603313324,0.0,0.007151153885712059,278.538914125518,-0.0013223588992815234,0.0008623826790457223
1994-05-19,-0.020826232172338303,0.004802986726922504,0.20665699299670434,0.0,0.014449441500302763,281.77036222899704,-0.000777093840941871,0.0011962515475248325
1994-05-20,-0.025342001290307885,0.0016310801782176995,0.1768008014801083,0.0,0.004587377995084235,278.9510004435107,-0.001548804332223316,0.0015548704875155087
1994-05-21,-0.027259758847244717,0.0013639981632178786,0.16805150953389833,0.0,0.0008081297711127223,276.40399391188686,-0.0016636165795521549,0.0002679827859732525
1994-05-22,-0.030536580052079456,0.0016253881872037037,0.15806013491643128,0.0,0.003935496580634414,279.4626491029384,-0.0016060768505610989,8.52346317969932e-07
1994-05-23,-0.026524890151064275,0.002029499344233066,0.14242570952507064,0.0,0.004277458530192995,281.25865294030837,-0.0013792669810986115,0.00010199986830764438
1994-05-24,-0.017008126118762346,0.004424728242690954,0.12818946048140303,0.0,0.005591662000801604,278.9073090454504,-0.0010580067012437994,0.004138128621922737
1994-05-25,-0.018231812001621654,0.003413766790918038,0.11178307254884651,0.0,0.005051716783289183,279.11758352807686,-0.0012728810562925826,0.003974386231134637
1994-05-26,-0.01855345171386913,0.0063361777255764124,0.09706038135593222,0.0,0.007037153941089824,279.17597522124964,-0.0012978193807905004,0.006602126764033889
1994-05-27,-0.02670871508491915,0.004584658869915764,0.07717786311205273,0.0,0.00808408991091669,281.92026444343526,-0.0013671000619645173,0.0014362674480104178
1994-05-28,-0.023896793903267318,0.003919430876855796,0.05860570415489643,0.0,0.006219295879541818,280.6179585932788,-0.001490118766024625,0.0017683359861697717
1994-05-29,-0.031374617821752694,0.003385736275527437,0.04726511924729285,0.0,0.004231767129089873,280.9692646931794,-0.0022845734331735784,0.0005391973387987866
1994-05-30,-0.029153954763870452,0.004045195077772195,0.03568177304025424,0.0,0.00422786824447287,281.3314054959687,-0.00214289939609793,0.002522204134423854
1994-05-31,-0.024391569618114645,0.004159989077492623,0.026027183748234466,0.0,0.004950154741099999,281.44909033263474,-0.001850340841601124,0.00010308690663784911
1994-06-01,-0.021623298567903917,0.00427447806643901,0.01384061249411488,0.0,0.004033692812515518,282.19662517971466,-0.0026073560781650624,0.004191066299386429
1994-06-02,-0.026116041477117168,0.004187326141669926,0.0082796315913371,0.0,0.00127206296570557,280.4141789991304,-0.001900595507589774,0.00011584245083405687
1994-06-03,-0.027800906428509516,0.004249234489128415,0.005249253325094163,0.0,0.0012124050934772708,282.99250057098334,-0.0021996267118864817,1.7803974698815548e-05
1994-06-04,-0.029887249998453647,0.004201425839278659,0.002906238965395481,0.0,0.0007894755588412958,284.8424281499256,-0.002350290926794211,0.0003389692427360855
1994-06-05,-0.03048250239110936,0.0041127226783730896,0.001486912959039548,0.0,0.00037788258770764883,283.17218886122197,-0.002260601726797341,0.0002225972035247791
1994-06-06,-0.032680512905794344,0.004008291215546387,0.0009462173375706216,0.0,0.00024443959533158,285.2206241514274,-0.002477478246483426,8.039540152941382e-05
1994-06-07,-0.016957659211199162,0.0040406249674026585,0.0005406956214689266,0.0,0.00010183097868315918,282.56678446178836,-0.002412078275981933,0.009299587496176846
1994-06-08,-0.011852190908739122,0.0038535361741222234,0.009752981182321093,0.004363285240817205,0.0007230996833009235,275.665708064135,-0.0028291311230784085,0.009602019931636962
1994-06-09,-0.024120378671056136,0.00368579136112989,0.028111574564500946,0.0009123918279416145,0.0006658059392271743,275.3561047448053,-0.0022337993996291512,0.0024364922343000856
1994-06-10,-0.026867199626009346,0.003568205961399833,0.021989667931967986,2.706244503710903e-06,0.0011073105710711184,277.6562881649326,-0.002352335627090796,0.0010125258440848999
1994-06-11,-0.027479924682506734,0.0034518922116123355,0.013616701977401132,0.0,0.0013073357821857864,280.9174740750013,-0.0023201806944305615,0.0005675756325156002
1994-06-12,-0.027225968906771668,0.0033366373703304663,0.005324196680790961,0.0,0.000681943391676003,283.4971691138776,-0.002382730449534069,0.001558816365603
1994-06-13,-0.028742252854304127,0.003252313214506807,0.0019459984845809793,0.0,0.0003082279515805218,284.3468944815368,-0.002753911413631197,0.00322315181042515
1994-06-14,-0.02415322693391035,0.003196081115027606,0.0005588567414077214,0.0,6.857550161033029e-05,281.1081362938028,-0.003541908774125038,0.007138016579473949
1994-06-15,-0.021298353197210927,0.003010956749404218,0.004508785384298494,0.0018879857840342711,0.0003292698855117216,276.40029692784543,-0.001560451215564531,0.0021144164179043652
1994-06-16,-0.015651306105872332,0.003029109226108271,0.009301711834981167,5.410743172222612e-05,0.0007515272262406216,278.007110692687,-0.0023984523900484637,0.006847481959360557
1994-06-17,-0.024368992464690566,0.002851773369110237,0.004357749234934087,0.0,0.0005349917810852245,280.1289416670575,-0.0021950829942516013,0.0002123250799209249
1994-06-18,-0.030781278039439256,0.002768232324029093,0.0013813945533192092,0.0,0.00030187967806886144,285.7227136967546,-0.0026936323071519537,1.5084604567002348e-05
1994-06-19,-0.032801629543977945,0.002689664225793828,0.00011264492113935971,0.0,5.13611877031919e-05,287.76139022626,-0.0026614820521514296,6.413325078069827e-05
1994-06-20,-0.02485453888858106,0.002711081487984307,-7.3453647229951e-24,0.0,1.4847028726911815e-05,287.1550299757618,-0.0029268507808867823,0.006526777316616494
1994-06-21,-0.02887236255373659,0.002581572044367171,-7.3453647229951e-24,0.0,1.7665873813090353e-06,287.1663693968635,-0.0031565434936076235,0.0018680481476409335
1994-06-22,-0.015546672677589678,0.003109060606714022,-7.3453647229951e-24,0.0,2.8806806957654366e-07,284.8535518287041,-0.002616095903860984,0.013210825428445875
1994-06-23,-0.0268664605452516,0.0028576304515202837,-7.3453647229951e-24,0.0,6.486635423649503e-08,284.31466036507413,-0.0028941429583197935,0.004906214226437154
1994-06-24,-0.034478003569578725,0.0024066690334492483,-7.3453647229951e-24,0.0,8.250360435011697e-09,285.77219367880383,-0.0032612623299582534,0.000986864015593091
1994-06-25,-0.035230244872933726,0.002347183934712814,-7.3453647229951e-24,0.0,0.0,286.1287710832787,-0.002951705496821363,1.2964029565409874e-06
1994-06-26,-0.04315289038386049,0.0023017220914700615,-7.3453647229951e-24,0.0,0.0,287.76275232462336,-0.0032485759801278683,1.284479992591514e-06
1994-06-27,-0.04954588446913467,0.002256145585054732,-7.3453647229951e-24,0.0,0.0,283.47415699931867,-0.0030776043133126144,2.1565219867625274e-06
1994-06-28,-0.03575328531238319,0.002213127784809824,-7.3453647229951e-24,0.0,0.0,284.0743794593883,-0.0028007376286606333,0.00014998773133131931
1994-06-29,-0.03796550336867403,0.002168117185770455,-7.3453647229951e-24,0.0,0.0,286.53205122651354,-0.0029592065319503096,0.00010713343008409421
1994-06-30,-0.037885596607364506,0.0021231351262432038,-7.3453647229951e-24,0.0,0.0,287.2342637272205,-0.0027886241211392787,5.355342627622301e-05
1994-07-01,-0.0395997654920244,0.00208046956587646,-7.3453647229951e-24,0.0,0.0,287.8364285434932,-0.0029284464942533417,0.0003070317995623087
1994-07-02,-0.04246360492908349,0.002034258539393797,-7.3453647229951e-24,0.0,0.0,288.21664796890286,-0.0029324688922382344,2.6397364961225437e-05
1994-07-03,-0.03742816391806145,0.0019966147545367316,-7.3453647229951e-24,0.0,0.0,285.62136920921773,-0.002591393982707444,0.0008120064849452648
1994-07-04,-0.036461431175301984,0.0019495248121056857,-7.3453647229951e-24,0.0,0.0,284.1551749414419,-0.002433400685335957,2.754035970246032e-05
1994-07-05,-0.03569044627375522,0.0019128224943990764,-7.3453647229951e-24,0.0,0.0,284.74589463860747,-0.002663437792726156,0.000715000615943704
1994-07-06,-0.018621200348361063,0.0020037522423738815,-7.3453647229951e-24,0.0,0.0,282.93814211915446,-0.0029214422381614565,0.012952783516174874
1994-07-07,-0.008039664456063073,0.004931125937208618,0.00631593176200565,0.002153344136678566,0.0012755406610036302,279.0360849491845,-0.0038343377905966205,0.038061995122392306
1994-07-08,-0.01879301435698224,0.0018958473778040396,0.004436140904543314,0.0,0.0006355827011294285,280.637987646904,-0.0027458505589241368,0.002964767527445562
1994-07-09,-0.028509573832070086,0.0017798207910720912,0.001305071872057439,0.0,0.00022867648194065205,285.195329504498,-0.0027297889750640273,0.0001669916729469084
1994-07-10,-0.03607009780609002,0.0017542588171985864,-7.3453647229951e-24,0.0,5.591942765618449e-05,288.1066928511511,-0.0030542736567851516,0.0007842497973792298
1994-07-11,-0.0314713777121851,0.0017207967864591525,-7.3453647229951e-24,0.0,1.456718997093244e-05,284.9161500302188,-0.0027026808952207624,0.00013218451353965845
1994-07-12,-0.030016744035785484,0.0017598160242630267,-7.3453647229951e-24,0.0,3.325652941472113e-06,284.5248053671052,-0.002659487259169083,0.004822195519160342
1994-07-13,-0.015633249308093122,0.0025785176430718378,-7.3453647229951e-24,0.0,1.123816953540522e-06,281.3224356879398,-0.0030130460479501947,0.013832475667497889
1994-07-14,-0.02126679375851895,0.0016874753485965192,-7.3453647229951e-24,0.0,3.5154533251530705e-07,281.267159524835,-0.00280910374144208,0.0032979113570714403
1994-07-15,-0.021332213770871782,0.002729194144071159,-7.3453647229951e-24,0.0,1.2101931760540117e-07,282.16275946478834,-0.003129274647493484,0.008666857757132346
1994-07-16,-0.023046416246284878,0.0016656825266315439,-7.3453647229951e-24,0.0,3.6326842119464773e-08,282.3750727522396,-0.0031131426514373665,0.004212722889345298
1994-07-17,-0.029061685258385823,0.0015865970971220631,-7.3453647229951e-24,0.0,8.250360435011697e-09,284.96872285889594,-0.002748639638519894,0.00012501619629940746
1994-07-18,-0.03824702124137663,0.0015653881144388922,-7.3453647229951e-24,0.0,4.125180217505848e-09,288.43858348896725,-0.002928959258363746,0.00013151062740358242
1994-07-19,-0.025605528536489452,0.0016466764743718724,-7.3453647229951e-24,0.0,0.0,283.9513913242606,-0.003511309765784417,0.008083786347845935
1994-07-20,-0.024807353814442955,0.0016824953300131242,-7.3453647229951e-24,0.0,0.0,281.33108186093204,-0.003002168910609464,0.003908696743584357
1994-07-21,-0.029853513685323425,0.0015064112547427248,-7.3453647229951e-24,0.0,0.0,283.560649437195,-0.00272168131745131,4.374812642760387e-06
1994-07-22,-0.03445554465728965,0.0015229461556774077,-7.3453647229951e-24,0.0,0.0,287.10538277203983,-0.0028023267911989136,0.0026902737421041155
1994-07-23,-0.03365033780787625,0.0014660794519435216,-7.3453647229951e-24,0.0,0.0,287.4640293803817,-0.002899241523217347,2.7328401934272157e-05
1994-07-24,-0.025612506110452665,0.003193102650723215,-7.3453647229951e-24,0.0,0.0,286.39384982365897,-0.0031607576703789543,0.012298035284791346
1994-07-25,-0.01705886836105821,0.006680316002355458,-7.3453647229951e-24,0.0,0.0,284.98605928223463,-0.003342404993156256,0.029925547582281515
1994-07-26,-0.021761164995236587,0.0014266515687360603,-7.3453647229951e-24,0.0,0.0,284.01169886113115,-0.0026582981864948056,0.000964198863336649
1994-07-27,-0.02831501092782802,0.0014378340062448534,-7.3453647229951e-24,0.0,0.0,285.6300088447815,-0.002728190536131967,0.002368988121970225
1994-07-28,-0.030295754809164063,0.0014367925245209602,-7.3453647229951e-24,0.0,0.0,287.23718734784313,-0.002991673278774919,0.0029438490079571403
1994-07-29,-0.03079227055028334,0.001404423161415057,-7.3453647229951e-24,0.0,0.0,287.3696897366627,-0.003042608173300991,0.0020196218948579777
1994-07-30,-0.03030459927973774,0.001413070128462409,-7.3453647229951e-24,0.0,0.0,287.9122743049809,-0.002826240629294498,0.002828530640068933
1994-07-31,-0.024176041579852668,0.0025911426308464873,-7.3453647229951e-24,0.0,0.0,287.4065289434516,-0.0028573115498332657,0.00857929338158268
1994-08-01,-0.02398727219657036,0.002728961029295194,-7.3453647229951e-24,0.0,0.0,286.8204817260053,-0.0026015624677562447,0.00845975901109561
1994-08-02,-0.018715280681680154,0.0030505466090757294,-7.3453647229951e-24,0.0,0.0,285.4818676806663,-0.002953787949883332,0.01425808406168948
1994-08-03,-0.01899495245204807,0.0031285331410876777,-7.3453647229951e-24,0.0,0.0,284.19245031683687,-0.0032733429412720567,0.012169958897698889
1994-08-04,-0.021591430498381792,0.0023284174796551634,-7.3453647229951e-24,0.0,0.0,285.2619194670137,-0.002851294090518844,0.00850094145965102
1994-08-05,-0.03075384394933949,0.0013646826905719307,-7.3453647229951e-24,0.0,0.0,288.32139496524906,-0.0027805109966104317,0.001721435381148818
1994-08-06,-0.032271849107270864,0.001378513830529768,-7.3453647229951e-24,0.0,0.0,288.1108484214309,-0.0031018193474428805,0.002063163626619975
1994-08-07,-0.03134137341531657,0.0013509448301994196,-7.3453647229951e-24,0.0,0.0,287.6174337994132,-0.0027433772292514307,0.0004237314232762653
1994-08-08,-0.02733751899946881,0.0013628767876975281,-7.3453647229951e-24,0.0,0.0,288.2923163325998,-0.0027203539249587194,0.0011482163843356957
1994-08-09,-0.028965841157961702,0.0014216655728507177,-7.3453647229951e-24,0.0,0.0,287.17168178666105,-0.003126050403478456,0.005154208476831738
1994-08-10,-0.025744793947133644,0.0013758024085039474,-7.3453647229951e-24,0.0,0.0,286.3572024544754,-0.0031519711101796,0.0020887381276118652
1994-08-11,-0.024896494497013633,0.0014097864008219229,-7.3453647229951e-24,0.0,0.0,287.4354978909825,-0.0028756134485625954,0.004496532072450223
1994-08-12,-0.028243083233213697,0.001345488227019876,-7.3453647229951e-24,0.0,0.0,286.6943907405473,-0.002680061132473461,0.0003035559492581915
1994-08-13,-0.024068086329153027,0.001699882122756398,-7.3453647229951e-24,0.0,0.0,285.4708971609055,-0.003021892959957069,0.007579160208077495
1994-08-14,-0.030766478281910137,0.0013387225105264092,-7.3453647229951e-24,0.0,0.0,286.32310783616117,-0.002713124173046169,0.0006669617473173949
1994-08-15,-0.03238330646760046,0.0013788303749709481,-7.3453647229951e-24,0.0,0.0,287.638590882727,-0.0030690462428466076,0.0036960990078705185
1994-08-16,-0.034130326730046574,0.00132843186963076,-7.3453647229951e-24,0.0,0.0,286.9735874851321,-0.002754053816536052,0.0009288108281155494
1994-08-17,-0.03378009939261076,0.00131211164644209,-7.3453647229951e-24,0.0,0.0,286.411408153182,-0.002643132634923957,0.00010494268728589664
1994-08-18,-0.03383234694684293,0.0013043895616369735,-7.3453647229951e-24,0.0,0.0,287.7355514820911,-0.0025573428930704203,0.0001225521335444309
1994-08-19,-0.025944026892131333,0.0013190414440833918,-7.3453647229951e-24,0.0,0.0,284.9258383267793,-0.002672475646907664,0.0023702931769081148
1994-08-20,-0.029240554040771423,0.0012890502052792048,-7.3453647229951e-24,0.0,0.0,284.73119236430654,-0.0023961179221501463,9.759389548585437e-05
1994-08-21,-0.031107076185908026,0.0012868237023973197,-7.3453647229951e-24,0.0,0.0,287.1832593749023,-0.0024093253285450453,0.000762839480201732
1994-08-22,-0.028673640878523816,0.0012733657649681394,-7.3453647229951e-24,0.0,0.0,287.47713277568926,-0.0024251234954444033,0.00030603435743197194
1994-08-23,-0.03370420420068806,0.0012663163371005302,-7.3453647229951e-24,0.0,0.0,283.9921261020524,-0.0026322969598537786,0.0005304281656675283
1994-08-24,-0.03652875020173984,0.0012517706149041989,-7.3453647229951e-24,0.0,0.0,286.6325244759885,-0.002465356962155488,2.678252209377828e-05
1994-08-25,-0.03416242858784348,0.0012415612989899803,-7.3453647229951e-24,0.0,0.0,287.2817863205732,-0.0023160808230355636,4.6026858130470975e-05
1994-08-26,-0.035950620590293476,0.0012303796191673495,-7.3453647229951e-24,0.0,0.0,287.7887150572294,-0.002436711163507343,4.351138613856165e-07
1994-08-27,-0.031993710935789316,0.0012191523939876234,-7.3453647229951e-24,0.0,0.0,286.83200783738533,-0.0019350254560931252,3.861824552586768e-06
1994-08-28,-0.02943480785115291,0.001221391272410161,-7.3453647229951e-24,0.0,0.0,285.43078980383,-0.0020015535476264985,0.0014055597404420495
1994-08-29,-0.03159803421483875,0.0011971917866313525,-7.3453647229951e-24,0.0,0.0,285.5952080010021,-0.0021584856371253225,3.0080294989327507e-05
1994-08-30,-0.016945150570344118,0.0012554663554423275,-7.3453647229951e-24,0.0,0.0,280.3257887601403,-0.002247488620759404,0.006768413629768701
1994-08-31,-0.01005045042536353,0.0012047001197513214,0.0007455254678672316,0.00015055550272855383,6.278010748200498e-05,278.4750397173923,-0.00188131160023859,0.0031657198222562284
1994-09-01,-0.016997551640211526,0.0011705207285907984,0.0004687408044962336,0.0,5.060165994248147e-05,280.0047435185779,-0.0014439425878437228,0.0005917003669524889
1994-09-02,-0.02637942947741956,0.0011561562617619834,-7.3453647229951e-24,0.0,2.491649892707329e-05,283.5389554945089,-0.002070128117914254,0.0002708234186550182
1994-09-03,-0.03705623051372625,0.0011552347470138032,-7.3453647229951e-24,0.0,8.236774701183126e-06,285.6838392017027,-0.0025144332893571614,0.0014707857275557657
1994-09-04,-0.029448157944584975,0.0011300913526513484,-7.3453647229951e-24,0.0,1.3062193737191671e-06,281.2695702159472,-0.0017829374646988966,7.531821391003282e-05
1994-09-05,-0.026799203396517007,0.001117544406551426,-7.3453647229951e-24,0.0,1.182127217788481e-06,279.48677295749474,-0.0016791359916076825,4.4107436991680515e-07
1994-09-06,-0.02799486730900188,0.0011053452384000443,-7.3453647229951e-24,0.0,9.390467641043799e-07,282.1361226371004,-0.0018015189969775368,2.1457663024193607e-06
1994-09-07,-0.03035474467580601,0.001093086718165942,-7.3453647229951e-24,0.0,4.926433334242827e-07,284.2131722768148,-0.0018293008545024248,3.892190590645467e-05
1994-09-08,-0.03060073519157151,0.0010803074149762172,-7.3453647229951e-24,0.0,2.462900964553747e-07,285.63064641287997,-0.001836949270113377,6.153627029155168e-06
1994-09-09,-0.031191294307762622,0.0010814393981028413,-7.3453647229951e-24,0.0,1.068127020604193e-07,286.8529257801293,-0.002126639477361394,0.001779077181029869
1994-09-10,-0.02510417290663315,0.0010562693163499995,-7.3453647229951e-24,0.0,3.077047692853853e-08,284.86881693967547,-0.0016900341284308731,0.0001050669827922536
1994-09-11,-0.031102063207976562,0.0010476934876145617,-7.3453647229951e-24,0.0,1.197565073347361e-08,284.32269302195755,-0.0019478438748309842,0.0006771660288621074
1994-09-12,-0.027070268904421962,0.0010310451863175733,-7.3453647229951e-24,0.0,3.0938851631293867e-09,283.8245182683912,-0.0016344392324908307,4.247812152812646e-05
1994-09-13,-0.023641656263399934,0.0010349806924324254,-7.3453647229951e-24,0.0,1.031295054376462e-09,283.6550913270135,-0.002066544062421147,0.0020974690450858403
1994-09-14,-0.015341127028236283,0.0011187939152205732,-7.3453647229951e-24,0.0,0.0,281.03444447490455,-0.0018381618836757832,0.010670130366423438
1994-09-15,-0.01097214424003989,0.0012446350633761305,0.007476404337335218,0.0016203965507658189,0.0007514321155804027,277.0916492081407,-0.003280575534507717,0.01938472147728936
1994-09-16,-0.018157801175184844,0.0009924372879125305,0.005098906838512242,0.0,0.0003633864518612791,278.9561405577004,-0.0013682336393891082,0.00018706261101415604
1994-09-17,-0.018975901570023792,0.000983281071576695,0.0028223299935263655,0.0,0.000248493195253577,280.74732774350156,-0.0015721028554910998,0.0006075859573925146
1994-09-18,-0.018452644179769828,0.001017685327152748,0.0015397871056967987,0.0,0.0001229451243150032,281.064563014862,-0.0018598325445321998,0.00424582254415178
1994-09-19,-0.01768881583449531,0.0009730507930119833,0.0011510471839689266,0.0,5.85374964327462e-05,280.0849006961744,-0.001542139224876455,0.0015934023443711176
1994-09-20,-0.01444648942873303,0.0013132880804902418,0.000360463747645951,0.0,3.468940865858801e-05,278.743559444018,-0.0019215906386153175,0.0066599583221694176
1994-09-21,-0.012808872986648043,0.0009792580948037616,0.015267984566266482,0.005155936599114521,2.1761272755046353e-06,274.7123175655157,-0.0016243891674751615,0.008329492322046864
1994-09-22,-0.018545357057940488,0.0009463532159557451,0.030963789945268362,0.0,0.0012454493129152363,274.9523281305748,-0.0014080277480984814,1.7106532368416083e-06
1994-09-23,-0.021133650999284735,0.0009423145803354554,0.02090298927436441,0.0,0.0015404987448858003,281.5145672081554,-0.001450919625112566,8.52346317969932e-07
1994-09-24,-0.02488277823069675,0.0009216999603530109,0.011240353916548963,0.0,0.0008277422774814617,281.7244238880395,-0.0015062135407480145,1.2933664947922807e-06
1994-09-25,-0.023490448876962822,0.0009073887841176179,0.005944663297434088,0.0,0.0004745519241202349,280.98655785095445,-0.0014704817663983437,1.2875145216639794e-06
1994-09-26,-0.025022838959249397,0.0008951485325387643,0.0035591197328154424,0.0,0.00023289673072470114,282.0499621138061,-0.0015498295710501026,1.2947966752108186e-06
1994-09-27,-0.02261504366741342,0.0008854674080670892,0.0019002508533427498,0.0,0.00013839007265823713,282.05685860154324,-0.0014738081454557215,1.285064797684754e-06
1994-09-28,-0.024207588011598863,0.0008765443906945698,0.0012236916637241055,0.0,8.121306487059189e-05,283.1177191114695,-0.0015587697468571744,2.154542357857281e-06
1994-09-29,-0.014915123076762184,0.0008746106072334246,0.0005181666372410547,0.0,3.221369016978701e-05,281.8828801659766,-0.001155900226979606,0.0008109321365248684
1994-09-30,-0.011574547380040597,0.0009285780669605664,-7.3453647229951e-24,0.0,2.4379899272810943e-05,279.6146244903967,-0.0016753057512523093,0.005909071130267644
1994-10-01,-0.004386574913889675,0.0009570364645645445,-7.3453647229951e-24,0.0,1.2412635704218333e-05,277.89339859741557,-0.001870325435016115,0.008177339845423888
1994-10-02,-0.008546327845861684,0.0009139457159796679,0.007729970353695857,0.0037801592784412834,0.00037903186081156216,275.8444901877653,-0.0016220851385660767,0.008307983982920781
1994-10-03,-0.003031376391480872,0.0008537558007374996,0.12049397326683148,0.02339192088377678,2.470477826177737e-07,270.7326882967617,-0.0006120758509989512,0.025045312733208914
1994-10-04,-0.005954662074813735,0.0009349847244004072,0.19840701690501414,0.004828898709709362,0.005832189715093812,273.5227401683111,-0.00035187241616053776,0.004931947285844707
1994-10-05,-0.008771373432571606,0.000977620398257412,0.1503929238759416,0.0,0.00745566053536989,276.30500725927556,-0.0004649836738399194,0.0005911199723259878
1994-10-06,-0.0029201871257717327,0.0010559552133420093,0.1384744015566149,0.015557757584051899,0.0011827062268209999,273.5784896807482,-0.0003742672776603429,0.02247347589261955
1994-10-07,-0.0071469748676833466,0.0008437576267005361,0.2087409240377825,0.0015575186807220266,0.0008469354045593134,271.0995885234768,-0.0007363506040330661,0.002266349725486781
1994-10-08,-0.008637600152169245,0.0008380314556218811,0.20706550325153014,0.0003947135334634512,0.0012316250973670496,270.941242020458,-0.0009110790314310689,0.0004385574460968495
1994-10-09,-0.011610675329542429,0.0009999577440110978,0.18770620917196326,0.0,0.004517638950613933,274.0624243346536,-0.0009347843479807095,1.7262017877328617e-06
1994-10-10,-0.013812023367585436,0.0010064741817571352,0.15384905396657253,0.0,0.005064461085587572,275.79518281537935,-0.0010630191424808935,2.1550243900492205e-06
1994-10-11,-0.014710279297357227,0.0008848832320358795,0.1203987998028484,0.0,0.003801907449539772,276.3867009408955,-0.0012342915212535588,4.6801247131595435e-05
1994-10-12,-0.0073254294062064865,0.0008210149188499666,0.11966453882709513,0.005437773078848414,0.0006853408669516192,274.12836516285125,-0.0009481008348744469,0.0065417917771528
1994-10-13,-0.008201966093758405,0.0008599770776296068,0.13108328551671378,5.005438954143202e-05,0.0029389855088823936,273.4655561932063,-0.000766192562878132,5.2735360911309874e-05
1994-10-14,-0.011490360197037627,0.0008483633904133813,0.10995730527601226,9.96209975689818e-07,0.002417229747368118,275.93853122905153,-0.0009966634245494666,0.0001369343470150467
1994-10-15,-0.0061887887827420645,0.0008208167418248237,0.09920983036134652,0.005795213483316077,0.0004243549001587313,274.6256079521108,-0.0008325297280219988,0.007393364414622798
1994-10-16,-0.0025115014385368867,0.000804285208384196,0.20768137211629004,0.02421472667805893,2.9819370326349294e-06,271.83378902083285,-0.00044808237902862206,0.025648510220360625
1994-10-17,-0.002268478232251722,0.0007945785751450534,0.3532167711275895,0.013012717188583257,0.0,271.20261630185803,-0.00033434670902578173,0.013455476658935376
1994-10-18,-0.004279264201552182,0.0007920419260606928,0.40241432549140776,0.005171340758686012,0.0,270.80920349810765,-0.0005662591475467224,0.0054125180688905285
1994-10-19,-0.006366244185779055,0.0007953899728376315,0.40218489767243404,4.508056925178248e-05,0.00023512099211835596,269.7411942275455,-0.0005984889069772036,4.612409457815559e-05
1994-10-20,-0.008704644685747933,0.0008023806800276547,0.3856998881826742,0.0,0.0006626466089217677,271.05328308076736,-0.0007512833354836804,1.7241951013602375e-06
1994-10-21,-0.007316491992796883,0.0008037914074746904,0.36808796970633245,0.0013634150605753993,0.0005107299756195586,271.4252291713506,-0.0007769869019587836,0.0019624910954028204
1994-10-22,-0.007617011245361157,0.0007876486933164004,0.38674311808498124,0.0039446767693185536,0.0,267.8366564195709,-0.0009605290925940553,0.004177767442439651
1994-10-23,-0.006547794082743975,0.0007859163701871021,0.38199731859110175,0.0012012879222126332,0.0,267.1312550438775,-0.0005986621119292443,0.001236571935496896
1994-10-24,-0.006922949968421526,0.0007852294013998603,0.38185042041843226,0.00016958758992663886,2.9905946493822306e-05,269.29957504416143,-0.0005766803419775209,0.00017006728945478884
1994-10-25,-0.008187733801071254,0.0007911085408959686,0.3710505311322976,0.0,0.00041563479534987007,270.98841194828134,-0.0008743935406713163,8.761881709062891e-07
1994-10-26,-0.009581106741212857,0.0007995833448097531,0.35644853092631834,0.0,0.0009477803388894616,272.9091759661946,-0.0009244700504393228,0.0
1994-10-27,-0.0077854109096661805,0.0008072246097575473,0.33926190449917615,3.484914363440821e-06,0.001406331657100532,273.8895405447865,-0.0007987322633044195,1.2903226970952785e-05
1994-10-28,-0.005383334885546043,0.0007789098778686954,0.32777005355461397,0.007387523344681088,0.0,272.69422813817835,-0.0007379833914044888,0.007843568247590364
1994-10-29,-0.007071094534828165,0.0007774741467783007,0.3667189890830979,0.00039913477954891445,0.0,265.3435037149548,-0.0007634109128161338,0.000399864342847005
1994-10-30,-0.006635869626945022,0.0007759692136850735,0.3607881190413136,0.0,0.0,264.3313784518485,-0.0006000619476376954,8.583068797918258e-07
1994-10-31,-0.005825654556185513,0.00077442967959043,0.3553804731638418,0.00020332251396556363,0.0,264.99907660259817,-0.0005453227635073124,0.00020576119419501995
1994-11-01,-0.012711185267416098,0.0007728555444943704,0.34987604460922794,0.00011016337969208842,0.0,272.3762178367141,-0.001111263040937273,0.0001458377487915384
1994-11-02,-0.002964361996973975,0.0007711243999879913,0.43976439280249535,0.01900485555751849,0.0,266.09850457832636,-0.0005437252138041508,0.019127969351191983
1994-11-03,-0.0026217749142377392,0.0007695569156926904,0.5832078147069208,0.0061403306695701045,0.0,261.8603564152835,-0.00035764502708689644,0.0061449011226033315
1994-11-04,-0.003987049105140449,0.0007679151781534746,0.5962534759004237,4.301860002474597e-05,0.0,261.01197968678736,-0.0003379050347596239,4.4787745605261766e-05
1994-11-05,-0.005083308465736735,0.0007661675329262254,0.5819514790048259,0.00019983551596517617,0.0,266.90962179367153,-0.0003885617216596496,0.00020618193063313105
1994-11-06,-0.004208516308480063,0.0007643174316923499,0.5652915250559087,0.00017461121755804723,0.0,266.9890681372749,-0.00036668201834805274,0.00018082763638388363
1994-11-07,-0.0037089352217097742,0.0007624657308987978,0.5484152468808852,0.0033592119139466588,0.0,270.92088840146977,-0.0003959861305137139,0.003394442305338639
1994-11-08,-0.0030076265503457713,0.0007605908785836172,0.6235305584981168,0.009408685468179358,0.0,266.13328300806535,-0.0005064770779283033,0.009442595130894403
1994-11-09,-0.004316542276554862,0.0007586763740259376,0.632072951609581,3.37032064542932e-05,0.0,266.194727382193,-0.00037615762570988664,3.4133677428725074e-05
1994-11-10,-0.006195339695208491,0.000756584907655662,0.6110016846162901,1.3445603982203424e-05,0.0,271.0231160237515,-0.0005751387610778971,2.6437808462509115e-05
1994-11-11,-0.005999637441446552,0.0007543808827965947,0.5854772650364878,0.0,0.0,270.73477517323755,-0.0005849607783438122,2.5749206429281912e-06
1994-11-12,-0.004769266998700504,0.0007521521068562223,0.5627395428731169,3.0980945306982703e-07,0.0,271.87283185466765,-0.0004444585450119892,4.64411560861017e-05
1994-11-13,-0.0038858330098249147,0.0007499432833181262,0.5788261571621941,0.0074387411613248845,0.0,267.50861249086773,-0.0006508936916114921,0.0076842663145772205
1994-11-14,-0.0036257848059390225,0.0007477177064971062,0.5913035362229285,6.5245134177181e-05,0.0,260.34648389870165,-0.0004059817736684266,6.610751142943629e-05
1994-11-15,-0.004321177968871122,0.0007454460791948826,0.5831062043903014,-2.062590108752924e-09,0.0,262.5825997117325,-0.00037641650707708244,8.712914905117941e-07
1994-11-16,-0.0071890911476760275,0.0007430485918023493,0.5721463133386299,2.2706780898368968e-05,0.0,267.0796625959896,-0.0006566554792014893,2.485522105868927e-05
1994-11-17,-0.0014497668898038273,0.0007406444536090572,0.5989300571592515,0.011796304840320923,0.0,263.4110413064615,-0.0002787749909159154,0.011801688433637934
1994-11-18,-0.0022500674687536424,0.0007382999200605404,0.7030484474311441,0.0013030489833004732,0.0,258.371392320105,-0.00021964862500712025,0.001306281880378481
1994-11-19,-0.0037302469971489775,0.0007358792811463781,0.694723298096163,2.5323218544997737e-05,0.0,259.62459670532,-0.0002433528681680308,2.6604145910941903e-05
1994-11-20,-0.0022244643272653136,0.0007333543341038591,0.6831305264977637,0.00014930073234994533,0.0,262.8953949125474,-0.0001272438883276309,0.0001501628739685662
1994-11-21,-0.002629001261824269,0.0007308426886628577,0.6939586919579803,0.002929363610212412,0.0,259.95971387299215,-0.0003646640317504015,0.00295170240819791
1994-11-22,-0.0029656743935946024,0.0007283078917002275,0.7101457671257062,0.00034773227690303393,0.0,256.4097507606118,-0.00023890568711663375,0.0003488733437425536
1994-11-23,-0.0037527150016720017,0.0007256852873301103,0.700500373337453,0.0,0.0,262.9262203029769,-0.0003037647170535589,8.583068797918258e-07
1994-11-24,-0.00504994135623598,0.0007229551757122839,0.6860323975988701,9.927582942833335e-07,0.0,266.29159218667814,-0.00043463822727823,1.8468367147046901e-06
1994-11-25,-0.003411515073924415,0.0007202200128533747,0.6697972759239643,1.0026503080702099e-05,0.0,265.410645091601,-0.0002513976588761066,1.1318433710733954e-05
1994-11-26,-0.002227975865878628,0.000717463298032513,0.6566909244056027,0.0014373340596586972,0.0,264.6047457858443,-0.00026156078224296624,0.0014424187987861525
1994-11-27,-0.0028291333698283482,0.0007147563379363151,0.6993907059204333,0.003804964302791714,0.0,259.2451290087511,-0.000359473776303779,0.003808203928785863
1994-11-28,-0.0014241745242964752,0.0007119980235557773,0.7236716635034135,0.002514677448461285,0.0,256.6845282502543,-0.00013683374844870326,0.0025166692537654184
1994-11-29,-0.0025156730480786773,0.0007092296066930738,0.7528896870586158,0.0008055644351883797,0.0,257.1816982621303,-0.00019362819312655996,0.0008106593930848624
1994-11-30,-0.003683139291186791,0.0007063967865065668,0.7417387594161958,8.109561299200113e-05,0.0,267.0791953279025,-0.00013431698336439617,8.442443971703938e-05
1994-12-01,-0.006487781255595428,0.0007034745593528964,0.7172361901924437,0.0,0.0,271.801617933083,-0.0005316920525862672,8.544073466509872e-07
1994-12-02,-0.004178384897735833,0.0007005323797969496,0.6890977187794257,5.262130397861286e-07,0.0,268.35335900689256,-0.00048073938400563544,1.94373440110413e-06
1994-12-03,-0.0028763857096602017,0.0006975587983589389,0.6709871741113466,7.767545974860759e-07,0.0,265.1673322163958,-0.00027651057215565347,3.927582387841585e-06
1994-12-04,-0.0009183447155575294,0.0006946296678424556,0.660340619850518,0.0008247550682159468,0.0,264.98893899791886,-9.518851773381907e-05,0.0008298943607470948
1994-12-05,-0.0018292210448933187,0.0006917140914895441,0.6594744033957157,0.0003888008242609811,0.0,263.2153935621014,-6.743577850908884e-05,0.0003963946621620586
1994-12-06,-0.002749702098679408,0.0006887533065289427,0.6506400530396658,3.09061237984458e-05,0.0,264.23183313646337,-0.00016873011018260053,3.4243087242363396e-05
1994-12-07,-0.0028200074609390086,0.0006857547214475729,0.6460360941913842,0.0008976547058019261,0.0,262.2856551491833,-0.00024381616694779047,0.0009181911999222923
1994-12-08,-0.0024223725001017255,0.0006827710375273969,0.6481673820768596,0.0004623393386097278,0.0,257.6970044655091,-0.000298326198369433,0.00046523162863893006
1994-12-09,-0.001496894884917696,0.0006797639495235379,0.6437974487994351,0.000522220538834394,0.0,256.67959897890825,-0.00010047967698277726,0.0005268816538125456
1994-12-10,-0.0022213820599566747,0.0006767619127607616,0.6502490142419963,0.0002797874648355495,0.0,257.4286447945288,-8.118392552359629e-05,0.00028321316342614516
1994-12-11,-0.003474322542295618,0.0006737332727949499,0.6446678032309323,0.0,0.0,263.4151501413119,-0.00014972898288298462,4.333021550049685e-07
1994-12-12,-0.002662859351958259,0.0006706963824687031,0.6368079463865349,3.38538386727457e-07,0.0,261.3061559357437,-0.00014448693116842694,1.6331671872649167e-06
1994-12-13,-0.002411944128699222,0.0006676610917021326,0.6292880932939031,0.0001711203890331721,0.0,263.5081760097583,-9.569104781932078e-05,0.00017197388040143891
1994-12-14,-0.002250380435232389,0.0006646124993340445,0.6771734492702448,0.00573079062804664,0.0,262.9325522765826,-0.00023208335462936576,0.005737057271741349
1994-12-15,-0.0021529057099994296,0.0006615655065256324,0.6908885431379473,6.200221635527531e-05,0.0,259.5975109897765,-0.00017060059001721906,6.56985462048633e-05
1994-12-16,-0.0025795272177895584,0.0006585201132768965,0.6835254733845338,1.4637781065062615e-05,0.0,261.2623484121204,-0.00011313076283635394,1.606934482472079e-05
1994-12-17,-0.0031311789390730993,0.0006554499689468557,0.6749228497233993,0.00015038195050368877,0.0,265.49345548812954,-9.880006039715083e-05,0.00015597612834116812
1994-12-18,-0.003209241197607612,0.0006523979248973609,0.6636753692914313,0.0,0.0,269.4017545947921,-9.973071999637422e-05,2.994759370267275e-06
1994-12-19,-0.003973148636898752,0.0006492846766434148,0.67146901850871,0.00441153162280045,0.0,267.68483073204027,-0.0003854012548249994,0.0044625502548274335
1994-12-20,-0.002605580719514082,0.000646224129671431,0.6762741290018833,0.0,0.0,265.7721725363291,-8.33278616606179e-05,1.2993811537853617e-06
1994-12-21,-0.004131163454661936,0.000643122330897272,0.665581137447034,0.0,0.0,268.95851649268195,-0.00016995240529041507,0.0
1994-12-22,-0.0032382696277677677,0.000640027182923872,0.6544688309204332,0.0,0.0,267.9061411158963,-0.00016037970360389538,8.52346317969932e-07
1994-12-23,-0.002654939384783729,0.0006369384331891766,0.6443760758739407,0.0,0.0,268.98946838235224,-0.0001351967727565496,8.642672355563263e-07
1994-12-24,-0.0033039987760748574,0.0006338762866575166,0.6337405562176318,2.416160147068864e-05,0.0,269.9614251059552,-0.00023197692077038653,2.50246855673248e-05
1994-12-25,-0.003127789808868689,0.0006307758348809799,0.6233004410163607,0.0,0.0,268.5010922677998,-0.00012939375441121517,4.351138045421976e-07
1994-12-26,-0.002962120761305599,0.0006277317886298659,0.6145017232374058,1.4438130761270471e-08,0.0,267.0735551507235,-0.00014185336665750224,8.688470956833742e-07
1994-12-27,-0.002782087162726343,0.0006246494371338752,0.6067057751441854,7.054689577070334e-07,0.0,268.20782626595656,-7.335445975179726e-05,1.9917380737844447e-06
1994-12-28,-0.002104440440902602,0.0006215622869588562,0.5994061543667609,0.0,0.0,268.9172632608935,-3.4762420139070287e-05,2.1430208789752214e-06
1994-12-29,-0.0013867942879428972,0.0006185062861038468,0.602800214806968,0.0047509878621263026,0.0,267.26129479417244,-0.00015785644030840386,0.0047518434160846775
1994-12-30,-0.0011246732230913842,0.0006154949887324188,0.6447243555790961,0.0013412845420972103,0.0,258.1105596933886,-0.0002406418302470008,0.001347832423818987
1994-12-31,-0.0014938554268772322,0.0006124456386781683,0.6783978305967515,0.0013409432255278872,0.0,254.35275562020573,-0.00023811334733572388,0.0013450009842595676
1995-01-01,-0.0020006293546682027,0.0006094308896253338,0.6797049714571564,7.08554424135025e-06,0.0,255.83537209505414,-3.3164554733341026e-05,1.137397819420739e-05
1995-01-02,-0.0021075191302488082,0.0006064161405724995,0.6753706707568268,4.925759835431805e-06,0.0,257.4638996591227,-4.455701337527421e-05,7.195172930733465e-06
1995-01-03,-0.0020816999219231687,0.0006034261426009701,0.6711315435204802,8.542364263265148e-06,0.0,252.48673487877,-9.597646924903839e-05,1.0240633608931203e-05
1995-01-04,-0.001859678134406354,0.0006004228430279232,0.6672455236287665,1.2756909354258392e-06,0.0,253.8655288179042,-6.0740300575218636e-05,1.2756909354258392e-06
1995-01-05,-0.0025501898200498466,0.0005974410954168288,0.663430768891243,1.7612709500695354e-05,0.0,259.27410716615384,-3.711397280800814e-05,1.9755269129047193e-05
1995-01-06,-0.002495712900565843,0.0005944955483668269,0.6614275283957157,0.00018918568973487381,0.0,259.20006726870207,-5.1530940973826056e-05,0.00019216023906055033
1995-01-07,-0.0018626830335390773,0.0005915020987138911,0.6570300086069916,0.0007913572934724517,0.0,260.82127121388356,-2.9722560133974432e-05,0.0007971948654638172
1995-01-08,-0.00296779014801575,0.0005885483013034541,0.6711618886829097,0.0010502825643719928,0.0,265.39887754436717,-4.1639953220294695e-05,0.001052557075091001
1995-01-09,-0.0032880910288142625,0.0005855878530922583,0.6632038698358053,0.00011677284446139794,0.0,268.0620240033683,-0.00010459308149450917,0.0001353482452109758
1995-01-10,-0.004467176894346873,0.0005826455051616087,0.6527214553172082,0.0,0.0,270.9948352447338,-0.00014781843513081978,1.7106532936850272e-06
1995-01-11,-0.0022259147069548487,0.0005797279083122641,0.6427252530602637,0.0015610691559853529,0.0,269.97208331623546,-0.0001780594051894495,0.001598301535334691
1995-01-12,-0.003439042527796859,0.0005768087119032434,0.6429562900923965,1.7692287594585095e-05,0.0,265.35017499546547,-0.00028782204256556134,1.997562111391179e-05
1995-01-13,-0.003497491280237834,0.0005738993654143339,0.6392780885858051,0.0005205502828298989,0.0,264.7163032416795,-0.00018264802625287055,0.0005221603784507815
1995-01-14,-0.003916343852961805,0.0005710214208074883,0.6377592212511771,0.0008824217201626234,0.0,267.7915879229817,-0.00013010233303921372,0.0009208028093220014
1995-01-15,-0.001567912808919357,0.0005681301745991249,0.6445468823564031,0.003325468739547299,0.0,268.22567086300614,-0.00013238768287971196,0.0034263709170655947
1995-01-16,-0.0019024405944145337,0.0005652687307131492,0.7179488417343457,0.009977240873090291,0.0,264.8074330367611,-0.00033247686585800797,0.009982631822661545
1995-01-17,-0.001971711799249811,0.0005623806836241383,0.7692946956656075,0.002222322327437374,0.0,260.7329434360713,-0.0002007752362280916,0.0022276150136116804
1995-01-18,-0.0017824387651378829,0.0005595671423410966,0.7844098049817562,0.0010314208092325825,0.0,258.74143699962093,-0.00010732158829095001,0.0010357911140114204
1995-01-19,-0.0022070623807987928,0.0005567269978550195,0.7917657482197504,0.001055470567806966,0.0,263.8628740867428,1.4365929584045196e-05,0.0010595808983194178
1995-01-20,-0.003306662548059798,0.000553931556852524,0.7859295918667609,0.00016376205672652034,0.0,262.26587415145616,-0.00011040285587479167,0.00016697296642648283
1995-01-21,-0.0030409078729354737,0.0005510996627268819,0.7753179805202448,2.3662959788478702e-07,0.0,259.9846690693369,-0.00014609684588882211,2.432173149735086e-07
1995-01-22,-0.0034395463049075024,0.0005483223220049326,0.7670650158898306,4.302184123777401e-07,0.0,257.52300282566335,-0.0001266092209324325,4.252303118086131e-07
1995-01-23,-0.003752415042139043,0.0005455449812829832,0.7594624032633004,0.0,0.0,259.47618540532176,-0.00011216942747097232,8.52346317969932e-07
1995-01-24,-0.005675385942903616,0.0005427990424430977,0.7516294432674201,0.0,0.0,263.1050007563302,-0.00011316788945831148,1.2814998058274796e-06
1995-01-25,-0.004566452723775207,0.0005400398020016945,0.7431316483492233,1.7646847471678998e-05,0.0,265.60912266962947,-9.685570616169839e-05,1.8952088167438398e-05
1995-01-26,-0.004395638229483265,0.0005372970622811614,0.7326494637182204,8.241815418846865e-06,0.0,268.1178674823596,-8.826185080964688e-05,9.528930572880854e-06
1995-01-27,-0.002002693881086037,0.000534584124883016,0.7303940365318975,0.0032887640435480137,0.0,268.20756459281046,-0.00014357925471612966,0.003319270294259911
1995-01-28,-0.002388016189222282,0.0005319025893669344,0.7627953136034604,0.0051238626704714395,0.0,265.95604679948195,-0.0002995541708617561,0.005132649106392133
1995-01-29,-0.004511836937255106,0.0005291795494866237,0.7825585201859699,0.0006294351302634525,0.0,262.5886368473146,-0.00024910766820786365,0.0006311542064106934
1995-01-30,-0.005316888755660947,0.0005265161142510883,0.7724990988406308,0.0,0.0,265.86370901693283,-0.00012242433083596202,0.0
1995-01-31,-0.005391632517178854,0.0005238643810573945,0.7643847564294963,0.0006851796166034742,0.0,268.8035737484862,-0.0002014507607972555,0.0006874128755203075
1995-02-01,-0.0064158747340999755,0.0005211974941404526,0.7524301417578861,0.00012154689868964719,0.0,270.83757357408774,-0.00027674558640873365,0.0001524666102242872
1995-02-02,-0.004800616600419169,0.0005186003143504515,0.7689061856314736,0.008701466634280265,0.0,269.0690773606525,-0.0004410659262942056,0.00908613648035443
1995-02-03,-0.0062360014703314185,0.0005159515277140559,0.7999274474752825,0.0009907951504833955,0.0,264.9178137626576,-0.0004214231650960648,0.001001527568680661
1995-02-04,-0.004651419607932959,0.0005133458450015656,0.7884903097781308,0.0006460272365033964,0.0,268.4582199664215,-0.0001555051296781012,0.0006528065413504063
1995-02-05,-0.0036153052907205575,0.0005107683650517867,0.7809916063441621,0.00033684580002800896,0.0,266.5985117156178,-7.258820752639557e-05,0.0003456423669129533
1995-02-06,-0.002971289100620033,0.0005081791830601665,0.7730779558027309,0.0008438917371512806,0.0,267.2125877947906,-2.611833650850307e-05,0.0008507979791489295
1995-02-07,-0.007686820154809683,0.0005055998509886575,0.7702363152512949,0.0004222849541801518,0.0,265.69648085340947,-0.0003727981715468364,0.00042426358845274327
1995-02-08,-0.0025146969799268045,0.0005030455225605076,0.7639939475194211,0.0015430587664835873,0.0,266.20619756982376,-0.00011666035963653847,0.0015487639242970203
1995-02-09,-0.004769248519576876,0.0005005438954143202,0.7682999720456686,0.00029402872347562327,0.0,264.42257835546235,-0.0002411930364067272,0.00029734787294420146
1995-02-10,-0.0034887241357463897,0.0004980159176271514,0.7790426193208569,0.0022814345183008807,0.0,258.9991234206435,-0.0004970374922294401,0.0022874351443202883
1995-02-11,-0.0029625620293078454,0.0004955209412817229,0.7878349002471752,6.028565730752245e-05,0.0,250.23821479452536,-0.00026502174004323063,6.397602243779061e-05
1995-02-12,-0.0013873826312480002,0.0004930424656571643,0.785015558792373,0.00028333779277101077,0.0,249.5347721473421,-0.00010185368295948385,0.00028854584961034483
1995-02-13,-0.0022123246795713565,0.0004905706408333644,0.7903379163724106,0.00047828654869128085,0.0,253.39337278175717,3.5639925949317592e-06,0.0004851245778874758
1995-02-14,-0.0012788814676683502,0.0004881251666505458,0.79939594735758,0.0024384935149701975,0.0,259.69272927106437,2.9992648942322385e-05,0.002444161886687473
1995-02-15,-0.003553383136536442,0.00048569804531032766,0.8318160752118644,0.0005513386495706052,0.0,257.40548975813414,-0.00019380441829983127,0.0005559517336929394
1995-02-16,-0.005581688325283892,0.0004832608214879441,0.8253148540489643,2.9641103609807074e-05,0.0,259.9262381982893,-0.00021039880812168124,3.369581901420981e-05
1995-02-17,-0.0074777060982871195,0.000480860050788707,0.8163241801288844,8.250360435011697e-09,0.0,265.37923630752135,-0.00032506217011960887,1.7189036541200393e-06
1995-02-18,-0.006786679943739359,0.00047848403117077505,0.8144572629766951,0.002979832980255623,0.0,267.3641110651911,-0.0003261535486343217,0.0030064196895046723
1995-02-19,-0.006450592419185208,0.00047609976119240805,0.8205642269156074,1.3866288177037643e-05,0.0,269.6014380158678,-0.00021377075884470158,1.743339333645804e-05
1995-02-20,-0.007048115723550657,0.0004737303923752349,0.8053254380737994,0.0002796198688657944,0.0,273.07569636328753,-0.00018807921537571708,0.0003307866507072023
1995-02-21,-0.010173041226163422,0.00047138657441920487,0.7832582980225989,0.0,0.0,273.73669289914005,-0.00045771469588333616,2.5712500111698215e-06
1995-02-22,-0.009561987246497204,0.0004690635086452894,0.7642298121910311,3.292558893645551e-05,0.0,271.48172467621487,-0.0005078702102189011,0.0001038851711036122
1995-02-23,-0.008333169513166289,0.0004667279410496944,0.7521496788930085,4.8682556650732865e-05,0.0,270.0438055156988,-0.00038330911495591287,5.255038454244364e-05
1995-02-24,-0.010403536807345806,0.00046443122591676014,0.7414849635122411,0.0,0.0,272.25567076659695,-0.00041199403967561024,0.0
1995-02-25,-0.011894680264979434,0.0004621494119450198,0.7291179304967044,0.0,0.0,272.9726371262258,-0.0005045453307487197,0.0
1995-02-26,-0.007190056018910166,0.0004598875503755559,0.7201428889330274,0.002304388683731273,0.0,270.02209627830376,-0.00048397117331203105,0.002452965627853534
1995-02-27,-0.003073104820345755,0.0004576222371246856,0.7743030267920198,0.008907449952626633,0.0,266.00576520729425,-0.0004678321739206207,0.008997812972527825
1995-02-28,-0.0018228248687787248,0.00045536517423425024,0.8255695695032957,0.0017764901500300502,0.0,258.4128432624084,-0.00033574215120683285,0.0017853873208467784
1995-03-01,-0.00337907377272676,0.00045312141294533257,0.843104245747999,0.0003632933827443312,0.0,256.15586898286466,-0.00017470392887875184,0.0003669452414939415
1995-03-02,-0.0056225664198061845,0.00045090905353847876,0.8377140713276837,5.023354022516369e-06,0.0,257.5207278292956,-0.00014194322613167898,5.025816502544166e-06
1995-03-03,-0.0032285592902851646,0.00044870494449205994,0.8334218400570857,0.0016394243865026593,0.0,260.81615088439486,-6.484924315732753e-05,0.0016675755128567366
1995-03-04,-0.0023154824719590654,0.0004464859342844473,0.8529997572387006,0.0032002805063953512,0.0,264.13576834439783,3.0341837028999118e-05,0.0032097039805243535
1995-03-05,-0.00434895895295224,0.00044431322712009237,0.8830681350047082,0.0024269107455587658,0.0,262.85824416137234,-0.0002264274536805638,0.0024655696867776863
1995-03-06,-0.0033749344490342226,0.00044213892039606125,0.9088720978990114,0.0022943117945207715,0.0,259.18591582662873,-0.00028438127394449914,0.002302127285192242
1995-03-07,-0.004632267701087025,0.00043998936475333523,0.9269628722339925,0.0012024550956521332,0.0,258.7041988157283,-0.00023795549079018126,0.0012090357009924165
1995-03-08,-0.008879613236518905,0.0004378249079494154,0.9209085525541432,0.0,0.0,263.2685628808376,-0.00022765318994636592,8.52346317969932e-07
1995-03-09,-0.008387119840767426,0.0004357067541887531,0.9067159821533664,8.997291663272234e-06,0.0,270.1213886023915,-0.00033291884945274076,9.861958902434441e-06
1995-03-10,-0.011439470458502153,0.00043361015239004364,0.8859815004855226,2.9032008122589627e-07,0.0,273.43419489169077,-0.00043597807949882447,9.826044147225961e-05
1995-03-11,-0.01526304679570225,0.00046849747498830163,0.8515457182056263,0.0,0.0025207038947754664,275.3713175599409,-0.0005662231469305896,9.748579125346618e-05
1995-03-12,-0.0052816052894807805,0.0004343358473589192,0.8387704048228579,0.012625354515799023,0.00033682255379560976,271.99632928061624,-0.0007138850146346848,0.013155033409920872
1995-03-13,-0.009751744568347933,0.00042724718818556794,0.8933556048434557,0.000590352920320748,0.0,268.9294408342035,-0.0006116555035535226,0.0006078318013869572
1995-03-14,-0.011626953627430114,0.000425163635426322,0.8776945124911724,5.32575919803253e-05,0.0,269.71984125844955,-0.0004430172312478562,5.444202382685775e-05
1995-03-15,-0.010987293796013977,0.0004230651815058822,0.8615242191178201,0.0,0.0,272.84618749097694,-0.0003509578047751707,2.4192161479238738e-05
1995-03-16,-0.010974373100167616,0.0004210893885563996,0.8668116337835452,0.005547887524642514,0.0,270.8390383531819,-0.0008558452939667271,0.006535928801628156
1995-03-17,-0.008322232439693085,0.00041894437903064794,0.8769938151041667,0.0019728052666631796,0.0,269.0676179659569,-0.0005143713363904064,0.00200232267377487
1995-03-18,-0.011989621161404304,0.00041688717691238324,0.8750020689883474,0.0,0.0,271.03778552829436,-0.00045978929321307925,4.179228482879458e-07
1995-03-19,-0.00962018634134767,0.0004149038071012766,0.8655902409957628,0.0035687351209969173,0.0,270.88091038130995,-0.0007083973463224827,0.003788859022436896
1995-03-20,-0.012045115190373977,0.00041286150614420575,0.8881189953360406,0.002458012520761813,0.0,268.54625343064134,-0.0006293651232190725,0.0024772506976865763
1995-03-21,-0.013455796839490448,0.0004125674397258436,0.8811499529190209,0.0008420343116178351,4.421001942144276e-05,273.01149194074446,-0.0004923380963967345,0.004162664079967919
1995-03-22,-0.011399003071973553,0.0004129643830875893,0.9132942156603109,0.014033363763727037,7.660297603256958e-05,271.17361319446746,-0.0011561179144234308,0.014885483067644789
1995-03-23,-0.015332035636161008,0.0004068613894241678,0.9632522381856168,2.267796777735996e-07,0.0,268.1042657374438,-0.0008434078335172714,1.5073070401118808e-06
1995-03-24,-0.010704575159118674,0.00040493349907761914,0.9634416655632063,0.0059452954742868075,0.0,269.4631677796387,-0.0007545403073315566,0.006201824815259815
1995-03-25,-0.005917294045626106,0.000402945751524241,0.9911481781867938,0.0030336110394890026,0.0,264.64555519448834,-0.0005149594797505498,0.00304418022676247
1995-03-26,-0.005918062297301105,0.0004010112103769335,0.9967611136858522,0.0010525840150434418,0.0,262.15638088147296,-0.00043833780886426486,0.001056066340645828
1995-03-27,-0.005478755439405388,0.0003990681663071368,0.9957176538959512,0.0010571185983506975,0.0,260.58665405963103,-0.000353926303401842,0.0010638050439317885
1995-03-28,-0.004779905712200424,0.0003971650270418933,1.0064784622910783,0.0017774932212748773,0.0,259.68899417597027,-0.00035549153568549346,0.001785863152914101
1995-03-29,-0.0055718364688636226,0.0003952634873363258,1.020409650497293,0.0010011650116766913,0.0,259.6887823094083,-0.00026596512245593103,0.0010072600706822455
1995-03-30,-0.007898189001164195,0.00039335689638967574,1.0198937827359935,0.000464018518473469,0.0,260.7595332697062,-0.0002982933863492335,0.0004692620981429794
1995-03-31,-0.0076778748698827235,0.00039150831052812485,1.0188719323799436,0.002930859240603313,0.0,265.7370196592112,-0.0001539018762818838,0.0029816977737790683
1995-04-01,-0.014568249005719095,0.0003896067708225574,1.0251103920227167,0.00013563579927056523,0.0,268.7494599581214,-0.00042974208034364525,0.0001378147952073307
1995-04-02,-0.011174788919545837,0.00038780288844458805,1.0136769325270718,0.00209712956921529,0.0,269.5092240134201,-0.0005932840871187927,0.002102064833700374
1995-04-03,-0.009441472758344338,0.0003859508509016307,1.0105706913547554,0.002145046399811567,0.0,267.90858251137024,-0.0005273312161871269,0.0021525669401543292
1995-04-04,-0.014171224234804597,0.00038412541656170866,1.00854216322387,0.00030787594321757386,0.0,271.12812858696486,-0.000524566387810276,0.00031685240424389444
1995-04-05,-0.011372922798671293,0.0003823662376673208,0.9914005947651837,0.0018816135066040494,0.0,272.29635214940305,-0.0006492063508363768,0.0024897373528235973
1995-04-06,-0.010271699078338968,0.00038070151698117873,0.9925684237435265,0.0028095135075897823,0.0,272.6722215088523,-0.000509763368021297,0.005317325309171515
1995-04-07,-0.013816391091562264,0.0003865889910250734,0.9756084664842279,0.0002954441864611739,0.0004556376676438219,273.5725087742348,-0.0008706059675179633,0.002060438381071559
1995-04-08,-0.011896566230024996,0.0003843943951493603,0.9560776762594164,0.003405008359817462,0.00012563110071386996,272.7642327109299,-0.0009040287301196891,0.005854151533870693
1995-04-09,-0.010298047993479475,0.0003752297600783871,0.9856534049111348,0.006863450136898602,0.0,266.53433776395696,-0.001341510374667281,0.007110178652475186
1995-04-10,-0.0071926133780829665,0.000373452228341399,1.0119148441178203,0.0007014258391102829,0.0,261.8114493993267,-0.0005883835677036458,0.0007063360397679946
1995-04-11,-0.011067377392855068,0.0003717260508887512,1.0082373322740115,0.00012277862278081605,0.0,264.5377423956345,-0.0003570502171408658,0.00012620711213984665
1995-04-12,-0.013536998149702108,0.0003700147745972973,0.9983666486434795,2.5513481959111273e-05,0.0,269.83994414981476,-0.00032741583799575006,2.5538013368863547e-05
1995-04-13,-0.01749021791468906,0.0003683199990267134,0.9828568223281544,0.0,0.0,274.637663049213,-0.0007203860671422576,0.00026641528480637536
1995-04-14,-0.012856245756486041,0.00036663852505764723,0.9554666350341338,0.001966341951135862,1.1444428546280512e-06,273.4670279407681,-0.0010504202475234616,0.002056244049334499
1995-04-15,-0.008787558661342341,0.0003649453490467395,0.9566091763771187,0.002755914114962864,0.0,267.1752319012658,-0.0009450351893059952,0.002770792342260272
1995-04-16,-0.006023062571967389,0.0003632787762388672,1.0222328890065915,0.011661640836694145,0.0,266.9753489593104,-0.0004842343008787619,0.011800188246991056
1995-04-17,-0.005768519926205867,0.000361638554071976,1.0821542398628767,0.004086394536461534,0.0,267.81264103603905,-0.0003448687914737874,0.004175446179684927
1995-04-18,-0.008989548194879867,0.00035996533046334485,1.102110552024482,0.003592847388679699,0.0,267.75928366925086,-0.0004936685932979073,0.0037017559263884552
1995-04-19,-0.009658300438843205,0.0003583615614196002,1.1112681243379239,0.002035458335431956,0.0,267.5664522921747,-0.0004772403051203254,0.0020820471357823494
1995-04-20,-0.007979268239716354,0.0003567330412945505,1.1211388079684559,0.004769221032406651,0.0,268.03463296477184,-0.0002756249685745455,0.0049741798368988475
1995-04-21,-0.005579033856001277,0.00035513592305156473,1.1560444804908194,0.006606495481426433,0.0,268.0113268347559,-0.00031269267517126215,0.006894653867159429
1995-04-22,-0.0072265883623543435,0.000353555305529449,1.1770235625588514,0.006165000299612682,0.0,268.31293544661526,-0.0003469991576621088,0.0065199060965392555
1995-04-23,-0.007060308619744361,0.0003519432861252693,1.224294199108404,0.006510508999144291,0.0,267.4684694545193,-0.00042027789615305133,0.006620060498480238
1995-04-24,-0.012548253529489378,0.0003503658677225059,1.2457477691707863,0.002361909733653742,0.0,267.09329089292254,-0.0005516091803625478,0.0023996516809625143
1995-04-25,-0.005063229319402727,0.0003488201037638605,1.253450382900777,0.011730712875302904,0.0,268.40303289553543,-0.00030724545888139706,0.01200727540884185
1995-04-26,-0.009962993068883647,0.00034725598696261475,1.3309684796521895,0.0032368613522773407,0.0,265.0298883721878,-0.0006724999438823954,0.003260075788659833
1995-04-27,-0.013262327150099696,0.0003457150216829979,1.3123128714983523,5.2643287400741366e-05,0.0,265.6704984079422,-0.0004439442550058419,5.684929378464733e-05
1995-04-28,-0.004165212565896202,0.00034420065960641643,1.314067833392185,0.009570777647744465,0.0,268.4802549653134,-0.00019320602512965768,0.009692021042511342
1995-04-29,-0.006633136400395194,0.00034268629752983484,1.3822915747116291,0.005968898366400078,0.0,268.73356409306353,-0.0003784170932015457,0.006056727275234213
1995-04-30,-0.0051539300777817855,0.0003411668842121706,1.414453998572858,0.010337119406394367,0.0,269.6815309650256,-0.0002951220014674516,0.010500641950106216
1995-05-01,-0.012049086518206839,0.00033971027465863417,1.4292051958274483,0.0017784644276072079,0.0,267.5602494615171,-0.0006742996379396337,0.0017829491256198236
1995-05-02,-0.010750152086470762,0.000338230766145523,1.401955929628649,0.0034956412000507957,0.0,271.4775684665601,-0.0003627612555431108,0.004291503274508115
1995-05-03,-0.007732315083681528,0.0003367741565919866,1.3946866540136538,0.003747300765777039,0.0,270.97873323156784,-0.0004707367427773395,0.00445286284722048
1995-05-04,-0.013234721359896794,0.00033533615244310457,1.3954195356638417,0.002841563990055505,0.0,271.9387528909802,-0.0005440802792202955,0.004114706755312473
1995-05-05,-0.014431529883611002,0.0003390259156792851,1.3545469007474107,0.0,0.00031885569967792535,273.3242975978528,-0.00063373047942664,0.0004590709666966583
1995-05-06,-0.017917789981863597,0.0004165956361145623,1.3497033990260123,0.007560031583248559,0.0004791718313081116,273.66285436166885,-0.0011898060197715705,0.01558547423615284
1995-05-07,-0.014491924416210692,0.0003413726380989377,1.3290093775747411,0.003863194273353297,0.0001699178779529313,272.82767957123434,-0.0008370907566810059,0.007141004633274663
1995-05-08,-0.0039752725153993085,0.00033623771478900807,1.3932213504884652,0.024830786711246958,2.186389713637573e-05,271.82840470495427,-0.0005942776346694952,0.026696638396695973
1995-05-09,-0.005814630432990985,0.0003510560356291001,1.5888563827830744,0.030386043765113856,0.00114724568307063,272.7658555808489,-0.0003575842701277491,0.03295361948553242
1995-05-10,-0.013001198864589303,0.0003577064996385305,1.6099904090895716,9.835315710407194e-05,0.0015804522833918447,272.9368768214282,-0.0004787780818040089,0.0016151121949071938
1995-05-11,-0.01285609287225594,0.00042763150344460695,1.5436225503177967,4.4967347787598435e-05,0.004807605013503867,274.96607330738937,-0.0003759182547613726,0.002013731979380893
1995-05-12,-0.006835614641507468,0.0005196846474361959,1.4906327702006827,0.003371155699767635,0.003474918967586453,273.82966193506275,-0.00035947146115161607,0.008521984020868938
1995-05-13,-0.004605779119130582,0.0003413295341750323,1.507474335348988,0.012983422894767449,0.0004980710813891416,270.25291019375044,-0.0009993234081035955,0.013589559234463304
1995-05-14,-0.010631185088117244,0.00032172684615614725,1.5708642302259888,0.004507388835404553,0.0,270.16461947812877,-0.000497781540040916,0.004514612989830998
1995-05-15,-0.019754683946148825,0.0003234471304941986,1.5453995814206687,0.0,0.00014477538860450357,275.22639624816554,-0.0006542719879561225,0.0
1995-05-16,-0.019556390784554564,0.00037851491890384656,1.4917095636917372,0.0,0.002720328963409036,275.82420881454556,-0.000873822845139746,0.0007999396256807834
1995-05-17,-0.013150042438574431,0.0004783896571498807,1.4476775835687385,6.415076174978483e-07,0.003684023153142067,274.4305851571753,-0.0005431814634867308,0.00259825797286789
1995-05-18,-0.008814851190410766,0.001649275590470955,1.4100659041754946,0.002806149591497109,0.00796811451009438,274.59251524858786,-0.0002056827326699839,0.011246162840550203
1995-05-19,-0.010038262454129884,0.0005156769085738619,1.411738796198211,0.008013661298374672,0.0032062772345744957,273.87819753169117,-0.00046535930727834756,0.013083358538347864
1995-05-20,-0.014009834346124683,0.000445043384018591,1.4166181603842987,0.002363806769336011,0.0029579006808962524,274.05587940251985,-0.0006902841482795565,0.004094687474649505
1995-05-21,-0.020095068140555238,0.00041775910531060173,1.3818966278248588,0.0,0.003572145782116443,275.83060427304713,-0.0009402148162493599,0.0001029750720920669
1995-05-22,-0.00555058796021898,0.00034841246860848983,1.384981489450918,0.012793143211448262,0.000662449599996125,272.36182385245286,-0.0007277858775045912,0.01371004374175011
1995-05-23,-0.01336205211904763,0.00032652097906770013,1.4472265441089924,0.0028544767091503256,0.0,271.28194858170275,-0.0010558270801932126,0.0035789724749480424
1995-05-24,-0.009740303591483057,0.00033121846489987135,1.4319946518950095,0.0031342038327017746,0.0,270.8010500963574,-0.0005444086098906685,0.004146958407761024
1995-05-25,-0.0060988346398886985,0.0003359196549755032,1.4490479435175379,0.0067277067040993005,0.0,271.4252420558319,-0.00038441692578927277,0.008328448384197745
1995-05-26,-0.0046792697940169084,0.00039633157226325435,1.5036623392625943,0.008159186838373626,0.0015312016094471777,273.3258553628868,-9.418764588354672e-05,0.011888298829962772
1995-05-27,-0.007302262941322758,0.0003820099567962905,1.502154506532486,0.004564123428137289,0.0008787703884523467,272.7951380555464,-0.0005495690209212276,0.006491963556930843
1995-05-28,-0.014141940169751984,0.0003799127656861214,1.49096403822387,0.00026166091783572055,0.0008976558844248454,273.2012890709771,-0.0007304270872793628,0.0012781185787262151
1995-05-29,-0.017964600716943797,0.0004380303250867769,1.456673544903484,9.766532539647853e-06,0.0030090921468990672,274.23244457280794,-0.0007312638569349622,0.0003848363113892382
1995-05-30,-0.016763536985647882,0.0011661595712273809,1.41268547331097,5.690831333230444e-05,0.0076560124460249976,276.1481045006359,-0.0003764943119748838,0.0012459777674432527
1995-05-31,-0.014441626683130104,0.0029512016618319153,1.3595531628854756,0.0,0.01229781966845868,277.5818759573381,-0.00018888628794311803,0.003475147485630715
1995-06-01,-0.016800488076977812,0.0034432980300342976,1.3027842606079332,0.0,0.014746552617368052,277.42206432320984,-0.00011246203113410434,0.0044429155056071755
1995-06-02,-0.014878421558835413,0.006516200253518962,1.2433677429084276,0.0,0.018055435943569842,278.1723471747505,4.705794597581282e-05,0.005222365495814684
1995-06-03,-0.006284817295559383,0.009620133092847922,1.1789369170050614,0.0,0.018016948390983594,277.5593967437744,0.0004959560741307371,0.011864927326880688
1995-06-04,-0.0118136499813721,0.005479676827872541,1.1261542656102874,0.0,0.017520038421544655,277.75845553511283,0.00019521628227611048,0.003136987857797105
1995-06-05,-0.015430633631129722,0.0063886791467666635,1.0670480961629,0.0,0.021100813070427903,278.4481329944848,0.0001969813279765474,0.001293879865253039
1995-06-06,-0.020689188255428592,0.003921211270962731,1.0014779473428674,0.0,0.015062121348192464,278.4364689541402,-0.0005219719283240664,0.0004407320800471669
1995-06-07,-0.0145987087471337,0.002424616429765346,0.9733955685028249,0.0015664099594630764,0.003238691343257657,274.478877033442,-0.0008888445520973476,0.005093819542690913
1995-06-08,-0.005549967878282407,0.002939285278993812,1.0188746910310735,0.013418655232184351,0.0013939429516509427,273.0603314200364,-0.0004783310522299029,0.01681861111327414
1995-06-09,-0.003559651516251645,0.0026841409462319936,1.0842154120321328,0.014686861659510662,9.54332871962402e-05,272.04562993597403,-0.0005413693728420022,0.01616280678192742
1995-06-10,-0.010852955197547117,0.0027773818053768184,1.168317719367938,0.0029968136742626883,0.0,271.48291914701014,-0.0007584269111186771,0.003236426589807198
1995-06-11,-0.019326876070203083,0.0031938680821219406,1.1450986125823919,0.0,0.0057418516253010705,275.9302122507616,-0.0002960854204697798,8.52346317969932e-07
1995-06-12,-0.023218307791456665,0.005499506821740145,1.087265790519068,0.0,0.018801981509573715,280.1982301722813,-0.00026692507399172437,2.1609242924242827e-05
1995-06-13,-0.022642441178109016,0.008657094196411176,1.0147116565883947,0.0,0.023294753042486425,281.3954423915195,-0.00013446296423168507,0.0
1995-06-14,-0.025571026497304777,0.011154100046319478,0.9406257816178203,0.0,0.02341197681544864,281.65464876825075,-0.00031840505004771013,0.0004512862594832907
1995-06-15,-0.027263773279001483,0.013108086956422883,0.8675171588100283,0.0,0.02290759296656329,282.2153780231368,-0.0006144452882183473,0.00021044096766411965
1995-06-16,-0.02826399915972672,0.01598323351245816,0.7932931213953625,0.0,0.024332910902419336,282.66189138408885,-0.0006299948709159247,4.293872646743602e-05
1995-06-17,-0.025332572096485203,0.02344323669449758,0.7216810668255651,0.0,0.020722779092815637,280.93001828310406,-0.0006054346633833007,0.00012571511969054487
1995-06-18,-0.017250178434417746,0.01581045446422814,0.6655790684586865,0.0,0.01689814527829488,278.1305026289658,-0.00021632541349883808,0.00858088344484604
1995-06-19,-0.029566644990848285,0.011732673072545543,0.6185459057939031,0.0,0.014978969669611441,279.8433052393452,-0.0010882651927949347,0.0001259675636992024
1995-06-20,-0.02506024331527915,0.012217110833205747,0.5683786855579097,0.0,0.01643977463666329,280.38611141571215,-0.0007616004217310813,0.0013600306659095032
1995-06-21,-0.022413265402034182,0.014334540751020789,0.5159523599340866,0.0,0.02073914119921162,280.9317225978873,-0.0007472407483195855,0.0017034065100480064
1995-06-22,-0.013196181779527394,0.01550333656496921,0.4677711386240584,0.0,0.0113707157009739,279.2065466792795,-0.0007780966438395156,0.007092282197993042
1995-06-23,-0.017225487883818353,0.014208947787177092,0.4414506183056733,0.0,0.005864963209056585,276.8749415762232,-0.001244134748470312,0.0023620202884039906
1995-06-24,-0.00929710799354618,0.018191421436051194,0.41929773018185024,0.0,0.011899612402006732,278.1096587495391,-0.0010714319739806451,0.010905696655403566
1995-06-25,-0.01324653149829746,0.01623208155739779,0.3877842789989407,0.0,0.010718270273363525,279.2058884141136,-0.001128640688829503,0.006976657077182231
1995-06-26,-0.019529865539006597,0.017393929641799064,0.35838372469397367,0.0,0.011720710618179397,281.47686093720114,-0.001215778891060312,0.00370284914970398
1995-06-27,-0.016067072286107445,0.02405176332778177,0.3271728055849812,0.0,0.011315495996488689,282.75724921433044,-0.0012526385338798081,0.013800673381851767
1995-06-28,-0.002235128970469459,0.019471126676952773,0.3016587309469162,0.00022142426779041185,0.0070091271720363595,277.9692329866513,-0.001033456727736077,0.01413789207988716
1995-06-29,-0.008755305392593987,0.018027702209639684,0.3090898474282015,0.003587666583263268,0.0023723096918251557,274.6335467430158,-0.0016029284593496618,0.010448928387779624
1995-06-30,-0.01802605049589933,0.012030598302345494,0.3021755182585923,0.0,0.005519333216598478,277.6659527579271,-0.001357763995137592,0.0016828506006359382
1995-07-01,-0.01907402070733787,0.011235719936042183,0.282927719662194,0.0,0.006456444660822551,279.5759734496783,-0.001237569645173469,0.002480139208291597
1995-07-02,-0.022695835532441654,0.01055913321715964,0.261507253413371,0.0,0.007941962193466176,281.29115352163655,-0.0015297430267525935,0.0007032073051158154
1995-07-03,-0.0127430732893405,0.012068508371794967,0.23990839439147835,0.0,0.007720963597971168,280.0572575750549,-0.0014923946237412552,0.010377962020123317
1995-07-04,-0.006099821105178467,0.013163809638238898,0.22319809505943974,7.280353772438179e-06,0.007530873399333092,277.6993532845305,-0.0018237281832738786,0.010437926250613672
1995-07-05,-0.0185040010739181,0.013137622573281414,0.20342753207391714,0.0,0.007893702762443468,279.68740198167706,-0.0014696147366516337,0.003200868737092999
1995-07-06,-0.027395346743912353,0.013231357696366177,0.18181028204449157,0.0,0.010288516196322307,283.5101782480876,-0.0015006672201604493,0.00020765370898241366
1995-07-07,-0.027895405341339656,0.01473511907003694,0.15584861626059324,0.0,0.011810804091099292,286.22243859314426,-0.001565428771667898,0.0010828651126358396
1995-07-08,-0.03180825996533626,0.015416840712229412,0.1265767990083569,0.0,0.011910179535211146,286.8135314589391,-0.0017290276469989012,0.00016004332034515108
1995-07-09,-0.029926276602650768,0.014605547580341837,0.09942546492467043,0.0,0.011569061542803285,287.85899634639645,-0.0015775557544271824,0.0004585227049213343
1995-07-10,-0.03033793250382957,0.01417809034471458,0.07125894722516479,0.0,0.01198451578785471,288.23526261036903,-0.0018311215164718657,0.0009397895321373428
1995-07-11,-0.03226690739393234,0.021562684979815942,0.04475589615701507,0.0,0.009786392609446738,288.6116801547466,-0.002473759564892047,0.002490864113287693
1995-07-12,-0.03007618043213915,0.010685501883258928,0.024992459686911488,0.0,0.006704116461135574,287.87660276553055,-0.0026180049309791147,0.0024475871169634456
1995-07-13,-0.028340255978417262,0.00882965865108253,0.012152547890183617,0.0,0.0037445267715023067,286.4918253408313,-0.002838698657766237,0.0019217715424956678
1995-07-14,-0.021047745973376907,0.00752894369895849,0.0058350069150188335,0.0,0.0016838873678681544,283.51683837904994,-0.0024759429691117367,0.0017066058490205268
1995-07-15,-0.025026583991481763,0.006880306086297763,0.0033117606814971755,0.0,0.0007990441669178548,283.3308403029505,-0.0025473682546598765,0.001361251432407863
1995-07-16,-0.025581828407985344,0.006288593266643374,0.0017572607697740113,0.0,0.00041771433868650665,282.11549284049573,-0.0022320728328100036,0.0004222207822578773
1995-07-17,-0.022963234681194114,0.006498534632267926,0.0009236883533427496,0.0,0.00026840474561782885,282.7902483140906,-0.0024378882815777247,0.005897242891586433
1995-07-18,-0.02796986307633125,0.0053303557432304,0.0005406956214689266,0.0,0.00014045586188634238,285.1725727375843,-0.003043902690632869,0.0009333208792172449
1995-07-19,-0.022378635776918485,0.005448532474916534,6.758695268361582e-05,0.0,6.75001765711833e-05,284.3475046103957,-0.00278254619425973,0.006493389269726425
1995-07-20,-0.021457249624917737,0.004631736436806156,-7.3453647229951e-24,0.0,2.8344092227644845e-05,283.61375495493974,-0.00244988265873517,0.0017629478778079402
1995-07-21,-0.021617463710954635,0.004399780162983695,-7.3453647229951e-24,0.0,1.2991749970926405e-05,283.84601661983857,-0.0027138164982536423,0.004766740149253593
1995-07-22,-0.017615220388450193,0.004239518258531216,-7.3453647229951e-24,0.0,5.837445710338442e-06,282.44178937563566,-0.0031026805314303793,0.00949813977806757
1995-07-23,-0.022913170189170513,0.004073006790236565,-7.3453647229951e-24,0.0,2.5985899281367076e-06,282.45536489181376,-0.002721305684012882,0.005134949574089288
1995-07-24,-0.02637907845825799,0.0037146400092011797,-7.3453647229951e-24,0.0,1.4459388067493331e-06,283.89812378964183,-0.002522878538248903,0.0007140495202706455
1995-07-25,-0.029955730052654356,0.003547203574476943,-7.3453647229951e-24,0.0,7.087312175729181e-07,284.49443272233236,-0.0026070281894782846,0.0002594416761128916
1995-07-26,-0.039851328073921846,0.0033941533269181766,-7.3453647229951e-24,0.0,3.853044604177529e-07,287.2565262932786,-0.0027882515500157567,0.0001132098466095965
1995-07-27,-0.04336553997239151,0.0032511870403074275,-7.3453647229951e-24,0.0,1.8317062975996635e-07,286.818227983464,-0.003088068438030906,1.2993812106287805e-06
1995-07-28,-0.03874748103362693,0.0031169781745490383,-7.3453647229951e-24,0.0,8.250360435011697e-08,288.886951557885,-0.0029852231543532203,1.2874602930423862e-06
1995-07-29,-0.044327752149037725,0.0029911233038552067,-7.3453647229951e-24,0.0,2.8876261522540942e-08,291.2064666173328,-0.0029403339797830852,8.089528614104919e-05
1995-07-30,-0.044135572925462566,0.0028755309554816645,-7.3453647229951e-24,0.0,1.0312950543764621e-08,287.8085418313237,-0.0025995138685329486,0.0004372748277955136
1995-07-31,-0.025404397166718204,0.0028126245669725927,0.0003154057791902072,6.940647286210356e-05,2.8053519584364812e-05,279.6156741463757,-0.003085128389467291,0.004731247906630996
1995-08-01,-0.035818444891164536,0.002661403794746615,-7.3453647229951e-24,0.0,2.280466974118335e-05,285.0318693926106,-0.0025170133791148326,0.0
1995-08-02,-0.037465612556638016,0.0025629126756204724,-7.3453647229951e-24,0.0,9.837502476859228e-06,287.2586718485629,-0.0025080328775664504,7.194869935849293e-05
1995-08-03,-0.034627601125482785,0.002469293057581799,-7.3453647229951e-24,0.0,3.92241498171273e-06,286.4069230569958,-0.002504413405506961,4.351138045421976e-07
1995-08-04,-0.03343570064016655,0.002381868786731009,-7.3453647229951e-24,0.0,1.2475934069035418e-06,286.7369389866256,-0.002116368825699987,7.373048649240981e-05
1995-08-05,-0.033072125777012885,0.002299932015817718,-7.3453647229951e-24,0.0,3.549970139217916e-07,287.09164414702167,-0.0022019375704944474,0.0001291547452829447
1995-08-06,-0.03865048769166914,0.0022205145513944035,-7.3453647229951e-24,0.0,8.595528575660145e-08,288.9858347000151,-0.0024207621013040597,2.7678443091331583e-06
1995-08-07,-0.04394821481684507,0.002145078306817739,-7.3453647229951e-24,0.0,1.9826121249441373e-08,291.099851838164,-0.00238193155892488,2.2323235851276856e-05
1995-08-08,-0.04021272113767721,0.0020821512924075803,-7.3453647229951e-24,0.0,0.0,287.3854188326389,-0.0025843094276674725,0.0014208897189783105
1995-08-09,-0.03705093622376016,0.002006423507033095,-7.3453647229951e-24,0.0,0.0,283.61317076027507,-0.002093383716156254,0.0
1995-08-10,-0.037563187001788685,0.0019438547939903995,-7.3453647229951e-24,0.0,0.0,287.3068104221323,-0.002113617704076282,0.00029485124642436773
1995-08-11,-0.03732494681568469,0.0018847423084711627,-7.3453647229951e-24,0.0,0.0,289.45614791051145,-0.0022292496941689046,0.0005838965291462374
1995-08-12,-0.035945617293907425,0.0018242962953061036,-7.3453647229951e-24,0.0,0.0,287.94063948148164,-0.0019347896367984982,0.00010533454043124333
1995-08-13,-0.039047945311850754,0.0017695369693519034,-7.3453647229951e-24,0.0,0.0,285.9202200212497,-0.001890611534906646,0.00012988471697273864
1995-08-14,-0.03788849972398941,0.0017169070782634497,-7.3453647229951e-24,0.0,0.0,283.5176820880725,-0.0017766148209740215,-1.1922566045541316e-08
1995-08-15,-0.037470475049678896,0.0016671447767376225,-7.3453647229951e-24,0.0,0.0,287.1233251754847,-0.0017970236134057667,4.4107436991680515e-07
1995-08-16,-0.039979948036078,0.0016198812399880363,-7.3453647229951e-24,0.0,0.0,289.455666091258,-0.001865817812708138,8.536130867400137e-05
1995-08-17,-0.04148359142117582,0.001574279814116699,-7.3453647229951e-24,0.0,0.0,289.9592299955264,-0.001866862677711215,8.784752887195436e-05
1995-08-18,-0.014613618074500628,0.001596425044334541,-7.3453647229951e-24,0.0,0.0,284.1193582315679,-0.0029319655886814425,0.009392941907300787
1995-08-19,-0.02877045944754013,0.0014917906899910187,-7.3453647229951e-24,0.0,0.0,282.8186055953894,-0.0019002861874756842,2.2757457469556955e-05
1995-08-20,-0.03466648650539797,0.0014519044908426577,-7.3453647229951e-24,0.0,0.0,285.91388766330067,-0.0018919509398819363,1.7172590496272733e-06
1995-08-21,-0.03263785374366631,0.0014138188065782108,-7.3453647229951e-24,0.0,0.0,288.3608271245005,-0.0017409365792564083,2.4505843760182406e-05
1995-08-22,-0.030029915399470572,0.001411711260423822,-7.3453647229951e-24,0.0,0.0,288.85910562921157,-0.0019801143072755998,0.004569955760031255
1995-08-23,-0.027298231456576096,0.0013490333563863895,-7.3453647229951e-24,0.0,0.0,288.8395267924796,-0.0023053769011702916,0.00100630311549987
1995-08-24,-0.0290507300425384,0.0013121949919199542,-7.3453647229951e-24,0.0,0.0,288.28260329079495,-0.0017543008372103428,0.0002843185332071981
1995-08-25,-0.027504360145431457,0.0012862586368948725,-7.3453647229951e-24,0.0,0.0,286.8715550948896,-0.00177924629658629,0.0013971053442712559
1995-08-26,-0.028361380352812302,0.00125512674366687,-7.3453647229951e-24,0.0,0.0,286.52190199814277,-0.0020617690821320323,0.0010614655448842284
1995-08-27,-0.03576133753788674,0.0012197751278257643,-7.3453647229951e-24,0.0,0.0,288.4165147540709,-0.0017449519160272038,4.351138045421976e-07
1995-08-28,-0.03363946707403593,0.001191332178600764,-7.3453647229951e-24,0.0,0.0,288.5733377022034,-0.0017250947085982662,0.0
1995-08-29,-0.04069136461969149,0.0011638338956455729,-7.3453647229951e-24,0.0,0.0,289.2007123332913,-0.0018230793355716824,0.0
1995-08-30,-0.039263580436423674,0.0011375147407337771,-7.3453647229951e-24,0.0,0.0,285.5549879630856,-0.0015860797658478472,3.356677664059704e-05
1995-08-31,-0.03293775682900585,0.0011121197945654058,-7.3453647229951e-24,0.0,0.0,284.9646559354276,-0.0014368344550836558,8.612373108007887e-07
1995-09-01,-0.03272738593951457,0.0010879821864898597,-7.3453647229951e-24,0.0,0.0,287.09962814316685,-0.0014362043758991076,3.867224983305329e-05
1995-09-02,-0.03395433214593069,0.0010664731600863787,-7.3453647229951e-24,0.0,0.0,288.39956222864646,-0.001490083723039614,0.00045320168526436416
1995-09-03,-0.030444879358434415,0.0010542707086282936,-7.3453647229951e-24,0.0,0.0,288.409662918407,-0.0018640553084133711,0.0021577768743374927
1995-09-04,-0.029122410689370107,0.0010295897553869561,-7.3453647229951e-24,0.0,0.0,288.2735017930945,-0.0016995811740220604,0.0015497669056903866
1995-09-05,-0.032187755288040576,0.0010043764855228576,-7.3453647229951e-24,0.0,0.0,286.862343233184,-0.001771057666526676,0.0009402452998664569
1995-09-06,-0.020006418438617793,0.0010012389913117146,-7.3453647229951e-24,0.0,0.0,283.1983323070289,-0.0015134664704907414,0.003346433696671448
1995-09-07,-0.018126384139397725,0.000972054940832537,-7.3453647229951e-24,0.0,0.0,281.89594086325553,-0.0015333919959553217,0.0018178689950367555
1995-09-08,-0.017122354884605624,0.0009956824577460855,-7.3453647229951e-24,0.0,0.0,281.84878431560855,-0.0021119628017399945,0.007286418965980832
1995-09-09,-0.014340107429162257,0.0009602190411023502,-7.3453647229951e-24,0.0,0.0,280.1148757719051,-0.0019004916835386877,0.004467403232041052
1995-09-10,-0.01900684972435741,0.0009275775002894429,-7.3453647229951e-24,0.0,0.0,281.70051239933224,-0.0018005321844149443,0.0029089438208078936
1995-09-11,-0.01614675190994295,0.0009057534448171067,-7.3453647229951e-24,0.0,0.0,279.5316256399209,-0.0017890378011990403,0.0022377605828861735
1995-09-12,-0.02080051415720902,0.00088001046813814,-7.3453647229951e-24,0.0,0.0,281.715748950362,-0.0014330827194334423,0.00042165520685422684
1995-09-13,-0.02261462113109686,0.000866351322939167,-7.3453647229951e-24,0.0,0.0,283.25425710875663,-0.0013519773407086814,0.0008032794002350512
1995-09-14,-0.021596266556594336,0.0008539328467374468,-7.3453647229951e-24,0.0,0.0,283.9285637663358,-0.0016454344636387074,0.0009482287782596792
1995-09-15,-0.026533813084249448,0.0008335336621871777,-7.3453647229951e-24,0.0,0.0,284.5091514767002,-0.0014661126849004778,0.00030064377671926894
1995-09-16,-0.025074843296223445,0.0008178401296421633,-7.3453647229951e-24,0.0,0.0,283.1388789821704,-0.001361451001238015,7.573265131244533e-05
1995-09-17,-0.02614715527006462,0.0008047578361748302,-7.3453647229951e-24,0.0,0.0,284.73031792218626,-0.001304771793259066,0.0002573450743141821
1995-09-18,-0.012104084220646466,0.0008468565631047482,-7.3453647229951e-24,0.0,0.0,281.2367935863143,-0.001673779045205332,0.007477172518854087
1995-09-19,-0.004046734822335216,0.0008121313853452435,0.03189023694974105,0.011662032181597027,0.0012408632385191944,274.6544569845254,-0.0013050179044573995,0.014978801395928533
1995-09-20,-0.004657871726542543,0.0007754248582710656,0.14892371226165255,0.017951365812855252,4.511560171337452e-05,269.861956917858,-0.0007278720116884696,0.01955447393958709
1995-09-21,-0.0075556773502947925,0.0007547005421697758,0.20464294778425143,0.0026749065829872413,-2.062590108752924e-09,264.4006338532586,-0.0007841305144257465,0.002726880119916463
1995-09-22,-0.012188771392329264,0.0007490091404672398,0.19963852474693974,1.8547315382014563e-06,0.0005624423298121845,267.8050709345471,-0.001100722195233329,3.5862463666084004e-06
1995-09-23,-0.008722858492937467,0.0007340433233875341,0.20265028211805555,0.004501752113386737,5.048193500540351e-05,271.5011437446609,-0.0009036041206895969,0.004822448687319352
1995-09-24,-0.011127130965055047,0.0007330831666450716,0.2187035627059793,0.000664725099916512,0.0011227461746183493,269.93305553285415,-0.000938990874226484,0.0006677115199256079
1995-09-25,-0.01429536159934297,0.000755868220733384,0.19954059263182675,0.0,0.0041744835190685465,273.7437862999695,-0.001159943056182336,8.642672355563263e-07
1995-09-26,-0.016672045287102633,0.0007637162498161618,0.16395698159427965,0.0,0.0055563149521243105,275.230984244194,-0.0012717631219302194,4.351138045421976e-07
1995-09-27,-0.015409324381311063,0.0007481160810438252,0.12426619879943504,0.0,0.0047684933064179235,276.6064456716994,-0.0012331736079380336,8.475153094877896e-07
1995-09-28,-0.018209399729125244,0.0007383415927994724,0.09171917299317327,0.0,0.004433863538469972,278.62934604651963,-0.001322579217580079,9.792497602417644e-05
1995-09-29,-0.00536338555610786,0.000769647753844827,0.06816557975812147,0.00257841910177705,0.0016813671774109878,276.37469258640675,-0.0008004946623649974,0.009082052987083176
1995-09-30,-0.007795053392143573,0.0007342500033351662,0.14274111530426087,0.013296254547470708,0.0021327290220954326,273.79204146606105,-0.0009083111723095684,0.016897831629796273
1995-10-01,-0.010562814561660682,0.0006777841155811892,0.1459820706067561,0.00025512206520737903,0.001365786491982681,272.4275829078114,-0.0011287306009207742,0.000944736717750366
1995-10-02,-0.010412533783306512,0.0006581881625504144,0.138908889109581,0.00040658544433318965,0.0007897329406212953,269.52907088831097,-0.0010149995980542259,0.0004281729291160497
1995-10-03,-0.00849911465314822,0.0006619718788707324,0.1307687992879002,0.0005866578532814306,0.0009061218065730596,272.05736408844285,-0.0007933137706865025,0.0015309591077815343
1995-10-04,-0.005288011231328135,0.0006493029452986636,0.1630854777248117,0.00930941944657746,1.8916834714049e-05,271.0987519301937,-0.0006780700263498868,0.010843006231017032
1995-10-05,-0.007623898233734282,0.0006257005162158256,0.21482604865524954,0.0054458833936244086,0.0,268.8605695067153,-0.0007840566926420072,0.005464345907082406
1995-10-06,-0.009900946275325818,0.0006277048486774251,0.22221969345868647,4.926854270999715e-07,0.0006146227762018894,268.96386875001724,-0.0009642252330221026,9.364494819962247e-07
1995-10-07,-0.008208653600202443,0.0006297548106834714,0.20976277439383242,0.0010330542753645257,0.0008916334580566923,271.71609807059366,-0.0007910907194860238,0.0015924556947907484
1995-10-08,-0.010110950023777742,0.0006146682689418901,0.22281809086629,0.002863387266794841,0.0005716948354311583,270.8332887064041,-0.001045971235397172,0.0029659978038902883
1995-10-09,-0.012183825343342152,0.0006137782402631254,0.21430098539018366,6.045239035692593e-05,0.000932361741187209,271.99012745212474,-0.001107257154196669,8.08665307446926e-05
1995-10-10,-0.011725581929845325,0.0006425622324485563,0.1976444797551789,0.0,0.0034033920258115247,274.15792696175157,-0.001007429108360393,8.583068797918258e-07
1995-10-11,-0.014427411270006903,0.0006710439920425415,0.16438365296904428,0.0,0.005705321954805299,278.6838736956178,-0.0011893183645387156,4.261732051702438e-07
1995-10-12,-0.018068896006729646,0.000621449896844767,0.128109919373823,0.0037553289136980895,0.0010876640424890033,277.724289360693,-0.0015191286591823493,0.005568237207030173
1995-10-13,-0.012075355623738241,0.0005785566096925466,0.14499102518832394,0.00041998417700751356,5.0627116092854305e-06,268.6177630774719,-0.00106474601447919,0.0004244622200441091
1995-10-14,-0.01089757988176777,0.0005967917583756528,0.13925050207450568,-2.062590108752924e-09,0.001577790426669148,272.4894607493658,-0.0007698369807021767,0.0
1995-10-15,-0.012751534791652766,0.0006253337961132244,0.12350642030072977,0.0,0.0037763462859695244,277.2586459933926,-0.0009473158088696879,0.0
1995-10-16,-0.015391424845504223,0.0005977787708832046,0.10098364303790021,0.0,0.002177575550510385,278.0426219573803,-0.0012222083317021193,0.0
1995-10-17,-0.013381370716849292,0.000569950726072667,0.08795154521245292,5.899744350357918e-06,0.0006598405497895797,275.0548168261397,-0.0010344566998340317,0.00010360314347649699
1995-10-18,-0.00706637844359134,0.0006211888318681447,0.08670141647540018,0.004233151421708576,0.0007033025435471941,275.307052443481,-0.00122156078364216,0.008963554760830552
1995-10-19,-0.014404835926610871,0.0005516554676206773,0.11200652329037195,0.0017372039541349576,0.0,268.323612091007,-0.0010379062239396371,0.0018422844719297336
1995-10-20,-0.013448936496414035,0.0005620925103203726,0.1102131701683145,0.0,0.0009350403511928302,272.29562960551056,-0.0007691056820127251,2.5801216452236986e-06
1995-10-21,-0.008640198636863192,0.0005738577768627534,0.10244388903601695,0.0013429491470257442,0.0009661421263958776,273.68056534014625,-0.0008001486470891259,0.003090902695399207
1995-10-22,-0.002838352095272582,0.0005426394232248856,0.18835771061381829,0.018197297492185557,0.0,266.78671123842287,-0.00047478410231191557,0.018564355070308104
1995-10-23,-0.006354402645496325,0.0005465658371057888,0.2540106189677495,0.0007582877020714648,0.0006338447690178446,263.28019020741493,-0.00048693806185560714,0.0007594295140713621
1995-10-24,-0.007998091394955156,0.0005436478193196874,0.2426077345221281,3.0127916969148453e-06,0.0006458274914888339,266.1258386083916,-0.0005739737975563706,4.723587935740845e-06
1995-10-25,-0.008242734702630232,0.0005358088824708584,0.23197980115642655,0.0,0.0003318314224818332,267.5236269489296,-0.000650140546304358,0.0
1995-10-26,-0.008339543463820119,0.0005300203285648325,0.2314883014801083,0.002978896017128465,0.00014446284306251397,269.22887246083405,-0.0006840198621743144,0.003157254278951096
1995-10-27,-0.009177346982188144,0.00052489744404615,0.24086932453507534,0.0018128059425596465,0.0,266.70745358583844,-0.0007791551629786438,0.001819413630873524
1995-10-28,-0.0065713502929709055,0.0005348069688021127,0.24592754126942093,0.00016388183428069295,0.000845872560295008,265.6440619129246,-0.00044822734964769447,0.0001681464876818051
1995-10-29,-0.0017125432269047883,0.0005193186850197572,0.2528945146980932,0.0054352734721986595,0.0,267.6890438999385,-0.00019619841191728237,0.005451877908116773
1995-10-30,-0.0016797573468779442,0.0005166707402568753,0.32362219169314976,0.0086902821552282,0.0,266.94352027117196,-0.0002346952198504728,0.008711138131882836
1995-10-31,-0.0030828220190974955,0.0005140525978163811,0.3505928341278249,0.0015258188806684678,0.0,265.2817826280037,-0.00030837429024405404,0.0015297580910267805
1995-11-01,-0.002411004639951523,0.0005114858096602273,0.42873829412370534,0.010625174069135204,0.0,259.2795741876865,-0.0003253437189311631,0.010631137146774718
1995-11-02,-0.0020310128223424576,0.0005089735749077662,0.4385508161929143,0.0004297518039827293,0.0,251.75218763549,-0.00018889705866238494,0.0004347372526502879
1995-11-03,-0.0038362958252766716,0.0005064929945994232,0.4257918248293315,0.0,0.0,257.4333615994498,-0.00020631075452613292,8.583068797918258e-07
1995-11-04,-0.005394629165951142,0.0005040495409130377,0.4182259942178673,2.9812488010374168e-05,0.0,261.9534396370926,-0.0003046600547971699,3.3951096508328687e-05
1995-11-05,-0.006423692960860366,0.0005015954375267029,0.40845163348928903,3.2070434867998975e-05,0.0,267.0474159183251,-0.0005203348473977235,3.544711010223223e-05
1995-11-06,-0.005440052451386964,0.0004991901628041671,0.4196841712276366,0.004950010338745549,0.0,265.84078440693145,-0.00048303341566674463,0.005175818853784756
1995-11-07,-0.0028055687829599547,0.0004968237405442923,0.45532617371410083,0.002824330165729684,0.0,262.37289200619347,-0.0002434931716508111,0.0028727935195642677
1995-11-08,-0.005877342264531022,0.0004944887201664812,0.45759861258239176,0.0001924402464581075,0.0,270.0502447139072,-0.0003763829373707206,0.0001956487441790843
1995-11-09,-0.005712953538207686,0.0004921473015499654,0.4426961492908428,0.004624737479255698,0.0,270.71912695459054,-0.0005156085221359959,0.004754049158263395
1995-11-10,-0.0025493968172935447,0.0004898436830542182,0.514848439706921,0.007282332680319662,0.0,261.17177954636054,-0.0003421262622216327,0.007305178124060044
1995-11-11,-0.004879658841817392,0.00048761802204584675,0.5328293277718927,0.000890404364820254,0.0,264.0527194754103,-0.0002355527627350247,0.0009019133902302971
1995-11-12,-0.005631118002584426,0.00048533780763378257,0.5358716601930321,0.003996453169038741,0.0,270.9839097254694,-0.0004490489392714986,0.0042443830077589974
1995-11-13,-0.0035985870718282494,0.00048311534574476344,0.5527463291548965,0.004745954132012729,0.0,268.6635915249755,-0.00035291375055656595,0.004773704951760874
1995-11-14,-0.004573094011363337,0.00048088303393563304,0.5547523283015537,0.0010040506804730258,0.0,272.13924214709726,-0.00031868204221887107,0.0010593877336050022
1995-11-15,-0.006177695162888974,0.0004898301288906464,0.5297320522157486,1.1621200937335775e-05,0.0007908193573439862,272.6159369402237,-0.00035723406653114637,1.2914676393896729e-05
1995-11-16,-0.0052489895941847465,0.0004769838125692249,0.5047085577036252,0.0,3.51688871949406e-05,273.0400599714951,-0.0004653954604840548,1.3008358905608475e-06
1995-11-17,-0.005507478016917988,0.000474280556716488,0.4888672334775189,0.0,0.0,270.8199291408848,-0.0002789373409613378,8.583068620282575e-07
1995-11-18,-0.006446879167677993,0.0004874131942199449,0.4726134909074859,0.0,0.0010732826329557237,274.14124843719543,-0.00046101608182077365,8.404254003835376e-07
1995-11-19,-0.00626245688247142,0.00046994524486994343,0.4598905918961865,0.001761921823529874,0.0,270.5787561061019,-0.0006096694450088814,0.0019144841843405686
1995-11-20,-0.004705298207910721,0.0004677988883465697,0.45784643140889836,1.4063497047639837e-07,0.0,265.2726037407999,-0.0002612266373836388,1.8546655555169799e-06
1995-11-21,-0.004595107951406705,0.0004657057382292667,0.45102474693973643,0.0,0.0,267.9048851358016,-0.0002639512557767879,0.0
1995-11-22,-0.002797720585502474,0.0004636125881119637,0.45226131230873357,0.0037625039701407914,0.0,270.7334223027059,-0.00022196892312185913,0.003908865094824268
1995-11-23,-0.0038098193242051513,0.0004615705397169469,0.4705764569356168,0.000995202821358449,0.0,269.26116741489335,-0.0002554386833124915,0.0010006657263147004
1995-11-24,-0.00560019586214238,0.00045950054112127274,0.46185888947740117,0.0,0.0,272.1818748014346,-0.0003872085257438617,8.52346317969932e-07
1995-11-25,-0.007372308838165414,0.00045746699564874505,0.44808494438559326,7.821068083499112e-06,0.0,272.37987401929956,-0.0006144313709968228,0.0001535818400679872
1995-11-26,-0.003033899191745931,0.00045543345017621747,0.467096418535193,0.012025638783382156,0.0,269.69660987063764,-0.0005064188834216635,0.012321441692204395
1995-11-27,-0.0017513511544567045,0.0004534725583879288,0.5479161609139596,0.0023353929910282633,0.0,261.85414293795657,-0.0002359884796337893,0.0023419614922323174
1995-11-28,-0.0012219472035849836,0.0004514818642772524,0.5663342951830274,0.0036099236774242535,0.0,261.40763340966174,-7.4541827632209e-05,0.003615671244615943
1995-11-29,-0.005025351914645589,0.00044952602373004636,0.6062740462423494,0.0033512787504048004,0.0,269.8137453693455,-0.0002152045957196904,0.003379627052000014
1995-11-30,-0.006496353506368432,0.00044762498914858724,0.5934798820768598,0.0012917471260337507,0.0,272.54873086817975,-0.0005026257223328628,0.0018652416891516133
1995-12-01,-0.005556713684467272,0.00044559784191476425,0.5809475598811206,7.90251092722187e-05,0.0,271.6455290842864,-0.00037450860070306705,0.00011375277055858893
1995-12-02,-0.005982749458760192,0.0004436619537698347,0.5731888535781545,0.0036126731731797347,0.0,269.94497973052347,-0.0006738766806863122,0.00393588394768494
1995-12-03,-0.004353201574524917,0.0004417093123419811,0.5771380925582628,1.7217365698625812e-06,0.0,262.63781085616006,-0.0004051102872538028,1.7208736495109605e-06
1995-12-04,-0.0061745704651552415,0.00043982957716042046,0.5690920267625942,0.0003516781801557811,0.0,266.8121341985498,-0.00032438426199605917,0.0005499176216988104
1995-12-05,-0.005212068894488664,0.0004378952885751671,0.5647853125735641,0.0005726930027627676,0.0,260.09264172986855,-0.0005447899943775376,0.0005738862958319157
1995-12-06,-0.0029239937831453014,0.00043603205411447645,0.5752201403601696,0.0013633714304805476,0.0,261.4769378453774,-0.00013370383636089367,0.0013645728260783829
1995-12-07,-0.002299327382260123,0.00043417387089486853,0.5755840524217278,0.00036873003352159837,0.0,261.9266215322606,-0.00011689450044584814,0.00037260375420097565
1995-12-08,-0.0015813946555563285,0.0004323172872349368,0.6054315082097458,0.002542396660073329,0.0,253.63701968363674,-0.0002298629132367797,0.0025493736151571867
1995-12-09,-0.001705957039938135,0.00043051525697869773,0.610540300214807,9.271342538844394e-07,0.0,252.7237413409964,-3.266020935807525e-05,9.321223544535665e-07
1995-12-10,-0.0023982417953889927,0.0004286884756411537,0.6077579706626649,0.00025877232352892554,0.0,265.5914345829276,7.963336814763182e-05,0.0002618319879265443
1995-12-11,-0.006863005585589653,0.0004268864453849147,0.5967415272628296,3.5040038453657083e-06,0.0,270.52445830867794,-0.0004274974877046327,4.607775745068471e-06
1995-12-12,-0.00173048296217191,0.00042510276797127594,0.5836839119144304,0.0006810788717647058,0.0,269.69689821433667,-0.00013557965683061527,0.0010392343761775993
1995-12-13,-0.005854870134827782,0.0004232858365538431,0.5751562316089925,0.00015473529949026595,0.0,271.42800366676465,-0.0004763949062612097,0.0002129217661811806
1995-12-14,-0.0034815400923039284,0.0004214822067379278,0.5642053061734935,0.000501384948101421,0.0,265.53151496341223,-0.00038094313994134217,0.0005260462140283205
1995-12-15,-0.0028879932932934517,0.0004197099788040764,0.5595693929496234,2.7559381925453575e-05,0.0,265.7521772366684,-0.00017160968591937913,3.124270054030537e-05
1995-12-16,-0.003260338668432613,0.00041793615131054893,0.5522748296992703,0.00012611818768210333,0.0,266.2302572677814,-0.0002389716321213097,0.00012978500565069206
1995-12-17,-0.0023958126114586656,0.00041618707489832646,0.5571833896098164,0.0013351747292583273,0.0,263.4518413759221,-0.00026302874130381033,0.001339827334711161
1995-12-18,-0.002598726732582696,0.0004144760511689268,0.5544934748705274,7.162407293158063e-06,0.0,260.4658558265413,-0.00010500788835987535,8.877185767060597e-06
1995-12-19,-0.0035537965806190577,0.00041271872439626917,0.5497297441443032,0.0,0.0,261.70554485428806,-8.892686774501694e-05,8.583068797918258e-07
1995-12-20,-0.0021335032195021206,0.00041102260182806333,0.545147624617467,1.4063497047639837e-07,0.0,263.0166974795067,-4.335891160756181e-05,1.0016168802636038e-06
1995-12-21,-0.0014016711189921967,0.00040932395363931607,0.5561022282544728,0.0019772471596965686,0.0,261.47012002230144,-0.00012035091212913815,0.0019819988957556493
1995-12-22,-0.0023919396565458867,0.0004076237058908926,0.5680582222516479,0.00010575575091071049,0.0,258.97062534396935,-0.00016432946368967745,0.00010954312516647207
1995-12-23,-0.0023870582213509554,0.0004059374332427979,0.5634761027248117,2.5713342731281866e-06,0.0,260.965664581615,-0.00011285431788297697,3.0064480776703837e-06
1995-12-24,-0.002495196200696762,0.0004042479614753508,0.5586542104372646,5.9941394180901315e-06,0.0,263.7002209988467,-5.206214737589077e-05,5.984626247384453e-06
1995-12-25,-0.0027322214791330244,0.0004026146426712726,0.5531550692973165,0.0,0.0,264.59720471125314,-8.782975922870097e-05,0.0
1995-12-26,-0.00416651128207223,0.0004009416716246955,0.5474416729196092,0.0,0.0,267.130094129487,-0.00012461252847297045,1.72257422903499e-06
1995-12-27,-0.004053692738551879,0.0003992926518795854,0.542036325918079,0.0,0.0,264.09665506797546,-0.00011473962521485692,4.261732051702438e-07
1995-12-28,-0.004047014408529142,0.00039765108271507216,0.5372056979019538,0.0,0.0,262.81867769029407,-0.00014677666401290626,4.410743663640915e-07
1995-12-29,-0.0029572896701467915,0.0003960385160931086,0.5330704798581687,0.0,0.0,262.3078061586944,-9.091806697980159e-05,8.642672923997452e-07
1995-12-30,-0.002730501826200108,0.0003944035977293543,0.5292752655661488,0.00014267280950384624,0.0,263.8615868239753,-0.00011221217359863433,0.000145770351049241
1995-12-31,-0.0011786277179664138,0.00039280168080734,0.565257961467161,0.009518351511093183,0.0,264.7289264987866,-7.977592890377099e-05,0.009524143357382232
1996-01-01,-0.0014769841974737955,0.00039118326316445564,0.664853083436323,0.006287485424239758,0.0,260.3327368756023,-0.00023297787154630083,0.006293620935267648
1996-01-02,-0.0010629758912291231,0.00038958799704320017,0.7244916725517893,0.0024696103807559794,0.0,256.26083793568296,-0.00010786324444800449,0.002475199052842997
1996-01-03,-0.0021042825475250933,0.0003879927309219447,0.7762717841484229,0.007521391062244857,0.0,265.81350348090047,1.223783119250152e-05,0.007525651367336586
1996-01-04,-0.0010166547897845339,0.00038643391792383573,0.8225653984227873,0.003916732714337818,0.0,260.4927309722326,-0.00023260970447359786,0.003923113923423184
1996-01-05,-0.0009743385227386561,0.0003848501012823676,0.8285222457627118,0.0007416072622530878,0.0,255.55056200548307,-6.743266883879732e-05,0.0007488280961384632
1996-01-06,-0.001987455844205652,0.00038329793908501754,0.823869550744468,2.1460555535925314e-05,0.0,254.80841874088497,-2.7695807528361093e-05,2.408934714550903e-05
1996-01-07,-0.0026993547371551817,0.0003817340748458259,0.8189407607256357,0.0003985365442300247,0.0,264.95828423437206,3.443570481350193e-05,0.0003989650703743216
1996-01-08,-0.002904652412665093,0.00038019176256858704,0.8020097693032016,0.0005541263032430983,0.0,268.2446801065276,-7.350028276780231e-05,0.000556400468691648
1996-01-09,-0.0034504382960540434,0.0003786577006517831,0.7862355722545905,2.7722263403531527e-05,0.0,266.12981203585696,-6.696686022362467e-05,2.857850769676731e-05
1996-01-10,-0.005974884339645084,0.0003771169879342203,0.7749614248616996,0.0026525025187575887,0.0,267.27038596129916,-0.00044573015286087313,0.002715957451001399
1996-01-11,-0.003584786618159989,0.0003755927759375276,0.7694399846251178,0.0,0.0,266.3330602448314,-0.00011006475420994948,1.716613667213096e-06
1996-01-12,-0.005077624767176849,0.00037406616460132063,0.7535552116437148,0.0,0.0,270.68315949592665,-0.00019075804637313566,8.523463748133508e-07
1996-01-13,-0.006328828674925249,0.00037256603018712196,0.7351425946769069,0.0,0.0,272.2501987809291,-0.00031347825365551446,8.642672923997452e-07
1996-01-14,-0.005492510684465959,0.0003710682951124375,0.7177915986199389,0.0,0.0,268.65172296010394,-0.00024458380300278047,1.2895995951112127e-06
1996-01-15,-0.004733947963364381,0.00036960208820084394,0.7038033982903721,0.0,0.0,269.1169272169555,-0.0003081694887266995,4.351138045421976e-07
1996-01-16,-0.006155082019372176,0.0003680927773653451,0.6896211728313325,1.809817586241469e-06,0.0,266.93612966519515,-0.00046004786413941686,3.096859254159334e-06
1996-01-17,-0.0014864660925784355,0.0003666414716149454,0.7222079691913841,0.00714062343714601,0.0,260.0004372174682,-0.0003750170396882936,0.007144684906721732
1996-01-18,-0.001934784322471942,0.00036517021346226924,0.776582822063324,7.423583818020795e-05,0.0,250.16248786337184,-9.837614025099804e-05,7.635725420073601e-05
1996-01-19,-0.0024639150853884425,0.00036372370639089813,0.7794637733933616,0.0011049417284248915,0.0,257.3593901438453,-4.2962846951296104e-05,0.0011089416209351275
1996-01-20,-0.0032149303262516606,0.0003622790514412573,0.7871767320650894,0.0006287634204336479,0.0,260.10176763516586,-0.00011345558920822577,0.000635580996514122
1996-01-21,-0.003889240492871926,0.00036082269444977504,0.7803465417549434,0.00012611380993983166,0.0,262.6513182537704,-0.00022965118204806484,0.00013156748760891502
1996-01-22,-0.002513151636904916,0.00035941929130230924,0.7821831137447035,0.0011772745325740448,0.0,259.99138605078286,-0.000179618418132518,0.001182573494938134
1996-01-23,-0.0021826320112088306,0.0003579778354720207,0.7766115580125943,2.819895323386974e-05,0.0,255.66792686016998,-0.00015888334709708975,2.958852008781843e-05
1996-01-24,-0.0010242291678816586,0.00035656618196412,0.7741802668167372,0.0010683996613416295,0.0,256.13153461952,-3.0746188877666064e-05,0.0010723171915853044
1996-01-25,-0.0013583885495272062,0.0003551561280158954,0.7962129237288137,0.0010958079480181979,0.0,256.0733106365312,-5.8029036400681836e-05,0.0011016574904830498
1996-01-26,-0.0015969730198046581,0.0003537676260296235,0.8016175810675613,0.0013090412074563196,0.0,254.64360051056312,-8.706354383526549e-05,0.0013155352260879475
1996-01-27,-0.002011579435087193,0.00035237407280226885,0.8128011527483523,0.0004415866513710238,0.0,255.36072568300756,-7.981964318597384e-05,0.0004461148195679982
1996-01-28,-0.0014344557783024458,0.0003509773204555619,0.8179724741790254,0.0018778027240502631,0.0,258.627146291643,-2.938552133444339e-05,0.001884209823473699
1996-01-29,-0.000743229342045757,0.00034959706882972506,0.860181215792726,0.003036787912333753,0.0,254.74735430988667,-9.643545868874943e-05,0.003041104428973862
1996-01-30,-0.0012066724610193976,0.0003482176169837262,0.9184292148511065,0.00234930596109164,0.0,252.37030035403268,-0.00011579970708169505,0.002352926463950008
1996-01-31,-0.0013125613752731496,0.00034684401615864817,0.9176938044373824,9.184541170206447e-05,0.0,250.2753292414204,-5.2474097133019556e-05,9.516560311596993e-05
1996-02-01,-0.0006659604230169524,0.0003455010174357959,0.9124730571739644,0.00029979538867029094,0.0,248.0063843161373,-2.9614637211217722e-05,0.00030302102742370556
1996-02-02,-0.0020881436217976158,0.00034415216769202283,0.9104705063412195,2.4809444186377664e-05,0.0,245.57892246210417,-3.788287167326878e-05,2.6355254357116855e-05
1996-02-03,-0.0025532106726856556,0.00034280331794824985,0.9046407868408665,6.865478504849019e-08,0.0,247.04076445125142,-5.438533416912381e-05,3.0778886568729273e-06
1996-02-04,-0.0036652620229343912,0.00034148427052686444,0.8979071493202683,3.4689840118763815e-05,0.0,259.102397476886,-1.308034663483248e-06,3.670009550788785e-05
1996-02-05,-0.005100207392778774,0.0003401668226651553,0.8856642556055793,3.0290587978847963e-05,0.0,265.8030324673698,3.5126120020440743e-06,3.114952195706319e-05
1996-02-06,-0.006121997063779562,0.0003388147738020299,0.8653304680143599,0.00010776302992960828,0.0,268.9593920626883,-0.00017936029971319406,0.00010879541518744773
1996-02-07,-0.006860964800004906,0.0003375204774619496,0.8414738829302024,0.0006021558396560325,0.0,270.91696804211864,-0.00032201216761338513,0.0006074159831300831
1996-02-08,-0.007204139257891704,0.00033621633120175815,0.8317195224223165,0.003118836441955998,0.0,272.0722686099467,-0.00034044790844627693,0.0032371657041944087
1996-02-09,-0.01132151513955014,0.00033491883574232546,0.8038472608433382,0.0,0.0,273.60872841599746,-0.0007542456252931876,0.0
1996-02-10,-0.010274090293773824,0.0003336295906433278,0.7867183362023307,0.002239206584833436,0.0,264.9407983445852,-0.0011102925870293953,0.002489735027602442
1996-02-11,-0.0071069562839249445,0.0003323203931420537,0.7771306442002119,0.0,0.0,263.19835565857966,-0.00020272069542253085,0.0
1996-02-12,-0.008975293339982544,0.0003310327476027322,0.767078579257886,0.0,0.0,267.11888369328557,-0.0002846444909602909,0.0
1996-02-13,-0.00847835998750676,0.0003297584036649284,0.7552186782750706,0.0,0.0,270.5319058621222,-0.00028829696446152064,4.351138045421976e-07
1996-02-14,-0.006078732931344523,0.00032847900848604196,0.7425187680231874,0.0009404364447135711,0.0,269.9706537889672,-0.0004858220006618123,0.0009467688489094967
1996-02-15,-0.00426226100847546,0.000327219565709432,0.7374752640948682,0.0005746094015358533,0.0,264.55156946990456,-0.0003346772496141283,0.0005809290092543695
1996-02-16,-0.00837891784596578,0.00032594682133130437,0.7317030164930556,0.0,0.0,268.19865846005314,-0.0002573876047117562,8.553266184208042e-07
1996-02-17,-0.007831739882628122,0.0003246972284748056,0.7207201366819681,6.204502562345084e-06,0.0,269.7755575198014,-0.00030491483729269545,8.793234127477016e-06
1996-02-18,-0.0054928074027858894,0.0003234476356183069,0.7139966142155132,0.001202140740082089,0.0,269.9442288529851,-0.00030662609253731153,0.0012369737618387084
1996-02-19,-0.006322210791420802,0.0003221748912401792,0.7234799372498824,0.0033862872396485284,0.0,268.5733814778301,-0.0003566211983982453,0.0034674010707378927
1996-02-20,-0.007982988436680057,0.0003209268979433567,0.7300517339041902,0.0012618358862602106,0.0,267.9750004137977,-0.0004890643344339678,0.0013647600562024177
1996-02-21,-0.008852910313565852,0.00031965070188382254,0.7217173890654426,0.0,0.0,268.3873706932571,-0.00037799476209165013,-8.058123057708144e-10
1996-02-22,-0.0029265589717417787,0.0003184142843478144,0.7180116010475519,0.005935827070205226,0.0,268.119900241859,-0.00019816447070426189,0.006060562312152561
1996-02-23,-0.007091349295977147,0.0003171315637685485,0.790767116510711,0.003955116674388195,0.0,262.26182125472303,-0.0006345786091129659,0.003969048161562983
1996-02-24,-0.01005108469286881,0.0003158934203918371,0.7887712324181969,1.226988552653857e-06,0.0,264.2797041963049,-0.0004999996452345013,3.0754986342198194e-06
1996-02-25,-0.0023295609122615754,0.00031466192781588455,0.7811968959657486,0.0017391553117057025,0.0,263.23668247158247,-0.00019392796323797798,0.0017847879538842887
1996-02-26,-0.0018164624096983573,0.0003134155340787381,0.8514172110404896,0.007001128489688292,0.0,257.74706167375524,-0.00035053996716515496,0.0070094189401350565
1996-02-27,-0.0016457262938305486,0.00031216914034159175,0.9334767372145717,0.002056675968365481,0.0,251.81816719974728,-0.0002359683378099722,0.0020647486724422476
1996-02-28,-0.0028014456653325573,0.000310952548926833,0.9380409255090632,5.834139252113084e-05,0.0,251.0928365272766,-8.39810502731194e-05,6.390708986858861e-05
1996-02-29,-0.004419206604782471,0.0003096880549091404,0.9304514164754004,2.847216223592812e-07,0.0,253.8855548219268,-0.00010059466638134024,7.108948275295251e-07
1996-03-01,-0.003102042075604369,0.00030848636465557555,0.9691923037311677,0.009591626182282714,0.0,260.3498778513821,-3.2077012004825354e-05,0.009601246502443407
1996-03-02,-0.005526972776752408,0.0003072564716392991,1.061777233403955,0.005548641253999398,0.0,263.0792299978253,-0.00029185654774392395,0.005554938973006556
1996-03-03,-0.007072722339360727,0.00030605318182605815,1.0532077135563795,5.111205628362753e-05,0.0,263.07161498563664,-0.00024123506694190248,5.405900495071175e-05
1996-03-04,-0.00421637919663036,0.00030482993961054053,1.0283639911428908,0.0007672103616477407,0.0,265.939168754046,-0.00011401750820841494,0.0007704143974390944
1996-03-05,-0.0007544669222697026,0.00030362664979729956,1.033479909663371,0.005547968807530269,0.0,263.84216579789273,-7.681834832423151e-05,0.005552957126003022
1996-03-06,-0.003877205153306325,0.00030240180802210576,1.0909384747233992,0.002206872454134085,0.0,257.90660894074233,-0.0002887873663067145,0.0022138348027744598
1996-03-07,-0.002741123744323429,0.0003012017173282171,1.0853885284251412,0.0012950479226597287,0.0,258.23539379716146,-0.0001380453885948591,0.0013019228553700312
1996-03-08,-0.0026910669554424827,0.00029998192679410603,1.0870975128001414,0.0011274039240206704,0.0,261.10573961864986,1.6846404658199033e-05,0.001132800956128061
1996-03-09,-0.009885258720082753,0.000298795137701735,1.0724649375441386,6.313354702992627e-05,0.0,267.9921928341106,-6.145470391559062e-05,6.368697363104525e-05
1996-03-10,-0.014911017975227982,0.000297624849330234,1.0379289242731875,0.0,0.0,273.5199925230497,-0.0003855612318394548,0.0
1996-03-11,-0.01249395980168197,0.0002964894145222034,0.9980953812823684,0.00010216842263431872,0.0,272.6588142344732,-0.0005739165922511096,0.0006241225926889539
1996-03-12,-0.008648657024243459,0.0002952959746290735,0.9665904359404427,0.0019717130831069193,0.0,270.1427256589556,-0.00040273032661548446,0.002343466714484805
1996-03-13,-0.004347709065440011,0.00029413233705833134,1.033193009945857,0.016257153771354657,0.0,269.74648474928574,-0.00034309122816654253,0.016612867936198067
1996-03-14,-0.010159416050560732,0.0002929471475256365,1.068476847560617,0.00042685479094079664,0.0,268.1335295337742,-0.0003828799225768801,0.00043171111931546185
1996-03-15,-0.011859745418621321,0.0002918066614765232,1.0389498550788607,0.0,0.0,270.1890276461671,-0.0003629273098319938,1.7250006862923328e-06
1996-03-16,-0.00792705553904765,0.00029067787746925143,1.044998197681262,0.0072457644309701225,0.0,266.0888517993992,-0.0007711426475964023,0.007573207670746363
1996-03-17,-0.004928357983376347,0.0002895190385775378,1.1202592580331923,0.012400499381924755,0.0,264.9300489551379,-0.00033237332067752296,0.012424713228703586
1996-03-18,-0.004845463034123351,0.0002883836037695071,1.175137794623941,0.00457984697347307,0.0,262.4797322260683,-0.0003813885436472246,0.004596074371585792
1996-03-19,-0.008543113783254461,0.0002872729200427815,1.192697758504002,0.0014671418331773944,0.0,262.60138616903134,-0.0002875521589638823,0.0014714083429110255
1996-03-20,-0.011329436874659048,0.00028612578319290937,1.168573354372646,0.0,0.0,268.1884894685332,-0.0002770821937480889,1.6358836519096046e-05
1996-03-21,-0.004846996296260318,0.00028505155258933034,1.1648250371498352,0.008488309059271032,0.0,268.64707904032616,-0.0002585251126333145,0.008520608298431655
1996-03-22,-0.008658048796788448,0.0002839408688626047,1.1872728710569682,0.0009937512840928332,0.0,270.12471786326614,-0.00026778786806231844,0.0013289971033942226
1996-03-23,-0.0035931748774765573,0.0002828301851358791,1.1826043137947269,0.008688954794305866,0.0,268.359378969153,-0.0005278652428654628,0.008909081318306896
1996-03-24,-0.0038932259641798203,0.00028172110096882973,1.2281287241790255,0.002785203104975534,0.0,257.1141008100492,-0.0005882250113507449,0.002792661695451189
1996-03-25,-0.005275274316469829,0.00028064181912416795,1.2310869177407016,0.00020305987047610313,0.0,254.3448839169662,-0.00026602559002105803,0.00020578018924172057
1996-03-26,-0.009399812352859369,0.00027954603655863615,1.217230902777778,0.0,0.0,260.71294948700006,-0.00023995006278073046,4.288846043557686e-07
1996-03-27,-0.009446394392999553,0.00027845850435353944,1.198819665136535,1.4665836499909226e-05,0.0,263.5111454893641,-0.00027694589968791793,1.5520190788527667e-05
1996-03-28,-0.007872541156192285,0.0002774007744708304,1.1818201672110407,0.0010153518642409373,0.0,265.9856458042526,-0.0001420616461648106,0.001018545806071179
1996-03-29,-0.005063181122144063,0.00027632149262616864,1.1693161211893834,0.0018510972544298332,0.0,267.84886231575086,-0.0002378018909675927,0.0018566571723042506
1996-03-30,-0.008583169704103201,0.0002752124084591192,1.1647864160340162,0.0012455272598791932,0.0,265.09393195603076,-0.0005339954290433793,0.0012482823119998653
1996-03-31,-0.01164813171335533,0.0002741629289368452,1.1454496509386771,0.0,0.0,265.85168899924065,-0.00047418815057493203,4.351138045421976e-07
1996-04-01,-0.012333058915232533,0.0002730902978929423,1.1236735485816853,0.0,0.0,271.0659147000358,-0.0004283842330766936,4.351138045421976e-07
1996-04-02,-0.015448880229292616,0.00027214192737967283,1.0967711827624764,0.00010530288610081217,0.0,273.54950648018644,-0.0008559137593302351,0.0011175031177737308
1996-04-03,-0.0076646342621011256,0.0002710344427722996,1.0890747759975283,0.004860274493694306,0.0,268.5443302341325,-0.0007670385510487072,0.005015266286308602
1996-04-04,-0.003908371352880015,0.0002700014639708956,1.1050154116643127,0.0050793946589117005,0.0,266.99488206277914,-0.00037435693192785076,0.005089478169355069
1996-04-05,-0.012453608551604602,0.00026896688560981534,1.1234776843514596,0.0004917179460579393,0.0,266.4080517045074,-0.000436363473408303,0.000492658992271639
1996-04-06,-0.013759060810178017,0.00026793230724873516,1.104804144965278,0.0,0.0,270.93957887710604,-0.00038283638719279893,4.277195046142879e-06
1996-04-07,-0.008593068958002294,0.0002670451409399173,1.0800686996086395,5.832158744671924e-05,0.0,273.4590458447875,-0.0003109314915655697,0.0016004771850965736
1996-04-08,-0.01246042949500057,0.000338374979078433,1.0497729630120058,0.0004239749100248693,0.005044489856914612,275.4552117399801,-0.0002572145733961278,0.002250610435076353
1996-04-09,-0.018232176532853122,0.0003528587393841501,0.9976958366437148,0.0,0.005897305242843548,275.6986828317301,-0.0005542691323464201,2.900354426199782e-05
1996-04-10,-0.017436339819835407,0.0003511993225011449,0.9474265463159136,0.0,0.005193312278827706,276.82782328330865,-0.0007091966683918473,0.000568288746685128
1996-04-11,-0.006970707600736349,0.0002746760508434921,0.9162462022569445,0.0024729532500108085,0.0006820358609580724,272.93127469423797,-0.0007057489437908777,0.0028204469189132
1996-04-12,-0.011445750119322437,0.0002620295111068898,0.9165386192767184,0.0004446038208102103,0.0,270.9479704100758,-0.0009665848518916444,0.0007825929565609646
1996-04-13,-0.010122873941383793,0.00026107768891221386,0.9296410627059792,0.0041301979941163365,0.0,268.56403116991294,-0.0009715354101637663,0.004162586775138052
1996-04-14,-0.010757171080610847,0.0002601790731236086,0.940672218911841,0.001761827281134277,0.0,266.90472707012054,-0.0006563354936023217,0.0018423477987474113
1996-04-15,-0.014668403245971701,0.0002593052084163084,0.939732668314501,0.00014206653429289998,0.0,268.55887310293883,-0.0005368317956220632,0.00015158480879991058
1996-04-16,-0.018854302159473722,0.00025844464531052586,0.9294691067855464,3.725290298461914e-09,0.0,273.1846613372113,-0.0007833094983282735,8.523463748133508e-07
1996-04-17,-0.01672094761483414,0.00025767029005255407,0.9145979082068032,0.0012527469777118016,0.0,272.84007491634395,-0.0011418554458325193,0.0021769513348725423
1996-04-18,-0.016553878363242933,0.00025678152418405996,0.9175694352489407,0.001169990621886011,0.0,269.93115798677206,-0.00110817290211128,0.0012271274953562525
1996-04-19,-0.008529991963825657,0.0002559358622394713,0.9592738034810501,0.011171054789575481,0.0,268.7548538969511,-0.0006567682955140448,0.011254792529882065
1996-04-20,-0.01231161016697264,0.00025516975734193447,0.9979139999705744,0.0010356002902917269,0.0,266.52991655137805,-0.0006681417751699518,0.0010486891714193054
1996-04-21,-0.007355637722096201,0.0002543770492413623,1.0289012384504472,0.007458356677391436,0.0,266.2553575196059,-0.00044306209784443105,0.0074990608597197235
1996-04-22,-0.009285595078589554,0.0002535944436229555,1.0825774629237288,0.0033795049172000023,0.0,266.74302775352464,-0.000436729804144404,0.0034202325478785464
1996-04-23,-0.012477778361342048,0.00025282328748433603,1.081677682880179,0.00014868871135226755,0.0,270.10288000017016,-0.0003529743286175917,0.00016349116287662485
1996-04-24,-0.014791402439613128,0.0003030769063928033,1.0602845732550614,0.0012744966326123579,0.0002619498803959054,274.76254800484014,-0.00044323899125480387,0.006969739319914479
1996-04-25,-0.021308770624257754,0.0002521962600912752,1.0535677175288372,0.0026122943661307215,8.31350094854495e-10,268.8960225990712,-0.0019156348675826178,0.0027165545076973698
1996-04-26,-0.016807791245522473,0.0002506590832424703,1.0442775000735642,0.002229219670854719,0.0,270.54778134261596,-0.0008620205729947254,0.0032711397287754555
1996-04-27,-0.008549415374879785,0.0002498498744210281,1.062167582538842,0.006912916688259039,0.0,267.3421308621624,-0.0008283202078635411,0.006970914103845069
1996-04-28,-0.005776638996466406,0.00024913672336750783,1.1217999646892656,0.006804581037012198,0.0,264.84196175469293,-0.00040939120880964785,0.006855421147104038
1996-04-29,-0.010103872224772718,0.00024839376999159996,1.1547472247969635,0.0012578258743393895,0.0,266.36032938912314,-0.00040434015188681876,0.001268395461559619
1996-04-30,-0.00894897456391383,0.00024772212330230887,1.1735368574181968,0.0066715986125886785,0.0,269.0261036716612,-0.0003501596402818874,0.00689511470872087
1996-05-01,-0.010955372898928865,0.000247085077614434,1.1958122756297083,0.0038010853495301505,0.0,268.7673036607645,-0.00047703344101286205,0.0044423119496491
1996-05-02,-0.011151762752883179,0.0002463620766408026,1.2096335775659135,0.0030908004122938816,0.0,269.8063691493033,-0.0006136424144950964,0.0034342656532354954
1996-05-03,-0.013558714108615273,0.0002456571759477173,1.2043052429084276,0.0016330757972884316,0.0,268.8526662514035,-0.0007660277293058439,0.0017266380247755644
1996-05-04,-0.013555331376649566,0.0002449937796188614,1.1962102110552024,0.001760583939188618,0.0,268.0197071104176,-0.0008475549761100678,0.001850160804851914
1996-05-05,-0.01651985080397062,0.0002443152295667573,1.1867128648775895,8.017955989824178e-05,0.0,268.1886918917439,-0.0007620892082314709,8.104129992870633e-05
1996-05-06,-0.012206283792600794,0.00024367338519985397,1.1807516496733759,0.0016485137265112443,0.0,270.862210113899,-0.0004947392512007622,0.0018045726300632888
1996-05-07,-0.01463649257764978,0.00024745567033519853,1.1648590605137712,0.00015476221839586893,0.0,273.0594439246112,-0.0006013583539232697,0.004492140085683704
1996-05-08,-0.01761241135119045,0.00024392148532436395,1.1385967017567091,3.0509917076024634e-06,7.752524846691196e-05,274.07519245686507,-0.001033910808000861,0.0002801582637357441
1996-05-09,-0.008209142854994975,0.00024322828667312017,1.1236066512917846,0.002876731593393337,0.0,272.48071773622445,-0.0006324534204467542,0.004029958968679837
1996-05-10,-0.009973241153073176,0.00024121991321865451,1.1178272771745528,0.002004603502777337,0.0,272.1083145716321,-0.000687235129713002,0.0035793625789462425
1996-05-11,-0.015052934782316457,0.0002451111367866818,1.1133778027895482,0.0011606716503531245,0.0002881248960387236,273.3839667727943,-0.0008669464275409273,0.0012336281058802306
1996-05-12,-0.013075204050473575,0.0003568386122331781,1.0892931692119823,0.0011779228172733287,0.005502345008870303,275.5072727311129,-0.00047011065723027214,0.0059448068263953215
1996-05-13,-0.017354712563719454,0.0010522125804491636,1.0542378398658192,0.0,0.013758780382110576,277.6288169674056,-0.000369541415429048,0.0015875340809767163
1996-05-14,-0.019274965349563772,0.0011230038721009165,0.9931523382326978,0.0,0.014859944466227867,278.857732295092,-0.0005280228942043364,0.0016286560539358218
1996-05-15,-0.017663261942607537,0.0020751949757505947,0.9402011792314031,0.0,0.013645207004274353,278.2181606723764,-0.0004157902788644457,0.0017891599970235124
1996-05-16,-0.01830098719078269,0.0030111299227860012,0.8818715700770952,0.0,0.01972873687828328,279.06471610563176,-0.0001673461964069787,0.002048358876701344
1996-05-17,-0.020155939594500485,0.001098340766578071,0.8239373675847458,0.0,0.010740625845678784,277.73621487662393,-0.0008262758232695235,0.0008956579502197141
1996-05-18,-0.01639153501071499,0.0012163126704383032,0.7894464122822507,2.325393554181029e-05,0.007784574529377081,276.3700370716735,-0.0007468553386249785,0.003634508231937475
1996-05-19,-0.01916250876956067,0.0002844642616261197,0.7696634353666432,0.002435270381175866,0.0002418993893316237,273.43694095288294,-0.0015389294768709922,0.0036503854612796424
1996-05-20,-0.016736255990246595,0.0002911789605846513,0.7743993496939737,0.0006815268958018998,0.0,271.7574501217197,-0.0012105057215960014,0.0019241416521665069
1996-05-21,-0.020268156535207887,0.00030824937726144737,0.768485031558969,2.719882854634086e-07,1.564664019029693e-05,273.4242980834904,-0.0010956428566221465,0.00014708877283301058
1996-05-22,-0.012996521710002491,0.00046087969831154176,0.7510846096692562,0.0,0.002847819299684406,276.01932017008465,-0.0005980410355295839,0.0026847328505711096
1996-05-23,-0.003919593526818658,0.0011931187183843494,0.7679222667284605,0.017270294528475588,0.002738210525216356,273.9347857926076,-0.00017448656239920418,0.024087101466158736
1996-05-24,-0.004510390219715356,0.0004279972132989916,0.8748937919314972,0.009247004396497867,0.0005800969014733526,272.66316983569595,-0.0004485864876269621,0.01162227872064061
1996-05-25,-0.004162927763273487,0.0005437299019872805,0.935539748484581,0.007120843882025299,0.0029768901903413783,273.85965430265094,-8.947606919343863e-05,0.008585002580502666
1996-05-26,-0.004004046952320358,0.0011386115335475255,0.9310560208480462,0.004218890631602982,0.0061272567527442335,274.61903852258024,3.9099273666486905e-05,0.00920131395006134
1996-05-27,-0.004852574255506872,0.0006029142835045939,0.9270270108727637,0.0015321721212338594,0.002859173058453253,273.70333581769984,-0.00023577200238314054,0.0028663645860489344
1996-05-28,-0.009360131907597774,0.0015144138518026322,0.9190122097899012,0.0012741604725183067,0.004504386125142965,274.22557199697263,-0.0003600488495776209,0.003860810084597431
1996-05-29,-0.01694841880751195,0.00140347066572157,0.8853012630943975,4.484449739510057e-07,0.007965267672713867,275.87201879612695,-0.0005486964137624887,0.0002525151785930267
1996-05-30,-0.012914363400074047,0.001887992697920503,0.8441748322740114,3.749630966428983e-05,0.0075392341293857605,276.0648216635494,-0.0004344909204601568,0.003908914361296401
1996-05-31,-0.015292559176851801,0.001101992140382023,0.8235210411517185,0.0019088760860222211,0.002561303539633078,274.3664018699229,-0.0008233667714363438,0.005090228952154655
1996-06-01,-0.0211387531316213,0.0009369253270370139,0.8058668233580509,0.0,0.001266980427975035,274.47421343313107,-0.0013199731612862167,0.0005962815830263041
1996-06-02,-0.01939275418802843,0.0012791463210757843,0.7826031183792374,0.00012383818373841755,0.0044694665798359675,275.80608354629544,-0.0008648844951458569,0.0011536563762544736
1996-06-03,-0.020074695222458597,0.002841593771331054,0.7453082240907486,0.0,0.012726674898196075,277.46914683268346,-0.00046374656175826237,0.00017063968357851117
1996-06-04,-0.021857737947655265,0.0055598415392266835,0.6899623260210688,0.0,0.01887350977729943,279.63870746806526,-0.000331316722062348,0.0013109376968865
1996-06-05,-0.019527343075490946,0.004614663831258224,0.6343148154278484,0.0,0.013992608288082027,278.3808625575064,-0.00048374270462552037,0.006431992285459757
1996-06-06,-0.018250514221730206,0.0028830733002915897,0.6006360529955274,0.0001281091238314149,0.007625423940056462,276.2157161626439,-0.00072751718831096,0.0011432587763669734
1996-06-07,-0.02271327671021392,0.0070889368232360675,0.562538161340631,0.0,0.017896023321118063,279.2753097548548,-0.00033876746051055565,1.3831981831351244e-06
1996-06-08,-0.025692986650655503,0.010873570954058805,0.5011921970633239,0.0,0.023194099929036392,281.9765861101743,-0.0002527223363266153,0.0006837528134907436
1996-06-09,-0.026476946885639667,0.011275787811494816,0.4338976613994822,0.0,0.022641323106942206,283.72995676159184,-0.0007867226377129556,3.950541975808009e-05
1996-06-10,-0.02807730335300252,0.010666366098290784,0.37866854622763657,0.0,0.016578061179926166,284.13144068170175,-0.0010321625103216388,0.00014276624059229916
1996-06-11,-0.027968873285641106,0.010324546846292786,0.3356443933174435,0.0,0.014111229507936597,283.7838571085095,-0.0014804110751818803,0.00013583905270204687
1996-06-12,-0.02214883309973162,0.010366464149480486,0.2996067542814266,0.0,0.013718942527548742,281.9266590362664,-0.0011018198509674289,0.00029636229162162306
1996-06-13,-0.02846085810560291,0.010086184672716648,0.2640355571739642,0.0,0.012511166454540135,284.24548020874715,-0.0015092242488079827,0.0005172184799974349
1996-06-14,-0.029826461132300103,0.010338740833735063,0.23481477496763187,0.0,0.010510483788231674,284.8810641437825,-0.0015578060647693731,0.0006857012065117632
1996-06-15,-0.019569816057291408,0.012759814996503843,0.20525996608698213,0.0,0.01209252891735842,283.65361122447445,-0.0010969460768214727,0.0027364647321108373
1996-06-16,-0.023257108478896366,0.014810806108733357,0.1747244567296375,0.0,0.012456184410947866,283.9927581708086,-0.0013794230644480659,0.0035959847566098147
1996-06-17,-0.032770539028833146,0.01639659711196598,0.14505516382709513,0.0,0.010603164780442998,285.33239201188314,-0.0018243805668448326,0.0008297652679648104
1996-06-18,-0.03486977765957515,0.011023708992758714,0.12085880487876648,0.0,0.006680949996251844,284.38546852068714,-0.0020672731564543344,0.0004084369555915141
1996-06-19,-0.030245322628883322,0.00925448065423696,0.10652623293314503,4.0374149036946274e-07,0.0026631859146942533,279.8213116812841,-0.0020011210929875996,0.00024104892870800644
1996-06-20,-0.030821447613212354,0.008815265392179545,0.09714635931614879,0.0,0.005414132302427023,281.6501779107275,-0.0019223121031697863,5.49957576663345e-05
1996-06-21,-0.020117597728125793,0.00894345183156978,0.07954501566913844,0.0,0.006731113955631095,281.5462297055232,-0.0010823913518402538,0.0013828608779907765
1996-06-22,-0.017820838228457394,0.01214834197429614,0.05942410399011299,0.0,0.010079493251560772,282.03612095173696,-0.0018716340589910578,0.007960210193246152
1996-06-23,-0.02425234516461691,0.008298257481580402,0.04220644273775895,0.0,0.0035846285353609403,279.37910797995585,-0.002122180762642858,0.00118374752532346
1996-06-24,-0.034609212124415034,0.008386559910693411,0.03249300222163372,0.0,0.005359911607146937,283.7830549157497,-0.0025817733205391867,0.0007230386759253202
1996-06-25,-0.0356802594779575,0.007823718974819293,0.02021631503060264,0.0,0.0041899982061089774,286.0738422767366,-0.0027208938447516517,0.00019043246231510144
1996-06-26,-0.039464567256512616,0.007326346164369315,0.011424263991878533,0.0,0.0031509840976720483,287.08114614684257,-0.003042905165229814,0.00047067333065727994
1996-06-27,-0.051550722980903366,0.006676498274345183,0.004731086687853108,0.0,0.0019106544806795607,288.6413218395858,-0.0033323326184924716,0.0005373098419438379
1996-06-28,-0.032074648066092344,0.006273863679271634,0.0018473767066854991,0.0,0.0006259370195326832,285.2276477634121,-0.0027733773919148635,0.0030479524431588014
1996-06-29,-0.02804147797284154,0.005831823847388144,0.0010363332744821093,0.0,0.00022632601318386315,281.4992836774406,-0.0022151006417254274,0.00022410251065916348
1996-06-30,-0.033840603579235615,0.00544161656818821,0.0005406956214689266,0.0,0.0001475005963091123,284.0683043672091,-0.002651379112217386,0.0
1996-07-01,-0.03419279736482491,0.0050730671586289924,0.00042805070032956693,0.0,9.069720146346226e-05,285.9237432677418,-0.002703190376024462,2.5668677494650183e-06
1996-07-02,-0.03656450709549047,0.004735859268802708,-7.3453647229951e-24,0.0,5.085210678941113e-05,288.2803434346805,-0.002761664858224702,8.473094226246758e-07
1996-07-03,-0.04051906506052125,0.004436221331526331,-7.3453647229951e-24,0.0,1.9748605745660383e-05,290.93121141767773,-0.002693959464461117,5.8175480298403294e-05
1996-07-04,-0.03254179260825033,0.004171769581945603,-7.3453647229951e-24,0.0,6.952759741389819e-06,290.05472533806125,-0.002404855753658182,0.00022794315233058357
1996-07-05,-0.035539196498986694,0.003960442071580618,-7.3453647229951e-24,0.0,2.561526446692688e-06,289.2185054247438,-0.002860019393896653,0.0025672379017995847
1996-07-06,-0.02734588427563845,0.0037219733168176346,-7.3453647229951e-24,0.0,8.391374248569294e-07,285.52549741137955,-0.002168533197567288,0.00034693011456148103
1996-07-07,-0.03357941362649035,0.0035284393924777794,-7.3453647229951e-24,0.0,2.920880156048274e-07,285.10960950689804,-0.002341585244330983,4.351138045421976e-07
1996-07-08,-0.03149797990497223,0.0033662283824662034,-7.3453647229951e-24,0.0,1.233555166061315e-07,283.40062064549795,-0.002299701158315112,0.0014523369780991813
1996-07-09,-0.027070581955088064,0.0032102488360162508,-7.3453647229951e-24,0.0,7.012806369759943e-08,284.0400068566849,-0.0027453869865354846,0.002150084806296401
1996-07-10,-0.03321440256921586,0.00305226621991497,-7.3453647229951e-24,0.0,2.6813671413788014e-08,286.7682583587992,-0.0027333314051735877,0.0007631184019442632
1996-07-11,-0.033760645042705,0.0029072113293038926,-7.3453647229951e-24,0.0,1.2375540652517547e-08,285.7763184225941,-0.0022050467461852703,4.090379510707451e-05
1996-07-12,-0.032079954352756006,0.002782985315484516,-7.3453647229951e-24,0.0,4.125180217505848e-09,283.4762733552865,-0.0021764545643565346,0.00057646503504724
1996-07-13,-0.026946985410094937,0.0027201921589630473,-7.3453647229951e-24,0.0,2.062590108752924e-09,283.58984727733775,-0.0025162199817303213,0.0060442847623088545
1996-07-14,-0.029300054082762726,0.002558332799518176,-7.3453647229951e-24,0.0,0.0,282.8416444056452,-0.002453200277046295,0.0005908227140003222
1996-07-15,-0.03239845745475953,0.002451934804350643,-7.3453647229951e-24,0.0,0.0,286.16512594564267,-0.0022770200124652374,1.9409338632726115e-05
1996-07-16,-0.035017309931375216,0.0023635161125053795,-7.3453647229951e-24,0.0,0.0,287.45333233346605,-0.002558130718304613,0.0011506506487734376
1996-07-17,-0.03286749697000967,0.002281951281310475,-7.3453647229951e-24,0.0,0.0,286.0419067842588,-0.0027886393011710745,0.002120255767283881
1996-07-18,-0.03602431529322587,0.0021861028873314294,-7.3453647229951e-24,0.0,0.0,287.23795206892515,-0.002446252989482745,4.3570069269945396e-05
1996-07-19,-0.03954641394695994,0.002107055847254177,-7.3453647229951e-24,0.0,0.0,288.97837695249285,-0.0024256033054684514,1.6435121994880443e-05
1996-07-20,-0.04072089590090143,0.002033304696702688,-7.3453647229951e-24,0.0,0.0,286.7698780174759,-0.0022452992339760574,5.792702781567035e-05
1996-07-21,-0.038957178676869236,0.0019636937117172505,-7.3453647229951e-24,0.0,0.0,285.5456602739525,-0.0020507721146200337,9.097848135939981e-06
1996-07-22,-0.032322150123658154,0.0019074479738871257,-7.3453647229951e-24,0.0,0.0,284.4109844739379,-0.0022505102994835983,0.0015373026247078416
1996-07-23,-0.03092640331067608,0.001856518162172393,-7.3453647229951e-24,0.0,0.0,284.41265528619624,-0.002237872794102141,0.0028254229806910797
1996-07-24,-0.027129726052957742,0.0018139791353947701,-7.3453647229951e-24,0.0,0.0,283.08247485044086,-0.002594024932148767,0.004626312801382044
1996-07-25,-0.02984125663836797,0.001738721873127135,-7.3453647229951e-24,0.0,0.0,284.8851346197326,-0.0026404360298719785,0.0018881041222966995
1996-07-26,-0.026734111714834547,0.0016984676910659017,-7.3453647229951e-24,0.0,0.0,284.9621457137631,-0.0026398818140144402,0.00349432011108614
1996-07-27,-0.02920316105003411,0.0016424970775000792,-7.3453647229951e-24,0.0,0.0,285.4526654439233,-0.0023377373719872057,0.0022153522670815893
1996-07-28,-0.02794250854327854,0.0016476204671428704,-7.3453647229951e-24,0.0,0.0,285.8210902672029,-0.003024584897872755,0.00769236297688104
1996-07-29,-0.027770458010293674,0.001562846245738746,-7.3453647229951e-24,0.0,0.0,285.66311490692885,-0.002692345308802896,0.0036268289495390597
1996-07-30,-0.016587985395374948,0.0028832867152273323,-7.3453647229951e-24,0.0,0.0,284.8457193500353,-0.002440078815413734,0.011331685489419234
1996-07-31,-0.024238641947339486,0.0014955972210835605,-7.3453647229951e-24,0.0,0.0,284.66196427282415,-0.002998357743950887,0.00432451069355011
1996-08-01,-0.03086664279301962,0.0014335546789869752,-7.3453647229951e-24,0.0,0.0,285.6446557449082,-0.002806619399011472,0.001876761684309965
1996-08-02,-0.03547786929681477,0.001415650723344189,-7.3453647229951e-24,0.0,0.0,287.8061678216507,-0.0026880371473771707,0.0036275173142009134
1996-08-03,-0.041823045303255826,0.001347711362407706,-7.3453647229951e-24,0.0,0.0,287.07308839629155,-0.002828541096026278,0.00028464349649720273
1996-08-04,-0.02920196171702638,0.0013259969188668635,-7.3453647229951e-24,0.0,0.0,282.46583092324926,-0.0022814074573291225,0.0015763625922613628
1996-08-05,-0.04053764205194463,0.0012821151038347666,-7.3453647229951e-24,0.0,0.0,282.4947455490601,-0.002388937903915422,7.5524472920908095e-06
1996-08-06,-0.01831125425921995,0.0013606820234471123,0.0002259795050612053,0.00013188910433801555,2.7129500262481346e-05,280.6095374730572,-0.0036282653967707845,0.012040944574151983
1996-08-07,-0.02677163359640682,0.0012270064845597004,0.0008131124205508476,0.0,5.369357722627242e-05,280.43513605509327,-0.002155860875454326,9.781327614547149e-05
1996-08-08,-0.03387085137899313,0.0011986288647193694,-7.3453647229951e-24,0.0,3.0261985326217397e-05,284.43011419292674,-0.0023110344437724454,2.1406895029940642e-06
1996-08-09,-0.03165122205759846,0.001222988390653147,-7.3453647229951e-24,0.0,1.252358410991518e-05,286.4810100634444,-0.0024936703207381703,0.005250265209733275
1996-08-10,-0.03246266180175847,0.0011477218677768601,-7.3453647229951e-24,0.0,4.272444941903239e-06,285.4518297414547,-0.0023711749357776457,7.417567089325112e-06
1996-08-11,-0.03567197443233372,0.0011236296366837067,-7.3453647229951e-24,0.0,1.2576432719742511e-06,287.6753820034968,-0.002384718186564028,4.4404197547395357e-05
1996-08-12,-0.037477161082844275,0.001103768493496092,-7.3453647229951e-24,0.0,3.5938527961235264e-07,289.19187830980667,-0.00235904962624197,0.0006069573978905558
1996-08-13,-0.03197715944994641,0.001086253399229319,-7.3453647229951e-24,0.0,1.0351887193776795e-07,289.2225160796315,-0.0023285148528504507,0.0011759605796178632
1996-08-14,-0.029521934519716575,0.0010726359267692782,-7.3453647229951e-24,0.0,1.7963476100210416e-08,287.74597782199675,-0.0024633884724587374,0.002050314166834789
1996-08-15,-0.025567682870363782,0.0010909448235721913,-7.3453647229951e-24,0.0,1.031295054376462e-09,286.2807307126607,-0.002993851426546857,0.006184066318488633
1996-08-16,-0.02754811652131,0.0011836814004822641,-7.3453647229951e-24,0.0,0.0,285.6402926400108,-0.0022181364797097813,0.0028091265993588996
1996-08-17,-0.03261380002828641,0.0009988041247351695,-7.3453647229951e-24,0.0,0.0,288.17303145672645,-0.0023539595116498107,0.000320864632932803
1996-08-18,-0.02937501980423254,0.0009825053693211013,-7.3453647229951e-24,0.0,0.0,286.75138960944287,-0.0019836784735069437,0.0007481707397009763
1996-08-19,-0.029671071570808605,0.0009614412730696513,-7.3453647229951e-24,0.0,0.0,282.035724970356,-0.0020954429913880466,0.00019020094709881283
1996-08-20,-0.039457926474048596,0.0009489833971874863,-7.3453647229951e-24,0.0,0.0,286.29206171053727,-0.0025375018180426906,0.0010109486534765175
1996-08-21,-0.029598057733080482,0.0009341270236645716,-7.3453647229951e-24,0.0,0.0,284.94674465301574,-0.0021330391156808132,0.0013330228442333147
1996-08-22,-0.025774654695543193,0.0009142450862011668,-7.3453647229951e-24,0.0,0.0,283.0892544151924,-0.001812861611445745,0.0007343423568596276
1996-08-23,-0.030083017413225555,0.0008942532000568628,-7.3453647229951e-24,0.0,0.0,285.1025994582814,-0.0018150529397998828,1.987868772932344e-05
1996-08-24,-0.03369139922035616,0.0008815858660444702,-7.3453647229951e-24,0.0,0.0,287.4858128966136,-0.00197808449235508,0.000523909119285472
1996-08-25,-0.029650282851383516,0.0008878594232817828,-7.3453647229951e-24,0.0,0.0,287.29919443651335,-0.002055887311781194,0.0029274122694777165
1996-08-26,-0.029888086568164288,0.0008507440824293149,-7.3453647229951e-24,0.0,0.0,286.55746388121065,-0.0019708456482085807,0.00027651911396931784
1996-08-27,-0.03221373769354686,0.0008472777524236906,-7.3453647229951e-24,0.0,0.0,287.40335536317417,-0.002050287942638842,0.0017772380241516722
1996-08-28,-0.024899600336780656,0.0008630013398531468,-7.3453647229951e-24,0.0,0.0,286.3377115928521,-0.0026842419131748426,0.005483532660589249
1996-08-29,-0.013550943616083113,0.0009091816379525568,-7.3453647229951e-24,0.0,0.0,283.09140885706904,-0.00280601015619639,0.011208731559515366
1996-08-30,-0.02140747288526115,0.000809534121367891,-7.3453647229951e-24,0.0,0.0,283.35501486568137,-0.0018500933834051682,0.0015163854480062535
1996-08-31,-0.027807689024566932,0.0007844158148361465,-7.3453647229951e-24,0.0,0.0,285.8672370982485,-0.001968320785353413,3.474496178707834e-05
1996-09-01,-0.029141784387793242,0.0007790429780712235,-7.3453647229951e-24,0.0,0.0,284.59170367354056,-0.0021238149706758348,0.0010119929487746179
1996-09-02,-0.030015413538884313,0.0007600482911039881,-7.3453647229951e-24,0.0,0.0,282.6951478106828,-0.001634118436588406,2.1417433799797436e-06
1996-09-03,-0.029412367333800107,0.0007485618530693702,-7.3453647229951e-24,0.0,0.0,283.50922483957874,-0.0016841951410396625,1.728815732349176e-06
1996-09-04,-0.03436284651190548,0.0007490849090834796,-7.3453647229951e-24,0.0,0.0,287.00334172509264,-0.002371022098902929,0.0016509713871487755
1996-09-05,-0.03682838978066957,0.0007304682233239298,-7.3453647229951e-24,0.0,0.0,286.68931321684704,-0.002039769611789682,0.0006996787895735816
1996-09-06,-0.029983952725674473,0.0007157757625741474,-7.3453647229951e-24,0.0,0.0,280.2647961438713,-0.0014796920520606018,1.5882061597371292e-05
1996-09-07,-0.027995149673378406,0.000705383254983331,-7.3453647229951e-24,0.0,0.0,280.42494234347305,-0.0015062205914386922,1.2941989098180784e-06
1996-09-08,-0.02836129225074908,0.0006952339646506444,-7.3453647229951e-24,0.0,0.0,281.6444622190659,-0.0014834817246360296,4.0961367631098256e-10
1996-09-09,-0.026787780351557978,0.0006852815885328305,-7.3453647229951e-24,0.0,0.0,283.75043112544694,-0.0014910200021445415,4.4107436991680515e-07
1996-09-10,-0.026917295351540305,0.0006763119313676479,-7.3453647229951e-24,0.0,0.0,283.9598188885188,-0.0014556528063817214,0.0001423789114601868
1996-09-11,-0.02228939853145578,0.0006875213930162333,-7.3453647229951e-24,0.0,0.0,284.13114089750303,-0.001439464157499836,0.00247790938043325
1996-09-12,-0.012745760507502799,0.0006791461827391286,-7.3453647229951e-24,0.0,0.0,283.1464126823986,-0.0016102109335910132,0.0030533912154914297
1996-09-13,-0.018066889527490585,0.0007044288229807622,-7.3453647229951e-24,0.0,0.0,283.6327326859009,-0.001505487393272125,0.006097731280461544
1996-09-14,-0.01791806514822157,0.0006922431248056013,-7.3453647229951e-24,0.0,0.0,282.6137196133142,-0.0019764038234275612,0.00554105974317498
1996-09-15,-0.011115015394943582,0.0006954903151355896,-7.3453647229951e-24,0.0,0.0,280.96224808917435,-0.0026475864036355993,0.007461395977580615
1996-09-16,-0.0140558745564714,0.0008420538430833548,-7.3453647229951e-24,0.0,0.0,280.6212758101986,-0.0023448798216163776,0.007491924611480818
1996-09-17,-0.008619606073966809,0.0013338579969891047,0.022210360022363467,0.006146451553045694,0.0002463977720777867,275.40940235877895,-0.0019117681372721317,0.01800795758174638
1996-09-18,-0.007147498765570971,0.0006202522475840682,0.047065806703154425,0.005146657932276107,0.00030363624715535654,272.8130978442406,-0.0007870037971580096,0.006219400945356337
1996-09-19,-0.009312595393361345,0.0006194297371611084,0.087744416490113,0.003273569741996668,0.0006954812544718975,271.69353271743,-0.0012104220814624078,0.004399388775987141
1996-09-20,-0.010280603827056239,0.0006066233256442399,0.1037289606873823,0.005039804841333864,0.00037483524762641244,272.21729684818933,-0.0011185897345849351,0.005952825603409729
1996-09-21,-0.010707705034374519,0.0006215856068551879,0.10768095831862053,7.3684979293306e-06,0.0018194235945488773,273.02886537239374,-0.0011929316330427505,0.000594402184594149
1996-09-22,-0.012907665328117416,0.000603612449209569,0.09278952963159133,3.994258362694649e-05,0.0012193463300749407,274.140139545649,-0.0012951114472780525,0.0004130795513842739
1996-09-23,-0.012224390050448942,0.0005821865157218976,0.094750700697387,0.0021305790770862064,0.00017279911638989963,271.5902894373892,-0.0013389005246808975,0.002310953234548623
1996-09-24,-0.01498232600884249,0.0005950082493367168,0.09123824814618646,0.0,0.001535498637095683,272.58383517076743,-0.001170143874435775,0.0
1996-09-25,-0.00610414042142825,0.0005711512377033126,0.12978694937323446,0.014769056001625492,0.0,270.8178339058397,-0.0007225373538873964,0.015842116350462534
1996-09-26,-0.004537274945253707,0.0005634104633061899,0.2122228015389595,0.00788751010925083,0.0,265.066916643563,-0.0005150874708331911,0.007933872075437266
1996-09-27,-0.00262344628572464,0.0005585371942843421,0.2413293296109934,0.003291397045056025,0.0,265.19046399463144,-0.0003475591561383447,0.0033519007505485553
1996-09-28,-0.011750641473605808,0.0006268480740024546,0.24301210680025898,0.00022466139773191034,0.005350380251973362,275.22326482711765,-0.0008847636228564096,0.0008114254393039335
1996-09-29,-0.01401341155087207,0.0006595824734639314,0.19666331950329569,0.0,0.007609940023492959,276.84018312874485,-0.0009515971303154521,8.52346317969932e-07
1996-09-30,-0.016656119902591922,0.0006663248700610662,0.14275123035840395,0.0,0.007730889907580312,278.2067326224232,-0.0011584660680280569,1.2860656516110441e-05
1996-10-01,-0.01651506736285269,0.0006200361386530818,0.09665279065148304,0.0,0.004651487494508426,279.35413788761355,-0.001273566730699297,0.00020506004824643746
1996-10-02,-0.010904450958731486,0.0006371216248657745,0.06941501883239172,0.0007609456230354849,0.00540994441315616,277.3437887001397,-0.0008784835305759463,0.0011724772426368153
1996-10-03,-0.016690385249038202,0.0005893227407487773,0.040682058100871,0.0,0.0031497023662941607,279.54137715916175,-0.0011321208413458816,6.978602732144843e-05
1996-10-04,-0.018579195111484852,0.0005606279871558066,0.0236556633268597,0.0,0.0017975375245688327,279.5676944538698,-0.0011845862461348712,4.3463572220714655e-06
1996-10-05,-0.018591216139200718,0.0005432957478162259,0.014592574814618646,0.0,0.0010391707284807484,281.52626111233525,-0.0012420907953364702,0.0
1996-10-06,-0.016293395121218794,0.00053320698818918,0.008350436970338986,0.0,0.0006564185759947125,280.0195163899222,-0.0009883941061752666,4.351138613856165e-07
1996-10-07,-0.016349182080077587,0.0005451010613791687,0.005264196018714689,0.0,0.00033014029853761534,278.37293206051476,-0.0012317700942946692,0.001543927175849097
1996-10-08,-0.016174385229409755,0.0005198568947571146,0.00340969279661017,0.0,0.00021405443338687812,279.30569922093395,-0.001024167132327112,1.2741051591547148e-06
1996-10-09,-0.015654775087779526,0.0005162374279593344,0.0023007150423728817,0.0,0.0001597770274022205,278.3643351086116,-0.0009200345030275443,1.7282592352785286e-06
1996-10-10,-0.01780496407195,0.0005128577267382779,0.0010138042902542374,0.0,0.0001126930622731225,281.2806533087894,-0.0012167997889767934,1.275539318612573e-06
1996-10-11,-0.02087449943278469,0.000509214013983301,0.0005406956214689266,0.0,5.4072167745417796e-05,282.50512881377773,-0.0012949727012612727,4.589556397149863e-07
1996-10-12,-0.021987383943156337,0.0005061698835448357,0.0005406956214689266,0.0,2.8893940866330252e-05,281.8707157788753,-0.0012605542916867695,0.0
1996-10-13,-0.021125897638878583,0.0005034166204053803,-7.3453647229951e-24,0.0,1.70278704940936e-05,281.4328724022415,-0.001241218609114488,8.523463748133508e-07
1996-10-14,-0.02469548902942636,0.0005006601581465728,-7.3453647229951e-24,0.0,7.90519229436325e-08,277.9671228089126,-0.0010921307392207918,5.712482113002844e-06
1996-10-15,-0.012413058451003276,0.0004982722681120965,-7.3453647229951e-24,2.1028442908141572e-05,1.3703175183743408e-06,274.4536847511479,-0.0007321514967976318,2.2322193266541423e-05
1996-10-16,-0.006231655803440654,0.0004985217994215799,0.017863415504354992,0.008449232910817625,0.0,271.05529263598777,-0.0004328663518789124,0.00884812778370413
1996-10-17,-0.007588130858658397,0.0004940228273639572,0.10008432276953862,0.004858771938893756,0.0,264.5276125999494,-0.0005426724509751729,0.004878162630465556
1996-10-18,-0.012385020106188997,0.0004999267179413705,0.09570956185263653,0.0,0.0005955562669005098,268.10913103897474,-0.0006883682441071602,1.7195939676639682e-06
1996-10-19,-0.009306184231898206,0.0004932364333147383,0.07945237096869115,0.0036173990091024825,0.00015244607703160433,272.21020757456057,-0.0007170563311142438,0.004274349343978754
1996-10-20,-0.001917406116838509,0.0004880925019582113,0.12335768302730697,0.008432847758134208,0.0,264.68460911680756,-0.00027302378462364444,0.008452982232394117
1996-10-21,-0.005182633502671948,0.00048612184443716283,0.19630722361993883,0.0037855734091020573,0.0,262.473831632941,-0.0004263125507339919,0.0037905587642612284
1996-10-22,-0.007081695406113641,0.0004913766505354541,0.1786631208804143,8.424708230347284e-05,0.0005467148381943084,266.2081524908206,-0.0005509409958780822,9.04028193425324e-05
1996-10-23,-0.005729304658154311,0.0004826551776821331,0.17027866054613938,0.0014540182458142104,3.789403175903579e-05,267.69484831384347,-0.0005422914874250606,0.0014697496499319499
1996-10-24,-0.00532179018535183,0.0004802039787594208,0.1760575748881827,0.0008320370005012233,0.0,267.489937575748,-0.0004309366988596943,0.0008336338619713663
1996-10-25,-0.0025093666577743275,0.000478270026923573,0.1794465778013183,0.0028357989033736754,0.0,267.4452084219838,-0.0002742714148625143,0.002873014877344514
1996-10-26,-0.0026652043485372082,0.0004763195743668551,0.3501967378030838,0.03642719091668641,0.0,266.0950319681689,-0.00029946030196497,0.03651435799517874
1996-10-27,-0.006048714373744815,0.0004744287264549127,0.43840713644656315,1.0380237284353223e-05,0.0,262.76780085734276,-0.00030160076011203783,1.2091024872381632e-05
1996-10-28,-0.009244933092998247,0.0004735545249982069,0.4248108944650424,0.0,8.669446122511633e-05,270.8403188486333,-0.0005565457214406655,4.261732051702438e-07
1996-10-29,-0.00402189656502783,0.0004704918733424386,0.4090700311175848,0.0011241901771160171,0.0,270.8386101623938,-0.00041376625708604265,0.0011301039111266474
1996-10-30,-0.002686599679922654,0.0004685797260305976,0.41560734463276844,0.0018827077527504184,0.0,265.26522444601113,-0.00021482795203304561,0.0018879005760287985
1996-10-31,-0.0052872810744296365,0.00046668247987995045,0.4162241330479049,2.6427882876099843e-06,0.0,260.8172800671134,-0.000308604200638957,2.653164378667282e-06
1996-11-01,-0.005313696876420813,0.00046475888308832204,0.40860910649129006,2.0397311381701024e-05,0.0,266.0007503998033,-0.0003342256897081763,2.5539529423309372e-05
1996-11-02,-0.0074253343256179905,0.0004663058256698867,0.39840071798493415,0.0,0.0002758446765148034,270.3369179203012,-0.0004546504446678916,8.583068833445395e-07
1996-11-03,-0.009174390364501437,0.00046650635994086834,0.3844359661899718,0.0,0.0004424968218736056,271.1331176183094,-0.0005451131580492197,0.0
1996-11-04,-0.006725915281449335,0.00045895694339342707,0.37175306762005655,0.0,0.0,271.5343325914861,-0.00046094158653822335,0.0
1996-11-05,-0.002265049407711137,0.0004570732514063518,0.38468608389242004,0.006103136529356747,0.0,267.4109819703183,-0.000308768350189015,0.006164689185255666
1996-11-06,-0.0037572004616597283,0.00045518290861851755,0.4185508253884181,0.0002273705677460816,0.0,260.8108747737332,-0.00026785288700612926,0.00022822227854049813
1996-11-07,-0.004883428330475328,0.00045333061851350604,0.42207799074564506,0.0018184294261164584,0.0,261.69838980407144,-0.00035558789337085465,0.001825017608050427
1996-11-08,-0.0050646741427270705,0.0004514700780480595,0.4295971541754944,0.0005212691375764749,0.0,264.43644399696825,-0.0003002590768165508,0.0005273282696298287
1996-11-09,-0.0061310357966665495,0.0004496129892640195,0.42287294204625714,0.0,0.0,270.7134056414588,-0.0003636432811617851,8.59909185635388e-07
1996-11-10,-0.006531417075186801,0.0004477409993187857,0.4108691314294963,0.0,0.0,272.2894459596911,-0.0004309030765362379,8.52346317969932e-07
1996-11-11,-0.004537761295582615,0.0004458658102541994,0.39913428929790495,3.7338774083024367e-06,0.0,271.2420219450123,-0.0003217549647315074,4.0138845389845685e-06
1996-11-12,-0.005912393415715062,0.0004496060859012066,0.3892994681320621,0.0,0.00044898470958410684,272.0509150122519,-0.0004549844369376447,8.523463748133508e-07
1996-11-13,-0.005910470576609597,0.0004437616315938659,0.37561517920197746,0.0,0.00013544410467147827,272.27403895060223,-0.000576785244679047,1.7046928064701206e-06
1996-11-14,-0.004212701598466453,0.00044023014057827537,0.3667948519891714,0.0013337818495297838,0.0,271.2924056439301,-0.0005292507982944365,0.001873954069714142
1996-11-15,-0.002071597566038875,0.0004383267487509777,0.42700724053966577,0.007481773231325851,0.0,264.5619037757486,-0.00033774524716670906,0.0075038278338599345
1996-11-16,-0.0014931869793072935,0.0004364994622893253,0.4615170466248823,0.0017403490673014,0.0,260.9484543917094,-0.00022556950038267397,0.0017462822676028774
1996-11-17,-0.0030363600722140512,0.000434703830271791,0.46831735154778725,5.4852331930634674e-05,0.0,260.68629808659387,-0.0001667193847440057,5.752137488826587e-05
1996-11-18,-0.001554304428693265,0.00043289489665273895,0.46486145134475054,0.0014307998583815195,0.0,264.58069123162164,-6.594510991021065e-05,0.0014380355001493226
1996-11-19,-0.005334436430432702,0.00044505853774183887,0.4615873922286959,0.00016284635090558542,0.0011116322550901588,273.3894449797952,-0.00026948934705075574,0.0003320927336155087
1996-11-20,-0.0075792405059782126,0.00042971682413823196,0.4336073133680556,0.001913431695120483,3.422568368036195e-05,273.0829861779222,-0.0008865552296662062,0.002489967428504068
1996-11-21,-0.003754275287948759,0.0004274201931926491,0.4440067384651601,0.0010841643742922338,0.0,268.2987600208003,-0.00020357725962912295,0.001084724388553598
1996-11-22,-0.002022720326138082,0.0004256147112550035,0.43490066097281077,0.0005967197360965493,0.0,270.63965992828776,-0.00015217292064664055,0.0010139797196524018
1996-11-23,-0.0018258550241168612,0.0004238257300382281,0.46053013918314506,0.004086489373512861,0.0,266.02243334021273,-0.00024859571440071713,0.004204355956678465
1996-11-24,-0.003688225933050706,0.0004220351492617764,0.4601972619467985,0.0,0.0,263.5570766858462,-0.00019450384681507694,1.293420723413874e-06
1996-11-25,-0.0026167089824622636,0.00042025787008684236,0.4614273904631592,0.004246641013581874,0.0,266.52721824214956,-0.0001911254820682235,0.004278996225735428
1996-11-26,-0.00231272979813107,0.0004185319451962488,0.4882417093338042,0.0008379263898073616,0.0,261.4981190345606,-0.00017537815380567887,0.0008445044862672299
1996-11-27,-0.002744178313993465,0.0004167860679033786,0.4900851779513889,7.679044021724983e-06,0.0,261.1193686160215,-7.814195238601017e-05,8.84623850806285e-06
1996-11-28,-0.0017799916493017123,0.0004150502930926738,0.48373867113935964,0.00010791246247830364,0.0,267.85374821377343,-0.00011248060496850205,0.00010981069783032951
1996-11-29,-0.0024064948077255725,0.000413339269363274,0.5133944006738466,0.007997574716132914,0.0,265.75314476530434,-0.0003438251103553395,0.007999649323986075
1996-11-30,-0.0022291916575135485,0.00041163329687495686,0.552846560145951,0.0003758051595782156,0.0,258.90301294201066,-0.0001609646952000715,0.000381006224578437
1996-12-01,-0.0015953897924746497,0.00040989912162392835,0.5491035303378061,0.0007548627711958806,0.0,262.41112356670834,-3.4338157981802515e-05,0.000761000026364523
1996-12-02,-0.0031846860623629077,0.000408224551017675,0.5808270987817796,0.004317236169751755,0.0,261.9910959146791,-0.0003013453304262485,0.004326900637596798
1996-12-03,-0.0020721680195318107,0.0004065334796905518,0.5908646808056733,0.00021791847496382936,0.0,257.8607223855573,-0.00012053809744321695,0.00022023406058925674
1996-12-04,-0.0021690295240973352,0.0004048490591641873,0.6226496292372882,0.0028015472794656704,0.0,257.9964438795819,-0.00016535862775172218,0.0028078448300981255
1996-12-05,-0.0033385178631981888,0.00040315133703630525,0.6308055813029663,0.0005782886203062737,0.0,263.96056820353994,-0.0001813785546580277,0.0005838041756786196
1996-12-06,-0.00310502268668622,0.0004015116199935224,0.6212893843426318,0.00025102954968220774,0.0,260.549293219931,-0.00027319376414778544,0.0002544549225413867
1996-12-07,-0.0028805564773284782,0.00039983225070824066,0.6310094915989879,0.001355752117384625,0.0,259.8085953520292,-0.00016568949456605535,0.0013572605652997724
1996-12-08,-0.002776404600695702,0.00039817763250426386,0.6228500912193975,3.950621953791818e-05,0.0,266.6755346668193,-4.678772036301889e-05,4.201810901992044e-05
1996-12-09,-0.005474823890096051,0.0003964982632189821,0.6049574799905839,0.0,0.0,271.6578372912219,-0.0003594057634472847,4.351138613856165e-07
1996-12-10,-0.00499168429839409,0.0003948569466165231,0.5827029815501413,0.00012522266577866118,0.0,271.6238162225698,-0.0004554592746462526,0.000216564931775217
1996-12-11,-0.005105277576015494,0.00039319912929319394,0.5645149647628296,0.0003308037790538228,0.0,268.7118945148705,-0.0005338046447200291,0.000358711836331892
1996-12-12,-0.0033538945145526176,0.0003915711142922526,0.5537674898481639,2.5637995051798847e-05,0.0,263.73036500963116,-0.0002313800377108283,2.9850746947233958e-05
1996-12-13,-0.0029045424218905173,0.0003899215473293585,0.545579123631709,1.0051064740466534e-05,0.0,264.36293823615756,-0.00015567811890005392,1.1144776488366668e-05
1996-12-14,-0.0023437853334313734,0.000388324934210481,0.5944867897392891,0.008656303003682928,0.0,262.7340871663642,-0.0002795862518040474,0.008688224735571135
1996-12-15,-0.0017171617450013673,0.0003867134199304096,0.624408039445033,0.0004390582105534225,0.0,258.43580101573536,-5.956632900709486e-05,0.0004424933827179837
1996-12-16,-0.0019736594736239335,0.00038512505717196714,0.684147319326742,0.008853026892000673,0.0,259.4052689726519,-0.00024256987318312383,0.008857816174660159
1996-12-17,-0.001089288647902214,0.0003835648971762361,0.7448410924994116,0.0019285132698083328,0.0,249.31645919598654,-0.00014276381603068553,0.0019345948082229378
1996-12-18,-0.00142009493152974,0.00038199143557898747,0.7610808119262007,0.0005856418382313292,0.0,249.7354557339081,-4.317555681797071e-05,0.0005889381825136684
1996-12-19,-0.0007934975674596885,0.0003804014732608688,0.7781587015213042,0.003406334710491579,0.0,258.8242191020154,4.7556556087765994e-05,0.003410484769856465
1996-12-20,-0.001387598403429581,0.0003788562144263316,0.793762092087453,0.0009326934183047991,0.0,263.1811195524399,-8.342203573655275e-06,0.0009376392938558976
1996-12-21,-0.001400911622801743,0.00037731415471114685,0.7937604828742939,0.0019906450294505406,0.0,262.51296921997647,-0.000139045776367861,0.001996417452957724
1996-12-22,-0.00022797156020072898,0.00037577554667736853,0.8020835632209276,0.0033712823175441075,0.0,262.1221127519051,1.769920148081699e-05,0.0033757344143684432
1996-12-23,-0.0016803724617607853,0.0003742336132432108,0.8341183994673965,0.0016927347429054604,0.0,258.30146267274904,-9.583552383770377e-05,0.001694733826857476
1996-12-24,-0.0022064952527062367,0.0003727040553497056,0.8298572030220105,0.00152849006114033,0.0,258.9560797057359,-0.00014037287420472184,0.0015516424667363787
1996-12-25,-0.00023003852805175354,0.000371179422416256,0.8834104376324152,0.01011059854158574,0.0,260.3785225209095,-4.720082769622911e-05,0.01011614156002638
1996-12-26,-0.001368302788774846,0.00036967886706530044,0.9926235967661253,0.0016027409899032723,0.0,258.83521375997367,1.3540283182246538e-05,0.0016071473979680552
1996-12-27,-0.0037261112935125496,0.00036817166091358594,0.9590466745380181,0.0004950743273826642,0.0,268.2376671807241,4.443044295418734e-05,0.0005062089800484973
1996-12-28,-0.004835525685447758,0.0003666695060029542,0.9167512653013182,0.002176152573803724,0.0,265.7300765078844,-0.0004071668737520606,0.0021862330746061248
1996-12-29,-0.006906446974493018,0.0003651772010124336,0.8931323839895245,0.00024166909483193006,0.0,267.8886664403136,-0.0003460346442242127,0.0002534581779873843
1996-12-30,-0.008289165289725288,0.00036369154682267186,0.8505031779661019,1.598338959580761e-06,0.0,271.3967575317498,-0.0005192600748380699,5.778038687007684e-06
1996-12-31,-0.006169170014939066,0.00036214973966954125,0.811485046271775,0.0,0.0,271.8960246177717,-0.00042268227638497867,4.3586921902319745e-06
1997-01-01,-0.005905870537636644,0.0003606640854797794,0.7752874054702212,4.6993379539015606e-07,0.0,273.84333710032894,-0.0003365439515413538,3.4793262532879316e-06
1997-01-02,-0.0039652212612373006,0.0003591901333318592,0.7354271955184792,0.0001887498518167916,0.0,273.079701992976,-0.00027067072710580073,0.0006549347101682764
1997-01-03,-0.002041040924982836,0.0003577044791420975,0.712023259107227,0.0027498636963003776,0.0,270.5013513798543,-0.00037124289967919473,0.00285050360486203
1997-01-04,-0.003592300970675582,0.0003562470277150472,0.7951913032603578,0.011996850287173429,0.0,263.6078794590722,-0.0005549218526667794,0.012031333144591051
1997-01-05,-0.002216966938501024,0.0003547927754073494,0.8099673283751178,2.6246901117475698e-05,0.0,256.2325120304489,-0.00016377153832696927,2.6952681563409025e-05
1997-01-06,-0.0020329657584260414,0.0003533708510425805,0.8038645024129002,0.00013794918349907225,0.0,255.21215380652478,-4.300230977225439e-05,0.00013952753114037235
1997-01-07,-0.0013188550111937658,0.0003519414760972147,0.8127747156750237,0.002871765107926676,0.0,261.4210452782008,-6.08698754324078e-06,0.002876338884564416
1997-01-08,-0.0010439381845253337,0.0003505393778536953,0.8889279697798965,0.009344842621667238,0.0,261.7396765347928,-6.172415079538431e-05,0.00934954116732729
1997-01-09,-0.0009699160769834358,0.0003491282294699028,1.0096440144626884,0.011562060375334852,0.0,261.6366880671902,-0.0001286589514232625,0.011568198348842772
1997-01-10,-0.0018599756525061227,0.00034771043028535145,1.113288146627825,0.0047648933184685684,0.0,257.53384346252557,-0.0002506242086321621,0.004769969932565372
1997-01-11,-0.0012953472507875518,0.00034630753226199394,1.1222199693237995,0.0005067709391399966,0.0,250.53679912732375,-0.00020995418314879896,0.0005118382684141364
1997-01-12,-0.0006868152295128775,0.0003449344365610241,1.109922592249294,5.3743416138287996e-05,0.0,244.99178436336774,-2.4570594147100284e-05,6.1562184595264e-05
1997-01-13,-0.0011571047585562798,0.0003435480392585367,1.1002498418373354,1.0264521769884618e-05,0.0,251.13408200035886,7.548115852862429e-05,1.1427708835978753e-05
1997-01-14,-0.0018058390182963875,0.0003421898447187607,1.087470620365466,0.00020758477223795015,0.0,261.1523346586641,8.517926779843994e-05,0.00021067165370609964
1997-01-15,-0.0012803909047848763,0.0003408183485774671,1.0663368239465632,0.00042677178221233825,0.0,259.4715161296607,1.5047126276008154e-05,0.00043155347823313207
1997-01-16,-0.0024890474933015427,0.0003394601540376911,1.0529003538429849,0.00022465377877661067,0.0,255.54435886950597,-9.769615901392058e-05,0.00022637487124502312
1997-01-17,-0.003098781078548755,0.0003381102098583502,1.0348882010652074,0.0,0.0,260.7799957368783,-2.796228680401872e-05,8.641945896670222e-07
1997-01-18,-0.003106145956421976,0.00033676691647976806,1.0154466072269301,0.000302349969660495,0.0,268.7286066568953,6.318101817268436e-05,0.00030618983471207697
1997-01-19,-0.0031755012223276045,0.00033542682222053834,0.9849713284192563,1.526230388442002e-05,0.0,270.62646147805197,-2.5161142108467343e-05,1.8238310179180508e-05
1997-01-20,-0.005728963951943285,0.00033409177920239126,0.9515461320032957,0.0,0.0,271.2011615336503,-0.00022829305591051192,1.7119762105721748e-06
1997-01-21,-0.004247371212574048,0.00033277828814619684,0.9225775364877591,0.001361940961099614,0.0,266.0230468635056,-0.00044333389144664433,0.0013652009814796341
1997-01-22,-0.0031887537847130987,0.0003314695957690309,0.9181804764742232,0.0007531927677534395,0.0,262.8522061170158,-0.0002410757213325824,0.0007693856757733212
1997-01-23,-0.003611784491498592,0.0003301776566747892,0.9189848531661958,0.0018916414619165624,0.0,262.1862860031272,-0.00024057656400284526,0.0019040180350408254
1997-01-24,-0.0027800099240184507,0.0003288508640170772,0.9223651203507534,0.0008344480631041662,0.0,257.7329449626686,-0.00029033527704281996,0.0008415950964707003
1997-01-25,-0.0025766585337913643,0.00032758022432273395,0.91801127920492,8.819873134295146e-05,0.0,256.57549353418153,-0.00013416278370692909,9.499990628323321e-05
1997-01-26,-0.001416057432438694,0.00032630823763076867,0.9319387892096282,0.0030334925668387765,0.0,262.9029438464206,0.00014066060552489287,0.0030408347060431563
1997-01-27,-0.0033405211854115715,0.00032500114481327904,0.9537905245850989,0.0020637382979446887,0.0,260.60311297328684,-0.0001755864754066629,0.0020649425559124703
1997-01-28,-0.003735349213672897,0.00032374313322164247,0.940219570238936,1.8014662009848044e-05,0.0,263.4545749405683,-0.00012091268380146243,1.8445650634172733e-05
1997-01-29,-0.005334869027137757,0.00032247834454822004,0.9325029333657016,0.0009810467182242938,0.0,264.71267625841045,-0.00011959438880453004,0.0009823914132768017
1997-01-30,-0.0059208989480120985,0.00032121448193566277,0.9164583885063561,2.3553937168444618e-06,0.0,269.4707254923445,-0.0002244989740225555,2.7863823411691537e-06
1997-01-31,-0.004441281328093535,0.0003199637946435961,0.897819792034487,0.001421205194319709,0.0,271.2511612017501,-0.0002044574015558103,0.001430493980472785
1997-02-01,-0.002894109378090013,0.00031872800851272324,0.9100973987758945,0.008178685428732534,0.0,269.5030241281973,-0.0002556888039334346,0.008250956801280438
1997-02-02,-0.0041214768580124204,0.0003174954215012028,0.9564452665224812,0.0030276769256524444,0.0,265.8884867759748,-0.00027956490504876374,0.003083915124503832
1997-02-03,-0.002723782623218278,0.00031627133741217147,0.9501233576830274,0.0025318344097352975,0.0,263.2320449311855,-0.0003101980934540431,0.0025394753546915754
1997-02-04,-0.0033801541490069893,0.0003150504524424925,0.9613312974487995,0.00042091133230823583,0.0,258.93615254260277,-0.0002590644115445304,0.00042420422159073314
1997-02-05,-0.003815031952440402,0.0003138162658712958,0.950229335863936,4.7354901072669165e-05,0.0,257.5612727953665,-0.00016800075306394005,4.963711797400633e-05
1997-02-06,-0.0037623118966986237,0.00031262678278368074,0.9405283092778957,1.4063497047639837e-07,0.0,259.06133302232416,-7.936996697200894e-05,5.72423374639178e-07
1997-02-07,-0.004857964603240881,0.0003114191994155194,0.9312348733963043,0.0,0.0,259.1059880373393,-5.963968249869213e-05,4.2457364549406816e-07
1997-02-08,-0.006087911415234798,0.0003102230655271455,0.9218556894420904,0.0,0.0,260.8241892417721,-0.0001382605293713047,2.141178470083105e-06
1997-02-09,-0.005770896745603637,0.00030903198287985425,0.9121604100459039,0.0,0.0,262.3288456904237,-0.00013281517572658885,6.586731160496129e-09
1997-02-10,-0.004278341297712703,0.00030786725087354413,0.9025414533309795,7.031748523819918e-08,0.0,260.65814536933397,-8.823908865451813e-05,1.0742777331962948e-06
1997-02-11,-0.0032689685033539593,0.0003066663183061417,0.9017444330420199,0.0012843139511717243,0.0,262.2451751550937,-0.00015634734520299286,0.0012890868790036314
1997-02-12,-0.003632297034317491,0.00030549998674015544,0.9011471850723872,0.0003968134396157023,0.0,263.42074922249145,-7.655660984879834e-05,0.0004016349100949148
1997-02-13,-0.0046851789463037835,0.00030431715445329913,0.9019030554819917,0.0009167345272282423,0.0,262.4440129705742,-0.00030667694169754365,0.0009339870865694194
1997-02-14,-0.0029745769534407366,0.00030317077528958943,0.9246685940442563,0.005749794512482013,0.0,262.9672370845989,-0.00014619598701848821,0.0057535259084008205
1997-02-15,-0.003589374997184775,0.000302002844163927,0.9968923795021186,0.008986530751831787,0.0,266.0593570522445,-0.00011932574170457443,0.008996234205167224
1997-02-16,-0.0072195330413721386,0.00030085806455989344,1.0160406367702448,3.058757990767054e-05,0.0,268.9067254183207,-0.00017809691065448827,3.25697625748045e-05
1997-02-17,-0.0065969078049147875,0.00029970158291401836,0.9921718676435971,2.5297330934449107e-05,0.0,270.1296446992404,-0.00031062635977221077,2.7877700951692554e-05
1997-02-18,-0.006150411978616553,0.0002985999072338902,0.9918102544579803,0.004663328666471492,0.0,267.6491842934417,-0.00048677960021347653,0.004733811495667797
1997-02-19,-0.006004399498977231,0.00029745192851050433,0.9937433792372883,0.00015108386254580007,0.0,266.0729769079923,-0.0002636758579035937,0.00019378247897374409
1997-02-20,-0.00609395699312458,0.0002963169988265819,0.9881028572269305,0.0028873769366471783,0.0,264.75633528183187,-0.000504082784393413,0.0029632496295002226
1997-02-21,-0.0038036104228536967,0.00029518871994341835,0.997245027071563,0.0014620765117602159,0.0,260.3714429851755,-0.0002178139142734183,0.0014668618891872257
1997-02-22,-0.0022668237824224487,0.0002941133949042714,1.0021018622734228,0.002064545023239265,0.0,259.1571316332916,-9.492294347218874e-05,0.0020764856688492987
1997-02-23,-0.004016019530215506,0.0002930034688637082,1.0209859786958568,0.0004502026374730687,0.0,256.719950318561,-0.00021268478936731482,0.0004516728853775283
1997-02-24,-0.006875125280881333,0.0002918669396201096,1.0132888822681263,0.0001417515473177204,0.0,257.7413692869485,-0.00018118451333652114,0.00014266186514816717
1997-02-25,-0.005667034262991221,0.00029079321414063883,1.0035078547993175,5.019923387947729e-06,0.0,263.6675512058812,-5.561137561407467e-05,5.579600899906483e-06
1997-02-26,-0.0028801736774417648,0.0002897130904224633,1.029343542181615,0.0061787953231967774,0.0,263.8127292230754,-0.0002020051134592396,0.00618708571471737
1997-02-27,-0.004886745775150041,0.00028859466145941093,1.0570339626736112,0.0010231450452642928,0.0,263.71493974243856,-0.0002749186682667436,0.0010282688052291114
1997-02-28,-0.0038454882842672753,0.00028754753918297553,1.0682264999705744,0.00324096101320396,0.0,261.79002022249324,-0.000402818107714424,0.0032476806706951706
1997-03-01,-0.004898398862046711,0.0002864855157453461,1.074837607403484,9.304375550841208e-05,0.0,258.31714129762236,-0.00021820446465816877,9.458073441462308e-05
1997-03-02,-0.00657392663639144,0.0002854051394651165,1.0613252743938324,4.757220967341278e-05,0.0,263.63003725385937,-0.00017601745150520304,5.115016358591048e-05
1997-03-03,-0.003560696702218999,0.0002843646679894399,1.0991689103695859,0.009070125992520382,0.0,263.35271953503747,-0.00028057324852647083,0.009119489351234867
1997-03-04,-0.0033791401965469967,0.00028328934295029294,1.1568428801053439,0.002019251449465078,0.0,259.99922177302193,-0.00028032755826489403,0.0020239515661519803
1997-03-05,-0.005001109030287145,0.00028225207059396864,1.1631236390654427,0.0007346693405323783,0.0,259.33682318865243,-0.0002747732504023671,0.0007390131216151027
1997-03-06,-0.009186222517894487,0.0002811982975167743,1.1468347236935028,4.2190491142919515e-07,0.0,264.4893260208676,-0.0002472306796386417,8.45442955156963e-07
1997-03-07,-0.00898788115904156,0.00028014452443958005,1.1261533460599107,0.0003169479722020317,0.0,265.9390946117049,-0.00038778093659271636,0.00032278090536801813
1997-03-08,-0.004362802847293811,0.00027910725208325575,1.1089954555820385,0.0041087505297135495,0.0,265.46549765807765,-0.00024361210733146992,0.00411648662749833
1997-03-09,-0.007869452911581696,0.0002780468282053026,1.1434429621292372,0.0018030734638036308,0.0,264.0942464386676,-0.00037688217888780907,0.0018073440776706418
1997-03-10,-0.009931058280885556,0.0002770029050482195,1.121391914209628,2.8810132358033777e-05,0.0,268.06381412728814,-0.00037072485807420176,6.876425021445137e-05
1997-03-11,-0.012357143779932443,0.00027595738233146023,1.0953428911399483,3.8539938165643125e-05,0.0,270.97972186316656,-0.0005346535689244836,4.1884453192241934e-05
1997-03-12,-0.013915333118142383,0.0002749217095348121,1.0668023463247411,0.0,0.0,271.73538746806867,-0.000768305523331556,0.00023852418361281253
1997-03-13,-0.00604055161024891,0.00027391929074195825,1.0578519027336395,0.0023202905378772714,0.0,262.8228166871152,-0.0009498387091072267,0.0027548893865218947
1997-03-14,-0.004124987681033248,0.00027284051402140476,1.065037959039548,0.00037477382243016353,0.0,255.724610520846,-0.00032254631531103856,0.00038167248327723984
1997-03-15,-0.006881335024106301,0.00027181974238595053,1.0671844195062383,0.0005359545055419039,0.0,258.73042062087694,-0.00020414243562746857,0.0005430880207296407
1997-03-16,-0.010692454453578778,0.00027077741878854354,1.0569803988641715,1.8220584271317822e-05,0.0,269.2142745195809,-6.116228967399922e-05,1.9057342262133867e-05
1997-03-17,-0.009128259652751988,0.0002698479062419827,1.0452627983021423,0.0036069884012311193,0.0,271.41597182782135,-0.00039897387647359385,0.004927213428156732
1997-03-18,-0.012403430911780752,0.00026874917711915277,1.0652575016919728,0.0034203790970104564,0.0,269.6855471659515,-0.0006376759459575018,0.0035681352840829074
1997-03-19,-0.013875081840544772,0.0002677119047628284,1.044328535119468,0.0,0.0,274.1522292839381,-0.00047917499885720725,8.597990586167725e-07
1997-03-20,-0.011459989483747107,0.00026672253500943806,1.0139879704419728,0.0,0.0,275.90215940170145,-0.0006217820527779181,0.0
1997-03-21,-0.013780956761648427,0.0002657233153359365,0.9909320838482817,0.0018103781056269415,0.0,271.5088630863053,-0.001322497140174195,0.0020636776072717115
1997-03-22,-0.011374030030716612,0.0002646958928997234,0.9799427671845575,5.550893013086696e-07,0.0,269.6480728479878,-0.000584223754914467,1.416266940650222e-06
1997-03-23,-0.011265614191017584,0.00026371477350676804,0.9665931945915726,0.00014721318069150894,0.0,270.78248869901324,-0.0004761716729756129,0.00015694044088446638
1997-03-24,-0.006366267126832305,0.0002627304549944603,1.0067913393067327,0.010557370965426928,0.0,266.68235500788285,-0.0006911253272476844,0.01070120546767138
1997-03-25,-0.010286015221628093,0.0002617410852410699,1.040961371527778,0.00042224355505011176,0.0,266.09514060442507,-0.0003002524207540825,0.00042420448893207616
1997-03-26,-0.014552989332689406,0.00026075836628843837,1.0279844467249293,0.0,0.0,272.59868035612806,-0.0003635427562025307,8.583067483414197e-07
1997-03-27,-0.0070084357834131715,0.00025982035081938837,1.0156907478519304,0.005047538480852957,0.0,271.14596695549744,-0.0005607180202663955,0.005580608716450513
1997-03-28,-0.009354272131192483,0.00025881607990480416,1.0452418785310735,0.0023466023263958215,0.0,267.2311821486766,-0.0005982217805112823,0.0023501927232215903
1997-03-29,-0.010483508392915888,0.0002578416113126076,1.0581794925553203,0.0030152878939768693,0.0,264.22302122888374,-0.0008229712487361526,0.003036949762516776
1997-03-30,-0.013784559475163282,0.0002568985446024749,1.052032987950212,0.0,0.0,266.60362397030474,-0.00043965342038937205,3.00407407394232e-06
1997-03-31,-0.018559275794837436,0.0002559456279722311,1.0388468654366763,0.0,0.0,271.12275894438034,-0.0007609896635436742,0.00013240247389249062
1997-04-01,-0.01224978853248607,0.00025499431090166344,1.0743925450211864,0.00897788698390379,0.0,267.43219453915816,-0.0010129327038671339,0.009211126895902172
1997-04-02,-0.00851427473254123,0.0002540578949922896,1.103075620144774,0.0013869989263472586,0.0,263.763047069255,-0.0005523604209308571,0.0013889994345021412
1997-04-03,-0.014899752023866624,0.00025310657792172194,1.0947557582244587,2.6520909899372163e-06,0.0,267.9352139618437,-0.0004586273341276552,3.6571753014092698e-06
1997-04-04,-0.00844487164822002,0.0002521685624526719,1.0802020344132535,0.002038824440395765,0.0,269.1931217143316,-0.00041361911864267235,0.0021847692754982558
1997-04-05,-0.0036521467280253178,0.00025125529806492694,1.1816153373646423,0.0189705848651754,0.0,262.1125375672249,-0.0006891641986824699,0.018977442787865464
1997-04-06,-0.007576246467013817,0.00025029892975327663,1.3093530687235169,0.002485660088937835,0.0,259.1261001198979,-0.00041015436188817706,0.0024886069829854586
1997-04-07,-0.006259701851397585,0.0002493891170469381,1.3013164283192091,0.0021381735338666347,0.0,261.36547301987474,-0.00023653499234867634,0.0021412948430594753
1997-04-08,-0.007212303620947283,0.0002484625510576755,1.306421772010358,0.0005863768569493698,0.0,262.6861344533228,-0.00018982177779162672,0.0005913728779144467
1997-04-09,-0.004312223381241836,0.00024757243819155937,1.2860229262299907,0.0005389847450673917,0.0,264.21047741590024,-0.0002046667544518487,0.000542715609928325
1997-04-10,-0.003516921005343313,0.00024666582460457323,1.3011814843014362,0.0036290760683474576,0.0,259.79148404611703,-0.0004345275156494588,0.0036337695690288377
1997-04-11,-0.005443459892340299,0.0002457757117384572,1.3245785240848635,0.0008471213112779929,0.0,257.223461187043,-0.00034533081691985753,0.0008534037292340383
1997-04-12,-0.008181812904648863,0.000244885598872341,1.3121645940001179,1.68526450456199e-05,0.0,258.2294987428885,-0.00027379986046061007,1.9130759349634304e-05
1997-04-13,-0.012058927303990403,0.0002439723344845961,1.2958561381826743,0.0,0.0,261.78917754437293,-0.00030156894255492647,0.0
1997-04-14,-0.010415884566172368,0.00024310537314010882,1.277384440104167,0.0005012282122999935,0.0,267.35076709251626,-0.0002966381420018309,0.0006048584555825808
1997-04-15,-0.005483673369817142,0.00024220700991355772,1.3157830247322269,0.011367234743415975,0.0,268.52558733334877,-0.00019653450887081986,0.011463681940978531
1997-04-16,-0.014177866785202997,0.0002413400485690704,1.334774958436323,0.0005262501664080862,0.0,270.094468865691,-0.0003809482858931951,0.0005278830642754075
1997-04-17,-0.016481003434644582,0.0002405228419492474,1.297513627736582,0.0,0.0,274.1450425523374,-0.0005099857804802178,0.0010820928497937506
1997-04-18,-0.015823586512420138,0.0002549557530947324,1.250950815089454,1.2940143124531891e-05,0.0011633989206478422,274.408204285214,-0.000665641684442927,0.0013883529745462922
1997-04-19,-0.011536148139985943,0.00028460578056378554,1.2035843154131356,0.0002592839195398288,0.0020164452430050258,274.62664571859074,-0.0006195050953640102,0.0032783323930140676
1997-04-20,-0.010401644864998295,0.0002747003809880402,1.1680002446004003,0.0007298550026564948,0.0012891852417908148,273.40237126467144,-0.0005592748491188227,0.004126984436633224
1997-04-21,-0.01278731243758552,0.000259340567103887,1.1659822912988467,0.005878066002143978,0.00019602953209041878,269.99870569333297,-0.0014561857281010704,0.007908525103133664
1997-04-22,-0.012108874649314557,0.0002361813844260523,1.1668349443855934,0.0027621071469985836,0.0,267.942402625937,-0.0007256567899116689,0.0028268803984318213
1997-04-23,-0.0131417344518974,0.00023535752700547044,1.1687556552348166,0.0010095401588132826,0.0,268.431537552742,-0.0005326275003411003,0.001365137217968332
1997-04-24,-0.00993048071356143,0.0002345568211065174,1.1703499257003296,0.0024047970645508527,0.0,270.45463393906414,-0.000499278859440553,0.0029261444753172707
1997-04-25,-0.0081981418412284,0.00023369651056278897,1.1709129204184323,0.0031406951194765877,0.0,270.0566310487449,-0.0005039420968058418,0.003346743485752415
1997-04-26,-0.012838935742607227,0.00023286255066004178,1.1729389197857818,0.0002843296565746857,0.0,269.6016818332133,-0.0006001639037819232,0.0002954489626177841
1997-04-27,-0.01735228510562983,0.00023207354680293029,1.1567417295639126,8.31350094854495e-10,0.0,273.23591449256224,-0.0005326528091636082,4.351138045421976e-07
1997-04-28,-0.016141758253008634,0.00023135399751070534,1.1377681868673495,0.0015871924490241684,0.0,272.7823524690618,-0.001148572759860653,0.0026373751586763737
1997-04-29,-0.005086805103188854,0.00023050353688708808,1.1447404477106875,0.00936793670647562,0.0,270.4340456443542,-0.0006389291904403665,0.009763424123645555
1997-04-30,-0.010033499933568772,0.0002297243829500877,1.2221516467308147,0.005191696355235105,0.0,268.97305774149925,-0.0006098132370050345,0.005478944347300826
1997-05-01,-0.005408284775281357,0.0002289452290130874,1.2416284133709983,0.010834848771324266,0.0,268.8181281978801,-0.00042315962919070897,0.011122849895606435
1997-05-02,-0.00902581863147391,0.00022816607507608708,1.3470024496822035,0.00801816031252597,0.0,267.4189033508301,-0.0005938353827275799,0.008136040932039682
1997-05-03,-0.014401768686744455,0.00022740662097930914,1.3587085558645247,0.0012292773120820863,0.0,268.6537233772924,-0.00048469123825178314,0.0012394402828593714
1997-05-04,-0.01677399166559769,0.0002266838725677318,1.3352616304731637,0.0,0.0,273.5763123363201,-0.0005456007764501087,0.0006503077213373562
1997-05-05,-0.016506802943129995,0.00022593612051279534,1.310356528072034,0.0012548598697630026,0.0,273.2217203201323,-0.0007798533023750714,0.002146540927245846
1997-05-06,-0.019089963729098693,0.00025678682798719677,1.2730168057026836,0.0,0.0021473601207894796,275.3176371184671,-0.0007839094910581235,0.0004062072037954416
1997-05-07,-0.014955735518097204,0.00023201613102929067,1.2498399982344635,0.005316906834894655,0.0005028288243180615,272.6644381363289,-0.0010671073276191784,0.006134741471312141
1997-05-08,-0.01703898061466756,0.00022369951514874476,1.2564191512917844,0.0008298911701487957,0.0,270.2698383331299,-0.0013330252893732093,0.000879214659973493
1997-05-09,-0.020985510431777286,0.00022294511229304945,1.2386787256503062,0.0,0.0,273.35622619370287,-0.0007264904498969769,0.0
1997-05-10,-0.022839778729077786,0.00024282132501656054,1.2070917104372647,0.0,0.0013119006729395376,275.9958319080303,-0.0008799687217352755,0.0006688704430046729
1997-05-11,-0.018184933622004625,0.00023260089637196,1.169992680379002,2.4224321047465008e-05,0.0007294384225950403,273.66163178352315,-0.0012943466841164283,5.1662864555800493e-05
1997-05-12,-0.018358464042345684,0.00022083941826039118,1.149040725047081,2.045121233342058e-06,0.0,272.592075552644,-0.001089561646435894,4.614159424471513e-06
1997-05-13,-0.018402681975378154,0.00025581395895467643,1.121070991128178,0.0,0.0018032595599438513,276.1993777855193,-0.0008484158654418369,0.0016202105652432127
1997-05-14,-0.015390822021974684,0.0003106839912759382,1.0891294892449388,6.6718896903560665e-06,0.004957497119903565,275.3429640322756,-0.0006628513683454466,0.0011660545054128614
1997-05-15,-0.019293541330738934,0.0007089381500826044,1.0512647036105227,0.0,0.01076503643124117,276.50324331165035,-0.000534947477491562,0.0004101210533802152
1997-05-16,-0.020376982577776506,0.0014161701593021889,0.9981353817237525,0.0,0.01594066007410066,278.9882460879741,-0.00040617104261945206,0.0013294089939844176
1997-05-17,-0.021348674123906824,0.0013342141936727836,0.9424789055143598,0.0,0.015439295246776216,279.05822072864254,-0.0005319008424793934,0.0008219362232132671
1997-05-18,-0.013705436708563465,0.00031824367868024754,0.9075550718720574,0.0023980654228878562,0.0026981832070202476,274.4613651412131,-0.0008599631340995348,0.005265419100678653
1997-05-19,-0.019413452826987553,0.00021844252017931754,0.9090364675288372,0.00017543475927606143,0.0,272.60994685257447,-0.0013531670921434792,0.0001846757480603928
1997-05-20,-0.0266321445420637,0.00040981341890022584,0.884451828433969,0.0,0.00465465309677151,277.3092751368291,-0.0010463861632818558,8.583068833445395e-07
1997-05-21,-0.017453562615618198,0.0023318093038548187,0.8442490859669256,0.0,0.014356152906929707,278.36193665542174,-0.0004100293910267663,0.002572479237939419
1997-05-22,-0.01145384826902616,0.0017877480404525153,0.8031097814412664,0.0,0.011573023315371767,276.9981353098839,-7.059563498544154e-05,0.002317567026445475
1997-05-23,-0.016983756153597,0.0017062485386422801,0.766864094132533,0.0,0.011819598386011557,276.82372462816835,-0.00039460463712444414,0.0003765530856738912
1997-05-24,-0.011374359329541525,0.003267730359977248,0.7262376688294491,0.0,0.014339019960097676,277.32654686117803,-5.0663442934973766e-05,0.003517173104367014
1997-05-25,-0.006278571520148025,0.0012030153624755515,0.6928317829713984,0.0011800463800713168,0.00845798062907774,275.4222621594445,-1.3964413796777778e-05,0.007172106904699241
1997-05-26,-0.00824580829864168,0.0013695301140769056,0.6894453088217986,0.0021128794020515377,0.004854259854656155,274.17395170394985,-0.00039077746960739635,0.007381527437328619
1997-05-27,-0.00746710661609294,0.0005509519560188897,0.6883034571415961,0.0019064276231884282,0.0034737276323771075,273.9264802268221,-0.0003792907053467918,0.003867457478733386
1997-05-28,-0.011549544031337157,0.0015936310345170189,0.6773557501324153,0.0003826700277247672,0.006091265334079495,274.9117050997057,-0.0004506897560115588,0.004199661609143187
1997-05-29,-0.010159585856448461,0.0045778074506985945,0.6530308840189502,0.0,0.008618252551825033,275.48240381445595,-0.00017897113315803185,0.008765779999688446
1997-05-30,-0.013519976730063813,0.0036357038438656914,0.6198043104843456,0.0,0.014288278538628489,276.78168691574075,-5.9699566014068986e-06,0.0019356610410281357
1997-05-31,-0.022323806280806914,0.007201109481396648,0.5723288440883946,0.0,0.022066134938412467,280.0184473802815,-0.00013643861511501219,0.0007123512736821581
1997-06-01,-0.019645893809485573,0.006381093698032831,0.508769062279308,0.0,0.023898601342560888,281.3682242427618,-6.637917989391392e-05,0.0006889260758064662
1997-06-02,-0.014051810412083645,0.004842346039532268,0.458497473075565,0.0,0.016944541011826467,278.2099846949461,6.118565166400652e-05,0.0033591846624669115
1997-06-03,-0.019289751763397693,0.005022939820747591,0.41903841697563554,0.0,0.016993875852075676,278.66758525079706,-0.00018692852161024927,0.00020155755971655313
1997-06-04,-0.026649432204200726,0.010233313139885833,0.36651117069797556,0.0,0.0246640259221112,282.38314731332093,-0.0007407535183227669,1.350647957292366e-05
1997-06-05,-0.02241364395045965,0.013045107745854868,0.30619027520303677,0.0,0.022657729264369795,284.9464426345969,-0.0005852320878687552,0.003695452566771911
1997-06-06,-0.01778551616237662,0.017452254049522057,0.25712490620586165,0.0,0.020087548799939077,283.71145928018285,-0.0008371020062158338,0.009487793775601576
1997-06-07,-0.015808712501647112,0.019384722167489224,0.21092393663194448,0.0,0.01708972944462367,283.39021942799604,-0.0007842167854140708,0.009300488048349138
1997-06-08,-0.011013412879685226,0.020968129405867585,0.17547526961217044,0.0,0.014392164846261343,282.07952024168895,-0.0011589955275425803,0.017451286450922053
1997-06-09,-0.011621687371852034,0.02940430900471359,0.1453924089277307,0.0,0.011330885886304124,281.11622849157305,-0.0011877804457888768,0.019049440248536453
1997-06-10,-0.012046048365070323,0.02080180980054672,0.12028132724223164,0.0,0.010060697078368085,281.019564127518,-0.0011370546515967887,0.012370647161602947
1997-06-11,-0.006546271638681661,0.022120269004907985,0.0978357922110405,0.0,0.009227294685308543,279.7549595662205,-0.0011194944486948057,0.015019449152766092
1997-06-12,-0.014879435848044813,0.02325922309678827,0.07793074498293315,0.0,0.0077491696229425545,279.8480541638736,-0.001211851156490334,0.007621526734954381
1997-06-13,-0.007854779898110082,0.018708725181003076,0.059671003266242945,0.0,0.008268564308093767,279.2544365396159,-0.0015151067189661798,0.012074517270543497
1997-06-14,-0.018600041457151963,0.013909039271753387,0.041199764962923734,0.0,0.0073248657508421765,280.79442755201666,-0.0017217152231072976,0.0020801527856879587
1997-06-15,-0.011027403302111868,0.01499360934489191,0.02629385335746234,0.0,0.005669742527991365,280.7602981703879,-0.0024798952758648975,0.01577221151799132
1997-06-16,-0.012975568193837073,0.017462509247542776,0.015593505399599814,0.0,0.003753069262046599,280.4457281726902,-0.0028254197447397616,0.012477581480699797
1997-06-17,-0.018740093303939047,0.012359088170999863,0.009064467837806027,0.0,0.0020675696011653727,281.36433535286716,-0.0024907761227107995,0.0036360106393888442
1997-06-18,-0.024916629164905873,0.010656688341313163,0.004618441766713747,0.0,0.001380154747242308,283.9845354866847,-0.002582402384213809,0.0014067372467069371
1997-06-19,-0.02243297201933834,0.009420520504989193,0.0024106013123822976,0.0,0.0006619667013486227,282.6615152305129,-0.0027103236650174627,0.00439356265759398
1997-06-20,-0.02144507651275161,0.008416164561180073,0.0012165651483050848,0.0,0.0002821062581013825,280.9892312928108,-0.002847276164986993,0.0031427397063830773
1997-06-21,-0.0297129028345232,0.007597060611019026,0.0008786303848870057,0.0,0.00014612649035992598,280.7966264268548,-0.0023697567840585605,7.514620433269912e-05
1997-06-22,-0.03691635386081739,0.006937187943754897,0.00042805070032956693,0.0,0.00014902127243704717,286.4872082568383,-0.002915055354225771,0.00014734936100896224
1997-06-23,-0.015247440860096346,0.0069295655367738115,-7.3453647229951e-24,0.0,6.255850532634111e-05,282.62432724113967,-0.0024915035382586685,0.013232249930730812
1997-06-24,-0.020580065620821077,0.0064278240762861445,-7.3453647229951e-24,0.0,2.041753739286951e-05,278.973011404781,-0.002908576869190076,0.007538532579512661
1997-06-25,-0.027344914058507502,0.005552158012228497,-7.3453647229951e-24,0.0,9.628591564415539e-06,278.8247368699413,-0.0020434290833644952,7.180977910838473e-05
1997-06-26,-0.03252750513075436,0.005228780757235942,-7.3453647229951e-24,0.0,1.2365290842487317e-05,282.95433484812014,-0.002776770131651965,8.285045609568442e-07
1997-06-27,-0.039422783011433774,0.004935355088805075,-7.3453647229951e-24,0.0,8.666645840736432e-06,287.0727583315862,-0.002954823764746135,6.354966406094826e-05
1997-06-28,-0.03132444329686084,0.004690471762991221,-7.3453647229951e-24,0.0,4.1371137745636335e-06,285.26653907617833,-0.0028501207450941464,0.0018275321425716806
1997-06-29,-0.03205166336170024,0.004433555539044958,-7.3453647229951e-24,0.0,1.949926385771757e-06,284.753337536828,-0.0027172289062607088,0.0005230757126480706
1997-06-30,-0.028379484842726066,0.0042097344573608225,-7.3453647229951e-24,0.0,9.167792096649861e-07,284.73909205995267,-0.0025555640616911953,0.0004001268221938676
1997-07-01,-0.013530857229636888,0.004145445628354779,0.0013602448946563091,0.001011743236564647,0.00027100680827420984,280.2635153466924,-0.003608284433935322,0.012128125071311802
1997-07-02,-0.017482556065933855,0.0038692738208393595,0.0032037135122410547,0.0,0.0003900396621833413,278.2563417222765,-0.002151909194844591,0.003522611818440597
1997-07-03,-0.010532506315384882,0.0038995479291441754,0.04556188206214689,0.012543878670634525,0.0035113901489198544,276.63320879029243,-0.0023114467828960743,0.024014043114029434
1997-07-04,-0.01998387483385323,0.003620562243596309,0.05064308755590867,0.0,0.004931884507338207,279.07383855183923,-0.002154681126529214,0.0013136944903086429
1997-07-05,-0.019975680247538506,0.0036599135163140166,0.0209278171345339,0.0,0.002800945213622293,281.25681259313325,-0.0021621629248483707,0.0034143339946768915
1997-07-06,-0.02429379455450565,0.003283091268296969,0.007042836334745763,0.0,0.001104655554570721,284.07240744050165,-0.002627760277124448,0.0002939236701868885
1997-07-07,-0.02555770717434964,0.003165197321924113,0.002220024496822034,0.0,0.0003217568379000755,283.73370480582315,-0.0022710640467492878,0.0007825888481954799
1997-07-08,-0.029890585122472155,0.003054385636485903,0.0004956376530131828,0.0,0.00010341056491022057,284.87849321024123,-0.002616333370070673,4.36305998618991e-05
1997-07-09,-0.0335502359321562,0.0029574974445299913,-7.3453647229951e-24,0.0,2.9655752208946792e-05,287.3832757055423,-0.003020716094448742,3.976202280507923e-05
1997-07-10,-0.03713808675943795,0.002890378910269441,-7.3453647229951e-24,0.0,6.624681633071038e-06,288.3494556161195,-0.0031656644512283606,0.002110669505124712
1997-07-11,-0.017298539858416652,0.002824746198573355,-7.3453647229951e-24,0.0,1.6556284521932658e-06,284.4859887642151,-0.0021089780391693787,0.004061052270528287
1997-07-12,-0.011784395718641877,0.003925307406544012,-7.3453647229951e-24,0.0,5.128272509170791e-07,282.0296511677025,-0.0028199709709838964,0.015420708885789185
1997-07-13,-0.019324569336775333,0.003064272514844345,0.0008944926288841809,0.0003461996040775278,0.00017621566010060286,279.60168530307925,-0.0033287671526188905,0.009343447422554427
1997-07-14,-0.0301887870340024,0.002564693911600921,0.000871963644656309,0.0,0.00011361546098849196,283.5822867952049,-0.002678831339429664,4.2617314832682496e-07
1997-07-15,-0.033595071926628806,0.002498543531881214,-7.3453647229951e-24,0.0,3.822979196316779e-05,287.2950826562282,-0.0030476056765449252,1.1572645768741866e-05
1997-07-16,-0.038405290852158755,0.0024362519635992537,-7.3453647229951e-24,0.0,9.04563624980086e-06,289.25003525182575,-0.003058073936966853,0.00010940823167601528
1997-07-17,-0.038082616308988154,0.002374629432198692,-7.3453647229951e-24,0.0,2.2159373692873506e-06,289.3913377197898,-0.0031713081607963405,2.0322927642417484e-05
1997-07-18,-0.029171632087163335,0.002331676540401696,-7.3453647229951e-24,0.0,3.4487348491862674e-07,288.4078059438932,-0.002600457482460865,0.0016775256158592204
1997-07-19,-0.01116476384765011,0.0024353532636232967,-7.3453647229951e-24,0.0,7.317985518503999e-08,284.10762956766536,-0.0026709920710931393,0.012517723272703786
1997-07-20,-0.01910639070184891,0.00248125936351927,-7.3453647229951e-24,0.0,8.250360435011697e-09,284.482733990513,-0.0029749227161545537,0.006589316311524154
1997-07-21,-0.028013189128563234,0.0021642699921871986,-7.3453647229951e-24,0.0,0.0,285.25637405381144,-0.002621790067960987,0.0006356544412785868
1997-07-22,-0.03341576629607691,0.002108907548047729,-7.3453647229951e-24,0.0,0.0,287.5015852904814,-0.0028491094813676877,3.583343688908943e-05
1997-07-23,-0.022323232586100954,0.0020782530812893884,-7.3453647229951e-24,0.0,0.0,287.4944584984789,-0.002514565710799169,0.001984964656291035
1997-07-24,-0.019670160476770778,0.0020925206484767676,-7.3453647229951e-24,0.0,0.0,286.9121033620026,-0.0028504450189865242,0.00614673513813881
1997-07-25,-0.02581156146223262,0.0019953312341776273,-7.3453647229951e-24,0.0,0.0,286.1013180648315,-0.00301277027123392,0.0020173807979774654
1997-07-26,-0.03118064014588372,0.0019341903386142969,-7.3453647229951e-24,0.0,0.0,285.86366579447315,-0.002726224414204474,0.00023544075415492637
1997-07-27,-0.028790365378398682,0.0019011139701315238,-7.3453647229951e-24,0.0,0.0,285.8019042257536,-0.002715753912294315,0.0012030279905782583
1997-07-28,-0.02359771926355901,0.0024865872442385575,-7.3453647229951e-24,0.0,0.0,285.631357289977,-0.002552452302501027,0.007406285758745873
1997-07-29,-0.010453966882942761,0.0051452483834519905,-7.3453647229951e-24,0.0,1.66270018970899e-09,285.63097718880005,-0.0034550104374434314,0.02250595968315071
1997-07-30,-0.021844956034657647,0.0018055162860848811,-7.3453647229951e-24,0.0,0.0,286.59239544123136,-0.0027951830840211803,0.0018573053127249816
1997-07-31,-0.02686689836157244,0.001752385396068379,-7.3453647229951e-24,0.0,0.0,286.7856702140047,-0.0024457384784848006,0.0005229214827219645
1997-08-01,-0.03041521127277849,0.0017182366491037577,-7.3453647229951e-24,0.0,0.0,286.9833634191539,-0.0027458977775048406,0.0001764654775447628
1997-08-02,-0.03165494970514276,0.0017304660405142833,-7.3453647229951e-24,0.0,0.0,287.3189675246704,-0.0032195416673765345,0.0034986603057990647
1997-08-03,-0.03431435383982578,0.0016582125829438035,-7.3453647229951e-24,0.0,0.0,287.5703662541851,-0.0027049757161382907,3.9527729406195175e-05
1997-08-04,-0.029299120571316978,0.0016548023217141967,-7.3453647229951e-24,0.0,0.0,288.0069258451013,-0.0024533063425856124,0.002148691459564166
1997-08-05,-0.011571628183631574,0.0016700657410810226,-7.3453647229951e-24,0.0,0.0,285.6483327969769,-0.0027974971680570456,0.00678175950453956
1997-08-06,-0.02115798211198742,0.001613058276095633,-7.3453647229951e-24,0.0,0.0,283.7900147806229,-0.0032261353259706227,0.0030829818908777616
1997-08-07,-0.025578537692794695,0.0015551534581319088,-7.3453647229951e-24,0.0,0.0,284.32988797203967,-0.002350566924502284,0.00035265259217882015
1997-08-08,-0.027976773132038658,0.0015325801352323112,-7.3453647229951e-24,0.0,0.0,286.19244269103433,-0.0026330397290698555,0.0006140483132863449
1997-08-09,-0.010994020996794189,0.0015605708300057103,-7.3453647229951e-24,0.0,0.0,281.0994006478405,-0.002600365081581019,0.005878666784130249
1997-08-10,-0.012848394780845967,0.001523599365336747,-7.3453647229951e-24,0.0,0.0,280.32378804481635,-0.002077914542902661,0.004004999237545466
1997-08-11,-0.009544538365582288,0.0018183429867534315,-7.3453647229951e-24,0.0,0.0,280.9107200924286,-0.0019952279783911624,0.007534341960303528
1997-08-12,-0.017670653886714228,0.0014635103065415293,-7.3453647229951e-24,0.0,0.0,280.68211984365007,-0.0026918753539606675,0.002195571683815014
1997-08-13,-0.019005290406235196,0.0014663228375763543,-7.3453647229951e-24,0.0,0.0,282.01993799658595,-0.002395680921394273,0.004037474402778926
1997-08-14,-0.017807339881099553,0.0014504373578701991,-7.3453647229951e-24,0.0,0.0,281.23437647990136,-0.002820828014006049,0.004822194929848883
1997-08-15,-0.02188603015942762,0.0014076877785267803,-7.3453647229951e-24,0.0,0.0,283.1604888722048,-0.002368613698724973,0.003040843458463294
1997-08-16,-0.005513581810361248,0.002460848897863916,0.006288345250706215,0.0033600222172036685,0.0012893682440458718,279.0889503098253,-0.0030138647646806337,0.030868638841377628
1997-08-17,-0.01808021592218324,0.0013890311879626775,0.009968155970456687,0.0,0.0013560075733789617,280.5923470427088,-0.0022276076198802833,0.0009835229585950925
1997-08-18,-0.02600091447432836,0.0013696486498676454,0.003974066840277778,0.0,0.0005030392716496678,283.84025972441765,-0.0023086247913076383,0.0017980507873983436
1997-08-19,-0.019922970420559922,0.0013744299863017887,0.001435877913135593,0.0,0.00020158284548985758,282.50807301293213,-0.0024650854895175516,0.0033779050354188276
1997-08-20,-0.02664748890756887,0.0013177992597138142,0.0004731086687853108,0.0,6.329522883824711e-05,283.24262964568345,-0.0023039954814449543,0.0003783682396856112
1997-08-21,-0.03109467576789317,0.001304315476767761,-7.3453647229951e-24,0.0,2.4158360257660605e-05,286.6690016529206,-0.0024697918255450362,0.0002449699970883953
1997-08-22,-0.029306653613424574,0.0012958453873456537,-7.3453647229951e-24,0.0,7.0294965121705664e-06,286.08555857340497,-0.0023837074490085162,0.0005130340871346561
1997-08-23,-0.03202573917174743,0.001279879592906284,-7.3453647229951e-24,0.0,1.8202673412312224e-06,287.37799634412636,-0.0024624979018238982,1.985140537781931e-05
1997-08-24,-0.031018894523550562,0.0012970150022183435,-7.3453647229951e-24,0.0,5.053240532255442e-07,287.68688147665193,-0.0025803410569153265,0.0023034234251146936
1997-08-25,-0.02951104206553961,0.0012689992196142337,-7.3453647229951e-24,0.0,1.2188223795702228e-07,286.64090821433206,-0.002518034261246186,0.00118987325391337
1997-08-26,-0.024434716772224946,0.0012711245292997629,-7.3453647229951e-24,0.0,2.4351191385991156e-08,287.73592581811823,-0.0023464727620620515,0.002377483635858762
1997-08-27,-0.029693864117571193,0.0012396407329430016,-7.3453647229951e-24,0.0,2.062590108752924e-09,287.9993152223289,-0.0024783719846673607,0.00030072747967608074
1997-08-28,-0.03354274077435671,0.0012265410126939332,-7.3453647229951e-24,0.0,0.0,288.29256202137407,-0.0024700090026030437,0.0001527987399510165
1997-08-29,-0.031803467221516,0.0012148143881458347,-7.3453647229951e-24,0.0,0.0,286.8330233011767,-0.0021340628443969846,0.00015352119160237288
1997-08-30,-0.02983742931299964,0.0012030701684412983,-7.3453647229951e-24,0.0,0.0,284.9434255538912,-0.0021756054980859247,0.00011762048369981562
1997-08-31,-0.03138378165704382,0.00119037008554922,-7.3453647229951e-24,0.0,0.0,286.5414372639916,-0.0022149902773694803,2.3813218075185623e-05
1997-09-01,-0.02040509273440151,0.0012296771599074542,-7.3453647229951e-24,0.0,0.0,285.1756614713795,-0.0020638008754553096,0.0046199857346755635
1997-09-02,-0.020803529495573316,0.0012318878355672804,-7.3453647229951e-24,0.0,0.0,284.76467187885066,-0.0023545776572773012,0.005004790749438345
1997-09-03,-0.023946248584211214,0.0011613627443205839,-7.3453647229951e-24,0.0,0.0,286.9277481646637,-0.0021968256829485383,0.000629076024997733
1997-09-04,-0.025609806516749718,0.0011478658281477159,-7.3453647229951e-24,0.0,0.0,285.4777664931706,-0.001916429059485258,0.0004395212830796753
1997-09-05,-0.027661163254646265,0.0011357986657632947,-7.3453647229951e-24,0.0,0.0,283.5903653613592,-0.0019023951016745326,0.00039583288549072495
1997-09-06,-0.02354152121786344,0.0011253284532471567,-7.3453647229951e-24,0.0,0.0,284.50920205197093,-0.0018486139906496652,0.0005511638470612541
1997-09-07,-0.028964895986567787,0.0011102114356843764,-7.3453647229951e-24,0.0,0.0,283.6825217194925,-0.0017448559634934712,0.00010373003064751962
1997-09-08,-0.023180003767296422,0.0011250233582857639,-7.3453647229951e-24,0.0,0.0,283.181601547701,-0.0017655318192506242,0.00280753067653225
1997-09-09,-0.022102716741925578,0.0010866177620860817,-7.3453647229951e-24,0.0,0.0,282.4882163893705,-0.0018092365198805506,1.0480836954908173e-05
1997-09-10,-0.025873915329154607,0.0010747980263273596,-7.3453647229951e-24,0.0,0.0,285.110476229824,-0.0017932668159910516,6.085482694334904e-06
1997-09-11,-0.024462268009024152,0.0010825746645361691,-7.3453647229951e-24,0.0,0.0,284.77293363308956,-0.0020841144414692277,0.002150469597427347
1997-09-12,-0.024232662582801563,0.0010592050976672416,-7.3453647229951e-24,0.0,0.0,282.37062930881194,-0.0019701016635376187,0.000994913356959513
1997-09-13,-0.024670950773745606,0.0010401646969682079,-7.3453647229951e-24,0.0,0.0,283.0395839425355,-0.0017025809324646402,1.5038756898621167e-05
1997-09-14,-0.025188407529208624,0.00103756953767464,-7.3453647229951e-24,0.0,0.0,284.7014474850815,-0.0019142356264473357,0.0010390597548138726
1997-09-15,-0.03165455524530788,0.0010169926336256125,-7.3453647229951e-24,0.0,0.0,284.7037082966663,-0.0017395060888286368,1.803949727850445e-05
1997-09-16,-0.03445125480661285,0.0010063936144618665,-7.3453647229951e-24,2.7388250086940614e-07,0.0,278.5215906225804,-0.0014327618972224704,0.00014587302294171293
1997-09-17,-0.026308220448130273,0.000994311214166846,-7.3453647229951e-24,0.0,8.195638656616211e-08,278.6970947071658,-0.0015133443777844058,4.410743663640915e-07
1997-09-18,-0.023288228164958413,0.0009932172837230446,-7.3453647229951e-24,0.0,4.906017901533742e-08,281.25165490331847,-0.0012839526137979017,0.001426330427623573
1997-09-19,-0.006708180079352384,0.0010028213767682092,0.022380476842043317,0.00579967739134185,0.0006124161204880915,275.0177727320325,-0.0017225343449893647,0.0089937058882475
1997-09-20,-0.010364669443523818,0.0009862809194683356,0.031209309895833336,2.0057425997351524e-06,0.001722967546791007,275.93328964463285,-0.000921239923833117,0.0002480012804501574
1997-09-21,-0.008735083590793072,0.0009834073526037617,0.019330328242702453,0.0,0.0015535548876571118,278.04157986613995,-0.0008215891344651664,0.001463025639959648
1997-09-22,-0.0031283000684053886,0.001034022135249639,0.010238503781191151,0.0010712370697387869,0.000914583908720205,276.9881171102578,-0.0019159516014453386,0.008852725674217764
1997-09-23,-0.012942876772018476,0.0009823576205194333,0.019154464233168553,0.001380680981328932,0.0013606261019989596,276.0994050731767,-0.0017208161600733882,0.0038160045268171927
1997-09-24,-0.021134001555415872,0.0009363228823505553,0.011750014712806027,0.0,0.0008907042401658615,279.9738785731142,-0.0013286599699976083,1.5035288477088763e-05
1997-09-25,-0.022522748358505592,0.0009207586615772571,0.005959376103460453,0.0,0.0005384908389236968,282.0810706179919,-0.0014410196977146603,2.1419900804175995e-06
1997-09-26,-0.013890048878341074,0.0009114770902752204,0.0030919881414783433,0.0,0.0003319652277534291,282.8726038133582,-0.0011132836899599113,0.0004850210106305484
1997-09-27,-0.014528386589497498,0.0009525668317988768,0.012322434822269303,0.004956940683604634,0.00033810738958207903,278.4643657993238,-0.0017227264657869179,0.009830010156168517
1997-09-28,-0.01775378270842935,0.0009001783058468233,0.029219862655955744,7.644200981673548e-05,0.0009506890013561411,275.2319252926527,-0.0015138871915175416,0.00040235467213021835
1997-09-29,-0.019106443108475143,0.0008959004939612696,0.021253108080273073,0.0,0.0013853347002618058,279.48219362894696,-0.0012402810251056137,1.7056866709360504e-06
1997-09-30,-0.021550889026983985,0.0008806479347627717,0.012627035884533898,0.0,0.0009747956600566369,281.0163150543098,-0.0013649935523668926,0.0
1997-10-01,-0.023053951940294044,0.0008650554270394104,0.006786971442443503,0.0,0.0005425452281021129,283.1132684301747,-0.0014571258061602294,0.0
1997-10-02,-0.024498278390889788,0.0008563984416972446,0.0032322195739171375,0.0,0.00030019689919584893,283.21293762982907,-0.00153324262654714,0.0004748775868986967
1997-10-03,-0.019986128992280045,0.0008618328194160247,0.001742547963747646,0.0,7.9911002247347e-05,278.452410125014,-0.0017742507875302418,0.002056294157680145
1997-10-04,-0.02407423869869803,0.000832089512361645,0.0013951878089689266,0.0,6.595027690890147e-05,279.0079605368347,-0.001390969049248655,1.5950438655109708e-05
1997-10-05,-0.029266511821477426,0.0008229087975065587,0.0005406956214689266,0.0,2.1588446646086917e-05,278.76799533147147,-0.0014107633739878231,4.351138045421976e-07
1997-10-06,-0.01739314897248974,0.0008148787553701025,0.0005406956214689266,1.8886927157472082e-05,2.7597155737674845e-05,276.39428433994794,-0.0010702571500155885,2.8180337848859746e-05
1997-10-07,-0.03427491370735869,0.0008152935464503402,0.0005406956214689266,0.0,2.878282408593065e-05,281.9089681406255,-0.0015776118126797814,0.0010395065538277598
1997-10-08,-0.005654203563423481,0.0008609439693601791,0.041679770259533906,0.013331492678762156,1.235002136163119e-05,272.95788254172123,-0.0017197610452602812,0.019263143088184508
1997-10-09,-0.011507037290408787,0.000808009825183847,0.08582899305555555,4.0523876241371465e-05,0.0011886177468771316,270.425708752792,-0.0009751238065671787,4.181878694448051e-05
1997-10-10,-0.014596787465494232,0.0008254783638453081,0.07135848855343692,0.0,0.002898649433575108,274.9122694665654,-0.001144459307993536,4.643873633971977e-05
1997-10-11,-0.01591484913718229,0.0008060962466870324,0.05082469875529661,0.0,0.0013922430722221816,277.03955292207826,-0.0014075867010880326,0.0012003986927507319
1997-10-12,-0.008559461325238653,0.0007703918016563028,0.0695752504855226,0.0071066157881822965,-8.31350094854495e-10,267.73437371765834,-0.0006307741669190806,0.007220919618253263
1997-10-13,-0.006434337777943261,0.0007634333803155329,0.09874821607226932,0.0033536638622566803,0.0,264.95104023561635,-0.0005512848117593993,0.0033726325142855026
1997-10-14,-0.011541460067202143,0.0007749750452526546,0.10449724502707158,8.371969064076742e-06,0.0012347727782477094,271.6951888240664,-0.0005627907812595367,9.412011081943191e-06
1997-10-15,-0.01244140849948603,0.0007751044412117221,0.09141756046963279,0.0,0.0016609915232254286,273.04163445007555,-0.0005854205675633615,8.52346317969932e-07
1997-10-16,-0.012149584158665716,0.0007962154298178895,0.07494749367349342,0.0,0.003435389144019892,275.6957014159294,-0.0008561777919109932,1.7225742112714215e-06
1997-10-17,-0.01508416559568233,0.0007782135221917751,0.051745168682321104,0.0,0.002591521179271957,277.23934889468325,-0.0010088428349818216,1.2874602361989673e-06
1997-10-18,-0.012885551836531043,0.0007443129595390149,0.03611120306614878,0.0,0.0007892702153678668,276.5821820598538,-0.0007870872899637384,4.354797838388838e-05
1997-10-19,-0.00666192123445414,0.0007318332370391675,0.04086504862582392,0.0016271606045590956,0.00032469807034831935,273.28525976766525,-0.0006094548251416724,0.0018044790553983156
1997-10-20,-0.00335213933455742,0.0007211079368483549,0.04252552671845575,0.0011020443154930396,2.919792034531717e-05,272.01250626228176,-0.00028573584842816584,0.0011618251854417015
1997-10-21,-0.00863667556458274,0.0007217209891410871,0.048682836040489647,0.0003995837927874872,0.00043682272067177775,272.1872221664745,-0.0005595115892126063,0.00043529972517733853
1997-10-22,-0.009846669805925445,0.0007172152820953542,0.044547617996704335,0.0,0.000509085217859112,272.5644020719942,-0.0005386292218825237,8.52346317969932e-07
1997-10-23,-0.0033173000408431236,0.0007059248322147434,0.05694752493820623,0.010229162682416077,6.036439352789842e-05,270.4027590203869,-0.00023076754315929897,0.010418385604007097
1997-10-24,-0.0026151787931636234,0.0006995399792989095,0.21229682534427968,0.018100771653113395,0.0,265.3835634852983,-0.0002955238013870299,0.018208316944984447
1997-10-25,-0.004798853043782509,0.0006947025740887487,0.25346371638123827,0.0012359224933352175,0.0,261.1839224677077,-0.0003562197089195252,0.0012384941635205152
1997-10-26,-0.0066318050616205075,0.0006950417649274493,0.23213129708097932,0.0,0.0003617624147126903,264.83238361739393,-0.0003885827316655278,0.0
1997-10-27,-0.008132630527693,0.0006953993927961016,0.22248130554084275,3.1422718433337026e-06,0.0007098888988885503,270.6369826645501,-0.0005559959464659125,5.8268426566767535e-06
1997-10-28,-0.00829987341569642,0.0006936768353995631,0.21104255863053203,2.865842675085122e-06,0.0009062635780727796,268.86095066034636,-0.0006493234764889809,6.147638887958206e-06
1997-10-29,-0.008057941530047165,0.0006907959442354193,0.19873920447857818,6.142770082263623e-05,0.0010056933230262694,269.9165903619454,-0.0006898985175931521,6.644286259731832e-05
1997-10-30,-0.007485294788233979,0.0006788180204434584,0.1872553995998117,5.531340500729232e-05,0.0004945889241614584,270.84291063010585,-0.0006846728613652752,6.144892021044492e-05
1997-10-31,-0.007590170044683467,0.0006681694149297511,0.1932887995085923,0.0067176184706432005,0.0,271.36245712811893,-0.0007891648338507798,0.007588514668736485
1997-11-01,-0.004762145632741142,0.000662720977923291,0.2370660641772599,0.003778397005661733,0.0,266.15469191168665,-0.0005075909344658341,0.0037881242353477594
1997-11-02,-0.004811023504047071,0.0006584101645959973,0.27182437875176557,0.004414604461125736,0.0,265.74535862694574,-0.0004839998180583372,0.004435618886839872
1997-11-03,-0.006953838602297724,0.0006656868141249749,0.2811819532721281,5.349895711672508e-07,0.0007993285938844842,267.58270319706975,-0.0005696932601053163,1.378685695626546e-06
1997-11-04,-0.005449573198954265,0.000652406175257796,0.2769782287252825,0.004621596701737851,0.00017071143845043613,270.8928338677645,-0.0005569212180746477,0.004667049621550092
1997-11-05,-0.005570710883975703,0.0006535881656711386,0.2927797823975989,2.7297959152588062e-05,0.0005320553052223335,269.36361507193067,-0.00047497057203350765,2.8467011429261814e-05
1997-11-06,-0.008358246904645263,0.0006823799872802476,0.27698052760122416,0.0,0.002772469599704958,272.49922672278916,-0.0005143807601120513,3.43322744811303e-06
1997-11-07,-0.009011997088874128,0.0006669101405278438,0.2524862343308616,0.0,0.0019443904149667017,272.752886633864,-0.0007096207569127031,0.0
1997-11-08,-0.0023953316912139204,0.0006334707561859303,0.23927758283309794,0.0012930540925702133,0.0,269.39609430604065,-0.0003287845717395767,0.0013548278875943633
1997-11-09,-0.003368964008355545,0.0006296053781347761,0.24760112295491998,0.0006670279186324212,0.0,264.7203154734524,-0.0003752899540346221,0.0006721157815315107
1997-11-10,-0.004399342557131234,0.0006258759626560967,0.24716364686322978,0.0001411005686231926,2.879133753183872e-06,262.96144838207414,-0.00038136713375142744,0.00014369681518235019
1997-11-11,-0.004735974395005716,0.000622113293173623,0.24477672397304615,0.00013149969574421813,0.0,260.52878913951236,-0.0003035397631889683,0.0001319385348390588
1997-11-12,-0.006267015753829546,0.0006277033333051004,0.24085668071739644,0.0,0.0005975707544613693,261.84552953113047,-0.000372950140239492,1.7189332197631302e-06
1997-11-13,-0.0033027714507727975,0.000615168005059668,0.2339097075094162,4.3837195735866745e-05,1.4830696380744548e-05,262.16415828051095,-0.00030765348866497737,4.6498627307465516e-05
1997-11-14,-0.0028594800055363762,0.0006114415361382868,0.24098863619644537,0.0006560324612310377,0.0,255.27541994644423,-0.00023963059809079955,0.0006598285361635886
1997-11-15,-0.005116513851335494,0.0006133108320882765,0.2409240377824859,8.413178772576113e-06,0.00034499609327248937,257.70231751982556,-0.0003073840891405688,9.54255209130756e-06
1997-11-16,-0.006770817405086453,0.0006159775506305157,0.23431568900070623,0.0,0.0007262534993348149,261.7746581061412,-0.00034977123667459704,0.0
1997-11-17,-0.005271514088420545,0.0006045429720043464,0.22647215417549435,5.242802034326866e-05,0.00021074624932081689,262.5696654382623,-0.00040836294449992104,5.5527754354422907e-05
1997-11-18,-0.0038942411794500842,0.0006011195775479247,0.22657399437970813,0.0005614901708681032,0.00020329154354367554,263.72804811984133,-0.000305053362317678,0.000566618455959902
1997-11-19,-0.002237810421798189,0.0005970464251135703,0.22847056703154428,0.002535009409411479,0.00015288430376578186,263.5857438556219,-0.00020923727523472352,0.0025378302701495542
1997-11-20,-0.0031195726603437954,0.0005945912693853434,0.2568658228872411,0.0026400741294952436,0.00020165716187428622,265.3174843366088,-0.00025156063506495484,0.002677786671224927
1997-11-21,-0.0030617388544109583,0.0005899410126572949,0.2694680309116055,0.0016475524858566327,0.00010925541910748024,264.4576640407469,-0.00028464386481686504,0.0016664423174777275
1997-11-22,-0.0031247990532109974,0.0005854730215449792,0.27899273371292377,0.0009026200547393434,2.684235825376996e-05,262.6484434303816,-0.00026008901370447237,0.0009155644870161603
1997-11-23,-0.004309650699971086,0.0005907025714378572,0.278946296418903,4.549151928411365e-05,0.0005466460045111381,264.5798731694338,-0.00022964942463710487,4.642649548746077e-05
1997-11-24,-0.005595977023496466,0.000582087848146083,0.26990872542961397,7.450580596923828e-08,0.00020324388297937688,269.104730124752,-0.0003534101665356739,1.3589858554041712e-06
1997-11-25,-0.004041144992672118,0.0005800735815770209,0.2630762362435264,0.0023774342179971905,0.0002532444978501164,267.4198221361121,-0.00032688160611074526,0.0025937352980921367
1997-11-26,-0.0036428267672910537,0.0005739772387143582,0.2768913312146893,0.0004042186221833957,7.496237502259724e-05,264.49056406973,-0.0002771530268808543,0.00040855406019728037
1997-11-27,-0.0036789696600477576,0.0005731201272899823,0.2766832829419727,0.0012440649466326009,0.00020560447526516887,269.6710526705237,-0.00023007783828313743,0.001464361120750601
1997-11-28,-0.005101351961914429,0.0005798152105956427,0.2744699251853814,8.092088214421677e-07,0.0007916750586302268,268.9643318621677,-0.00016982801847875457,1.6682059401709354e-06
1997-11-29,-0.004428897621267933,0.0005680914484174912,0.26420889241996237,0.0,0.0002529095795194982,269.0268057160458,-0.0002572897579626175,1.2814998058274796e-06
1997-11-30,-0.005231958072064287,0.0005707773616758444,0.256316391537194,0.0,0.0005831350756567077,269.6561022110129,-0.0003442524821828988,8.642672923997452e-07
1997-12-01,-0.002029564799898762,0.0005587069159847195,0.24853515625000006,0.00035774009039173023,3.281368289963674e-05,266.6261547648974,-0.00014934493070941862,0.00037001561634524173
1997-12-02,-0.0021719988119804257,0.000555349271849724,0.2835950833480462,0.005589867631594341,0.0,263.8011729066206,-0.0002687873666064214,0.005593075960940615
1997-12-03,-0.003568539259123937,0.0005576155953488107,0.3096693940530838,0.0006289179673639395,0.0002958901794785161,261.07693712051304,-0.00023951584020745286,0.0006329325800780388
1997-12-04,-0.0035910704883478457,0.000549792864565122,0.30192586033133245,1.9774577543560394e-05,0.0,262.35887149588086,-0.00029724168638556694,2.3775224422808227e-05
1997-12-05,-0.004027631533684704,0.0005532553219525828,0.2980536336952684,8.335156040003071e-05,0.0003586976794199755,260.08812332871724,-0.0002494988657828778,8.850479103158009e-05
1997-12-06,-0.0039645562232550925,0.0005514476932374771,0.2912082708039077,0.0,0.00039699730479111103,261.5628549033415,-0.00019934485629621873,0.0
1997-12-07,-0.00382600813093832,0.0005440070467480159,0.28416451491878536,1.5300840644513148e-06,0.0001309397025296917,265.23795967676773,-0.00022295877695251997,1.952641427853687e-06
1997-12-08,-0.003682939304133594,0.0005395665007122493,0.27885572070680326,6.041465337667089e-05,2.849539794490836e-05,264.9374119638274,-0.0002056504047270549,6.555046065378998e-05
1997-12-09,-0.001455589034463053,0.0005364406243555964,0.29436761601047556,0.004737536533404205,0.0,264.52270748835275,-0.00017952406515846147,0.004741027277741729
1997-12-10,-0.00202113107941245,0.0005338436971276494,0.34539116753472227,0.003945186229075416,0.0,261.4750534136641,-0.00022501153818799954,0.003948809804124994
1997-12-11,-0.003754341417113267,0.0005318020696693895,0.35562116547492945,3.504077509298163e-05,2.907403865776493e-05,258.3992826206761,-0.00025235379567254063,3.806569075667113e-05
1997-12-12,-0.004391957811043088,0.0005330498945915093,0.34963880061205277,0.0,0.00023748344704929721,264.290662172824,-0.00024593197398603306,-1.1920917586394353e-08
1997-12-13,-0.005564148353654786,0.0005340656991732323,0.3406591612964925,0.0,0.00042734097289500264,267.7167784696245,-0.00028190069889786555,0.0
1997-12-14,-0.006120297868373032,0.0005328728485915621,0.3302153678937147,0.0,0.0004972294183437434,269.4044666613563,-0.00033483360131076505,4.351138045421976e-07
1997-12-15,-0.004286750730148143,0.0005256646433792545,0.3185922511328861,0.00020707604912041273,0.00023945524109958929,267.7164763470379,-0.0003602637956708165,0.0002087910991957032
1997-12-16,-0.0034502555253142025,0.0005246857128574351,0.3131694326741996,8.446483288781119e-05,0.00031353099703115264,264.55408433242485,-0.00017298156090375395,8.531832414239118e-05
1997-12-17,-0.003001099378712433,0.0005187623750018534,0.3057272815883946,4.3537152015556725e-05,0.00012959257862662192,268.86958510188737,-0.00019207664128750735,4.559433731908857e-05
1997-12-18,-0.001680565503357494,0.00051389853496336,0.30657947489995296,0.003701084898521672,0.0,267.0687474827308,-0.00019765853103102937,0.0037082185347874965
1997-12-19,-0.002471594992330519,0.0005114985219502854,0.4105378634063089,0.009821999733899273,0.0,262.096456520526,-0.0002472611028427458,0.009829808325383192
1997-12-20,-0.0030215973992132198,0.0005171546491525941,0.42564147834274957,4.6328299463132014e-07,0.00042322536898871605,262.60701827140855,-0.0001068147172951429,1.3942434840550884e-06
1997-12-21,-0.0030019496709613484,0.0005067495976464223,0.4099001552201036,0.0,0.0,265.1395574199727,-0.00018988728607441743,8.52346317969932e-07
1997-12-22,-0.0019966048625229445,0.0005044041380370404,0.4037642254443267,0.00019611776043466258,0.0,260.11909884652175,-0.0001315655144678671,0.00020162444656722273
1997-12-23,-0.0029783049377344424,0.0005060228924293303,0.3982634750912194,0.0,0.0002066307822189762,261.92014961099,-0.00015712366834030314,3.4419608709868044e-06
1997-12-24,-0.001520149493958317,0.0004997842729428394,0.4048272256797317,0.002584218578991917,0.0,260.6295150498213,-0.00016504857626001716,0.002586561825427193
1997-12-25,-0.002462672858925189,0.0004974984179782328,0.42110832487346994,0.0002628086439970523,0.0,256.72217827058785,-0.00013678394110694443,0.0002639384010114303
1997-12-26,-0.002866568622616052,0.0004952487635747188,0.42962772922551795,0.0015572048934166041,0.0,262.7176322326373,-0.00010639706910666773,0.0015617913543941398
1997-12-27,-0.0021311113726621297,0.0004929794093309824,0.427272990598517,0.003795469884818557,0.0,262.4645731148298,-0.00023432706330118883,0.0037989357713299
1997-12-28,-0.002083678998179355,0.0004907481077700685,0.4835395884828155,0.0034752773110475923,0.0,259.5598816916543,-0.00015493376064771986,0.003478592756060751
1997-12-29,-0.0035191912014605636,0.000488520005328507,0.5131316391537195,0.00653418239816434,0.0,267.51594946478724,-0.00016840573631774237,0.006541712991362394
1997-12-30,-0.0031280227973636263,0.0004863217052093333,0.5404891824093692,0.007603590181991879,0.0,267.65004649045557,-0.00028237534718493284,0.00761817573820119
1997-12-31,-0.003979828103450733,0.0004841367066916774,0.5542603688500471,3.471802183463749e-06,0.0,267.2153385327585,-0.00013972273738370778,4.331944352489407e-06
1998-01-01,-0.005103640005750172,0.00048197965837467867,0.5362008592278719,0.0,0.0,270.08958418176223,-0.0003390866884235609,8.70227722771233e-07
1998-01-02,-0.005646692915151348,0.0004797997110981053,0.5173093864024247,1.6348510138732564e-05,0.0,269.2454599463109,-0.00035436127313786316,1.690852440009683e-05
1998-01-03,-0.0026406675661351047,0.0004776591635019766,0.5135902649040726,0.001736993380522324,0.0,266.1231658921179,-0.00013117490620431253,0.0017407991454076496
1998-01-04,-0.00326956556004993,0.0004754989160656256,0.505491784736935,1.3131122131132139e-07,0.0,265.4733717392169,-0.0001860853958096208,1.837203640695155e-06
1998-01-05,-0.0011720749112845814,0.00047338497167253234,0.49958620233050854,0.0020089061499315468,0.0,262.8865231731293,-6.968777437331314e-05,0.002015092615353859
1998-01-06,-0.0030266356754437675,0.00047127422639879136,0.5163178812088042,0.00031644322693684683,0.0,260.23927826171996,-0.0001501829947455455,0.0003166207149203888
1998-01-07,-0.0034204727343920263,0.00046920338592960345,0.5089221674170198,9.650669697314333e-06,0.0,261.35648810751246,-0.00015157777921291394,1.3033649936126284e-05
1998-01-08,-0.0018758506929807072,0.0004671439949402028,0.5094805643832392,0.0015082621978501143,0.0,260.4786107481761,-0.00010550277844323951,0.0015148091114173502
1998-01-09,-0.0016902627076132823,0.00046507795315004337,0.5461975212600048,0.0020533032757414265,0.0,254.49128460569796,-0.0001510718868950666,0.0020561700655242145
1998-01-10,-0.0009912453212980498,0.000463020161720319,0.5489354825064737,0.00019239204919944375,0.0,255.0153151079311,-1.9479111510481533e-06,0.00019755696709194
1998-01-11,-0.0001361818805252765,0.0004610121250152588,0.558901799376177,0.0049111962023764685,0.0,258.8776240232076,9.375623306312131e-05,0.004918702376267699
1998-01-12,-0.0017373601848122765,0.0004589657830653218,0.693926967469986,0.006447091930161761,0.0,257.23404693962715,-7.638128442784488e-05,0.006454349321777269
1998-01-13,-0.0007737768908678476,0.0004569758466408078,0.6896156555290726,0.003489131034262436,0.0,262.5760254222345,1.2514728652892139e-05,0.003507156190123316
1998-01-14,-0.0035333521453674234,0.00045497100905509996,0.7072151600753296,0.0011776099139350958,0.0,262.8792082073549,-9.416198978821437e-05,0.0011811653643781928
1998-01-15,-0.0027632797505222476,0.000453005823711891,0.688790129178437,0.00197223710727557,0.0,265.615186795452,-0.00020100504665051478,0.0019837181783665375
1998-01-16,-0.003979256008304445,0.0004510390388090059,0.6932407530014125,0.0007522751256234229,0.0,260.5952491149615,-0.00022492706670431095,0.0007937710836432611
1998-01-17,-0.0016736862181270192,0.0004491119061486196,0.6894949645421375,0.002543459567478148,0.0,263.2640698607134,-1.801531446182122e-05,0.002552488462970809
1998-01-18,-0.004568990298920433,0.0004471698723270395,0.7084544840954566,0.0027385184615008576,0.0,265.28052297689146,-0.00018749303989491225,0.0027417076508641646
1998-01-19,-0.0037199279009285627,0.0004451980361830717,0.6951989355284841,1.6900400320688882e-06,0.0,265.9037153240427,-0.00013393831918131834,4.26925834833544e-06
1998-01-20,-0.0020202630657260704,0.00044327250308236167,0.71687641610758,0.007853600917394553,0.0,264.7378015859428,-0.00023832524689914146,0.007857584818540132
1998-01-21,-0.0014130788839469522,0.0004413932730249093,0.7525271543226225,0.0033940035365732377,0.0,261.20614764829594,-9.359048921509652e-05,0.003399939186885802
1998-01-22,-0.0026428808936965,0.00043945789000408804,0.7683475587776603,0.0005912636801347895,0.0,259.2198308488519,-8.542014885756929e-05,0.0005978371871719901
1998-01-23,-0.004067696715142094,0.00043759676022718194,0.774271991966808,0.0016973859677880498,0.0,260.72943981264046,-9.735120660336005e-05,0.0017008022664968738
1998-01-24,-0.004152898061073432,0.00043572578053016457,0.7590656172757768,0.00010160243107100666,0.0,265.52473281960926,-0.00013375967362169491,0.00010449455272550616
1998-01-25,-0.0035282899178354084,0.00043385665295487744,0.7458348965689736,0.0018124780749197063,0.0,264.29022428006107,-0.00016649997145947766,0.0018153272105239607
1998-01-26,-0.0031453590356023972,0.0004320136234585175,0.7432390058556969,4.404713794336481e-05,0.0,264.3433339321905,-7.365958102173724e-05,4.604078278660094e-05
1998-01-27,-0.004414099842141577,0.00043013439340106513,0.7251234036605462,1.994417296291071e-05,0.0,266.7726159212504,-0.00012359219355940148,2.3277768912773206e-05
1998-01-28,-0.004352724821554066,0.0004283477694301282,0.7228438382768362,0.0030540465719282295,0.0,265.2620372736297,-0.00026441103973462763,0.0030652586348636542
1998-01-29,-0.005170664797394964,0.0004265015408144159,0.7225217657574153,0.0,0.0,265.97964533214963,-0.00014848795608948855,1.6927718320403073e-06
1998-01-30,-0.0061743220282813255,0.00042464520971653827,0.7046344419432674,1.341104507446289e-07,0.0,267.8610588260515,-0.00021498489830285144,1.4901161193847656e-07
1998-01-31,-0.002818001444730382,0.0004227856794993083,0.713864198961276,0.004714927241458732,0.0,266.0831248360614,-0.0001866108459015351,0.004720740853627577
1998-02-01,-0.004852276021814616,0.0004209575511641422,0.7199585190825095,2.0435069408793908e-05,0.0,263.47215034283715,-0.0001797846881514889,2.1298137088279942e-05
1998-02-02,-0.005072880557364663,0.00041913262194832846,0.7056818098222695,1.016772736263814e-05,0.0,261.60046457481025,-0.00019616792031095529,1.1014567930146127e-05
1998-02-03,-0.005537051812740369,0.0004172730917310984,0.6934200653248588,1.6500720870023394e-08,0.0,264.5883425732342,-0.00010683309644629051,4.313995063478867e-06
1998-02-04,-0.00609725962082545,0.00041545801243539587,0.6790562286664313,0.0,0.0,270.237399264693,-0.00021052301603522006,0.00012623357747254164
1998-02-05,-0.0073743935274539025,0.00041361818205838826,0.6616907496910311,0.0,0.0,270.6635142935198,-0.0002710608881240511,8.52346317969932e-07
1998-02-06,-0.0064541178066178225,0.0004117701013209456,0.6477476073299201,0.0,0.0,268.15895711320496,-0.00014235577572368634,8.285045574041305e-07
1998-02-07,-0.007641173141487575,0.0004099898755887134,0.6359792016095811,0.0,0.0,268.1573930729581,-0.00022424474926823276,0.0
1998-02-08,-0.006286308884957416,0.00040820299905572235,0.6248429867731875,9.800460042253054e-07,0.0,266.5567929542671,-0.0002651855317970454,2.4638605980412986e-06
1998-02-09,-0.0031415828961437035,0.0004063879197600198,0.6222569812264596,0.0034602419131219728,0.0,265.1900265796036,-0.00019331475309396196,0.0034871136738082115
1998-02-10,-0.0038861440399945795,0.0004046060944681114,0.6969010232756593,0.006242339936016643,0.0,264.2597917387939,-0.00019369883683778474,0.006248384882501291
1998-02-11,-0.005960300901515336,0.0004028306674149077,0.7102420900276601,6.20671248031875e-08,0.0,262.55568984942255,-0.00022393230369872295,1.3576051323930433e-06
1998-02-12,-0.004978511082587269,0.0004010685419632217,0.6993746137888419,3.431939472586422e-06,0.0,261.79525240307254,-0.00013665831779356057,3.4501660341596876e-06
1998-02-13,-0.0028708384367032236,0.0003993181185533772,0.6904232506473634,0.0010459963127044634,0.0,265.3626236313929,-3.5760366478882265e-05,0.0010508544730821426
1998-02-14,-0.0064006409065871595,0.00039758739498375504,0.6881409266125236,0.0002895317508675958,0.0,265.59824582547117,-0.00030037221935509293,0.00029267148265665584
1998-02-15,-0.005555054688521024,0.00039582846865142136,0.6771725297198682,3.313622568960244e-05,0.0,265.67616074772207,-0.00021868333283622387,3.442466834354429e-05
1998-02-16,-0.002519205717717187,0.00039409454596244685,0.6755217069061913,0.0026498644870553314,0.0,266.86912877142095,-0.00014480110257864,0.002655576041927567
1998-02-17,-0.005303747615235,0.0003923761979334772,0.6829631683292138,0.0002896214524904887,0.0,266.47739272827033,-0.0001864638495243202,0.0002921828441919445
1998-02-18,-0.0038406420393852195,0.0003906810014261364,0.6734683509151366,0.0010563393602263456,0.0,264.8967921585687,-0.00020349608197555704,0.001058621003645028
1998-02-19,-0.006239143636940564,0.0003889734293781432,0.6732642107315209,0.0002662450664460996,0.0,263.87039724806164,-0.0002078421855882063,0.0002703400654981365
1998-02-20,-0.006929001481519581,0.00038725760696971484,0.6643841127442327,0.0,0.0,262.84663549879406,-0.000281739317006984,4.410743663640915e-07
1998-02-21,-0.007325964543105519,0.00038558808760454425,0.6557067756149952,0.0,0.0,264.5788525834596,-0.0002736572628725047,8.52346317969932e-07
1998-02-22,-0.007545759490991044,0.0003839185682393737,0.6466508136181733,9.689568463018386e-05,0.0,266.69893465562956,-0.00042208086299357447,9.916818743538713e-05
1998-02-23,-0.006718296031493926,0.0003822258973525743,0.6372111692266949,1.994806662791193e-05,0.0,263.29816127137724,-0.0004252929892917138,2.278136695761116e-05
1998-02-24,-0.0025211246842044895,0.0003805414768262099,0.6559578128678203,0.00842505655551361,0.0,263.93068205479625,-8.861696884288627e-05,0.008436106355850306
1998-02-25,-0.003000074439803086,0.0003788786082617981,0.7440813140007064,0.007912188705246327,0.0,265.0476530617465,-0.0003328231073873865,0.007921102642910682
1998-02-26,-0.003675463677799635,0.00037721068845630363,0.804829570533192,0.005559145688673871,0.0,259.89018912234553,-0.0003351327926341423,0.0055645679181528735
1998-02-27,-0.004412737185672179,0.0003755675197321143,0.8513199685881593,0.002179650600347142,0.0,258.38476187136666,-0.00030718849035306166,0.0021837304204147517
1998-02-28,-0.004076299778485702,0.0003739129015281376,0.8525218209304379,0.0005733116745612043,0.0,257.78120159070147,-0.0002033284281269979,0.0005758879716737224
1998-03-01,-0.0050809114413746335,0.0003722532320830782,0.8447766779955274,4.6966134407426e-05,0.0,257.58576529264,-0.00017187930643558502,4.9230355281937504e-05
1998-03-02,-0.004293100392751101,0.0003706348144401939,0.8329857432909605,0.00020398938302266397,0.0,261.03818955214905,-5.89491199638884e-05,0.0002114631981724307
1998-03-03,-0.007042915807605464,0.0003689751449951345,0.8208561841601932,3.603050264261537e-05,0.0,262.9172551968677,-0.00017361259771942418,4.0014087257383075e-05
1998-03-04,-0.0023173255435491014,0.00036737002895376777,0.8436247112611818,0.007440541297365717,0.0,262.97180740083456,-0.0002453041836451003,0.007552943570100342
1998-03-05,-0.0034054724425919315,0.0003657351105900134,0.9381011560587337,0.003727772646704636,0.0,257.92460282104844,-0.00029889436301875255,0.0037325932480171443
1998-03-06,-0.002681481804551378,0.00036414329615016444,0.9501707145274246,0.0014939069495362753,0.0,256.9402010894316,-0.00014068065789964914,0.0014967448696176565
1998-03-07,-0.0031022634462448168,0.0003625695819908616,0.987076179231403,0.002376819839753674,0.0,257.0472339802543,-0.00022152160941544226,0.00238105678661798
1998-03-08,-0.006101478585752391,0.0003609793671106888,0.9772963012005651,7.57993446231562e-06,0.0,257.56993987016983,-0.00013045133170434985,8.993903122379283e-06
1998-03-09,-0.004504084208254087,0.00035937585062899833,0.9634584473575802,0.0011569169997158698,0.0,260.2645885122699,-0.0001638788087977528,0.001163062486944899
1998-03-10,-0.0033283651211840955,0.0003578236884316483,0.9611623300670905,0.0019082545097601617,0.0,260.7653310563829,-0.00013536582095811597,0.0019138831708390837
1998-03-11,-0.006072981209404726,0.0003562499742723454,0.9580275828330979,6.315703530096066e-05,0.0,261.8495415617517,-0.00014327200245385792,6.8572075624076e-05
1998-03-12,-0.008722892504627423,0.0003546994116346715,0.9350866400364877,3.26646923345361e-08,0.0,265.36727182923516,-0.0002305465355768042,8.892330854283851e-07
1998-03-13,-0.011198565616446027,0.00035313394783580376,0.9091709517714219,0.0,0.0,268.5820935028421,-0.0002988932475363468,8.672475928506174e-07
1998-03-14,-0.011288186040638531,0.0003516230374406287,0.8825416924140772,1.3307494632268356e-05,0.0,270.37561757506177,-0.00039002164609014655,0.0001978958972544293
1998-03-15,-0.010448938667100702,0.0003501006775656663,0.8572524478431026,7.168973906565522e-05,0.0,269.4155731344852,-0.000430005013227126,0.00020372194085417495
1998-03-16,-0.011827024194480337,0.00034854186456755737,0.8344059888476931,3.4327392524245095e-08,0.0,269.2025362363194,-0.0004972924062677022,1.3307830926926518e-06
1998-03-17,-0.0091681275832451,0.00034706235605444616,0.8135970235993409,0.0006690223801270717,0.0,269.10208269970565,-0.00043961441007542745,0.0007156557955984342
1998-03-18,-0.004658686112886096,0.0003455431952988361,0.837948556673729,0.0063700767939036855,0.0,266.0720384170331,-0.00043459135597035043,0.006375926227790541
1998-03-19,-0.0035808290549590766,0.00034406048766637254,0.8655863329066621,0.004535039223856846,0.0,264.94155571285614,-0.00025282295599664,0.004542421413504399
1998-03-20,-0.009801774964494222,0.0003425578276316325,0.8854394255384888,0.0003244153060818796,0.0,265.244616416888,-0.00029797515289931644,0.000324397942440658
1998-03-21,-0.011151983576305842,0.000341083370359604,0.8677178506797316,1.3670342116706116e-06,0.0,266.91528056300973,-0.00035077643891175586,2.228203461409278e-06
1998-03-22,-0.009240450284912088,0.000339653616571157,0.8487523540489644,0.00015347846652154868,0.0,270.79569735769496,-0.0003397130423178107,0.0002130521050904531
1998-03-23,-0.009855667160729232,0.0003542682882082664,0.8272737262388182,0.0003233012338142611,0.0008627257736052497,273.3009056012285,-0.00034683904910491685,0.0009765396246807644
1998-03-24,-0.011255405464414822,0.000357650430862513,0.7963864888624059,0.00023730107619937532,0.0004659753797923105,273.6042260890178,-0.0006328211244890247,0.002510844074199128
1998-03-25,-0.00912480586666172,0.00036706097718686035,0.772016564780485,0.0018483108214739352,0.0006057652986824176,273.22540607560154,-0.0006240132122726764,0.005684490195629971
1998-03-26,-0.012190793193666276,0.00034132869230151853,0.760607473369821,0.0008508521368948081,7.566759141825014e-07,271.9537789942854,-0.0009582250268530037,0.0019611741694231088
1998-03-27,-0.006692960774157682,0.0003324183872190573,0.7506103515625,0.003524964538502828,0.0,269.7673606836639,-0.0005624267446287608,0.0036248108813791307
1998-03-28,-0.004018770983326907,0.00033102988523278534,0.7783975547316384,0.005276005757225435,0.0,267.65238316135446,-0.00030946503209192203,0.005316520764227021
1998-03-29,-0.0032371844949021854,0.00032960173100401454,0.8313367595780369,0.00690314049522082,0.0,266.4491792380698,-0.00038712816891697176,0.006908573841644547
1998-03-30,-0.0059395830678401025,0.0003282281301789365,0.889699472545904,0.0035562297844954132,0.0,264.7424151964781,-0.0003819672369771759,0.003563680082962392
1998-03-31,-0.010521174108577986,0.0003268595805949411,0.8917758172963748,0.0001065976244244872,0.0,265.72442588518794,-0.000366998599621199,0.00010708311183304436
1998-04-01,-0.012998082711871735,0.000325485979769863,0.8768689861405368,0.0,0.0,268.7782293991405,-0.00026145728441786636,2.562999668498378e-06
1998-04-02,-0.008027597882990109,0.00032419193599183687,0.8615458285516715,0.001473064223925273,0.0,269.19231313859905,-0.0003584100849042505,0.0021430461497932473
1998-04-03,-0.009459067367564487,0.00032283003720860027,0.8629345795080039,0.0012325687218183853,0.0,270.6321847164923,-0.0004009153104602954,0.0019035517993253993
1998-04-04,-0.010209522636260017,0.00032148623870590986,0.8487707450564973,0.001307095174735549,0.0,270.62975686283437,-0.0006876598443772833,0.0016722759116167404
1998-04-05,-0.006161925061947883,0.00032013578940246065,0.8446835735198917,0.0033089306184464263,0.0,268.8633677092874,-0.00042480519725441256,0.003384879837601872
1998-04-06,-0.007387098072275604,0.0003188499959848695,0.8638067730402543,0.003137238365782183,0.0,268.39362967036766,-0.00041168789763403486,0.003345710746312545
1998-04-07,-0.004927120892341528,0.0003175509009657607,0.8955634452977873,0.008271997320955083,0.0,268.0412738893441,-0.0003306368565828787,0.008571461196668146
1998-04-08,-0.006397271097379888,0.0003162353052257818,0.950392556055791,0.004230759153931829,0.0,267.4898255486498,-0.00035711453101560894,0.004337696402714401
1998-04-09,-0.009941873072230885,0.0003149841128096069,0.9615478515625001,0.0019506408838228992,0.0,267.2298578488625,-0.0004933551006482146,0.0019827175610806847
1998-04-10,-0.013177427194886291,0.00031367676743006306,0.950947734595692,0.00017927391296726166,0.0,268.40396052789777,-0.0005295338887868629,0.00018329719979149914
1998-04-11,-0.016606130000561648,0.00031243567749605347,0.9328415577919023,0.0,0.0,271.94071947158847,-0.0006971207136909168,3.651683328700149e-05
1998-04-12,-0.008798083300981144,0.00031122279032475534,0.9147197486317091,0.003642812455441319,0.0,271.6118086583197,-0.0005790352831873517,0.004294867518829141
1998-04-13,-0.00875606459412871,0.00030995829630706275,0.9604542762770716,0.007785155443148425,0.0,268.3066180277679,-0.0007530015782784609,0.007841715485933865
1998-04-14,-0.004096805417941789,0.00030870230521185926,1.0176985860993408,0.014326468089037698,0.0,266.63434472595907,-0.00035419061485320166,0.014367888876273808
1998-04-15,-0.0040386084698687845,0.00030747931555839586,1.144539755840984,0.011825037078332094,0.0,266.5847844161556,-0.00027064325045899484,0.01192366573433276
1998-04-16,-0.006152851980621532,0.00030628452866764393,1.2061475620880415,0.007060102571201865,0.0,267.08887659133944,-0.00028002233702247427,0.0071267542547709655
1998-04-17,-0.0046367303883962045,0.0003050764401753744,1.2588984889948212,0.011150768079326651,0.0,266.2173561951086,-0.00026689527693104614,0.011212836975589474
1998-04-18,-0.009079328112009556,0.0003038601013226698,1.2820263304054849,0.0018001899207379189,0.0,265.00255247069396,-0.0004048722212092351,0.0018157098284038288
1998-04-19,-0.010913757912519962,0.00030267861603343554,1.2717052969779896,0.0026609675779854514,0.0,267.2519097373086,-0.0005012229084968567,0.002681841452916464
1998-04-20,-0.007658638817779089,0.0003015583349486529,1.2551828158103813,0.005655939043578456,0.0,267.48515278157095,-0.00024343311976073154,0.006272090673945581
1998-04-21,-0.01437829001306814,0.0003003252428130242,1.2630964663518127,0.001083213878048342,0.0,269.5345751336739,-0.00041512998168246224,0.0011656542818380428
1998-04-22,-0.017867583886714982,0.00029916025824465995,1.224327992584746,0.0,0.0,272.9837059337092,-0.000554754035705227,1.5995596761757375e-09
1998-04-23,-0.01876325240242953,0.00031035481873205155,1.1760801038724105,0.0,0.0007201073701772313,274.9679310577738,-0.0007267942136458758,0.0
1998-04-24,-0.01747711916259453,0.00034760519609612937,1.1175973895803908,3.3586375457418844e-05,0.0019270913033498883,275.5627235189894,-0.0009957331806252905,0.0025651914588475633
1998-04-25,-0.013277333166639685,0.00029677186308607546,1.0831827569591574,0.0016036118449127606,0.0,270.8105637250423,-0.0011569503642155628,0.002018761230636424
1998-04-26,-0.01494520709002759,0.00029457457321511825,1.0681513267272835,0.00016080585997656915,0.0,268.9901034899351,-0.0009875577785032619,0.0002463316343922263
1998-04-27,-0.014163466917592928,0.00029347079285120564,1.052515751897952,0.0003916363594895703,0.0,269.83350887765545,-0.0006110062296528601,0.0008657704807157031
1998-04-28,-0.017577002530044083,0.00029232390856338765,1.039823198049082,0.00028245900310365496,0.0,272.03049534368427,-0.0005775281927932453,0.00033485165423592606
1998-04-29,-0.01968675489816289,0.00031212637316709187,1.0118148430143596,0.0,0.0010185024916788952,274.3551187569139,-0.0007211410645711221,0.0007345035250227867
1998-04-30,-0.019610749336622532,0.0003768503665924072,0.9727911940177731,0.0,0.0035589062898172498,275.77973136973696,-0.0008128711343400897,0.001573099760012438
1998-05-01,-0.018064617858094684,0.0003402904096969777,0.940412675818032,0.001018303009749806,0.0024603442999265963,274.21964691363263,-0.000990449608761375,0.0026458844626676497
1998-05-02,-0.02243690988269903,0.00031373940281948805,0.9153551579419728,0.0,0.001302901697529238,273.989782940421,-0.0010849011346361057,0.0
1998-05-03,-0.02170315229118207,0.0007594917285240304,0.8795908552554144,0.0,0.005668337798893116,276.7175390778737,-0.0007925360742430229,0.0004105275970344591
1998-05-04,-0.015113524040259885,0.0005028422101069305,0.8391053510475518,4.901934814991925e-06,0.0053680873986354655,276.15282174378024,-0.0006372735567264638,0.001000465983051365
1998-05-05,-0.01818245990296542,0.0006493993398159911,0.8089551332980226,1.586567463174378e-05,0.005754427531849867,275.45567769339755,-0.0006696092080598498,0.0008183723114628441
1998-05-06,-0.0161581456577037,0.0004887010923213204,0.7763329342484698,0.00025632061948210503,0.002470064192673581,275.0501272916345,-0.0008924047036443727,0.003013405961403119
1998-05-07,-0.01769306670642842,0.0002894235701210755,0.7573920355902778,4.659790945591901e-05,0.00017030541337816055,273.2353441594011,-0.0012207658445767765,0.00017266926786697507
1998-05-08,-0.01617935682925801,0.00028404660817593505,0.7430139459010123,0.0002553035099964357,1.5712558886425645e-05,271.18880735997203,-0.0012663545476346366,0.0003304209344721238
1998-05-09,-0.013460581627606,0.00028362264067439714,0.7512259905396658,0.002907183989461533,0.0,271.3876301393671,-0.0009349049779318148,0.003092631647039995
1998-05-10,-0.011107735125358497,0.0003071406298438035,0.756126274496822,0.0011380993377017436,0.000767082207452106,273.3528973530915,-0.000486924355102461,0.002399401425539491
1998-05-11,-0.005070823523621102,0.0003241714784654521,0.7702884997351696,0.006750951694735027,0.0003515439223771715,272.74291271274376,-0.00043090673868602283,0.00916758920513304
1998-05-12,-0.014848040322125968,0.0003064316881578521,0.7979248966425377,0.0007286054518936718,0.0007402236010395202,272.979697800401,-0.0007841301934614695,0.0011527723511733578
1998-05-13,-0.020732188418423392,0.00035269356380074714,0.778115712541196,0.0,0.002694669732097852,275.2843250123795,-0.001004982350320466,0.0002678915605706684
1998-05-14,-0.024294234601791292,0.00029632625943523346,0.7560313309204333,4.646636671939139e-06,0.0004571632476849745,273.65825273761646,-0.0016193407729773199,0.00027010211131467307
1998-05-15,-0.01650798127139356,0.00028823509728167693,0.7519740447710689,0.0019567834034477927,0.0,273.13365890660975,-0.001056339444413697,0.003533580698472834
1998-05-16,-0.020191002195164308,0.00032162245384043895,0.7503733374529191,2.635506081715816e-06,0.0012295422917705473,273.85127759024704,-0.0010436233290928906,0.0005778986855415301
1998-05-17,-0.024512418161677776,0.00038315785133232513,0.7286953970986347,0.0,0.00350406631238043,276.63629512104393,-0.001278374170474077,0.0002127224105899617
1998-05-18,-0.024453629123962536,0.00033465945451273085,0.7034647738641715,0.0,0.0017121685090038061,275.23677137701753,-0.0014877285713614044,8.52346317969932e-07
1998-05-19,-0.02365773726822967,0.0006584105855327542,0.6809886637829567,0.0,0.004756669140299836,276.1066208137182,-0.0009566464245656117,0.0002594500948480294
1998-05-20,-0.021493408934207963,0.0019212600033162003,0.6476420889241996,0.0,0.01285745552872534,279.177304984486,-0.0006820245798529878,0.001345837486558509
1998-05-21,-0.01969728500997953,0.0016545307333186523,0.6093485629266714,0.0,0.012650419173941102,277.70632050221474,-0.0006067796510323294,0.001956957229637383
1998-05-22,-0.02191093997598368,0.0006010357269459526,0.5785070731814972,0.0,0.002815482390802459,275.3388103190564,-0.001353583687990062,0.0005480290132727326
1998-05-23,-0.01654228387074282,0.0005295284218707327,0.5635216204684558,3.2431072434463076e-07,0.0024337404444392794,274.8474304321347,-0.0009740330489341822,0.0016418097343687365
1998-05-24,-0.015500920177516293,0.000697896305450612,0.5454416508504002,5.096712775823087e-05,0.004443602078715287,275.07564239358277,-0.0007067818752368966,0.0016412879016908365
1998-05-25,-0.022358743316036163,0.0018658397224663344,0.5212000040460216,0.0,0.010619837685493428,277.1678831168712,-0.0006957471286509671,0.00034872886150746365
1998-05-26,-0.025810183778321005,0.00385698373034849,0.48563685300435505,0.0,0.016321011687402673,279.9129980917031,-0.0008446859764093059,0.0016197648425105469
1998-05-27,-0.02984468516825283,0.0013098561831113309,0.4478982756591337,0.0,0.00781716469485881,278.3498657104435,-0.0015736798687422345,3.735749724765261e-05
1998-05-28,-0.02707500759996263,0.001466958957203364,0.42670746711687857,0.0,0.005962968777633657,277.13043224025813,-0.0014779433808000074,2.679173306881183e-06
1998-05-29,-0.025641706535371685,0.003316155766363198,0.4016446618261535,0.0,0.01421636521900441,278.99991067070977,-0.0012365636642033097,0.0012304581153514558
1998-05-30,-0.02646953221094811,0.0010979731204146046,0.3677447475282486,0.0,0.007894493828890688,279.3933885075054,-0.0015044355670274317,0.0002607722552138229
1998-05-31,-0.025485523087156698,0.0009327063621100733,0.3522172198681733,0.0,0.003638022658178362,276.7188717398491,-0.0016286011238051002,8.583068797918258e-07
1998-06-01,-0.02778111427685636,0.0013216045279960849,0.34012398297728347,0.0,0.006382084667345899,278.3557432142355,-0.0016497454400789939,0.0001697692998603777
1998-06-02,-0.012074510214355709,0.0023456225119068124,0.3273105082538842,0.0030822874294162477,0.007163204147485691,277.1031323233567,-0.0010267834752629706,0.009641348662642936
1998-06-03,-0.0048870524696711095,0.0012194903220160533,0.3824513465895716,0.010698402500421988,0.0018846028310767675,273.1635081296587,-0.0008303569156234549,0.014265320580478335
1998-06-04,-0.006206687645050092,0.0011976701391618804,0.46041243673493415,0.011876885710799761,6.622004475297227e-05,271.0009214756853,-0.0008621559936111258,0.013401615417609782
1998-06-05,-0.009828974719101427,0.0012741646187453622,0.501074494615113,0.005565731244235389,0.00035062358625191083,269.885469724005,-0.0007707648463336762,0.006819591414366038
1998-06-06,-0.015784559655660963,0.0014004993573420465,0.5401151552936677,0.0017142545452899182,0.0023493324590604862,271.9725839719036,-0.000863619390769867,0.0026883374713994445
1998-06-07,-0.010346652676830183,0.0018719103039994754,0.5198195290430792,0.00031128477326220714,0.0036534376358245053,274.7749799056691,-0.0004356883224205109,0.0065467409494792805
1998-06-08,-0.005943575779260216,0.0026228922908588994,0.5396452650512006,0.011387486936850738,0.004826977764819301,274.3926714342193,-0.00021995577203520275,0.02042549937278048
1998-06-09,-0.009427110775042389,0.001935106802121394,0.5505410174641008,0.0003398284316062928,0.00420384969835901,274.28162685401475,-0.0004966177393571806,0.002296825735428771
1998-06-10,-0.016838184605210516,0.002231062132086458,0.5168075417843692,0.0,0.005877635636403736,276.1962808368345,-0.0009902179777874786,0.00048805379260907403
1998-06-11,-0.007981091569372491,0.007302172776669433,0.4817434767096281,0.0002645846814085535,0.010612137342071804,276.80723613085274,-0.0005666236524696404,0.010301529098365268
1998-06-12,-0.011688202998395694,0.00779147799742424,0.4397600249382063,0.0,0.011982074186290052,278.04423421295803,-0.0006320868003166329,0.007733010285787098
1998-06-13,-0.009554992161564909,0.00771733748037263,0.3976871468926554,0.0,0.010457908513687426,278.6310743737805,-0.0004832921970614606,0.007028069385022508
1998-06-14,-0.006689684370816765,0.008286385212914419,0.36635047926965636,0.0003018461083624996,0.00787338793361928,276.62812179809686,-0.0013075608781165323,0.012875138971746327
1998-06-15,-0.013295176212733748,0.005406545548789245,0.3492836242790725,6.843695027680048e-05,0.001684448939595519,274.9930635944374,-0.0013599827159511844,0.0037321435728632927
1998-06-16,-0.008436338839221137,0.0064216986887872555,0.3403761696680791,0.0015725100907565512,0.004619856275575983,275.41027948052647,-0.0016508340404111114,0.010907961082995875
1998-06-17,-0.01053550578443344,0.005104783227888205,0.3333091951359463,0.0005580659555850057,0.0010360514082140844,274.79553963684543,-0.0013711911620898436,0.0033773413187432686
1998-06-18,-0.016727941394862483,0.005549647040286307,0.32859328102930796,0.00035355206431642093,0.0051256864210643335,276.9423950001345,-0.0016286197765651394,0.004698089349962224
1998-06-19,-0.017859290801199145,0.005913969992244311,0.30868156706096994,0.0,0.006444323302830681,278.9467136433345,-0.0014213967889463162,0.002868233379751992
1998-06-20,-0.01392933768404406,0.006531492380772608,0.28992181982697746,3.544588462781098e-05,0.0041110698070566535,276.58624667007825,-0.0016734275209196545,0.007042616107184719
1998-06-21,-0.017943636045954323,0.005315648970630884,0.2767814449446799,0.0,0.0032444698788688686,277.13129921462354,-0.001272440103992904,0.001139121182515254
1998-06-22,-0.02373215408816849,0.006169345756035067,0.2617056464071328,0.0,0.006568311445288739,279.92290153072383,-0.0014115249327683853,0.0002538993785601685
1998-06-23,-0.021573341078003926,0.007559624095421055,0.23888148650835692,0.0,0.007916892273614636,281.5484456243713,-0.0013227067929876728,0.0024074246429523108
1998-06-24,-0.022582110838364748,0.007379927540903038,0.21941322570915725,0.0,0.005904303326950235,280.25762073064254,-0.0015588750547103289,0.0021173020202430357
1998-06-25,-0.02518440143199964,0.007642365023914704,0.2014194639389124,0.0,0.007150060039455607,281.46912803937266,-0.001567684861142083,0.000504492527451447
1998-06-26,-0.02701159360381843,0.009310623599311054,0.1795442800288371,0.0,0.006950702118334797,281.0929722363891,-0.0021053238187806085,0.004415485921725321
1998-06-27,-0.034672708708350944,0.008066780486349333,0.1669740263800612,0.0,0.0007440752565524001,277.4608619136775,-0.0021591429088243658,1.7583370421903055e-06
1998-06-28,-0.03126801327291855,0.007868826978624205,0.1568187419079567,0.0,0.004625184240482622,280.30420379494996,-0.00200783882795249,0.0
1998-06-29,-0.03050895746649996,0.008567210307902537,0.13995142934910548,0.0,0.007271772155822334,282.8061052850411,-0.0017254307897666755,0.0002468065689845004
1998-06-30,-0.024341095891376004,0.010122948699751817,0.11834797257532957,0.0,0.00943729125678876,282.655522660796,-0.0013952583158757055,0.003256355468092845
1998-07-01,-0.02538207779496403,0.010847458900031397,0.09325482212217515,0.0,0.01179923216080935,285.0256782143803,-0.0014254789652123963,0.00038184820310802146
1998-07-02,-0.02374384737452545,0.01144683731477813,0.06704027998469868,0.0,0.01064806364182025,285.50903191000725,-0.001516356601216699,0.0005077747638566447
1998-07-03,-0.023794218729444816,0.014152971785620782,0.04218759195503767,0.0,0.01037793960106575,286.4336151187703,-0.0018894483182726608,0.0011279584492326186
1998-07-04,-0.02709168839757725,0.016322191068008123,0.02102735846280603,0.0,0.007030516399838831,287.5658662117134,-0.0028374028302687038,0.006569299488331507
1998-07-05,-0.03129468605679981,0.009162480885026147,0.009412747542961395,0.0,0.002968575237161022,287.60574022928876,-0.0030170690510316757,0.0010310813867649789
1998-07-06,-0.03278908550234164,0.007618168653067896,0.00464097075094162,0.0,0.0013004125722047301,286.2530638233192,-0.0028091282241762025,0.0016148230113552117
1998-07-07,-0.027006865221228304,0.006675715416164722,0.0021853114701035786,0.0,0.0007453782873301857,285.11680010707596,-0.002525672726964547,0.00039454324761687006
1998-07-08,-0.027985046980744704,0.0060425915118664675,0.0009236883533427496,0.0,0.00035991075601281427,286.14292255768,-0.00309196447606309,0.005484811921395753
1998-07-09,-0.029891282825146696,0.005429624500921217,0.0004956376530131828,0.0,0.00014227990713496668,286.42794714674443,-0.0029095406775589043,0.0005729456578756791
1998-07-10,-0.030902798945284162,0.004984952467309554,-7.3453647229951e-24,0.0,6.0490400946072945e-05,287.7457491449044,-0.002694958310553246,0.00023678753335597152
1998-07-11,-0.03348536667345608,0.004639717229342057,-7.3453647229951e-24,0.0,2.5401828484346644e-05,288.0423062570576,-0.0032752497269019575,0.001611433291839341
1998-07-12,-0.03870526739096238,0.004320159891230912,-7.3453647229951e-24,0.0,7.238933595560365e-06,286.7860476606984,-0.0030852951383018223,0.0005485716657658178
1998-07-13,-0.03974322242251898,0.0040443216340016516,-7.3453647229951e-24,0.0,3.0792365639896723e-06,288.32830207091945,-0.002979508643222731,2.3024566875608155e-06
1998-07-14,-0.040832739344424454,0.003806915828737163,-7.3453647229951e-24,0.0,1.2640309872600319e-06,289.1730687523966,-0.002901777409353836,7.656613983423692e-05
1998-07-15,-0.03276968397999888,0.0036000040291392877,-7.3453647229951e-24,0.0,5.020723167785817e-07,287.3557264539931,-0.0026138674646700175,0.0003795624115946805
1998-07-16,-0.0350241211511321,0.0034095606224685067,-7.3453647229951e-24,0.0,2.1617207150001314e-07,289.1511577060218,-0.002686209466287309,1.1365965025301821e-06
1998-07-17,-0.03795332314267671,0.003241692390819054,-7.3453647229951e-24,0.0,7.837842413261113e-08,289.68234514067626,-0.0026668333316926906,0.0004004629654163424
1998-07-18,-0.04237649492961539,0.0030830957121768246,-7.3453647229951e-24,0.0,2.4751081305035094e-08,291.53021932411554,-0.0025758375124321823,0.00015766809215653414
1998-07-19,-0.03994374562286388,0.0029404264385417362,-7.3453647229951e-24,0.0,8.250360435011697e-09,290.71539046580284,-0.0025875387124001644,0.00013725564095060392
1998-07-20,-0.03843550325113502,0.002808514203728929,-7.3453647229951e-24,0.0,2.062590108752924e-09,291.31230068386384,-0.002473658550593813,6.812382738648228e-05
1998-07-21,-0.034212962255976295,0.002692445775883346,-7.3453647229951e-24,0.0,0.0,289.3092206426933,-0.0023292678560914294,0.0007912043604523909
1998-07-22,-0.029272695003593037,0.0026052887156858286,-7.3453647229951e-24,0.0,0.0,286.3287337639013,-0.0021253631129271567,0.003217894394518966
1998-07-23,-0.024804831519302007,0.0026948766856543767,-7.3453647229951e-24,0.0,0.0,286.46678752504056,-0.002969160954873104,0.010766573578522086
1998-07-24,-0.022959708830731066,0.0024220125149872346,-7.3453647229951e-24,0.0,0.0,286.7137270566434,-0.0023207561570709034,0.003645148486067346
1998-07-25,-0.015074004813776179,0.004416334932133304,-7.3453647229951e-24,0.0,2.062590108752924e-09,285.7019827891205,-0.0036560620712695153,0.019988106249987123
1998-07-26,-0.023534830722768428,0.002333859770984973,-7.3453647229951e-24,0.0,0.0,286.3925117593252,-0.002918295104498581,0.0032559032998621127
1998-07-27,-0.02410722132456505,0.0030968786969696738,-7.3453647229951e-24,0.0,0.0,287.0916603145851,-0.002745489379401598,0.007160298856661671
1998-07-28,-0.021793262685759596,0.004538205383861133,-7.3453647229951e-24,0.0,0.0,287.2176919459399,-0.002978889755694206,0.014656675737399571
1998-07-29,-0.007394459077530662,0.005739892775056052,-7.3453647229951e-24,0.0,3.725290298461914e-09,284.69601047465585,-0.0036450471876368013,0.03323706437302175
1998-07-30,-0.011048679213739384,0.004656438015948582,-7.3453647229951e-24,0.0,0.0,283.74078009941263,-0.0033145931596725675,0.022198673291389966
1998-07-31,-0.023779625357207606,0.0020852026629582638,-7.3453647229951e-24,0.0,0.0,286.0234391630931,-0.002968663065615347,0.0024390058496227907
1998-08-01,-0.02460681642852934,0.002007819670068342,-7.3453647229951e-24,0.0,0.0,285.76665366077606,-0.002899518257564744,0.004712399705598314
1998-08-02,-0.011935790716591529,0.0021453110848442983,-7.3453647229951e-24,0.0,1.862645149230957e-09,282.4109897936805,-0.0028429343917612303,0.010531859316314687
1998-08-03,-0.006069296202753896,0.003444665400995373,-7.3453647229951e-24,0.0,0.0,282.3232446623837,-0.004123113765302351,0.022463711377638463
1998-08-04,-0.014517989283227652,0.0019260442863076421,-7.3453647229951e-24,0.0,0.0,282.89986607179804,-0.002487006439369614,0.002544910285329181
1998-08-05,-0.026264862362611094,0.0018779677523058016,-7.3453647229951e-24,0.0,0.0,285.2963627278244,-0.002368773291634638,0.00014712242047876497
1998-08-06,-0.031047036418807038,0.0018698799576463002,-7.3453647229951e-24,0.0,0.0,287.7376706829179,-0.0026202482818546945,0.0003238771930576581
1998-08-07,-0.033364695681017,0.0018701427063699495,-7.3453647229951e-24,0.0,0.0,288.2213318711621,-0.0027704960166734494,0.0011089511866856745
1998-08-08,-0.0330252043776593,0.0018466080481049705,-7.3453647229951e-24,0.0,0.0,288.27113982019233,-0.002658511185755501,0.00047263898755197476
1998-08-09,-0.026498973537973095,0.001906219091119066,-7.3453647229951e-24,0.0,0.0,286.5552578690811,-0.002463942709363113,0.004834208236931226
1998-08-10,-0.02647083766211224,0.001860019177366785,-7.3453647229951e-24,0.0,0.0,286.6367218211546,-0.0027814624347003167,0.0029797168438043973
1998-08-11,-0.027831079554086355,0.0018057187566649442,-7.3453647229951e-24,0.0,0.0,285.88662896452655,-0.002515155822038651,0.0004988877618380185
1998-08-12,-0.02892976612021021,0.001790136014674343,-7.3453647229951e-24,0.0,0.0,286.48911368016246,-0.002467248362546924,0.0005538219784936527
1998-08-13,-0.02571367392432218,0.0018456599301537552,-7.3453647229951e-24,0.0,0.0,286.14194585868427,-0.0026220223092931817,0.004925138398033401
1998-08-14,-0.02813086734484818,0.0017650850580237009,-7.3453647229951e-24,0.0,0.0,286.83416054432905,-0.00285642319437811,0.0012935367176088236
1998-08-15,-0.03066475344243023,0.0017536553622639114,-7.3453647229951e-24,0.0,0.0,286.8567467777518,-0.0029677663966592425,0.0016158328890791855
1998-08-16,-0.02979733096172581,0.0017465387528899027,-7.3453647229951e-24,0.0,0.0,286.68696582384706,-0.002681076358267143,0.0026176242504180216
1998-08-17,-0.027073054705972727,0.0017080420659760297,-7.3453647229951e-24,0.0,0.0,287.03459193342826,-0.002416946388528509,0.00101035488190624
1998-08-18,-0.024011610381010563,0.001697728357746103,-7.3453647229951e-24,0.0,0.0,287.32527221349227,-0.002488311374886225,0.0018535706449564699
1998-08-19,-0.023942424920992664,0.001674080972617629,-7.3453647229951e-24,0.0,0.0,285.3441287900993,-0.002588953696570154,0.0017109370500573197
1998-08-20,-0.025735773061965145,0.001714527859526166,-7.3453647229951e-24,0.0,0.0,285.65263865267946,-0.002743381454404128,0.005014363546979247
1998-08-21,-0.031167275067103112,0.0016192153180386386,-7.3453647229951e-24,0.0,0.0,287.44531959777953,-0.002475909509901273,0.00013249944158866581
1998-08-22,-0.034522019452967886,0.0016182454797507681,-7.3453647229951e-24,0.0,0.0,286.5419012058926,-0.0026682330411201146,0.0017621674780068529
1998-08-23,-0.033431011657256864,0.0015768486227692856,-7.3453647229951e-24,0.0,0.0,286.3903710855603,-0.0024490986377169186,7.454001590228412e-05
1998-08-24,-0.03066816736580962,0.0015549969538456976,-7.3453647229951e-24,0.0,0.0,283.7231533711464,-0.002081461676980479,8.75767341441354e-06
1998-08-25,-0.032605857372620686,0.0015340026489085398,-7.3453647229951e-24,0.0,0.0,283.9078098052864,-0.0022359820145924215,0.0
1998-08-26,-0.031167279486939058,0.0015160860651630469,-7.3453647229951e-24,0.0,0.0,286.3790835184791,-0.0021348441398497354,0.00045644299887249865
1998-08-27,-0.02411860189700531,0.0015187335889891716,-7.3453647229951e-24,0.0,0.0,283.58306846331294,-0.002494411137860037,0.0028151606680693747
1998-08-28,-0.03036957646662233,0.0014708753527894532,-7.3453647229951e-24,0.0,0.0,285.4968364090569,-0.002200933894153032,1.2874602361989673e-06
1998-08-29,-0.03063312092911726,0.0014491976149338115,-7.3453647229951e-24,0.0,0.0,286.75602800114234,-0.002126400532611346,1.2814997489840607e-06
1998-08-30,-0.031964482686950665,0.0014277186434147721,-7.3453647229951e-24,0.0,0.0,287.5935399940908,-0.0020980449277634003,1.8629515809581565e-05
1998-08-31,-0.02892546351514967,0.0014092836339594957,-7.3453647229951e-24,0.0,0.0,285.83676195593654,-0.0019440927758476157,0.00042243953468306566
1998-09-01,-0.030697433120113315,0.001386977353338468,-7.3453647229951e-24,0.0,0.0,284.92978032789216,-0.0020857055981953945,0.0002545242591757693
1998-09-02,-0.030748891712582046,0.001363956322104244,-7.3453647229951e-24,0.0,0.0,287.11937568865704,-0.0020608434527270543,4.743922431771352e-06
1998-09-03,-0.031821816317779195,0.0013426000115561623,-7.3453647229951e-24,0.0,0.0,288.3907470667205,-0.0019657778116942796,4.23703930607644e-07
1998-09-04,-0.03038410530925471,0.0013214752162243688,-7.3453647229951e-24,0.0,0.0,288.5356079719386,-0.0018717099749351626,4.4303311597104766e-07
1998-09-05,-0.03059971719811866,0.0013007474484416726,-7.3453647229951e-24,0.0,0.0,289.68439838531555,-0.0017842996002590589,6.294576140309883e-06
1998-09-06,-0.025515506075600446,0.0013101154801535742,-7.3453647229951e-24,0.0,0.0,289.0528953861158,-0.002043389452168834,0.003372197686615637
1998-09-07,-0.027607032513551122,0.0012619660399054405,-7.3453647229951e-24,0.0,0.0,288.6307788640542,-0.0018826396030894783,0.00017993739898090208
1998-09-08,-0.03386530330625631,0.0012498215935324547,-7.3453647229951e-24,0.0,0.0,288.5603730404669,-0.002157497467041689,0.001267583069840716
1998-09-09,-0.03440854993075301,0.001228270978577393,-7.3453647229951e-24,0.0,0.0,287.4968011500472,-0.0020828811862206057,0.0010848509725300739
1998-09-10,-0.028568643466227474,0.001208892986599335,-7.3453647229951e-24,0.0,0.0,286.81582505465,-0.001858086330489924,0.0010020880437558856
1998-09-11,-0.02287932982047399,0.0011871590957803243,-7.3453647229951e-24,0.0,0.0,284.95291156014486,-0.0016053136711740227,0.0005723912163301781
1998-09-12,-0.011706955309978314,0.0012709320770145137,-7.3453647229951e-24,0.0,0.0,283.99010004162113,-0.0023038861115520955,0.010478993687423993
1998-09-13,-0.005061555253920582,0.0021712879339853925,-7.3453647229951e-24,0.0,0.0,282.0727978758444,-0.00243172009533408,0.027487674772096963
1998-09-14,-0.016756799514010802,0.0011401741349764463,-7.3453647229951e-24,0.0,0.0,282.3348324339269,-0.001774173956048691,0.0007522236154901643
1998-09-15,-0.021485760807991028,0.0011168640043775914,-7.3453647229951e-24,0.0,0.0,284.3656678208748,-0.0017835964990706094,7.044124064472436e-06
1998-09-16,-0.025462327746011447,0.0011010707940085462,-7.3453647229951e-24,0.0,0.0,285.0792583494312,-0.0017859622688785113,5.277368308460646e-06
1998-09-17,-0.025759773570938976,0.0010861924475869219,-7.3453647229951e-24,0.0,0.0,285.26911627415666,-0.001795680551542401,5.008275215779299e-05
1998-09-18,-0.026007292508068734,0.0010710091745786076,-7.3453647229951e-24,0.0,0.0,285.3327196519927,-0.0018778361043350848,1.4208467652501332e-06
1998-09-19,-0.01908580668396869,0.001104342903794542,0.0016850760652071563,0.0008293908868132339,7.459769646326701e-05,279.0845779088482,-0.0027107432863469855,0.005711884754446159
1998-09-20,-0.007329393662301836,0.0010616789429874745,0.010737589748116763,0.003331506824762808,0.00022385015789061618,275.39756555790734,-0.0011138267457316826,0.005227155974926976
1998-09-21,-0.006402035175407,0.001071639653653075,0.04757018008474576,0.005800087046993654,0.0014213473236156721,274.41653034332336,-0.0013510131008796773,0.008080921402017088
1998-09-22,-0.012123685224918324,0.0010571537044762218,0.05041228041137005,2.4722436558728842e-05,0.0023988706012398513,275.5223614644196,-0.0010758275429239381,0.00026365518569804186
1998-09-23,-0.015187680679189285,0.0010315100688718809,0.03495762711864407,0.0,0.001563419582648466,276.2607102510844,-0.001066632337320996,1.7326935536443852e-05
1998-09-24,-0.018638064674401687,0.0010137142939756147,0.024746250073564034,0.0,0.0011956438443249903,278.17429514883156,-0.0013734909290142653,0.0
1998-09-25,-0.019292430562824855,0.0010099167709296706,0.016339720530249534,0.0,0.0009141051457763393,279.3595929801352,-0.0016289432033222949,0.0013549603142980803
1998-09-26,-0.006636254531515521,0.0010282865351876299,0.010643565722104521,2.1724188226764488e-05,0.0005009018863409252,276.86115907141044,-0.0017374623409014641,0.004834783110914931
1998-09-27,-0.015264111176385719,0.000973252926842641,0.007009502633592278,0.0,0.0005811298539662093,278.36380826012567,-0.0014067662532551814,0.00022821719363086982
1998-09-28,-0.020617102583249412,0.0009554380414176123,0.003777283059675142,0.0,0.0002812074423678178,280.70532703938466,-0.0013103272481742553,0.0
1998-09-29,-0.02159508780739402,0.0009428897483200678,0.0024184174905838044,0.0,0.0001575674356545432,280.6906003143828,-0.0012952423112540597,0.0
1998-09-30,-0.010013209603263835,0.0009316759931165619,0.0013901302818973636,0.0,8.513635329607518e-05,278.57054826768785,-0.0007509084702548334,1.9940616047315007e-05
1998-10-01,-0.016633539760516864,0.0009246568726954488,0.0006082825741525424,0.0,7.031017146204824e-05,279.87461168034156,-0.0012162332344105688,0.00036470234350401045
1998-10-02,-0.017101555094543825,0.0009123010318831536,0.0004731086687853108,0.0,2.9939810855913977e-05,280.1489784434691,-0.0011170595452862945,0.00011516753257775355
1998-10-03,-0.00510187236602697,0.0009410955474875068,0.015077637638300377,0.009507614087923773,0.0002999621006728566,275.5119843060913,-0.0008737192473421664,0.013018969930554784
1998-10-04,-0.003983247751570018,0.0008969945085924224,0.0847216245144774,0.009219857595734678,5.8414172486396836e-05,270.8736643997738,-0.0008034309909000237,0.009780151897802247
1998-10-05,-0.013120465527820048,0.0008846659444819737,0.1459834499323211,0.005143825280464301,0.0,268.59792935646186,-0.001122299597551257,0.005176944805557444
1998-10-06,-0.008580900560327844,0.0009042776405474561,0.1450370027071563,7.78627766054229e-06,0.0019255333111784553,270.7306527714272,-0.0007373796207672459,2.6968883916124007e-05
1998-10-07,-0.011828082597861857,0.0009604373389044725,0.12200318532250475,0.0,0.0060877129435539246,274.7537197465053,-0.0009233758148163726,4.351138613856165e-07
1998-10-08,-0.015439960747788858,0.0009171757320899748,0.0817043498411017,0.0,0.0035964877234172014,277.8375344824207,-0.001176770118796556,8.795930170890642e-07
1998-10-09,-0.017233537162764597,0.0008717696208738339,0.059967788150306026,0.0,0.0012707149788821486,276.1590931491888,-0.0013283171643645078,0.0
1998-10-10,-0.014326434898174418,0.000866529463374682,0.04903479394715161,0.0,0.0014171498054164951,275.98669083015164,-0.001079211721859746,4.797702455251231e-05
1998-10-11,-0.008536232393340202,0.0008634406294526353,0.07579646855873352,0.006079081130229822,0.0002830973852657329,271.337713306233,-0.0010839175685482512,0.00817898656688841
1998-10-12,-0.01203681907411349,0.0008628572111075881,0.07668521399776367,0.0,0.0021188483484047282,274.3096715959452,-0.0010442091099454858,1.7285346416429093e-06
1998-10-13,-0.013395356466877935,0.0008588005593941038,0.060010317355225995,0.0,0.002277253100932655,276.8751612912913,-0.0011991734358634653,-5.960487214906607e-09
1998-10-14,-0.01585590346889981,0.0008237169960797844,0.04442324880826272,0.0,0.0005713868675763998,275.97747383189517,-0.001062435176918062,1.7307592656834458e-06
1998-10-15,-0.0068261128360942265,0.0008306885506473693,0.04003078654661017,0.0005161500835822801,0.0007655318763296483,273.76114849945475,-0.0007851166113958521,0.0017399175198757587
1998-10-16,-0.003121237170561559,0.0008074787713713566,0.07842316420962807,0.012084101384642434,8.130498693487739e-07,271.82446657601054,-0.0006392100604914004,0.013021617285949364
1998-10-17,-0.006357669577760212,0.0008031645905500077,0.15975118805908664,0.008042014588070455,0.0004579589233896827,269.94547567349593,-0.0006710416663669597,0.008136131218095017
1998-10-18,-0.005573908530049405,0.0007982459445457674,0.16673379384416195,0.0009868693469607898,0.0005082343257753189,269.83316137022894,-0.0005899808227510776,0.0011004512928623803
1998-10-19,-0.007354847792178224,0.0008215927808298231,0.1616560366643126,1.1581485554323358e-05,0.0023047055438750207,270.090115107161,-0.0006613689132750372,1.4120474956102775e-05
1998-10-20,-0.008064797832130714,0.0008059351120964956,0.14358342344927025,1.5906652825026865e-05,0.0016352378757996749,269.67466550133776,-0.0007505566250048789,1.8473095710721853e-05
1998-10-21,-0.010132819666700849,0.0008265084802767652,0.1270480685763889,0.0,0.003178220621104968,271.7135762252377,-0.0007454378393578664,8.52346317969932e-07
1998-10-22,-0.009374877195910547,0.0008345170546386201,0.10332688728519304,0.0,0.0038522044354576176,273.6397984678912,-0.0006688477966071523,0.0
1998-10-23,-0.009616161217797277,0.0007876050000810354,0.07976225944562149,0.0,0.001389742970971738,274.14549588708104,-0.0007550864359416532,4.351138045421976e-07
1998-10-24,-0.009695343504854516,0.0007696228343888192,0.0696743320386064,0.0,0.0006297768888163702,272.8113890574253,-0.0008299364576821274,4.806636266784344e-05
1998-10-25,-0.011278476250373712,0.0007826345788556978,0.0615809093985405,0.0,0.001666576954099418,273.35026734203046,-0.0007228756923291643,4.351138045421976e-07
1998-10-26,-0.011285753615495176,0.0007789441421207063,0.050151357991996236,0.0,0.0016721586386362712,274.72866477176075,-0.000812009576771219,0.0001423924168675204
1998-10-27,-0.00983761015248164,0.0007763706189764422,0.039016062705979286,0.0,0.00179453105744669,275.7029848296315,-0.0006764080943697591,1.7136334804490616e-06
1998-10-28,-0.0022489899969370354,0.0010359947290797691,0.02761915533780603,0.0020149113178926674,0.0012252878944920954,275.8426810801591,-0.0008496769025164137,0.017051985624146327
1998-10-29,-0.005754662351419697,0.000777615328966561,0.06085124617467045,0.005156268339372625,0.0001856661007060843,271.8656258520209,-0.0010297003775666662,0.007211647464730645
1998-10-30,-0.0033980228722432244,0.0007347105923345533,0.0734700061058145,0.0018793553282312084,0.0,269.1118748659468,-0.00027606689955218366,0.0019208197876558468
1998-10-31,-0.0058094223087790334,0.0007602910874253613,0.07931627751294727,0.00016984455076988136,0.0014331017299897253,270.2863909547163,-0.0002720205186955673,0.00018502140449265303
1998-11-01,-0.009242248610924868,0.0007554828110387771,0.06856696349752826,0.0,0.0012902190203720567,270.7901848687066,-0.0003494072158289495,4.351138045421976e-07
1998-11-02,-0.003005632067804283,0.0007318982296744309,0.06159769119291432,0.001472875602164511,0.00017517867187658948,270.2951826142277,-0.0001877988925424673,0.0015086539384108076
1998-11-03,-0.0020099247326958655,0.0007273615416833911,0.0849809377206921,0.005766512394624915,0.0,269.00635303705656,-0.0002734593015774495,0.005977396742772248
1998-11-04,-0.002976799541610783,0.0007249558039304228,0.1236530885858051,0.003573308756711793,0.0,265.9566599420235,-0.0003074419784680598,0.0035791575653714622
1998-11-05,-0.004899376445570909,0.0007426669705385543,0.12731243930967515,0.00036452810600989284,0.0010376006028072983,264.43498631206165,-0.0003741605596690528,0.00036668078710803883
1998-11-06,-0.002702225946773917,0.0007218636867016723,0.12248893780896893,0.0012339817959878404,0.0,263.9492460707038,-0.00032555091978803195,0.0012385146765035962
1998-11-07,-0.0022279867681406313,0.0007203450310701705,0.17666608734992936,0.008070876811352155,0.0,264.13306345463695,-0.00026882878678329925,0.008076659147919963
1998-11-08,-0.003901332953555436,0.0007252761368024147,0.18825449108403955,0.00015863809881910766,0.00034941257224918083,262.7782338388447,-0.0003196497337292817,0.0001619355642116721
1998-11-09,-0.0024396460608573957,0.00071743012821607,0.18357053135298965,0.001361094246813133,0.0,261.0159460344333,-0.0002649788781579605,0.001387813341296217
1998-11-10,-0.002411281784712258,0.0007159479257077147,0.18947289533309794,0.001221681887147117,0.0,257.636500137674,-0.000245178407742142,0.0012262592447516416
1998-11-11,-0.0037329278170725724,0.0007144806243605535,0.19040003200035313,2.9543446282208976e-07,0.0,260.63558568433626,-0.00027034148615969107,1.1595291484141434e-06
1998-11-12,-0.0053453568769040085,0.0007201118321068544,0.1868636711393597,0.0,0.0003918060180494341,262.0218653669914,-0.00037887569327475665,0.0
1998-11-13,-0.006847149781924858,0.0007220197700511266,0.1796210624852872,2.639820683473921e-06,0.0005728380786160292,269.2304798384844,-0.00044488197055745266,4.915648832213193e-06
1998-11-14,-0.006782377044023094,0.0007166029874887844,0.17396881620762714,0.0010046000029407653,0.00035983187246457337,271.8015483705338,-0.0004884585222534541,0.0010130723989939822
1998-11-15,-0.007731110025933908,0.0007194721766110868,0.1693338225341337,2.7135688032807606e-07,0.0005996695556546335,272.7483206387967,-0.000545387677216934,2.9779633558650013e-06
1998-11-16,-0.005538907259871058,0.0007103232003874698,0.16026291784369118,7.662059223584536e-06,0.00018268829937708584,269.2539932265345,-0.0004605557980005351,8.22092843465191e-06
1998-11-17,-0.00416976781719822,0.0007107619006754989,0.15551022172198684,0.00011205490110284192,0.0002902997078868629,268.3964445577503,-0.0003321311925932513,0.00012157201135097614
1998-11-18,-0.003666002829532839,0.0007038733548363723,0.1678266794668079,0.0031206348942498033,0.0,267.36369180050724,-0.000286183335770995,0.003202845585525534
1998-11-19,-0.0029089236158435627,0.0007022889488834445,0.17627734742820153,0.0005446056609099869,1.2352389130888686e-07,262.46390597743954,-0.0002968834534203266,0.0005494849998285002
1998-11-20,-0.004983880846513867,0.000707187558298057,0.1767578125,6.840643236192606e-06,0.00035389948446871874,263.50492057872134,-0.0003457960835789557,7.478867546986726e-06
1998-11-21,-0.0075881689113412205,0.0007051705977337509,0.16926669535663844,2.062590108752924e-09,0.00033175667463722873,268.48713007350426,-0.0005254907123113083,1.2934206843340235e-06
1998-11-22,-0.007157741924800442,0.0007072124777540649,0.16246868930967517,0.002694464735897248,0.0005233838817494063,271.3770711040317,-0.0004834694693149147,0.002803344342668178
1998-11-23,-0.007110870069703139,0.0006972055482325581,0.1789594459892891,0.000958152410000731,7.540465327305982e-05,266.56884583510924,-0.0005507417349407902,0.001000309983889262
1998-11-24,-0.01170413095062062,0.0006941641117893371,0.17745184314677498,0.002235863631391256,0.0,271.20930969468174,-0.000767284172908061,0.002380595789790827
1998-11-25,-0.006907661124474586,0.0006947396165233549,0.18214591793196802,9.318276987237446e-07,0.0001241426052009992,267.18939756763416,-0.0005484328389504536,3.932397867893961e-06
1998-11-26,-0.007686072023911666,0.0007163168346814518,0.17462330618820623,0.0,0.0014045076118519078,272.39702378109575,-0.00041585015711811306,0.0
1998-11-27,-0.0076012985181000275,0.0007143886075854975,0.16017648010828625,0.0,0.0013850252591283982,272.82204736468935,-0.0004665261808004083,1.293420723413874e-06
1998-11-28,-0.008093988743879028,0.0006927175205306145,0.14838163731461865,0.0,0.00028798756542178873,272.08331170234754,-0.0006446238754496062,1.2814997489840607e-06
1998-11-29,-0.006189177770399105,0.0006912091357559808,0.14364434366172316,0.0021268250999477625,0.0002969077204243612,270.3717254918848,-0.0004843035134050133,0.0021842658090542376
1998-11-30,-0.004708141088485718,0.0006897563988206079,0.15211501184380888,2.371907065817192e-05,0.0003149046189030685,268.14348356602557,-0.00034055469483979005,2.464119988306749e-05
1998-12-01,-0.007338623290008071,0.0006882629152071678,0.1463908107491761,0.0,0.00032786891327402686,271.9815384528956,-0.0004846138911227049,8.710360122939288e-06
1998-12-02,-0.006734383013625604,0.0006833945290517,0.14077626603695856,4.309051706966034e-05,0.0001638499272745208,270.16954701094977,-0.00046638769260739214,6.015171101713921e-05
1998-12-03,-0.00586562788924255,0.0006853874962208635,0.13601690317502357,1.0803341865539551e-07,0.0003640939202685814,270.74577799220543,-0.0003761123171297171,1.1920928955078125e-07
1998-12-04,-0.0030809724650814035,0.0006795787373505071,0.13107523945091806,0.0008728655718140683,0.00014947633664150024,268.67712198318515,-0.00025423282578503347,0.0008738589825603249
1998-12-05,-0.0023211080391528248,0.0006749747836657164,0.17528630200976933,0.005144450224220417,0.0,262.07342289710897,-0.0002684679492718756,0.005149706574974707
1998-12-06,-0.003730261435279739,0.0006787060512661262,0.18442778219161962,1.066822116657839e-06,0.00028761040608761676,257.6894743680505,-0.0003355368656122079,1.9300622892647256e-06
1998-12-07,-0.0034541757514247786,0.0006725880722541594,0.17982704176965633,2.1833989579798817e-06,6.005561536988296e-05,257.34928315013593,-0.0002843378437946072,3.900517625658779e-06
1998-12-08,-0.0034448120974551488,0.0006695942016644667,0.17668884622175143,3.812220052810712e-05,0.0,262.20335809524454,-0.0002698692161653001,4.085228257804246e-05
1998-12-09,-0.0032999000306856837,0.0006677840894224954,0.17907163113524013,0.0006617872560091612,0.0,260.89851847431305,-0.0002551587603691608,0.0006651064268110424
1998-12-10,-0.00488977912960753,0.0006773902871514444,0.17976152380532015,3.7459582932251325e-06,0.0005576089024543762,261.1784233193838,-0.00026746625659492733,4.04419198548053e-06
1998-12-11,-0.005625715868621223,0.000674916273456509,0.1724166151718456,2.7301958051778505e-07,0.0005267296870381146,266.2896465904969,-0.0002833984497576784,6.932322807095539e-07
1998-12-12,-0.0039967215583149324,0.0006641442492856818,0.16674643766184089,0.0002409745491830643,9.406969414255714e-05,267.1000407949904,-0.0002854136318641868,0.0002443672067920231
1998-12-13,-0.005315288354111256,0.0006759990069825772,0.16313812198387478,0.0,0.0007561105119306489,268.8994178053574,-0.0002476961094107332,4.344235656052556e-07
1998-12-14,-0.006225788281799037,0.0006704561117678713,0.1534315780955744,0.0,0.0005903776082615394,271.5789142579907,-0.00036099444190829496,4.261732051702438e-07
1998-12-15,-0.004781687411211305,0.0006620734930038452,0.146687365745645,0.0,0.00026929969925664914,266.33028218615976,-0.00022550880656404014,0.0
1998-12-16,-0.003280393863465153,0.0006546278794606528,0.15005889720162432,0.00209265155980816,0.0,267.2188166386664,-0.00022828933588192287,0.0020994856363172583
1998-12-17,-0.005001462785537634,0.0006612317036774199,0.15677506326506593,1.0458173724891103e-05,0.0004143508645774281,270.14369931194074,-0.0002690652690533191,1.0889162349215796e-05
1998-12-18,-0.0037427681398257023,0.0006507997964061587,0.18063072879884653,0.005597057989088157,0.0,261.38600524356366,-0.00033682835219943596,0.005624992732845511
1998-12-19,-0.0007716591159502666,0.0006488228248337567,0.21514352342278723,0.0005345810099510151,0.0,248.06404131011104,-0.0001292592703790988,0.0005399304762617208
1998-12-20,-0.0007659278515368532,0.000646877255143419,0.21330212379354996,0.000273737909093415,0.0,246.32912235295933,-0.00013713066145188392,0.0002776798696336403
1998-12-21,-0.0010337934824032973,0.0006448970844516647,0.20844390926612524,1.3203439065965555e-05,0.0,244.98028672212936,-0.00011571685094281105,1.4736019183067067e-05
1998-12-22,-0.0011858989374112275,0.0006429416648412156,0.20527031102871943,0.00015855536369954127,0.0,248.2154897413236,-0.00012022741454637657,0.00016279625178976912
1998-12-23,-0.0013231387582875918,0.0006409681449502202,0.20565192443502822,1.8069131226189396e-05,0.0,248.04474574159096,-0.00014039724644294567,1.908187531360115e-05
1998-12-24,-0.002077389150689551,0.0006389762722166244,0.20445512961982112,6.938498404066442e-05,0.0,252.0425260942535,-0.00017263115210048227,7.097535760453994e-05
1998-12-25,-0.0033482129627701927,0.0006369729500032414,0.20628549464453863,0.0009414475348036169,0.0,260.6529199955827,-0.00026293892918501875,0.000945639593350739
1998-12-26,-0.005545659211732574,0.0006349414250271469,0.20968530227459983,0.0005070414751936487,0.0,264.3690321611595,-0.00038206501006238203,0.0005111922819385958
1998-12-27,-0.004375490470457885,0.0006373564233887668,0.20736573644950568,0.00020340215519996685,0.0001817312365197866,261.3059953736271,-0.00040208771403899983,0.00020750809855083952
1998-12-28,-0.005816553019534397,0.0006308435215114874,0.20746090991348873,0.0019625292533198323,0.0,265.9977868757231,-0.00041198261124266073,0.0020468259897270893
1998-12-29,-0.003409278384373014,0.0006287688926114875,0.22687192870174203,0.0030653194897929154,0.0,266.8166908903535,-0.0002721118093547174,0.003109441251302223
1998-12-30,-0.00490566709284055,0.0006266876129107288,0.2556625912193974,0.007611599850789303,0.0,268.601797574433,-0.00036444908565720597,0.007751612794498993
1998-12-31,-0.0036851537261305555,0.0006363003772530853,0.2785053720133004,3.7479956271284724e-05,0.000483596181802157,265.0878808368173,-0.00020172624811951053,3.904570620482903e-05
1999-01-01,-0.002534148341181588,0.0006224720996651946,0.28439279329978817,0.0036277013309931353,0.0,265.4323250829837,-0.00023791577014545937,0.0036367311777013196
1999-01-02,-0.0011963844720253164,0.0006203228386781984,0.30414726415371945,0.0007280070482000794,0.0,255.42919737605726,-0.00012895153403955664,0.0007341587778188953
1999-01-03,-0.0007409737524339708,0.0006181860795128817,0.30922203279484467,0.0019687359868469888,0.0,253.55910316294873,-5.615882491324581e-05,0.0019773504490556556
1999-01-04,-0.0018910573700727047,0.0006160177921844741,0.344084946224694,0.004132495677403812,0.0,261.5909046704711,-0.00013379113338256288,0.004137251084133731
1999-01-05,-0.0024794835576229853,0.0006138636062374223,0.38735760762417604,0.011252575022520993,0.0,267.0505849870585,-0.00019733996083170683,0.011258552353827087
1999-01-06,-0.00141211872720449,0.0006116745667269001,0.4402317542814265,0.006311319494819911,0.0,266.2168115662541,-0.00013670391050604104,0.006319337392930931
1999-01-07,-0.001827904649373502,0.0006094674269358318,0.4658775545109463,0.0034545115116289106,0.0,265.9871391648402,-0.00010643858399431584,0.003457247486793443
1999-01-08,-0.0015565638067358632,0.0006072733361842269,0.5043425766537194,0.005103380519286388,0.0,261.0864492657046,-0.0001872590095815012,0.005110689122033631
1999-01-09,-0.00243619673669675,0.0006050826971140286,0.5198586099340866,0.001703520657989265,0.0,262.4614993021762,-0.00013213338972316627,0.0017100306047881928
1999-01-10,-0.0030853642666407227,0.0006028670544004711,0.5244673964218456,0.0012011748796465708,0.0,264.47643678022195,-0.00014346554917467517,0.001205052292703907
1999-01-11,-0.0065291924244266445,0.0006005173012361689,0.5128454290989879,0.0003739893015495128,0.0,268.96519574382665,-0.00035119375561253497,0.0003762651296982521
1999-01-12,-0.0043943542040000535,0.0005981954982725241,0.4970360592484699,0.0009565693720922631,0.0,267.8014504491946,-0.0003466957832797099,0.0009596334338861671
1999-01-13,-0.002922598840826649,0.0005958156902237801,0.4944291339306733,0.0014242516609571747,0.0,264.11608597563264,-0.0002195761186507462,0.0014313510244499355
1999-01-14,-0.004475587884248313,0.00059345078333623,0.4927640580861582,6.244765163141455e-05,0.0,265.3213794550204,-0.00023950508527331433,6.623852381975626e-05
1999-01-15,-0.004486382133879904,0.0005910494233255332,0.48248555386358294,0.003329620943904596,0.0,269.2046705163356,-0.00031800222935649637,0.0033323195694530076
1999-01-16,-0.003934965674149788,0.000588636361272995,0.4927286553966573,0.0003901718573718421,0.0,264.35799009247694,-0.0002925291994197221,0.00039682325996792233
1999-01-17,-0.0030876806395202035,0.0005862499024234923,0.5087598667755415,0.0031708045362752713,0.0,261.2023672437938,-0.00031017313716606904,0.003221883275414591
1999-01-18,-0.0027710887587676617,0.0005838102371679188,0.5123454235816856,0.0001505074422743361,0.0,263.7997997772447,-7.518077805890876e-05,0.00015443688055173145
1999-01-19,-0.0038865491074357335,0.0005814022263564633,0.5024703720868644,7.633500769313447e-05,0.0,264.6457129548499,-0.00022017971565157685,7.805660946091668e-05
1999-01-20,-0.003302772376833663,0.0005789609615412136,0.49434430540842755,0.00021811951435891924,0.0,265.018696862201,-0.0001317262228599376,0.0002222924859284384
1999-01-21,-0.002445724766469945,0.0005765494990483516,0.4863991602665961,0.0005874383331692153,0.0,262.7722025689881,-0.00010096741114127436,0.0005899843185285254
1999-01-22,-0.003077985329479821,0.0005741247349539719,0.48760905867467047,0.0007818260856267424,0.0,261.7615066212225,-0.00015959980250415155,0.0007883413580216746
1999-01-23,-0.0013208710877908824,0.0005716949196185096,0.49639605218632304,0.003051606738297953,0.0,262.4900887555771,-0.00011850323128161459,0.0030542378034968836
1999-01-24,-0.002389278031338406,0.0005692917074860826,0.5708053790018832,0.004324728065291368,0.0,259.6267606803478,-0.00020983404779838306,0.004330962613804424
1999-01-25,-0.00502572322295884,0.0005668767933118141,0.5775751088747647,1.0043551019356076e-07,0.0,260.0025604089999,-0.00015540536766671866,3.1118288458373115e-06
1999-01-26,-0.004543993811486131,0.0005644171756539641,0.5665825737847222,2.645250767637781e-06,0.0,265.937307465548,-0.00014127502586208497,4.92833415279874e-06
1999-01-27,-0.0025704910526167875,0.0005620105118401308,0.5551888848428672,0.00034995448622999895,0.0,262.24848537480995,-0.00013672332095224308,0.0003546113974632629
1999-01-28,-0.004074546913642668,0.0005595607441023919,0.5481876581626648,2.2248612285333843e-06,0.0,260.72598741822327,-0.00013284479388914539,2.6525244524786577e-06
1999-01-29,-0.004803178463615267,0.0005570811740422654,0.5393133073652308,0.0,0.0,263.5737606019848,-0.0001423978378291184,2.1517275854421314e-06
1999-01-30,-0.006397876151874242,0.0005546378045432313,0.5292051498499294,0.0,0.0,266.67359539254693,-0.0002288228311276032,2.992336703755427e-06
1999-01-31,-0.006129951800330211,0.0005521497315606155,0.5176641029602166,0.0,0.0,267.52335857312335,-0.00030157648784629376,1.7412432384844578e-06
1999-02-01,-0.004184210367795438,0.0005496683093787586,0.5158431633268598,0.0026394227930044726,0.0,265.0535820819115,-0.0002896553115908709,0.00264276722384372
1999-02-02,-0.005026733344894344,0.0005471818359558192,0.5283164044108993,0.00041335793790844204,0.0,262.9427144900105,-0.00034745305376706156,0.00041882069088305436
1999-02-03,-0.00850228460158332,0.0005447185140545086,0.526657995306615,0.0011161128427349242,0.0,263.4235408517152,-0.0005639617010361731,0.0011397697493846267
1999-02-04,-0.006448725690949435,0.0005422120882292926,0.5213804658074389,3.4327392524245095e-08,0.0,265.1325649290211,-0.0003144334643910834,1.7510598624827602e-06
1999-02-05,-0.003955546071973897,0.0005397139127645116,0.5129022113347459,0.000761171245137177,0.0,266.1923617634172,-0.00028829656457160155,0.0007647179108660099
1999-02-06,-0.004545579648624033,0.000537243940062442,0.5098736721692562,4.3383741614508764e-05,0.0,265.0751234798109,-0.00020472921620486148,4.43860339397479e-05
1999-02-07,-0.00615386626983093,0.00053473591467755,0.5010436896774954,0.0016401057778778724,0.0,267.8838035310505,-0.00035189721459722795,0.0017132709298902369
1999-02-08,-0.010053898149964501,0.0005322427904538516,0.5101796525570857,0.002069857413485899,0.0,266.31648187942653,-0.0007275888896257865,0.0023395841573713595
1999-02-09,-0.006136965869510241,0.000529723063027118,0.5057051204243174,9.79779130321438e-05,0.0,265.79058109434317,-0.00024769629883227375,0.00010908222376936382
1999-02-10,-0.005601735943454807,0.0005272679914862423,0.5275163955832157,0.01000092532170021,0.0,267.5224272050876,-0.0005220661708022241,0.010415237923126437
1999-02-11,-0.0041979847233847714,0.0005247349624579909,0.5863581942973164,0.0006723677960492798,0.0,255.59735008642048,-0.0003290440213713942,0.000676996913231079
1999-02-12,-0.006034710102498868,0.0005222830900364678,0.5834036789371468,0.0,0.0,261.1217656144539,-0.00013870372315921356,8.656485804127791e-07
1999-02-13,-0.009599308383330115,0.0005197865141313629,0.573774377280485,0.0,0.0,269.14968819627205,-0.0003696267445713787,4.261732051702438e-07
1999-02-14,-0.00883796508029356,0.0005173428920702747,0.5595484731785546,2.6329804611744856e-06,0.0,269.3009114454022,-0.0004958921075288186,2.8678421246803413e-06
1999-02-15,-0.005591489332543929,0.0005148793176069098,0.5631581681820857,0.0033613310569086995,0.0,264.62623825360606,-0.0004451017837318997,0.0033704922192514288
1999-02-16,-0.0041748629619846244,0.0005124356955458216,0.5743300155955745,0.0006042118421045401,0.0,261.7927893730207,-0.00019556342881951627,0.0006083922196566586
1999-02-17,-0.00271424983685973,0.0005099803714428918,0.582576313485758,0.003394108623434595,0.0,263.58709532168405,-9.023238204966832e-05,0.0033995476993997167
1999-02-18,-0.006523833731136754,0.0005075332977003971,0.6136187249882298,0.0021399179799745315,0.0,261.7661978008608,-0.00042127507954499145,0.00214403945707838
1999-02-19,-0.004145808475839216,0.000505107775919855,0.6241438985993408,0.00397751819195047,0.0,264.071815853514,-0.00024060173075919774,0.003981784061077718
1999-02-20,-0.004996089443648603,0.0005027003544198592,0.653450888653484,0.0020431702756612317,0.0,262.46054674137787,-0.0003569865294095487,0.002078890665730837
1999-02-21,-0.003954531109265688,0.0005002963846012698,0.6509694819620998,0.0006360959493171025,0.0,261.3799442032636,-0.0002254541163559014,0.0006385159357792914
1999-02-22,-0.007521007188969414,0.0004978839118601913,0.6578077183380415,0.0022170299527335302,0.0,263.3655661207584,-0.00044248361498285823,0.0022256933499356256
1999-02-23,-0.00731275205389928,0.0004954682399997603,0.6546853850341339,4.341432266989671e-05,0.0,264.6655068550182,-0.0003491799205036487,4.8272522042161095e-05
1999-02-24,-0.008374143539175476,0.0004931004707422634,0.639468205626177,2.450375991352534e-05,0.0,268.2239073737193,-0.00031773426627877075,2.7636114464129385e-05
1999-02-25,-0.010428806819484732,0.0004906879980011849,0.6217303087482347,0.0,0.0,271.3026535695107,-0.00047405871252218884,1.2852029840360046e-06
1999-02-26,-0.007156613309167874,0.0004883218283033642,0.6118653723075564,0.002487747808970974,0.0,266.52460189503245,-0.0006323918479226404,0.002501125110702342
1999-02-27,-0.00896636834420727,0.000485954059045867,0.6155359875235406,1.0041130633003969e-05,0.0,263.2246554890146,-0.0005144233115564632,1.2378234042395277e-05
1999-02-28,-0.008460056184038604,0.000483617691670434,0.6051117345662665,6.747237369839082e-05,0.0,269.06495657164726,-0.00028164103353596004,7.102353296692603e-05
1999-03-01,-0.0076735055042525474,0.00048128132429500086,0.594130234080744,0.0023270933388990197,0.0,269.14965400049243,-0.0004557658797182606,0.0025680467233137358
1999-03-02,-0.007391394363284786,0.0004789399056784851,0.6279400324417374,0.0037639846993704974,0.0,262.4175232458025,-0.0005822432843052735,0.0038268772053917217
1999-03-03,-0.00933326566118305,0.00047663494018511583,0.6225339957774247,0.0002957395367366446,0.0,265.00027379971664,-0.00034038177402006035,0.0004164467086331319
1999-03-04,-0.007606291501535534,0.00047427356916632355,0.6193049946298258,0.0010367151833860213,0.0,264.37491591142845,-0.0005352139620289292,0.0011677220715405306
1999-03-05,-0.0033904077474680326,0.0004719635524318717,0.6615109775923964,0.009108859330078977,0.0,261.39038782065876,-0.00032317566837968134,0.009119719889832406
1999-03-06,-0.007177301761457477,0.00046968998882056636,0.7334520013094398,0.00021393917037942315,0.0,258.8144295722976,-0.0002688453032892976,0.00021460106816845087
1999-03-07,-0.007089099178543199,0.0004674047231674195,0.7220911862935501,0.0001903873799884387,0.0,263.5586615596563,-0.00020892797090576196,0.0001938449460453097
1999-03-08,-0.00648265773967161,0.0004651245087553553,0.7145775401659606,0.0008860396926349166,0.0,263.7290329654787,-0.0003704838770425926,0.0008944530102143044
1999-03-09,-0.007746267621800052,0.00046286079506416104,0.7023468304937619,0.00022443295535394702,0.0,264.1443209423633,-0.0003120317360607244,0.00023789850321737365
1999-03-10,-0.005698966693743474,0.0004606151816535131,0.7183120641331214,0.005732937300272581,0.0,265.5756340924854,-0.00033147400508155936,0.0057699188000688555
1999-03-11,-0.0068312660280594045,0.0004583812702847066,0.7373867573711158,0.00028520410007002665,0.0,263.8975885215228,-0.00031711825690532137,0.0002877494696188884
1999-03-12,-0.007821689722901683,0.00045617210999720516,0.7300675961481874,0.0009107976352090891,0.0,265.3582385363103,-0.00026553066836743707,0.0009120707032102885
1999-03-13,-0.0113302053788961,0.0004539464489888338,0.7153039849635122,3.768773065448481e-06,0.0,267.5677488402458,-0.00032463598217667835,4.6368203812937675e-06
1999-03-14,-0.013300441752719341,0.00045173888826100845,0.6965846979460922,0.0,0.0,270.87680780371255,-0.00046430355053668645,4.410743663640915e-07
1999-03-15,-0.013003819195900932,0.00044956112985557086,0.6721851183645245,0.0,0.0,273.2275598493673,-0.0007423971711242267,8.52346317969932e-07
1999-03-16,-0.01845328977047387,0.0004474182250136036,0.6494579710304851,0.0003100187849190276,0.0,272.35595429774287,-0.0012804721455789555,0.0008147331954395704
1999-03-17,-0.013382414050694912,0.0004451989622439369,0.6447190681644304,0.0013503902881158948,0.0,265.13442130007985,-0.000866088616309193,0.0013635065426584555
1999-03-18,-0.014091370090589686,0.00044303930411904543,0.6349263164283192,0.0,0.0,268.7319948228739,-0.0004571275627714092,8.612870487922919e-07
1999-03-19,-0.014327816328423173,0.00044088629679491295,0.6214969728401603,0.0,0.0,271.96576661578683,-0.0005561598276687881,4.351138045421976e-07
1999-03-20,-0.01485543938006385,0.00043872503911034533,0.6033857385092986,0.0,0.0,272.1975369103211,-0.000651032563909299,2.128441053628194e-06
1999-03-21,-0.011184469075862971,0.00044068862489387813,0.585031742879002,0.00038361191581198057,0.0,272.64680781247705,-0.0005782733034700324,0.001282408376827871
1999-03-22,-0.009673064374654308,0.00043671843359025864,0.5933945937794257,0.0034374925965643204,0.0,271.79662306834075,-0.0005653269988837215,0.005097806486652179
1999-03-23,-0.013447235112136368,0.00043238337430576823,0.5871439500941621,8.008652235155053e-05,0.0,271.0911080347841,-0.0006362019359307775,0.00011384094828810374
1999-03-24,-0.017375654335749353,0.0004302849203853285,0.5747647330361347,5.169884212272989e-05,0.0,271.9838482916019,-0.0006453376684316808,9.938715242252602e-05
1999-03-25,-0.01802094781634498,0.00043282594721196063,0.5605944617319916,0.0,0.00021689637737759088,273.8836066215501,-0.000916377620213786,4.351138613856165e-07
1999-03-26,-0.021967329800465688,0.00045384079386285474,0.5406832075388418,1.1874625911820407e-07,0.0009900295086162914,274.6065955045309,-0.0014333730658232157,0.0005070093147159278
1999-03-27,-0.009279468428280395,0.0004263434369685286,0.5348072806320622,0.004055307346717113,0.0,268.38489030309995,-0.0010033979811995045,0.0043632872528494284
1999-03-28,-0.009832120674141383,0.00042205821659605387,0.5908849109139594,0.0038980274108675246,0.0,262.10558105368176,-0.0007854893561557863,0.003931619444550009
1999-03-29,-0.015854998412778824,0.0004200374676009357,0.5894147797492938,2.1225125607797656e-05,0.0,264.95609590562725,-0.0007653815808606014,2.2090373637366215e-05
1999-03-30,-0.02041645945802247,0.00041803667100809386,0.5804190483021422,2.3697055665786662e-06,0.0,271.1833951235267,-0.0011469053977963615,0.00016023468778049563
1999-03-31,-0.006479803704272556,0.00041602417237341066,0.5848413959510358,0.006732160846392315,0.0,267.821841353077,-0.00070101471017983,0.006830004817348416
1999-04-01,-0.0040435118779624255,0.00041400342337829247,0.7532545186705508,0.01890359816830711,0.0,263.7493716597333,-0.0004124117141726327,0.018908113662132436
1999-04-02,-0.0039216762797980665,0.000412085382951855,0.8646789665725048,0.006027673723670722,0.0,262.1288199451684,-0.0002861551751019591,0.00603009219503549
1999-04-03,-0.0035301853118643255,0.0004101058857589119,0.9174034564059558,0.005977534641653805,0.0,261.9138974981793,-0.00026872608873803743,0.005982358068641746
1999-04-04,-0.007736211947802097,0.00040815139220932783,0.9548627203242703,0.001443360042942446,0.0,262.52857581460097,-0.00035006401923585073,0.0014474927359715674
1999-04-05,-0.011508875563319794,0.0004062133993806138,0.936293320018244,0.0,0.0,263.81323024871887,-0.000438496275768105,8.553266184208042e-07
1999-04-06,-0.012382827909652797,0.0004042919072727699,0.9105093573446328,8.919018473328844e-07,0.0,266.0595493137051,-0.00042696391879501987,8.748143315288117e-06
1999-04-07,-0.015301718129276555,0.00040236376436416716,0.885198503339807,0.0003673366697157844,0.0,269.5770711521644,-0.0006290719881232849,0.0003930081417655404
1999-04-08,-0.013769882883729235,0.00040053673046456893,0.8559145020450801,0.00149672417401594,0.0,271.5028424918539,-0.0006765110765473318,0.0023862791430802536
1999-04-09,-0.012985637800841682,0.00039862348871716,0.8370138337158664,0.0012750591724942633,0.0,269.62347051114017,-0.0008631136299947562,0.001799583367703739
1999-04-10,-0.0078045949760803405,0.0003966902945674745,0.9102836077271659,0.017580009323392213,0.0,267.05303501768526,-0.0006104761176863634,0.017629565163544914
1999-04-11,-0.011870945830129636,0.000394820156743971,0.9463237755267185,9.789726154952399e-06,0.0,265.1943075679341,-0.0004944374921631679,1.1783366709240174e-05
1999-04-12,-0.01660460237897722,0.00039296811920101364,0.9224248911252355,0.0,0.0,268.2426910148951,-0.0006029445909510898,8.649423648421362e-07
1999-04-13,-0.015605854028362337,0.0003911360340603328,0.8974673743526366,5.723456036573077e-06,0.0,270.3440954563981,-0.0006346882947083921,5.3310798329552574e-05
1999-04-14,-0.0063537977593766766,0.000389328700000957,0.9370259717808381,0.012575081786361793,0.0,267.0095744195856,-0.0005878749392968787,0.012728749274534023
1999-04-15,-0.006793081592031791,0.00038748996405951725,0.9922557766154663,0.004602145361529905,0.0,261.0322400540282,-0.0005700500671472926,0.004631399501983836
1999-04-16,-0.0066501168207933675,0.00038569913072101147,1.02922560984581,0.004106596996218471,0.0,261.5724987920844,-0.0003763474944957906,0.004114210268871933
1999-04-17,-0.013111790905227771,0.00038392479810337566,1.0365774151071094,4.7152430492605876e-05,0.0,265.66468270799317,-0.00031538045107476454,4.7136666411060406e-05
1999-04-18,-0.017407042916211708,0.00038214406724703515,1.0057973053495763,0.0,0.0,272.7661191649356,-0.0006062702859862376,0.00033958500387978424
1999-04-19,-0.017211688735054038,0.00040011722489265405,0.9640727070091808,0.0,0.00044594094746530394,274.34214733504535,-0.0007851663450736784,0.002011141618766354
1999-04-20,-0.00868567087724384,0.0004249572922280953,0.9397080703419257,0.005953812919094065,0.0014861403190988606,273.523315717047,-0.00046307613578556626,0.008985366053398102
1999-04-21,-0.008167224541559059,0.0003863366815329945,0.9788085017949625,0.012594560782114666,1.0594662468312152e-06,271.32457973458673,-0.0008223569073246024,0.013528034242498915
1999-04-22,-0.005112771471004702,0.00037512974550495045,1.0270189188294492,0.011434158868035357,0.0,268.061963589627,-0.0006368777867259279,0.011499599228469591
1999-04-23,-0.00793451096041728,0.0003734299186932839,1.1086529230667375,0.00717267305669138,0.0,267.34141418399565,-0.0004779685046629044,0.00735894241238718
1999-04-24,-0.012048898485757539,0.00037169709043987726,1.096578766846163,0.0006320374980989823,0.0,270.28759774964186,-0.0002247894677401936,0.0007355713238150387
1999-04-25,-0.006415719197968305,0.0003702029333276264,1.061763210260711,0.005033714496819987,0.0,272.4162789109512,-0.0001706735120486405,0.006302476546776327
1999-04-26,-0.004168820120183762,0.0004819719131383519,1.0873211934292608,0.010342470607009985,0.0016118431790063611,273.08234931026254,-0.0002368505633736061,0.013797911260579212
1999-04-27,-0.014063103429678469,0.00043692149348178153,1.0842763322445856,0.0018294440571871183,0.0022062508778720254,274.041116470222,-0.0006029854428633458,0.003694863255312268
1999-04-28,-0.018334060654801837,0.0007076269320848972,1.0350350992378767,0.0,0.0034175736798068225,275.2978941132569,-0.0008557910036485076,0.0008901678404565586
1999-04-29,-0.007279650429211095,0.0018499657764273175,0.9745620181556028,0.0005365095737963748,0.009374795597320225,275.7839613697174,1.0761484966776463e-05,0.005819963482768172
1999-04-30,-0.010788003729898379,0.001437171872726268,0.9272890827301085,4.676518972310643e-05,0.009981894876155478,275.7714898204624,-0.00022620747213141393,0.0012520059042511653
1999-05-01,-0.017411834860252124,0.0010776241115257566,0.8747496524099576,5.519463770133628e-05,0.007029693363244925,275.99531450289567,-0.0007450554025291051,0.0006645837241237419
1999-05-02,-0.018193424168953115,0.00046956555991523014,0.8329912605932205,0.0,0.001717217140278574,274.73669806083495,-0.000939524879857982,0.0001020197982728279
1999-05-03,-0.009737663854986934,0.0003676870785190561,0.8093505399599812,0.004756680589779623,0.00021844369880223677,272.90683943538346,-0.0007950060469450924,0.005776993982277035
1999-05-04,-0.005173179178924884,0.0003594374757702068,0.8833575634857579,0.015241339318664735,0.0,270.5820407184953,-0.0006837084584232777,0.015515079091522827
1999-05-05,-0.013830852710594565,0.0003595506235704584,0.9511898062323447,0.0033812101109553195,0.0,266.811188128484,-0.0010264409011450865,0.0033943628692357556
1999-05-06,-0.01597626187370322,0.00035979973394318493,0.9520160222457626,0.0005648812584284336,0.0,267.23070573896564,-0.0008872427825031982,0.0005689748598681195
1999-05-07,-0.019034672002334378,0.00036013345260404593,0.9381294322328155,0.0,0.0,272.28286596969923,-0.00046823810428212596,1.7144674302471685e-06
1999-05-08,-0.012103049179254952,0.00037549452929846983,0.9165255156838514,0.0028202990227836674,0.0,273.5965128286186,-0.0006038281161569606,0.00465690197238518
1999-05-09,-0.005030182500680288,0.00044714781524097857,0.9778206748028485,0.014819927345224694,0.0010562872903495185,273.1964945424973,-0.0002734258371052769,0.01791666325192538
1999-05-10,-0.006516746292679997,0.00036385453353493904,1.0690653598016713,0.016043828074204722,-2.062590108752924e-09,268.9783104610982,-0.0009386324991950882,0.01637938952982518
1999-05-11,-0.009253830264853893,0.0003620731291797875,1.1402875250117703,0.0053270714262784544,0.0,266.27926136455073,-0.0006663475690756814,0.005434726624736733
1999-05-12,-0.015911653764167075,0.0003627748307535204,1.1409461529690443,0.000198310420001294,0.0,268.8819969414318,-0.0005939159710696862,0.0001997181923699781
1999-05-13,-0.008916793906756041,0.0003638349178820681,1.1248257452036254,0.0037157263206896813,0.0,272.35939113523557,-0.00034189473122021576,0.005612889437347223
1999-05-14,-0.009591950408819706,0.0003645331677743944,1.1228358381885593,0.002148688028929597,0.0,271.3325211512391,-0.0006221599171811579,0.003203351282130527
1999-05-15,-0.007390040041363174,0.0003652396680271559,1.1131913639506827,0.005149031131617768,0.0,269.95849692350055,-0.0005917845420160537,0.00551270714587411
1999-05-16,-0.005209167714172838,0.0003661071344957514,1.1521485754325564,0.009808902665551775,0.0,269.65776983717296,-0.0003455172813797402,0.010507563998842383
1999-05-17,-0.015546739774908726,0.0003667886311051536,1.2082448266095809,0.0024447047630440717,0.0,270.31475043072317,-0.0006809706910181854,0.002532729291262942
1999-05-18,-0.020488874934150674,0.0003741453428052913,1.1778920778895952,-8.31350094854495e-10,0.00022348818384994898,274.63829089737663,-0.0006917840511785389,0.00016819487857279807
1999-05-19,-0.019903385917008933,0.0005484592948256239,1.1288660196710218,0.0,0.0038103137144261164,276.62268362386527,-0.0006809062982178004,0.0008733356233694324
1999-05-20,-0.015053364179902159,0.001164390542412882,1.077599936734934,0.0,0.007392216936848259,275.2793383337908,-0.00042503078778584807,0.0012886806937424265
1999-05-21,-0.017272763459359186,0.0023705869239602387,1.0202873502971987,0.0,0.010534731997440091,277.00130875366557,-0.00045436670172349213,0.002721856660716601
1999-05-22,-0.014995475441722547,0.0020311031132768105,0.9647522547375235,0.00032180974965041644,0.008571815861147003,275.99566773955206,-0.00048400308031820315,0.003403123438592738
1999-05-23,-0.019302318156775782,0.0022817882945982077,0.9175774813147364,0.0,0.009945274956819029,275.9808390881382,-0.0005094274289190433,3.642593063203629e-05
1999-05-24,-0.017095723731369625,0.005600450907723379,0.8560616301053438,0.0,0.016156536458575795,278.16668269773436,-3.841239432830596e-05,0.0021709294978158483
1999-05-25,-0.015852101441830566,0.007362665092877749,0.7917609205802731,0.0,0.01719756714873395,278.0422377649225,5.104019711751722e-05,0.0027166635303174035
1999-05-26,-0.015764313944652254,0.006347723768255806,0.7317669252442325,0.0,0.01448104661063286,278.14854325906924,-0.0002117390076151002,0.0034307343306514506
1999-05-27,-0.014410047628785259,0.00968888073654498,0.6790472630502591,0.0,0.01692934481605972,277.3375138500092,-3.965943525571607e-05,0.008630022170848507
1999-05-28,-0.02312600595802911,0.006413571578634661,0.6227551476430085,0.0,0.015527521423195717,278.84792976954117,-0.0003869390472938112,0.0008857798609042268
1999-05-29,-0.02050203219645441,0.006043571368449153,0.564873129634534,0.0,0.015687756387695758,279.15973920516825,-0.0003888511051565914,0.0006990893244069849
1999-05-30,-0.004196412903440874,0.004199037359932722,0.5228351945032957,0.0021951712962597777,0.009302148458647862,275.5511062104824,0.00018554334502435678,0.009103321146762346
1999-05-31,-0.005122900093342626,0.0036895904837355104,0.541124821607227,0.007042437202512882,0.007602568821044966,274.84329528593076,4.4268466490136704e-05,0.011640826861063642
1999-06-01,-0.018001613433414936,0.003322735512997471,0.5313596563824153,0.0,0.00747667130945766,275.98750041164254,-0.0006433356563839536,0.0002953447191055212
1999-06-02,-0.022247950151815254,0.00715933942188651,0.49229255863053206,0.0,0.011816082322328105,278.04773248791025,-0.0007170516797630802,0.004075094585936002
1999-06-03,-0.024243234030607727,0.004505546163704436,0.44584744843161495,1.6917448259342864e-07,0.010668171369760051,278.20489146704955,-0.0011098950227859331,0.001514931637699914
1999-06-04,-0.025626631106360487,0.0032356785515607416,0.4135489311146422,0.0,0.0075210842414427615,277.874365621592,-0.0012328379845383478,0.00014395105959335596
1999-06-05,-0.007545304079513766,0.006797454535624402,0.38453389830508483,5.5461195902635825e-05,0.007988147121869913,276.8746339507022,-0.000496999365882685,0.009913618719487703
1999-06-06,-0.010694309521866384,0.007676495418036726,0.35982443024658667,0.00020266210628768147,0.011066788039301749,277.1375878364578,-0.0007238272514383673,0.008280144185567362
1999-06-07,-0.01875773404782775,0.005375507356083327,0.3305201988435735,0.0,0.006893985415414228,277.89743416637134,-0.0013483960318279133,0.002264535612305679
1999-06-08,-0.020115369751965262,0.006781408679013873,0.30650085334274957,0.0,0.008501045805754635,279.44873005567075,-0.0014091264351276357,0.004132073915605906
1999-06-09,-0.019968304804152688,0.005853817287811452,0.2868684528013183,0.00013793003087663383,0.0017931576249963148,276.7756978625856,-0.0017373511820273884,0.0019986241776164876
1999-06-10,-0.018786862155811938,0.006002829320686686,0.2795318201212335,1.1558081470640368e-06,0.002334324716679794,276.45545258674696,-0.0013660373913366242,0.0016125969462461327
1999-06-11,-0.02047086671247321,0.006011052572794553,0.26648477960216577,0.0,0.003966918394053723,277.6905944917611,-0.0012911759201163628,0.0007382091161399843
1999-06-12,-0.021621804031948588,0.006093003487182876,0.2527545131532486,0.0,0.0036709508358758725,277.8992609609543,-0.0012940099452343366,0.0007082381490919482
1999-06-13,-0.021186348577003696,0.006706662265594397,0.2389019465042373,0.0,0.005584795785657431,278.2823595524733,-0.0013438532981327024,0.0019837223877341064
1999-06-14,-0.016461260364217276,0.008778971383127117,0.2201948435293079,0.0,0.006070483139174134,279.46727093195517,-0.0010065716970185776,0.005251532874341025
1999-06-15,-0.006483308339523057,0.012163483069441412,0.20234292240466106,0.0,0.007946009247821604,278.1848641878692,-0.0013915848218451787,0.011325827778998557
1999-06-16,-0.014774310639349083,0.01206915257340771,0.18353305967514127,0.0,0.007514667397333405,278.61136788836984,-0.0015421749676688243,0.00660246029748755
1999-06-17,-0.018033001719221557,0.013320699418331944,0.16185052156897364,0.0,0.009693216048391526,281.6223480993296,-0.0011427242856072843,0.003566537637472315
1999-06-18,-0.019258067138114218,0.012752708237049944,0.13843095280131829,0.0,0.009643224799363628,281.6139942320053,-0.0011194335023141178,0.0020710084373777114
1999-06-19,-0.02918400619663088,0.014222756870048871,0.11280584245527307,0.0,0.009519168338869925,284.433412501592,-0.001451853920553027,0.0006078406241872754
1999-06-20,-0.03108432548025907,0.013180748133336084,0.08879040504354993,0.0,0.00926152862987276,285.05389394957695,-0.0017201355053375,0.0006414745149403371
1999-06-21,-0.033573433798921984,0.012054341745241889,0.06489703794432675,0.0,0.009428886075814566,286.1298968176833,-0.001895017564128348,0.0002213106484386744
1999-06-22,-0.024352545918381152,0.010210988716890584,0.04334737486758475,0.0,0.006490100469798019,283.064611768992,-0.002363884379550562,0.0035236763890315044
1999-06-23,-0.024288971924175652,0.008705722578501296,0.03074516684322034,0.0,0.004283117582905765,281.2195293764161,-0.0018202173760381796,0.00013164083162446144
1999-06-24,-0.031037324229202707,0.008261653326325497,0.02077517177201036,0.0,0.0039081493508344315,283.2614130174598,-0.002434349203177091,4.351138613856165e-07
1999-06-25,-0.042321552580359294,0.007574403521704809,0.011118283604048965,0.0,0.0032508591516206497,286.8969683745936,-0.003218103600087139,0.0021292590947421634
1999-06-26,-0.0354641968079206,0.00681523018974369,0.0058350069150188335,0.0,0.0009953319647554625,281.65358981978426,-0.0024112633108503406,1.6201805157903684e-05
1999-06-27,-0.026407253649611936,0.006325527099566272,0.00371728239759887,0.0,0.0007206774448270853,281.1815753656592,-0.0021539671546490177,0.0009180357226990307
1999-06-28,-0.024322587849393406,0.005869622452784393,0.0033414161811440683,0.00011177377848975404,0.0003826454450181648,278.21076636664617,-0.0024148499708896306,0.0018741385242010107
1999-06-29,-0.020911489923795067,0.0055154265656983115,0.0020501375647363463,0.0,0.0003750754657101497,280.4637788927039,-0.003015242453853963,0.006388666083553277
1999-06-30,-0.013807135071121367,0.005532252333932004,0.001831284575094162,0.00027568843531406535,0.0003649300900893023,278.750515479826,-0.0034723801559395032,0.015331998769120244
1999-07-01,-0.020645462229090222,0.004883700171432927,0.001809445253648776,8.31350094854495e-10,0.00023016642968533404,278.7001129732294,-0.0026108890635061404,0.004463219274595751
1999-07-02,-0.029572855786415143,0.004573648511353186,0.0006533405426082863,0.0,0.00016377236967706412,282.7652221650952,-0.0025403684131422286,0.0004849367400433846
1999-07-03,-0.034223020287220095,0.004352189053249898,0.0003154057791902072,0.0,8.4797099316861e-05,286.10414857020265,-0.00286147863430492,0.00012093684763051688
1999-07-04,-0.03508220751911907,0.004144129274928638,-7.3453647229951e-24,0.0,3.3632804781703626e-05,287.4451809971122,-0.0029002196750061663,6.430314074209158e-05
1999-07-05,-0.03264911725359448,0.003951310858888142,-7.3453647229951e-24,0.0,8.055929747004968e-06,283.70965285220393,-0.002591489787913312,0.00010761768090421772
1999-07-06,-0.033775952997180704,0.003772927374489564,-7.3453647229951e-24,0.0,3.8109719753265385e-06,285.3104583143964,-0.0028323205503619324,1.293420723413874e-06
1999-07-07,-0.03658597129212935,0.0036426775031170606,-7.3453647229951e-24,0.0,1.9142730424633133e-06,288.8761734684084,-0.0031087198847178686,0.0029502629392345885
1999-07-08,-0.04004895228282207,0.003455774427133765,-7.3453647229951e-24,0.0,5.131850471604343e-07,287.0860300153887,-0.002813245211912077,9.757953780330365e-06
1999-07-09,-0.034206703684087535,0.003313462781367329,-7.3453647229951e-24,0.0,1.3613094717769302e-07,282.93864744441436,-0.0025072066892085775,1.716613667213096e-06
1999-07-10,-0.030495165094817433,0.0031891752265940953,-7.3453647229951e-24,0.0,7.219065380635235e-08,283.58104172758686,-0.00256804429983857,0.0008971902575570307
1999-07-11,-0.029018172057671737,0.003097092196092767,-7.3453647229951e-24,0.0,3.300144174004679e-08,284.8856216150489,-0.002499673757596878,0.0034379962136507846
1999-07-12,-0.031849840056088013,0.002947493798315188,-7.3453647229951e-24,0.0,1.4438130761270471e-08,285.8895784546876,-0.0029206696140058976,0.00037359753570987683
1999-07-13,-0.03630083357378588,0.002833617567005804,-7.3453647229951e-24,0.0,6.187770326258773e-09,288.9023455388128,-0.0027234477154110784,4.348593775775285e-05
1999-07-14,-0.03823567598553027,0.0027289623341991403,-7.3453647229951e-24,0.0,2.062590108752924e-09,289.2685672846217,-0.0027797623816351435,7.823099515192908e-05
1999-07-15,-0.0350647429793568,0.0026397146074111856,-7.3453647229951e-24,0.0,0.0,286.39686114280687,-0.0026217461116401493,0.001389295148881869
1999-07-16,-0.027240838455615073,0.0025407376430802426,-7.3453647229951e-24,0.0,0.0,282.85390769110785,-0.002165551544666964,0.00010297737889370676
1999-07-17,-0.027611257497873683,0.002485713884655365,-7.3453647229951e-24,0.0,0.0,284.20076094733344,-0.003046081138322246,0.0037829754593261987
1999-07-18,-0.0353751510465886,0.0023742380452021366,-7.3453647229951e-24,0.0,0.0,286.35669634256885,-0.0025897911765565313,0.00013477633895087363
1999-07-19,-0.034221134069612476,0.002296674049506753,-7.3453647229951e-24,0.0,0.0,286.8605918668758,-0.002257108372651925,0.00025421643661098297
1999-07-20,-0.029645057174108803,0.002273476561584042,-7.3453647229951e-24,0.0,0.0,286.42287322940575,-0.0031702936821654017,0.005625307489796892
1999-07-21,-0.036282323469213174,0.0021546774328091724,-7.3453647229951e-24,0.0,0.0,288.36698439790257,-0.002484251476698003,0.00016861035998434333
1999-07-22,-0.03835765259750819,0.002090475653524453,-7.3453647229951e-24,0.0,0.0,288.69917427034255,-0.002606606679195065,0.00045572004073504
1999-07-23,-0.03982370881374273,0.0020244549223258673,-7.3453647229951e-24,0.0,0.0,288.41860548834796,-0.0024810461380050685,4.113060596169704e-05
1999-07-24,-0.04432754168065928,0.0019666763853892094,-7.3453647229951e-24,0.0,0.0,289.9266958110975,-0.0025570069013510725,0.0004919827152780221
1999-07-25,-0.04399646444004135,0.001908443994441275,-7.3453647229951e-24,0.0,0.0,288.1449939311112,-0.002422608566696698,0.00026106531887477505
1999-07-26,-0.04024720145652524,0.0018527171032576913,-7.3453647229951e-24,0.0,0.0,286.6625556011883,-0.002167500429234263,4.2364196772837204e-07
1999-07-27,-0.04113361795069808,0.0018007322556554937,-7.3453647229951e-24,0.0,0.0,289.27250061466196,-0.0022016616148800502,4.261732087229575e-07
1999-07-28,-0.040342274990122204,0.001750943098364577,-7.3453647229951e-24,0.0,0.0,290.60971813597024,-0.00209662955948862,8.48263312036579e-07
1999-07-29,-0.03813973140750228,0.0017291479191537634,-7.3453647229951e-24,0.0,0.0,291.2711471478593,-0.0020183352543051637,0.0032665931571779954
1999-07-30,-0.033280738203202265,0.0017155829796009821,-7.3453647229951e-24,0.0,0.0,287.8171898613767,-0.0033246497334228397,0.006638388630258216
1999-07-31,-0.017306887749898234,0.0016578427479092012,-7.3453647229951e-24,0.0,0.0,283.59699751787497,-0.0030245443827099047,0.006176699218001124
1999-08-01,-0.027006940484720434,0.0015942880326071701,-7.3453647229951e-24,0.0,0.0,284.3509104058792,-0.0026578342984035865,0.0025654986229482614
1999-08-02,-0.03421892528816805,0.0015390037143297789,-7.3453647229951e-24,0.0,0.0,286.4850648818942,-0.0023242294535798544,0.0008319589714091242
1999-08-03,-0.027657952222783687,0.001543773432909432,-7.3453647229951e-24,0.0,0.0,286.60571834327146,-0.002512450208940075,0.005809424960680602
1999-08-04,-0.01577916867652182,0.0021441247166886844,-7.3453647229951e-24,0.0,0.0,284.89740946423086,-0.0031235091030429314,0.017124538546630912
1999-08-05,-0.015332689224663429,0.0018320014584535934,-7.3453647229951e-24,0.0,0.0,284.62699213045914,-0.003133495254073776,0.012046679313423504
1999-08-06,-0.01329095194400367,0.003964617848396302,-7.3453647229951e-24,0.0,0.0,284.80230798739274,-0.0025903627455318716,0.014611280099101308
1999-08-07,-0.02600713718240544,0.0013767290586805614,-7.3453647229951e-24,0.0,0.0,285.23997195471924,-0.0026859141423203853,0.0010499902148069717
1999-08-08,-0.0371231196374543,0.0013379638983031452,-7.3453647229951e-24,0.0,0.0,287.9729981108125,-0.002729609419228667,0.00011979038427945575
1999-08-09,-0.035447070869685564,0.001309887837555449,-7.3453647229951e-24,0.0,0.0,287.6665607962456,-0.002544936792409353,0.0
1999-08-10,-0.0343600674874365,0.0013059822179503362,-7.3453647229951e-24,0.0,0.0,287.14427389443034,-0.0028063804805699716,0.0021207981863888073
1999-08-11,-0.02216334767260794,0.0015574329148578107,-7.3453647229951e-24,0.0,0.0,285.92253342680567,-0.00276512509517077,0.008153191165205124
1999-08-12,-0.01236742545487517,0.0019547494791321836,-7.3453647229951e-24,0.0,0.0,281.9638212638611,-0.003241048631189907,0.010433077307070717
1999-08-13,-0.023179332794105945,0.001236544322159331,-7.3453647229951e-24,0.0,0.0,282.8965421234821,-0.002908934118215647,0.001907458817183877
1999-08-14,-0.034513022013976755,0.0011968712011973064,-7.3453647229951e-24,0.0,0.0,286.4413453010516,-0.0026548338822473243,0.00010596200534842034
1999-08-15,-0.035741336517414804,0.0011791492586081987,-7.3453647229951e-24,0.0,0.0,285.7648112625726,-0.002536545307664885,0.00047647333432731024
1999-08-16,-0.038697203042480234,0.0011552962879676605,-7.3453647229951e-24,0.0,0.0,283.778367342473,-0.0025775087628997656,4.261732051702438e-07
1999-08-17,-0.03335801949777172,0.0011360873441911689,-7.3453647229951e-24,0.0,0.0,285.82461696560097,-0.0023201840829714547,5.1855939838818726e-05
1999-08-18,-0.03161735357032657,0.0011175325361348816,-7.3453647229951e-24,0.0,0.0,285.7543472534295,-0.002214824159940084,0.00016695658365388039
1999-08-19,-0.03396890990141421,0.0010971168508637425,-7.3453647229951e-24,0.0,0.0,287.920436198204,-0.002394721659142419,1.2874602361989673e-06
1999-08-20,-0.03209658181768353,0.0010823971134121136,-7.3453647229951e-24,0.0,0.0,287.11133770125514,-0.0020397333533497854,0.000580001651995403
1999-08-21,-0.020469997520163912,0.00108240300652671,-7.3453647229951e-24,0.0,0.0,285.8286782280874,-0.0021571036017799783,0.002926449738653366
1999-08-22,-0.02741019107864402,0.0010473448677925067,-7.3453647229951e-24,0.0,0.0,285.4015868199523,-0.0020534960437292435,0.00046461146942003667
1999-08-23,-0.02865913670278539,0.0010271265176729969,-7.3453647229951e-24,0.0,0.0,285.7277829157655,-0.0019527559436983985,4.261732051702438e-07
1999-08-24,-0.03225814530068198,0.0010102831542828663,-7.3453647229951e-24,0.0,0.0,287.90647498811484,-0.002058262615806639,2.438065695897334e-06
1999-08-25,-0.03551817685365677,0.0009950468432431843,-7.3453647229951e-24,0.0,0.0,288.3520369269305,-0.002163462788077061,0.000235681075832864
1999-08-26,-0.03254657945895599,0.0009773935975328004,-7.3453647229951e-24,0.0,0.0,288.50435986851124,-0.0019892833727059396,1.125079763811187e-06
1999-08-27,-0.029921568425024973,0.0009616433227129576,-7.3453647229951e-24,0.0,0.0,289.104560151612,-0.001702383623621558,2.4638968891921738e-05
1999-08-28,-0.02107941683402843,0.0010485894094079229,-7.3453647229951e-24,0.0,0.0,286.86787468071486,-0.002566998698196169,0.010835706010139981
1999-08-29,-0.024203923925504852,0.0009426936759787093,-7.3453647229951e-24,0.0,0.0,285.4507325777675,-0.0021938171216660304,0.0012554613378307105
1999-08-30,-0.03212431481497436,0.0009183182386355214,-7.3453647229951e-24,0.0,0.0,287.44544431898333,-0.002139907225040393,1.7195925465784967e-06
1999-08-31,-0.03568123007393153,0.0009063813140836813,-7.3453647229951e-24,0.0,0.0,287.8468746070359,-0.0019841555211335257,0.00039744101590519427
1999-09-01,-0.0221934061350122,0.0009294562252227871,-7.3453647229951e-24,0.0,0.0,283.366793246368,-0.002751490985185413,0.004753494599439744
1999-09-02,-0.010834467150060471,0.0010017185224651618,-7.3453647229951e-24,0.0,0.0,281.31234178704733,-0.002550660900897899,0.012002985979105358
1999-09-03,-0.00420631127337278,0.0022302018215427295,0.00011264492113935971,0.00011532311722383662,2.801215202458161e-05,279.22782750318277,-0.0027500233365654273,0.02659103653188479
1999-09-04,-0.006755815934663439,0.0010420986488040558,0.0451448659663371,0.01490359736532815,0.0023307122479555974,275.46954408563016,-0.001817214307980349,0.024860702513969966
1999-09-05,-0.016686474494004656,0.0009321103156623195,0.07455921352695387,0.0,0.004765297575606465,276.44404380424777,-0.0015597455203533173,4.4972209379766814e-06
1999-09-06,-0.024554877420939973,0.0009066314347046245,0.04151080287782486,0.0,0.0038236474123715006,281.927615415354,-0.0019518348288401373,4.351138045421976e-07
1999-09-07,-0.019426415826977985,0.0008752648271409807,0.021444144671021657,0.0009594311106339686,0.0011089638107072161,278.85420045295905,-0.0021896201191143804,0.0036686436605213734
1999-09-08,-0.021398183989659546,0.0008343951513538253,0.020547583053790022,0.0,0.0007209757416598543,275.9384813757715,-0.0015216194419453374,2.9319835448404774e-09
1999-09-09,-0.020955880609272566,0.0008349616480412458,0.014556482462335218,0.0,0.001154772126994564,279.4087217011246,-0.001637445368125277,4.410743663640915e-07
1999-09-10,-0.02167209452491696,0.0008457973178497142,0.007124216543079096,0.0,0.0006740145953529973,281.9129313380929,-0.0018406286888287568,0.002187907258586887
1999-09-11,-0.010723189950662819,0.0008565999020290915,0.005766040636770246,0.0023839265571138956,0.0003315707994888058,278.17137208137586,-0.0017567922461167568,0.006520014900169857
1999-09-12,-0.016828456967227203,0.0007976866879705656,0.01652615936911488,0.00010458095851591077,5.381910056717652e-05,272.8748129864422,-0.0012348057481191927,0.0001734676164632461
1999-09-13,-0.01869135783553797,0.0007977778628721076,0.01503005090630885,0.0,0.00043986704053178353,274.2529266522654,-0.0012486984974331102,4.410743663640915e-07
1999-09-14,-0.015447823888501208,0.0008140435326570844,0.011726106403013184,2.5738177999938277e-07,0.0005359369103854659,276.1462313657427,-0.0016460703517505006,0.0020377187573522365
1999-09-15,-0.01762670577414292,0.0007906615060601531,0.00789594919668079,0.0,0.000604310888523436,277.5122944172718,-0.0014121105294611495,7.143129427679097e-05
1999-09-16,-0.023485704288307558,0.0007818140047418196,0.00449660134180791,0.0,0.0003605821290932133,280.4084369781552,-0.0015792268049498064,0.00017999465809343698
1999-09-17,-0.024815729235188436,0.0007805839433508405,0.0020128957744821093,0.0,0.00019278841377314874,282.17566184494683,-0.0016014465830672933,0.0008104374738219241
1999-09-18,-0.02130361659041906,0.0007666675216060575,0.0013138076006355935,0.0,9.64227621838198e-05,280.9862881999905,-0.0015940236685387159,0.0002238821512001922
1999-09-19,-0.0056856054875810275,0.0008221741786784371,0.029143310087099812,0.007353190332651138,0.0007798037581187859,274.95836533081285,-0.0017311708991136932,0.012348248496322038
1999-09-20,-0.01648600715196739,0.0007844604341323767,0.042245523628766476,0.00019978414063399796,0.0018227926986870795,275.67113730148634,-0.0013665592897746522,0.00043417607027079665
1999-09-21,-0.02059153694722612,0.0007802658835373358,0.028928595074152543,0.0,0.0019272935424147354,278.5844751598696,-0.001403506676861122,0.0
1999-09-22,-0.022030739839804376,0.0007670773456325638,0.015796036370056495,0.0,0.0014004359326962024,280.906414290606,-0.0013820078897442522,4.8011154002442666e-05
1999-09-23,-0.022681747999905192,0.0007496894584537227,0.007615486331803202,0.0,0.0006840882538738897,281.0256024376821,-0.0014878518374289499,1.7267548173549585e-06
1999-09-24,-0.017478133830647013,0.0007536163774587341,0.0038136052995527314,0.0,0.00023781484003457647,280.71326237119973,-0.0015470148879761076,0.001642862225184934
1999-09-25,-0.016904145731764325,0.000755577774371131,0.002553591395951036,0.0001428801839971273,9.886491096625895e-05,277.8185834902604,-0.0013925052316343719,0.0023377297793404535
1999-09-26,-0.017012661543943115,0.000736512285841387,0.012955315368997177,0.003927514472671148,2.002995987396456e-06,271.69937886670937,-0.0015350548066409295,0.005141063531234853
1999-09-27,-0.0075582538620900305,0.0007204270295504123,0.05061251250588513,0.006413666805052488,0.0,267.64043035704765,-0.00043308820659663047,0.0064780687712216786
1999-09-28,-0.008288626869519552,0.0007334691656511383,0.0806903156632533,0.001583197885482325,0.0010388761464148594,266.74080162623056,-0.00045466586673832216,0.0016232990100852245
1999-09-29,-0.015993276810915457,0.0007398763282150874,0.06733476599282016,0.0,0.0017034964330789062,271.7424746727091,-0.0006780724519979482,8.52346317969932e-07
1999-09-30,-0.01491768203549466,0.0007308905912657915,0.05310012616231168,0.0,0.0013746317412893653,274.12967982534633,-0.0008344935611058765,1.571457353858449e-06
1999-10-01,-0.007038609161552064,0.0007140106905651632,0.06237149283486347,0.004953101866662839,0.0,271.92390641968575,-0.0007950952802758432,0.006525753381259622
1999-10-02,-0.005252097917478637,0.0007014606295332398,0.0853917468514595,0.0035548363996427616,0.0,269.33021214946746,-0.0004450004853013546,0.0036852185420515127
1999-10-03,-0.009471634602816092,0.0007064662410714533,0.12649243026129944,0.004142845480960641,0.0005990159987224698,268.21290035930286,-0.0007455306348659225,0.004195283513364253
1999-10-04,-0.014135395192493828,0.0007372937970242259,0.11531000801847929,0.0,0.002723520884742845,273.0435793134901,-0.0010137605286166494,4.351138613856165e-07
1999-10-05,-0.016102900444451024,0.0007375763297754492,0.09294286465689737,0.0,0.002885464684101148,274.25085463945925,-0.0012013362299671956,2.5868412194540724e-06
1999-10-06,-0.016984482395783658,0.0007375815493912347,0.06944099613053202,0.0,0.0029888180542295265,278.42760477586876,-0.001347407814388895,8.547339689357614e-07
1999-10-07,-0.013692801660400326,0.0007079097173981748,0.050108369011887956,0.0,0.0014590127130517854,275.6345501269324,-0.000973877512802512,1.545790898455738e-05
1999-10-08,-0.015129400217263713,0.0007101305797275178,0.03943560756532486,1.0628021706295554e-06,0.0017434572853611014,275.8523196958553,-0.0010480040758006318,6.331216173417119e-05
1999-10-09,-0.015915566750165432,0.0006979675279498775,0.027714788576977404,0.0,0.001278148553634094,279.38227678647377,-0.0011675196547208534,-1.2266103261792395e-10
1999-10-10,-0.012640888365985311,0.0006937867840804623,0.01875744835805085,0.0,0.001209719390687296,277.9213791109074,-0.0008354949486036759,1.967929850863872e-05
1999-10-11,-0.016297734095215125,0.0006803398751943125,0.011686335849223165,0.0,0.0006524045862215387,280.5747332312518,-0.0011210808909292947,4.410743663640915e-07
1999-10-12,-0.01942565418401007,0.00066960295714901,0.0075777847663606405,0.0,0.00024013791633191082,279.44568018365493,-0.0011777843080334745,1.3019394486946112e-06
1999-10-13,-0.015616624537160841,0.0006679784780168264,0.005749488729990585,0.0,0.00033640906761931837,278.54408545772463,-0.0011158762604924245,8.463858875984442e-07
1999-10-14,-0.018878894084590977,0.0006627670284044946,0.003844870012358758,0.0,0.00014032579242846387,279.31069774950964,-0.0011124198909028102,0.0001684072251843342
1999-10-15,-0.004875191566297564,0.0006816341715343929,0.05329001331508946,0.014138785795976886,1.4387618350443868e-07,270.53998027233985,-0.000977688500562967,0.016602347923182895
1999-10-16,-0.006335737425728708,0.0006531044251501224,0.16110223744997648,0.006847225297979043,0.0,263.8688206933088,-0.0006851011908239565,0.006885975599288941
1999-10-17,-0.008867513156880093,0.0006655676890227755,0.14521884379413844,1.4870138154864986e-05,0.001014261880079232,265.32563420383724,-0.0008619480350680946,1.6009605434708463e-05
1999-10-18,-0.005238377273419483,0.0006503812168951088,0.14264088431320623,0.00487271831028879,0.00019281252292589952,268.64947005449716,-0.0005946698740629827,0.004915019213143042
1999-10-19,-0.007537596559120437,0.000668570651846417,0.15839186271480699,0.0006919504895722126,0.0015684639098448945,267.58948420939475,-0.0007024477577983997,0.0006990381265814252
1999-10-20,-0.011564709498720654,0.0006842816953605179,0.14199214152248116,0.0,0.002648069233880878,271.9106270382409,-0.0008856084639743224,4.5625409939020756e-07
1999-10-21,-0.012897546850355332,0.0006859248640847072,0.11871395362523542,0.0,0.0028255140924521084,274.2958914618483,-0.0009863468381644642,5.684341886080802e-14
1999-10-22,-0.012557985587308635,0.0006866141901177876,0.09657324954390302,0.0,0.0029242896595917185,274.6457218809541,-0.000789889771133493,8.583068797918258e-07
1999-10-23,-0.01321699188253974,0.0006764743287684554,0.07589555011181734,0.0,0.002398323709681883,274.89431163191574,-0.0008476745431958619,1.7285346416429093e-06
1999-10-24,-0.015308925282146972,0.0006638900876718727,0.05905490451388889,0.0,0.0018055155283987188,276.01422562392645,-0.0008960194822590229,1.717449606530863e-06
1999-10-25,-0.013686128002775593,0.0006469270940554345,0.0471699457833098,0.0,0.0010197288488264138,275.42924257052147,-0.0009223321863150193,2.146953761439363e-06
1999-10-26,-0.014546190404285819,0.0006538671625536042,0.03814869681320622,0.0,0.0015232019589445686,277.3634333529715,-0.0008940846148857289,4.351138045421976e-07
1999-10-27,-0.008483559019484763,0.0006270986155601545,0.02946239406779661,2.9423879196414842e-05,0.00018772069301645637,274.95825754945116,-0.0005815230141588524,3.236744362931803e-05
1999-10-28,-0.009886880252657639,0.0006260062846760292,0.027651569488582866,1.7388139740895416e-05,0.0002326772963933352,275.34297737653196,-0.0007003945808878728,7.773361627998979e-05
1999-10-29,-0.009577635991371285,0.0006207779134060705,0.036434425023540495,0.003890057531117046,3.6581971887814796e-05,271.0104078698742,-0.00047485028935522687,0.004022054315252735
1999-10-30,-0.00957832527531069,0.0006319629607227563,0.05015848450741526,1.1081160125085864e-06,0.000841956417270973,271.3776060416874,-0.000340361458559831,2.5214694421193514e-06
1999-10-31,-0.01332400444537233,0.0006366015154089632,0.04228621373293315,0.0,0.0012016361631916068,275.46470001637374,-0.0007421907910940337,0.0
1999-11-01,-0.01731503249730094,0.0006137468383810615,0.03442681666372411,0.00011103587635492874,-1.031295054376462e-09,268.6896556380105,-0.0005627308924824505,0.00011425057031044168
1999-11-02,-0.011220296981644498,0.0006180311326926711,0.033094158280367235,0.0,0.00034219909480399333,268.92135232900273,-0.0002754830760555079,4.410743663640915e-07
1999-11-03,-0.013246455308744463,0.0006182712350188002,0.029270437926671382,0.0,0.0004540507255469339,273.0097891310065,-0.0002511692638535284,2.5805884433793835e-06
1999-11-04,-0.01295434771958044,0.0006130085994968307,0.025327635799199624,0.0,0.00017260650625336644,275.16436865998753,-0.00041975495589655,0.00021453979651677387
1999-11-05,-0.010651819407939911,0.0006230880143278737,0.031207011019891713,0.0013638353238334764,0.0005841018200594154,273.42877481392327,-0.000699440480373,0.0020451463884317
1999-11-06,-0.014162828398626403,0.0006169516824733066,0.02736880774776366,0.0,0.0006908232840777791,276.75154543012775,-0.0007579356884468074,1.293420723413874e-06
1999-11-07,-0.01179108743445348,0.0006128942730736598,0.021478627810145954,0.0,0.0005690956456681429,277.64566754127407,-0.0006254461546570568,8.52346317969932e-07
1999-11-08,-0.01370980161226402,0.0006076221243809846,0.017447778734110173,0.0,0.0003850666732437867,277.372542181931,-0.0007869976356962307,8.52346317969932e-07
1999-11-09,-0.01077683072137294,0.0006008749291048212,0.015120396730814504,0.00014438814783500415,7.39670069204212e-05,273.8994736716347,-0.0004793783639278789,0.0002217917061388349
1999-11-10,-0.011207443256836154,0.0006014859609011203,0.014294180717396424,-3.9988991904393437e-10,0.0002447321463776174,274.99606207939195,-0.000432517874123013,1.275539318612573e-06
1999-11-11,-0.010943505555222938,0.0006005560274178026,0.012167950358992468,1.1874625911820407e-07,0.00030516883579351136,276.9359580756581,-0.0006564901720753499,1.5350048101655405e-06
1999-11-12,-0.010916428419493012,0.0005995739819639821,0.009634129296139361,0.0,0.00036712331792055557,278.42159377204047,-0.0006891743800902771,8.52346317969932e-07
1999-11-13,-0.01223353978435872,0.000594312777626986,0.007398242555320152,0.0,0.000173824739321477,278.9273971334914,-0.0006822598308829939,0.0
1999-11-14,-0.010212249843414222,0.000592450132477755,0.00617156235287194,0.0,0.0001879736444370895,277.6952687782532,-0.000601184338667972,0.0
1999-11-15,-0.010540627911265962,0.0005898234871147716,0.004672465351341809,0.0,0.00014783485166433843,278.0047339566908,-0.0005676780727370985,8.583068797918258e-07
1999-11-16,-0.011979008798545366,0.0005862472926155996,0.0034175089748116763,0.0,5.3514910619811154e-05,277.1736180364749,-0.000485973548417711,3.4344666346441954e-06
1999-11-17,-0.009581426063836631,0.0005844293509499501,0.002925549523305085,0.0,6.593065073261153e-05,276.59302697478046,-0.000526183158538099,8.776070217209053e-07
1999-11-18,-0.005387287018662792,0.0005842454857745414,0.0421565571298258,0.012894445325190067,0.0,271.41480136950366,-0.00042948911839959316,0.013272315465695496
1999-11-19,-0.006966158705579361,0.000593719172612422,0.08760579427083336,0.0001354063466443854,0.0009170978587899505,269.0538684679739,-0.0004081458516292653,0.000139646007267782
1999-11-20,-0.007715512887906221,0.0005810741482481446,0.07803603350105932,0.00014194862990729552,0.0002094529527055342,271.3333082755856,-0.0004902555012686105,0.00020025805583236692
1999-11-21,-0.00549256056547165,0.0005780618406285001,0.08397931747292844,0.0017238967120647433,0.0001358251787174893,264.6951242472044,-0.00040535997115286054,0.0017348967366299388
1999-11-22,-0.002993719473396991,0.0005742650752687186,0.08658946121704332,0.0011935275321626395,0.0,261.58917385755063,-0.00022975051786098104,0.001196654620714834
1999-11-23,-0.003736442302243185,0.0005724642657290744,0.0965045131532486,0.0005227728709999451,0.0,259.02867982077737,-0.00028357932102040384,0.0005247317968403874
1999-11-24,-0.004327791095790216,0.0005706526802084541,0.09284286355343692,7.880777962463724e-07,0.0,259.88757992329573,-0.0003830594415802741,1.6309109435106278e-06
1999-11-25,-0.0039772598841096045,0.0005688453461490783,0.102986193870645,0.005917645317349731,0.0,266.3595462590737,-0.00036665566244536204,0.005924162925197635
1999-11-26,-0.005163946352099295,0.0005670297617292674,0.14238754818443974,0.004284041791649189,0.0,270.9593597167854,-0.00036730237389351696,0.0044806031352382595
1999-11-27,-0.003241914940082421,0.0005667887333422731,0.165446423316855,0.002602277123658671,9.694207186079296e-05,269.10926232634296,-0.0002904150445582503,0.0026472304163338506
1999-11-28,-0.005702546676673459,0.0005802661180496216,0.16594298052024484,8.973108846588998e-06,0.0010060236320993997,267.47527858137863,-0.0003205428878634663,9.841774966957287e-06
1999-11-29,-0.006565631909222254,0.0005888609731264708,0.15415756311793785,0.0,0.0016157220480805734,267.90706399245903,-0.0003316727345861958,0.0
1999-11-30,-0.0072169161196482395,0.0005755883320576727,0.1406268391007533,0.0,0.0009487044108284396,273.7665401178565,-0.000515261054628313,8.603260331778856e-05
1999-12-01,-0.007740813123304293,0.000577252210870301,0.12880211091984464,1.0104418474402132e-05,0.0011523812798793708,269.9451276560064,-0.000541378991246897,1.1095421360091088e-05
1999-12-02,-0.004662873339181567,0.0005634560928506366,0.1293807379943503,0.001293680909494896,0.00045183629302655235,266.281795494525,-0.00035771529195504005,0.0012994587371505505
1999-12-03,-0.003408059940836524,0.0005540452097768839,0.15422652939618645,0.005585973714031069,0.0,265.4073270557066,-0.00030105966695789566,0.005591770119007517
1999-12-04,-0.003627309775621878,0.0005584376848350137,0.1652096390948682,7.62251852932623e-05,0.0003721820306306505,260.24933124262066,-0.00029061288483398786,7.898361331535597e-05
1999-12-05,-0.005600102793025433,0.0005626542083287644,0.1589095695768597,0.0,0.0007236449858226345,264.77596538349735,-0.0003762827859928379,2.5674678383726483e-06
1999-12-06,-0.005228920255677175,0.0005549935802901532,0.15018901357991998,2.741129637438025e-05,0.0003837195914343926,265.5521078522821,-0.00040347423762251435,3.044272433197038e-05
1999-12-07,-0.0030822985421466295,0.0005466170230154265,0.14894899989701035,0.001913793406075677,0.0,263.6867310188136,-0.00026673096426799473,0.0019309118774709652
1999-12-08,-0.0027662030721114857,0.0005484088666021488,0.1596909575094162,0.00012574311198487793,0.00020944478653245053,256.66250056466146,-0.00031150216605030216,0.00012813971541022177
1999-12-09,-0.0042476508829553256,0.0005526555291676926,0.1563263226812618,1.2758593101285947e-07,0.0005513187813556801,260.5750222574295,-0.0003050393082917073,1.41049272161134e-06
1999-12-10,-0.003303853594987406,0.0005410972793223495,0.15125569201683145,0.0003158692796688296,0.0,263.1600464643058,-0.00028387464498732726,0.0003190899687417243
1999-12-11,-0.0032737737069022184,0.0005435367762032203,0.15184581347104523,0.00013273859680709192,0.00023774106034451286,258.14787370785933,-0.0003311061063560389,0.0001345279465352558
1999-12-12,-0.004482832963520525,0.0005462764009917523,0.16128913606403014,0.002034934816387414,0.0004850306079886054,263.7564781066837,-0.0003433064899623058,0.002037767333397138
1999-12-13,-0.002763824737341391,0.0005355993401532793,0.15808082479990584,0.004730612586783824,0.0,266.1905980729788,-0.0002827295549424355,0.004741675617695064
1999-12-14,-0.0024721434729247445,0.0005337645610173544,0.219287936970339,0.003728656719128291,0.0,257.4879519108774,-0.00022989249982907948,0.003732291688924509
1999-12-15,-0.0022524782577476934,0.0005319446830426232,0.22032863810911021,0.0027754494741474844,0.0,260.71741428123806,-0.00018814231379557468,0.002780946634583554
1999-12-16,-0.0057411993627494344,0.0005339378185864896,0.23239175972516476,0.0012976285806820219,0.00020527328222484913,266.8381594067015,-0.00044117872682163274,0.0013026137472196351
1999-12-17,-0.0035953063749324136,0.0005282785764521799,0.2577782467484699,0.006454628423950767,0.0,265.64431864348734,-0.0002528331531895756,0.0064604900634688016
1999-12-18,-0.0037811712524985193,0.0005264605505991792,0.2705216057556497,0.0007827200711110219,0.0,265.19342535273955,-0.00034164054855956874,0.0008278213314636143
1999-12-19,-0.0023814111021952444,0.0005246308227043367,0.30260632761005185,0.005415690820769402,0.0,259.04868003787743,-0.0002616032810702836,0.00544887683475629
1999-12-20,-0.0009248621635517833,0.0005227829945289483,0.33919822563559326,0.0065329768142457735,0.0,258.2166200734801,-9.044377648897764e-05,0.006537730612894963
1999-12-21,-0.0014908638714397023,0.0005209418171543186,0.42090786289136073,0.011744095801802006,0.0,261.0964708741327,-0.00015617719730414914,0.011751738796708922
1999-12-22,-0.0012499214397311885,0.0005190990402200127,0.46716009739877595,0.008087634871908502,0.0,262.5290965351457,-7.550454156546942e-05,0.00809175079060786
1999-12-23,-0.003444369229893227,0.0005172379104431066,0.4777425130208334,3.8087241730447545e-05,0.0,267.3133325882102,-0.0001483339774238188,3.9383297483853495e-05
1999-12-24,-0.0045100512393450335,0.0005154166854707535,0.463403044447387,0.0,0.0,270.6043910369586,-0.00014762408863016444,8.70227722771233e-07
1999-12-25,-0.005109359189278662,0.0005135888096976416,0.45034037157191625,0.0,0.0,270.28055333642186,-0.00019778214437139914,1.2882047144557873e-06
1999-12-26,-0.004322855780690403,0.0005117675847252884,0.4396211728313324,0.0,0.0,267.7144708040744,-0.00015712898792856833,4.351138045421976e-07
1999-12-27,-0.0037141405677391316,0.0005099381093925002,0.43026290864818734,0.0,0.0,267.8808753593718,-0.0001228438469312959,0.0
1999-12-28,-0.005076572972502413,0.000508116884420147,0.41993313949211397,0.0,0.0,272.0447290675564,-0.0002162136968835599,4.351138045421976e-07
1999-12-29,-0.006120004391266128,0.0005063057619299592,0.40968842874588046,0.0,0.0,269.4755818569952,-0.00029267748491575493,0.0
1999-12-30,-0.005504546865905072,0.0005044962389994476,0.4018888024511535,0.0,0.0,265.5146276721847,-0.00024051186602331152,4.351138045421976e-07
1999-12-31,-0.00391521490057983,0.0005026800652681771,0.3952271197475283,3.59199225565808e-05,0.0,266.10411959718175,-0.00019968643068930526,3.720772794955173e-05
2000-01-01,-0.0038506593239509453,0.0005008787926981005,0.3892491227489407,9.803692836545956e-05,0.0,265.0873052162415,-0.0002717246475108599,0.00010375686958011263
2000-01-02,-0.002006551513900865,0.0004990660706482364,0.3846844746792608,0.00048215386305151695,0.0,259.7210347378546,-0.00018792539456133114,0.00048586838458137253
2000-01-03,-0.0013186430274429969,0.0004972514964766421,0.39580712614759894,0.000891193179255825,0.0,256.3338060325149,-0.00012599054913399582,0.000894428158205522
2000-01-04,-0.002409210481212638,0.0004954254728252606,0.3998428028631121,4.294110556780282e-05,0.0,259.4647612957856,-7.788211338769246e-05,4.8973164298639845e-05
2000-01-05,-0.0024874662443742914,0.0004935398445291035,0.4001834962776601,0.0013380759727146668,0.0,262.0464266724955,-0.00021284838643787946,0.0013511370452777244
2000-01-06,-0.0026702550424020843,0.0004916789673142514,0.40826795330155374,0.0001587942453090754,0.0,258.37293199226684,-0.0001600312837268,0.0001658866633453475
2000-01-07,-0.003800436980643515,0.0004897917394584183,0.40415296536605466,5.2115022294265404e-05,0.0,263.61645049474106,-0.00022708146311974125,5.319839134388706e-05
2000-01-08,-0.003119181231253565,0.0004878912100010673,0.39879405565854525,0.00019477663488037846,0.0,262.03775735628807,-0.0001858804364409824,0.00019607026237349474
2000-01-09,-0.002887880524336282,0.0004860271336668629,0.40961463482815447,0.001334113947584131,0.0,261.29244386274263,-0.00018182913062431046,0.0013388253128880157
2000-01-10,-0.005518511611189546,0.0004841167542894008,0.42096487501471286,0.0018842252928995143,0.0,259.28250600164665,-0.00043359772949400603,0.0019517330463323216
2000-01-11,-0.0022438126432020116,0.00048219812455150375,0.4516337191766714,0.003898867063939909,0.0,262.3953014129524,-0.00012073489590048117,0.003924599138356872
2000-01-12,-0.005733026875614447,0.00048022999265099654,0.49356429680143604,0.004418110443373858,0.0,263.45594263166583,-0.0004761436491110231,0.004539047375134883
2000-01-13,-0.003458407218173399,0.00047833198881418697,0.4955691465101224,1.52759422353432e-05,0.0,259.16322221055543,-0.00023068086701934624,1.8474071476821284e-05
2000-01-14,-0.005740260126563789,0.0004764406357781362,0.48674422154543323,0.0,0.0,266.91553835680253,-0.0002875679125220089,8.710002248335513e-07
2000-01-15,-0.007575447150206163,0.00047456325784241414,0.47314085304849346,7.031748523819918e-08,0.0,268.25510533650714,-0.0005659351314781076,5.112191701876117e-07
2000-01-16,-0.006208678928472228,0.0004726395768634344,0.46102071930908667,4.859948478176095e-05,0.0,268.4481070351466,-0.00032526781877218673,5.037252502123494e-05
2000-01-17,-0.007479513979564279,0.00047076725016879505,0.4482670153601695,0.00011035181203130949,0.0,268.93754368223495,-0.0005491894201538657,0.00014052202462347196
2000-01-18,-0.004040460086474984,0.0004688385179487326,0.4385912764094869,0.0,0.0,265.0448758759292,-0.0002501775052840427,8.523463748133508e-07
2000-01-19,-0.003967667408918931,0.00046694783841149285,0.4567880289253767,0.0044196545235854765,0.0,265.50823792854493,-0.0003162351315893696,0.004425152833076574
2000-01-20,-0.003257011584306168,0.00046505395975490076,0.4662421562352873,1.2881927571054233e-06,0.0,264.33815087930856,-0.00011109982717171902,1.2902553472141764e-06
2000-01-21,-0.00404469100600582,0.0004631070009732651,0.4584643692620057,2.5403954214968925e-06,0.0,265.3919226472212,-0.000211013544161441,4.6893690801048026e-06
2000-01-22,-0.0023725477315611762,0.0004612064715159142,0.47584617025659137,0.0033800365182302767,0.0,261.87703096350265,-0.0001762378960847855,0.0033891336896649054
2000-01-23,-0.003802861534269516,0.0004592810646962312,0.5304338990407251,0.0034940297068175624,0.0,261.2721747274453,-0.0002487941229410764,0.0034995875563346725
2000-01-24,-0.0032884415007580475,0.00045731773147475257,0.5365693690413136,8.004390250491559e-05,0.0,262.66293365492885,-0.00016382819641444645,8.856811163983716e-05
2000-01-25,-0.003236790540191414,0.0004554023008562077,0.5279465152718926,0.00039053733571101047,0.0,263.275924790377,-9.35164674863977e-05,0.0003920986153075653
2000-01-26,-0.004292190580044763,0.00045346211915635803,0.5267214442826037,0.0010301391409952088,0.0,266.0654207613958,-0.00014714245279293277,0.0010338912863242919
2000-01-27,-0.0015459795203586085,0.00045152353701618435,0.5577293726459511,0.007991178392690453,0.0,261.6653738830049,-0.0001998237928764968,0.007996313097010951
2000-01-28,-0.001467498345563641,0.00044959985603720457,0.6315253593602872,0.0010482388532767862,0.0,258.7139985467081,-8.244734089084938e-05,0.0010529194078072181
2000-01-29,-0.002993731428000887,0.00044765302353659596,0.6248098829596281,2.1862486998240154e-05,0.0,258.2537285037858,-8.10273002180676e-05,2.358242606583267e-05
2000-01-30,-0.00438822662763003,0.00044573599335837505,0.6146290809645717,7.031748523819918e-08,0.0,259.075641678776,-0.0001095654285055096,1.3642473888754818e-06
2000-01-31,-0.005587433691078661,0.0004438056615786364,0.6037958579772834,0.0,0.0,260.1282294178189,-0.00023483772272780789,8.523463748133508e-07
2000-02-01,-0.004861220927898494,0.0004418803810399805,0.5928893008474577,0.0,0.0,263.1932594026325,-0.00015105627014138607,2.5749205860847724e-06
2000-02-02,-0.0073714417926335745,0.00043998650238338843,0.5791581148481639,2.585372513970413e-06,0.0,270.1213828659776,-0.00038821602734805507,4.1770227543781665e-06
2000-02-03,-0.0038091163598211477,0.0004380644209640849,0.5866968187235171,0.005368567603287725,0.0,265.86443888130833,-0.0004319368972111557,0.005374883052988191
2000-02-04,-0.005114010582535954,0.0004361854434686866,0.6009054812558852,5.3736575915988566e-05,0.0,259.7453702865572,-0.0001792064841605176,5.417717363252194e-05
2000-02-05,-0.006162708256877749,0.0004342766636509007,0.5893550089748117,0.00023094392092214467,0.0,266.7860537024317,-0.00030973666784285157,0.0002375156740537295
2000-02-06,-0.00429041367971291,0.00043236948339279096,0.5781438507827213,0.0005022360822238491,0.0,266.4385042100752,-0.0002148688618241057,0.0005074542426080314
2000-02-07,-0.0058417762235059584,0.0004304905058973927,0.5723293038635828,0.0007187259820221509,0.0,266.8883430890444,-0.0002253569588907021,0.0007644151900433484
2000-02-08,-0.0080510385039836,0.00042860647716091185,0.5612889521539548,0.0,0.0,269.9049993432399,-0.00040799661376382003,1.6930310380303126e-06
2000-02-09,-0.005376932142818041,0.0004267357500259486,0.5474154657338748,0.0013325644372883493,0.0,269.93479137815774,-0.0003889837265435586,0.0013355500382965025
2000-02-10,-0.0017949809967461282,0.00042485837209022654,0.563818635240113,0.0048500485718250275,0.0,265.18993970364505,-0.0002118923548756346,0.004862082828348793
2000-02-11,-0.004242933739376607,0.00042300254611645714,0.6015535343838277,0.0005704509462677154,0.0,262.8868709068514,-0.00015491470273605175,0.0005762995873870277
2000-02-12,-0.002749825517336528,0.0004211259679605732,0.5943272477489407,0.0011249286896091396,0.0,265.1207681357749,-0.00014721070768806223,0.0011291697931645073
2000-02-13,-0.0033045779008649837,0.00041923448864349545,0.609055686131709,0.003186488513555904,0.0,264.2832896704952,-0.00022887159138917926,0.003198526618364354
2000-02-14,-0.003912269942841288,0.00041727595410104523,0.6143649401188794,0.0003765886491638119,0.0,265.13098918605886,-0.00018977862125062675,0.0003832812699894447
2000-02-15,-0.006511872476440366,0.000415428378487711,0.6156054135769774,0.005614993451847195,0.0,267.5273220687263,-0.00046694490237761356,0.005769454049422972
2000-02-16,-0.005494828235968359,0.0004136055539556816,0.6366371399040726,0.0004435795448762549,0.0,262.42139570591814,-0.0003327699851686672,0.0004494065908926713
2000-02-17,-0.0030992076979518613,0.00041179097978408724,0.6325826124058381,0.0014429887346291946,0.0,262.69708616540487,-0.00017933627474779463,0.0014479176028573861
2000-02-18,-0.003329942160743778,0.0004099748060528168,0.6476066862346987,0.0019465257008533694,0.0,262.1227975654961,-0.00020730370750366632,0.0019513646788011415
2000-02-19,-0.006012477485810297,0.0004081428050994873,0.6477791019303202,5.094387100241279e-07,0.0,261.53878593804023,-0.00020954004978224384,2.2288981826264295e-06
2000-02-20,-0.009577155913000054,0.00040634978288984575,0.6369916265742703,0.0,0.0,265.96824751241513,-0.00031036945154606287,0.0
2000-02-21,-0.009828599411888985,0.00040456248542009775,0.6223188209892893,0.0,0.0,269.5038376285532,-0.0004704599768596855,4.261732051702438e-07
2000-02-22,-0.007714762568137068,0.000402792614732085,0.6058825476694916,1.4520318663052922e-05,0.0,269.8982581409806,-0.0002903480314265537,8.856856115695121e-05
2000-02-23,-0.00878356477129931,0.00040100119208211953,0.5907499668961864,2.216652961774061e-07,0.0,268.97697798949855,-0.00036837663080564335,1.5650342254438673e-06
2000-02-24,-0.006692209991358096,0.00039924462299562453,0.5783792556791432,0.0013605637823121022,0.0,267.96296344907944,-0.000383109433081864,0.0014793764231568677
2000-02-25,-0.0018691624709441838,0.00039746464982544637,0.611508356873823,0.011353812164674373,0.0,265.96887161772133,-0.00028905385610579097,0.011368641274021225
2000-02-26,-0.006412307252991671,0.0003957328318202563,0.6903227897687148,0.0014174178789901194,0.0,262.6910494464939,-0.0003187483765900472,0.0014206986979526418
2000-02-27,-0.007852683548873429,0.0003939794618531136,0.6779454118114407,3.169232842612401e-07,0.0,265.81809509765856,-0.00022953256206997372,1.452029693409405e-06
2000-02-28,-0.009768627163043804,0.00039225589420835855,0.6614771841160546,0.0004408685122169344,0.0,270.02505427789777,-0.000623604724720373,0.0006078430993067747
2000-02-29,-0.006919268245077403,0.00039051902496208576,0.6505924663076743,0.0004673846865777916,0.0,266.8027446193659,-0.00036520115757561006,0.0004764386152817031
2000-03-01,-0.009127891754026467,0.0003887904060762481,0.6375539316295904,5.21540641784668e-08,0.0,266.82078541829316,-0.0003516613584706339,1.329183476173057e-06
2000-03-02,-0.00914946531003478,0.00038708998995312194,0.6247719515065914,2.395551083451611e-07,0.0,266.2848483478956,-0.0003616687668077017,6.767315029961116e-07
2000-03-03,-0.010318814276975428,0.0003853696214277192,0.6131205585716808,0.0,0.0,268.4182330381175,-0.0003035142649449198,1.2874602930423862e-06
2000-03-04,-0.012337792559532122,0.00038367080486426916,0.6011211158192091,0.0,0.0,271.2903232107504,-0.00042047701502418794,1.7225741544280027e-06
2000-03-05,-0.012281683331492257,0.000381986889462013,0.5853064585540255,0.0,0.0,272.09615915373894,-0.0005571914068554755,4.231929437992221e-07
2000-03-06,-0.008882013923030788,0.0003802997749404045,0.5784509806085216,0.0022379897829502993,0.0,271.81460661088903,-0.0005089308971823272,0.0027129477868191136
2000-03-07,-0.008353797224281872,0.0003785711560545668,0.5737824233462807,0.0010626761632113809,0.0,270.4292374662985,-0.0006579365844359507,0.0014605827423438467
2000-03-08,-0.0037235761598005137,0.00037690214181350455,0.6184075134622177,0.00833877024509139,0.0,267.7445133087101,-0.00043775672671821835,0.008608223304134358
2000-03-09,-0.0064025805831629005,0.0003752347271321184,0.6323083565060028,0.0001979516345565602,0.0,264.6563963737416,-0.000288235155160481,0.0002008857531736126
2000-03-10,-0.006429437442687945,0.00037359206353203733,0.6249563213571092,0.00015481809775034588,0.0,263.29359632876407,-0.0003371517473863343,0.00015837577097537142
2000-03-11,-0.00684927955354001,0.00037194780037228003,0.6224696272510595,0.0011356665547621453,0.0,264.2327416486435,-0.00032928013532175184,0.0011414333760610448
2000-03-12,-0.004229710810938798,0.0003703101880132816,0.6439482550612053,0.0037866196895049793,0.0,263.08204506480763,-0.00026963821659653877,0.003827764371874623
2000-03-13,-0.005937566233556823,0.00036867257565428315,0.6595941748322741,0.0018101720991781202,0.0,262.67904330826525,-0.0002852681350741683,0.0018151915174419598
2000-03-14,-0.00786992271909606,0.00036705971437658977,0.6700781985640303,0.0011455107922271148,0.0,265.5960213900062,-0.0002581747827556847,0.0011774548533596424
2000-03-15,-0.006832590126721873,0.0003654154512168324,0.6786097869585687,0.00296057737563963,0.0,264.15056424401354,-0.0005680944423301745,0.002999624003730063
2000-03-16,-0.00960395278903724,0.0003638390430622856,0.6857556129354991,8.921251542824137e-05,0.0,263.67227919267845,-0.0003443869399064679,8.920879013794291e-05
2000-03-17,-0.007360700623127027,0.000362249333306221,0.69038991694621,0.004517100667212643,0.0,267.2967603184185,-0.0004506777803608253,0.004523374490987141
2000-03-18,-0.006846886780639153,0.00036068277507178526,0.7542499319532723,0.005247125686225245,0.0,263.43952468828974,-0.00047617781339055407,0.005267169263403295
2000-03-19,-0.00590459707766603,0.0003591212680784323,0.7595870023393363,0.0028741829055177292,0.0,267.25587561799534,-0.0002564016340226777,0.0029522982020836097
2000-03-20,-0.0053339207829055145,0.0003575645597641078,0.8385166089189031,0.009522185066325517,0.0,262.572883074342,-0.0005167877554135808,0.009541221964728416
2000-03-21,-0.008504820324606815,0.0003560046523304309,0.8545570158015536,0.00011003019530220895,0.0,261.7986979475578,-0.00022344050750052193,0.00011175970233049763
2000-03-22,-0.011399402035831731,0.00035445299525718905,0.8357807166607816,0.0,0.0,268.9157950873653,-0.00026623848930927324,8.377532481063099e-07
2000-03-23,-0.014038444617710547,0.0003529095885443823,0.811527805364289,0.0,0.0,271.3076672958116,-0.0006454560884648124,8.66843038238585e-07
2000-03-24,-0.010916470218512973,0.0003514265862561889,0.8119935576300613,0.00391517076536087,0.0,266.69190128779013,-0.000809240396960644,0.0040180300106210706
2000-03-25,-0.014554856271393557,0.0003498765287426232,0.8017814909221987,0.0,0.0,266.94584767113525,-0.0005568521528762613,4.3694918614658563e-07
2000-03-26,-0.012370313081027423,0.00034836532369171834,0.7903921698446328,0.0017488290276904566,0.0,268.68361213023155,-0.0006651910769063875,0.001790902068957151
2000-03-27,-0.014331292171599503,0.0003467953137758762,0.7792194028807674,0.0,0.0,270.64829994101086,-0.0005190285227898151,8.642672355563263e-07
2000-03-28,-0.011442980860586222,0.0003453761675937028,0.7597573490466102,0.0012131556658084785,0.0,270.8480959243918,-0.0006037475172914355,0.0018182666956299163
2000-03-29,-0.009175687270649411,0.0003438309087591656,0.7771497248705275,0.00419775684927143,0.0,267.91941785363383,-0.0007179582249478432,0.004351703662554477
2000-03-30,-0.008051633245527408,0.0003423569566112454,0.7889583609198448,0.004182249581241339,0.0,264.3513740640127,-0.0005709115563139405,0.004189811470042568
2000-03-31,-0.006703859584479683,0.00034088300446332516,0.8122055139918787,0.002307502142453598,0.0,263.16458608695575,-0.0003390784696333826,0.0023698785042344447
2000-04-01,-0.009106071950015376,0.0003394255530362749,0.8283197147922553,0.001602757827373548,0.0,263.8163334654325,-0.00039012240256461724,0.0016132195790608725
2000-04-02,-0.006622988709622185,0.00033798300277041853,0.8599959263918315,0.009131347287004278,0.0,265.5496271029255,-0.00046246316241847595,0.009158907468709569
2000-04-03,-0.008728643090037978,0.00033652395178369215,0.8973747296521893,0.0010564618107289246,0.0,261.8415039766531,-0.00043380791374013925,0.0010618391600709567
2000-04-04,-0.0159670775808857,0.0003350830010775119,0.8816547860758004,0.0,0.0,272.0464209935535,-0.00039995219663711595,1.2814997489840607e-06
2000-04-05,-0.021640805622278634,0.00033364710161241435,0.8485107421875001,8.531167345531916e-06,0.0,272.84573209802085,-0.001375783334807151,9.237733827620434e-06
2000-04-06,-0.010798120313445054,0.00033224925483013953,0.8246518582274013,0.0023079218164002158,0.0,268.6439430179345,-0.0007247083930898521,0.0023725832416369094
2000-04-07,-0.009742365339718296,0.000330813355365042,0.8611380079596282,0.006206032604315861,0.0,264.51860910979593,-0.0007398827317155014,0.006324229267243747
2000-04-08,-0.01662730728670702,0.0003294485100245072,0.8590147661399484,2.9466835792455294e-06,0.0,268.09133806605803,-0.0005608135729102091,2.9268574579960883e-06
2000-04-09,-0.016345754097410514,0.00032803576208103853,0.8403439854048966,7.65321955168988e-06,0.0,270.2339772046623,-0.0007011601490910445,6.216675201248966e-05
2000-04-10,-0.009012879582784943,0.0003266544160196337,0.8306698556673728,0.002237346444257909,0.0,269.90137690384284,-0.0004496038970300707,0.0024327696715694905
2000-04-11,-0.01338369323540542,0.00032524991843660005,0.8212288319503296,0.00015024015795713093,0.0,270.3842426271313,-0.0005931130552527594,0.00015705532599847848
2000-04-12,-0.018966928840020283,0.0003238768227356302,0.800393659516243,0.0,0.0,273.13655279989297,-0.0010303142138541083,1.284479992591514e-06
2000-04-13,-0.01952001747101714,0.0003301459180433198,0.7738855509210217,0.0,0.0004476986951747183,274.50907072509074,-0.001066050965780929,0.0001410439443716802
2000-04-14,-0.0067136068381158645,0.00032521784305572515,0.7555701764065443,0.004022098783045839,0.0001871667928614859,272.13794835049333,-0.0006677731924222014,0.00482195901124515
2000-04-15,-0.006937418659191347,0.0003197873379551085,0.7839242823828861,0.002513943924068731,0.0,269.6722121768528,-0.0005412226448119697,0.002548186161375129
2000-04-16,-0.014873203542609674,0.00031842089305489753,0.7755126953125001,6.147770810935457e-05,0.0,270.9112587621657,-0.0006069272419827133,6.225149510270459e-05
2000-04-17,-0.016272878411126002,0.00031708744959642657,0.758796189015419,0.0,0.0,273.0657674175198,-0.0008069480964019474,6.143252043481577e-05
2000-04-18,-0.007992173150434333,0.0003234511714870647,0.7425502626235876,0.005475195282596653,0.00019512336048702734,273.14877627888194,-0.0005219430099688682,0.007443989656334425
2000-04-19,-0.009244447458261825,0.0003390423322128037,0.855704384784016,0.01801325462884822,3.926167632900389e-05,271.72660347746364,-0.0007418809553324166,0.02025808883917658
2000-04-20,-0.01567080499088697,0.00031317492662850076,0.8689374043667609,2.631065198930643e-07,0.0,271.63826977286186,-0.0006607388603990362,0.0003959668220992007
2000-04-21,-0.019165477594413328,0.0003236437079596655,0.8421821666078156,0.0,0.0006792758312602502,274.40269194349736,-0.0007422422453508539,4.261732051702438e-07
2000-04-22,-0.015291365821146026,0.0003887600986297522,0.8087190387388183,9.937466537885073e-05,0.0020302292275226727,274.4115243362168,-0.0007168715819716455,0.004250980666280917
2000-04-23,-0.005280155246540652,0.000409916211656258,0.7960676347693033,0.006001390285242749,0.0026653352388217627,273.6190608073089,-0.00028582422936198406,0.011624047341647473
2000-04-24,-0.005783946121816581,0.0003164518350935252,0.8506303058056732,0.010620379094350136,0.00014383872013307562,271.3016791657989,-0.0007731004770697848,0.011684194258107435
2000-04-25,-0.01665323955864556,0.00030676927943687655,0.8882031341955038,0.0016097359064608644,0.0,270.5214402545419,-0.0009354876280672807,0.0016563440897401074
2000-04-26,-0.016672416847977933,0.00030558829927175064,0.8818646734492703,0.0031373914183869876,0.0,272.36035701155436,-0.0009127591163088372,0.0038848403182363232
2000-04-27,-0.019546549746208945,0.00030430275841621357,0.8769368029808146,0.0,0.0,272.6614264507976,-0.0007443681969649374,0.0
2000-04-28,-0.024375271915042473,0.00040448545399358725,0.8487866073004945,0.0,0.0044108103897611975,277.1847274694066,-0.000983685286620916,0.00011367302820841453
2000-04-29,-0.008695781778144297,0.00036942184308154434,0.8200524971310028,0.008489965361222037,0.0021872549070476813,274.4816233999536,-0.000535852891408791,0.01013515369366294
2000-04-30,-0.015326616033322395,0.0003007877681214931,0.8566827863847694,0.001134444912106304,0.0,270.9102087146594,-0.0011028582703764157,0.0011609178596285153
2000-05-01,-0.021147658680118413,0.0005842597134369242,0.8345296683733523,0.0,0.003235389536383462,276.1586020913277,-0.0005973839374669527,8.610413288231242e-07
2000-05-02,-0.02417552168086424,0.0011544299159346328,0.7891241098752355,0.0,0.00754252095091141,277.9986713466896,-0.0009858995875985609,6.376233814657745e-05
2000-05-03,-0.02375265240332501,0.001065994891743202,0.7404661016949152,0.0,0.00757121658847157,277.61495236757787,-0.0009333403402213325,0.000183024076417267
2000-05-04,-0.02856769724249167,0.0010716837678251968,0.6945924920550848,0.0,0.009995675082765733,279.3613597920161,-0.0013764594960431597,0.0
2000-05-05,-0.020947276493587064,0.0017200768162301705,0.6486885372528249,0.0,0.011900596867846905,278.67421928233347,-0.0007960957364510683,4.5847774893964746e-05
2000-05-06,-0.012551056505259821,0.0005127927341030142,0.6097405212747176,0.0002041167690087173,0.0031872824423730714,275.0453878391934,-0.0006573358340199385,0.002587447597436636
2000-05-07,-0.004840831509080984,0.00039490628040443035,0.6211335205537901,0.01224110834300518,0.0008651919789233451,273.17142768902966,-0.0004924242937211264,0.015637163405359547
2000-05-08,-0.010446202746555631,0.00030531620575209795,0.7018111923993645,0.003115943922413944,0.0,271.2606162629784,-0.0007924388273287627,0.004017709943446137
2000-05-09,-0.01370193034747226,0.0003060068787828004,0.7006555474635123,0.000705537307312933,0.0,272.1852112067846,-0.0008424849402012126,0.0012497717728475865
2000-05-10,-0.01628037281123932,0.00032287448813012764,0.6928097137623588,0.000511602198673507,0.00038061450935353,273.04270375425983,-0.000892938803986641,0.0010908565952279475
2000-05-11,-0.012582416335741678,0.0003157588890043356,0.7018305029572741,0.004589594311296604,1.3934332603788646e-05,270.3111286881729,-0.0011634279389755202,0.005372684301629579
2000-05-12,-0.008745584700067165,0.000314772802557649,0.7363787002707157,0.00706518304634229,0.0,266.14639047669374,-0.0007284510680763736,0.007175233606519322
2000-05-13,-0.012135226889855445,0.0003181854210330942,0.77079999963218,0.001398120043893992,0.0,268.05124273497734,-0.0004927815164381502,0.0016382507685164375
2000-05-14,-0.016670903454055894,0.0003215131786583507,0.7689629678672317,0.0005851536042104334,0.0,271.2524071637745,-0.0006422940010236481,0.0007052891751106503
2000-05-15,-0.021357342558728776,0.00037847341453961736,0.7519322052289313,4.5416971384468726e-07,0.0018911561428827082,275.4066970056509,-0.0009058423887538372,0.000546942760710403
2000-05-16,-0.0159520189472511,0.0012240357654916365,0.7222491190707393,4.043474288310035e-05,0.004804577025990029,275.32372702043614,-0.0005784691916515598,0.0039030326119924
2000-05-17,-0.003336904328421684,0.003115985437301593,0.7018242959922317,0.01159567331190163,0.005428821037886507,274.23766449391286,2.7697901688726613e-05,0.026096039471562277
2000-05-18,-0.014724383919926013,0.00039454435898085777,0.7543480939559793,0.002137100987010083,0.0013369121036287083,273.3023716914003,-0.0008853009381031587,0.0024739901164007485
2000-05-19,-0.01733905779944975,0.000721337768317616,0.7248119059704567,0.0,0.0037271461244356837,275.2828064575483,-0.0006776874737635171,0.0007240819391662792
2000-05-20,-0.015301963956342582,0.0008949349492283191,0.7086071294579803,0.0023748550963940598,0.002953138981161818,274.47279887370024,-0.0007595404309068023,0.005734986995075379
2000-05-21,-0.01920542781804241,0.0013968364498709554,0.6832866201741997,0.0,0.006902339810368706,276.47678265688336,-0.0007775281740110474,0.00027982600298686125
2000-05-22,-0.019094037323516642,0.0035474294491406894,0.6347387281514831,0.0,0.014242833069825577,278.6345200439856,-0.0004093376393456244,0.0012671207808724098
2000-05-23,-0.017157772061346617,0.0039835585712713045,0.5844462191766714,0.0,0.01341916892235562,278.21406837506487,-0.0003773154333065459,0.001861858670994387
2000-05-24,-0.009317854577201908,0.003974879865592483,0.5434347321533662,0.0012147265386446722,0.009277143531431586,276.13630925194695,-0.0001979090515418915,0.008215428863439237
2000-05-25,-0.016734203544713683,0.0023567487122648856,0.5150146484375001,0.0,0.009845512629733922,276.96828916158154,-0.00046674766719846406,0.0009137752606256905
2000-05-26,-0.010443819318450778,0.005251098824086162,0.4791664367790725,0.0004874647379258258,0.01071554959072905,276.48411191879245,-0.00012875314654603516,0.00809187314931153
2000-05-27,-0.02160262863683162,0.002207618311973615,0.4507100308233287,0.00011703967627158947,0.006201689505139314,276.02438761824277,-0.0010228130050887498,0.0025440964801222345
2000-05-28,-0.026403403299003,0.0029519526971935554,0.4166227581361818,0.0,0.012236254279222866,279.94581932312127,-0.0014084764245876485,0.0012050456065587451
2000-05-29,-0.023066648150567956,0.0019775608838614772,0.376843698505179,0.0,0.008566360226122,279.72196590833073,-0.0012141008266789764,0.00010585160255604574
2000-05-30,-0.009930301099847267,0.0026609988535864883,0.34925994585687387,0.0,0.008943500744420931,277.1690051910343,-0.00034817911179388985,0.0010814583570893977
2000-05-31,-0.01754825116045731,0.006112649447500369,0.31853638844750476,0.0,0.013948201291305197,279.6879376556914,-0.0008293155917508455,0.0029063591849332483
2000-06-01,-0.021448109951396448,0.0029042410311725855,0.28825444510652076,0.0,0.0015587653691149029,274.85126241048175,-0.001587970866321844,0.0018063952356058863
2000-06-02,-0.027541503941608692,0.0026125189779841965,0.2763704059263183,0.0,0.0044300213750809595,278.6123649000897,-0.0016224177312211129,1.2916954688080295e-06
2000-06-03,-0.03119016817565692,0.0033959136002481324,0.2528972733492232,0.0,0.006428333451855654,282.22268342702404,-0.0018144438916680504,0.0006947871654484635
2000-06-04,-0.020367014669092364,0.003588878502280026,0.23328372359051322,0.0,0.006261096814763075,278.9673102571017,-0.0011021070666400728,0.0006527179715209897
2000-06-05,-0.029005837053228907,0.0053119033911807395,0.21331085952212808,0.0,0.009328606943626189,282.4752282898754,-0.0014135433771347596,0.0
2000-06-06,-0.0346528547210882,0.005459077950924804,0.18492456928260362,0.0,0.009866267105953843,285.7557820752965,-0.0017538827259914352,5.579952377313361e-05
2000-06-07,-0.03655978001780429,0.0060703829351791555,0.15837439125765068,0.0,0.010572794193433504,286.1221889955625,-0.0016803905936115882,9.577025471219708e-07
2000-06-08,-0.04208693695438784,0.005538774328043232,0.1307101779513889,0.0,0.00894805658503441,287.5595264075616,-0.002247477029213461,0.00017486935281342032
2000-06-09,-0.03508855869709435,0.005690821314935631,0.10624485051789079,0.0,0.007129997499076661,284.283630234598,-0.0018813031394097769,0.00023148096886907934
2000-06-10,-0.02777349586877446,0.004565854867299398,0.0924610202595339,0.0,0.0028099064310055,278.94924424237905,-0.0018415377385872234,0.0008962577850805166
2000-06-11,-0.033124234800958365,0.005277980434692513,0.08171561433321563,0.0,0.003925921363850771,280.9533088957074,-0.0020776414707050486,0.0007971370631632792
2000-06-12,-0.027349222262026903,0.004945020638616745,0.06811132628589925,0.0,0.004323767803314716,281.7456526388107,-0.001600342008185252,0.00021246018492789096
2000-06-13,-0.0148022841599028,0.006633339965410825,0.05893835150364878,0.0005426635008073797,0.004165256680068324,277.2524038663243,-0.0021715709718607245,0.010167394316566596
2000-06-14,-0.022068630925006116,0.006688591198059125,0.05029250897481168,0.0,0.0043922101415820045,277.6600709509266,-0.0017615373609429703,0.001141828450287857
2000-06-15,-0.014386213137268346,0.008430735876331223,0.03794179797846045,0.0004082099655590489,0.003959918678817103,278.40404976020426,-0.0023168310901876227,0.011436258264849156
2000-06-16,-0.009375240253863363,0.006625618048980412,0.06693062360228343,0.007734337295431875,0.00171329541984251,273.0884568273685,-0.0015984669033080171,0.01208348952780512
2000-06-17,-0.015794341299830185,0.006481004047528499,0.10144088946268834,0.003971942284770605,0.0015171927078969063,273.22246335994055,-0.0015080333134885563,0.005388476417563056
2000-06-18,-0.02788062650436736,0.006294780700220227,0.08896075175082394,0.0,0.004847463346638922,278.5310011646393,-0.0018619785537827489,1.689142996513197e-05
2000-06-19,-0.021507211660934708,0.006651514078264183,0.062185283883592284,2.870945480920501e-05,0.003057859269744259,280.2850126600535,-0.0016845466074465359,0.003246038007151933
2000-06-20,-0.010631094670901866,0.0063983454542644955,0.058876511740819204,0.002737281286278687,0.0032302431425469077,275.2816207188896,-0.0022834895736416855,0.010630298078517965
2000-06-21,-0.024523837039362915,0.0056440464857607925,0.0509745854666902,0.0,0.003630240400463848,277.8283239928567,-0.0020488147166068276,0.00017998034274869558
2000-06-22,-0.029967714837715455,0.005598701494561751,0.03165575160369585,0.0,0.0036997827306642374,283.22345345348066,-0.0022133976736732125,0.0006637876919661578
2000-06-23,-0.02790454269970878,0.005176462106785532,0.01675029977342279,0.0,0.0028119175615957228,283.58082159225546,-0.002315399905214202,0.0004825083549413304
2000-06-24,-0.025317928548586572,0.004969587517996967,0.007534106123469869,0.0,0.0015166828061564496,282.76109210874625,-0.0027690349294051614,0.003663041025859811
2000-06-25,-0.011367944211272872,0.005213787074142931,0.0034469345868644074,7.74512056913753e-05,0.0005932795883572035,280.4474067292869,-0.0029125921112501015,0.012987574468824687
2000-06-26,-0.020299004548687046,0.004973854469714192,0.0025007172492937857,0.0,0.000261696971068948,277.8014695586009,-0.0024089741567939016,0.0034623861312184094
2000-06-27,-0.008285842162404357,0.005195610604043735,0.00162208686440678,4.176723923386827e-05,0.00022716592934172034,277.8615985518346,-0.0027826079719905127,0.012328836927911467
2000-06-28,-0.022176132111226102,0.004899453476997419,0.0010138042902542374,0.0,0.00015259325756865035,278.6515446643147,-0.0025340639223149944,0.0018319812534892629
2000-06-29,-0.028097939188197512,0.00465284111136097,0.0005406956214689266,0.0,0.00010643499550846339,281.7957062083674,-0.0029158080522876002,0.0034035163073889954
2000-06-30,-0.032787943627201235,0.0044416461960744055,0.00045057968455743883,0.0,6.189973930181084e-05,284.2445849653916,-0.002823446356391503,1.6460041450888232e-05
2000-07-01,-0.030490691421058896,0.00431652560745929,-7.3453647229951e-24,0.0,2.998183086767035e-05,286.02419193720414,-0.0029207706072572935,0.003389503782713492
2000-07-02,-0.03234093834114614,0.004087349620916076,-7.3453647229951e-24,0.0,1.2146340588391837e-05,285.9533576749813,-0.0029871027632537533,0.0007573549776751947
2000-07-03,-0.033506039003867887,0.0039143439403361525,-7.3453647229951e-24,0.0,4.491710898566381e-06,286.94646248754583,-0.0030319775470485123,0.0014645639280587539
2000-07-04,-0.037305891008700354,0.0037341133012609965,-7.3453647229951e-24,0.0,1.2986319886762545e-06,284.92686593510115,-0.002977098333044241,0.0007874478391107463
2000-07-05,-0.03596051630832381,0.0035877192424515546,-7.3453647229951e-24,0.0,5.626872097705045e-07,284.3685015841842,-0.003092008784918462,0.0016406632918255781
2000-07-06,-0.04400527397286421,0.003427263538716204,-7.3453647229951e-24,0.0,2.433856328328451e-07,287.3093624617869,-0.0032812318959310237,0.0
2000-07-07,-0.0407039013791219,0.00329038517623298,-7.3453647229951e-24,0.0,1.1550504609016377e-07,286.7088711948718,-0.002981802932707604,5.810307815303697e-06
2000-07-08,-0.03640602731098563,0.0031639339223419882,-7.3453647229951e-24,0.0,5.1564752718823115e-08,288.2265635991501,-0.0029350960322019073,0.000218449036177996
2000-07-09,-0.03766716431594838,0.003046266860881094,-7.3453647229951e-24,0.0,2.0625901087529242e-08,288.0430008588313,-0.002901821960247843,0.00037900169016951226
2000-07-10,-0.03471196615426554,0.0029341893344275696,-7.3453647229951e-24,0.0,4.125180217505848e-09,287.1145913003753,-0.0026507535581029745,9.710844288184813e-05
2000-07-11,-0.03393448813486908,0.002831086179630905,-7.3453647229951e-24,0.0,2.062590108752924e-09,285.61879598039246,-0.0024657525164259357,0.0001171604555529253
2000-07-12,-0.036223610957800335,0.0027327821247995236,-7.3453647229951e-24,0.0,0.0,287.32362243954077,-0.002682957335212137,2.977709357310232e-06
2000-07-13,-0.041235938289407956,0.002639290303160242,-7.3453647229951e-24,0.0,0.0,289.4518719294202,-0.002624395771720315,8.821487718080334e-07
2000-07-14,-0.04173847460477366,0.0025508785988651427,-7.3453647229951e-24,0.0,0.0,290.96975942565,-0.0026344688251446202,4.3213906219285005e-05
2000-07-15,-0.04305565487698647,0.0024663684731822907,-7.3453647229951e-24,0.0,0.0,290.90156919044745,-0.0026714855983937524,2.7687872415746397e-06
2000-07-16,-0.03282534267942784,0.0024128387876823127,-7.3453647229951e-24,0.0,0.0,286.85167062978513,-0.0022134820662312593,0.0027145070544402883
2000-07-17,-0.01746083703418236,0.002548857934057376,-7.3453647229951e-24,0.0,0.0,285.63856009934136,-0.0031281255375025636,0.014906764198831248
2000-07-18,-0.021770318896420258,0.002326897140276634,-7.3453647229951e-24,0.0,0.0,284.13923434528704,-0.0031657070395047383,0.007295822693016031
2000-07-19,-0.022532949634527757,0.002460170768748569,-7.3453647229951e-24,0.0,0.0,282.8926475618294,-0.00334681216416891,0.01121418455899772
2000-07-20,-0.02281144758065542,0.002149650100934304,-7.3453647229951e-24,0.0,0.0,282.67440326784066,-0.0024937961545199324,0.002203474644168272
2000-07-21,-0.023183235635528456,0.002134105580001228,-7.3453647229951e-24,0.0,0.0,283.04042919611527,-0.0025161430502762903,0.004758441868405673
2000-07-22,-0.0297003683060576,0.002017881405555596,-7.3453647229951e-24,0.0,0.0,284.61178155313553,-0.002833193583719138,8.104231393436918e-05
2000-07-23,-0.04021119393702955,0.0019719013891651136,-7.3453647229951e-24,0.0,0.0,288.66874021325407,-0.0030696489927122153,0.0007657584665858814
2000-07-24,-0.0370402278031333,0.0019169197244159246,-7.3453647229951e-24,0.0,0.0,287.745814540741,-0.0027501625561360587,1.4346905301842891e-05
2000-07-25,-0.03567671190715779,0.001869556509842307,-7.3453647229951e-24,0.0,0.0,286.08937370170986,-0.0027061555018953686,2.17848071540334e-06
2000-07-26,-0.03469586204000786,0.0018254191861987788,-7.3453647229951e-24,0.0,0.0,287.8497852138656,-0.002511264766845326,0.00021858175716908467
2000-07-27,-0.03268092390844378,0.001790294286894933,-7.3453647229951e-24,0.0,0.0,288.50462561857006,-0.0027986319819833603,0.0013108383328169452
2000-07-28,-0.03382080263000424,0.0017397224397982583,-7.3453647229951e-24,0.0,0.0,287.96779773374516,-0.0023884839657167933,0.00018501719512508413
2000-07-29,-0.0353484009366251,0.0017239469087730022,-7.3453647229951e-24,0.0,0.0,288.16882861581,-0.002456638814702546,0.0028728372969869845
2000-07-30,-0.03398442941870393,0.0016688089922996566,-7.3453647229951e-24,0.0,0.0,288.6429914126064,-0.0027013250894970813,0.0012080577132715883
2000-07-31,-0.035125899491673815,0.0016202433297863117,-7.3453647229951e-24,0.0,0.0,289.19232198208744,-0.0025971211324640584,0.00020142842760151328
2000-08-01,-0.03748031789805256,0.0015879690142001138,-7.3453647229951e-24,0.0,0.0,290.2500322381431,-0.0026423753539131863,0.0010751375706733552
2000-08-02,-0.03198972159186326,0.0015749597953537765,-7.3453647229951e-24,0.0,0.0,289.4644990730645,-0.0024399093567988297,0.003488156687719162
2000-08-03,-0.03276835352519138,0.0015068341278086947,-7.3453647229951e-24,0.0,0.0,288.56863525807296,-0.002422710927992554,3.793599915369756e-05
2000-08-04,-0.029983525559053585,0.001485286796160337,-7.3453647229951e-24,0.0,0.0,288.05883947469425,-0.0024616975642446073,0.001966955129709621
2000-08-05,-0.022358892075086047,0.001534719756767575,-7.3453647229951e-24,0.0,0.0,284.5938156221322,-0.003208212128256337,0.00994055452981992
2000-08-06,-0.02909979977681812,0.0014127244551976523,-7.3453647229951e-24,0.0,0.0,283.95810839191444,-0.0024837518352909954,0.0007449212551327072
2000-08-07,-0.03440520036860375,0.0013863381187794572,-7.3453647229951e-24,0.0,0.0,286.0678864243789,-0.002513419868329824,0.0013277392316547387
2000-08-08,-0.036671784638011524,0.0013462921320381812,-7.3453647229951e-24,0.0,0.0,287.55026057255924,-0.0024964147178971837,7.20569923858595e-05
2000-08-09,-0.03622541462970993,0.0013346927987653659,-7.3453647229951e-24,0.0,0.0,288.41333972622,-0.0026216295752990045,0.002276363709349469
2000-08-10,-0.03168093943494861,0.0012919154375959927,-7.3453647229951e-24,0.0,0.0,289.62215776676965,-0.002118838067024441,0.0005370483309612266
2000-08-11,-0.03844085828227512,0.0012658462349304372,-7.3453647229951e-24,0.0,0.0,289.68188780085967,-0.0024696703431969984,0.0006455885415342414
2000-08-12,-0.039636118768972196,0.0012348668049957793,-7.3453647229951e-24,0.0,0.0,287.2236553450762,-0.0023347009657382297,4.261732051702438e-07
2000-08-13,-0.04357674019148121,0.0012088146081752022,-7.3453647229951e-24,0.0,0.0,288.9251626368521,-0.0023958352894264427,1.742231006574002e-06
2000-08-14,-0.04756227956484941,0.001183429511926942,-7.3453647229951e-24,0.0,0.0,288.4359382263011,-0.002312239711988444,1.2821916470784345e-06
2000-08-15,-0.038971671318940526,0.0011585957586428542,-7.3453647229951e-24,0.0,0.0,288.5427616428297,-0.0021620815630349734,3.860711103698122e-06
2000-08-16,-0.03395507429952675,0.0011380018487488484,-7.3453647229951e-24,0.0,0.0,288.251536202296,-0.00202145045465332,0.0005910047030272188
2000-08-17,-0.03376241276661555,0.001116604623147997,-7.3453647229951e-24,0.0,0.0,284.6879609138503,-0.0021873099813606105,0.0008187130682317551
2000-08-18,-0.034489133389992904,0.0010975346726886297,-7.3453647229951e-24,0.0,0.0,286.552970045704,-0.002009574408079945,0.0012876075578757136
2000-08-19,-0.03548911163362406,0.0010685508197310282,-7.3453647229951e-24,0.0,0.0,285.9951602016241,-0.0018470445805687016,3.3070474231308103e-06
2000-08-20,-0.0361258958776792,0.0010518922475771717,-7.3453647229951e-24,0.0,0.0,285.5665222713952,-0.0018617724420997386,0.0008015351443640931
2000-08-21,-0.029764334865882574,0.00103040090051748,-7.3453647229951e-24,0.0,0.0,282.72324262500484,-0.0017264263209818447,0.000492479774236605
2000-08-22,-0.0345542361002184,0.001008320326185496,-7.3453647229951e-24,0.0,0.0,284.49291127953825,-0.0016044465519782518,8.296343561360382e-06
2000-08-23,-0.036443254157985,0.0009892938163994396,-7.3453647229951e-24,0.0,0.0,286.41240895086315,-0.0017090339508265427,2.4738096508269342e-05
2000-08-24,-0.03384646769128951,0.0009705765267549936,-7.3453647229951e-24,0.0,0.0,287.5315090366227,-0.0016092622894688514,2.359123216510493e-05
2000-08-25,-0.03359538177817555,0.0009542669111725974,-7.3453647229951e-24,0.0,0.0,286.8993258718717,-0.0015562673515014057,0.0003614239773458108
2000-08-26,-0.03267631738704477,0.0009351866898563623,-7.3453647229951e-24,0.0,0.0,287.1434848124474,-0.001456742411700346,3.5251230775110994e-05
2000-08-27,-0.036266147711519474,0.0009207629551321773,-7.3453647229951e-24,0.0,0.0,286.30996108549016,-0.001620882164455403,0.0005323126882634861
2000-08-28,-0.036173448429606056,0.0009033926631097742,-7.3453647229951e-24,0.0,0.0,285.30730265457527,-0.0014794594371470356,0.00034940678753883804
2000-08-29,-0.03478826523500648,0.0008858949956247363,-7.3453647229951e-24,0.0,0.0,285.55536371076624,-0.001469153000599584,1.4294843889225674e-05
2000-08-30,-0.023677311669298484,0.0008743861637546519,-7.3453647229951e-24,0.0,0.0,285.05000633843207,-0.001080273682156862,0.000878900205348171
2000-08-31,-0.00969138539443582,0.0009006141437649055,-7.3453647229951e-24,0.0,0.0,279.96438464651453,-0.0026236435419506273,0.007285356639423263
2000-09-01,-0.02043328240597989,0.000862725205340628,-7.3453647229951e-24,0.0,0.0,281.71361289230896,-0.0017184131005305357,0.00282993082599322
2000-09-02,-0.03142567067328146,0.0008340658104352359,-7.3453647229951e-24,0.0,0.0,281.44984979144596,-0.0018212833089259388,0.0010020490420066706
2000-09-03,-0.03330689664446028,0.0008166870996776949,-7.3453647229951e-24,0.0,0.0,281.89125234887655,-0.001551408736340407,0.0002835662687215965
2000-09-04,-0.032461519463587614,0.0008020042362859695,-7.3453647229951e-24,0.0,0.0,283.54842156519777,-0.0016082298000064275,3.7689953155086445e-05
2000-09-05,-0.036173710041800464,0.0007887160205571667,-7.3453647229951e-24,0.0,0.0,285.6593284678774,-0.001619950936591558,3.873598093911058e-05
2000-09-06,-0.02083565202136498,0.0008116240723658417,0.00010390919256120527,0.0004735723516698611,0.0,282.0613509751085,-0.0012709609427526173,0.005433070188097334
2000-09-07,-0.022089040296225902,0.0007685557597101072,0.006040526424199623,0.0003913067660089267,0.000255208241484933,277.42398065541875,-0.0017266317170723685,0.0007850473041588304
2000-09-08,-0.03334960375128493,0.0007539184416754772,0.0036317642125706217,0.0,0.00019565340405130118,281.54870797281217,-0.0015291667117153186,0.0
2000-09-09,-0.033476695755107255,0.0007657378406847939,0.004210161399482109,0.0010479951308945477,6.01708257602433e-05,279.9267342346537,-0.001964101620481513,0.004515438124174433
2000-09-10,-0.028439855381930616,0.0007326155900955201,0.007380541210569681,0.0,0.0003517937272955469,279.04833840695255,-0.0014581405215680937,8.464355119031097e-07
2000-09-11,-0.016103061663228915,0.0007610512992083017,0.0053474153278013185,0.0002179352703404292,0.0004602424632021263,279.03489611063526,-0.0019440703030865073,0.005490759902074508
2000-09-12,-0.023611566104457877,0.0007112066624528272,0.0032191159810499056,0.0,0.0003225990481632578,281.7808173874677,-0.0013959284787629284,1.3020503502048086e-06
2000-09-13,-0.02617175965490988,0.0006988915683185987,0.0017512836923258004,0.0,0.00015477136324691237,283.9938841458768,-0.0014003019169562282,4.251570544511196e-07
2000-09-14,-0.024895265698432922,0.0006877183072311057,0.0004956376530131828,0.0,6.993219130120035e-05,283.54138158808996,-0.0013574448777204855,1.2844083130403305e-06
2000-09-15,-0.03116200035069622,0.0006770793832628067,-7.3453647229951e-24,0.0,2.518354120564326e-05,286.08916253558664,-0.0014262920519137116,4.279080592084483e-07
2000-09-16,-0.03190826081623466,0.0006669151917689264,-7.3453647229951e-24,0.0,8.550730381308303e-06,286.62376666742534,-0.0013983431088048861,0.0
2000-09-17,-0.024469541627808483,0.0006633879943082563,-7.3453647229951e-24,0.0,3.1433241852259236e-06,286.30320558709616,-0.0012723729751035991,0.0009550907180352939
2000-09-18,-0.0263591256771384,0.0006478837991164904,-7.3453647229951e-24,0.0,1.2820470804548534e-06,283.858319133464,-0.0012109871048711788,0.0
2000-09-19,-0.008210900728985414,0.0007910736873324983,-7.3453647229951e-24,0.0,6.28837421115509e-07,279.08189360121105,-0.0034147896514521484,0.018837635799989864
2000-09-20,-0.013644255908195582,0.0006386174657250529,0.017102027792490586,0.0031066893436814437,2.615826235989393e-05,271.84118428921744,-0.0015062800171853463,0.004074938216451871
2000-09-21,-0.01056111965980907,0.0006256379650137519,0.02116460135652072,0.0035366197090364454,0.00012838051228199974,273.9316643680781,-0.0007032839486659584,0.0038904200839457543
2000-09-22,-0.0038060872989185784,0.000615290160906517,0.12152639845221282,0.016886690242142326,0.0,267.26952362419746,-0.0005172251613210823,0.01706759889245917
2000-09-23,-0.004875845786205119,0.0006073767182517187,0.18138154168137946,0.004298985551642833,0.0,265.17018848713735,-0.0006095363921617385,0.00430583578371603
2000-09-24,-0.0103112793827461,0.0006092166328160777,0.176384475047081,0.00016346291802023764,0.0008916390459921401,267.874871984938,-0.0008645256781308666,0.00016531898803500786
2000-09-25,-0.013584729136720214,0.0006229032230915997,0.1611061455390772,0.0,0.002788397362508343,271.51936435160667,-0.0011177667716549616,1.2755393754559918e-06
2000-09-26,-0.01638999034119191,0.0006200812630734201,0.13612541011946802,0.0,0.003145309933329706,273.1739758313713,-0.0011517588933140546,1.2986548654225771e-06
2000-09-27,-0.01655634046442765,0.0006184746316597287,0.11002673132944915,0.0,0.003501743962199001,273.4646300443373,-0.0012185812459490394,1.7179293081426295e-06
2000-09-28,-0.01781176800950099,0.0006166190582480136,0.08298804216690209,0.0,0.0037532944842583725,276.13284227762745,-0.0013364466107161032,4.261732051702438e-07
2000-09-29,-0.017544692434833548,0.0006173261478122345,0.056970283810028256,0.0,0.003588217179064697,278.1999475619214,-0.001371404587549005,0.0009144202800793837
2000-09-30,-0.016829407358236907,0.0005914616045978784,0.0352226875147128,0.0,0.0022965946292641476,278.3069462964764,-0.0012596122773185288,0.0005554613204491949
2000-10-01,-0.012272228123778003,0.0007178811198574001,0.02095494387064501,0.0,0.001339741177478079,278.36614102652743,-0.001887465527249595,0.007925166801870909
2000-10-02,-0.012509063980673668,0.0005578622642883473,0.014590275938677025,0.0,0.0003661672547880539,275.97207496844226,-0.0012829801183467532,0.0007525413571436674
2000-10-03,-0.009061625406230237,0.0005496125773521467,0.014473263153248591,0.0007608601728738365,0.00010176522836173324,274.24865437451956,-0.0009597561895678947,0.0019197398373756132
2000-10-04,-0.010257584858412123,0.0005400285208966099,0.0226531235287194,0.0010561109809888959,0.00016702511637224318,272.8042859653969,-0.0008141720288638341,0.0015209629992725528
2000-10-05,-0.007452739160613153,0.0005299975979799605,0.05521923000529661,0.005787816719483522,0.0,267.3354937379194,-0.0004371377550023424,0.005859204958382714
2000-10-06,-0.00902961413402342,0.0005306312761737803,0.06325564052201037,0.0005182687845607263,0.00042512137337593036,265.02330790805286,-0.0003863174710317521,0.0005204108811018021
2000-10-07,-0.013424830921625688,0.0005259849762512467,0.05765672816619587,1.647125529704121e-07,0.0004222201720132666,267.54287740560125,-0.00038599478091392144,1.0297795683648265e-06
2000-10-08,-0.016819874866534086,0.00053221947055752,0.05085826234404425,0.0,0.0012261087422148658,271.67785035688325,-0.00042092131377108354,1.2831746971642133e-06
2000-10-09,-0.018195699879341883,0.0005286839385490634,0.04069769045727402,0.0,0.0012661247477356325,274.64686913140076,-0.0005037779419940744,8.745133968091068e-07
2000-10-10,-0.015990646335027985,0.0005209799540244927,0.03139390963394539,0.0,0.0010305143429734614,275.1007407165068,-0.0006725683671522276,1.2755393754559918e-06
2000-10-11,-0.013780279348125566,0.0005155810191806427,0.023963482815442562,0.0,0.0006750118471471604,276.4792719839208,-0.0009141244299415142,0.0005432130252792875
2000-10-12,-0.01622340457755967,0.0005163654769207799,0.020735860993408666,0.000164353809619354,0.00019810698126668984,272.60620842770226,-0.0011114542619825084,0.0017132206875527698
2000-10-13,-0.010612975995419391,0.0004980362067788334,0.01902526740524953,0.00031951755958761877,0.0001371749124284518,271.14070371494904,-0.0004145923612565644,0.0005791251969675471
2000-10-14,-0.00715335083883361,0.0004938539475370935,0.02232783258298023,0.001415912293444919,0.00013852476189702247,270.3860791308732,-0.0002830412217789451,0.0016220770144866686
2000-10-15,-0.008744607074449292,0.0004913330414874406,0.029349979034251412,0.0013910334999278442,0.00018576644150550755,270.85698226885603,-0.00037244769434134167,0.001722148363770792
2000-10-16,-0.011914033000752078,0.00048823334739706616,0.034618772804849346,3.036216827435682e-07,0.00035130473558848865,271.6788189056454,-0.00035306363035056556,1.5895782611792616e-06
2000-10-17,-0.01314297802535828,0.0004932183330341921,0.030044699343808857,0.0,0.000986266786516723,274.9803826068081,-0.0005012849230045654,3.662592007458443e-09
2000-10-18,-0.015205757134715045,0.0004903243086432334,0.022643928024952922,0.0,0.001030253972542488,278.62624470841865,-0.0008682351833009452,8.583068620282575e-07
2000-10-19,-0.012963169375381901,0.00047622873621471867,0.016247305717396424,2.816803542907629e-06,0.0002321087160689683,275.9875362274113,-0.000630510108029775,7.561312220190878e-05
2000-10-20,-0.01192641531848638,0.000473044518023561,0.014312341837335218,1.8396830491426977e-06,0.0002836078026537168,274.71242024983843,-0.0006179850348560824,5.224953161174754e-06
2000-10-21,-0.015139223997202297,0.0004696915041928911,0.012190479343220342,0.0,0.00027547514665935,276.63640780547695,-0.0008576327335026305,3.8241070278107635e-05
2000-10-22,-0.006004004744486622,0.00046695650970868474,0.030300334348516953,0.00519351991640646,5.524584465781174e-07,272.1493136052134,-0.0006530951592797614,0.005909846159024428
2000-10-23,-0.008971915953913652,0.00048177929247839973,0.04140022694503297,3.4327392524245095e-08,0.0017151696197057176,273.5770166688047,-0.0004350271938884326,1.753757178510544e-06
2000-10-24,-0.008684934069544584,0.00047309284156325175,0.03049206060204802,0.0,0.0009879058826777894,275.9213134636313,-0.0005402217308680217,0.0005524422826066529
2000-10-25,-0.0025837325864592514,0.00046249954713939955,0.031127240024717517,0.0038832287162037225,9.985328099485173e-05,273.0025705096861,-0.0008010272157646842,0.0053364495604156775
2000-10-26,-0.0054146037515947374,0.0004609563929886468,0.06378346243820622,0.002465151229315559,0.0007091430620958576,272.24006899601994,-0.0005870852303706994,0.0028609159074756076
2000-10-27,-0.009135964226588017,0.00045898144191267807,0.06026388337158663,1.1605436855790306e-06,0.0009180288130449037,273.61968916912764,-0.0006413143812178892,2.7388117959712436e-06
2000-10-28,-0.013796835253804417,0.00045513424832942126,0.05193413628472223,0.0,0.0008320354956523174,275.44709886669443,-0.0008899308951561061,9.489901253543863e-06
2000-10-29,-0.009685080224848062,0.00044764039543388937,0.044605549670433155,0.0,0.0004859754110628602,274.0397255317415,-0.0006330232477962635,1.7211714293807745e-06
2000-10-30,-0.006289784096728611,0.0004438070085762585,0.04167080464336159,0.0011880564487586588,0.00020645689324470565,272.09955089375126,-0.0004894292392468049,0.0017402895699339658
2000-10-31,-0.002719484690555745,0.00043932647354858747,0.06755913628472224,0.0036978100526467556,0.0,270.90788045261763,-0.0004471082261389932,0.004425922692832301
2000-11-01,-0.005018519311301453,0.0004331083957758327,0.08611428355991056,0.004358509965872361,0.0,267.83590263610955,-0.00035133004441099654,0.0043675331663780015
2000-11-02,-0.0055222467514081195,0.0004306151031774317,0.11294906242643599,0.002671380753571031,0.0,263.7544560944294,-0.00043456029083769194,0.002700330826641642
2000-11-03,-0.007359707338661798,0.00043754136494997535,0.11355941398893599,1.0986449354785985e-05,0.0007158835223839109,262.32604277874793,-0.0005072066665621802,1.3559080067650652e-05
2000-11-04,-0.00991856214185219,0.00044427643724754027,0.10439195650894541,0.0,0.001372911025491138,268.5331025671375,-0.0004736876672944107,8.642672923997452e-07
2000-11-05,-0.004558865970137429,0.0004232326301477724,0.10117881760534371,0.0023703328886274565,0.0,266.57752880448453,-0.0003296141012829576,0.002373617079298375
2000-11-06,-0.0023564205499692153,0.0004208667971993571,0.11901901446268835,0.0022342291129174205,0.0,260.10596626267375,-0.000308941034231819,0.002237564678308049
2000-11-07,-0.004529637847579805,0.0004185523185352822,0.14993728666431264,0.003019929205798834,0.0,259.3271288323986,-0.00045177598331270916,0.003023565724824216
2000-11-08,-0.006633491081706549,0.0004232948446004404,0.144261591852048,2.4660579902304095e-07,0.000517611112971764,260.4795568649378,-0.00047873129994519014,1.2541725460955527e-06
2000-11-09,-0.0018515592746141945,0.0004140226180944066,0.1390380859375,0.0017631745944588872,0.0,261.40964997645375,-0.00020664929817456985,0.0017663031141960553
2000-11-10,-0.0010273301247823038,0.00041182149769896173,0.16131925133886535,0.0027054583937939952,0.0,257.958057676556,-0.0001967894597410482,0.002709247852878067
2000-11-11,-0.002690455418522075,0.0004096387301461171,0.1751085988994821,0.0003071775880910583,0.0,256.87788178108053,-0.000269453598996677,0.0003123003884223895
2000-11-12,-0.0025397191865969516,0.0004074831130140919,0.1622633996880885,1.1576118610673032e-05,0.0,254.0771894436996,-0.00026580521910540806,1.3398383228603586e-05
2000-11-13,-0.004212998611442114,0.0004056292233494042,0.1585114042637712,5.667282026366325e-07,1.5762913445968413e-05,256.5012849459316,-0.00031857535579783773,3.156722556722944e-06
2000-11-14,-0.005496700394288295,0.0004044253442247035,0.1553012538988936,0.0,7.931714467072891e-05,258.43643532948755,-0.00042409700799291423,1.7084733415064315e-06
2000-11-15,-0.002378250624837175,0.00040181208465058925,0.15316651769950568,0.001468754252471493,3.948800349976383e-05,257.28230143401584,-0.00028876608269194425,0.0014726358786246198
2000-11-16,-0.0031390204015424696,0.0003992203770384277,0.18160338320974576,0.0015915412729406088,-8.31350094854495e-10,256.0818548184555,-0.0002540732433987876,0.0015924154533504765
2000-11-17,-0.0018184639218836855,0.00039721217195866473,0.17610010409310264,0.001836669436619107,0.0,257.68007187924144,-0.00017878151167247255,0.0018417840019280918
2000-11-18,-0.0021976815526094816,0.0003952305700819371,0.18393743195327217,0.0010780123414966347,0.0,259.15662271603804,-0.00018550017795993784,0.0010810195051667918
2000-11-19,-0.004004031377660353,0.00039328037008727336,0.19365960819797554,0.001129497916011487,0.0,261.00170101014913,-0.0003334106772211985,0.0011338669196133155
2000-11-20,-0.0060943951041011486,0.00039890686334189725,0.19042187132179847,1.0160992374527927e-06,0.0005153488936060566,260.53803416609543,-0.0003590869564710364,2.739017468627802e-06
2000-11-21,-0.007643782275881471,0.0004042658091938428,0.1818112015948682,0.0,0.0010018269557737361,265.9517825785779,-0.00043088971705591616,8.714796422282234e-07
2000-11-22,-0.006794204230362414,0.00039944002183817204,0.17128395899540963,0.0,0.000804865680171945,266.7981067952014,-0.00040011036362351673,8.583068797918258e-07
2000-11-23,-0.007545286400169977,0.000401432399695876,0.16119488215042377,0.0,0.001042901459386793,266.6491628671995,-0.00036563613783505004,0.0
2000-11-24,-0.004761778239139729,0.00039137318982916365,0.1514639701771422,0.0003447856354174641,0.0005007070084076143,264.82076338859605,-0.0003664699714567702,0.00034620911724823347
2000-11-25,-0.004858692908017649,0.000383803273661662,0.15025453154425614,0.00017010189045620506,0.00012182271749959828,262.2695653595718,-0.0003382688609220214,0.00017166915986411365
2000-11-26,-0.003449307323175635,0.0003818743730668968,0.14839818922139833,0.0010300365797543932,0.00010854081582214873,264.5125208098561,-0.0002564465479746377,0.0010316714326078734
2000-11-27,-0.00264462832845537,0.0003785490989685059,0.1540775622351695,0.00047244142088512925,8.77240620090463e-06,263.386079227857,-0.00026796596114244845,0.0004770616698246323
2000-11-28,-0.003202143993418096,0.00037666464929526813,0.1800435958833569,0.003255604476915241,0.0,260.8297214256617,-0.0003110740417982899,0.003276967729628032
2000-11-29,-0.00533198796759891,0.0003824825003995734,0.17902174552730699,0.0,0.0004854639413329841,258.0939817159189,-0.0002880320110816067,4.351138613856165e-07
2000-11-30,-0.0035227585562878413,0.00037319158430153374,0.1821567226488936,0.004190026535152716,0.0,265.37941621611577,-0.0002787263674587854,0.004219088951745202
2000-12-01,-0.004149954029395757,0.0003798679780151885,0.20094566560734467,0.00022154210903550271,0.0005294358368310552,262.1341547669664,-0.0002926692082467726,0.00022226572031058822
2000-12-02,-0.006132664527259978,0.0008570061901868402,0.19385363332744823,0.0,0.000895124097160027,263.600129944681,-0.00032568634040443234,8.583068833445395e-07
2000-12-03,-0.005658567793625224,0.00037710612776589264,0.18360961224399716,0.0,0.0005655884953205195,265.8456625031437,-0.0003412971325681708,0.0
2000-12-04,-0.003920232172066209,0.0003741127623003082,0.1766460871292373,1.089119136670215e-05,0.0004795599876150574,261.68045334896806,-0.00024011395450702498,1.4890166223439579e-05
2000-12-05,-0.002062262956705471,0.00036475769544051865,0.17717321938265068,0.0023200888249833708,0.0,263.81629306987185,-0.00020106290966945855,0.0023239463050804855
2000-12-06,-0.0047577903684923204,0.0003753395403845836,0.18796529249058383,5.190886851757934e-06,0.0007368011957844773,264.41418759836324,-0.0001792951176563899,6.474966954430404e-06
2000-12-07,-0.0028942303553139426,0.0003620256475136106,0.1792941623263889,0.00032000731950425836,2.9072375957575227e-05,268.939087733037,-0.000293996027213032,0.0003231585362536759
2000-12-08,-0.003764041567926353,0.00036412064975264384,0.17961163709392658,0.00018414200446699973,0.0002514053409719198,264.98593080739744,-0.00025218830438656996,0.0001869647853118552
2000-12-09,-0.0036589011213200248,0.0003642923077621029,0.1745079026159369,1.4686125651591245e-05,0.0003524492521070491,263.80645883420095,-0.00023927915273076397,1.827714129986729e-05
2000-12-10,-0.0008105879786324367,0.0003568141979012786,0.1971575778307439,0.003097033538555695,0.0,259.05067217911255,-0.00011659814518387036,0.003101669395051264
2000-12-11,-0.0007738680657693896,0.00035523677949851515,0.21261843808851227,0.00097951509774068,0.0,252.23061609717186,-0.00012497375008918473,0.0009857408744417444
2000-12-12,-0.002389756257587907,0.00035374211726215603,0.209317941899129,1.4237764864991615e-06,0.0,251.8320537574323,-0.00015016232148907282,3.2462642122795513e-06
2000-12-13,-0.002322592935656424,0.00035369833983943963,0.2038896061381827,3.2529108605142376e-05,8.058261736638129e-05,256.0748851761755,-0.00024881213903427124,3.4217814165373765e-05
2000-12-14,-0.0032695211933157537,0.0003510481220180705,0.20057830523187384,2.543455631719471e-05,1.6705075142073767e-05,260.1879602565155,-0.0002682942760276929,2.7706259342559898e-05
2000-12-15,-0.002957359166805354,0.00034925333187405,0.1980451738318032,0.0010124058541605028,0.0,261.8661908474795,-0.00023944565952666063,0.0010264569591157784
2000-12-16,-0.0031017492719962775,0.0003477770224802912,0.21830746638123824,0.0017500364847775909,0.0,255.08814239861152,-0.00027042458433721025,0.0017678773166647332
2000-12-17,-0.003300573108559948,0.0003463188133670785,0.21830309851694918,0.003433073560396831,0.0,264.59036620906966,-0.0002595848577507472,0.0034392223519794014
2000-12-18,-0.002276917214447496,0.0003448723062957074,0.28599855814500946,0.0069601952524508464,0.0,259.12608505866854,-0.00020180849390009703,0.006966177765840235
2000-12-19,-0.003821490595569718,0.00034458118643464344,0.2855433807085688,1.60722282983489e-05,6.765859611963821e-05,263.0857897505249,-0.0002811273644115292,1.801212293090471e-05
2000-12-20,-0.002828490052182796,0.00034202879431557525,0.29485980534957634,0.0029125119754150088,0.0,258.24482053911174,-0.0002881181926208701,0.0029176416503033493
2000-12-21,-0.0028653383928503697,0.00034062539116810946,0.29737339630414317,8.995628963082525e-07,9.492123867832336e-07,255.39150399317626,-0.00016828591666989408,3.046992694725186e-06
2000-12-22,-0.0019217878159156628,0.00033922518713999606,0.3023178186793785,0.00420432091601151,0.0,262.92369701723146,-0.00012975966947226876,0.004214050069367144
2000-12-23,-0.002111516471973247,0.0003378398842730765,0.32806752810145956,0.0008737080977798183,0.0,262.4276286123387,-0.00011860112538613843,0.0008809614323340766
2000-12-24,-0.002153442572739165,0.00033643808068528695,0.32444794793137954,9.171555271256444e-05,0.0,261.033101162668,-0.00012211985675628575,9.530104992980003e-05
2000-12-25,-0.002359066895172421,0.00033505942861912616,0.3208690578654661,7.295177060332002e-05,0.0,261.10275652538814,-9.55483923524113e-05,7.597526244438288e-05
2000-12-26,-0.0027340136173754767,0.0005685030403783767,0.31609498219750476,6.865478504849019e-08,0.0003065673560745972,262.4162401641156,-0.00012656651689844619,1.3611538492689552e-06
2000-12-27,-0.004158539581770277,0.0008975629415889244,0.3076937400688559,8.428444044064669e-05,0.0007877268402253168,268.3257338457413,-0.00021678367156093402,0.0002584324252221722
2000-12-28,-0.0031352139546372794,0.000331021129748242,0.30002583936558386,0.0006713673346123454,0.0,264.5058309084503,-0.00031802346035417195,0.0006765029524110804
2000-12-29,-0.0024806277058218836,0.0003297071335679394,0.29909410494644545,3.143593584750332e-05,0.0,259.322782825391,-0.00011320028054175405,3.3725284587192e-05
2000-12-30,-0.0011224153604211108,0.00032837478454503634,0.3027821916195857,0.0032785857927664524,0.0,263.5752494761724,-0.00010303634687163736,0.0032837831872663667
2000-12-31,-0.0027244431150835113,0.00032700783452071716,0.33902305128884186,0.0020805468919587,0.0,264.40290724400523,-0.00015264116017158424,0.0020856280952173977
2001-01-01,-0.002558997837500384,0.00032562253165379756,0.3415885968396893,0.001998771508198,0.0,263.429549851211,-0.00013544794571938488,0.002004165029772419
2001-01-02,-0.0036406368017196664,0.0003264903348717986,0.34938753347163376,2.0200754963072006e-06,0.00010324471582800656,262.7127072465397,-0.00022423753020285215,2.0324510369597187e-06
2001-01-03,-0.005317712192144771,0.0003238300145682642,0.3414598597869586,0.0,4.1788496540091135e-05,268.18246292933236,-0.00033285192050839553,4.351138045421976e-07
2001-01-04,-0.006801560436938442,0.0003254241862539518,0.3314567609021893,0.0,0.00018071980968033526,271.6807854539257,-0.0005575454146680186,0.0
2001-01-05,-0.006090998481222465,0.0005279637999453787,0.31986031110228347,0.0,0.0007575947559822752,270.0568328361727,-0.0004044862011563307,1.2814998058274796e-06
2001-01-06,-0.005398235878365188,0.0003188317273296206,0.30743948438971286,7.868335071930105e-05,0.0,267.43088164033196,-0.0004653306783171697,8.128507662627658e-05
2001-01-07,-0.0038974844550682328,0.0003174977787470414,0.3025709249205509,4.321185208983341e-05,0.0,261.1091645846035,-0.0002044041109623882,4.664129957134432e-05
2001-01-08,-0.005538099229672535,0.00032392489371326687,0.2979350116966808,0.0,0.00034677721349532997,263.4425234103158,-0.00028858358029928586,7.997798380878687e-10
2001-01-09,-0.006875618197823649,0.0008405189392930371,0.28915767346398313,0.0,0.000735292347979411,266.18427767277666,-0.0003781766593877206,2.1503909124476195e-06
2001-01-10,-0.003775272118506459,0.000503825349996319,0.2814049442384652,0.000951591310864788,0.0001876637613200872,266.115203807134,-0.00028070050296978766,0.0009536272387484103
2001-01-11,-0.004341074049809559,0.0004979434323176153,0.28438566678436916,7.343833140060727e-05,0.00018178176997745105,263.74012474376156,-0.0002991836307580862,7.613752339465088e-05
2001-01-12,-0.004004110555864323,0.0006873733916525113,0.2781803109551554,2.333185093551033e-05,0.00036124605159301547,265.77204623105615,-0.00024378994258783635,3.2646339491935776e-05
2001-01-13,-0.0018625702224882312,0.00031001588045540505,0.2802991849105462,0.0013966063658396404,0.0,263.8430882721522,-0.00017427925104643665,0.0014023982366249924
2001-01-14,-0.001412804601556164,0.00030855901833981445,0.2868176476430085,0.0005225466595867933,1.2214974326602484e-05,260.8424114507471,-0.00014637203855534734,0.000527968783813843
2001-01-15,-0.0018136825012621909,0.0003093140105069694,0.2986754796374765,0.0011335978400235796,0.0,258.28724121553523,-0.00014534894124431126,0.0011386947111902172
2001-01-16,-0.0028842426626022257,0.00031041543362504345,0.30590705368702925,0.00015773055917125639,0.0,257.2816472493547,-0.00020974548270473375,0.00015930404873514597
2001-01-17,-0.0032245414068469897,0.0003439475924281751,0.3024279348369821,0.0004241681410431189,3.5014066655757066e-05,257.74244359837195,-0.00026530201025938587,0.00042483146576725156
2001-01-18,-0.0017718807873079332,0.0003079178474717221,0.31658188412193977,0.002154143453486222,0.0,262.1974562592875,-9.96955770388835e-05,0.0021565740390336314
2001-01-19,-0.003955465673053333,0.00040287781233167924,0.32117779690442566,3.0466139653308245e-05,9.66321571735339e-05,260.80916855878525,-0.00022793030313684445,3.262680802641616e-05
2001-01-20,-0.002575290615612504,0.0003014661497988944,0.32801971148187387,0.002932381011166815,0.0,264.174977476763,-0.00019015914807885383,0.002937012136319263
2001-01-21,-0.0048000736761901345,0.00034493317375075344,0.3407676682409369,1.3615936040878296e-05,4.265190096898268e-05,262.64950729269543,-0.0003054138367711488,1.4451381748059163e-05
2001-01-22,-0.0030060537622473332,0.00029967497971098307,0.33470461283250946,0.000689894466076867,0.0,265.74619018066176,-0.00023536273609783693,0.000692160318138155
2001-01-23,-0.005523963163128007,0.0005531703348213671,0.33516231903248594,9.928260651011927e-05,0.00024578386738812185,264.0250839010695,-0.00026560546882913613,0.00010157975093033342
2001-01-24,-0.005263463672945055,0.0005116874383667769,0.3274151071092279,0.0,0.00020318128968362757,262.0440798685825,-0.00029132814583300196,0.0
2001-01-25,-0.006109900141166429,0.0007128461269335558,0.31907708406897367,0.00020918974095145187,0.0004068568748774502,265.5395426777123,-0.0003603294091877965,0.00021305245504316778
2001-01-26,-0.002874111767205815,0.00029478436809475143,0.3323294142096281,0.002065096787140195,0.0,261.198216713081,-0.0002234338777466009,0.0020663290240107066
2001-01-27,-0.005040237374898404,0.00047630719882620266,0.33002594051612527,0.0,0.00017626017416264378,259.91798395850117,-0.0002946775290841437,8.553266184208042e-07
2001-01-28,-0.006264997656735998,0.0006632318267714506,0.3234697762182204,0.0,0.00036977961827806165,261.1635796821723,-0.00030960634056120947,8.553265615773853e-07
2001-01-29,-0.007288501129648781,0.0006868307199855309,0.31572923103519307,0.0,0.0003913687805166353,265.69796365712773,-0.00040142965308353736,8.52346317969932e-07
2001-01-30,-0.004998773841534632,0.00028781946432792537,0.3077489130914548,0.00018871470359759147,0.0,261.4507442625229,-0.00043323397699554094,0.0001957504762427012
2001-01-31,-0.0023872830436728098,0.00028697110838809257,0.3253417508974812,0.0028580082843532675,0.0,259.0827810463484,-0.00019995947657837034,0.0028644076510661604
2001-02-01,-0.0027364731087522994,0.00028584577606222724,0.3953098792814266,0.004588478092251525,0.0,260.65534548211684,-0.00018956923678433156,0.004594470131161092
2001-02-02,-0.004832410122041649,0.0005468603244609078,0.39294548537547086,0.00014430120334786884,0.0002617260472754301,265.73642656358624,-0.00029190505544344586,0.00014738194687681687
2001-02-03,-0.005234534289203795,0.00029546165533658476,0.38425366532780136,0.0012922610266733977,0.0,263.3881727459291,-0.0003739967626535287,0.001304874935290288
2001-02-04,-0.005168519829962887,0.000601416337961531,0.3806529359404426,6.742842790097167e-05,0.0003179243139627963,262.1886066752863,-0.00027944945261976814,7.019021330573602e-05
2001-02-05,-0.002866999830229808,0.00029002424687315517,0.3813612196180556,0.005408022321213437,0.0,266.6679632111458,-0.00023549979310587976,0.005428099475243741
2001-02-06,-0.0014699031151620683,0.0002842580868025958,0.41596321062853114,0.001370372976792061,0.0,260.88322002245656,-0.0001609655633821326,0.0013774175646381341
2001-02-07,-0.0015005367455509424,0.00027813379373927576,0.47269349179025427,0.0060302812164112676,0.0,256.8615671362581,-0.000222109700158491,0.0060345147907269504
2001-02-08,-0.0018921403561608266,0.0002769770595313466,0.507517094441502,0.001231977852892741,0.0,252.3462680593947,-0.00015696601173972006,0.0012377808203248985
2001-02-09,-0.0033389445246949714,0.0002795953703465435,0.4974900872469397,1.787543717750722e-05,0.0,251.9669643121924,-0.0001214110097811047,1.9585970220705967e-05
2001-02-10,-0.0053189269314378,0.00027633108998422574,0.4909035777866055,0.0001514148451177414,0.0,259.35431168981864,-0.00023674340866043075,0.0001518439983195553
2001-02-11,-0.0033538597451764985,0.000279594360098327,0.48200692789253774,0.0007373341017186979,0.0,259.5265474517018,-0.00019798691958020635,0.0007446837963007801
2001-02-12,-0.003988500032047768,0.00027684757938492777,0.48400465108580515,0.00023811723047730614,0.0,260.2134318953405,-0.00019754530956684534,0.00023909975579405573
2001-02-13,-0.0018789807787049288,0.0002779769527036592,0.47728365738288614,0.0011879206545608865,0.0,259.6768698252303,-0.00011753439271854142,0.0011926798041155325
2001-02-14,-0.0041186828061012225,0.00028009131803350936,0.4979112413194445,0.0008976617985862797,0.0,258.15938007405026,-0.00018052091706270552,0.0008992395683680821
2001-02-15,-0.004488076656888434,0.00027007386509308036,0.48943183740878066,7.962250271759464e-06,0.0,260.43166863895857,-0.00020873737074224289,1.066591436493854e-05
2001-02-16,-0.00323781451094622,0.00027598667952973964,0.48011679209333813,5.6897432117138886e-05,0.0,260.54020675113196,-0.00015569210978551103,6.14297995150601e-05
2001-02-17,-0.005293232278298524,0.0003077976279339548,0.4706185263653484,1.5914124452461632e-05,3.86274930110759e-05,263.4987667823691,-0.00030200509617557634,1.98835511096509e-05
2001-02-18,-0.007924218719961953,0.0006619406453633713,0.4576376934733993,0.0,0.00039470821913689544,266.83845365923,-0.000440534025346492,8.569291978634633e-07
2001-02-19,-0.006391476397797213,0.0002659118108156711,0.44313178628177974,9.033191254583456e-05,0.0,264.88836971649346,-0.00040622068158650804,9.540827932077608e-05
2001-02-20,-0.0037807071276303745,0.00026766139235200184,0.43459720934851703,0.0010424562766727082,0.0,264.6566475438982,-0.0002260571819240764,0.00104673703511556
2001-02-21,-0.00510714350447143,0.00026695034598226607,0.4557390518332156,0.0025814589807542708,0.0,265.2360904391876,-0.00026544913817933723,0.002586024306460375
2001-02-22,-0.006714204778779025,0.00026103812085706633,0.4573305636475989,0.0005190243660393407,0.0,264.1359929230254,-0.0003651896817872753,0.0005230257402355924
2001-02-23,-0.005703099535009956,0.00025994898909229345,0.45060750095633245,0.00023297228887256258,0.0,264.55968767011683,-0.00033027519824477915,0.0002388771811771391
2001-02-24,-0.003358133179319781,0.0002588566582081682,0.4578032125411959,0.0029303609988110216,0.0,263.8844066627057,-0.0002717867198973726,0.0029333728686791764
2001-02-25,-0.00529826062042161,0.0002577957292061068,0.47241118982462343,0.0003941371658090818,0.0,261.91010894344356,-0.00027011850543614836,0.00039743865269176024
2001-02-26,-0.004559075049424576,0.0002567049978816577,0.46664445952507067,0.0003260309455421685,0.0,261.92448890815353,-0.0002930160338259013,0.0003289946299564639
2001-02-27,-0.004109090962315684,0.00025566056960046635,0.48201796249705753,0.0018510070055891567,0.0,258.66102940977856,-0.00029056327743718854,0.0018541800539222965
2001-02-28,-0.009248681071787905,0.0002545980410387287,0.4812556552348164,5.868700264537401e-07,0.0,260.95627048729506,-0.0003040545109638387,1.8713270703614973e-06
2001-03-01,-0.006968099224028615,0.00025355281297769925,0.4719845184498588,2.4291207898134567e-06,0.0,263.2504759966317,-0.0003317235258676238,3.5318440084044042e-06
2001-03-02,-0.009988485924941672,0.00025250425951629037,0.46276855468750006,1.8533845405794134e-07,0.0,264.82288169860846,-0.00039963181640973876,1.4728519490077395e-06
2001-03-03,-0.004570496579011282,0.0002514764582369961,0.4537684553760593,0.00038427047136813233,0.0,263.2320923850137,-0.0002418325445746298,0.000386111884319553
2001-03-04,-0.0090878814206285,0.0002504304303961285,0.44980174493879477,5.515753212621657e-05,0.0,265.25978473081426,-0.00041829339507441066,5.72753322090535e-05
2001-03-05,-0.00929308489049222,0.0002513855358975082,0.4389524298199153,0.0,6.344584000986176e-05,267.8190531542072,-0.0004465263284279802,8.52346317969932e-07
2001-03-06,-0.007724377689725262,0.0006250547992307588,0.4273881642831921,0.0003079867969125004,0.00048501983200762913,268.9620259279585,-0.0004130891750508783,0.0005053262420398367
2001-03-07,-0.007860275311658612,0.0005682099842082309,0.41752299795492,2.5749795854428394e-05,0.00045956460769567116,267.88980872303307,-0.0004001654852918312,2.6087555508155608e-05
2001-03-08,-0.0113508645760811,0.0006497179047536042,0.40517642493526373,0.0,0.0005790592818442038,268.7517959429495,-0.0004658423006366202,4.261732087229575e-07
2001-03-09,-0.011087552344394944,0.0007265070400669076,0.3916578849605697,0.0,0.0006653321854307154,269.20998465543414,-0.0005320286283553657,1.3048816072114278e-06
2001-03-10,-0.004493369894512629,0.00024433787596427785,0.3909236239848164,0.0019100657795782143,0.0,267.02269103702184,-0.0003623078540388474,0.0019200977219179934
2001-03-11,-0.004359963923524329,0.0002433232500054742,0.3981055423140301,0.0014917474387392486,0.0,265.3943950882964,-0.00024374780155676234,0.0014960134941655035
2001-03-12,-0.004626223764850596,0.00024233177556829942,0.42458698394832867,0.0037609594900392548,0.0,264.51187796511897,-0.0002980138948660786,0.0037639846403484025
2001-03-13,-0.007312600769228855,0.00024134695193188342,0.43803471854402076,5.758286448521803e-05,0.0,266.71416284090606,-0.00041958692320490966,6.365644719511754e-05
2001-03-14,-0.006304806908645199,0.00024034217589319088,0.44358098664077217,0.004110696688715348,0.0,264.72628181802355,-0.0005000546511452077,0.004126209492063792
2001-03-15,-0.004397936165332794,0.0002392993471716757,0.49650616834392663,0.004543961546683716,0.0,260.07072334145874,-0.00023754999715056124,0.004549574801477336
2001-03-16,-0.00834138746147102,0.00023833607549721242,0.5100375820238936,0.00036887180502131843,0.0,260.1044822304936,-0.00033772488961280407,0.00036929877800987945
2001-03-17,-0.010102785702815838,0.00023736615302199027,0.5005528796639596,0.0,0.0,263.2133227346532,-0.00042886810514044626,4.261732051702438e-07
2001-03-18,-0.006847544999445899,0.00023641618294904462,0.5025103725282486,0.003626135214742295,0.0,264.4527894323604,-0.00033846327582489976,0.003633750310006438
2001-03-19,-0.00930779599874033,0.00023883682186320678,0.520158613244468,3.3164112749746296e-05,0.00010486376487602623,268.06441057424314,-0.00038928448059464583,3.5699545235930005e-05
2001-03-20,-0.006769877874245078,0.00023747071371240134,0.5174613421021658,0.005009578004226846,0.0,270.9408139984935,-0.00037120856702496104,0.005912072010140636
2001-03-21,-0.008683988687682286,0.00023406011573338915,0.5281157125411959,0.00045508805052035274,0.0,270.767336811274,-0.0004724945957209432,0.0008381489220607368
2001-03-22,-0.014053611642560042,0.0002326921554608534,0.5143367099223164,0.00012775796786539974,0.0,270.0936997839287,-0.0007220995323048474,0.00017655020263927863
2001-03-23,-0.00892752488959307,0.0002317339350274727,0.4991275765801554,4.675929660851e-05,0.0,269.5737110683923,-0.00047270538506366446,4.8384524905802624e-05
2001-03-24,-0.007136527890876188,0.00023082016551561948,0.4879228552407015,0.00013459772713440287,0.0,267.89487998588834,-0.00036334160104983267,0.00013986536333956953
2001-03-25,-0.009397229358638074,0.00022990664856582042,0.4773314740024717,6.0264884078570015e-06,0.0,269.30935483239244,-0.0003558150571534189,6.085903631091792e-06
2001-03-26,-0.006951149363638991,0.0002351276955362094,0.46737964005120064,0.0021400056190073154,0.00012191805967503348,270.58353748429295,-0.00043142618516744203,0.00257205089269561
2001-03-27,-0.00677494170133677,0.00022847234866039905,0.5284200837158664,0.00938789740120624,1.862645149230957e-09,267.28504837524645,-0.0005801673084076516,0.009608493719968473
2001-03-28,-0.006339499379618693,0.0002272270493588205,0.548960080479049,0.0027342869526585617,0.0,264.62730060728256,-0.00033664802289278494,0.0027391212639835596
2001-03-29,-0.006675450183914205,0.00022633988305000266,0.5735840303525189,0.004248314237190506,0.0,266.9767002385889,-0.0003400784943484317,0.004264739165445126
2001-03-30,-0.0061847002661160845,0.00022544286682107354,0.5975592374352637,0.00510984974897514,0.0,265.833437167094,-0.000445547971432492,0.005139059918310317
2001-03-31,-0.008261961915061972,0.00022457380079280185,0.637111857786017,0.001570179027184255,0.0,262.36319889276945,-0.00043351115332653303,0.0015750153232672326
2001-04-01,-0.010930228536411868,0.00022371828892810199,0.6373879527866055,0.0025271903618244132,0.0,268.031622730406,-0.0004977845286918899,0.0025669849861813133
2001-04-02,-0.00732024935847622,0.00022291067966633598,0.6352014918785311,0.002525688501569511,0.0,268.22252695259624,-0.0003632824068183953,0.0034380246016597754
2001-04-03,-0.008432725518100006,0.00022262696829219325,0.6356559796521893,0.0016139874308459504,0.0,269.2572040917061,-0.0005965290254371315,0.0020289948094362594
2001-04-04,-0.006209405128565212,0.00022116614937108792,0.6443273397039785,0.0034547312406160067,0.0,270.0029905682005,-0.00034853661864322463,0.00371075301183677
2001-04-05,-0.009472106094077483,0.0002202888329823812,0.6521444374558616,0.003133472812882925,0.0,270.4092627703133,-0.0005164256814004338,0.003325321495869739
2001-04-06,-0.007482241649748916,0.0002194945253221329,0.6427105402542374,0.0026052477164457077,0.0,270.4253956818087,-0.00042494462203171294,0.0031950635760841263
2001-04-07,-0.01038875738106205,0.00021860895857299118,0.6549435488023776,0.001980894871350736,0.0,269.31950894587453,-0.0005548600591508682,0.0021546188384126137
2001-04-08,-0.006215893616110592,0.00021780800011198402,0.6610558001559558,0.009426800439418374,0.0,268.46906660550513,-0.0004387285118385897,0.009962962037323614
2001-04-09,-0.007535226600991804,0.0002169322832829535,0.7661328216955038,0.008655017315499527,0.0,265.081664762479,-0.0005530996384930476,0.008668559335045895
2001-04-10,-0.01088204925174767,0.00021612627358086366,0.7586759578036724,7.853661216584977e-05,0.0,263.7112423596858,-0.0004888343714219703,8.21797692388329e-05
2001-04-11,-0.006950877143838312,0.00021529046155638616,0.756896857712453,0.002666249387176697,0.0,264.8790752856296,-0.0003448913642073756,0.0027239141659548055
2001-04-12,-0.008897592666122202,0.00021446449945201985,0.7590764219927025,0.0026128558326238968,0.0,265.87289658598536,-0.0003986545117561427,0.002682554991128061
2001-04-13,-0.009549224486122025,0.00021366674011036503,0.7710935660899246,0.0022918630370312495,0.0,265.128882478186,-0.0005568039661410166,0.0024361550392614398
2001-04-14,-0.010471034395155935,0.00021283757888664634,0.7602486188353343,0.001771263273085578,0.0,265.4651177257243,-0.0005546550839971015,0.0018290343099782301
2001-04-15,-0.011619557600236884,0.00021206962186737927,0.7639973958333334,0.0008589699127748188,0.0,263.99916195914346,-0.0005609089834878674,0.0008602401990296297
2001-04-16,-0.008710997968407002,0.00021126361216528943,0.7513069109728109,0.00036134934947315583,0.0,265.63846306522464,-0.00039312714910776607,0.00036565717333182955
2001-04-17,-0.01734875310949013,0.00021966449958456442,0.7355007595486112,1.0091958746398236e-07,0.00032872624569020033,271.3916652988355,-0.0005903233916072523,1.3866637404376469e-06
2001-04-18,-0.021751525501410168,0.0004022417768920209,0.7023523477960216,0.0,0.002731383351956384,276.20920843997243,-0.001012514582124807,0.00015935200755879032
2001-04-19,-0.018297428212596875,0.0002202077605630045,0.6632981237494116,3.9135479489288766e-05,0.0002813011955069957,274.0866519295788,-0.0011421677598592926,0.0014058206445397934
2001-04-20,-0.007093554078522375,0.0002082614912151617,0.6534637623587572,0.0066313613521850725,0.0,270.82026152961004,-0.000730554378554646,0.006945355968960261
2001-04-21,-0.005598583505988795,0.00020745868063242422,0.7618270270568503,0.01300890015511863,0.0,267.9829376026736,-0.0005136994739710275,0.013235779552809938
2001-04-22,-0.005954336059295526,0.00020666757209152826,0.7861445367673024,0.0020213514608515186,0.0,267.37979550550216,-0.0003676296416985787,0.002042425419605708
2001-04-23,-0.011754166229633288,0.00020592941739464886,0.7796536605461394,0.00024937339505906836,0.0,266.5453741465136,-0.0005299723996533512,0.0003514729649657447
2001-04-24,-0.014603877766320937,0.0002052061638589633,0.7670946713894776,0.00045793202553091753,0.0,270.5009968752242,-0.0005142351528261341,0.0004977291248936301
2001-04-25,-0.019965996008134833,0.00023062316711339577,0.7444521226900895,0.0,0.000947110628509252,273.9647683181332,-0.0007031821872049807,4.351138045421976e-07
2001-04-26,-0.0234766720799403,0.0007181489198221327,0.7072450454625706,0.0,0.003335723369303396,275.5872151434085,-0.000990137657792555,4.351138045421976e-07
2001-04-27,-0.023745736075659933,0.001441930141826134,0.6605587831773776,0.0,0.005776919992798466,277.3710644680677,-0.0009640950004512307,2.7595350971329686e-05
2001-04-28,-0.01805225587160574,0.0011950681606928508,0.6101042034486818,0.0,0.005634259811397327,277.48332394673554,-0.0008894176785386889,0.0002910563838010454
2001-04-29,-0.02102816096470181,0.0006803777595024325,0.5671687871498353,0.0,0.003963417231531467,276.53358215935486,-0.0011533418049414954,0.0003922503736464928
2001-04-30,-0.022837245615862183,0.0003205771836857338,0.5425804698534605,0.0,0.0011477229622124281,273.5470450377959,-0.0016058335175453608,5.92581286139386e-06
2001-05-01,-0.02138940872108869,0.0005410758115477481,0.5241285421080509,0.00100402984410356,0.000560345749060313,274.36631227123314,-0.001521931361343901,0.004252559148657719
2001-05-02,-0.010711657377959646,0.00019959280383115434,0.5297840068120292,0.0033100284425552286,0.0,266.2901051839193,-0.000996686844418278,0.0033316075296497888
2001-05-03,-0.010709275381039765,0.00019899726250750875,0.5662830302495293,0.0027869397637534277,0.0,266.7887494254247,-0.0006630286090286439,0.0028036970034830988
2001-05-04,-0.017719034757991293,0.00019837511798082773,0.5692354766213512,0.00022521951777786862,0.0,269.24193001871055,-0.0006212085001381104,0.00022607225826946133
2001-05-05,-0.01974880459618434,0.0003205577364075656,0.5576535097398776,0.0,0.0011819802056261374,273.69145779510905,-0.0008306660726245514,8.532421725698761e-05
2001-05-06,-0.019701338841416744,0.00020668314675153314,0.5505844662193974,0.002032302425237699,0.00015404673114334795,270.66335708273334,-0.00143264386129413,0.0026632487605520562
2001-05-07,-0.02030660666651645,0.00019669280213824774,0.5457225734904662,1.5105147146235751e-05,0.0,269.1786068882197,-0.0010331256188831088,2.4748589313959578e-05
2001-05-08,-0.02474759885315168,0.0005619781838972017,0.5354875180231874,0.0,0.0021812071613336015,274.8059888218307,-0.0010951791526907582,1.2849289987570955e-06
2001-05-09,-0.024648678252252483,0.0011334863759703555,0.5079814673817091,0.0,0.003745073378927964,277.09699708683564,-0.0012241857031644401,0.00037576165576439126
2001-05-10,-0.016102773658299853,0.0005489587783813477,0.48664904808145015,0.0005140276573135354,0.0018112449827840775,274.56203713569715,-0.001014442988118883,0.006007457015204564
2001-05-11,-0.021798418403345315,0.0010808153172670784,0.4744135107697741,2.8768922649534413e-06,0.0033771676027168664,274.4287894477054,-0.0011227736670502836,3.0391465472636253e-05
2001-05-12,-0.027898533027724357,0.0024381831372525063,0.4424329279955273,0.0,0.009717026336044916,278.8891097138831,-0.001074800972884658,4.351138045421976e-07
2001-05-13,-0.029925523294230642,0.002497124638261095,0.3926116885887477,0.0,0.012434503852815953,281.2364905010734,-0.0012081633821803299,2.2277992647783106e-06
2001-05-14,-0.027325105532414497,0.0013421553339661853,0.3439877037723635,0.0,0.011013317453322439,280.49037643116526,-0.0011506857992397191,0.0004106810710117198
2001-05-15,-0.027345626115125452,0.0007302607856901353,0.30575187956096994,0.0,0.006524153558884637,279.20787473272696,-0.0013111121373745682,0.0003206214156746729
2001-05-16,-0.02174296335311933,0.0011682101225448868,0.28261875073564036,0.0,0.006166993266781845,276.9600623789929,-0.0013049948897402167,0.004704599304812042
2001-05-17,-0.023671137663604177,0.00026804478155017576,0.2643638366584275,1.0191720757780776e-06,0.0015583760026147812,275.18928807648336,-0.001273667345107612,1.1707261407543608e-06
2001-05-18,-0.025480219915425036,0.0005407617927271094,0.24951884526541904,0.0,0.002293461944255452,277.3390352676593,-0.0013842122513527252,0.0005903436807589343
2001-05-19,-0.02398481847202711,0.0004905975807858053,0.23472396936793782,0.0,0.003669387834557033,276.80112155547926,-0.0013208478994372877,0.00044892770422380525
2001-05-20,-0.016199831866611867,0.00023327591055530614,0.24108932696268834,0.008417455616307124,0.0008096887945792095,273.109224315866,-0.0013184820612271628,0.009064747233072972
2001-05-21,-0.017405496857597333,0.00021394043318969383,0.29136666335628536,0.0022538247923393037,4.699340058585345e-05,268.2309578322646,-0.0010002313897350416,0.0024906348372907153
2001-05-22,-0.0187399269918264,0.0002784496646816448,0.2929607039342043,0.0006991699548427668,0.0014831147835416309,273.17678023013247,-0.0011781806357752133,0.0030414805573363768
2001-05-23,-0.022913969590165523,0.0006385586187664399,0.27862790210098876,0.0,0.00448416665954105,276.78908743562,-0.0012053157818519465,0.0011934644758364577
2001-05-24,-0.025958841677102672,0.00036638486856794633,0.25134461253825335,0.0,0.004566345763745281,278.0988404441015,-0.0013121514670592917,0.0
2001-05-25,-0.025958236033296857,0.001121256142686316,0.22655790224811678,0.0,0.005927319875207998,280.1840081619004,-0.0011975749916696952,0.0014375451594422766
2001-05-26,-0.015370233163321761,0.001640954849410192,0.20103762064500946,0.0,0.007524805027717926,279.11286847964067,-0.0010797557931414433,0.005732191383410954
2001-05-27,-0.011365436143794302,0.004221696469743373,0.17957922294314974,0.0,0.006347448917600395,278.8051883568198,-0.0010865849079722066,0.011129425407129493
2001-05-28,-0.014687728031543688,0.004004965562604915,0.16090729277012716,0.0,0.007180608977368996,278.5169942320628,-0.0013552586163925585,0.007294011132831197
2001-05-29,-0.02188668299024388,0.00181051735150612,0.1395898161634887,0.0,0.006502936957246167,280.4927481742902,-0.001095950540344594,0.001030327000667173
2001-05-30,-0.011543595605650865,0.004659055569077616,0.12364044476812618,0.0,0.00596630438572943,277.33436366438644,-0.0013792026724855778,0.007381101701892703
2001-05-31,-0.023840548207530867,0.0017498371291295286,0.10726003413370999,0.0,0.003387582125300068,277.92096267312263,-0.0015415286034934942,0.0031468423460667043
2001-06-01,-0.026692886515862525,0.001253763666260714,0.09603646201153485,0.0,0.004306495968399749,279.29939518944695,-0.0013535533542350187,0.00018041005915343762
2001-06-02,-0.02008988906097951,0.0023294081122188248,0.08089951337394068,0.0,0.005952075544723683,281.1694751207887,-0.0011885247829943727,0.0021597749769350907
2001-06-03,-0.013084634380825497,0.0046786874701074295,0.06468623102048023,0.0,0.005764333668064937,279.09975613667694,-0.0012632288186058486,0.00817778810932682
2001-06-04,-0.014589510058279092,0.0006326746805913031,0.05743534641301789,0.001454116513500106,0.0001463842299361687,274.68858003346935,-0.001200619664064235,0.0022638243806896645
2001-06-05,-0.022198806879884105,0.0007042289622085917,0.06299402843985405,4.325722907222597e-05,0.0005608834536735621,274.02631993123146,-0.0014843251977094826,0.00032408417304444513
2001-06-06,-0.023814556667696964,0.0007714981076407568,0.058350528925376656,4.250114246950312e-06,0.0012081588097548083,276.195364619828,-0.0015044169300525204,0.0003421995262641692
2001-06-07,-0.025520512571105852,0.0009014105561089383,0.05100722950506121,0.0,0.0038406166358519412,278.3300851186117,-0.0016739191487431526,7.774482967139543e-06
2001-06-08,-0.02878577822009049,0.0012674758494910549,0.03802892537664784,0.0,0.005043599817712428,281.15547741963593,-0.001891907572872558,9.563607234820496e-05
2001-06-09,-0.031317652534630334,0.0014741711192211861,0.02419796816148776,0.0,0.004855193071446177,284.8771319416283,-0.0023937722520723857,0.002187741206761861
2001-06-10,-0.037902069125471824,0.0010435781573171672,0.014133489289077216,0.0,0.002802512950479648,284.63373760000684,-0.0026324467975541023,1.7448198895050094e-05
2001-06-11,-0.03504030802155619,0.0011049588184572211,0.0077913503413371,0.0,0.0017819977496976909,283.82502049376063,-0.00256451485562796,0.0013304825935374102
2001-06-12,-0.020464832541969537,0.0012587338349239975,0.0043255649717514125,0.0,0.000893315815992948,281.1820363405734,-0.0017252430940667789,0.0030927202732342184
2001-06-13,-0.012267676745094151,0.0017194498730244612,0.012088639139006593,0.002510013511288638,0.00012404372715680613,274.18601424366295,-0.0020770302337020804,0.011067536119585037
2001-06-14,-0.010763763286973125,0.0012891335507570689,0.08624807813971282,0.01587417176635252,0.0016852424685227668,271.58479630565466,-0.0009405421419332256,0.01759406767654721
2001-06-15,-0.01789521876364778,0.0013468184713589944,0.11487069282603578,0.0004883102314957119,0.0021997658841017274,273.67210227621484,-0.0016722917177919613,0.0017401496906065002
2001-06-16,-0.02428011065822537,0.001434319015950133,0.09074582891949153,0.0,0.004938491214971758,276.74014673394674,-0.002095804502398281,4.053114821545023e-07
2001-06-17,-0.0298164206120254,0.00145393525813259,0.05340794565089454,0.0,0.004377441912215983,282.29015440860036,-0.002537070326296623,0.0003117321430762899
2001-06-18,-0.02000668093477939,0.001442970529114459,0.02625730122999059,0.0,0.0018938912846947794,279.4592020893277,-0.0021596069074114837,0.002154532226464095
2001-06-19,-0.01961154579106024,0.0014015732511962202,0.017783874396774955,0.0,0.0009204032646734163,276.4917431200965,-0.00166889878863332,0.0006107728358926071
2001-06-20,-0.022343854277820912,0.0014328544085982157,0.01134058490760358,0.0,0.000957559225922924,278.41589523933254,-0.0023047368299994766,0.0021455650612118285
2001-06-21,-0.028511744013613904,0.0014021641622155403,0.0058658118526365354,0.0,0.0006462813349766921,280.6797799399568,-0.002418331012634908,0.0
2001-06-22,-0.03366666346114908,0.001396134453641493,0.002124851032838983,0.0,0.00033416607453998204,285.23025585253583,-0.0026645628303962918,0.0
2001-06-23,-0.03819901230981795,0.0013901087018729605,0.00042805070032956693,0.0,0.0001016944688929003,288.16469533385083,-0.0029719575376665527,2.9924511807166713e-05
2001-06-24,-0.03537088241112434,0.0014193330780934482,-7.3453647229951e-24,0.0,2.8760167164991135e-05,287.91584006990195,-0.0030769428269842923,0.002658771087780645
2001-06-25,-0.03690772078468301,0.0013834187960894096,-7.3453647229951e-24,0.0,7.0638659983705e-06,287.7354710393931,-0.003104154199445989,0.0003743643982367326
2001-06-26,-0.028200329444502705,0.0014345682526038864,-7.3453647229951e-24,0.0,1.6026956550145558e-06,286.594915756398,-0.002792268560010161,0.004122611196886401
2001-06-27,-0.02693536279901947,0.0013849494484184826,-7.3453647229951e-24,0.0,2.546877847552973e-07,286.90915300976314,-0.0028941589591782646,0.00151465925564949
2001-06-28,-0.03225603758615289,0.0013671171362117187,-7.3453647229951e-24,0.0,1.6500720870023394e-08,287.37708985064666,-0.0029064762737538857,0.0004479104684571089
2001-06-29,-0.03271031619633659,0.0013577075159482365,-7.3453647229951e-24,0.0,2.062590108752924e-09,287.6855574210934,-0.0027748908489774182,0.00013534575411976052
2001-06-30,-0.0261932774367979,0.0013499138718944487,-7.3453647229951e-24,0.0,0.0,287.15785429931185,-0.0024149864491096328,2.7876637727015393e-05
2001-07-01,-0.03040969649613914,0.0013523329954362858,-7.3453647229951e-24,0.0,0.0,288.77388208105515,-0.0029901232738784485,0.0010635899906479625
2001-07-02,-0.03267371620835558,0.001335610356708031,-7.3453647229951e-24,0.0,0.0,288.5831812878338,-0.0026050568321498778,0.00014671514936759648
2001-07-03,-0.031013396752756196,0.001354449128700515,-7.3453647229951e-24,0.0,0.0,287.00907527614675,-0.0029599118851504087,0.002881429840996689
2001-07-04,-0.028870781094340957,0.001338995951043684,-7.3453647229951e-24,0.0,0.0,287.8495712603553,-0.002789848552501135,0.0018760083725027766
2001-07-05,-0.030914362919869397,0.0013105697551016081,-7.3453647229951e-24,0.0,0.0,289.7832169074797,-0.00281348400933426,0.0003073863895549714
2001-07-06,-0.031165263494529295,0.001313946173015961,-7.3453647229951e-24,0.0,0.0,289.0788619010911,-0.002747432844408151,0.001879651650779638
2001-07-07,-0.029874610109517807,0.0012886413073135636,-7.3453647229951e-24,0.0,0.0,287.7126809423702,-0.002422012735979032,0.00028501324734445343
2001-07-08,-0.024466722109223488,0.0027898982756555417,-7.3453647229951e-24,0.0,0.0,287.2535531642073,-0.002813273072663674,0.013582220286276543
2001-07-09,-0.024539526699289764,0.0020827719215619363,-7.3453647229951e-24,0.0,0.0,286.81153117465436,-0.0034714290651224433,0.01354452742013678
2001-07-10,-0.01754968369242835,0.004904833301312506,-7.3453647229951e-24,0.0,0.0,286.1972012923936,-0.0038116808012548815,0.021547843625214193
2001-07-11,-0.01970013887700388,0.002863472211832381,-7.3453647229951e-24,0.0,2.062590108752924e-09,285.973946623434,-0.00314718397534163,0.009754539798882049
2001-07-12,-0.02567966997960193,0.0014409002779567311,-7.3453647229951e-24,0.0,0.0,285.6634468969428,-0.0028594884453183515,0.004326082152977951
2001-07-13,-0.030210570763733426,0.0012471205265508535,-7.3453647229951e-24,0.0,0.0,286.63521473196715,-0.002900568689456431,0.00047382303203437267
2001-07-14,-0.03142834063303673,0.0012526144247270573,-7.3453647229951e-24,0.0,0.0,287.79990888405206,-0.0029963244826106705,0.0010884793483898268
2001-07-15,-0.021926945043822466,0.0013302243025289419,-7.3453647229951e-24,0.0,0.0,284.8707085338241,-0.00351450194494199,0.006714119362189998
2001-07-16,-0.03183041841296826,0.001245020136321332,-7.3453647229951e-24,0.0,0.0,284.95118738522865,-0.0031226224734284785,0.0011869647913733447
2001-07-17,-0.038311406296525304,0.0012259035460693015,-7.3453647229951e-24,0.0,0.0,286.0168362382218,-0.003116723492025992,2.9990875418661744e-06
2001-07-18,-0.03729277062045653,0.001222711330079763,-7.3453647229951e-24,0.0,0.0,285.4921276466097,-0.0028711150605547227,0.0002894647040495899
2001-07-19,-0.037905511209520244,0.0012171931859463621,-7.3453647229951e-24,0.0,0.0,285.8270378005033,-0.0030961014846034645,0.0003840334839171608
2001-07-20,-0.0394007808576196,0.0012077067868184236,-7.3453647229951e-24,0.0,0.0,286.83768129438556,-0.003014077600828336,0.00016824946923205288
2001-07-21,-0.04004816673064636,0.0011979621850838095,-7.3453647229951e-24,0.0,0.0,288.0024813599955,-0.0030591297884192846,1.2503771425028869e-05
2001-07-22,-0.03502002143758839,0.0011907849608168092,-7.3453647229951e-24,0.0,0.0,287.5277152160242,-0.0027222300295607522,0.0002386029325295033
2001-07-23,-0.03233929790851087,0.001187770716888083,-7.3453647229951e-24,0.0,0.0,285.29247735089956,-0.00278214304208082,0.0009886312069610963
2001-07-24,-0.03306648282513107,0.0011750577533312437,-7.3453647229951e-24,0.0,0.0,286.0437060318424,-0.002862022631922685,0.0007276572918487806
2001-07-25,-0.037507957868320126,0.00115919803495461,-7.3453647229951e-24,0.0,0.0,287.427161699859,-0.0027215154104902922,0.0002736313743306232
2001-07-26,-0.027508013455544492,0.0011455788787475413,-7.3453647229951e-24,0.0,0.0,286.51280616501634,-0.0021182640987095864,0.00010660951024078072
2001-07-27,-0.03173561617311111,0.0011327415704727173,-7.3453647229951e-24,0.0,0.0,285.9089607662625,-0.0024325992427976792,2.3255341469157217e-05
2001-07-28,-0.04173720943725716,0.0011199683287722918,-7.3453647229951e-24,0.0,0.0,287.92313030120795,-0.0026552644637176546,7.987182348053991e-05
2001-07-29,-0.04779625086292709,0.0011055690083800064,-7.3453647229951e-24,0.0,0.0,288.33070366710365,-0.0027663235968284016,6.6153746417954495e-06
2001-07-30,-0.04380059410623238,0.001091817678031275,-7.3453647229951e-24,0.0,0.0,288.35278033671403,-0.0026770248893374783,9.36066363149847e-05
2001-07-31,-0.03495313951187889,0.0010803000064892958,-7.3453647229951e-24,0.0,0.0,286.38666058484677,-0.0023717077417393867,0.0004985419531767343
2001-08-01,-0.03707096031156638,0.00106281345173464,-7.3453647229951e-24,0.0,0.0,284.96268543236226,-0.002263769023330872,8.583068833445395e-07
2001-08-02,-0.04061679125337277,0.0010482909652472891,-7.3453647229951e-24,0.0,0.0,289.0334361088927,-0.0024032968249024646,2.1486933405867603e-06
2001-08-03,-0.042121574829863964,0.0010335385631033255,-7.3453647229951e-24,0.0,0.0,290.6623824670939,-0.002347019116925655,0.0
2001-08-04,-0.041088140111858566,0.001025415241381543,-7.3453647229951e-24,0.0,0.0,290.3025345021049,-0.002462507120338874,0.0009049442359956645
2001-08-05,-0.04134286115061766,0.001004601686687793,-7.3453647229951e-24,0.0,0.0,290.2968470902093,-0.002257935366051345,1.2814998058274796e-06
2001-08-06,-0.04025774646950307,0.0009900866928747147,-7.3453647229951e-24,0.0,0.0,291.2516009228378,-0.002135600836810756,6.252224094261415e-06
2001-08-07,-0.036129251669692455,0.0009898428863051249,-7.3453647229951e-24,0.0,0.0,291.40110683620765,-0.0021526686542030784,0.0017757008390566174
2001-08-08,-0.031520757045449516,0.0010061885340739104,-7.3453647229951e-24,0.0,0.0,289.6018734552991,-0.0020410736738625222,0.004600465735471781
2001-08-09,-0.010722645132218378,0.0010219599399189491,-7.3453647229951e-24,0.0,0.0,283.9525650620685,-0.0028594131818262198,0.008966762467292744
2001-08-10,-0.02028401414890074,0.00149154999835343,-7.3453647229951e-24,0.0,0.0,283.5009776724261,-0.0032686716166593264,0.014660352300110924
2001-08-11,-0.02594655773228845,0.0009592055095791143,-7.3453647229951e-24,0.0,0.0,284.6488360604324,-0.0023371817512532417,0.0033535797380458165
2001-08-12,-0.027056990412332244,0.0009471045880667907,-7.3453647229951e-24,0.0,0.0,284.7401016687943,-0.002787748025467167,0.003388355377601419
2001-08-13,-0.027979605110351653,0.0009120075547762511,-7.3453647229951e-24,0.0,0.0,285.795723981552,-0.0022856466324821033,0.001317345826639294
2001-08-14,-0.029370671106597124,0.0009151476587952867,-7.3453647229951e-24,0.0,0.0,286.1434242909462,-0.0025306923346499264,0.0026294794459800937
2001-08-15,-0.02248272745959503,0.0010818272492306381,-7.3453647229951e-24,0.0,0.0,283.34342028731004,-0.0027900049305063187,0.007741515414189485
2001-08-16,-0.02081425635323013,0.001244718072104589,-7.3453647229951e-24,0.0,0.0,282.35876209453,-0.0025532008438123826,0.010450205922745044
2001-08-17,-0.02715582350047968,0.000859231514445806,-7.3453647229951e-24,0.0,0.0,283.6529043955543,-0.0027386290626337305,0.0007942133198000481
2001-08-18,-0.03385871779278847,0.000839798463939947,-7.3453647229951e-24,0.0,0.0,286.34365018927224,-0.0025668272032997033,6.075632774223715e-06
2001-08-19,-0.0380297680780039,0.0008291904367296037,-7.3453647229951e-24,0.0,0.0,288.1117762262089,-0.002544674143658183,1.0083624198611849e-05
2001-08-20,-0.03317433237861105,0.0008197860360819068,-7.3453647229951e-24,0.0,0.0,287.0428901966907,-0.002381157329947935,0.00011534407987432966
2001-08-21,-0.030845508400329767,0.0008113787504239273,-7.3453647229951e-24,0.0,0.0,286.0242874339476,-0.002242479431258757,0.0003084200250226899
2001-08-22,-0.027908720665395598,0.0008040099999325423,-7.3453647229951e-24,0.0,0.0,285.509158983967,-0.0022919238834394574,0.0006047903144426938
2001-08-23,-0.029417100599256618,0.0008027733719281559,-7.3453647229951e-24,0.0,0.0,286.5779439060477,-0.0026511608670323583,0.0014493410196226733
2001-08-24,-0.032142538051147244,0.0007820438362110807,-7.3453647229951e-24,0.0,0.0,286.87734706253656,-0.0021377746805043545,0.0002106440942825503
2001-08-25,-0.030418577083086564,0.0007717957099278769,-7.3453647229951e-24,0.0,0.0,285.5533500103852,-0.002120440283863895,6.46894429249413e-05
2001-08-26,-0.03235133930956577,0.0007620470672003969,-7.3453647229951e-24,0.0,0.0,286.58380869059016,-0.0021312773795956275,1.2959627611053293e-06
2001-08-27,-0.03045769477799788,0.0007573398156354657,-7.3453647229951e-24,0.0,0.0,287.39492701945335,-0.002013969556086481,0.0005916864690134082
2001-08-28,-0.033459826251544526,0.0007532483103585109,-7.3453647229951e-24,0.0,0.0,286.73736929668996,-0.0025444996285404866,0.0012554044313516236
2001-08-29,-0.025320476520869693,0.0007383816659787282,-7.3453647229951e-24,0.0,0.0,284.94711820958025,-0.0018251073562492758,0.0004764538658365911
2001-08-30,-0.026440911542224346,0.0007277086461331212,-7.3453647229951e-24,0.0,0.0,284.2015037967661,-0.0018247126175437948,0.0001444491924096473
2001-08-31,-0.0242070421829062,0.0007338490189805543,-7.3453647229951e-24,0.0,0.0,285.00857996536513,-0.0019490470383631984,0.002053067778458444
2001-09-01,-0.02907511423536614,0.0007105595984701384,-7.3453647229951e-24,0.0,0.0,285.25587174223415,-0.0018296431234411602,4.074819343911726e-05
2001-09-02,-0.03360995002048838,0.0007019145677318681,-7.3453647229951e-24,0.0,0.0,286.23315546427295,-0.0018981786360595862,0.0
2001-09-03,-0.03440411127893265,0.0006935441561337919,-7.3453647229951e-24,0.0,0.0,287.5466582016308,-0.0019438470329689443,8.702277796146518e-07
2001-09-04,-0.032913064173722674,0.000685459813155697,-7.3453647229951e-24,0.0,0.0,288.36456129286023,-0.0018386300390133752,3.850300096522617e-05
2001-09-05,-0.0333003974230276,0.0006852879025841837,-7.3453647229951e-24,0.0,0.0,287.9808882266115,-0.0019348457739767383,0.0010403810584612486
2001-09-06,-0.014937942605570886,0.0007236029131937836,-7.3453647229951e-24,0.0,0.0,282.4048510010858,-0.0020361694081102387,0.006321857120357664
2001-09-07,-0.006256510687749939,0.0007977240671545771,0.0019655389300847455,0.002591751557959002,7.8864763938101e-05,275.8275540526079,-0.0029700460375449754,0.016243645043691413
2001-09-08,-0.008738645347161482,0.0006609513597973323,0.05356863707921376,0.008773426741024869,9.853350745756075e-06,270.8949139661484,-0.0013753147585328018,0.009847000325410112
2001-09-09,-0.015887847054476118,0.0006810868695630867,0.07102653086746705,0.0002158074350343586,0.0023926834938889844,273.19649795129925,-0.0014886342694109445,0.00035591563255687206
2001-09-10,-0.022559273040900798,0.0006881207227706909,0.050213657530014125,0.0,0.00339887646884568,279.20379346642795,-0.0016792906437721631,1.7219706976280926e-06
2001-09-11,-0.025575941018128802,0.0006659073849855844,0.0278809973075565,0.0,0.0022039169098361064,282.5717080793363,-0.0017003859524841363,8.951641071987692e-06
2001-09-12,-0.02234525267182097,0.0006488068292369951,0.01375969206096987,0.0,0.0014031938156165646,282.72376886285184,-0.0016072524848294125,8.096895312185343e-05
2001-09-13,-0.017620130026407835,0.0006553109756297312,0.005428105873352166,0.0,0.0007503444570942787,282.61196142581,-0.0017165793369045366,0.0024190307673761405
2001-09-14,-0.006372456833467645,0.0008961571811956202,0.0019772631973870055,8.936838830931713e-05,0.00021574424190373072,279.49328973917414,-0.001864861539107258,0.01340969546691927
2001-09-15,-0.00889734027244277,0.0006279572423568553,0.0020266890301318266,8.148045442198631e-05,0.0001475136874422515,276.5018175523834,-0.0014081951178147294,0.0015540022129343154
2001-09-16,-0.017883845599694442,0.0006080176365577569,0.0014133489289077214,0.0,9.79735879069668e-05,278.60903545602343,-0.001370833281659137,0.0001094529857743258
2001-09-17,-0.012900750263262605,0.0006473348133981564,0.0005406956214689266,0.0,5.2964641044368856e-05,277.7725009343494,-0.0013687876868719437,0.0038952194701025586
2001-09-18,-0.015204189650419744,0.0006157629570718539,0.0004731086687853108,0.0,3.407285206735471e-05,277.8306144779011,-0.0018056504070590445,0.0018615903152908173
2001-09-19,-0.021316421865406682,0.0006001881286922822,-7.3453647229951e-24,0.0,1.7058104276657104e-05,280.01469392650773,-0.001706708259459606,0.0010892039975204037
2001-09-20,-0.01941541775976871,0.0006127159642634419,-7.3453647229951e-24,0.0,9.39176202157123e-06,278.3815302947596,-0.0019099105696725308,0.0023641673858556373
2001-09-21,-0.024950238144667132,0.0005812277059770574,-7.3453647229951e-24,0.0,5.907268594887298e-06,281.4784202396084,-0.0016168265913923583,1.2874602361989673e-06
2001-09-22,-0.021988331429702416,0.0005765300517701834,-7.3453647229951e-24,0.0,3.3468576306003637e-06,280.9866310917052,-0.0014854731238157738,8.655456049666554e-07
2001-09-23,-0.021910799467294233,0.0005719843557325462,-7.3453647229951e-24,0.0,2.437002830586191e-06,281.0837268110947,-0.0014665987458353663,0.0
2001-09-24,-0.02522574680841575,0.0005675065147001192,-7.3453647229951e-24,0.0,1.2165914147587146e-06,283.25273985781917,-0.001560810411422603,1.7136334804490616e-06
2001-09-25,-0.026535695008302138,0.0005630087212654157,-7.3453647229951e-24,0.0,5.502485286044536e-07,284.2311323780125,-0.0016040375908720965,0.0
2001-09-26,-0.024634822950524802,0.0005709865672440179,-7.3453647229951e-24,0.0,2.200867833390748e-07,284.91373036630637,-0.0015685209888691284,0.001396791577977144
2001-09-27,-0.025135385493437454,0.0005543705097026072,-7.3453647229951e-24,0.0,1.2015639725378006e-07,284.4251031713971,-0.0016883301553921512,4.4637238261202583e-07
2001-09-28,-0.03046517377182589,0.0005499818230752892,-7.3453647229951e-24,0.0,3.922078232307219e-08,285.5421115530413,-0.0017826998932550183,8.457139415440906e-07
2001-09-29,-0.022424408271487825,0.0005466112140881813,-7.3453647229951e-24,0.0,1.6300775910501426e-08,282.9343922106785,-0.0013509384635309717,0.0001415222378050641
2001-09-30,-0.02185756603708375,0.000541510470842911,-7.3453647229951e-24,0.0,8.250360435011697e-09,280.9244598201888,-0.0012259187945033198,8.612871056357108e-07
2001-10-01,-0.024143531160839532,0.0005373748513938344,-7.3453647229951e-24,0.0,4.125180217505848e-09,282.1887656712936,-0.0013245638922951318,4.2915343101412873e-07
2001-10-02,-0.020869170247161457,0.0005336346599341785,-7.3453647229951e-24,0.0,1.031295054376462e-09,281.75104101005024,-0.0012362911392234815,6.15976961319056e-05
2001-10-03,-0.01938112345287355,0.0005293449776320808,-7.3453647229951e-24,0.0,0.0,278.830188025638,-0.0010028259755022783,2.376703219083069e-05
2001-10-04,-0.005760098286604478,0.0005302765948624261,0.05049802848399247,0.018727557386382154,3.1060291885656156e-06,271.65271289200433,-0.0005945175896677594,0.01991409854694652
2001-10-05,-0.009444939846036124,0.0005278056960994915,0.1443820529513889,0.001302292938791426,0.0005035759028741869,264.84752885276095,-0.0009127511395572944,0.0013863932061573808
2001-10-06,-0.013610590522908897,0.0005443461533993652,0.12262503126471282,0.0,0.0021423851639705864,270.1295101647099,-0.0012204485161408866,8.679195957483898e-07
2001-10-07,-0.01524417363317673,0.0005447782028866353,0.10199721744056027,0.0,0.0024298371610331675,273.67124933217656,-0.0012571572163010722,2.9968932722113095e-06
2001-10-08,-0.013249702499074452,0.0005251733259966146,0.08322758504001884,2.8907831779307564e-06,0.0011295033776659077,275.13382874325396,-0.0011332266474679367,1.563488319082502e-05
2001-10-09,-0.005803949541628025,0.0005137071771136785,0.0785420160958098,0.0034076467282691245,0.0003970681484472954,272.10362189413246,-0.0006589584136750065,0.003879885588568257
2001-10-10,-0.009728241059402962,0.0005114181230297197,0.09812453102930792,0.0005764742776498956,0.0005759321321538612,267.3222028800548,-0.00074277441464575,0.0005831419220081408
2001-10-11,-0.008502490313376411,0.0005026186085016715,0.09249826204978814,0.0015291652857920546,6.007768297936284e-05,270.81707928903586,-0.0007320771330578179,0.0018885009828465765
2001-10-12,-0.006874800528173393,0.0004974992598517467,0.14363192973163844,0.007506572236280659,0.0,266.552732697539,-0.000659553712960017,0.007606650240313427
2001-10-13,-0.007801593402347996,0.0004941374905365336,0.16262685197445859,0.005021729564431024,0.0,269.0259371360592,-0.0006924875259483602,0.005194284417529979
2001-10-14,-0.0034929767335202064,0.0004909412335541289,0.18672987655955745,0.005855949269344579,0.0,267.1063811379413,-0.00042062104379726674,0.005959834756150758
2001-10-15,-0.006390784967080348,0.00048778622837389936,0.22894942289018363,0.002096871292944682,0.0,264.8326222371247,-0.0006285167567558207,0.0021847163665920126
2001-10-16,-0.012066214813687708,0.000505717881655289,0.22120382018008475,0.0,0.0016586261322606083,270.1027342658034,-0.001047261443389001,8.545344662991283e-07
2001-10-17,-0.010562606366340724,0.0005127940811006363,0.20117095544962335,3.327599773972722e-05,0.002062733058875564,274.75566977879873,-0.0010142559922263446,0.00040525866396361166
2001-10-18,-0.0077180858217390244,0.00048551662156810874,0.25242140602930796,0.010328962893809303,0.0,268.34610485357086,-0.0009218897239047255,0.011297873508134363
2001-10-19,-0.00942814505874774,0.0004763291717249122,0.2594876908986582,0.0005875611835617131,0.0001086858916754103,269.852243965853,-0.0009250509326404098,0.0005949316388469632
2001-10-20,-0.006560199173156824,0.0004756123164279313,0.25842469066325335,0.0015627235005804376,0.0002816865210142513,271.84695179897966,-0.000687460772861532,0.0018401414492709488
2001-10-21,-0.009169977516104273,0.00047980198415659245,0.2610148341866761,0.001121515755431127,0.0008231471424217278,271.223853177719,-0.0008628788630420206,0.0011948239667591266
2001-10-22,-0.008126139261965025,0.00047486212293980487,0.24815929003354523,0.0008650501337596927,0.0003880848003140951,272.3423511519495,-0.0009421024229482743,0.001685665021411115
2001-10-23,-0.0059183983311141275,0.00046886166947036147,0.2590313640242467,0.0070761508376753265,0.00030254737847605666,269.2134145244591,-0.0007299310659284646,0.007690074837597168
2001-10-24,-0.0085180188808064,0.0004598824149471219,0.3043185304113701,0.0026748974907532925,0.0,264.081260311177,-0.0007940359245249108,0.00276519445281827
2001-10-25,-0.007936726224287755,0.00045705818187045515,0.3081988031132297,6.775650600929045e-05,0.0,263.057249015334,-0.0007617096022023994,7.090703233147726e-05
2001-10-26,-0.007868801806606143,0.00045747389901155814,0.3019279293196799,4.19292577915946e-05,0.0002394390771281248,267.91482944811804,-0.0007490071725879012,4.28488698601587e-05
2001-10-27,-0.010076983500335177,0.0004737732437370861,0.28902916629884656,0.0,0.0016368503161406115,274.09870164228255,-0.0009481991920094033,0.0
2001-10-28,-0.010483635852565874,0.0004682660439593644,0.2660015558792373,0.0,0.0014081878408705448,275.3097824700135,-0.001128737135963925,8.627535521554819e-07
2001-10-29,-0.006821732315639992,0.0004765728099197991,0.24468798736169964,0.0,0.002182298018939078,273.7241196749126,-0.0006846548452720804,0.0
2001-10-30,-0.010180098567642062,0.0004847261023386724,0.22155301943561678,0.0,0.0029199000889972102,275.5734283928593,-0.000932726851206715,4.261732051702438e-07
2001-10-31,-0.0057542692806761145,0.00047569212603703736,0.20495352592396426,0.0025086005528767905,0.0006800519018355062,273.9712198368798,-0.0006747274412273687,0.005652419451752777
2001-11-01,-0.006677562444560272,0.0004388485419548164,0.21360189721633716,0.001054114793653542,7.636836693111787e-05,269.97566003673717,-0.0008398773580116066,0.0010631648040943461
2001-11-02,-0.0071103467611269774,0.0004507475821985364,0.21301499418844164,4.166823490864813e-05,0.0009907155513426678,269.675884350994,-0.0006508075205956475,4.424212002441701e-05
2001-11-03,-0.00849730891864852,0.000449932311887795,0.2022682089365584,0.0,0.0010899870977395,271.18868570633083,-0.0006939256826868166,4.351138045421976e-07
2001-11-04,-0.009601478775342308,0.0004700382718932157,0.18909082215160075,0.0,0.0027044147021521286,273.0689625353912,-0.0007572550179257905,1.716613724056515e-06
2001-11-05,-0.011421274372750083,0.00045174638093528103,0.17092004693385124,0.0,0.0015299934472909756,274.1382559077664,-0.0009964662525108307,0.0
2001-11-06,-0.009650399455916411,0.0004579722881317139,0.15686265043844164,0.0,0.0021651028997480533,275.01316140600517,-0.0007475438754016398,2.288576191380868e-06
2001-11-07,-0.006203185198670727,0.0004252223981975835,0.14900164415607345,0.002868091740177176,0.00011430689170535676,273.11493354553113,-0.0006119606458703004,0.002991121573552135
2001-11-08,-0.008726664603093251,0.0004279997389195329,0.1630431784074859,1.2632522542597885e-06,0.0004444102214722984,269.56320294597504,-0.0005771959842429997,1.2541389734731556e-06
2001-11-09,-0.011294797988934705,0.00043376328918219966,0.1561943672022128,0.0,0.0009272375096709044,272.91710553645197,-0.0006415971665311668,1.7106532368416083e-06
2001-11-10,-0.011873041042837047,0.0004290833143191149,0.14727564809910548,0.0,0.0007781809206399542,273.4630903613994,-0.000641337201251822,2.1434889276861213e-06
2001-11-11,-0.006775164839911596,0.000420191362079254,0.14118684528013184,0.0005552688518823204,0.00022188863469719213,271.65024192005455,-0.0005002905125335111,0.001240246646143363
2001-11-12,-0.007206249582228688,0.0004163940074080128,0.1414645494938795,0.0,0.0002468023659650889,271.64671065264054,-0.00044473509519955535,1.7034858892372995e-06
2001-11-13,-0.008075135870505188,0.00041528803817296434,0.1369180625441384,0.0,0.0003005183159799899,272.78538008508485,-0.00040993848973411626,4.351138045421976e-07
2001-11-14,-0.008158821886205404,0.00041199513411117823,0.13206191700506123,0.0,0.00021996762666661864,273.0432728805111,-0.00043790951097584047,2.1585874492302537e-06
2001-11-15,-0.007925034453303127,0.00041914575517514334,0.12661197181026365,0.0,0.0008765099370210185,273.25754911347303,-0.00044141287815436137,4.1433094111198443e-07
2001-11-16,-0.009511329570395799,0.0004248800082395306,0.11868268891242939,0.0,0.0014458183346495116,275.0283823498225,-0.0004911360641320547,8.612870487922919e-07
2001-11-17,-0.00862457851568858,0.00041345334322439074,0.10953178333921847,0.0,0.0007548720528513698,274.3169939037546,-0.0004899627713244514,0.0
2001-11-18,-0.0026616325738739836,0.0004025502393474687,0.12774738663782959,0.007511613143365937,0.0,269.58637489347586,-0.00034832040973975834,0.007798379473796506
2001-11-19,-0.006920455244638153,0.0004087467651582707,0.16658045881885594,0.00021450429902238361,0.0005793639348220018,267.23588553750136,-0.00034273470525687696,0.00021635704794348634
2001-11-20,-0.010014742318183016,0.00040965177918558067,0.1574320820091808,0.0,0.0007373101714640689,272.13732626029554,-0.0005179271522888356,4.410743663640915e-07
2001-11-21,-0.006960789867713627,0.0003987153371175131,0.15075982447622413,0.0007331706793968287,0.00017262564835238595,270.67086228049186,-0.00040451766617890806,0.0007733016700272101
2001-11-22,-0.004680879708737304,0.00039500452704348813,0.1566833381149953,0.0016556870465898245,4.331838065958293e-05,268.8994148635146,-0.00032710221906503045,0.0017450942157002357
2001-11-23,-0.002460406451238751,0.0003948465915723036,0.17607734522128063,0.005536468131309849,0.00013672059538674222,266.84116016898,-0.00019176919434198554,0.005586955085986079
2001-11-24,-0.0029953434894987425,0.00039710719033149677,0.23311843441031077,0.003514845797655273,0.00036686505217336667,263.91425572052293,-0.00024756485606822594,0.003527226404247554
2001-11-25,-0.001848017218086006,0.00038936902574226686,0.2452454647775424,0.003562396571124341,0.0,264.73838342425967,-0.00023353491294181956,0.003570589153757365
2001-11-26,-0.0011670098634762953,0.0003878558422886046,0.2977179978077919,0.005097236884179089,0.0,262.5460558566221,-0.00019962213259969055,0.005103360714211976
2001-11-27,-0.0016052739347441724,0.00038634905707364705,0.3201000838629944,0.001261930912733078,0.0,258.010229556125,-0.00018457418549700647,0.0012669622607258762
2001-11-28,-0.0032631505680623027,0.00038511259744396323,0.3181361541460688,4.2620898976837855e-06,1.3539315027705696e-05,256.4649855870536,-0.00024678070350723754,4.877538667848048e-06
2001-11-29,-0.004309919720652413,0.0003922455391641391,0.3127719570238936,0.00019933312794582993,0.0005144780070263115,263.49846476754226,-0.0003163337833800559,0.00020495102556955996
2001-11-30,-0.002687232768805014,0.0003819878155228782,0.3077691431997411,0.0016285887166941906,-1.862645149230957e-09,262.62177078333286,-0.00022160510748288052,0.0016331062310159547
2001-12-01,-0.0035003089046074178,0.00038174754482204635,0.3150820974576271,6.434832841663037e-05,6.692599778794973e-05,260.9970206891076,-0.00030848629099164307,6.462128485663462e-05
2001-12-02,-0.004383970872830537,0.0003791892595883817,0.30897145531720815,8.971391424620893e-05,0.0,263.4699975927895,-0.00028275841541882963,9.042777237116259e-05
2001-12-03,-0.0034248087197373813,0.00037779503286221615,0.3033081744350283,0.0005693345588479339,0.0,266.93460394074464,-0.0002882821053940024,0.0005804482489201173
2001-12-04,-0.001717049228606251,0.00037639255577561544,0.3002368761770245,0.000643458364710296,0.0,261.45595444932496,-0.0002199894311906254,0.0006447850684600837
2001-12-05,-0.002542829993417708,0.00037504437953065343,0.30342932519715166,0.0002140488454514304,0.0,258.6444249664997,-0.0002022184863013063,0.00022158114245549425
2001-12-06,-0.002357809094049163,0.00037372945728948563,0.30245827999941155,0.0006982579953589683,0.0,260.3167043064498,-0.00018126089231105847,0.0007031847169407286
2001-12-07,-0.0015186336586030865,0.0003723631807639774,0.3269613089983522,0.0040452921668351705,0.0,261.0448078794893,-0.0001584182961680795,0.004052665408710383
2001-12-08,-0.0032862328035009785,0.0003711690673720365,0.34528656867937857,1.6843089781238533e-05,4.074562572490025e-06,262.4086564489677,-0.00023073510998218076,2.0282471692967014e-05
2001-12-09,-0.0039207563225158865,0.0003703580906162154,0.33517910082685975,0.0,3.242694725424557e-05,267.4198039067443,-0.00037338881421897376,0.0
2001-12-10,-0.004356080361005277,0.0003689998118890881,0.3264794646009887,9.020674700117382e-08,2.9296209078050607e-05,261.75872665520217,-0.0003555108303740874,9.642145678249352e-07
2001-12-11,-0.0013552565695875783,0.000367233645444536,0.3218157349782251,0.0007391802671938967,0.0,260.83467049966873,-0.00012739895090544965,0.000743432149375226
2001-12-12,-0.0017541133414554057,0.0003659631741248955,0.329738810911017,0.0002207784034774802,0.0,257.1720675524121,-0.0001493940908609137,0.0002233662174246406
2001-12-13,-0.002351695450685792,0.000364707603966449,0.3273843021716102,0.00044718721492142325,0.0,260.02726879586834,-0.00014530814194914986,0.00045132445057437877
2001-12-14,-0.0035390918706096498,0.0003673857719884754,0.3258617566354755,9.465697458234883e-05,0.00022302854195826473,265.88623833162416,-0.0002409187961096144,9.788721241346211e-05
2001-12-15,-0.0015241787426889283,0.00036224184063194835,0.32999835400482586,0.003533642928479082,0.0,263.63902073301614,-0.00021860655923347692,0.0035377401584959296
2001-12-16,-0.0025455188532333595,0.0003610100954939417,0.3505013388653484,9.233527685289329e-05,0.0,259.9258281722132,-0.00016709542333406244,9.36832972489371e-05
2001-12-17,-0.003986827355656921,0.00036114471106879454,0.34374195393420437,2.4585926768469946e-05,7.535256234939491e-05,267.0960233548267,-0.00030973517877907407,2.7640305452968467e-05
2001-12-18,-0.0034315461913744607,0.00035861286066346255,0.35744302465866296,0.003277132508613296,0.0,262.9374928627086,-0.00031092309387726973,0.003289848529414516
2001-12-19,-0.002548122136606335,0.00035742994418925487,0.36673485132709516,9.878922653737042e-06,0.0,261.02263741574046,-0.00018886014250880584,1.2572842117837571e-05
2001-12-20,-0.002381899094177505,0.0003562047235709799,0.3605101849399718,9.94313655600036e-06,0.0,260.7403310211814,-0.00018106391495567258,9.95018724667824e-06
2001-12-21,-0.0047458720493451356,0.00035506811014003007,0.35285033030249535,3.398110890119089e-05,0.0,266.0390206424979,-0.0004350027269394385,3.446692453810029e-05
2001-12-22,-0.001479644770339384,0.000353874291403819,0.3534222906367703,0.0008250629624067727,0.0,260.6535818204144,-0.00011980081619010808,0.0008321152231332812
2001-12-23,-0.002290005443123101,0.0003527110747698337,0.35241193466042847,5.985931151330808e-07,0.0,260.84340500337703,-0.00012835921288210122,1.8820923705557803e-06
2001-12-24,-0.0027638540345396702,0.0003515776604582361,0.3474953286840866,0.0,0.0,261.0058009117112,-0.00018259879769915244,0.0
2001-12-25,-0.003197928311797859,0.00035041444382425085,0.3424189508298023,0.0,0.0,261.3766999648789,-0.000208336796800969,1.7106532368416083e-06
2001-12-26,-0.0034211693426310008,0.00035172498832314705,0.33672854321151136,0.0,0.00013873380961391211,264.14705511046446,-0.00028318009933846146,1.291333092012792e-06
2001-12-27,-0.002600294174784321,0.00034815241388008424,0.3301634132974341,1.1227477741780255e-05,0.0,262.74422865398867,-0.00018041066320265755,1.3256645415192826e-05
2001-12-28,-0.0018572051309596349,0.000347038699408709,0.3258208366437147,0.00013492292182593697,0.0,261.3962296882816,-0.00018464926482930698,0.0001390125753405275
2001-12-29,-0.0009734211331706937,0.0003459084842164638,0.327773042093338,0.000844599205558583,0.0,257.24983098951435,-0.00011182793200352772,0.0008467444020892271
2001-12-30,-0.0021798629208473162,0.00034479636930476474,0.3356073814147834,3.4617165387687036e-05,0.0,255.32208575950952,-0.00021081248371951326,3.691975676364137e-05
2001-12-31,-0.0008755616296482625,0.0003437273583169711,0.33389609816384186,0.0006587941431056308,0.0,256.10857884897354,-7.908294598261516e-05,0.000661221752698381
2002-01-01,-0.0019615826717877794,0.0003427301591399026,0.3390973049817561,0.00011960718002022997,0.0,257.41407600589616,-0.000122380569198374,0.00012019865930417166
2002-01-02,-0.0028051544549101493,0.000342592933757157,0.33578163621115825,2.7301958051778505e-07,4.8902601340396254e-05,258.0449293104268,-0.0002741778616682958,2.7301958051778505e-07
2002-01-03,-0.004937538824512461,0.0003545147887731003,0.329239265168903,0.0,0.0007419877259408014,266.42299221419574,-0.00018647416247486394,1.2704121559181658e-06
2002-01-04,-0.0027705553898030085,0.00033951622281370867,0.3250550810675612,0.0010222483447379313,0.0,264.4869980102654,-0.0002509545177052924,0.0010263752633787684
2002-01-05,-0.002544202205151488,0.00033843870890342586,0.32463415688265074,0.00014768433520349406,0.0,260.6572107254,-0.000187670890936407,0.00015168533574290395
2002-01-06,-0.003148751491207188,0.00034333992812593105,0.32554658074387954,0.0004389960592412679,0.00031823478639125824,264.1234399037622,-0.00019931982634431228,0.00044042878965441177
2002-01-07,-0.0038408724601659405,0.0003426329227490614,0.31863064236111116,2.3307268228908046e-07,0.0003413208207841647,269.5354920223832,-0.0002118024375226538,4.479523869959761e-06
2002-01-08,-0.009605948913232082,0.00034566046827930516,0.30837719588629947,0.0,0.0005577258807791156,272.3329559979915,-0.00071454558542556,4.261732051702438e-07
2002-01-09,-0.005689534890112904,0.00033509344030908277,0.30257736177318734,0.0023513161445741604,4.666200760057417e-05,267.44072077548213,-0.0005591075898984732,0.0023629755589475074
2002-01-10,-0.003966748756540698,0.000339318803474728,0.3304760604254944,0.0017424046909068265,0.0003320511093752533,263.14160136853235,-0.0002706838971645819,0.0017634096791165562
2002-01-11,-0.0037890257640073527,0.0003321414108330247,0.3266447537811912,0.00044820226181698387,0.0,265.2368408353989,-0.00029657238115698607,0.00045441833590803847
2002-01-12,-0.00347445648437166,0.000338074935358123,0.3237998948034369,1.9458138336569578e-05,0.00037293428670888564,265.50399462382,-0.0002029169940173963,2.3734435086164203e-05
2002-01-13,-0.004024991039502419,0.0003300945637589794,0.33378184402954336,0.0058397837193672275,0.0,263.9696272474674,-0.0003877192851429606,0.005844071928390676
2002-01-14,-0.0012679975164138666,0.0003290748023717417,0.37374205508474573,0.001273617295727218,0.0,259.4186529888721,-0.00011026510958280941,0.0012828720026329579
2002-01-15,-0.0007065537117295347,0.0003280683425860217,0.3790044120027072,0.0011571197859985007,0.0,257.3349453913515,-0.00012518975904769145,0.0011640135387448942
2002-01-16,-0.001820863850709409,0.0003270799830808478,0.3906615521274718,0.00047574983646640675,0.0,254.58134775826267,-0.0001266396283514082,0.0004813576420164189
2002-01-17,-0.001449883405098134,0.0003260767224144801,0.3889734875235405,0.0003006242973319555,0.0,253.15933767415711,-0.00013403539772087572,0.0003054746463473907
2002-01-18,-0.0010202279535390564,0.00032509501371006506,0.39281743798552266,0.001032603999315682,0.0,254.67524973192235,-0.00010753308796444855,0.001034046330592107
2002-01-19,-0.0023371807936221193,0.00032410665420489127,0.40058993754413846,0.00011674613602417337,0.0,257.06342020052756,-0.00013262619616958383,0.00012091081694197183
2002-01-20,-0.0029096810915375834,0.0003230983422974409,0.3988262399217279,0.00045214675493159543,0.0,257.67453222759707,-0.00020642657527479078,0.0004558445201414184
2002-01-21,-0.004342476863645564,0.00032210493155118437,0.397933586393597,0.00016941856277191035,0.0,261.0601825390832,-0.00024053725377146137,0.00017336591825646872
2002-01-22,-0.0017762499845634075,0.0003211115208049279,0.41501423463983056,0.005103147509744612,0.0,262.10860805188196,-0.00022108410879717038,0.00511697012134526
2002-01-23,-0.0021472475623006875,0.0003201130588175887,0.4504541659310264,0.0007803229836084076,0.0,254.8662355498406,-0.00015715533856954953,0.0007819969119010486
2002-01-24,-0.00397193002498756,0.0003191212476310084,0.44718930231873827,0.00025380143927315534,0.0,258.604485962575,-0.0002039455898148192,0.0002567184172431491
2002-01-25,-0.008129407835882263,0.00031813263556378037,0.43920530617349346,8.38320807548566e-06,0.0,266.27003474334316,-0.0004598748907025925,9.091914014115799e-06
2002-01-26,-0.012230719508087568,0.0003173512927556442,0.42446859183733526,1.66270018970899e-09,1.0190963071618377e-05,267.62498690718314,-0.0008688547916836657,1.2844800494349329e-06
2002-01-27,-0.008026334693876366,0.0003161471610688894,0.4107587853842985,3.553522845446054e-05,0.0,266.0485499753791,-0.0006207153516805778,3.789969747683404e-05
2002-01-28,-0.0007174643503744051,0.00031519500212480797,0.4822368154866997,0.011773492172781357,0.0,260.8962368076131,-0.00015382365570903498,0.01178077803892186
2002-01-29,-0.001873589126066973,0.00031421969165909764,0.5775325796698447,0.00095753514834043,0.0,254.9182478981952,-0.00013396150227320397,0.0009616527180100026
2002-01-30,-0.0022199588306879596,0.000313234278711222,0.5525913849164312,6.865478504849019e-08,0.0,250.10364912862832,-0.00012848721974987096,1.7807981721155348e-06
2002-01-31,-0.001565341348365202,0.00031224886576334637,0.5419931070503767,0.00023355650699744793,0.0,253.29489946814357,-4.530142424470288e-05,0.0002396306579719692
2002-02-01,-0.0036404748673492904,0.0003112799535363408,0.5373298372028014,3.991406516166731e-06,0.0,258.1905744125165,-0.0001001908407036194,6.1269701301443495e-06
2002-02-02,-0.004087726148845112,0.0003102961401481413,0.5274957056997411,2.9579036485003887e-05,0.0,260.12749605843356,-0.00018821379938031323,3.028791503044172e-05
2002-02-03,-0.005399193677861812,0.00030931897756070073,0.5172953632591808,0.0,0.0,260.1862408769108,-0.0001706625676929614,1.2874602361989673e-06
2002-02-04,-0.002631682165935215,0.0003083333120507709,0.5081108940972222,0.0012712903152414636,0.0,261.20119751105875,-0.00015414969227408286,0.001273803917899648
2002-02-05,-0.006289782918105692,0.00030735109822224764,0.5289725036046374,0.0012412350098628786,0.0,262.7133526451844,-0.00018677495335791747,0.0012432768257663249
2002-02-06,-0.009127990169040227,0.00030637873431383554,0.5168516802024483,0.0,0.0,266.68411650720515,-0.000371242389293377,2.5736626412253827e-06
2002-02-07,-0.009408937714530923,0.00030539812004498845,0.5024549696180556,0.0,0.0,267.3237617478308,-0.0005991264683126057,4.387795229376934e-07
2002-02-08,-0.004612157952650792,0.0003044505072178814,0.48930011181732586,0.002005997329613583,0.0,264.9783763885498,-0.0003952501804730987,0.0020101880930161638
2002-02-09,-0.0029711710699534015,0.00030349304447066316,0.555658315310146,0.009069358351203682,0.0,260.5643444169039,-0.0002556051901083882,0.009075931438516144
2002-02-10,-0.006673233530952433,0.00030251562932116836,0.5826452797640067,1.0803341865539551e-07,0.0,261.3529992830955,-0.00018886818240086237,5.378223732229555e-07
2002-02-11,-0.009995083645575465,0.0003015448649724325,0.5659073939206687,4.938850968571033e-07,0.0,268.0575153688478,-0.0006653923583401125,9.215483776457961e-07
2002-02-12,-0.004266374570838476,0.00030060390294608426,0.5547950873940679,0.0005154825620732066,0.0,258.78904627855667,-0.0003279665127228209,0.0005197899826275023
2002-02-13,-0.006726460731298911,0.00029964298851745954,0.547932482933145,6.931144638923603e-07,0.0,261.08950595173235,-0.0002589025455763785,1.1047232572742671e-06
2002-02-14,-0.006168034411756332,0.0002986804745291586,0.5456388944061912,0.002046799045161339,0.0,262.6877410155905,-0.00045667094110095574,0.0020516014367838497
2002-02-15,-0.007132917432125005,0.0002977262109012927,0.5518932162929614,9.049656195829144e-06,0.0,262.1103357720959,-0.00024249493591697876,9.486432700561051e-06
2002-02-16,-0.009898796214558985,0.00029678339675321417,0.539990786105226,0.0,0.0,265.4013591378422,-0.0003738703606071446,2.998112904606387e-06
2002-02-17,-0.00807633983381724,0.0002958208827649133,0.5261002880031781,1.6400537921883967e-06,0.0,267.5624812533851,-0.00042878481227967704,1.2311221516065005e-05
2002-02-18,-0.005297497209519317,0.0002948831198579174,0.5137785428436912,0.00040433067554807934,0.0,265.8595431807351,-0.00029610354179716386,0.00042064246533986293
2002-02-19,-0.005384187198291391,0.00029394695651059773,0.5280437577242232,0.0023390636226888434,0.0,264.6784257906754,-0.000319677694453358,0.0023445445656804912
2002-02-20,-0.004014011661885149,0.0002929876416416492,0.5336150835687382,0.00274297096214052,0.0,264.18776397920607,-0.00023735219896849942,0.002751333265557361
2002-02-21,-0.0077231655602401274,0.00029208128061671717,0.5481101860434323,0.00024374214521909163,0.0,262.09923245632945,-0.0003975499000421352,0.0002460954799870177
2002-02-22,-0.008569932505909334,0.00029115841887091513,0.5373369637182204,0.0003498282262497703,0.0,269.8444363797003,-0.00046865673114856093,0.0003515477458858325
2002-02-23,-0.00911454098709559,0.00029020230312131894,0.521475869159016,1.66270018970899e-09,0.0,271.2392825757043,-0.0006119079077563718,1.718696012176224e-06
2002-02-24,-0.0016093369426026856,0.00028928264049486925,0.5369342006532486,0.006500747117955806,0.0,264.6849689160364,-0.0002744194688433308,0.006527916075601226
2002-02-25,-0.002153526844277894,0.0002883347751057081,0.6687112869291432,0.006308014341498499,0.0,251.80457737665844,-0.0002734962756098327,0.006315985338529818
2002-02-26,-0.0048832129792305045,0.0002874382640008873,0.6718871840424906,0.0002631635357767849,0.0,250.90516626677723,-0.00012918250729977075,0.0002668513247854696
2002-02-27,-0.004103705876291135,0.0002865005010938914,0.6697667008739407,0.0012930648475043517,0.0,258.1851714829267,-0.00020283151228549118,0.0012964170977217287
2002-02-28,-0.0023004428646658777,0.00028557578722635907,0.6883170205096516,0.004261821382126566,0.0,258.1228188480586,-0.0001610613107091963,0.004270627336986995
2002-03-01,-0.0024948301119992965,0.00028467422488045557,0.731213815692679,0.0011478762673792866,0.0,251.64932138187962,-0.00020412740292353822,0.0011550054206686507
2002-03-02,-0.0031116092104022785,0.00028375456225400593,0.7304441520274249,0.00038127592727962866,0.0,250.10200788206976,-0.000153048921607982,0.000385617081682884
2002-03-03,-0.004787243355465475,0.00028284474954766745,0.7418826690501413,0.0017254506001027966,0.0,255.27473311415278,-0.00018226669964480538,0.0017284551919403185
2002-03-04,-0.007330395954813661,0.000281934936841329,0.7347221302671847,0.0005955321472243401,0.0,262.84430973677985,-0.00028732689465843357,0.0006005965654031252
2002-03-05,-0.009424616135446366,0.00028104987521629555,0.7136658059675142,3.782941796685343e-05,0.0,265.69299493850735,-0.0004653943344782302,4.0371673917447085e-05
2002-03-06,-0.00656243485246001,0.00028010041026745817,0.6896384144008946,9.996641827168439e-05,0.0,264.72230498175617,-0.00035828679252815793,0.00010391710497616788
2002-03-07,-0.004784212989658959,0.00027923530104470123,0.6739658276689031,0.0017834275245329754,0.0,267.2877851331751,-0.00024583942577832165,0.0018562225634532865
2002-03-08,-0.001844438287497914,0.00027830393637641,0.7325278531809087,0.009565122825446103,0.0,259.18186719359204,-0.00027892286073690083,0.009607864907957751
2002-03-09,-0.005280383436356562,0.0002774172751917004,0.7866748874470338,4.891567142669764e-05,0.0,254.49795183084782,-0.0002058631145937295,5.36344418961783e-05
2002-03-10,-0.009022679243047359,0.0002765024112442793,0.7705797673169729,7.136456542095896e-06,0.0,264.5794592711885,-0.00028590565431589463,8.150763698278116e-06
2002-03-11,-0.00870240959575621,0.00027558594773718193,0.7491825197151603,0.0005866148124980389,0.0,265.7511253931653,-0.00044089753054461246,0.0005891549384290618
2002-03-12,-0.01233198944121431,0.0002747556920778953,0.7233548783986582,0.0004096226082683283,0.0,269.08213506939273,-0.0005872253128616823,0.0007862579687726833
2002-03-13,-0.004620716607166549,0.00027381927616852155,0.7295703492820153,0.005757743966276364,0.0,265.5210310151124,-0.0004896169033764446,0.005858530028368956
2002-03-14,-0.0033212034715771003,0.0002729507152643581,0.8407566336364173,0.014227636895105665,0.0,262.1692512569679,-0.00030514968317107294,0.014241156378339122
2002-03-15,-0.006532705478412284,0.000272035851316937,0.896681388668197,0.0011839243020378267,0.0,259.35419635808626,-0.00025515370912807813,0.00119282970320707
2002-03-16,-0.006832152815525141,0.00027116569085309735,0.8768381812029191,1.5040617541404769e-05,0.0,258.55621976187905,-0.00026344712086990056,1.6467079558938142e-05
2002-03-17,-0.0053952348939443045,0.0002702904791481751,0.8568106038871235,0.0008551848810271355,0.0,258.4980498060669,-0.0002579353328815288,0.0008589127305756045
2002-03-18,-0.005855497414782896,0.00026941871912465934,0.8746448236670198,0.0019752937395357143,0.0,258.61001688926683,-0.0002957016366433963,0.0019815215955670132
2002-03-19,-0.007294499310059737,0.0002685501582204959,0.8638138995556733,7.27878578301877e-05,0.0,259.39979851717334,-0.0003258397876374466,7.597241688916893e-05
2002-03-20,-0.007735335978411011,0.00026768319687600866,0.8416072177348165,8.801577118156994e-05,0.0,264.7357950013012,-0.0003150057594823299,9.311232189532054e-05
2002-03-21,-0.004725160277159201,0.00026677658328902253,0.8558942719367938,0.003063576180214262,0.0,260.860541938164,-0.0002934032798571102,0.0030702540597323507
2002-03-22,-0.011525076072094806,0.00026590137158410027,0.8478056769362052,0.0,0.0,267.81978598916146,-0.0003233857368682064,8.52346317969932e-07
2002-03-23,-0.009432282404037519,0.0002651041173665537,0.8149701421992702,0.0004698035154638991,0.0,270.1255181271253,-0.00045272227545074155,0.0008808556248449334
2002-03-24,-0.0028544642073286457,0.0002641972512175134,0.8189421400512007,0.0057692956284614615,0.0,266.924086446816,-0.00034173664842116635,0.00577453176178248
2002-03-25,-0.006326829014861652,0.0002633518418349789,0.8323163106167609,0.0010810184192522772,0.0,264.82699179065656,-0.00022855162683684948,0.0010837342561833404
2002-03-26,-0.009765799520379407,0.0002625064324524444,0.8103002056114643,2.826590322505283e-07,0.0,265.7644827639765,-0.0003439209681783019,2.847216223592812e-07
2002-03-27,-0.008082635826983695,0.00026166767387066856,0.7890188213571093,0.0027486088838280932,0.0,266.9931570581124,-0.0004642555479612728,0.0030527896295109817
2002-03-28,-0.007459014738346897,0.0002608089628866163,0.8010872303878297,0.004334153112886989,0.0,264.99334698836907,-0.00046979482311986935,0.004350687942160106
2002-03-29,-0.007746692431175104,0.0002599683521831103,0.8370239487700094,0.004943520314781006,0.0,264.7702841103189,-0.0004827395281465041,0.004961622326188755
2002-03-30,-0.0062428704847050254,0.00025914609432220464,0.8532655072975519,0.0060338139491902905,0.0,266.59656784000146,-0.00029540108779897803,0.006045471097281079
2002-03-31,-0.011508033900274396,0.00025829735953929064,0.8757156400806262,0.001979040897498697,0.0,268.77552995843405,-0.00047734824908991997,0.0019864164165508138
2002-04-01,-0.010423572597193854,0.00025747005043730227,0.8454599039253766,0.0013144936433619697,0.0,271.27186704445245,-0.0007503691608201986,0.001391707705810299
2002-04-02,-0.006349541288984698,0.00025663941593493446,0.8610196158486346,0.00300231140296338,0.0,259.1720093657068,-0.0006454733889655205,0.00300451165191742
2002-04-03,-0.007948857537433927,0.00025581555851435255,0.8527041217926085,8.587109840522379e-07,0.0,259.65569255491215,-0.00023861389375675872,1.7229783332954018e-06
2002-04-04,-0.012276877749100919,0.00025501300049366924,0.8381795937058616,1.5685366371930656e-06,0.0,264.4492254957641,-0.0003459174712162233,3.289896825904668e-06
2002-04-05,-0.016302518630768623,0.0002541774410312459,0.8189161627530602,0.0,0.0,269.4212780860858,-0.0005179326297283847,1.7061917815560477e-06
2002-04-06,-0.015501607903989696,0.000270661156056291,0.7919951760387243,0.0,0.0007084739199802701,274.4977083727016,-0.000795174253273145,0.001172458637232161
2002-04-07,-0.010706359930967883,0.0002557002218429652,0.7647387833245056,0.0011568447880152255,0.00011245952656040085,272.0619677060517,-0.0006944370103505372,0.0020617485888210496
2002-04-08,-0.007759555037749017,0.0002528837340026252,0.798199152542373,0.009873952590307947,0.0,269.85838658032895,-0.0007521655926175711,0.010378871244133196
2002-04-09,-0.01510243223043485,0.00025093765918817904,0.8125142530308381,2.231722497670664e-06,0.0,271.2030744750173,-0.0007154908620536666,1.1408229085124326e-05
2002-04-10,-0.010911651418707466,0.0002502479122183417,0.8012295308086158,0.006553191817918067,0.0,272.1301079478866,-0.00066027669814852,0.008062281093354955
2002-04-11,-0.013365781492432633,0.00024932934402745996,0.8292369662929614,0.002359202731463869,0.0,270.21127469481274,-0.000806109879776246,0.002485980085060422
2002-04-12,-0.014977288406110754,0.0002485169360866655,0.8135547242820151,0.0,0.0,271.08433002536583,-0.0006399346768098364,2.3098315222788666e-05
2002-04-13,-0.016803161698882862,0.00025100223088668565,0.7922742595780368,6.854407868142856e-05,0.000175663706778133,273.5913806814708,-0.0007151115717271627,0.00037420952469122164
2002-04-14,-0.020719911292784634,0.0004041543451406188,0.7556510968396895,0.0,0.005557813360697806,276.6560670813149,-0.0008619603106362673,0.0012413016002272674
2002-04-15,-0.011931061870970969,0.00040452367505111267,0.713513620380179,0.0017468690830098707,0.0035618833018898296,274.82633169357393,-0.0006717671561291662,0.005174029769422546
2002-04-16,-0.004510739386755194,0.0003049954519433491,0.7363609989259653,0.01307875269466201,0.0005148399179264651,270.7818613249928,-0.0006840445027597207,0.016164806367308823
2002-04-17,-0.012778139888903514,0.0002446997132004991,0.7995076727283428,0.0022517510053128176,0.0,267.8515789046351,-0.0007812562003984291,0.0027927786110808483
2002-04-18,-0.005857565603350517,0.0002439352078626385,0.8145915173316857,0.00407066604511886,0.0,267.0769428892549,-0.00045891793834119195,0.004089136581636419
2002-04-19,-0.004439574303263325,0.00024322045724944208,0.8337450620144774,0.0036932269984719453,0.0,262.9345097730389,-0.0004323300731889272,0.003698299042145391
2002-04-20,-0.0043870882462647,0.0002425389606400398,0.8670061186882064,0.003041729478344406,0.0,263.90169822922763,-0.0002887932541596014,0.003050926774059627
2002-04-21,-0.00821758356303145,0.00024182261046716726,0.8883718716896187,0.002007241702854297,0.0,264.8411623098083,-0.0003755378542141726,0.002014010970584256
2002-04-22,-0.014524740182747279,0.00024110626029429463,0.880449255532015,4.4338720834861366e-05,0.0,268.3715971319914,-0.0006168830539968054,4.855653284977119e-05
2002-04-23,-0.016036301640804208,0.00024062698170290153,0.8625559546404191,0.00012209213807084468,0.0,271.731914365808,-0.0007650228059392865,0.0018682234402786497
2002-04-24,-0.011383510620917305,0.00023979782047918287,0.8768754229931731,0.004087382201421059,0.0,263.4473094221787,-0.0010852468710413762,0.00410923520041385
2002-04-25,-0.014734129826564574,0.00023917752807423221,0.8739733220044726,0.0,0.0,265.44821385385404,-0.0005198642927206169,0.0
2002-04-26,-0.012379581056072215,0.00023855723566928153,0.8603897238406311,0.00029275101204376437,0.0,269.27239347626715,-0.0004600514631486883,0.00041072284424242985
2002-04-27,-0.004536365216734719,0.00023797019726812507,0.8675318716160547,0.0053800045181128945,0.0,269.9885851721755,-0.0003239579688189394,0.0056789365098784995
2002-04-28,-0.011131851686596198,0.000237363206464692,0.8959068973634653,0.004474240697204731,0.0,269.89358515479023,-0.0006035138658211057,0.0048041699801461175
2002-04-29,-0.014154992492522226,0.00023672961245822365,0.8934208929201978,0.00018171867155759348,0.0,270.4474214564609,-0.000715398482220658,0.0003102183172923157
2002-04-30,-0.010075810980998865,0.00023618062673988992,0.8795708550347223,0.002580908732225666,0.0,271.4898403117437,-0.0005288191539587947,0.0030907091976501186
2002-05-01,-0.007763531248448259,0.00023557523549613309,0.9273957505737994,0.011140080095179338,0.0,268.66791331476185,-0.0007804133008513074,0.011571132316907623
2002-05-02,-0.01499035575632322,0.00023496159389194124,0.9511302653454567,0.0001816850808043938,0.0,267.9587755472646,-0.0005790413183681037,0.00018348128108654994
2002-05-03,-0.01606162498563023,0.00023451026550120555,0.9328038562264597,0.0017902801434199018,0.0,271.9503921393845,-0.0007083069343688125,0.003247688180241019
2002-05-04,-0.015273192002948396,0.0002338170668499618,0.9728275162576508,0.006633289579281026,0.0,270.29459171690286,-0.0008437025366024783,0.006872640123628577
2002-05-05,-0.019554429135080115,0.00023540517704635018,0.9544978887123353,0.0010503660571777214,0.0,272.6027219201212,-0.001041836115810494,0.004581808033636061
2002-05-06,-0.014237680130422453,0.00023272414665437686,0.9426159185204803,0.002141423018301948,0.0,272.22598511575535,-0.0011210642270954316,0.003204374495199172
2002-05-07,-0.013191918658334656,0.00039304978093184997,0.9341211121410077,0.0010711272262920767,0.0017924996166579468,273.86875559919974,-0.0006020133525638258,0.0069069409268488055
2002-05-08,-0.010569291894382004,0.00025435995920903263,0.929573935528484,0.00630512197980773,0.0003917212834802725,267.24398193431216,-0.0013253172217620969,0.007430733598266864
2002-05-09,-0.012709594210662412,0.00023095907464539263,0.9515056717867233,0.0010602600388439362,0.0,263.8920429466808,-0.0007255687194187091,0.0010696542835169202
2002-05-10,-0.013235746425087172,0.0002304414908091227,0.9458239998970105,0.0011784481252990874,0.0,268.17939498599645,-0.0005200104735328653,0.0013261358279966367
2002-05-11,-0.00814411726038335,0.00022998536373935853,0.979068964439148,0.008800603912375068,0.0,269.94852938176103,-0.0004146020164934256,0.009687493244806927
2002-05-12,-0.01222933525756254,0.00022949253098439364,1.0044763712335218,0.002080274335408615,0.0,269.86008566516944,-0.000598908965028612,0.003226337897570534
2002-05-13,-0.01911121467917653,0.00022889193841966535,0.9925983091307675,0.0002563754044010141,0.0,273.0663131203804,-0.0006530390694569059,0.00030569193390129654
2002-05-14,-0.023744633221356882,0.00028720262360438115,0.9571528605373116,0.0,0.002421605258674945,276.1228304358301,-0.0010869971471233557,0.0008847941112033929
2002-05-15,-0.013280766242641516,0.0003440648654086442,0.9327475337658899,0.004960728314636792,0.0014799262717955532,273.6060566875221,-0.0007838568634400934,0.008775482423556469
2002-05-16,-0.007147709233949413,0.00022874932504643157,0.9470334385298965,0.005358807395322848,3.0340111188295876e-05,271.5925334492197,-0.000755075091696055,0.006009932897853726
2002-05-17,-0.013564087408410629,0.0002270751753769352,0.9774510155514361,0.0035741178287287895,0.0,272.6516370001037,-0.0007158586555449977,0.003887352813929201
2002-05-18,-0.021762994007538942,0.0007084296584802833,0.9491555309116055,0.0,0.004840006578271673,275.8585978937239,-0.0007151008220547337,2.1379849379249887e-05
2002-05-19,-0.020229965195817462,0.002853260538672323,0.8913537436734935,0.0,0.01682309850545253,278.577479274484,-0.0002189745316229298,0.00013038187713946327
2002-05-20,-0.02282777348649031,0.0035971659051496434,0.8151531327242232,0.0,0.020233788143443523,280.06867243520736,-0.00037119996412999216,0.001175158054039357
2002-05-21,-0.024587728840819865,0.0042857584138374545,0.7391596504972929,0.0,0.01651113690797892,280.18793684030885,-0.0008092136043360679,0.004363432812723117
2002-05-22,-0.00948516414158762,0.0003592691852548028,0.7129101654455039,0.009577248161290327,0.0008372489131439877,271.6051834738637,-0.0010398536615368339,0.011332966176689815
2002-05-23,-0.008615139556133142,0.0002456050639772146,0.7980127137035076,0.00663157754530341,0.0,268.54439572695287,-0.0007846621785965345,0.00680752379735855
2002-05-24,-0.013522473011313187,0.0002546296112954953,0.8008272275188324,0.00025635050599184415,0.0,269.24356486792846,-0.0006029768610152147,0.0008158400906217971
2002-05-25,-0.018169366665142406,0.00028538080932056836,0.7920503490613231,1.3626017476205773e-05,0.000757761699500057,272.6080043167718,-0.0007639777567763786,1.8600539664537608e-05
2002-05-26,-0.015932262406847572,0.00042403131555029234,0.7712646024599813,0.0,0.0026146520960465664,275.08590177762306,-0.000698361651035352,0.002150508525613149
2002-05-27,-0.01743958158008123,0.0010475791611913908,0.7409088652012712,0.0,0.006284071963890798,276.35061332285966,-0.0006304052947773099,0.0008593825801268
2002-05-28,-0.022509466667296522,0.0018631720357695542,0.6980010354137242,0.0,0.010706439677436473,277.7423695099107,-0.000733651820633371,0.00039907944741222147
2002-05-29,-0.02242124324801278,0.003315710457368086,0.6444586055202449,0.0,0.014730164055096901,278.8645855962893,-0.0006454105588928454,1.1508141499697082e-05
2002-05-30,-0.02190491855986374,0.007943422780872065,0.5797730641625471,0.0,0.02192535548139427,280.6986631943008,-0.00015555186944324418,0.0004589418738575306
2002-05-31,-0.018600579540608293,0.009117810781729425,0.5017482951536018,0.0,0.02556021743069934,280.62828819001913,0.00033166687304185614,9.582204333806444e-07
2002-06-01,-0.01913986759165586,0.008077171731129878,0.42372720434616296,0.0,0.02439038337624006,281.76796430742223,5.151327215345566e-05,0.0009541266044304734
2002-06-02,-0.017221007601352735,0.014038928989636698,0.3567464652483522,0.0,0.016355949101475,280.6217428591741,-0.00041582205958959074,0.014038633458176521
2002-06-03,-0.006689571096735486,0.004839739388665237,0.320900092690678,0.00019930766127203818,0.00843437186489671,276.8478815542103,-0.0008632319816256648,0.009509963217692402
2002-06-04,-0.014810036804716467,0.0012633694430529063,0.3048330188471046,0.0005631520923248119,0.0036508459913528577,275.6330116293525,-0.0015319278726806749,0.004551388533775416
2002-06-05,-0.021913826802356096,0.0022453591648468195,0.2890020395627354,9.269686152706041e-05,0.005000555309030296,277.955500141151,-0.0015988114189966923,0.0031831857620564907
2002-06-06,-0.028181120711194593,0.0020481647744690634,0.2657840822151601,0.0,0.006934852481393491,281.09196892431225,-0.001616238163899904,0.0002267834620391057
2002-06-07,-0.023155261778225335,0.003503971180673373,0.24343900806261773,0.0,0.007686528066794077,280.6050444529331,-0.0014780467049886952,0.002833542463367322
2002-06-08,-0.01994146036226197,0.005562167804119951,0.21777090873646424,0.0,0.010358588359618592,281.3686564709507,-0.0012948132872497296,0.005155567311184016
2002-06-09,-0.015745290633985554,0.003907418604624474,0.1913954452830744,0.0,0.009098237896032927,279.6442773319683,-0.0010068147143317482,0.0016850726751608228
2002-06-10,-0.02095663492794091,0.006791670612022703,0.18815586930614409,0.0037444578852020415,0.001993367627347257,275.36920870046384,-0.0017514909843856334,0.016642898085422176
2002-06-11,-0.022966225142196078,0.0026974302143026882,0.1895848505914548,7.772217320520326e-05,0.00015970519454465749,273.73173424528596,-0.0016550946044130515,0.0005660209446977088
2002-06-12,-0.021253588593612285,0.0028663151345010534,0.18535583840925143,6.126313559753074e-07,0.0011829319646803,275.3410890367296,-0.0017091482509411662,0.002554927336875227
2002-06-13,-0.02196001497197286,0.0029290690597167796,0.17575435315148305,0.0,0.0023626668515515196,276.4573565840497,-0.00141593689193665,0.0005024034256315501
2002-06-14,-0.023973622522448418,0.0031950906508386476,0.16138982683027306,0.0,0.004886900237892982,278.64952906376897,-0.0013984504003225074,0.00037725278213199254
2002-06-15,-0.02348071058927956,0.004182053487853142,0.14266617194856404,0.0,0.0070974837125694695,280.07669038646867,-0.00135128744114927,0.0011696930378709994
2002-06-16,-0.026208705147780946,0.005141349498834987,0.12194295477283429,0.0,0.007612005044511483,281.3466694431341,-0.0015468487652850016,0.002192504397975116
2002-06-17,-0.031141209905430425,0.005198087395921266,0.10021535869821094,0.0,0.007682759420009656,283.3915688142938,-0.0017969017101209718,0.00029843611227757505
2002-06-18,-0.027179554525741757,0.0064492974914399925,0.07932846155543787,0.0,0.007639774284457083,282.4310527018459,-0.0015770005283214281,0.0017736898640227452
2002-06-19,-0.0285454495562672,0.0066711602911437295,0.06264712806026365,0.0,0.0024371713315699734,279.26337371797433,-0.001765738825424243,0.0003337413408312284
2002-06-20,-0.026380189478734117,0.006629983247336695,0.05539808255355462,0.0,0.005639539221249059,279.282479805237,-0.002093629343277317,2.8596085967418064e-06
2002-06-21,-0.02983405937751134,0.007322216943158942,0.039056063147363464,0.0,0.007460011053556777,284.7363711175721,-0.001996921459581219,0.00021054608336949757
2002-06-22,-0.03078031960853749,0.006776411233648743,0.022280245850988704,0.0,0.004966963293020335,285.7031809201573,-0.002289750187073724,0.001438423182795153
2002-06-23,-0.03035277283966205,0.006141027404090106,0.012916234477989643,0.0,0.002715913757766034,283.2628373830333,-0.0024813639978736135,0.00042964684506017163
2002-06-24,-0.032966509966527,0.005824416118153071,0.006938927142184558,0.0,0.0017796798403990472,285.4904650492408,-0.0026380449144096027,0.00018970474684979285
2002-06-25,-0.03215777722455688,0.005453567467840378,0.003469463571092279,0.0,0.0010998978747823146,286.73078240288635,-0.002596926638635539,0.0005506919709458316
2002-06-26,-0.032396493658507615,0.005143431283659855,0.0014643839748116761,0.0,0.0005540730968370276,287.29175176458847,-0.002797581760560052,0.003626027305265094
2002-06-27,-0.034309246024843,0.004753895398587157,0.0005632246056967986,0.0,0.0002176723321952389,288.7906192700517,-0.002752746855261299,8.034139149732117e-05
2002-06-28,-0.03976844735233124,0.004468034300426979,9.011593691148775e-05,0.0,8.277317224922827e-05,289.8272072276602,-0.003147012164742597,0.0014067731722839766
2002-06-29,-0.04740845420434651,0.004182059212593035,-7.27919033709973e-24,0.0,3.039716916569209e-05,290.4929869556607,-0.0031137903889188663,9.363317220224501e-06
2002-06-30,-0.043590689825136114,0.0039428511245102535,-7.27919033709973e-24,0.0,1.1454973012040566e-05,288.8149987344688,-0.0030404877675286796,8.52346317969932e-07
2002-07-01,-0.04586972384634665,0.0037279334445457675,-7.27919033709973e-24,0.0,4.296754039613541e-06,288.7642838142237,-0.00302464480243497,8.463859444418631e-07
2002-07-02,-0.03890223317058747,0.003534194524005309,-7.27919033709973e-24,0.0,1.3972995644908842e-06,286.9177740783117,-0.0028442935649789663,4.410743663640915e-07
2002-07-03,-0.03499750308902924,0.003361841379585913,-7.27919033709973e-24,0.0,5.49511889279899e-07,288.0602228304761,-0.0023395136356522137,3.9858956019137326e-05
2002-07-04,-0.03759948492555295,0.003208674364170786,-7.27919033709973e-24,0.0,2.47110923131307e-07,289.3617589343515,-0.0027282221484824093,5.8562236876945474e-05
2002-07-05,-0.04702413561990705,0.0030678173916488046,-7.27919033709973e-24,0.0,8.45661944588699e-08,289.7311995985818,-0.0026598942418724807,0.0001802643476451722
2002-07-06,-0.0272326976229242,0.003663937924271923,-7.27919033709973e-24,0.0,3.5064031848799715e-08,287.800675907602,-0.002838423054686374,0.01285169279507856
2002-07-07,-0.030605771615680333,0.002884269770929369,-7.27919033709973e-24,0.0,8.250360435011697e-09,287.4869709410012,-0.0035424914505690504,0.005461198125181898
2002-07-08,-0.039606449378412324,0.0027245652709303606,-7.27919033709973e-24,0.0,4.125180217505848e-09,290.516148421724,-0.0033097305929677637,0.0007912149537081099
2002-07-09,-0.04171483753259573,0.0026162765120382367,-7.27919033709973e-24,0.0,0.0,289.09349726373415,-0.002952208689882257,1.2731191673417226e-06
2002-07-10,-0.034668123696820215,0.0025239463916606154,-7.27919033709973e-24,0.0,0.0,286.3955467317513,-0.002619436984134596,3.302534423710313e-08
2002-07-11,-0.033930844211645717,0.002438378536095054,-7.27919033709973e-24,0.0,0.0,287.85491541056086,-0.002698833217560235,4.410743663640915e-07
2002-07-12,-0.04206435908537127,0.002357432734494829,-7.27919033709973e-24,0.0,0.0,290.06643871803067,-0.002679951173269143,8.52346317969932e-07
2002-07-13,-0.041519820690155036,0.002281575384786574,-7.27919033709973e-24,0.0,0.0,291.5672488275446,-0.0026267453670333336,4.704363938778808e-05
2002-07-14,-0.04231590541910991,0.002209796828065215,-7.27919033709973e-24,0.0,0.0,291.6750338890234,-0.00260712830928591,6.468082214655512e-05
2002-07-15,-0.044355339712679055,0.002167447222828192,-7.27919033709973e-24,0.0,0.0,292.2997313318055,-0.002832560852633021,0.0032121667464709135
2002-07-16,-0.0389551631474899,0.002078213934170998,-7.27919033709973e-24,0.0,0.0,291.3146496537491,-0.002816681513341807,0.00016506266701454394
2002-07-17,-0.030879499296010554,0.0020709244039772592,-7.27919033709973e-24,0.0,0.0,289.7905822114531,-0.002721572715768033,0.005778157458462025
2002-07-18,-0.02664310354634194,0.002009524127184334,-7.27919033709973e-24,0.0,0.0,288.5575238387688,-0.0025959803096655396,0.005073899619991911
2002-07-19,-0.029123950391839456,0.0019199925627412095,-7.27919033709973e-24,0.0,0.0,288.56769053859676,-0.002863647053176064,0.0021430524828842555
2002-07-20,-0.02916556394706338,0.0018759896021104806,-7.27919033709973e-24,0.0,0.0,287.59374523701644,-0.0029772555739697765,0.0030301625783489073
2002-07-21,-0.019412759628336308,0.0021186570326487226,-7.27919033709973e-24,0.0,0.0,284.884418968876,-0.002545282318346245,0.011021386802487779
2002-07-22,-0.01776282005222504,0.002944916823489518,-7.27919033709973e-24,0.0,0.0,284.06181294141294,-0.003555578921558494,0.009823097852663807
2002-07-23,-0.0292157854484973,0.0017366378152437805,-7.27919033709973e-24,0.0,0.0,287.21218350153634,-0.0030986907349973077,0.0026092881029582695
2002-07-24,-0.0355153015609515,0.0016751965392107343,-7.27919033709973e-24,0.0,0.0,287.9932778101632,-0.0030928937097390494,0.0005592106143723668
2002-07-25,-0.022175987477356433,0.0016431303347571422,-7.27919033709973e-24,0.0,0.0,286.30990510786097,-0.0021418927626757974,0.001805535514430461
2002-07-26,-0.024746105706287644,0.0016261952071540099,-7.27919033709973e-24,0.0,0.0,284.2865148461696,-0.002831701925918881,0.003982378719171212
2002-07-27,-0.029746822591892073,0.0015634670432678052,-7.27919033709973e-24,0.0,0.0,283.7899628332106,-0.002697157762986792,0.0013263603051048751
2002-07-28,-0.024740111651056905,0.0015466294046175683,-7.27919033709973e-24,0.0,0.0,282.2711084728636,-0.0029105642010684067,0.0034869452592068357
2002-07-29,-0.033280203571427344,0.0014822958721279426,-7.27919033709973e-24,0.0,0.0,284.83595196136656,-0.0025347263504893096,1.1374788735114852e-05
2002-07-30,-0.03721760415424735,0.0014485632632411807,-7.27919033709973e-24,0.0,0.0,286.9081875860354,-0.0026672931840527533,0.0001222880546769719
2002-07-31,-0.04395378625157189,0.0014142910134320882,-7.27919033709973e-24,0.0,0.0,288.093248733693,-0.0028072772074048805,1.1852737200462212e-06
2002-08-01,-0.033229566689601725,0.0013822429092590419,-7.27919033709973e-24,0.0,0.0,283.75038693674094,-0.0021741338979221338,4.170809932482803e-06
2002-08-02,-0.03400604569979307,0.0013576924464123398,-7.27919033709973e-24,0.0,0.0,286.0268612303079,-0.002122295399506887,0.0007589096270245434
2002-08-03,-0.028383000338144896,0.0013254374939169588,-7.27919033709973e-24,0.0,0.0,285.6540745126326,-0.002262772718644412,0.0004176483989435401
2002-08-04,-0.03364417781937594,0.0013046303374619134,-7.27919033709973e-24,0.0,0.0,286.43556890828916,-0.0026824642919887932,0.0014339498544143421
2002-08-05,-0.031195830195973825,0.0012732253404660414,-7.27919033709973e-24,0.0,0.0,287.65185731862675,-0.0021859321343359974,0.0010046391668916523
2002-08-06,-0.035465213075532756,0.001241133458870279,-7.27919033709973e-24,0.0,0.0,288.1336693700873,-0.002264069445894263,1.460798814496178e-05
2002-08-07,-0.02565618132972448,0.0013155977604752882,-7.27919033709973e-24,0.0,0.0,286.42946532082425,-0.0022880064986519895,0.010324253352257465
2002-08-08,-0.019261270508927817,0.001261112211787768,-7.27919033709973e-24,0.0,0.0,283.44262381013056,-0.002863824720057727,0.00684504125845097
2002-08-09,-0.032588821178102224,0.0011691418239625836,-7.27919033709973e-24,0.0,0.0,279.83215743314526,-0.0019748839102474982,5.0289871147935004e-05
2002-08-10,-0.03133937223988065,0.0011462462318819122,-7.27919033709973e-24,0.0,0.0,282.202277041649,-0.0021828659257646338,1.0765592263576689e-05
2002-08-11,-0.03365981928204413,0.001128731305989842,-7.27919033709973e-24,0.0,0.0,285.21550924584915,-0.0022181814778490933,0.0007260118500092609
2002-08-12,-0.014711772780970665,0.0012483278573569606,-7.27919033709973e-24,1.081982153957173e-05,3.420048009204326e-06,279.0570461503081,-0.002989441956167167,0.01399085818037475
2002-08-13,-0.023452046227320437,0.001088683551314187,-7.27919033709973e-24,0.0,3.3392702455574513e-06,279.0071653484625,-0.0022174073646297563,0.0005863638516941117
2002-08-14,-0.030949926519461272,0.001063747931334932,-7.27919033709973e-24,0.0,2.355940934628417e-06,284.22975350144674,-0.0022557466211965533,1.293420723413874e-06
2002-08-15,-0.02450160682201386,0.0010547152178435677,-7.27919033709973e-24,0.0,9.093496759059066e-07,282.2694801826262,-0.002315718070261896,0.0013002805008712948
2002-08-16,-0.03750388290585771,0.00102611719551733,-7.27919033709973e-24,0.0,2.848058097106589e-07,285.14990437322643,-0.0023809058938996266,1.8151836777864663e-05
2002-08-17,-0.027020062346242917,0.0010079370211746735,-7.27919033709973e-24,0.0,8.262988537718348e-08,280.9672848760745,-0.001948540735632013,0.0
2002-08-18,-0.03257707333834158,0.000990405341999679,-7.27919033709973e-24,0.0,2.72767018463652e-08,282.80653591838484,-0.0019492872564469354,4.2799165693380065e-06
2002-08-19,-0.03200718044897931,0.0009735123080722357,-7.27919033709973e-24,0.0,1.4038240842226538e-08,282.39360099189025,-0.002042390600814995,1.2934206843340235e-06
2002-08-20,-0.02924617312553912,0.0009788258769417887,-7.27919033709973e-24,0.0,4.125180217505848e-09,286.0843620659492,-0.002285490943760859,0.002881792998811329
2002-08-21,-0.02085098813650972,0.0010187276507501548,-7.27919033709973e-24,0.0,2.062590108752924e-09,283.24419636914956,-0.0025870851898765835,0.008048251565596253
2002-08-22,-0.025779912616573482,0.0009334161456695385,-7.27919033709973e-24,0.0,0.0,283.58751335431407,-0.0021951037253868785,0.0008326547453293001
2002-08-23,-0.027177469331329154,0.0009336630671711292,-7.27919033709973e-24,0.0,0.0,283.2330219355007,-0.0019635958123510166,0.0022959387681261933
2002-08-24,-0.018069522571092272,0.0010487406098909971,-7.27919033709973e-24,0.0,0.0,281.5142341944233,-0.0026924423820807435,0.011525041971852756
2002-08-25,-0.028869371545516838,0.0008846922951229549,-7.27919033709973e-24,0.0,0.0,282.8714062857763,-0.0020649941995908314,2.6582483605315282e-05
2002-08-26,-0.030242534722648776,0.0008726825485121732,-7.27919033709973e-24,0.0,0.0,283.78376635319773,-0.0019884077032322938,0.0002704880165313466
2002-08-27,-0.009654314041474446,0.0011427897517963992,-7.27919033709973e-24,0.0,0.0,280.64778796697067,-0.0026932077292921184,0.015780233057205287
2002-08-28,-0.014239306545863717,0.0008793590264131794,-7.27919033709973e-24,0.0,0.0,280.43052493380964,-0.002127519587717824,0.0029480859006107084
2002-08-29,-0.01579371763993118,0.0008651152842462399,-7.27919033709973e-24,0.0,0.0,283.29001747821013,-0.0018910049003059582,0.0027625767186519384
2002-08-30,-0.024458880688847794,0.0008373297540481483,-7.27919033709973e-24,0.0,0.0,282.9225685062157,-0.0022419216900558796,0.0013463243404721575
2002-08-31,-0.028482380517795263,0.0008220633881240242,-7.27919033709973e-24,0.0,0.0,284.09706973131546,-0.002268791693331158,0.0009459334914512418
2002-09-01,-0.031215968778577907,0.0008038806881608264,-7.27919033709973e-24,0.0,0.0,283.81527006289383,-0.0021400640029354957,0.00010806573087228762
2002-09-02,-0.029030886620788256,0.0007929104027775049,-7.27919033709973e-24,0.0,0.0,283.3223479283507,-0.0018961362140831974,2.6180575493441926e-05
2002-09-03,-0.029418933357896103,0.0007828160867852681,-7.27919033709973e-24,0.0,0.0,285.8349861101916,-0.002104340257954463,8.702277796146518e-07
2002-09-04,-0.033035704392497825,0.0007757260806142947,-7.27919033709973e-24,0.0,0.0,286.7848367026521,-0.002198952550100068,0.00039397592598435573
2002-09-05,-0.03152198879058752,0.0007832374444789133,-7.27919033709973e-24,0.0,0.0,286.97072823303563,-0.002320125299153355,0.0021186617471404
2002-09-06,-0.027479384704835,0.0007800281384570451,-7.27919033709973e-24,0.0,0.0,285.0844073071094,-0.0019387168294124012,0.00279349560022417
2002-09-07,-0.023737513539144554,0.0007512611521165924,-7.27919033709973e-24,0.0,0.0,284.2199566404699,-0.0019547508524383533,0.0008102348934027123
2002-09-08,-0.012741627329486912,0.0007959730544332732,-7.27919033709973e-24,0.0,0.0,282.05760593378386,-0.00229364142116517,0.006264088685903172
2002-09-09,-0.011609803695799942,0.0009324993454130357,-7.27919033709973e-24,0.0,0.0,279.93966837522004,-0.0027002523426955705,0.011544191062787158
2002-09-10,-0.022073751873215714,0.000721485769681338,-7.27919033709973e-24,0.0,0.0,279.3288971672848,-0.0016016100485951215,2.0980700158857147e-05
2002-09-11,-0.02231668592509577,0.0007132764926737985,-7.27919033709973e-24,0.0,0.0,281.18455187479657,-0.001595777064814406,4.410743663640915e-07
2002-09-12,-0.01673395771764766,0.0007055917028653421,-7.27919033709973e-24,0.0,0.0,281.36164550996773,-0.0011296872007476408,4.656234029996194e-06
2002-09-13,-0.02332144756775118,0.0007000557110134492,-7.27919033709973e-24,0.0,0.0,281.02657568477196,-0.0016078349771135947,0.00023851042750191556
2002-09-14,-0.0250983416276463,0.0006908179171341288,-7.27919033709973e-24,0.0,0.0,281.56028199420365,-0.001658008660131929,1.2874602361989673e-06
2002-09-15,-0.028573854494903052,0.0006834841043935658,-7.27919033709973e-24,0.0,0.0,283.34075816741773,-0.0017259361980072525,1.293420666570455e-06
2002-09-16,-0.026562765661606008,0.0006761936481389623,-7.27919033709973e-24,0.0,0.0,284.5760102927573,-0.0016375749903378514,4.351138045421976e-07
2002-09-17,-0.017335679066383232,0.0007430065823140117,-7.27919033709973e-24,0.0,0.0,282.02951057707077,-0.0017500058353199799,0.00701209629989527
2002-09-18,-0.007126938320149136,0.0008276296874224129,0.0158008640095339,0.005530898685509203,0.0008754099661347557,275.7000423510421,-0.0027300417475865386,0.01868957316469085
2002-09-19,-0.013038595854225808,0.0006850248171111285,0.028801467234580984,0.00013119138061663525,0.001604839738479442,275.68136571176535,-0.0013998208072899425,0.0005650197887151255
2002-09-20,-0.014650752610069212,0.000680813429045812,0.01824341969750471,0.0,0.0010250160986252424,278.9881547076554,-0.001244931166076054,0.0015867366965866966
2002-09-21,-0.008799231363891883,0.0006846294733090589,0.02970469559204332,0.004643206205745202,3.990603579302966e-05,272.98774677930356,-0.0015836307663196901,0.008143087579420009
2002-09-22,-0.017285150912521925,0.0006532337369218386,0.04231035193032015,6.901089754481774e-06,0.0008780605101821112,272.79984725980887,-0.0012713015121591966,1.3183163942083176e-05
2002-09-23,-0.015652693934359793,0.0006536761414533282,0.03441923037311676,8.318341721249166e-07,0.0012629772457530943,274.7851715303411,-0.0011357940565058068,9.871135273996616e-07
2002-09-24,-0.019207046824996753,0.0006472969290900366,0.02462716829978814,0.0,0.0011391268864189839,277.49656314095535,-0.0011572126446470702,7.338368122211795e-05
2002-09-25,-0.0042952967565611936,0.0006525093047632336,0.0318325351636064,0.004520509160507871,0.0008040258061077635,274.63085136485415,-0.0007983026499886297,0.006446592179406322
2002-09-26,-0.013633385511104672,0.0006405376108352748,0.04215310881591337,0.00011822111946714803,0.0013297880015804271,274.24616718112634,-0.0012257651736338935,0.00016287916541051672
2002-09-27,-0.012341568362241411,0.0006302628813490357,0.03263346354166667,0.0,0.0008633992197991764,275.43069333724833,-0.0008764560097607516,0.00024863799749794656
2002-09-28,-0.01157521713251448,0.0006412478995188481,0.041653333186205274,0.0029117012091275664,0.0014142963172352249,275.2256897712607,-0.0014240671012361171,0.004077739651592364
2002-09-29,-0.0163205154029663,0.0006348610261065812,0.034961765095338986,0.0,0.0011604383882492949,276.7963009778614,-0.0014472243581282892,0.0012445836049366625
2002-09-30,-0.014707152116096626,0.0006103787550144951,0.026914319974105465,0.0,0.0002174565600136579,275.4857802022873,-0.0013299038959930173,0.0006484629239066173
2002-10-01,-0.007715648934666047,0.0005984465449543323,0.02807042468514595,0.002823743948155204,0.0,270.61613157240015,-0.00043371106671579823,0.002934738269531175
2002-10-02,-0.006294717896456099,0.0005948168072996841,0.07618061072857815,0.006641175871515004,6.786237160364787e-06,270.0664429098873,-0.0005461308515846392,0.006780014940483396
2002-10-03,-0.010005538914836734,0.000610972360029059,0.08120411443620529,1.8085126822951152e-05,0.0013466594204054043,271.45039468251605,-0.0005412260228294438,2.343309852620089e-05
2002-10-04,-0.007146940392962958,0.0005890153727288974,0.09204906169079567,0.005285846395681134,8.88131306333057e-06,270.5732863331021,-0.000709451861300711,0.006000203096203615
2002-10-05,-0.007964596952085441,0.0005957991474092344,0.11291297007415256,0.0019894294903776743,0.0005548350449840902,270.91448803989675,-0.000862210120816352,0.0028926867885201127
2002-10-06,-0.007700041273219437,0.0005817555185765197,0.123706882282839,0.0015531900407230789,0.00012105066687037045,270.78950312986217,-0.0008668487859984575,0.0017723754132193765
2002-10-07,-0.011594232192820748,0.0006120743724585927,0.11636818061440679,0.0,0.0024401943309832427,273.69298841185486,-0.001008655060356283,3.427126102906186e-06
2002-10-08,-0.006447265966463897,0.0005780748054806123,0.12124570569974104,0.004064904767914681,0.00012555675275918455,272.2746246718642,-0.0007710890413004126,0.005619441795046233
2002-10-09,-0.010172898360228135,0.0006009384484614357,0.12872119048669964,0.0,0.00195738868945736,272.5688482776649,-0.0009443470945129287,0.0001941918626821359
2002-10-10,-0.014022587130298723,0.0005902844970509158,0.11195479858168551,0.0,0.0015704882052321894,274.0307043582033,-0.0012329285806518492,1.5374439499282744e-09
2002-10-11,-0.008694040909998835,0.0005698554259909075,0.12086018420433146,0.01041567561316625,0.00022585422726674275,273.36115242263014,-0.0008613283793299886,0.011496578026031667
2002-10-12,-0.007642131404014631,0.0005605203957207459,0.1989861037547081,0.004608715405571933,3.23444646967333e-05,265.66467666985176,-0.0008953930126071651,0.004674063147593946
2002-10-13,-0.011992482984133359,0.0005796848885757102,0.19458444598928912,0.0,0.0015839360612260422,269.53836548440654,-0.0011052151952507133,1.716613724056515e-06
2002-10-14,-0.011232272000972834,0.0005618140185620153,0.1778782846339454,0.0,0.0005477092486653625,270.6648711008765,-0.00112868572906249,4.3290481244184775e-07
2002-10-15,-0.009126091996828714,0.0005594432185598686,0.16860622829861113,0.0,0.0005873328148476821,268.5212531044883,-0.0007625453405629444,0.0
2002-10-16,-0.007323363785353085,0.0005501279723172807,0.16114338732933145,0.00022724601255971836,0.0001429345795495362,267.96227663115593,-0.0005926899085778975,0.00022906014474771791
2002-10-17,-0.010620854542417043,0.0005583640209025582,0.15573964954096048,1.0091958746398238e-06,0.0008723420317226885,270.35551658457956,-0.0007345870158261498,1.0636229973054877e-06
2002-10-18,-0.010613946002081964,0.000550545541580114,0.14501194495939265,0.0,0.0005394597827209591,271.3618423153003,-0.0007808669707027534,4.351138045421976e-07
2002-10-19,-0.011662637446559756,0.0005639006020659108,0.135360344206097,0.0,0.0015954130702773056,271.7269669081981,-0.0006517644308633724,4.351138613856165e-07
2002-10-20,-0.009508768254417484,0.0005567763316429268,0.12289078132356406,0.0009328640450192037,0.00082839901248614,271.8571608268608,-0.0007272377126129333,0.002022521812363533
2002-10-21,-0.007527839708126197,0.0005447071487620726,0.12326641765242469,0.00025810040323074256,0.00040967548844841244,270.7867420182165,-0.000629128267367681,0.0007201583035248148
2002-10-22,-0.0016813717235279625,0.0005321681162731796,0.1714602827801318,0.012790940449399463,0.0,267.0801472888379,-0.0002477522939443589,0.012821891752237708
2002-10-23,-0.003131894784121864,0.0005296833265972675,0.23577800398717041,0.0013399603171537152,0.0,264.4814025138956,-0.0002674580009727829,0.0013448667054341203
2002-10-24,-0.006273415676281277,0.0005399325473160394,0.22545697055967515,4.0491001080658474e-05,0.0008529061819873962,265.32863728295166,-0.00039117319225254703,4.303566479944913e-05
2002-10-25,-0.006281479140796231,0.0005320263447734596,0.21372856528072037,1.188321302166093e-05,0.00047321884898142625,264.9347683786223,-0.0004949976537523971,1.409257531333095e-05
2002-10-26,-0.009332314217831457,0.0005386669588627788,0.20413627552671848,0.0,0.001062086609713102,265.8075624491087,-0.0004954640727258671,1.293420723413874e-06
2002-10-27,-0.008140959056083766,0.0005379825998834298,0.192147177715984,0.0,0.0011464068087312462,265.44059356143475,-0.0005033005365712495,4.351138045421976e-07
2002-10-28,-0.004203361222299479,0.0005195333627657702,0.18400019126647835,0.0021761842703415177,9.406874703485414e-05,266.30220934406293,-0.00035028674739733933,0.0021795133243496675
2002-10-29,-0.0019070527142724075,0.0005158795475286279,0.2215387664047787,0.0036788078940520855,0.0,261.6014416904773,-0.00029262788804237456,0.0036840581119397266
2002-10-30,-0.001972745451550026,0.0005137544904051528,0.2357101871468927,0.0010321740966058722,0.0,258.2554229154426,-0.0002925097416181349,0.0010399688888678175
2002-10-31,-0.0023052960970980974,0.0005183142457304701,0.23472557858109702,0.00010292591937517715,0.00042996633440087754,256.8195045708264,-0.0002783924909466404,0.00010764625274036898
2002-11-01,-0.004416152161393462,0.000517596885309381,0.22841953198564036,5.482343462227428e-06,0.000514513776127228,255.9786236721693,-0.00030801071138200116,5.479081202361544e-06
2002-11-02,-0.004998737640973539,0.0005170896565173305,0.22062404366760835,6.285848590613759e-07,0.000602419146120885,259.34274176329995,-0.0003119428657879264,1.4845933268162366e-06
2002-11-03,-0.00685057384988009,0.0005175641364296951,0.21247912620645013,0.0,0.000743750724836258,261.94207373940566,-0.00030437972144050116,8.583068797918258e-07
2002-11-04,-0.006784492798444242,0.0005141084982176959,0.20326821997116293,2.6572264183712546e-06,0.0006527339902806418,264.2635748947632,-0.00035841914556794253,4.369876367331798e-06
2002-11-05,-0.00716631404929242,0.0005086300905141453,0.19483180504060735,2.128151008638285e-06,0.0004319882304486582,264.3971269647056,-0.0003248892913935548,3.9807714981981335e-06
2002-11-06,-0.008433687021840091,0.0005076765003850905,0.18732160722693036,0.0,0.0004901777805581605,268.5372151663973,-0.0003426108867098383,4.410743663640915e-07
2002-11-07,-0.00797443984255279,0.00050235636490213,0.17967025843043788,0.0,0.00028543494178750426,271.42919892779855,-0.00040747487317707585,1.2863703204857302e-06
2002-11-08,-0.007759990623105044,0.0004971259731357381,0.17266535354872883,0.00011052549053720163,8.374778816928972e-05,269.78038134817353,-0.00042680022701368494,0.00011311525331922824
2002-11-09,-0.005197356775992335,0.0004993578640081114,0.17532239436205274,0.002977735873332805,0.00030374446999555257,267.1674030576947,-0.0003369276880123521,0.0031937324789569153
2002-11-10,-0.0029282615767360414,0.0005024543589791337,0.2185814923934793,0.005460635501112642,0.0006177283844536982,264.3376524722284,-0.00021135672337591313,0.005496432506291412
2002-11-11,-0.003315330183101913,0.0004901399383437163,0.2593417122763654,0.00433909850942213,0.0,263.83400972010725,-0.0002389323639836015,0.004354273616257361
2002-11-12,-0.00594335996498496,0.0004973265074067197,0.2614888624058381,0.0,0.000523441571131938,264.08438937228505,-0.00033274569711779476,4.351138045421976e-07
2002-11-13,-0.005614075409827259,0.0004965672216846445,0.25009471368879477,0.00011250763963171318,0.0005827382270057323,269.2502396506329,-0.00039496980502275425,0.00011549822459536223
2002-11-14,-0.0035507130925938237,0.0004935365612223998,0.2549432729372646,0.0023156221598218387,0.0005081781938587879,264.7933294472272,-0.00026870503137677406,0.0023221468331172286
2002-11-15,-0.0031472973230868414,0.00048290563505248163,0.2985561679761064,0.007049071734066064,0.0,264.9609617639172,-0.0002698610026368314,0.007055468804010984
2002-11-16,-0.005808661591871984,0.00048722823460896814,0.3054895778160311,1.6500720870023394e-08,0.0003522615143134769,265.2002663190307,-0.00041963947715900716,1.6500720870023394e-08
2002-11-17,-0.006246100500815333,0.0004840815639765249,0.2925823089542138,0.0006857641504309272,0.0002727920642006869,268.8893219360524,-0.0005441422253257811,0.0007304708006315176
2002-11-18,-0.004973381168424746,0.00047980947683086504,0.29472784987052736,0.0007726457917084129,0.00012779176908697787,264.49885121218006,-0.0004290978050669708,0.0008013815866351802
2002-11-19,-0.00443688822163027,0.0004808687220858989,0.2868769586423023,0.00014288849749807583,0.0002902467435194274,266.976174500029,-0.0003792031820716158,0.00014480140249607928
2002-11-20,-0.004657419135341537,0.0004861481108907927,0.2760855751971516,6.504798844709235e-06,0.0006842958388355493,271.36370493642806,-0.00022360257341363338,7.6007202170526125e-06
2002-11-21,-0.0059116198602369285,0.0004942794304109563,0.26136334377942566,6.564887566755047e-06,0.001236566631807446,272.5577728321773,-0.00031908468927367256,0.0001085802323173264
2002-11-22,-0.005991676938062334,0.00048483461983459827,0.24486638013476936,0.0001699796714688425,0.0007957815703025646,273.55640324091513,-0.0004964874594309236,0.0001962813279373361
2002-11-23,-0.0009340986525271574,0.00046898719281126546,0.30134010674140776,0.021400213578326555,0.0,267.8609708114308,-0.000184864010977543,0.021579527922269318
2002-11-24,-0.0014325309607942226,0.0004672734750866217,0.4824832549876413,0.007483691797923234,0.0,259.8895328040402,-0.00020356859359364055,0.007488783587741367
2002-11-25,-0.0028040737418805143,0.0004656411665307601,0.4808430070032957,6.616081895127809e-05,0.0,257.9638917172247,-0.0001793285295114679,7.220604316323473e-05
2002-11-26,-0.0031168069795700125,0.0004640304099368511,0.4613864704713983,8.579743447276833e-07,0.0,258.73427937035285,-0.00015571556122457913,1.2853555524145256e-06
2002-11-27,-0.00135162712658866,0.0004623882514608782,0.456796994541549,0.0015093246422245006,0.0,264.1031759301597,-8.039033871754416e-05,0.0015150152350008675
2002-11-28,-0.004937211672465007,0.00046546529915373214,0.4567802127471752,0.0006493663173274133,0.00026319672664006555,271.0100513716876,-0.0002011861967838417,0.0006519434953806102
2002-11-29,-0.004011822369812572,0.00045918349155598445,0.43892208465748594,0.0009537401088213518,0.0,270.7178197778102,-0.00032548628494901175,0.0009576987933078375
2002-11-30,-0.003909165618446587,0.0004576142393263047,0.4319420076359464,0.0,0.0,264.10106836020833,-0.0002536911643662695,1.2746488096126996e-06
2002-12-01,-0.00495968203423387,0.00045819744720297347,0.4226777674788136,0.0,0.0001255471659245464,267.7777642108178,-0.0002664177767974509,2.5749206429281912e-06
2002-12-02,-0.0032669882905685295,0.0004544684105673753,0.41179258989524486,0.00012826092414936778,0.0,268.07371662161444,-0.00017019492800289632,0.00012968068068983866
2002-12-03,-0.0006587955742906043,0.00045293308584030067,0.41731380024423265,0.0026542233082197486,0.0,266.23603921735804,-9.364216972542349e-05,0.0026590506740882575
2002-12-04,-0.0012634923144922419,0.00045141013665387866,0.4383892052142185,0.001759845658210711,0.0,264.5024163520942,-9.097595630729266e-06,0.0017633419514889968
2002-12-05,-0.0034339287776058007,0.0004498839883481042,0.44589020752412906,0.001137125290046304,0.0,265.11190565292446,-0.00015598430303530506,0.0011419904394334498
2002-12-06,-0.003286290261368294,0.000448342938881136,0.43890760173905374,7.33271830499509e-07,0.0,265.1205585932328,-0.0002019696021820866,7.288978803583216e-07
2002-12-07,-0.004104139188588676,0.0004468167905753615,0.4315334973811205,8.250360435011697e-09,0.0,264.15246583827246,-0.0001672626457224458,8.605966784049438e-07
2002-12-08,-0.003448858309937062,0.00044533029451208596,0.42438767140419026,0.0,0.0,264.6419897241108,-0.0001374993757423708,8.612871233992792e-07
2002-12-09,-0.005161886245517408,0.0004438586996100044,0.41763564287605937,0.0,0.0,265.6958538062604,-0.0002353016581744124,8.52346317969932e-07
2002-12-10,-0.0053955188157868254,0.00044237885434748767,0.41026245806850287,0.0,0.0,265.53467911470636,-0.00028090163181393837,1.2865046414844983e-06
2002-12-11,-0.0030657743330055713,0.0004409006086446472,0.40383089284663376,0.0002921838839512087,0.0,263.4544273347729,-0.00021826871013068885,0.00029860479010027015
2002-12-12,-0.0013162787940542578,0.00043943566454332435,0.40252857962570626,0.0007222420667524393,0.0,260.7050557396955,-5.665722981853001e-05,0.0007300235463467058
2002-12-13,-0.004127682013026739,0.0004379922724039541,0.4047125117702449,3.1587178424253305e-05,0.0,267.03021239515977,-0.00017535655975005048,3.5227355310472396e-05
2002-12-14,-0.00415267635368358,0.0004393910452470941,0.3976386406102872,1.308082018868398e-06,0.00016127680402017584,269.1384683670073,-0.0002071857505009673,3.1628050096823235e-06
2002-12-15,-0.004731408367722722,0.00043630734675348143,0.38827600856285316,2.017756134776746e-05,7.020719980789443e-05,270.9716027577718,-0.00040183404702587994,2.7979497855666e-05
2002-12-16,-0.004741502052309823,0.0004336203390595604,0.37991384732521183,4.851653919381611e-05,0.0,266.55551587120965,-0.0004126123484160941,5.608070986715324e-05
2002-12-17,-0.002410747742248794,0.0004321899959596537,0.39368388432791906,0.005558575403555639,0.0,266.448495415869,-0.00023897656234307479,0.005565142766128206
2002-12-18,-0.001599173087858211,0.0004307317026590897,0.4261037822946092,0.00023666746114606911,0.0,260.5162206315725,-0.00010315459326835676,0.000241050141017235
2002-12-19,-0.0013716945287871496,0.0004293013595591831,0.42225178576683153,5.33334026902409e-05,0.0,257.4889303699501,-9.464578818803453e-05,6.057687393856578e-05
2002-12-20,-0.0022875469619944946,0.0004278545157384065,0.41967290673552266,1.0309246300304004e-05,0.0,256.96394280974255,-7.725241830793478e-05,1.1991814704938125e-05
2002-12-21,-0.002029716589693296,0.0004264539749608875,0.43822621490995767,0.0018030783677168486,0.0,259.4811118030728,-0.00012855973136795444,0.0018085119096838622
2002-12-22,-0.0011186676341935068,0.0004250353339028224,0.4553597373028484,0.0010537969443084156,0.0,258.14558659210496,-5.2117121716340385e-05,0.0010607685571796851
2002-12-23,-0.0015985508170505028,0.0004236049908029158,0.46067496836746713,0.00010467552195834575,0.0,256.6546687972074,-3.511376552662607e-05,0.00010774579985018857
2002-12-24,-0.0019700392912336663,0.0004221911484238792,0.45678963813853585,2.0516457530738274e-07,0.0,255.93617659818435,-8.13096803797167e-05,1.0663833053754878e-06
2002-12-25,-0.0024660919598266905,0.00042078235728592526,0.4524291302524717,5.870804948321845e-07,0.0,256.48401399745336,-0.00011077067041296071,2.601405915459504e-06
2002-12-26,-0.002679601816807763,0.0004193900668688413,0.4483672463512241,0.0,0.0,257.3740401618225,-0.00010691743638724256,8.544510592400911e-07
2002-12-27,-0.0036047732846885075,0.0004179844748502398,0.44385915062970815,0.00010276038599553081,0.0,264.6932445245948,-0.00015787320937645638,0.00010776279537856805
2002-12-28,-0.005471250347498447,0.0004165756837122858,0.43600274209922324,2.1770091380103164e-05,0.0,269.56574335834625,-0.0002602012407055682,2.5266143672581304e-05
2002-12-29,-0.006417319431143292,0.0004151932432153131,0.42454008687911965,0.0,0.0,268.7748437583334,-0.0005448006861711627,3.4282684921603157e-06
2002-12-30,-0.00423531057470936,0.00041379750111682266,0.4196060094456215,0.0004179886631709708,0.0,263.70304714712944,-0.0003218028147173467,0.0004238384928506445
2002-12-31,-0.0029044530149233546,0.0004124267626616915,0.41736782382886073,0.0003984146619920677,0.0,265.75129577938446,-0.00018794808305252743,0.0004046101690335999
2003-01-01,-0.0031770812084445845,0.0004110294210035249,0.42506354093102644,0.001502340291179506,0.0,264.1927443179258,-0.00023136605734879015,0.0015064853731845595
2003-01-02,-0.0033399522051972856,0.00040965683042666336,0.42376214726047556,2.408726403942216e-06,0.0,264.2635634614474,-0.00014317817038903802,4.132790651752236e-06
2003-01-03,-0.003967045306485925,0.00040828264029012565,0.418119096486582,6.448942641753935e-05,0.0,269.6067312172353,-0.0001816651126169889,7.967537335248048e-05
2003-01-04,-0.006202290623874988,0.00040686214711033023,0.4119863851371234,0.0002799258267475387,0.0,267.46967391824097,-0.0005058751962447571,0.00028106927930888055
2003-01-05,-0.0025697942760031104,0.0004055225579752087,0.41827082229872886,0.0031135628620783487,0.0,268.7771359783108,-0.00018057629129307422,0.003174892253121414
2003-01-06,-0.0037744013687311595,0.00040412016507595947,0.42623228945974584,1.5085405212337689e-05,0.0,267.47215446644583,-0.0001215563118878731,1.6927550741508184e-05
2003-01-07,-0.005283805273346982,0.00040843459845936236,0.41884692060969875,0.0,0.00032160136490891886,270.63531536526153,-0.000226041075831416,1.2844800494349329e-06
2003-01-08,-0.007549184821756547,0.0004034258719891478,0.40888956935616766,0.0,0.00011856887636885132,273.14947003294515,-0.0003977857824772765,2.149980616650282e-06
2003-01-09,-0.0031805040556832226,0.00039989783265496383,0.40168811058145015,3.59376439940458e-05,0.0,262.602287019489,-0.00025327026444134745,3.673395522230744e-05
2003-01-10,-0.002933927595952137,0.0003984853372735493,0.3982896822769539,0.0,0.0,259.6648465675599,-0.00010685289625899267,8.52346317969932e-07
2003-01-11,-0.004283263184929972,0.00039708614349365234,0.3951310267331685,0.0,0.0,260.9730043393295,-0.00018954926333521722,1.275539318612573e-06
2003-01-12,-0.0038833250265336984,0.0003957117007950605,0.3915473090277778,3.533343137320826e-06,0.0,263.58517032917837,-0.00017978518275217823,5.265795223140693e-06
2003-01-13,-0.003004017396498535,0.00039429415417256334,0.38848681548669967,0.000908811613496414,0.0,267.6984774774527,-0.00019285876282864372,0.0009134748965911095
2003-01-14,-0.002568931397745165,0.0003928617063888722,0.3942583734257298,0.0008815822249415231,0.0,267.44292771793806,-0.0001714544444434387,0.0009290782575877237
2003-01-15,-0.002276150183489094,0.00039147051040735624,0.4170933380414313,0.004944741262891198,0.0,265.152880221437,-0.00027300169070561725,0.004952524442452236
2003-01-16,-0.002852304465016403,0.00039004791254377636,0.43897265992820156,0.0003604197527392436,0.0,259.2960437731555,-0.00014033809430518394,0.00036247625179080617
2003-01-17,-0.003304542584271081,0.00038862531468019653,0.4415388951418315,0.00040096097157499885,0.0,260.66581141656854,-0.0001621220923833928,0.00040443613703817637
2003-01-18,-0.0023206893754544235,0.0003872192175374867,0.43985014087511776,0.0009565432529664984,0.0,262.0603166174305,-0.00012329060815821933,0.0009599479914035364
2003-01-19,-0.006735429420309551,0.00038578331807238907,0.44280373668491063,0.0001531260793155196,0.0,268.29311019552637,-0.00036131927880358566,0.00015355679923747073
2003-01-20,-0.005108135273564333,0.0003843937216505493,0.43507951352106883,0.00046490915751053126,0.0,268.78521736777213,-0.0004057765775228625,0.00046997912175781963
2003-01-21,-0.0015574664635173347,0.00038297432290632175,0.45726642500882775,0.0039940935659543274,0.0,265.3415260063502,-0.00015688391328699846,0.004001835510567003
2003-01-22,-0.0015090811303106405,0.0003815682257636119,0.5835160939706922,0.011357108772979619,0.0,261.2553322678906,-0.00016972221076320122,0.01136170438777083
2003-01-23,-0.003678409729973745,0.00038015387826046706,0.6233613612288137,0.0027280481647973683,0.0,266.61159745627657,-9.755377189419364e-05,0.0027776852839069585
2003-01-24,-0.00492459632414209,0.00037874432943635073,0.6280563555643833,0.0007194894981586327,0.0,265.4353753860388,-0.00021748320531036897,0.0007279212360100828
2003-01-25,-0.003540793339074668,0.00037737788453613973,0.618726137667726,0.002214047405342598,0.0,265.81596824229325,-0.0001877785981290758,0.0022185221061818447
2003-01-26,-0.004993960934843721,0.00037596008535158837,0.6186364815060029,0.0006125424751790904,0.0,267.9608385729027,-0.00019729554148043617,0.0006168416831776784
2003-01-27,-0.003519027457062134,0.00037458539009094244,0.6030659648658193,0.001028919729304179,0.0,271.1949084114894,-0.00016738253377251706,0.0010644278737193722
2003-01-28,-0.0032678238079372774,0.0003731923419876961,0.6837886946798495,0.013480204352214512,0.0,266.96086528655945,-0.0003542136190469656,0.013592297896318762
2003-01-29,-0.0042336678690156025,0.0003718043451255325,0.6993028888594633,0.0009218333762581066,0.0,264.5252817552642,-0.00022698707331371849,0.0009247056690220866
2003-01-30,-0.0029165717420604944,0.0003704328489842388,0.6895876092425848,0.004284724908865105,0.0,267.33727547453395,-0.00015704300107255493,0.00431650594119169
2003-01-31,-0.005757970998516191,0.00036904965080110375,0.7062489425170668,0.0014374009886030424,0.0,268.47688717312286,-0.00025304680490224375,0.0014457162041083902
2003-02-01,-0.006268189872725536,0.00036771300822328044,0.6830693763977167,1.6737350467908183e-05,0.0,271.3104700494397,-0.0002854469490084945,0.000340977091171708
2003-02-02,-0.0032354534766768335,0.00036634311164166297,0.7394359753854757,0.016737952660032585,0.0,266.3592208460002,-0.0005400124148039495,0.016888847015206793
2003-02-03,-0.0024793402707509403,0.0003649434127376578,0.7980536336952684,0.0002830508191370022,0.0,258.9594061289355,-0.00011442988942571954,0.00028464029726416355
2003-02-04,-0.0017769234412807532,0.00036359586789783116,0.8201405440795669,0.004749162932910489,0.0,258.9561200869286,-0.0001351963518197927,0.004753820252854999
2003-02-05,-0.0012598638396478644,0.0003622491228378426,0.8862281698740585,0.004156180820559378,0.0,256.511044105343,-0.00010875799288015582,0.004161022982354892
2003-02-06,-0.0015928923326023556,0.0003608925278577428,0.9413317664194915,0.001618606306738773,0.0,251.85579946485618,-0.00014141927562696114,0.0016226020741256346
2003-02-07,-0.002567321440931094,0.00035955323337835113,0.9313318859610407,0.0001737776785920569,0.0,254.4108916927417,-1.3761859029363104e-05,0.00017653502074491798
2003-02-08,-0.0012845279554189262,0.00035823789020042636,0.939196110669727,0.0034812316088016428,0.0,259.93952076224065,9.836234404879105e-06,0.0034847357178811973
2003-02-09,-0.0012497373219937256,0.00035686799361880895,0.9800006988582864,0.004462425360235118,0.0,257.30932088086837,-9.971239872403065e-05,0.004467726461626693
2003-02-10,-0.0016960094624993494,0.0003555609008013192,1.0251159093249766,0.006037455578308322,0.0,260.86836269974935,-1.242159113372113e-05,0.006043091921483056
2003-02-11,-0.003918794083729976,0.0003542389068226357,1.0308021789665727,0.00011872096081911508,0.0,261.0126527940711,-0.00012135486734115473,0.00012270074095973842
2003-02-12,-0.006156494388472563,0.00035290041212308204,0.9983900971780839,0.0,0.0,263.6075486436402,-0.0001235223075343391,1.2874602361989673e-06
2003-02-13,-0.00812057624597334,0.0003515701677839635,0.9650386946798494,0.0,0.0,265.021347297338,-0.0002671958310371739,1.287808345296071e-06
2003-02-14,-0.0038285233964354313,0.00035025482460603876,0.9528017780426082,0.005744153875752358,0.0,269.0616551487235,-0.00017814846488378817,0.005748976607105751
2003-02-15,-0.004131357085570104,0.00034890967910572635,0.9564167604608053,0.00249549119317599,0.0,266.94182144854705,-0.00020559755085551806,0.002500541708882672
2003-02-16,-0.006646308858515853,0.00034756798528682046,0.9263706817914314,2.1155271152992034e-05,0.0,267.8799979933687,-0.00035603351806853454,2.5792923896321975e-05
2003-02-17,-0.006160452751453315,0.00034626249202900685,0.904343542181615,0.0014712846716918517,0.0,265.2149022994967,-0.0004498340810338657,0.00148386224960416
2003-02-18,-0.00542369282851785,0.00034493224768988834,0.8908785660163606,0.0006735094607213124,0.0,261.54883047775587,-0.00035853698681303337,0.0006833719298091674
2003-02-19,-0.0063149902948551944,0.00034364005603359246,0.8767087544874059,3.203505513358251e-05,0.0,261.258877439912,-0.00021262726835948598,3.482684284840693e-05
2003-02-20,-0.006263881290363054,0.00034234786437729663,0.8611713416607816,0.0,0.0,262.36772938457136,-0.00023752838204809504,1.2833716027671471e-06
2003-02-21,-0.004047871940890274,0.0003410423711194831,0.8558901339600989,0.0025996409230313058,0.0,262.9379450587903,-0.00020143330770697301,0.0026067113134357217
2003-02-22,-0.0019076162223088538,0.0003397733309848161,0.900030161252354,0.006730895763063162,0.0,261.80173673827323,-0.00018325402785492485,0.006822069266992828
2003-02-23,-0.0011271221068619335,0.00033846623816732635,0.9826963607874294,0.005102340573981658,0.0,254.68918822265167,-0.00027143984170114926,0.005107481247196737
2003-02-24,-0.004228081575221262,0.00033719054723190054,1.0183206619291432,0.0001892012433480408,0.0,248.64818042460587,-0.00014480236538891067,0.00019331167861520626
2003-02-25,-0.005582070157016065,0.0003359148562964747,1.0076821537341103,0.0,0.0,253.62006327167524,-0.00012589387048435752,1.2874602930423862e-06
2003-02-26,-0.006051830105525626,0.0003346474157214838,0.9940769461364172,0.0,0.0,258.129036563938,-0.0001333018417580653,1.72369948359119e-06
2003-02-27,-0.006149266062483276,0.000333371724786058,0.9764172110404898,4.913483214917157e-05,0.0,259.1495434245597,-0.0001641016264083022,4.913855743947003e-05
2003-02-28,-0.0058569474998167005,0.00033210428421106723,0.9584682773511064,1.5047710325758337e-05,0.0,259.6199549191865,-0.00018890397781032628,1.738707893479332e-05
2003-03-01,-0.0032271760500083534,0.00033086664595846405,0.9457619302465866,0.0011402608058546895,0.0,258.837919551325,-0.00020627898432440677,0.0011459648495778989
2003-03-02,-0.005479064491172295,0.0003296074557439082,0.9460499794020717,0.00014695020045264295,0.0,259.066063570213,-0.0001677520531045515,0.0001477929158399334
2003-03-03,-0.0033773294108062147,0.0003283482655293524,0.9448269774011301,0.003638705038754954,0.0,262.0629584281907,-0.00017701409820277815,0.003645574086330256
2003-03-04,-0.002210889201043016,0.0003271271279976193,1.0387064041166432,0.0055490387024852515,0.0,257.84634642232834,-0.000240835182284568,0.005556872516544476
2003-03-05,-0.0037270225374038614,0.0003258828389442573,1.0521008047904898,0.0009766335751714007,0.0,257.1736810184917,-0.00014142045951158987,0.0009833786084672191
2003-03-06,-0.003926985765581078,0.00032464520069165425,1.057692360743291,0.004520778496891766,0.0,261.9025878475211,-0.00010404060726280268,0.0045773464743350725
2003-03-07,-0.007221491323352534,0.00032343391308003224,1.1084669440030603,0.007032085146944402,0.0,264.17340044427505,-0.0003244507963121948,0.007238136156039696
2003-03-08,-0.005809113972604612,0.0003221896240266703,1.11027753869468,0.002347621045964586,0.0,264.9230639103891,-0.0003061582792108342,0.0023663314216659567
2003-03-09,-0.007703320959867058,0.0003209783364150484,1.0814822784251414,6.035122873082673e-05,0.0,266.0636673512432,-0.0002736481653768464,6.566741371735004e-05
2003-03-10,-0.010380824491129084,0.0003197587984429915,1.0446255498911254,0.00033422885725727195,0.0,268.33981931007514,-0.0004960981718564437,0.00036444249799696065
2003-03-11,-0.009557129973072117,0.00031854591127169335,1.010428390933969,0.00020333484741254042,0.0,268.4373203177013,-0.0004869841333836486,0.00025563421895948506
2003-03-12,-0.010614615922930552,0.00031736442598245915,0.9803018516066384,0.0003610202821634583,0.0,269.4964673460765,-0.0004995453281927918,0.0004535798756687861
2003-03-13,-0.012085626859449397,0.0003161680395320311,0.9518210775659134,0.0,0.0,272.78185847294986,-0.0004945277936209394,8.549643623776878e-07
2003-03-14,-0.01253148921802219,0.00031496340272116796,0.9157547025806263,0.0,0.0,274.73582845353815,-0.0005984481708225558,0.0
2003-03-15,-0.015035587136691574,0.0003138250213558391,0.878520268729402,2.6345274037560503e-05,0.0,272.7397527066104,-0.0009522977006216507,0.0005015403704778487
2003-03-16,-0.011089892710669567,0.0003126517864270399,0.8498767342720106,0.0001791332148562717,0.0,272.75641731219105,-0.0007816591631557982,0.0010018396511353744
2003-03-17,-0.004015813018642576,0.0003114753523788883,0.8937682530749764,0.01424008666795526,0.0,269.34218067952247,-0.000658394253186587,0.014594297372015185
2003-03-18,-0.002918637362913897,0.00031023746156423105,1.0167997256061676,0.021136474348394215,0.0,266.6727289713484,-0.00035669910853023583,0.021149816373234077
2003-03-19,-0.006141665460026196,0.00030909402895781953,1.094932311896775,0.0020459353881703934,0.0,267.32446048758123,-0.0002150362578489013,0.002053414276764218
2003-03-20,-0.00811012607004683,0.00030792904438945535,1.0697021484375,0.00012910654400028078,0.0,267.5905651480465,-0.00033000710362431697,0.00015362827791332525
2003-03-21,-0.00965509433194069,0.000306778960982285,1.0443230178172083,9.822944379122245e-05,0.0,267.9490447969311,-0.0004081938805132263,0.00010670780379974522
2003-03-22,-0.010764428367049009,0.0003056355283758735,1.020730803466337,5.335373393559861e-07,0.0,268.94504297116384,-0.0003646087522308032,5.327375595178982e-07
2003-03-23,-0.007968555104597815,0.000304548501294885,1.0011066788782956,0.0036115759594292293,0.0,271.34687031460345,-0.0004647025091331558,0.004264459266500958
2003-03-24,-0.008186733613243211,0.00030335026272272663,1.013674403763536,0.002143573079068782,0.0,265.1597662169606,-0.0007888432171216793,0.0021756865715526694
2003-03-25,-0.00936089616037358,0.00030223158119762017,1.0076672110404896,0.00048700566429876345,0.0,264.41596598005566,-0.00044496929914937853,0.0004900054302686602
2003-03-26,-0.004882654101498384,0.0003011046493120786,1.0153817789253767,0.007226533114405002,0.0,267.6710815788887,-0.00023290916940586718,0.0073094786938991295
2003-03-27,-0.00529985954869265,0.00029998596778697215,1.2046794999117232,0.022660829168928545,0.0,264.3630764165616,-0.0004961181610906865,0.022722842567794478
2003-03-28,-0.0056518370148825785,0.00029886156152197197,1.2537653289047788,0.0014846783741719308,0.0,260.17815703770987,-0.00040988923487185084,0.0014906815477258204
2003-03-29,-0.006469357990275668,0.0002977287786155098,1.2444978703213279,0.0006586303145198499,0.0,260.6359708825523,-0.00024133373451771712,0.0006654606803197896
2003-03-30,-0.009180119482137391,0.0002965985213295888,1.2260958281838512,1.9204355565841592e-05,0.0,267.14865986955147,-0.00013418174164611744,2.237068388798804e-05
2003-03-31,-0.013286625640203725,0.0002955029913261112,1.1931756948122647,1.5307365164244917e-07,0.0,272.9333464663806,-0.00045012723717649105,1.0112079068630148e-06
2003-04-01,-0.017692157777689274,0.0002944157116830686,1.149692226488936,0.0,0.0,273.8007844325064,-0.0009438264167914957,7.434283607170403e-05
2003-04-02,-0.019098313683170384,0.00029335663480273754,1.109777992952566,0.0009568052019103099,0.0,273.4898641841335,-0.001238972138045198,0.0013532313754953335
2003-04-03,-0.013820194507722802,0.00029225445399850105,1.0852912859728108,0.0018046606268923165,0.0,268.03957405018497,-0.0013573850994392977,0.002140095174644065
2003-04-04,-0.007056624665435426,0.0002911655747957823,1.0801397348752355,0.0030915366096348415,0.0,263.4477252421406,-0.0005813142979296588,0.0031057412448668702
2003-04-05,-0.011196402043609296,0.0002900931963139335,1.097881769729873,0.00031146379766491177,0.0,262.94372009377923,-0.0005234424130054518,0.0003161428505855494
2003-04-06,-0.006816454358020072,0.0002890290681925197,1.096118991657839,0.003692237228828635,0.0,264.47297151209943,-0.00037770683082651957,0.0037614526720694094
2003-04-07,-0.008530150741170356,0.0002879715908718648,1.132244447754826,0.0027721264520607423,0.0,264.5212838268101,-0.00042369281399553106,0.002804804348355218
2003-04-08,-0.014686805632828322,0.0002869223639116449,1.12122133761476,4.8577364555186475e-06,0.0,268.14434967831255,-0.0003943059982805602,7.006738375903657e-06
2003-04-09,-0.019475454748687098,0.00028586488659098995,1.0998445500088279,0.0,0.0,273.88986873447107,-0.0006785821906254117,0.0
2003-04-10,-0.018941173024770233,0.0002848156596307701,1.0691922577536488,0.0,0.0,274.08938695257444,-0.000787861676791967,2.5866238502203487e-06
2003-04-11,-0.01836067215029129,0.0003019893741877066,1.0340564677495292,0.0,0.001110959882284962,274.6279681936721,-0.0008723750910432326,0.0004682347450454606
2003-04-12,-0.020217778276925707,0.0003118869443397738,0.9949571857344633,0.0,0.0017448637403000545,275.4105983777235,-0.0010560971900483984,3.608535682442739e-05
2003-04-13,-0.024421747921213592,0.0003217255833458766,0.9544378880502591,0.0,0.0023466266775872074,276.82736146786795,-0.0015414658155144948,0.0
2003-04-14,-0.025646169138493515,0.0003074765373758004,0.9165756311793786,0.0,0.0015113765721098853,276.1368616035878,-0.0016654145740772372,2.8984580463441228e-05
2003-04-15,-0.019089853443668387,0.000282712238656599,0.8871035818326273,0.0,0.00015417133894680583,274.2415405460222,-0.0013574405525953084,0.00022592483940771073
2003-04-16,-0.012880613532780253,0.000278692461003018,0.8763572563559324,0.0012520119800405987,0.0,271.0729316668322,-0.0011304193465723157,0.0014198342453961993
2003-04-17,-0.014773112064027517,0.00027768953708605577,0.868470502663018,0.0002754669278691718,0.0,270.39396771289086,-0.0009042026664493447,0.0007682912934394338
2003-04-18,-0.00790310124892973,0.00027682442786329883,0.8661895579537431,0.003298348520940307,0.0,270.62615419377045,-0.0004717885795454521,0.004927020867391116
2003-04-19,-0.006767480934070328,0.00027570204209473174,0.9079557659486819,0.006863169498362785,0.0,269.81217005023854,-0.0006029597604594663,0.007123215387096513
2003-04-20,-0.013786780253305276,0.0002747156188986396,0.9299553190471987,0.0009493078131460201,0.0,269.9131621955254,-0.0005614897446696368,0.00096052907665895
2003-04-21,-0.01841451446552061,0.0002737475485451478,0.9192055452565915,6.709100499664998e-07,0.0,272.0746561829878,-0.0007890735905470148,1.120062095350924e-06
2003-04-22,-0.01667983303804182,0.00030573907881806803,0.9026223737641244,0.00019932706645653075,0.0006905038351729766,274.4080570601698,-0.0006834706975578588,0.0028314276998242733
2003-04-23,-0.011506329316877376,0.0003406810390073701,0.8824085874970576,9.814795043508886e-05,0.002105133955256414,273.5590334818637,-0.0004755366951395563,0.0029818897024718786
2003-04-24,-0.007525539330843479,0.0005683749914169312,0.8619200855549671,0.0007718378246504035,0.0031872182600410645,273.3927952646087,-0.00034193727740291824,0.0050708953776716255
2003-04-25,-0.016467696192574367,0.0004616032044092815,0.839710415195386,3.4327392524245095e-08,0.004228329875290731,274.95004708169773,-0.0006969973476508917,0.0008597288595745927
2003-04-26,-0.01405291629713134,0.0002887063780746891,0.8129990859669257,0.0022320547009592006,0.00044146150687320084,273.7140792192937,-0.0010165233049268102,0.003862316106570023
2003-04-27,-0.018498761463636736,0.00026890391347098486,0.8149549696180556,0.00046112182113410395,0.0,269.0226197718676,-0.0017605128219235417,0.0005309884831056757
2003-04-28,-0.00787710394226225,0.00026768546993449587,0.8131565589689266,0.0016901465501152192,0.0,270.33978112718256,-0.000310174231601637,0.0027915742987884213
2003-04-29,-0.011429153593246547,0.000266893266958032,0.8212453838571094,0.0010416322929710992,0.0,272.5534183911685,-0.0006257895864335831,0.001611292193838432
2003-04-30,-0.003961118180199532,0.0002662801304779484,0.893573078507533,0.020762243818512743,0.0,270.837850416223,-0.0005807240446240215,0.02206371682511885
2003-05-01,-0.004706195602982732,0.00026551267858278954,1.0235073858286254,0.00953931858142217,0.0,269.7340875291555,-0.0004582607245209527,0.010369998991061712
2003-05-02,-0.013158452207759278,0.0002648082830138126,1.0778558016272366,0.00294049865024238,0.0,269.96367061564706,-0.000578657681869585,0.0030061535915744913
2003-05-03,-0.015091332717467165,0.00026438566250989667,1.0651402590189503,5.4837956940386934e-05,0.0,271.5784597342971,-0.0006917808310123487,0.0025908228030986032
2003-05-04,-0.006837679841424113,0.0002637062705842789,1.0534759923787667,0.001380721159742377,0.0,272.0974022852724,-0.00038979233553012216,0.003783521847312815
2003-05-05,-0.005451446620084472,0.000262874162803262,1.0684009846545435,0.00944747565324697,0.0,270.56387745772827,-0.000599918823878644,0.009749113789283679
2003-05-06,-0.008624757918934365,0.0002622293718790604,1.1504071769067798,0.007253482327454508,0.0,268.2895399298372,-0.0007732055113140474,0.007384410466749171
2003-05-07,-0.013888437953372463,0.00026164603772136453,1.152702834422081,0.00012452260585828017,0.0,269.451082373294,-0.0006123094288053487,0.00048696577207683835
2003-05-08,-0.005454547492797766,0.00026106935436442745,1.2093195511122883,0.01753352020504111,0.0,269.797077775226,-0.00045819616334586495,0.01837903480071806
2003-05-09,-0.007995149425867588,0.00026036150711404403,1.2706758603313324,0.0034050993452974633,0.0,267.6023600195761,-0.0005471111501509187,0.003448834291280741
2003-05-10,-0.006427394005201632,0.0002597731217152655,1.3195892736287664,0.010295948360936115,0.0,267.9500924521696,-0.0004283422762054509,0.010330634012620462
2003-05-11,-0.012504724333178528,0.0002591599852351819,1.3404858260504946,0.00022324980736452307,0.0,267.6617461526012,-0.00046088023500590676,0.0003362695544971687
2003-05-12,-0.014797004855285258,0.00025882172045734646,1.3167457939765774,7.273665087371223e-05,0.0,271.8259399902574,-0.000536837109948619,0.0027816819604831095
2003-05-13,-0.015499914854259816,0.00025818703201531016,1.3015801093897128,0.002852433945162822,0.0,273.22736889180044,-0.000940977843046862,0.005117055521104781
2003-05-14,-0.020722648939170408,0.00026668448232661533,1.2751400475223638,1.0829650412845075e-06,0.0004697205488291164,273.9069868400272,-0.0008615680817661987,9.977852353953455e-05
2003-05-15,-0.022686027790193505,0.0003457416248860332,1.2287422941678439,0.0,0.004321892656343806,277.0905109017582,-0.0008245406798639541,0.00016216182766995172
2003-05-16,-0.019244189695113125,0.0004549151928411365,1.1751113575506122,0.0,0.006512157597952643,276.9899646737482,-0.0007983937459645299,0.001087108843739164
2003-05-17,-0.020453705541831627,0.000560456413333699,1.1298225819503296,0.0,0.004522750290942058,276.0543828055459,-0.0011310934767884723,0.00011610129448524282
2003-05-18,-0.00876909898499311,0.00043038501914611653,1.10172158221516,0.006969068462481607,0.0027074001434832643,274.1109964977774,-0.0005961414005628414,0.009422494210090941
2003-05-19,-0.011081659734922615,0.0002570920071359408,1.1519097222222223,0.00487085965351533,0.0,267.2209962819705,-0.0014603236048235059,0.004981255295586452
2003-05-20,-0.016924241926036986,0.0002559638124401287,1.155108608094986,0.00025002904615159765,0.0,268.50033664164573,-0.0007868150017608358,0.00029027994069178565
2003-05-21,-0.020375604641302832,0.00025659134495729783,1.1422907655072976,-2.062590108752924e-09,0.0,273.27985254205106,-0.0007738721962113165,8.155229848123545e-06
2003-05-22,-0.017648656868328484,0.00042375307635398907,1.1202567292696564,0.0004960229083643122,0.004375847824717646,275.99545292396334,-0.0005133496229089586,0.0014382356137677646
2003-05-23,-0.019613902363400004,0.001994798917554866,1.072118037164548,0.0,0.013367675371089226,278.3361079149552,-0.00036257236543516664,0.00019536308816310035
2003-05-24,-0.013774952182998767,0.00620640637510914,1.0077621546168787,0.0,0.02182369986496403,278.4498607290667,0.00036163426577876515,0.005257857283538991
2003-05-25,-0.018251684468008032,0.006095544766571564,0.9366873473546375,0.0,0.020986977270094017,279.4633275730686,3.307869415835472e-05,0.0007297371662273583
2003-05-26,-0.022502570460408423,0.007345121290724157,0.8650536833509888,0.0,0.021851487983923175,280.6940212357516,-0.0002450954989861634,0.001367247270906573
2003-05-27,-0.01564559007936952,0.006394276006073601,0.7956260207009183,0.0,0.021756275941086357,280.4317048211107,0.00019359344479727878,0.00021841893079251203
2003-05-28,-0.02140478036329571,0.009581673279993952,0.7241760368850048,0.0,0.02520238610226556,280.59918916202986,0.0001375850205872692,8.754969313276682e-05
2003-05-29,-0.027323236741588614,0.010316614840327011,0.6457731027836631,0.0,0.025428202803020425,283.04917204402483,-0.0004549928872430392,3.0070460751898093e-05
2003-05-30,-0.018980858647553934,0.009468799467477423,0.5686168491054614,0.0,0.024016516588333637,282.1589501519212,0.00018861670952058786,0.000249564310925155
2003-05-31,-0.018390299657643855,0.008379281998354162,0.5009117341984464,0.0,0.022949353849652125,279.93072179302214,0.00010564742283632527,0.0005002364263355126
2003-06-01,-0.011903208906704422,0.009712835405505984,0.4418818874323211,0.0,0.015490219102235837,278.30478383367796,-0.00018036664374130595,0.010627951174127594
2003-06-02,-0.015555973233139448,0.002743045741555381,0.406119423846516,0.0,0.008117737364297533,276.7905291648908,-0.0008948648001177836,0.0032712484145892406
2003-06-03,-0.012095031175909743,0.004095396079586051,0.38565230145068274,0.0010818034873507118,0.005252901948777969,275.36105165643204,-0.0009105601216440148,0.008397327641309318
2003-06-04,-0.014118457034146046,0.0025855440877925206,0.3819623756767891,0.0028370255551769235,0.0029959010833737545,274.805961450839,-0.0012063458772365657,0.007763289294000401
2003-06-05,-0.010948888115626944,0.0026877020711952686,0.4168788529160782,0.009046257573500865,0.0017668411640797631,273.353641391474,-0.001199241611832953,0.01411142153928509
2003-06-06,-0.0056160242207306255,0.0032124331610350956,0.4526006263977166,0.010631091345501484,0.0019731288407481996,272.69326517855836,-0.00042913330055899544,0.014378378957004872
2003-06-07,-0.01203884558994218,0.003015449154848433,0.5170608779131356,0.002786172164530404,0.0011002486203349918,271.2427132708878,-0.0008144840219263305,0.00350227766791306
2003-06-08,-0.01998258533619218,0.003842730643385548,0.5015735805820386,0.0,0.005001266818430465,275.3340470876173,-0.0008657747342930004,6.242274259872748e-05
2003-06-09,-0.015878509203929688,0.005484301660020473,0.46128164172846053,0.0,0.008145934928440105,278.37418700970727,-0.000848301881029781,0.006058952515305826
2003-06-10,-0.01790918418243107,0.005550227091137299,0.4200998079978814,0.0,0.010852142915887349,279.1346759688382,-0.0009336741378078354,0.0017173262806585816
2003-06-11,-0.022120694445688177,0.004624655522869133,0.3837359584657486,0.0,0.007054697174978797,279.82870110549493,-0.0013055050335193084,0.0007630423300683836
2003-06-12,-0.023324928841011675,0.0050798095552261275,0.3607260493908898,0.0,0.005780900160303224,279.2150659399517,-0.0014179220612523921,0.0009519386964566084
2003-06-13,-0.022912050160647787,0.006768845737317188,0.33796097060381364,0.0,0.007470323477929595,280.7422882554221,-0.0013947402690090032,0.0026300875312190945
2003-06-14,-0.02616066574040106,0.006284685373979773,0.3124505741672552,0.0,0.008252055547331686,281.7202317333042,-0.0014480803225000026,0.0007427204295066791
2003-06-15,-0.029152982063212637,0.008296820319305032,0.28674799170197746,0.0,0.008714365357227919,283.3306377504281,-0.0014381827944416111,0.002476649297787295
2003-06-16,-0.015660436308316594,0.012430476603534938,0.2594587250617938,0.0,0.009837805888073594,282.2813649509811,-0.0011292565613985064,0.007198361070919165
2003-06-17,-0.018761208291444405,0.01088916623996476,0.23200233014065447,0.0,0.010234878835199917,281.94089215309157,-0.0010955438522969262,0.0020253996727830274
2003-06-18,-0.021792957127767767,0.011140973891242079,0.20556686602518834,0.0,0.009506247222086804,281.6706578278048,-0.0014284993863880298,0.001979240606728661
2003-06-19,-0.026429955652878107,0.014918800127708307,0.17644907346104052,0.0,0.011144465140703708,283.5360671724079,-0.0014417467922982524,0.0025267157345841835
2003-06-20,-0.023425375884872375,0.013835790803876976,0.14594321960334278,0.0,0.010504255123899483,283.88016544852104,-0.0013828219709086556,0.002077736206878897
2003-06-21,-0.025662634332301256,0.01072632121500996,0.12431286598104992,0.0,0.004617134730021159,280.529076531333,-0.0017868495193746805,0.0009853270429203871
2003-06-22,-0.027814316421242085,0.009437793476433403,0.11419827161311207,0.0,0.00200053477017893,278.5544096700665,-0.0018225240989425092,0.00067661822160387
2003-06-23,-0.011448352139885144,0.00911515925900411,0.1072979655867467,0.0004987991967443692,0.0014987795871529875,275.86220662966514,-0.0015546357637997402,0.006861201029712872
2003-06-24,-0.0028512399159582326,0.007592713765505345,0.16752000941619588,0.02232565101509714,0.0006134174764156342,273.25171457710917,-0.0007563944232497512,0.027776475612721615
2003-06-25,-0.011842157165546202,0.006920277398858367,0.27197426546315917,0.0031341882790886077,0.0021084040445459766,273.2454657186447,-0.0009816133359310318,0.005536839955270627
2003-06-26,-0.016615678572048577,0.006486660174730808,0.25230163459274957,0.00017049026775494807,0.006323947660667076,275.5864706452508,-0.0012231475047472509,0.0020530184951538153
2003-06-27,-0.022584647529542787,0.0064160800249563115,0.20672113163547554,0.0,0.008097162733306993,278.86426869983285,-0.0014338340810210691,0.0003343281538514406
2003-06-28,-0.014529001662286663,0.00968955339348249,0.16494848678790022,0.0,0.008765864254391126,279.9575468375858,-0.0012722385015949019,0.01017481991716092
2003-06-29,-0.01853595943437458,0.007236082001594501,0.1312515632356403,0.0,0.009042125679342088,280.6547323252073,-0.0014080692208924535,0.003005025868259635
2003-06-30,-0.03028854264714624,0.007992494746116595,0.0972254406485405,0.0,0.010689670525196582,284.8349398417213,-0.0016557224789413355,5.578595530653724e-05
2003-07-01,-0.03547330579515231,0.007937094501856357,0.06335288297434087,0.0,0.00825385246320633,287.6282349638571,-0.0022956514573198254,0.0002702011563683634
2003-07-02,-0.03509370561710186,0.00726314023726404,0.03826042218396893,0.0,0.005365828231061246,287.343708674113,-0.0026155007782123862,1.3330393591843084e-05
2003-07-03,-0.03815435975958399,0.007286244277226723,0.023708307585922784,0.0,0.003079300883126125,286.06312885392185,-0.002763463421014406,7.702867965993695e-06
2003-07-04,-0.03592460989783713,0.0069163501431039505,0.014690966704919964,0.0,0.0021324315566127582,284.3249843870404,-0.002883140844855942,0.00016501263032018792
2003-07-05,-0.03649564041087857,0.006506216391331732,0.008020318385122412,0.0,0.0014789048898018015,285.2366799607789,-0.0029293972114890314,2.0955143674069344e-05
2003-07-06,-0.03268461510286493,0.0060645132246664015,0.004145333097928437,0.0,0.0008049367763901835,284.6490216443768,-0.0026917998905235767,8.292449217463681e-05
2003-07-07,-0.030631714032194713,0.00564830569224169,0.0021177245174199624,0.0,0.0005722703612120139,284.8641532387886,-0.0026489616934694143,0.0004605614026938723
2003-07-08,-0.03881529007254348,0.005267268520290569,0.0008786303848870057,0.0,0.0002402735632018181,287.04064922727883,-0.0030035450423167927,0.0016723637945986768
2003-07-09,-0.03720270867569972,0.004889311595151654,0.0004956376530131828,0.0,8.523523134026824e-05,284.9126798733929,-0.002699732317426111,6.660042533560744e-05
2003-07-10,-0.03438969899368825,0.004572874240282566,-7.27919033709973e-24,0.0,4.202763071167941e-05,286.18172257633535,-0.002766291089987351,0.0
2003-07-11,-0.03197844978948098,0.004305464820673237,-7.27919033709973e-24,0.0,1.8328533502621842e-05,286.53240346818774,-0.002660946383819742,0.0009433585539367373
2003-07-12,-0.03502896857463708,0.004055449939043509,-7.27919033709973e-24,0.0,6.386431428672232e-06,288.1079978008953,-0.0030111419194835728,0.00031183567429962823
2003-07-13,-0.04141923389529104,0.0038316975542380992,-7.27919033709973e-24,0.0,2.0663785395649197e-06,290.40038113854473,-0.002878183614736223,4.164748272653354e-06
2003-07-14,-0.046986001233259835,0.0036314327669682484,-7.27919033709973e-24,0.0,6.922304967028947e-07,288.036482317075,-0.002876779085582933,4.261732087229575e-07
2003-07-15,-0.038296487624362364,0.003452352127112911,-7.27919033709973e-24,0.0,2.574238736750716e-07,288.6998139002454,-0.0026529778510668857,7.770827001661667e-05
2003-07-16,-0.04078353684669161,0.003293392685173595,-7.27919033709973e-24,0.0,8.662878456762281e-08,290.10027769774814,-0.0025238391895920547,0.0003773348816320823
2003-07-17,-0.034491743113698264,0.0031538199906968804,-7.27919033709973e-24,0.0,3.0938851631293866e-08,291.4871056371714,-0.0022723985530730697,0.001189885281326901
2003-07-18,-0.03710138844063053,0.0030450397460474133,-7.27919033709973e-24,0.0,8.250360435011697e-09,290.58903538978706,-0.0031988890473283616,0.0037946396964182016
2003-07-19,-0.03395824647892667,0.0029218353457370052,-7.27919033709973e-24,0.0,2.062590108752924e-09,289.7676204027654,-0.0029700725618223684,0.0034723634406344066
2003-07-20,-0.0339973579018803,0.0027849663280497838,-7.27919033709973e-24,0.0,0.0,290.0524266955992,-0.0028626070920862046,0.00139733255721567
2003-07-21,-0.03974640676699116,0.0026669882785129015,-7.27919033709973e-24,0.0,0.0,289.8403003750099,-0.0027375639242641,3.4969977221762592e-06
2003-07-22,-0.035990315684154214,0.002566242790491568,-7.27919033709973e-24,0.0,0.0,288.03997143962744,-0.0025448641071548575,4.351138613856165e-07
2003-07-23,-0.04150872475514978,0.0024720586120745556,-7.27919033709973e-24,0.0,0.0,290.7637249862183,-0.0024141045024166003,4.781184895489846e-06
2003-07-24,-0.043291980853188514,0.0023837860694712843,-7.27919033709973e-24,0.0,0.0,291.52389233978903,-0.002426487514696553,7.430476655993755e-06
2003-07-25,-0.03822190558674646,0.002303927294952048,-7.27919033709973e-24,0.0,0.0,291.223829387945,-0.0023951505410805935,0.0005230546671118441
2003-07-26,-0.023186051197307937,0.0026362380065486934,-7.27919033709973e-24,0.0,0.0,287.86857463096726,-0.002965084108718708,0.012728701001403001
2003-07-27,-0.01963299310813516,0.0032084235700510317,-7.27919033709973e-24,0.0,0.0,286.4329723171371,-0.0031210052817638987,0.015018831403870019
2003-07-28,-0.024988111887274494,0.003250443665994763,-7.27919033709973e-24,0.0,0.0,285.9631273301981,-0.0026127862412545643,0.0072686285405734324
2003-07-29,-0.026892048027892572,0.0020903471836262503,-7.27919033709973e-24,0.0,0.0,286.17601298028694,-0.00343038450063622,0.005956534354011041
2003-07-30,-0.029803139594315135,0.002069348080010064,-7.27919033709973e-24,0.0,0.0,285.49124705858827,-0.0028372203173526265,0.0020707393601789316
2003-07-31,-0.03556504534126002,0.0019177307011717458,-7.27919033709973e-24,0.0,0.0,287.6699175825676,-0.0027445421506792815,0.001086821697423741
2003-08-01,-0.030628797698155637,0.0018703557003689351,-7.27919033709973e-24,0.0,0.0,286.1975784158078,-0.0030725998172568066,0.002020816769522676
2003-08-02,-0.033674025055715595,0.0018142916388430841,-7.27919033709973e-24,0.0,0.0,287.47812815305207,-0.0028037471475742632,0.0013282234496537289
2003-08-03,-0.03434741484411692,0.0017544704641999497,-7.27919033709973e-24,0.0,0.0,289.5453210352954,-0.002625780411611843,0.0005686393237812095
2003-08-04,-0.022777958104839433,0.0017437756398303362,-7.27919033709973e-24,0.0,0.0,285.50489187510004,-0.0030145377741526754,0.004527774918184577
2003-08-05,-0.03019687175582358,0.0016602217140844315,-7.27919033709973e-24,0.0,0.0,285.5009900073323,-0.002387379632873387,6.12383845162257e-05
2003-08-06,-0.03492196708244119,0.0016202440032851225,-7.27919033709973e-24,0.0,0.0,288.3412395879599,-0.002638769467587525,0.0005200473265459309
2003-08-07,-0.04159182390082354,0.0015834293796517756,-7.27919033709973e-24,0.0,0.0,290.3641669673884,-0.0027000899558181817,0.0009659300849667016
2003-08-08,-0.03867130057286409,0.0015373789826355413,-7.27919033709973e-24,0.0,0.0,289.82733865511625,-0.002512583035533711,0.00021855945641038107
2003-08-09,-0.03702718848730885,0.0014998323499819655,-7.27919033709973e-24,0.0,0.0,288.8906469291213,-0.0024079362372473137,0.0003123580735728161
2003-08-10,-0.03779981310589839,0.0014608381158214506,-7.27919033709973e-24,0.0,0.0,289.38545433590417,-0.0023283353022768,1.7113012518166215e-06
2003-08-11,-0.03926394900864801,0.0014291598466830069,-7.27919033709973e-24,0.0,0.0,290.7841024919643,-0.002403865994538291,0.0006620251085411766
2003-08-12,-0.03877374778191249,0.001391417815186883,-7.27919033709973e-24,0.0,0.0,291.60807653380425,-0.002269786356364267,0.00011356893901264591
2003-08-13,-0.03702337303235706,0.0013575579992121897,-7.27919033709973e-24,0.0,0.0,291.8001796054302,-0.0021597688365201494,7.873453662893866e-06
2003-08-14,-0.03801857558010662,0.0013506700426845228,-7.27919033709973e-24,0.0,0.0,291.8048543157775,-0.0024542104095052197,0.0034245143165696143
2003-08-15,-0.03585053630972987,0.0012978865938671567,-7.27919033709973e-24,0.0,0.0,291.12814510295175,-0.0023682248689192165,0.0003632057858052227
2003-08-16,-0.039996566282490556,0.001266185004832381,-7.27919033709973e-24,0.0,0.0,289.8245811462403,-0.0022475963384754917,0.0
2003-08-17,-0.018784741223868678,0.001572805272657319,-7.27919033709973e-24,0.0,0.0,286.3738899769756,-0.0026723220523467844,0.016046139527298182
2003-08-18,-0.009870261206465253,0.0013227807936695337,-7.27919033709973e-24,0.0,0.0,281.9394434266172,-0.0030142464753934897,0.011389123562298794
2003-08-19,-0.021842305606367896,0.0017792109378987114,-7.27919033709973e-24,0.0,0.0,284.1870109500633,-0.0028166419137164024,0.005066879506062706
2003-08-20,-0.028765936524181045,0.0011779680258810184,-7.27919033709973e-24,0.0,0.0,286.94999865803123,-0.0024985403853789562,0.001433717606858596
2003-08-21,-0.03268427654343137,0.0011413655543731432,-7.332800864049688e-24,0.0,0.0,288.04832202386945,-0.002482467388871026,3.1480806860843916e-05
2003-08-22,-0.032158022125562034,0.0011355845773287413,-7.3453647229951e-24,0.0,0.0,288.8175271603572,-0.0026398320961217425,0.002170608424129271
2003-08-23,-0.032997728572726925,0.001097086880166652,-7.3453647229951e-24,0.0,0.0,288.01941921212585,-0.0023964635270126797,4.790192943508343e-05
2003-08-24,-0.03397607900160181,0.0010756017629709623,-7.3453647229951e-24,0.0,0.0,287.2308602234289,-0.0021747269241486566,9.75783770735365e-06
2003-08-25,-0.032021815325580745,0.0010576749925559523,-7.3453647229951e-24,0.0,0.0,287.00771686676086,-0.0021244720845235944,0.0003945805218936225
2003-08-26,-0.034188721981425745,0.0010354673795107394,-7.3453647229951e-24,0.0,0.0,287.2792885056548,-0.0022061931779660754,8.108521580436799e-06
2003-08-27,-0.025311739768012098,0.0010781049054894745,-7.3453647229951e-24,0.0,0.0,287.2002921346891,-0.0021052233148681912,0.0062908265213281024
2003-08-28,-0.027145767321357622,0.0010211463533552354,-7.3453647229951e-24,0.0,0.0,283.9546204762719,-0.0022920172366887163,0.0022133987501507563
2003-08-29,-0.014832669648073487,0.0009995884141006039,-7.3453647229951e-24,0.0,0.0,280.7074031398795,-0.0017310225610005653,0.002244685385434523
2003-08-30,-0.004334095170942404,0.001074015504896304,-7.3453647229951e-24,0.0,0.0,278.74274440628886,-0.0020175091606580604,0.010870854523759745
2003-08-31,-0.015403816171285124,0.0009542271747427474,-7.3453647229951e-24,0.0,0.0,280.34804780245275,-0.0019111107603388992,0.0005342020320677351
2003-09-01,-0.024707208961080022,0.0009346471331213829,-7.3453647229951e-24,0.0,0.0,283.0506142510308,-0.0018739661959520841,1.3145288745288854e-05
2003-09-02,-0.025350842561762215,0.000943496570748798,-7.3453647229951e-24,0.0,0.0,283.94220362948835,-0.0017779284014792765,0.0021995781937956937
2003-09-03,-0.024140610701620244,0.0009084054305728546,-7.3453647229951e-24,0.0,0.0,283.51364077192693,-0.0019928972620916908,0.0005565568888473511
2003-09-04,-0.026449594625645438,0.0008908335940312531,-7.3453647229951e-24,0.0,0.0,284.9362365952544,-0.001995573683226176,9.709296916708414e-05
2003-09-05,-0.027717992663383487,0.0008768983143197615,-7.3453647229951e-24,0.0,0.0,285.63255733554644,-0.0018571935183668545,0.00012477209531559213
2003-09-06,-0.02078102508002082,0.0009102711906540865,-7.3453647229951e-24,0.0,0.0,284.5749263045029,-0.0019973889572051286,0.00488020814637528
2003-09-07,-0.017126593801934844,0.0030631896129435744,-7.3453647229951e-24,0.0,0.0,283.01900149199923,-0.002212025325134986,0.013368896918787333
2003-09-08,-0.02193886816164868,0.000855881615547137,-7.3453647229951e-24,0.0,0.0,283.39863127009795,-0.0018326349682727104,0.0018183329011037628
2003-09-09,-0.022213843203870594,0.0008364231404611621,-7.3453647229951e-24,0.0,0.0,278.72350255962596,-0.002006059965003008,0.0012711379500113659
2003-09-10,-0.009689912368348763,0.0009737676483089641,0.021534720383121472,0.009426042648021785,0.00037589385095289205,276.17254788098813,-0.001622860041041832,0.021784508295651886
2003-09-11,-0.012321849874520705,0.000838722044465232,0.05767006164665725,0.00010820074101625864,0.0020646430699333635,274.72087985827204,-0.00135461145243739,0.0007452660696854522
2003-09-12,-0.010013677390281764,0.0008736272989693335,0.04333105284839925,0.0019094501174775898,0.0013202381672832253,276.2698027005528,-0.001386841117157101,0.006604697980301906
2003-09-13,-0.008356068178085284,0.0008086940999758445,0.05736844912311676,0.0024218884859718176,0.0005170984540955495,271.56914095330825,-0.0011233338496863506,0.0041115383820573255
2003-09-14,-0.016041797727851546,0.000797133745446717,0.06713315457274012,0.0014733533232899037,0.001260292984671512,272.8433352576362,-0.0015939269583188208,0.0017152341071600295
2003-09-15,-0.022192000290431547,0.0008077461503993321,0.05434956523658192,0.0,0.0025159284514559193,277.751034925213,-0.0017309289972829282,4.410743663640915e-07
2003-09-16,-0.022546455811309277,0.0008028276727697944,0.03690500492879002,0.0,0.0019403117272139944,279.0253378370612,-0.0018447768258846413,0.0013484122221079252
2003-09-17,-0.008178554475307465,0.000760348334824298,0.046244878104402073,0.009492615879760625,6.70267700475488e-05,273.34175069992153,-0.000978569815850864,0.010602692880827479
2003-09-18,-0.011624681537097458,0.0007472681460407495,0.08993110728578156,0.00010783528372392817,0.0001463168800550666,268.4681176151484,-0.0010500958631351844,0.00010954741844060752
2003-09-19,-0.015814488385356755,0.000782005783528258,0.07844799206979755,0.0,0.0028609308798266003,273.37091405333325,-0.0012195741778797352,0.0
2003-09-20,-0.010598581978830242,0.0007972929437281722,0.059810085260710924,0.0008651058973565615,0.002130105828413856,275.4227997659515,-0.0013166656401955475,0.0037927055794676375
2003-09-21,-0.012326377301903094,0.0007849759974722135,0.05251575189795198,0.0007561771462192645,0.0012579954592353208,273.92298573783114,-0.0015225229037683563,0.003918832102744253
2003-09-22,-0.01562370806090576,0.0007603289717334813,0.04348530742408192,6.97386971974777e-07,0.002413664581411976,275.91015347698095,-0.0014175151259043799,0.00011990058546556572
2003-09-23,-0.02235574220533425,0.0007387788619025278,0.027229495865701506,1.66270018970899e-09,0.0015520718432752427,280.28012636331965,-0.0015435962921987148,4.410743663640915e-07
2003-09-24,-0.01423168131860636,0.0007211064214760302,0.01825100598811205,0.0,0.0008513668162674554,277.57317653303994,-0.0010018427987809238,4.893319931135797e-05
2003-09-25,-0.02206443296482334,0.0007147930436215158,0.012087489701035781,0.0,0.0008284206065417684,280.24457815856357,-0.0014900523632512255,8.559461831041028e-07
2003-09-26,-0.017902808463842856,0.0007051150340818416,0.007149044403248588,0.0,0.00038698599752733266,279.2618582378897,-0.0012231167868874168,0.00037421567281631406
2003-09-27,-0.016917359147031432,0.0006933509461623802,0.0048862608139124296,0.0,0.00018526187513844442,276.5373827364934,-0.001124381303450482,4.351138613856165e-07
2003-09-28,-0.01525487014129337,0.0006880866268933831,0.003432221780838042,0.0,0.00017268265371268754,276.1348423320246,-0.0010274906227059958,3.6561051281259457e-06
2003-09-29,-0.010696776295449103,0.0006849405455723995,0.002702558556967985,0.00031872291517796495,3.7225878844826906e-05,274.6648772683297,-0.0007891637341535024,0.000795382264691796
2003-09-30,-0.014174224082696236,0.000685129461988891,0.012547035001765537,0.0016910355054052537,0.0005820697899592125,274.97677919420147,-0.001046581320085768,0.001777288080809188
2003-10-01,-0.01898033710691215,0.000678365850179209,0.010696899643950094,0.0,0.0004988133402194008,276.91112823270817,-0.0012059800831948299,4.351138045421976e-07
2003-10-02,-0.01900612613407232,0.000675722114783896,0.007071802171610171,0.0,0.0003907271571415293,278.4327624010276,-0.0012248934662274721,0.0004392034758282247
2003-10-03,-0.019873465395579906,0.0006640104755843427,0.005090171109934087,0.0,0.0001803303800397,277.2967973267291,-0.0011193869204002586,2.1394408804553677e-06
2003-10-04,-0.020191600093733796,0.0006590483889067915,0.0036404999411487754,0.0,0.00016449523384624956,277.61091989851275,-0.0011799142111913634,8.756193778935994e-07
2003-10-05,-0.01937506794087631,0.0006536123274409839,0.0022765768449858757,0.0,0.00011726502476438965,279.12494571419984,-0.0011647254396966625,8.52346317969932e-07
2003-10-06,-0.019186632823472646,0.0006497260709266879,0.0014496711687853106,0.0,8.805637053177182e-05,279.0958985150871,-0.0011631814594575242,0.00016248606692457606
2003-10-07,-0.020470063901890472,0.0006433871001173548,0.000849434660428437,0.0,5.016159160999255e-05,280.1314853768789,-0.0012023356916793322,1.1174692272466457e-05
2003-10-08,-0.018735551817268974,0.0006415423868739673,0.0005406956214689266,0.0,3.0391917979649903e-05,279.3535266416446,-0.0012028194322003484,0.00041854489228784346
2003-10-09,-0.021654831150830802,0.0006338071688420355,0.000382992731873823,0.0,2.6498347689202956e-05,281.3863478658788,-0.0012881999551239663,1.2755393754559918e-06
2003-10-10,-0.010322438416171208,0.0006523735947528128,0.0030627924170197737,0.003578818240071421,0.00010190480046689849,277.19113015140744,-0.0014053874591228653,0.006287982835498957
2003-10-11,-0.012699401311281711,0.0006280405878347192,0.038445021922080984,0.00239693882775172,0.00019962700494265156,269.24859912606513,-0.0007120023171106974,0.002491987542912526
2003-10-12,-0.01696657124212233,0.0006235771428393779,0.034981075653248594,1.7985154343190168e-06,0.00022143715897859155,273.57181199571284,-0.0009412702783352912,2.9021063766910535e-06
2003-10-13,-0.009971856818360797,0.0006178818685186784,0.05270517927554144,0.006078426426244995,0.0,270.6746443409031,-0.0006774375741343715,0.006426383984285974
2003-10-14,-0.010313769939255582,0.0006191491407189667,0.0731256344897599,0.00040961534710927194,0.00046313394092570596,268.5394266203972,-0.0005451660487527228,0.00042688240439204845
2003-10-15,-0.00926544188948001,0.0006100954645771092,0.0694646745527307,0.0006854979921195468,7.920792210573532e-05,268.98315486800203,-0.00047811444869822703,0.0007438638391615165
2003-10-16,-0.012887702149859931,0.0006054122905946721,0.07352954699270246,0.0013543057365942809,0.0,271.08031531870927,-0.0007708967363430283,0.001433674359714325
2003-10-17,-0.012169755826898889,0.0006610627396632051,0.06852673316854992,0.0,0.0043604162200696055,278.285370957829,-0.0007969569730556618,8.583068051848386e-07
2003-10-18,-0.015990888499944227,0.0006283634463272527,0.04033147951977402,0.0,0.0022059040365077684,279.60960507437784,-0.0010047153396121528,0.0
2003-10-19,-0.016685459531296448,0.0006104365075375402,0.026761674611581923,0.0,0.0012093758957702563,281.14447004242805,-0.0011033142185480583,8.52346317969932e-07
2003-10-20,-0.0165993457207572,0.0006028799350652318,0.018340662149835218,0.0,0.0009664090529168394,280.4620844666792,-0.0010774898116534715,0.0
2003-10-21,-0.01602944676990563,0.0005975041517430107,0.011324952551200565,0.0,0.0008683917507276696,282.06444595897267,-0.000967399990659649,3.008750354638323e-06
2003-10-22,-0.018496565268201343,0.0005876338582927899,0.006032020583215632,0.0,0.0004658987061620433,281.801441171075,-0.0010093855908361532,8.52346317969932e-07
2003-10-23,-0.018423128346938874,0.0005794521947365023,0.0034400379590395483,0.0,0.00016818241884479414,281.7164237961706,-0.0009318834254886472,2.400652836945098e-05
2003-10-24,-0.0143913005789121,0.0005784386632132664,0.0030977353313323915,0.00024985269469729926,1.289118817970578e-07,271.1824409786591,-0.0008884325497231243,0.0009532784673663854
2003-10-25,-0.0175889074634024,0.0005694615133738114,0.00455177436440678,3.478221469006297e-05,0.0,267.23336137530947,-0.00026265185031682084,4.022800231565518e-05
2003-10-26,-0.005976158094271428,0.0005747662425714697,0.00699318061440678,0.0008882564508308799,0.0001457128358089318,272.8263654619063,-0.0005249174332803925,0.0017936605027371298
2003-10-27,-0.008933304014515744,0.0005681013825249538,0.009120790298375706,0.00047237775420064986,4.443371573747215e-05,274.7727753626649,-0.0004695916211621909,0.0011716275733288264
2003-10-28,-0.005054693648033897,0.0005693285815459861,0.03656132297551789,0.0062373208755490475,0.00011676659355055816,271.9971296055394,-0.0009181777825631666,0.007670902666981584
2003-10-29,-0.005550509708075874,0.0005828137956770127,0.06472646134945857,0.006340490222650733,6.398818545085564e-05,273.3218627865032,-0.0010332814759790561,0.009230584478556748
2003-10-30,-0.0029102020007742333,0.0005528316491067747,0.12101282956685501,0.006564591627168118,0.0,260.5088529101873,-0.0004075004450850568,0.006569767941087033
2003-10-31,-0.003013716789625459,0.0005496566073369172,0.21922149945562616,0.0036066389395355506,0.0,257.02281849173283,-0.00033041947431820264,0.0036103950213577794
2003-11-01,-0.004564658649223673,0.0005474117516124316,0.20229809432379944,0.00017422210361997962,6.492084449967422e-05,259.9521747991415,-0.00044743065317135074,0.00017697018291357514
2003-11-02,-0.006131347121491944,0.0005486658063985534,0.1723487983315678,0.0,0.00039652135160009745,259.4984962441827,-0.00045447533497702607,0.0
2003-11-03,-0.003633878535806796,0.0005489835294626527,0.1505237299170198,9.410041200239108e-05,0.0006427496124458852,261.7275610850131,-0.0003517840141798817,9.530644586423628e-05
2003-11-04,-0.0017211547931708859,0.00053742713173904,0.1509600565707392,0.0024132405507699245,0.0,261.068278975406,-0.00023438191136061139,0.0024195051153546084
2003-11-05,-0.0033904848630818946,0.0005348653948239688,0.19218372984345575,0.0014377505765796382,2.965164807556713e-05,256.46928570993424,-0.0003779975350125362,0.0014422660829875966
2003-11-06,-0.004866296162376297,0.0005325340786896184,0.1716092499411488,0.0,7.35170044804697e-05,257.161837468264,-0.00040860415704674645,4.351138045421976e-07
2003-11-07,-0.006905455457962166,0.0005360515946048802,0.16117947968161492,0.0,0.0005294445291750849,260.41718612642165,-0.0005088008014159014,1.7046928064701206e-06
2003-11-08,-0.008299671450240464,0.0005373683689677783,0.1528205368702919,0.0,0.0008144727302978268,262.3465428038057,-0.0005206865137495565,4.351138045421976e-07
2003-11-09,-0.00668089946279418,0.0005313011549286924,0.14362457332862524,5.955177511872545e-05,0.0006049469239630943,264.7292842146592,-0.00046761742251067513,6.439797396596166e-05
2003-11-10,-0.006226979701195733,0.0005275220689127001,0.1359454081332392,1.479441163230077e-05,0.000525922835462511,267.66829588004657,-0.0004130770205020232,1.5511655831721075e-05
2003-11-11,-0.003953016242064999,0.0005174449271401443,0.13043431283839457,0.0011285707186170892,0.0,264.8831960746349,-0.0003164603064457576,0.0011495304140317776
2003-11-12,-0.006228123891488307,0.0005147336734890264,0.1540931945915725,0.002684903431073421,0.0,263.39954450934175,-0.0004612646344522972,0.002796809745870317
2003-11-13,-0.008429582467523672,0.0005374101258940617,0.15233363494585686,0.0,0.0017395077304819884,266.8779384986605,-0.0003830473606953514,1.2814997489840607e-06
2003-11-14,-0.00529183569432652,0.0005093875241144902,0.1409079916284134,0.00041083955747933036,0.0,269.23276512950605,-0.00040764402661283143,0.00045590801427593345
2003-11-15,-0.005822342667875991,0.0005218979329039148,0.1377900261887947,5.029352371302028e-07,0.001023975174642552,266.27136471132326,-0.0003233989279738254,1.3608249821508597e-06
2003-11-16,-0.00538293011276062,0.0005101553127590546,0.1291644137682439,1.2160862906504488e-06,0.00040847735511044325,265.5773998375442,-0.0003376541354056806,2.6518342170944295e-06
2003-11-17,-0.003279011970185965,0.0005016001941120558,0.1316426020333098,0.003930427344505397,0.0,265.65702014858437,-0.0002941089645449051,0.003980357615771507
2003-11-18,-0.005429883755869785,0.0005053781856924801,0.16886462195444918,0.0025200269021893626,0.00041980253227349735,264.6212411366838,-0.00034542122887352766,0.002533219949333218
2003-11-19,-0.010620272681537994,0.0005051058396107733,0.1615601735375471,0.0,0.0005656748504961952,270.29433484625235,-0.0006230504615074498,8.52346317969932e-07
2003-11-20,-0.015278085350653548,0.0004941026369730631,0.16702896951506593,0.008468447516193498,0.0,269.3938700465833,-0.0008507875125792067,0.008471161211277806
2003-11-21,-0.0010368727610609628,0.0004916614563451649,0.2740062419079567,0.006275849595750119,0.0,260.83784017544906,-0.0001334636498474132,0.006281409391575615
2003-11-22,-0.0012208584927569676,0.000489256728840413,0.29015814427377595,0.00044036635571280446,0.0,252.52962386495878,-0.000122941230650002,0.000448646771032258
2003-11-23,-0.0015797195377322915,0.00048691160598043676,0.2671680055320151,0.00024315563298888128,0.0,251.3782042056154,-0.00011802270040336976,0.0002454384572088382
2003-11-24,-0.003346936766710659,0.00048454493115850767,0.25277658236228817,1.4582554162558862e-05,0.0,262.01783206099174,-0.00021508010367384068,1.4702984168704624e-05
2003-11-25,-0.003955176868344431,0.0004822197607008078,0.24710755429025422,4.792899566855134e-05,0.0,257.92418216985504,-0.00033643965393641577,4.9154233119322746e-05
2003-11-26,-0.0029147703432093907,0.00047993929372668943,0.2444059152836629,0.00017553346894555176,0.0,258.23487076696483,-0.0002111055346279495,0.00018218883686819997
2003-11-27,-0.0021911373751311654,0.0004776455251510535,0.2562202985228343,0.001692575481483492,0.0,256.85759332444934,-0.00016693551472183005,0.0016975686932336415
2003-11-28,-0.005325064484008962,0.00047986184136342196,0.2574596225429614,2.682209014892578e-07,0.0002894405759660538,261.68703337128784,-0.0003174467822589443,4.963650673158493e-07
2003-11-29,-0.007675915072530003,0.0004828164806473727,0.24763284744291433,0.0,0.000623924247289108,270.8100800415441,-0.0005590130106709099,8.52346317969932e-07
2003-11-30,-0.003704381569967432,0.0004730811395214103,0.23586467161016952,4.891916520177982e-05,0.00014342119296391806,269.7518465864681,-0.00031517021421153667,5.2421493764327844e-05
2003-12-01,-0.0038529226587990587,0.00047094724272604043,0.23436051708156783,0.0010434645675333207,0.00014334357222594785,268.76377403848363,-0.0002815427237563888,0.0010468751022581326
2003-12-02,-0.0031196390420703563,0.00047529652967291365,0.2321253200035311,0.0006164661740179117,0.0005597367377604468,268.20921705357324,-0.0002914995775889542,0.0006293874675831013
2003-12-03,-0.003726244604183456,0.0004693405271249976,0.22910942465572035,2.026684203390348e-06,0.00031460912129973294,266.5069937840693,-0.0002283768328485516,3.3281279472844627e-06
2003-12-04,-0.0029761262953618152,0.00046231820758453206,0.24099438338629947,0.0029805589277865524,0.0,262.8952057186493,-0.0002590607493947455,0.0029839901655675976
2003-12-05,-0.004516061121797831,0.00046368347386182375,0.25087012454390306,2.4527984823884266e-07,0.00022101920034925816,260.82853922511674,-0.0003227742736117315,2.4321725813008974e-07
2003-12-06,-0.006307518204389993,0.0004648961084710676,0.24182680636475992,1.6943041214161675e-05,0.00043740287675695906,270.8867846666756,-0.0004676968901086662,7.696853850224586e-05
2003-12-07,-0.003405990110615553,0.00046223629329164155,0.2331984352930791,0.0005471794787099806,0.00038983783353183234,268.40607918633356,-0.0002218224108219147,0.000823997962957641
2003-12-08,-0.0013037622816818582,0.00045398475423371053,0.258750671271775,0.004064913797008116,0.0,264.1302157041044,-0.00016383073782011616,0.004129981539914891
2003-12-09,-0.001667830356433567,0.0004519477570797764,0.2772851286634887,0.0010431549475017916,0.0,258.71469789350556,-0.0001484715658645172,0.001047138771811126
2003-12-10,-0.0018924548801055737,0.0004499091603661661,0.2821465616172317,0.0005820033240452998,0.0,258.8819236288412,-0.0001283866474352314,0.0005840817803507859
2003-12-11,-0.0015133655088096015,0.0004479368190980901,0.2953119942472929,0.0019678292469789754,0.0,260.58263751028176,-0.00015304912681465095,0.001971257776863831
2003-12-12,-0.0024678030677434417,0.00044591152398599745,0.29967250213335694,2.16212270960296e-05,0.0,258.63634820352615,-0.00013264795859991495,2.333266247165934e-05
2003-12-13,-0.00329639893130394,0.0004439623342395502,0.2950444050876883,3.240510063656306e-05,0.0,263.0571457958042,-0.0002657511287321479,3.7517352287792884e-05
2003-12-14,-0.004565612365633755,0.0004438402625800526,0.2902055011181733,0.00020975811080744042,0.00011307485191162024,267.46676252476465,-0.0003113003900158877,0.00021327114374624135
2003-12-15,-0.002888107325060893,0.00044006900598773853,0.3234162124087806,0.006141316019377467,0.0,261.5149304592901,-0.00030380005469429967,0.006168397850648693
2003-12-16,-0.002730449924697984,0.0004381586687039521,0.3349145002059793,5.823020207679879e-05,0.0,259.67416736365715,-0.00012129599407399442,6.079744479917528e-05
2003-12-17,-0.005091253941678732,0.00043624433252097524,0.3292312191031074,0.00016331327500316382,0.0,265.6702203265691,-0.00037403846170100787,0.00016512173707072998
2003-12-18,-0.003950078524438675,0.0004382934105598321,0.3224362015948682,0.0,0.0002399826959028083,262.76986364231726,-0.0002442800182070436,8.642672355563263e-07
2003-12-19,-0.005118289530950751,0.00044561097514157923,0.3143547331096987,0.0,0.0007999661657433051,266.8507684035939,-0.0002191316673142762,4.351138613856165e-07
2003-12-20,-0.006106093567980212,0.00044714360587340965,0.3011058512829567,0.0,0.0010088545685939198,270.7578599825642,-0.00035402277684481136,4.074027937334041e-06
2003-12-21,-0.0029443381196361477,0.00043120542488529187,0.290007797787194,0.0018266632226900867,0.00014631568038530942,266.7186511555185,-0.0002849347636861316,0.0018323689530748534
2003-12-22,-0.0025987873895693633,0.00042711063630163337,0.305918088291549,0.00048738347608490856,1.0782042465641e-05,263.1822277363636,-0.00018071121204707587,0.0005003938566825887
2003-12-23,-0.004283527617400649,0.0004369350476453533,0.3000141150982816,0.0,0.0006994462787768262,265.5123808478232,-0.0001855666438738505,0.0
2003-12-24,-0.0039550153549108135,0.000425589623424293,0.2901169943944209,0.0,0.00013456909291151552,266.99006149234526,-0.00034828929199000536,1.276492071156099e-06
2003-12-25,-0.003614433278134987,0.0004263659991786979,0.2837583035399011,0.00029572806621001944,0.00029974455003347776,266.92255793138634,-0.0002708601275995627,0.0002979777627072092
2003-12-26,-0.0010494111621447203,0.00041976436383306647,0.3110443517537665,0.01091942106936611,0.0,265.9412422898575,-0.0001305984806711391,0.010933258203383787
2003-12-27,-0.0008101488995013264,0.0004179708364993166,0.4146199774158428,0.010406214533384238,0.0,261.8294775903562,-0.00018129482507537315,0.010412929152330679
2003-12-28,-0.002548452361492114,0.0004162337146909898,0.4940197041254709,0.0056700174207404514,0.0,258.4878146607997,-0.0001910848879797311,0.005672888735593376
2003-12-29,-0.0018131019031934147,0.0004145146931632091,0.48724146841160554,0.00025421275762514884,0.0,256.9018972472283,-9.129492639653427e-05,0.0002579398073369364
2003-12-30,-0.0016834330508264446,0.00041279087295639994,0.4915943900070622,0.0022034103124491914,0.0,259.5848502538074,-9.576232819739036e-05,0.0022077252299667082
2003-12-31,-0.0019484229259571788,0.0004110950029502481,0.5003025320739172,3.272673841250145e-05,0.0,261.5085618689011,-9.591459680748524e-05,3.7621186679464026e-05
2004-01-01,-0.002416265886382195,0.0004094108349859378,0.4898785090042373,8.04279125848059e-05,0.0,262.7750976404452,-0.00010747946062162098,8.479340395446199e-05
2004-01-02,-0.004264286261493878,0.0004077250674619513,0.48014483837982586,0.0002991951223315492,0.0,262.2606044991991,-0.0003246388182380779,0.00030325731988680566
2004-01-03,-0.0024484904051500526,0.0004060507494177522,0.47414477217219875,0.00018741921811117292,0.0,257.011226539109,-0.00020292594944689907,0.00019267507855372218
2004-01-04,-0.0012582644062527158,0.00040439798333550577,0.4692644884357345,6.854294215218496e-05,0.0,253.62837098547297,-8.539090427638448e-05,7.232619544207039e-05
2004-01-05,-0.0008536637839624436,0.0004027651696555359,0.490079660649129,0.0018144150995938794,0.0,247.12815107643718,-0.00010800062242032446,0.001818221246955448
2004-01-06,-0.001913018440459408,0.0004011555074971948,0.49613306077860175,0.0,0.0,248.13294920409473,-5.2976122094412985e-05,4.2705352143457276e-07
2004-01-07,-0.0018881875495452667,0.0003995325437373361,0.49158059675141247,0.00011579002027457718,0.0,262.28338257741126,-2.8218337371524448e-05,0.00011707422059048262
2004-01-08,-0.004561767613483688,0.0003979295323797539,0.49903585143008483,0.002318550385324295,0.0,265.6559208045571,-0.00027701350739278366,0.00232012943623408
2004-01-09,-0.0038655986220149673,0.0003963281205818478,0.491017831920904,4.0786330309291345e-05,0.0,265.4959157092423,-0.00015237821676468446,4.311380300285206e-05
2004-01-10,-0.004401509707930398,0.0003947533119869771,0.47922367879001887,0.0,0.0,269.1342771138624,-0.00017854138303779614,8.6177975341641e-07
2004-01-11,-0.005358594706503011,0.0003931899528718938,0.46617755782132775,0.0,0.0,267.0830887508931,-0.0002957040465063295,1.7166130419354886e-06
2004-01-12,-0.005207568533339742,0.00039160849347626424,0.4558912374205509,0.0,0.0,266.06247115988293,-0.00020137757568036097,8.463854896945122e-07
2004-01-13,-0.005332274835998729,0.0003900517851619398,0.4462545793608757,0.0,0.0,267.6213034326299,-0.0002414500340819359,4.351138045421976e-07
2004-01-14,-0.0053007044950447516,0.0003885001280886979,0.4368170039577448,0.0,0.0,268.1474724498397,-0.0002586604122303974,1.7176187725453929e-06
2004-01-15,-0.006520590287143901,0.00038693516941393837,0.42764908670256596,0.0,0.0,267.85737400450057,-0.0002602519162293882,2.157688129500457e-06
2004-01-16,-0.0033702159584578823,0.0003854298153839542,0.4188830129619821,6.418906699466167e-05,0.0,266.2550405297576,-0.00021250432851792732,6.7741638420719e-05
2004-01-17,-0.004076875451594423,0.00038387975787038857,0.41278294565089463,3.2921463756238e-07,0.0,263.9573778055482,-0.0001420892017372584,2.343656169704327e-06
2004-01-18,-0.004933552932267809,0.000382346201077693,0.40632977099517426,-5.387990488170904e-09,0.0,265.7962460383184,-0.0002574180542244076,0.0
2004-01-19,-0.002738167084543045,0.00038080599348423846,0.40483504185793323,0.0019567268505945048,0.0,265.3770231006285,-0.0001933110014951162,0.0019600123672162077
2004-01-20,-0.0012322549345129628,0.00037924928516991396,0.43846851643420437,0.0034890575807983593,0.0,264.0483089669725,-0.00011136338093691627,0.0034935996693056725
2004-01-21,-0.0030662560951238305,0.00037768592605483064,0.458855178172081,0.0005139973498670395,0.0,262.7331061821199,-0.0001394199944064442,0.0005165688903942048
2004-01-22,-0.003907830954271522,0.00037616727042332875,0.4523445316178201,1.690629343528532e-06,0.0,262.71155303121736,-0.00015678693471992086,2.979289249484632e-06
2004-01-23,-0.004876541215821175,0.00037462866238955055,0.4449226106403013,0.00019276234726447848,0.0,267.13210878533835,-0.0003294906194853244,0.00019557230206403335
2004-01-24,-0.00523672193962302,0.00037311985667815993,0.4387032316678437,0.00021889134399634975,0.0,267.68968103340563,-0.00033886836431289125,0.0002226074536627228
2004-01-25,-0.0021833410791758092,0.000371584574044761,0.45257671808792377,0.003957474572678745,0.0,262.4595098872643,-0.00030534160928537616,0.003965453323671373
2004-01-26,-0.0019430790496411296,0.00037005914133147333,0.492523825550259,0.0003512763328808176,0.0,255.21953059769396,-7.880978959765138e-05,0.00035478398623649683
2004-01-27,-0.002721772313454731,0.0003685452843790001,0.491433698578743,0.00021905209974380538,0.0,258.31107077805115,-0.0001203795568754444,0.00022263386434757596
2004-01-28,-0.004673802456950064,0.0003670314274265268,0.48650996608698216,8.087142207528239e-05,0.0,263.0347457533727,-0.00023253348861205378,8.735902565347273e-05
2004-01-29,-0.004687407764337831,0.0003655391224360062,0.48177152299611586,0.0006609130335056176,0.0,264.6991970579503,-0.00026280034628123214,0.0006658047436189919
2004-01-30,-0.0033234164623890897,0.0003640202142424503,0.47547651100517885,0.00023841367518834478,0.0,268.1283227593661,-0.0001886254229114554,0.0002438256814817748
2004-01-31,-0.00417568921874472,0.00036253110837128203,0.46869919484169026,0.0003686904654664509,0.0,261.4314987340665,-0.00039155047786774614,0.0004235209886587373
2004-02-01,-0.0028446367231466,0.00036103375213967885,0.46311867349340874,1.4970047494112437e-05,0.0,256.6074448350235,-0.00019798263128699558,1.7354919366567054e-05
2004-02-02,-0.0034487894446836357,0.00035955954742970445,0.4598830056055791,5.051563099279243e-05,0.0,255.8710801147921,-0.00014013478711331632,5.2087168806743944e-05
2004-02-03,-0.0039056809776920384,0.00035806884199886,0.45601882503531077,7.657656225107485e-05,0.0,258.8936597533145,-0.00014338653408369777,8.07144700286437e-05
2004-02-04,-0.004084416617781429,0.00035661618925083834,0.45140406147010365,4.7646041980571e-06,0.0,260.674290367888,-0.00016186195872934525,5.621089880443864e-06
2004-02-05,-0.0017248433777841475,0.0003551518344609751,0.45359718911840874,0.0013685534566135731,0.0,259.88456888073136,-8.016224887411474e-05,0.0013733708588067287
2004-02-06,-0.0034133500214350424,0.0003536776297510007,0.46339522826918556,3.467940088719298e-05,0.0,258.84821849758345,-0.0001392730716931618,3.940037083290065e-05
2004-02-07,-0.004401082078279075,0.00035222497700297906,0.45843816207627125,0.00013004481203138493,0.0,262.8616428123805,-0.0001637368636616206,0.0001309029462297621
2004-02-08,-0.0023889517632581423,0.00035073587113181075,0.49720433696739647,0.006311083180924593,0.0,262.29317857990156,-0.00023876208454202128,0.006323000081526277
2004-02-09,-0.0013289645230029265,0.0003492898691845479,0.5923012483815914,0.009186806420316804,0.0,259.67456389461313,-0.00012745319386828417,0.009195031671817424
2004-02-10,-0.0029434431659973274,0.0003478007633133797,0.649171301200565,0.0005210951433680152,0.0,261.17573506414556,-6.578238102170707e-05,0.0005258519324036694
2004-02-11,-0.001955924608276389,0.000346364611286228,0.6591456641360641,0.002671685701204559,0.0,256.67216807794665,-0.00023055397563398223,0.0026782580519345385
2004-02-12,-0.004913732535758261,0.00034493351050015903,0.6635955982962571,1.4875063114920578e-06,0.0,254.5754403080195,-0.00013081212712209777,1.5535091949721517e-06
2004-02-13,-0.008721826398103252,0.0003435056088334423,0.6512733933615821,0.0,0.0,266.2703318263627,-0.0002335515188968788,8.553266184208042e-07
2004-02-14,-0.010152266102995577,0.0003420761076070495,0.6332405507003297,0.0,0.0,265.4544164833601,-0.00032468175904898995,2.1338461806408304e-06
2004-02-15,-0.006630678424390695,0.0003406615075418504,0.6160484069709276,6.467670118067898e-05,0.0,263.98064352563546,-0.00028398695617577453,6.823472373773802e-05
2004-02-16,-0.005686076347437283,0.00033924850703632764,0.608882350885711,0.0007023135526368847,0.0,261.84957566773153,-0.0002810884909020306,0.0007074800587293656
2004-02-17,-0.0063314596559368285,0.00033782885573004605,0.6001337486022835,2.5186329911657647e-05,0.0,267.12551774996604,-0.00024903680876655097,2.803627370311694e-05
2004-02-18,-0.008939606868951335,0.00033642090646560585,0.5798215704449152,0.0,0.0,271.5499892153982,-0.00048725098097896847,1.2820221968468104e-06
2004-02-19,-0.004727600405445207,0.0003350459586429057,0.5713492930496704,0.003875717141870725,0.0,268.8796813519437,-0.0004404426294531526,0.0039057393306611093
2004-02-20,-0.0052726848819161535,0.00033364785929857675,0.5844027704213748,0.001046674399726135,0.0,264.0694688017535,-0.00019369259645036387,0.0010486024865203278
2004-02-21,-0.006815207164503088,0.0003322862130773943,0.5735759842867233,6.865478504849019e-08,0.0,262.8919253519924,-0.00024503611007147593,1.075809947551688e-06
2004-02-22,-0.006903923627010173,0.0003309112652546942,0.5631241448181498,0.0,0.0,262.727571372483,-0.00021991394144498698,2.133844645868521e-06
2004-02-23,-0.006640589127769579,0.00032955121859318796,0.5530247230314266,6.700986943675974e-05,0.0,264.25190199656225,-0.0002376790984538989,7.101861133590366e-05
2004-02-24,-0.007916358189057497,0.0003281978227324405,0.542738632518244,0.0,0.0,267.1914778240657,-0.00029404636072573694,1.5995596761757375e-09
2004-02-25,-0.007514175722154521,0.0003268244744694166,0.531038503413371,2.897036193454333e-05,0.0,267.30485901769725,-0.00043058256476612416,3.0408841639642447e-05
2004-02-26,-0.005609509382544265,0.0003254975555306774,0.5203287300641479,0.00012382452434065653,0.0,267.36443462838787,-0.00032176404644203727,0.00013400932213267357
2004-02-27,-0.007187844711845205,0.0003241532098102031,0.5345091164224341,0.004472027011847092,0.0,268.20190264815,-0.0004465585248281727,0.004525881870991767
2004-02-28,-0.0025002860416800292,0.00032282709065130203,0.5983454530072976,0.01709505355795898,0.0,266.47609771398055,-0.00025020296669612494,0.017107801282370886
2004-02-29,-0.0028348629925884095,0.0003215133470330535,0.7424109507415255,0.008941648075472838,0.0,264.32933272884395,-0.0002713427789467203,0.008951084290418302
2004-03-01,-0.003252264006999927,0.0003201847022536111,0.7784557162929614,0.0030764124361471945,0.0,262.38295248358486,-0.00022463209527192143,0.003081738802901754
2004-03-02,-0.005114875986414441,0.0003188925105973152,0.7806849362935501,0.00022670502463976544,0.0,261.8083842218259,-0.00019933210191248502,0.00023001968645883992
2004-03-03,-0.0050094303606593674,0.00031757371573798405,0.7670792689206686,0.0008378394663670643,0.0,262.324202891348,-0.00025439751202945655,0.0008429757403421406
2004-03-04,-0.00493283616115818,0.00031628817488244703,0.7562223675111818,0.00046655005317623337,0.0,262.1903496291454,-0.0002241613511732743,0.00047054167744701287
2004-03-05,-0.004625496849165125,0.00031501913474778,0.758727912399953,0.0014286139758966736,0.0,260.6078391856393,-0.00022449061842793127,0.0014356540925409026
2004-03-06,-0.00861742852602975,0.0003137069906892076,0.766547538915372,0.003066633128176975,0.0,262.17729847938557,-0.0004927952389764248,0.0030768369550417778
2004-03-07,-0.00907399787404443,0.00031241639859258796,0.7687052638741761,0.0001175807273320559,0.0,263.64090106626463,-0.00032318082485495317,0.0001194655558483749
2004-03-08,-0.008663726728514764,0.0003111290056153206,0.7468015739024246,1.3440005523336808e-05,0.0,271.32433733248666,-0.0003085290371193051,1.9737589728414462e-05
2004-03-09,-0.0117630764505284,0.0003098682158410886,0.7185518368938324,0.0,0.0,272.5581040750565,-0.00039255538018746565,4.351138045421976e-07
2004-03-10,-0.0066140480970932275,0.0003086553286697905,0.7003279576418315,0.0034515606397289345,0.0,267.86801626632894,-0.0007946722756671368,0.003755339693854327
2004-03-11,-0.008110682885188842,0.00030737963773436465,0.6967798725135358,1.0294366185948e-05,0.0,264.7051063005983,-0.00020428204456460002,1.0720366709703565e-05
2004-03-12,-0.011495027964734762,0.0003061486502825204,0.6826891423169728,1.66270018970899e-09,0.0,268.75717990322084,-0.00042583293013148394,2.144753814507896e-06
2004-03-13,-0.008489459332099743,0.0003048479557037354,0.6731805316472458,0.002358117346036232,0.0,267.87141954382486,-0.000640357055275117,0.0024341087107811452
2004-03-14,-0.007291722937492327,0.0003035007055196385,0.6723848906838512,0.0003831556624611892,0.0,264.15690582261027,-0.00036770413698112897,0.00038601213917974675
2004-03-15,-0.006530589681897461,0.0003023011199498581,0.7195304683821799,0.008529318654436178,0.0,265.78160014754184,-0.00038536205508951416,0.008636776370414961
2004-03-16,-0.006386349598566691,0.00030108503365920767,0.7494694194326742,0.0071156652970502604,0.0,267.5925084920478,-0.00031651170282377363,0.00716466511373466
2004-03-17,-0.007996756015187604,0.0002998638961274745,0.770643905955744,0.002230542317285376,0.0,269.86374026368566,-0.00042966095004546445,0.0023195832293236187
2004-03-18,-0.012332624508499427,0.0002986675096770465,0.7703287300641479,0.0021181416166367504,0.0,271.0281580585545,-0.0005881510895945259,0.0021267317427432295
2004-03-19,-0.02571420299973192,0.00029746792410726607,0.7435137215307204,0.0,0.0,275.16411743235903,-0.0013962441918540136,2.774369794661109e-06
2004-03-20,-0.01053707554178723,0.0002962981408598733,0.7138317848104991,0.0004991175512136039,0.0,269.91151974205695,-0.0007671418226203002,0.0005037927358050266
2004-03-21,-0.011604821404158059,0.0002951233063713979,0.6993203603166196,0.0,0.0,270.7329122539743,-0.0004535576612767527,1.719297188174096e-06
2004-03-22,-0.014033277576926066,0.00029391866956053484,0.6802169311293551,0.0,0.0,273.0156957083952,-0.0006388367369434255,-5.960487214906607e-09
2004-03-23,-0.013578179066127304,0.0003259686258553112,0.656288391228225,0.0,0.0017723388191165225,273.69646181584307,-0.0006973008483143178,0.0007695575891915015
2004-03-24,-0.018350841845832976,0.0003061968896348598,0.6284152100988701,0.0,0.0008578257856227585,274.48219867569804,-0.0010801067439007894,3.224661692441305e-06
2004-03-25,-0.016339827181592503,0.00029048702474367827,0.6066460043697035,5.014099727916179e-05,0.0,272.8131750290003,-0.0012365446957407027,0.0003081495646353359
2004-03-26,-0.017559359302628513,0.00029644319566629704,0.5933773522098634,9.208412493689587e-07,0.00034026060737458997,273.6051178553235,-0.0010609172737110133,0.00032036515107403195
2004-03-27,-0.012205873126700776,0.00029455689387132897,0.5817540055614407,0.0011164048465631775,0.0,268.5495165916486,-0.0011885157749477752,0.002024202291294012
2004-03-28,-0.009420869124811248,0.00028706842896628515,0.5919377960952213,0.003290720157704111,0.0,265.80065045114293,-0.00070436020502768,0.0033286058970090366
2004-03-29,-0.013862161649822515,0.00028591594621960053,0.6041689655426082,7.482426567266217e-05,0.0,268.06578864261036,-0.0007180399182489364,7.779264280246688e-05
2004-03-30,-0.017684038581147705,0.00028539592095014067,0.5950992102901367,0.0,3.36178194331584e-05,272.31763435263196,-0.0007580240220252405,1.7159624121632078e-06
2004-03-31,-0.020936669771280666,0.0003313762319963531,0.5773911987994351,0.0,0.0027773266626616657,275.8277713430803,-0.0010805476751536301,1.2999558975934633e-06
2004-04-01,-0.018973173815651802,0.00032760270234555175,0.5503449233462806,0.0,0.0024039747014557578,275.1618206002618,-0.001090882788017645,0.00020447680231807755
2004-04-02,-0.006128333593155704,0.0003015869586481213,0.5426735743290961,0.0027468795493497686,7.600467757316633e-05,272.22084968911724,-0.0006018402896779406,0.0042862682860100206
2004-04-03,-0.010605338560996084,0.00030378694251432256,0.5370744320856875,0.00025166394346851415,0.0012445188111672968,272.5011995822023,-0.0005144345400444533,0.0002546479019825469
2004-04-04,-0.015142592543599297,0.00035341959551902813,0.5145997013300377,0.0,0.003318755713812376,274.6637622201061,-0.0006959994065727892,8.487080335828973e-05
2004-04-05,-0.013449915637404235,0.0004016471616292404,0.49000218852989647,5.350442929456463e-05,0.0025141930870585523,273.8471091318939,-0.00067069221519481,0.0014855826305130782
2004-04-06,-0.014245399310763948,0.0005581559097699527,0.4692237983315678,2.2360370994287695e-05,0.003403239225768773,274.18614434208126,-0.000747381830535366,0.00225153594020267
2004-04-07,-0.009741521445708086,0.0002942805909841074,0.4543217948152072,0.0017347190171311806,0.0006887175479514451,272.9872007208356,-0.0006751623846548425,0.0024744911382377586
2004-04-08,-0.009491632087419263,0.00028958091628080037,0.4692401203507533,0.0051944794838374615,0.00026841783675096806,272.2125220002428,-0.0007176439746119882,0.006900066279577571
2004-04-09,-0.005737896398299158,0.00027485082378495213,0.5336902568120292,0.010776441859996927,0.0,268.7578440053764,-0.0007634638087813464,0.011374961826379091
2004-04-10,-0.010354567887419362,0.00027373694093887414,0.5752980722545904,0.0004216428782980321,0.0,265.53325428576574,-0.0005913684197233223,0.00042645094421623795
2004-04-11,-0.005354282083147663,0.0002729085374013179,0.5907120354431498,0.006777877745739485,0.0,265.8807493737863,-0.00032669084283423294,0.006806115730334137
2004-04-12,-0.00994466030496662,0.00027210993618614936,0.6378024401188795,0.0013194513522972497,0.0,267.7793260383965,-0.00026686823174441605,0.0013715041559280582
2004-04-13,-0.015126971833113225,0.0002905886388767911,0.6270101371233523,1.036725138540322e-06,0.0007624432949696557,272.8954403548591,-0.00046326886167970754,0.00038157436923525167
2004-04-14,-0.016594705608604994,0.000285507342909689,0.6055013940383711,0.0,0.000610206002569468,274.3457511032593,-0.0009787158966906328,0.00039226160244439177
2004-04-15,-0.020467714948506004,0.00027456256629383496,0.5920810160663843,0.00011909849899636825,0.0,272.39026405851723,-0.0014540512788262072,0.0013116577529326658
2004-04-16,-0.019444458607563195,0.0002690730458599026,0.5815565321180556,1.536707504320953e-05,0.0,271.03949038546864,-0.0012950737787000206,7.409561246223537e-05
2004-04-17,-0.018138484008568156,0.0002753524962118117,0.577185219515066,0.0007185877884848644,0.0002465602326191078,272.8552887408298,-0.0009269373817632428,0.001467702005708821
2004-04-18,-0.006285161200889761,0.0002690576395746005,0.5801190449917608,0.007746295792992507,3.636182196396219e-05,271.35028231346007,-0.0005869184657510393,0.008576786703309098
2004-04-19,-0.012482723021237865,0.0002669805692414106,0.6405668384386771,0.002470335865256477,0.0,270.22141064358294,-0.0007392171728240568,0.002914015047922296
2004-04-20,-0.011669561814116896,0.0002662764262344878,0.6461349458568739,0.004438288951829329,0.0,269.4475309009157,-0.000678852784557868,0.004833552140220976
2004-04-21,-0.01121446166166478,0.0002656153871514703,0.6705811926200566,0.003117737018287519,0.0,267.98937847834304,-0.0006489257070388498,0.0033309684634832445
2004-04-22,-0.009193705384340665,0.0002650025032334409,0.6868496479961159,0.003136685844195091,0.0,267.67028962690284,-0.0004087416823469313,0.003589024904084071
2004-04-23,-0.014710957300191547,0.0002643279099868516,0.6986426516890302,0.0006632332158627484,0.0,270.03780780943106,-0.0005065409866514179,0.0007820221158744251
2004-04-24,-0.010851760326469014,0.0002637267281106637,0.6886659898775895,0.002491862718331612,0.0,271.4777411265113,-0.000622064180377513,0.002853515154795512
2004-04-25,-0.01378632315808097,0.00026312184199101505,0.7014249812411725,0.0015815844769868474,0.0,269.0787460125997,-0.0007903467190299331,0.0019431864136793921
2004-04-26,-0.017588584394441487,0.0002628122850999994,0.6940800726076978,2.0619334474121783e-05,1.5159395370779739e-05,271.35161703364776,-0.0006910812235989813,4.103872398872161e-05
2004-04-27,-0.022472509051446862,0.00031619725254295914,0.6730704154896422,0.0,0.0026382717730130184,275.8574116306341,-0.0009605562061829084,3.2216815625206905e-06
2004-04-28,-0.013530306728546227,0.00026834373083491785,0.6454429841984464,0.005776161359528364,0.0002476672121023728,273.80329102984933,-0.0011448145312609645,0.006581234376104646
2004-04-29,-0.00848296415165993,0.000260749358241841,0.7201447280337807,0.0073773748330814015,0.0,267.8693243985796,-0.0007838218520253393,0.007401284053455289
2004-04-30,-0.013105451345106977,0.00026020432932902194,0.7228380910869822,0.0006703535294802175,0.0,268.9124289510838,-0.0005402698228924962,0.0008877011446215079
2004-05-01,-0.012113774689914146,0.00025970400389978445,0.7248739756208804,0.0013816900614459636,0.0,269.6320140680576,-0.0006187852724628935,0.0021365326171540948
2004-05-02,-0.01863193819246723,0.0002837599502444941,0.71566123028484,1.2565214755171436e-05,0.0011535913467743976,273.090919451525,-0.0006272900207652211,8.890236501142466e-05
2004-05-03,-0.01926439760600106,0.0005056403451046702,0.6847887057144539,0.0,0.004464019237265075,276.37975003445445,-0.0007299519496533157,0.0015913494899398293
2004-05-04,-0.020913419497888643,0.0010974160527105388,0.6430790500676788,0.0,0.0080005834878838,276.7064000505063,-0.0007760681390846517,0.002120130900609291
2004-05-05,-0.03112098886131567,0.0011899580726515778,0.593101257209275,0.0,0.010095694307553566,279.2762751606225,-0.001470120802605893,0.0002902925687767287
2004-05-06,-0.029612126870680662,0.0008985487754735569,0.5460791291490112,0.0,0.007230897702402988,278.7346598199532,-0.0015325208147198468,0.00010513424190758294
2004-05-07,-0.02139770130148042,0.0011151412786063503,0.5044630377530603,0.0,0.009705790144912269,278.67415437860006,-0.0007880760177885745,0.0002869593389736326
2004-05-08,-0.02638845175167935,0.0008996183757728104,0.46279223310969875,0.0,0.008302873284634898,278.4789830080309,-0.0012165204448215032,0.0009656343082923675
2004-05-09,-0.025646630653553767,0.00047686780239902647,0.4271129888329803,0.0,0.0032114900943249636,277.2440356813133,-0.0016251817966500919,7.752015371684882e-05
2004-05-10,-0.02070120381096662,0.0010913026198155465,0.40667805070032964,0.0,0.004759619654403568,275.27173591872395,-0.001123064244955273,0.0015041271142809682
2004-05-11,-0.016249919594344447,0.0009748918861992615,0.37448321268832396,0.001431047874318678,0.004756471363164611,276.4263549021633,-0.0010761043772438152,0.004845813539639758
2004-05-12,-0.009289447028758164,0.00030428524744712703,0.38012465424905845,0.003688939420853631,0.0,268.53695889560964,-0.0011506389858106437,0.0037161438478588386
2004-05-13,-0.00771294235341293,0.0003199579015289997,0.4308753291990349,0.005717855115226433,0.0,266.3905474704089,-0.0006219139059553039,0.005737592745406488
2004-05-14,-0.013658887080553564,0.0003475277437328619,0.46980794270833337,0.002654698019647329,0.00045019663912428305,268.00665198072875,-0.0007509153946644844,0.002935837473813602
2004-05-15,-0.018108495632133917,0.00036704413971658484,0.4766721563824153,0.0006758582457310737,0.0007040413296492087,270.70121077269937,-0.0008230563831952334,0.0007574602838140547
2004-05-16,-0.012068368662885354,0.0004799917424465977,0.4677012527954331,0.0015505833898560477,0.0015618993064104502,272.79801620512137,-0.0006825848992935007,0.004773473941668694
2004-05-17,-0.011350740231363114,0.0004259077674251492,0.4693056383150895,0.0009424124902251077,0.001455274868314549,272.7443194739563,-0.0006789209710507744,0.0017112046816473493
2004-05-18,-0.013910137748314164,0.002609412717280415,0.4510835981638418,0.00036264901275688647,0.007014889838331837,275.7620113430275,-0.00034440421409862867,0.00599322308779671
2004-05-19,-0.020458908614802495,0.0014557937781016033,0.406803569326742,0.0,0.0046899412984901905,276.259780937669,-0.0010799005848623937,0.002484916394708261
2004-05-20,-0.014222765583439738,0.002260199037648864,0.3841341237788371,0.0,0.0038960748220567653,275.4431737946477,-0.0009533932779805135,0.006538491834926121
2004-05-21,-0.013377625137399145,0.0025807052513973864,0.357602106873823,0.0,0.006456130200018316,276.3200110311562,-0.0008242617829539682,0.008464011347956848
2004-05-22,-0.016906836275327006,0.0006867350831543659,0.3364568160752119,0.0,0.0016334996595557803,275.2486196255729,-0.001167716079596746,0.0020480504648819416
2004-05-23,-0.015450071943345042,0.0005933968192439968,0.3236465597781309,9.694413445090169e-05,0.0009885782870532429,274.3632044855035,-0.0012549823886678045,0.0020312794015905954
2004-05-24,-0.015481737079256675,0.0005783449626911832,0.32361690427848405,0.0026105747973851567,2.980169098255998e-06,271.7998127120139,-0.001285274970834538,0.0030665023448116797
2004-05-25,-0.01557883729705703,0.0006134097522261453,0.3375851043873588,0.0009608896564965867,7.116331555749064e-05,270.8053497594629,-0.000995154597791238,0.0017236916586048313
2004-05-26,-0.017582891014336195,0.0006551885672208279,0.3364699196680791,4.43877810138767e-05,0.0006915080008533715,273.11595345621055,-0.0010543850034812076,0.00012242107057846178
2004-05-27,-0.017840958205656815,0.0007310751299400114,0.32937489884945864,0.0005448865625312774,0.0017915056586939064,275.65890460903364,-0.0013534436686395927,0.0029133452293221736
2004-05-28,-0.018185415257841855,0.0008300763402281508,0.31446278027895486,0.0,0.004586400453653714,277.7062834831282,-0.0013630475775249261,0.0019817258966522504
2004-05-29,-0.011263316970760542,0.0008158277993821828,0.30779902858698216,0.007547412025558074,0.0019916316841618494,275.5806578117127,-0.0013710396774744584,0.011153152888115437
2004-05-30,-0.01621861726382358,0.0007299716863255044,0.38266583171492474,0.0071598523754184545,0.0,270.3074016606965,-0.0014004631252106975,0.007846136012269344
2004-05-31,-0.020741475377715916,0.0007802008067147206,0.3974053047022129,0.0018912194096772686,0.00031279117963408347,271.5620752754858,-0.0015210654418178872,0.004639694565959274
2004-06-01,-0.01859511014095134,0.000835567376034408,0.3990034832568267,6.249332326953695e-06,0.001742086441671781,273.6200722696193,-0.0012621030811283548,0.002145990274652061
2004-06-02,-0.021699300298919786,0.0009463958989428936,0.37884762866348876,0.0,0.0033116356001398656,276.30577974265583,-0.0013474705707976374,0.00018399697913254386
2004-06-03,-0.02852226099220373,0.0011222103221268304,0.3467893438824153,0.0,0.007087999839062071,280.5593722858896,-0.001461150650840021,0.0001613027968649137
2004-06-04,-0.026587148717904494,0.0029889788836409146,0.31367472560616766,0.0,0.008251057590468456,282.85942159174976,-0.0013789892943818017,0.0034876925628687804
2004-06-05,-0.023274075808161397,0.0025531027445011897,0.28485118916254715,0.0,0.008200453857412448,281.5669656275805,-0.001353275151870682,0.0016077222763450831
2004-06-06,-0.03862515319201906,0.002722197417485512,0.25485683520185975,0.0,0.009555381022940922,285.02651911446384,-0.002109966014569762,4.351138045421976e-07
2004-06-07,-0.03014804890095177,0.002234693469300782,0.2277551568385123,0.0,0.007295889369512009,282.44151398825784,-0.0015862856249688037,1.6629628519715517e-05
2004-06-08,-0.022044132447848887,0.002947595412448301,0.20431099009828155,0.0,0.009337580283987994,280.6680815421929,-0.0011438114389692997,0.00010535797814439213
2004-06-09,-0.02395183546731701,0.004483985193705155,0.17691482572681264,0.0,0.011010515024769778,281.9892205204219,-0.0011777292705525111,1.016030194729716e-05
2004-06-10,-0.02199488718294155,0.004133670848641692,0.14192869254649249,0.0,0.010498648877702865,282.1687275047806,-0.0012763169420472646,0.0032761108067061876
2004-06-11,-0.011631966731642601,0.0015734797396228814,0.16347835562323448,0.01085883778872463,0.002025952804728417,274.7521037911741,-0.001596694617495362,0.015412866931171722
2004-06-12,-0.01748341103058077,0.0016342132525928952,0.1856289448711158,4.027101953150863e-07,0.0015117398089608232,275.4344003214001,-0.0016369851790158092,0.0019695037923276025
2004-06-13,-0.021670142430706887,0.001715844044577604,0.17182695349282015,1.031295054376462e-09,0.0024261933219971634,277.17943256543407,-0.0016112676532255056,0.0004308016791805811
2004-06-14,-0.025107804159660126,0.001807173682471453,0.15260444253177965,0.0,0.003712728535388149,278.50213075986244,-0.0015307621514729862,4.76930774488119e-05
2004-06-15,-0.02206086939842688,0.00196068839164777,0.13463389940854523,0.0,0.003884287161678918,278.94864948725296,-0.0013452130185682223,9.456344243496826e-05
2004-06-16,-0.010063798077362407,0.0018219315567932562,0.13351986412723635,0.0034306235190502002,0.0006502307109576835,274.7247574513466,-0.0011234453926652166,0.00523476140350882
2004-06-17,-0.008520386860532277,0.0019607065761156678,0.1446202164989407,0.002618861842458531,0.0016857627463542808,274.6511672894609,-0.0013620351562223865,0.0066568107898498366
2004-06-18,-0.010547452937748473,0.001960165672383066,0.1550571132738936,0.001184773099961254,0.0012307170841653467,274.4927679194794,-0.0012888786998593203,0.0036497032126570792
2004-06-19,-0.013587979820825288,0.0029842757572562007,0.14421492467043315,0.0,0.003963241995559574,276.37416089591335,-0.001323051150825064,0.004425040156827808
2004-06-20,-0.013706914954266307,0.003305639166616451,0.12381010181261771,0.0,0.005165964722801737,277.5989736783302,-0.00106112166481503,0.0032849327150661495
2004-06-21,-0.012579435093254692,0.003016942301712467,0.11208261608403956,0.0007305057708826442,0.002785578748937381,275.457607915846,-0.0018897729973166677,0.006509913815616888
2004-06-22,-0.02234725254235295,0.0030832890063355878,0.10226181806144069,6.9873186491303535e-06,0.004436538233763754,277.6903000560409,-0.0015569160045203517,0.001055960971711369
2004-06-23,-0.023710568577556285,0.004200501462160531,0.08528438934498589,0.0,0.00615654353283893,280.10029724178565,-0.0015516030933644814,0.002115371077864138
2004-06-24,-0.013441622762356773,0.010230524139215718,0.06338322813677025,0.0,0.008837743625465761,280.14605118056477,-0.0016877356769338168,0.012614710613588893
2004-06-25,-0.012569707244803002,0.009915100820993974,0.04194919851989172,0.0,0.005152999155097089,279.1419307543509,-0.001770601107996736,0.010509718693582353
2004-06-26,-0.009893369918825936,0.008792444474279544,0.02941089924670433,0.0,0.004709488633325545,279.3117445175257,-0.0021556480498300438,0.009292390501263919
2004-06-27,-0.012042883552063658,0.007420792754760572,0.018346409339689267,0.0,0.002767637919234691,278.8051249976437,-0.0021357808767233865,0.005755158726300692
2004-06-28,-0.01342925307272518,0.007410667373635675,0.011898062323446328,0.0,0.0020290375976575975,279.97335030938274,-0.002007725253953772,0.0060043664637923376
2004-06-29,-0.022043691432408693,0.00727760825453505,0.006938927142184558,0.0,0.0016500449786751958,282.12136971568884,-0.002729017487437712,0.005906829372603584
2004-06-30,-0.015577352400553432,0.008353929735172941,0.0035145215395480226,0.0,0.000871980510189035,282.5355408088411,-0.0028990177427139665,0.015289164397573796
2004-07-01,-0.01006513109988412,0.011827688348495355,0.0017122028013182677,0.0,0.0005554706279167348,282.39655719189545,-0.00338934468221193,0.022848700466768464
2004-07-02,-0.027132982125053298,0.006336488713652401,0.0006983985110640302,0.0,0.00021132658430411992,283.75090895758734,-0.002883363399381018,0.0019440895083260403
2004-07-03,-0.026594796886215105,0.0055605290973253845,0.0005406956214689266,0.0,9.513802110812086e-05,282.61274500845064,-0.002324688606132559,0.002404199245954378
2004-07-04,-0.019763217597021224,0.005669442694739435,4.5057968455743875e-05,0.0,4.618000344368025e-05,281.912559731981,-0.002482291610943059,0.006918976979874762
2004-07-05,-0.006316457890858086,0.0058244984533827185,0.0002485084892890773,0.00013223330432412313,8.343633706286803e-05,278.71257352379985,-0.003138255622595717,0.01831162287353796
2004-07-06,-0.019713101498151232,0.004610899309654021,0.000382992731873823,0.0,6.276087067221518e-05,279.0944462864188,-0.0028969281810825157,0.0036593360921069657
2004-07-07,-0.031508700995795474,0.004416006433088228,-7.27919033709973e-24,0.0,3.224939613019006e-05,284.3552883995904,-0.0029514237480648495,0.0016161288413624306
2004-07-08,-0.026950376434514756,0.004290101218358272,-7.27919033709973e-24,0.0,9.680156317134362e-06,282.5556939263353,-0.0029594959259706703,0.0031103070846385202
2004-07-09,-0.03390930416220326,0.004096223809624796,-7.27919033709973e-24,0.0,3.61397357310279e-06,283.70921495584895,-0.0028479544203833676,2.112159621244097e-05
2004-07-10,-0.03390587622162986,0.003949806178356968,-7.27919033709973e-24,0.0,1.8736105517478987e-06,286.2036213416838,-0.0029211871136548156,0.0003860292628983857
2004-07-11,-0.03505236293468099,0.0038571468854354603,-7.27919033709973e-24,0.0,6.204186859777418e-07,286.62572838447414,-0.0032768257299048754,0.004165745498176865
2004-07-12,-0.03793619526813259,0.0036642789672323545,-7.27919033709973e-24,0.0,2.0512248163169388e-07,287.1320789969349,-0.003219944251290823,0.0003983775862382258
2004-07-13,-0.0321888136914221,0.003522283192408287,-7.27919033709973e-24,0.0,7.837842413261113e-08,287.848414149886,-0.0029529356160911463,3.1512579542805794e-05
2004-07-14,-0.030903604828705224,0.003436642178034378,-7.27919033709973e-24,0.0,1.8563310978776318e-08,288.2364830297265,-0.002978757344775618,0.003291808868532127
2004-07-15,-0.01975033731110352,0.0033158870403376,-7.27919033709973e-24,0.0,4.125180217505848e-09,286.58836923301106,-0.0026338943569673657,0.0033717833459652197
2004-07-16,-0.025527352162000156,0.0031782022472155295,-7.27919033709973e-24,0.0,0.0,286.0096785299298,-0.002697055985740686,0.0006130230964791572
2004-07-17,-0.029822600510834307,0.0030761600214209263,-7.27919033709973e-24,0.0,0.0,287.23090153135604,-0.0030530636214603814,0.0008251959972278078
2004-07-18,-0.03322548335049786,0.0029979151184276,-7.27919033709973e-24,0.0,0.0,288.5617543416284,-0.0030753754373997622,0.0020815598910299523
2004-07-19,-0.028780497021257543,0.003105260558047537,-7.313500001496872e-24,0.0,0.0,288.32858711716824,-0.003112147356999123,0.007169018357487049
2004-07-20,-0.02708895837014678,0.0028094268788052146,-7.3453647229951e-24,0.0,0.0,287.18809093683683,-0.0027672655375327094,0.001458181499761377
2004-07-21,-0.028429856576488517,0.0027267868909458663,-7.3453647229951e-24,0.0,0.0,285.63967871800656,-0.0028975714724195204,0.0013998675312699572
2004-07-22,-0.012678776630910776,0.003015471885433305,-7.3453647229951e-24,0.0,0.0,282.4490276307934,-0.0035377753119768397,0.015106192029026322
2004-07-23,-0.004279477490206896,0.008120512726616725,-7.3453647229951e-24,0.0,0.0,279.25934802340925,-0.0037296846466886124,0.03969780600675966
2004-07-24,-0.016451996682727406,0.0025591389775949684,-7.3453647229951e-24,0.0,0.0,279.61738160774536,-0.002255326094853003,0.0014402088410667353
2004-07-25,-0.026372945662272183,0.002516267747528809,-7.3453647229951e-24,0.0,0.0,283.1592324251509,-0.002627577301177939,0.0005371706776966259
2004-07-26,-0.02724464991166767,0.002551999469261385,-7.3453647229951e-24,0.0,0.0,284.8955170654757,-0.0023789193723245533,0.004569383386703974
2004-07-27,-0.019976266696628206,0.002447332955349637,-7.3453647229951e-24,0.0,0.0,284.3412839993694,-0.0021285554867679795,7.806928817835233e-05
2004-07-28,-0.01752971601014757,0.002592606733074296,-7.3453647229951e-24,0.0,0.0,281.45213908754056,-0.003245023326516825,0.010239794667609397
2004-07-29,-0.022879236246232934,0.0024341618442266003,-7.3453647229951e-24,0.0,0.0,281.72971529341015,-0.002336153960497366,0.0028742999006572015
2004-07-30,-0.02542584221073463,0.002366882343750216,-7.3453647229951e-24,0.0,0.0,282.8944889542747,-0.0027473543765349578,0.0008977935084633334
2004-07-31,-0.03502022647588267,0.0023252603697911495,-7.3453647229951e-24,0.0,0.0,285.40944590451807,-0.0027518692073848967,0.00018071576022325928
2004-08-01,-0.038894430981517514,0.002290326996711688,-7.3453647229951e-24,0.0,0.0,287.3834316842749,-0.0029090858764399246,2.162377376340877e-05
2004-08-02,-0.03481399074281003,0.0022567481139285418,-7.3453647229951e-24,0.0,0.0,287.976403349537,-0.00269295131040495,5.7007128235983984e-05
2004-08-03,-0.02585007515499147,0.0022755316590185224,-7.3453647229951e-24,0.0,0.0,285.9011726020195,-0.002690313268179274,0.004005669032113027
2004-08-04,-0.031979221029806944,0.0021960568630089196,-7.3453647229951e-24,0.0,0.0,285.7978975436108,-0.0028790227416376616,0.0006338422075949416
2004-08-05,-0.037212999274501696,0.002174481749534607,-7.3453647229951e-24,0.0,0.0,287.9335548846287,-0.0029264838082221274,0.0019910613527355995
2004-08-06,-0.03814346330650782,0.0021242316664948978,-7.3453647229951e-24,0.0,0.0,288.0002412813981,-0.0029066649954871274,0.0007678184468867416
2004-08-07,-0.037195175970341526,0.0020833601385860123,-7.3453647229951e-24,0.0,0.0,286.6619415965682,-0.0027803676255510356,0.00032679578341509327
2004-08-08,-0.028522138583794827,0.002045740768060846,-7.3453647229951e-24,0.0,0.0,282.4434038510655,-0.0022683998643510087,0.00017727692585206976
2004-08-09,-0.024834463193928458,0.0020093082708154022,-7.3453647229951e-24,0.0,0.0,281.3535268607562,-0.0019525952931851319,8.386183246251533e-05
2004-08-10,-0.015772357035828178,0.002078138754866218,-7.3453647229951e-24,0.0,0.0,281.0213568340812,-0.002604506994034611,0.008730553637790142
2004-08-11,-0.022993236232948844,0.0019442339738210044,-7.3453647229951e-24,0.0,0.0,280.09681946634123,-0.002313839745218471,0.00034436177082949085
2004-08-12,-0.029719210024607385,0.0019067040944503527,-7.3453647229951e-24,0.0,0.0,281.02775420711544,-0.0021328347614087625,2.6079968327684772e-05
2004-08-13,-0.028983850516168412,0.0018766970284241067,-7.3453647229951e-24,0.0,0.0,282.31785186939993,-0.002201025321616628,0.0005125337569386003
2004-08-14,-0.03085937271010404,0.0018383218238582722,-7.3453647229951e-24,0.0,0.0,283.2090815779404,-0.002242459884008109,1.352944068997404e-05
2004-08-15,-0.03263559550215296,0.0018044348153690838,-7.3453647229951e-24,0.0,0.0,284.5486727425383,-0.0023056278636647484,1.8794292807373085e-05
2004-08-16,-0.03289260235378298,0.0017705880484338535,-7.3453647229951e-24,0.0,0.0,285.00182142455253,-0.0023051821916116834,3.719565558568233e-06
2004-08-17,-0.0256655522659,0.0018055751330434944,-7.3453647229951e-24,0.0,0.0,285.1743691367169,-0.0022991571975293137,0.006110271323198654
2004-08-18,-0.011809051036834719,0.0017607214592270934,-7.3453647229951e-24,0.0,0.0,282.721148948885,-0.0030935859612825902,0.005831732925048656
2004-08-19,-0.015278255367009653,0.0017582360802397218,-7.3453647229951e-24,0.0,0.0,280.6090251146737,-0.0028727076116338967,0.007252656723146385
2004-08-20,-0.016531279742044245,0.001743649442990621,-7.3453647229951e-24,0.0,0.0,280.5249854373393,-0.002559609085026771,0.007464411416964758
2004-08-21,-0.025256915281047933,0.0016266984791405458,-7.3453647229951e-24,0.0,0.0,282.91420165383437,-0.0022275274629983527,0.0005952617710243374
2004-08-22,-0.022994647675988366,0.0016439031746427895,-7.3453647229951e-24,0.0,0.0,283.69929226015023,-0.002306038471685965,0.0038222926653023433
2004-08-23,-0.03461279720067978,0.0015667879817176,-7.3453647229951e-24,0.0,0.0,282.7966627634627,-0.002104949858565789,0.00014451637775378032
2004-08-24,-0.029501639306545258,0.0015387424809784542,-7.3453647229951e-24,0.0,0.0,279.4979592986026,-0.0020463424392760136,2.1405632608260583e-06
2004-08-25,-0.019559616465016274,0.001592616408558215,-7.3453647229951e-24,0.0,0.0,279.45702204372026,-0.002782594865072245,0.006980752136746295
2004-08-26,-0.01483991561131289,0.001558881442425615,0.002926928848870057,0.0019038737367438735,0.00018615658673862954,277.5035099668916,-0.0023111337901087804,0.007465864187568676
2004-08-27,-0.007197185508948936,0.0015946758837349672,0.02118023371292373,0.002824792901506532,0.0016639530869190305,275.6268270496146,-0.002466973506629804,0.01081921648507738
2004-08-28,-0.019295995812968345,0.00147915964072707,0.0174300773893597,0.0,0.0010881984743189679,277.3146104435463,-0.001961382926773217,0.0010519127723802515
2004-08-29,-0.023202684807912106,0.0014410505523789403,0.01051321945621469,0.0,0.0007922092905152315,280.4768549170198,-0.0017015518262813998,0.00027658767610280505
2004-08-30,-0.02604769153446801,0.0014187625404131615,0.005386726106403013,0.0,0.0005493477028978747,282.2438199210302,-0.002029857098382745,0.0005286460036262145
2004-08-31,-0.02827054447373428,0.0013889584500910873,0.0024234750176553676,0.0,0.000242440461438928,283.37683424796984,-0.002190093893957677,6.031967820611289e-05
2004-09-01,-0.030765136756465937,0.0013662489962443121,0.0011917372881355933,0.0,0.00010622556894849249,285.6883055907859,-0.002315205769181925,0.0
2004-09-02,-0.02898816250811863,0.001358622716645063,0.00042805070032956693,0.0,3.484229288868985e-05,284.9319699605306,-0.002058003908075856,0.0013787490499895172
2004-09-03,-0.0074270064547910545,0.0013983753946541395,-7.3453647229951e-24,0.0,1.865589601845391e-05,278.8893280747696,-0.0017067133001772699,0.005965295305156045
2004-09-04,-0.009142008583761204,0.0013167041506470935,-7.3453647229951e-24,0.0,9.15616371874082e-06,278.1707535508438,-0.0010316308882445267,0.0005932502826947141
2004-09-05,-0.018378494023266488,0.0013084807301645227,-7.3453647229951e-24,0.0,3.124445171679481e-06,278.34022983543844,-0.0016953703016042714,0.001481260047828168
2004-09-06,-0.019520718288623683,0.0012818706237663659,-7.3453647229951e-24,0.0,1.5519517289716647e-06,277.1914939233812,-0.0014970529992870021,0.0004139845316684313
2004-09-07,-0.02199587916250283,0.0012626292678595936,-7.3453647229951e-24,0.0,1.6821790381339984e-06,279.9006938467367,-0.001676252974712916,9.43947309828074e-05
2004-09-08,-0.028115044753093506,0.001246172156037584,-7.3453647229951e-24,0.0,8.436204013177904e-07,282.35376981602326,-0.0019475302769471022,0.00013076268690789518
2004-09-09,-0.029659842409319803,0.0012284497083243679,-7.3453647229951e-24,0.0,4.1599074999491375e-07,283.24809775199816,-0.002043593722253533,-1.3071030480205081e-08
2004-09-10,-0.025514664665117107,0.0012135920719911824,-7.3453647229951e-24,0.0,1.9610391161536098e-07,282.7255884447116,-0.0017377544657490348,0.00021690098934429395
2004-09-11,-0.02714396444922787,0.0011962645471432789,-7.3453647229951e-24,0.0,1.4697006866756806e-07,283.5238723539364,-0.0019243359460500676,3.7696007646222136e-05
2004-09-12,-0.030558555392222218,0.0012032492349376789,-7.3453647229951e-24,0.0,6.08779784649779e-08,284.9874917477538,-0.0021113506123676138,0.0023859676429542915
2004-09-13,-0.010186550223221215,0.0014495137384382348,9.011593691148775e-05,7.608147748446061e-05,1.3995505237983446e-05,278.9862219564434,-0.0030052892358626354,0.018346331466389244
2004-09-14,-0.0112476875468836,0.0011916254031456124,0.002827387520597929,0.001792712231813851,0.00010046128204650125,275.2104698583456,-0.0020412786595397077,0.005639690615215249
2004-09-15,-0.013877072955592207,0.0011515554230091937,0.033841063073799436,0.004095761031754273,0.00047096821589995237,273.1758895629768,-0.0014958867361232386,0.004740851123475645
2004-09-16,-0.018124718703119096,0.0011544836274648116,0.03182402932262242,0.0,0.0012966472297738503,277.2159343116028,-0.001733963514578208,0.0011521862556691158
2004-09-17,-0.025117647723626284,0.001137036556577952,0.021548053863582866,0.0,0.0015418445954551807,280.7719091282501,-0.0018331052914346009,1.7080211023312586e-06
2004-09-18,-0.04428016722707426,0.0011109684483479646,0.011058972604755178,0.0,0.0007779209500988998,284.75632252307037,-0.002452416356000523,1.7376552818859636e-06
2004-09-19,-0.025010748434874972,0.0011601239274450616,0.005543739333215631,0.0,0.0005134494585842737,282.5452710562956,-0.0021263743608684865,0.005235024124786733
2004-09-20,-0.005276143466685452,0.0012687118039966304,0.0077541085510828625,0.0050349575651567535,0.00040567095922884974,277.075959455271,-0.0018315052845131207,0.013047377100098607
2004-09-21,-0.009104700538061433,0.0010707460891055524,0.043812897245762726,0.0032737876188620335,0.00016720501421871835,271.5033434887615,-0.0011358727927261829,0.0038796638028096345
2004-09-22,-0.013087861660846883,0.0010635489124362753,0.05292633114112524,0.00019853111714293056,0.0005845322489401716,270.7276490026499,-0.000935494684019668,0.00024081280001988858
2004-09-23,-0.008874083937561445,0.0011158283315809434,0.06486485368114407,0.00498001452135501,0.00216483657306197,273.07397467043893,-0.0010665970049419647,0.008157260505493077
2004-09-24,-0.007452203266027958,0.001180248745417191,0.06494393501353578,0.0001512211931627349,0.0040503275175552585,275.50862595366,-0.0010510231920723189,0.005142381366329247
2004-09-25,-0.016937154203148213,0.0011004181736606665,0.0388643368938324,0.0,0.0030585682745707236,278.2325008413886,-0.001463837895310868,0.0008365038761311332
2004-09-26,-0.017720041133589663,0.001074356716231438,0.02209196791137006,0.0,0.001748984542775289,280.5290872211061,-0.0014566494057239115,0.001778683251580276
2004-09-27,-0.0058310751692723425,0.0011741045841389458,0.01214266272363465,0.0,0.0009158946110703853,277.4818206794294,-0.0017752912326973714,0.008818792118088729
2004-09-28,-0.014494847611518903,0.0011031928203873716,0.007518933542255179,0.0,0.0006195822635949668,278.0344309187205,-0.0021132504683261536,0.004828359195068058
2004-09-29,-0.01931255824316693,0.0010050859323329172,0.004309242952565914,0.0,0.0002612519777764035,279.3312157920076,-0.0012740994261651389,8.755013094110004e-05
2004-09-30,-0.005084068214489242,0.0011186002001250532,0.003153138241525424,0.00024780447957879406,0.0001336389805300761,276.47425830790775,-0.0018680833153805494,0.008232377527216445
2004-10-01,-0.007419980851943884,0.001034900209324508,0.016775357521186442,0.003045025244776139,0.00018529565531318475,273.25486857383714,-0.0012668726418567245,0.00535200357349735
2004-10-02,-0.014203498003173009,0.0010076592029151271,0.020809654911134654,0.0,0.0010330027106118067,275.985430877312,-0.0009875644187806018,1.2904405366498395e-06
2004-10-03,-0.015627314983788183,0.0010129743713443563,0.013919693826506591,0.0,0.0006721225162010409,277.0900328074023,-0.0012611635923806559,0.0012585113950700814
2004-10-04,-0.016206412791869063,0.0009953829191498838,0.00971757849282015,0.0,0.00044750977875822686,277.12001584299094,-0.0011340431648038203,0.0005145924913007662
2004-10-05,-0.017773792400198468,0.0009901173370706162,0.006613406308851225,0.0,0.0003096574949005903,277.5729219217534,-0.0012010418952016508,0.0005361568544038287
2004-10-06,-0.01846237333312547,0.0009835155333502818,0.004672465351341809,0.0,0.00019794605714453144,277.6875451549523,-0.0011833896439543553,0.0003964190429213357
2004-10-07,-0.014122030155806894,0.0009776833703962423,0.003322335510828626,0.0,9.697120068436963e-05,277.0466065810899,-0.0009319686125648224,0.000322118450948422
2004-10-08,-0.015924445948021563,0.0009719414562828797,0.0024409464748116763,0.0,0.0001168063720740841,277.3588923545881,-0.0011626097694628658,5.959918780717999e-09
2004-10-09,-0.019484883942509777,0.0009679976998075928,0.0019453088217984934,0.0,9.060331151983833e-05,280.45719663616404,-0.001339815072925751,0.0
2004-10-10,-0.013107403397223372,0.0009632744526458999,0.0013901302818973636,0.0,3.548376893593093e-05,277.6336872941357,-0.000831365248577743,4.07998844586523e-06
2004-10-11,-0.013152774907438096,0.0009602540630405232,0.0009236883533427496,3.74080181795325e-06,4.4610403941176035e-05,276.0088056646947,-0.0008614370757240361,1.7233150827009125e-05
2004-10-12,-0.008568469582304445,0.0009695845471937105,0.0011234606726694917,0.0011720017524762343,1.3871476222566293e-05,275.3311247457443,-0.0008028658254250969,0.0025762602372765286
2004-10-13,-0.009786673563685122,0.0009566901598946523,0.026021436558380417,0.003415505386005014,1.6829051540396308e-07,271.26465525510395,-0.0009371343168750995,0.0038933108642150364
2004-10-14,-0.01066118866036841,0.0009667680593533705,0.02909434402954332,0.00010860913385779172,0.0008970812110409226,275.32771094370696,-0.0007454083737848844,0.00036132234638020145
2004-10-15,-0.00584806257722068,0.000988705851937418,0.06985456391242939,0.012379066881823676,0.00018055593900087868,272.7993937562415,-0.0008513550247765532,0.015394104907741657
2004-10-16,-0.007956046716304822,0.0009689634129152461,0.10735635703566385,0.0012411942842316492,0.0014984544976956427,271.83112943329604,-0.0008287109792400888,0.0015578577073044426
2004-10-17,-0.009233590278585078,0.0009757223102332509,0.09457184814912901,0.0,0.0019955996024069813,274.33366975945944,-0.0008468802302739043,0.0001264812581607041
2004-10-18,-0.005583355613684251,0.0009406993618119234,0.08620003163253297,0.0042544049605474634,0.00011941651671619739,271.85625755899144,-0.0007578077394578418,0.004853698515432825
2004-10-19,-0.008676120074792097,0.0009389287334377485,0.10549656639889361,2.107106275477652e-05,0.0003886276719260351,267.9875457461944,-0.0007294441789051908,2.3029062605227242e-05
2004-10-20,-0.0069282134879106875,0.0009687060521820846,0.09809395597928437,7.173675770139965e-05,0.0021417109600904973,271.3003301027805,-0.0004777802301749671,0.0003570904757199101
2004-10-21,-0.004034789058111481,0.0009821993482988433,0.08750257474105462,0.0010803338918982251,0.0006869743436069812,273.50796763102215,-0.0007422484752148558,0.004515226556944719
2004-10-22,-0.005086287982383017,0.0009231751753112018,0.10088915923669962,0.003763400439151937,0.0,271.6368309602899,-0.0006927891639666369,0.004145059090159339
2004-10-23,-0.006845250767839831,0.000925758800937631,0.11413091454802261,5.895175081861895e-05,0.00040519681606589067,269.8461314558759,-0.000624643796581333,6.21291825998893e-05
2004-10-24,-0.004135120639019768,0.000915661285826042,0.15780909766360643,0.010573315986637343,0.0,268.30124041454945,-0.00041730979741629916,0.010798705432369625
2004-10-25,-0.006822484908467633,0.0009129597137203326,0.18245511674611584,1.4806429376709935e-05,5.3426892743945805e-05,265.0963654024228,-0.0005857649780178475,1.579576956220918e-05
2004-10-26,-0.007209774380349844,0.0009253279300732802,0.17616355306909134,7.637598588641753e-05,0.0009514885707258505,268.28440643209973,-0.0004627285946139508,7.813860794115853e-05
2004-10-27,-0.007843176397563375,0.0009436348905671114,0.16334226216749062,0.0,0.0021169966160409196,271.83848756405825,-0.0006007124685635002,0.0001796199440282617
2004-10-28,-0.006551353902803303,0.00093595835111909,0.14631080986640774,9.587508136943236e-06,0.0017380389032390833,273.8116448576617,-0.0007471571187094107,0.0005959556948232218
2004-10-29,-0.002914638084880376,0.0009003982873959731,0.1655551601488936,0.009370901553475926,0.0,269.2751403815778,-0.0004419308987125165,0.009861999564925159
2004-10-30,-0.00574567408884986,0.0009044585591655667,0.20492731873822978,4.679387656308837e-05,0.0004905218121695654,267.4234941881256,-0.0004895508899695456,5.173830148234146e-05
2004-10-31,-0.0027366086503880175,0.0008924753315704692,0.23667548515477874,0.010349965301779031,0.0,266.5238627525373,-0.00032130202099596715,0.010374758120608759
2004-11-01,-0.0035415345245161972,0.0008893729434848506,0.27046712239583337,0.00022022442965857728,0.0,259.94002170526824,-0.0003530460562409655,0.00022693353858337228
2004-11-02,-0.006194040095065274,0.0008963453399259493,0.2658328183851224,0.0,0.0005750541422663435,265.56004148149225,-0.0004115805850695756,4.351138045421976e-07
2004-11-03,-0.007104292133096923,0.0008949970794936358,0.25366440825094166,0.00012717829585748877,0.0006723203775236162,270.98183130813857,-0.0005226449483195268,0.0001303169013189326
2004-11-04,-0.0049531956513722735,0.0008825988082562464,0.26437533103813565,0.0029775238474883605,0.00015244423543329293,268.82644907992665,-0.0004069231092761465,0.0029951395959705415
2004-11-05,-0.008668179607997508,0.0009058744220410363,0.2571920333833569,0.0,0.001628516441853033,272.61794687260345,-0.0006045663813497389,0.0
2004-11-06,-0.010268025731636307,0.0008972414300940131,0.23646375868055558,0.0,0.0012963264443948445,273.5909057408852,-0.0008041686720430515,1.713549579562823e-06
2004-11-07,-0.010124853396483061,0.0008896867939307866,0.2199403579625706,0.0,0.0010668544761710248,271.003762361918,-0.0006663753351165077,1.2790963523912069e-06
2004-11-08,-0.008588618814608474,0.0009059854651575035,0.20396822769538608,0.0,0.002108557507564119,272.6373283292839,-0.0005878425376900173,1.2774050333064224e-06
2004-11-09,-0.006030020235621996,0.0009375162380563339,0.18495514433262714,0.0,0.002590129983290441,275.421698873775,-0.000551340438551822,0.0019355569182029015
2004-11-10,-0.0030483841727682428,0.0008703948414258365,0.17074349326153485,0.0012963661282076,2.9538910688653504e-05,270.8638097148831,-0.0005446873384259515,0.0019164496558752976
2004-11-11,-0.006659373851482478,0.0008685502965571517,0.1758644693090866,0.0004749739237424344,0.0005479574750708996,269.9428211003823,-0.00041773263365030294,0.0005011006599416031
2004-11-12,-0.0055076305223050095,0.0008655113857344719,0.16921841896186443,0.0,0.0005427775430982397,268.806539262531,-0.000295674281015908,8.557858564017806e-07
2004-11-13,-0.006066089632820949,0.0008609995330120886,0.16316892692149249,0.0,0.0004572009425715538,268.6081576697571,-0.00027850292896651956,8.583068797918258e-07
2004-11-14,-0.00600662078224333,0.0008569063439881061,0.1574847262682439,0.0,0.0003933354707087501,270.3380743303317,-0.0002960783434705546,0.0
2004-11-15,-0.008013907967314209,0.0008557954076993264,0.15233754303495764,0.0,0.00048229625543295333,270.82023686338954,-0.0003608351647011978,0.0
2004-11-16,-0.010708957868444046,0.0008575589643359859,0.14531125860699154,0.0,0.000716827188928922,272.0988108460737,-0.0004619221534516852,8.52346317969932e-07
2004-11-17,-0.007307372692614626,0.00084514747568443,0.13842382628589928,0.0,0.00020889939982338815,271.96057575391063,-0.00030812425381046235,4.261732051702438e-07
2004-11-18,-0.006928400341737069,0.0008428926016651305,0.1347318315236582,0.0,0.0002294020927221762,270.2762885228389,-0.00026883010747237395,8.52346317969932e-07
2004-11-19,-0.005746251066862527,0.0008357329725545679,0.13191249006885594,0.0004237988847965575,0.0,267.531971660262,-0.00028757046971280697,0.0004281532460337168
2004-11-20,-0.0031821488660607636,0.0008330883110983898,0.1512710944856403,0.0025748070960832856,0.0,262.20430566676373,-0.00019266227481223768,0.0025829209276835665
2004-11-21,-0.004718556284567731,0.0008306461202222748,0.167733115215984,0.00012094026568245754,1.068927852784173e-05,261.1440156588222,-0.00023188809785297363,0.00012299905043197874
2004-11-22,-0.00565820305192538,0.0008323440107248599,0.16268984117525898,0.0002536874916930657,0.00022102429368401654,266.631568003509,-0.0002863287431119526,0.000255961202632236
2004-11-23,-0.002711368482665154,0.0008250768743665879,0.18524549236405372,0.005233203666021595,0.0,264.54186829245475,-0.0002292255202760804,0.005241672366352405
2004-11-24,-0.001994264243686267,0.0008225104229598397,0.21345591859404428,0.001526031790480102,6.754940512490137e-06,263.3077436113088,-0.00018187994821428581,0.001531987793028018
2004-11-25,-0.0039804563936540645,0.0008197550551365998,0.2346189107374059,0.005013968164132814,3.9796413338117005e-06,269.61629962741546,-0.000336040484871568,0.005057047602044714
2004-11-26,-0.002958716603658967,0.0008168653243005613,0.26649029690442566,0.006120833131553091,0.0,265.2437395393961,-0.0002885174511347787,0.0061335772107436294
2004-11-27,-0.0034248412581486887,0.0008152258598198326,0.3001373348487524,0.0007695619458869353,5.4542732945943285e-05,258.25028604123105,-0.00028653401818315866,0.0007859715634032967
2004-11-28,-0.001562087633515482,0.0008113082856108241,0.3155299184910546,0.0034242147358797366,0.0,258.14427455535724,-0.00019977645327647528,0.003434958406824607
2004-11-29,-0.0027725792958238032,0.0008084337084980336,0.32706314920256596,5.053318405555467e-05,0.0,253.54230595892207,-0.00014974534679940867,5.247193868884914e-05
2004-11-30,-0.0047502644823095895,0.0008079583025248038,0.3206718143096752,0.0,0.00011276045424790033,261.12428992032557,-0.0002885771241817771,1.7195939108205494e-06
2004-12-01,-0.0033648134035579235,0.0008026845542724524,0.3157995766390066,0.0003093722260604471,0.0,258.92124117475896,-0.0002297544325728201,0.0003145113502168923
2004-12-02,-0.0031825404214320206,0.0007997668732357565,0.3141361100076507,2.5193275368146307e-06,0.0,258.1171809410196,-0.00023049497082408543,4.2302424541012855e-06
2004-12-03,-0.004643161670636323,0.0008007646617242846,0.3121616054613936,0.0006330900188893249,0.00018688501779642484,264.36090996665024,-0.0003393113213238743,0.0006360981086203472
2004-12-04,-0.0059859070316546385,0.0008039799450481007,0.30395990576447746,1.4328897672857943e-06,0.00048060102735535576,267.5235470701746,-0.0003301158315886212,3.163074710187817e-06
2004-12-05,-0.003766566514968873,0.000796236476655734,0.2923542604608051,5.119327603086915e-06,0.00025627737875375374,265.064468430485,-0.00032656557205538295,5.6711586360938406e-06
2004-12-06,-0.0038530423311190416,0.0007927422806368037,0.28464750875411965,2.906849281599293e-05,0.00023313283415163981,261.53204324510364,-0.00034973935597697224,3.0211966444826567e-05
2004-12-07,-0.003749064469741563,0.0007847636348783634,0.2792711275894539,0.00014176816379619857,0.0,262.0339545305615,-0.0002659728203368726,0.00014300997984611382
2004-12-08,-0.003405631177842954,0.0007817142427304371,0.2750933803407486,3.754804279171141e-05,0.0,263.5628130027354,-0.00027122198062091226,3.94987183994357e-05
2004-12-09,-0.0042247610156145475,0.0007785828941959447,0.2742793483698211,0.0008270840060576208,0.0,264.1882959642429,-0.00029962329920065606,0.0008312336973201621
2004-12-10,-0.0036348269063200657,0.0007812904436036018,0.2733076135092985,0.0004383708839699374,0.00027869416579688334,266.3082261812889,-0.00024536606134836287,0.00044219804918370267
2004-12-11,-0.006317308098919648,0.0007884770968539567,0.2665797231785546,7.537504037221273e-06,0.0007702102095393811,272.63470177372074,-0.0003769482186032554,9.41718450233458e-06
2004-12-12,-0.0035762952293379832,0.000769171842747489,0.2738062397010358,0.0038375101857266183,0.0,266.47775521431043,-0.00040741983569611264,0.00387073312438814
2004-12-13,-0.004807624776484603,0.0007731155150354246,0.28492590263064976,1.9217678214197106e-05,0.000343624018343155,260.2648795894759,-0.00027935845135463835,2.093389199149116e-05
2004-12-14,-0.005525955498892035,0.0007724421845991059,0.27736926752295193,0.0,0.0004583877948044384,267.6456263878027,-0.0004180010387116233,0.0
2004-12-15,-0.0016068579618540187,0.0007596330790869935,0.2888082443208569,0.0071665143520481854,1.3616251743445963e-07,265.93766697382523,-0.0002130248062944008,0.007202662529101742
2004-12-16,-0.0036958948535434277,0.0007594204218374134,0.3334317252236347,0.0009853360637769861,0.0001466378864258696,264.62252291806897,-0.0002032349591201308,0.0009876088607433495
2004-12-17,-0.0044670984738290655,0.0007570988714358227,0.3265199248175612,0.00045131306863774014,0.00018684159816995179,266.63933041674943,-0.0003349592667178246,0.0004521708029461982
2004-12-18,-0.0036284514402939103,0.0007526126958556096,0.32112515264536257,0.0,0.00012684255670019463,265.14685896965074,-0.00026834474634484384,1.7225741544280027e-06
2004-12-19,-0.004720474745930925,0.0007567702040160444,0.3133094342190443,5.713164132867156e-06,0.00048061338184917046,268.14134850295477,-0.000268684879029538,7.29490125580677e-06
2004-12-20,-0.007418929646580906,0.0007434346749957671,0.30905789305261305,0.0020535489133859087,0.0,265.6204261348746,-0.0005940880237073549,0.002081024587915626
2004-12-21,-0.0016333837125260952,0.0007401636596453393,0.3519204349841102,0.005715970854974737,0.0,258.3692736149733,-0.00020401602831937498,0.005721382173656131
2004-12-22,-0.0005445440357687783,0.0007369125966971878,0.426050908147952,0.003742326829729781,0.0,253.49259500449662,-8.433111706527614e-05,0.003746126752058396
2004-12-23,-0.001536798805503522,0.0007336532833886012,0.4630731557497646,0.0013082285469534708,0.0,247.47536965278584,-0.0001269554940320678,0.0013108020426224522
2004-12-24,-0.003452221089500492,0.0007304088712412085,0.4654375496557203,0.0018856454703767424,0.0,261.2604790416366,-0.00017815084317646457,0.001889846419210488
2004-12-25,-0.00428455790220681,0.0007271445066915393,0.442310397907839,0.0005097650622917434,0.0,266.5275470245132,-0.00027810960566088306,0.000518490533078238
2004-12-26,-0.0041284486230483836,0.0007303446362921073,0.42597435557909613,4.769844860680359e-06,0.0003082259837011833,266.3158603819077,-0.00023777817118134204,7.89192454936392e-06
2004-12-27,-0.004311818271707007,0.0007206503785936173,0.41209006444209045,0.0,0.0,266.3245487931533,-0.0003329577387473678,4.351138045421976e-07
2004-12-28,-0.00422000636657079,0.0007173958639640593,0.4001078632591808,1.4575061488286253e-05,0.0,266.8873245612825,-0.00030973531032181057,1.6973700988050258e-05
2004-12-29,-0.0026436152599625673,0.0007149885266514147,0.39006959157250476,3.261479028200699e-05,4.103098927581378e-05,267.0768933053744,-0.0001682505948142817,3.432527096888433e-05
2004-12-30,-0.005575715948296133,0.0007108998837444068,0.3854713799140772,0.0010336786087623425,0.0,267.28735006012715,-0.0003993117097912536,0.00111951444318851
2004-12-31,-0.0029978683102602345,0.0007076336670730073,0.37964097075094166,0.00027953862807171494,0.0,262.94123957071827,-0.00022871459250227883,0.00028590078602776415
2005-01-01,-0.001745964889809237,0.0007043773003217192,0.4080695603077919,0.004775191641460031,0.0,263.8580351684053,-4.999497431819723e-05,0.004781770066261938
2005-01-02,-0.0035292071811223436,0.0007011275843711896,0.4171779366760829,7.402172869881669e-07,0.0,260.3120779371531,-0.0002469338876547787,2.4535889199945673e-06
2005-01-03,-0.002177358852267939,0.0006978794679803364,0.4104054481520716,1.2889567573191758e-05,0.0,261.1315198169141,-0.00012828631189751763,1.5917403544823995e-05
2005-01-04,-0.0005704904932760251,0.0006946412015095943,0.41404985618232115,0.001955100477246915,0.0,258.41558090396745,-6.359870319312575e-05,0.0019596947114110396
2005-01-05,-0.0016186439805785141,0.0006913913592780377,0.4326521304143127,0.00023655227180254665,0.0,256.20404236644447,-9.018619476401874e-05,0.0002389999299101601
2005-01-06,-0.002996480692241152,0.0006881439163859955,0.4271063220927495,1.2782649636942116e-05,0.0,258.82199271609784,-0.0001709011178147995,1.5359388700839663e-05
2005-01-07,-0.002229382341864419,0.0006849080492547677,0.4235920304407957,0.00016302977409739954,0.0,258.2367790567,-0.00011873693536903899,0.00016929731612880188
2005-01-08,-0.0032608696801514274,0.000681689482624248,0.41989980579096053,0.00029341985950362214,0.0,262.83519821023316,-0.0001805617479281237,0.0002970777493062529
2005-01-09,-0.0028970407395713074,0.0006783847081459175,0.4386075984286723,0.0034086517779167093,0.0,263.58395386819785,-0.0002046200567803814,0.0034126160026701374
2005-01-10,-0.004130577973726779,0.0006750219285824879,0.44348535340160083,4.833753583794934e-05,0.0,264.4890625948286,-0.0002517516193332645,5.1107312280902665e-05
2005-01-11,-0.001982371138650819,0.0006716522456562453,0.43727080206862057,0.0005038974564627739,0.0,263.08594105966574,-0.0001282362888256709,0.0005072046302237752
2005-01-12,-0.0022342778784407063,0.0006682924126501137,0.43741655080331926,0.0003153470655282339,0.0,260.3684998276993,-0.00017268183814772106,0.0003182041587287629
2005-01-13,-0.0012732137647052271,0.000664905976440947,0.43960416114936446,0.00239629607837079,0.0,256.5700943115292,-0.000165000100130752,0.0023995675164596216
2005-01-14,-0.0008247304855093444,0.0006615360409526502,0.4852499521833805,0.0019252015077798382,0.0,254.67491430796247,-6.224417080313473e-05,0.0019304596266390374
2005-01-15,-0.002069437529070903,0.0006581445535024008,0.4868529583774718,7.700570727472253e-05,0.0,254.6125694497606,-6.975567147219923e-05,7.937839756237163e-05
2005-01-16,-0.0021813164575625273,0.0006547711663326975,0.48252049677789555,0.00048423474286235664,0.0,261.06803711928893,-5.627587690191754e-05,0.0004900727904099392
2005-01-17,-0.004487968391954562,0.0006513844775614766,0.48041564596574865,0.00043193617109525006,0.0,266.33551558801685,-0.00018477072086879766,0.0004336360482374285
2005-01-18,-0.005697075551175802,0.0006495612320926903,0.4722898091749059,0.0008276151651043002,7.086626048815453e-05,270.7351989135455,-0.00034247110413629454,0.0014992555800650263
2005-01-19,-0.00759829307174952,0.0006503269160534704,0.46498857918432207,0.0010401112800937588,0.00028268976063378114,272.89552683210644,-0.0004970421593657321,0.0010660941486304763
2005-01-20,-0.007363062751831981,0.0006595807055295524,0.445458708509887,0.0,0.0009057336502661139,274.40043189341515,-0.000490264567194012,8.553265615773853e-07
2005-01-21,-0.0049621284344775534,0.000637953901021494,0.42554262667725995,0.001073635272723807,0.0,271.49549153789513,-0.0005206656984269282,0.0011030900265495283
2005-01-22,-0.004575162999710795,0.0006345910372707131,0.42283133239171383,0.00011603683654197866,0.0,267.7812175607053,-0.0002185150423208199,0.00011603929902200645
2005-01-23,-0.006405410498885786,0.0006406015090349705,0.4131358231079332,0.0,0.00046339834182612644,272.0660387854567,-0.0003285723143799157,1.714103802896716e-06
2005-01-24,-0.009054918494601709,0.0006437012031253449,0.39866899680732115,0.0,0.0007846351018396475,272.17466963572247,-0.00037704220325764966,0.0
2005-01-25,-0.008300330889763806,0.0006288398625486989,0.3850166622528249,0.0,0.0002058320336759427,271.30672602464927,-0.0005000286688238888,0.0
2005-01-26,-0.007070634156297157,0.0006257676977222249,0.37657404035722697,0.0,0.00021695085711735118,267.42254074369674,-0.0003774060978222702,0.0
2005-01-27,-0.005160309837362861,0.000618054705151057,0.36926568385122416,9.916428118775792e-07,-1.862645149230957e-09,267.1755256688752,-0.00037684269502001296,9.830455790912609e-06
2005-01-28,-0.003220932168812402,0.0006206046558369352,0.37094915070327217,0.002534822850240826,0.0002841775826478409,268.0988016828979,-0.0002334590285679715,0.002559559830164505
2005-01-29,-0.004713121191256464,0.0006157450251660106,0.3855686223664077,0.0007141914197617333,0.00020632632918613777,265.9921666951727,-0.00027808989529724175,0.0007172489570359053
2005-01-30,-0.0015102544494267913,0.0006097678915928987,0.38499827124529196,0.0033469639171314785,7.3764252208047e-05,264.5380393816702,-0.00017248393999317948,0.003351523255451226
2005-01-31,-0.004594108858014231,0.0006050325214526075,0.42231684395597935,0.0014084754564331079,0.0,262.51489520028036,-0.00022146403579051887,0.0014145089576132284
2005-02-01,-0.004900389387782684,0.0006018157648501423,0.42169913599046616,0.0007764274454386222,0.0,265.45872770550113,-0.00028298018594919626,0.0007809627695036202
2005-02-02,-0.005360853874077231,0.0005986256114507125,0.4178464497999059,0.0,0.0,264.0966921984139,-0.00026105832582139704,8.523464316567697e-07
2005-02-03,-0.008454888638130017,0.000600551902237585,0.4109776383739407,0.0,0.000246549656583091,269.77540764386595,-0.0003345192352173019,1.2946860010742967e-06
2005-02-04,-0.009317782260267075,0.0005998336999429822,0.40120028910663846,0.0,0.000362163967331924,269.64507586448656,-0.0005135173398980313,0.0
2005-02-05,-0.004415318959176877,0.000589159080537699,0.3939312433792373,0.0022134742999480946,8.31350094854495e-10,268.029450971528,-0.00038876530246040916,0.002217443144254092
2005-02-06,-0.0033911830708805452,0.0005860465057825638,0.43035325447269307,0.0020829951022304388,0.0,260.8345618741885,-0.00029097871570769006,0.002085284695011128
2005-02-07,-0.0012270615009938256,0.0005829323314677525,0.44927967021245296,0.003163440058291969,0.0,260.34248444005823,-0.0001324712651345016,0.003168658937381216
2005-02-08,-0.0028341918931169027,0.0005798644601961988,0.48234877074505655,0.0004934586458286998,0.0,258.60447748546994,-0.00013941218602960394,0.000496347324322846
2005-02-09,-0.004420182883402722,0.0005767899381238863,0.49217048831803206,0.0012283299728638709,0.0,259.77880755207184,-0.00019972508846871598,0.0012320849181568557
2005-02-10,-0.007093887460433831,0.0005737436188142852,0.49118151188794734,0.0,0.0,263.3545030676488,-0.0003097027192934085,8.553265615773853e-07
2005-02-11,-0.009724131832688542,0.0005707071494247954,0.48241244960863944,0.0,0.0,267.2617440232674,-0.00041445777199025885,0.0
2005-02-12,-0.004501989669045486,0.0005677236338793222,0.4721872793079096,0.00037855147726118226,0.0,268.96602146773694,-0.00022108893378474618,0.0005617148121757831
2005-02-13,-0.006654117740480241,0.0005647184400908691,0.46425615730932207,0.0004528110983681544,0.0,268.14904138238194,-0.0005052302527309812,0.0004549631711103685
2005-02-14,-0.004909644187506983,0.000561751425266266,0.48249658846810267,0.006260945277530594,0.0,265.54426781605866,-0.000471989276929427,0.006299084568091032
2005-02-15,-0.0036658243944415947,0.0005587975857621533,0.5463009706773777,0.0023244710291846324,0.0,257.79964433012714,-0.0002958062078572263,0.002330477426212871
2005-02-16,-0.003733072619316942,0.0005558635723792901,0.546233383724694,2.4611246114396782e-05,0.0,254.56207491628646,-0.00018055180329724221,2.7653541189021143e-05
2005-02-17,-0.005460947920373604,0.0005529370095770239,0.5399937746439502,0.0,0.0,260.0254922317247,-0.00020543165967962837,1.2874602361989673e-06
2005-02-18,-0.0074375086585007156,0.0005500302728960071,0.5319527663753532,0.0,0.0,260.99268271379776,-0.00030167577630382477,3.4330369089730084e-06
2005-02-19,-0.003419533035175949,0.0005471474875164572,0.5247467098487524,0.0021483054605580996,0.0,265.4392422821563,-0.00018210577026093748,0.0021540636538488005
2005-02-20,-0.005353899493729328,0.0005442696270969629,0.5370868460157722,0.0009593022408458473,0.0,266.23928159868206,-0.0002497045565291313,0.0009643449283912895
2005-02-21,-0.004222836997886162,0.0005414133186394212,0.5536279480785076,0.005778333203772368,0.0,265.799146479806,-0.000275865360294695,0.005792989148258491
2005-02-22,-0.005772795759688663,0.0005385735109027497,0.5831039055143596,0.001237302681820541,0.0,263.8687861060019,-0.00030443427484419386,0.0012402459051973267
2005-02-23,-0.007296692853593557,0.0005357303777656986,0.5732782798522835,0.0,0.0,261.5556726940608,-0.00032370224973912964,8.52346317969932e-07
2005-02-24,-0.008445767822575435,0.0005329401984726642,0.5624114932762477,2.8126994095279673e-07,0.0,263.3298811723957,-0.0003240071658024007,1.1357833005799594e-06
2005-02-25,-0.00996972094316267,0.0005301400429784914,0.5511021730814503,0.0,0.0,264.9919868656022,-0.0004524029107332904,0.0
2005-02-26,-0.009509784101092883,0.0005273605133854064,0.5389151420521422,0.0,0.0,265.6379376463522,-0.000467220736972693,4.410743663640915e-07
2005-02-27,-0.007322351474546443,0.0005246025357542738,0.5282343345397835,1.6595978858107227e-05,0.0,262.82352454693756,-0.0003896404352396896,2.1845832254185468e-05
2005-02-28,-0.00714945818408061,0.000521856933663794,0.5191609010858051,8.247834814470367e-07,0.0,262.06426399575787,-0.00031830288869681337,1.6808780011458735e-06
2005-03-01,-0.007258887765771252,0.000519127832294184,0.5113750680467278,0.0008232492722023679,0.0,264.8724711538484,-0.000325280225883096,0.0008519981003577784
2005-03-02,-0.00851675447097606,0.0005164053817253328,0.5130631326506592,0.0004678350257671486,0.0,265.4812141641161,-0.0003763917559957774,0.0004818738348739969
2005-03-03,-0.011084016980761188,0.0005137076822377868,0.5053499440913372,2.4694254842855165e-07,0.0,266.3608783930259,-0.00046752538468878153,4.3313516723988396e-05
2005-03-04,-0.011156819003113248,0.0005110248839114346,0.49575696467455277,1.2541389734731556e-06,0.0,267.04858339169607,-0.000486626605487476,2.677275533783693e-06
2005-03-05,-0.009462671428076965,0.0005083519355051936,0.48717985853637,0.0005495567611381833,0.0,267.2730186268435,-0.0004727701303985833,0.0005891691492767117
2005-03-06,-0.011227489654290476,0.0005056906891407941,0.48237543770597935,0.0007556122911851958,0.0,267.7601618470445,-0.0005727428942918777,0.0007891094280501544
2005-03-07,-0.007626942743015828,0.0005030440913755342,0.49119392581803206,0.002557145357973832,0.0,266.5529327177059,-0.0004977240400799251,0.0025892323356563763
2005-03-08,-0.00750382867573345,0.0005003147374438702,0.5215761001500707,0.005944300085137794,0.0,267.756498358344,-0.00045935327639687535,0.006032830443040448
2005-03-09,-0.010565783891637447,0.0004975784801493932,0.5274711077271658,3.637562868958813e-05,0.0,270.5175174670031,-0.00041915026972186097,3.6368514858396715e-05
2005-03-10,-0.011769119376516615,0.0004949749863080386,0.5321038025247176,0.003936936710513918,0.0,267.8887668724563,-0.0009263535372197291,0.004053189070850685
2005-03-11,-0.012642446168735203,0.0004923797428271192,0.533256918697034,8.182141319506586e-05,0.0,269.12394225485133,-0.0005567747794386357,8.439295364762414e-05
2005-03-12,-0.0070637360551936475,0.0004897860989058759,0.526794318649953,0.004292708921567195,0.0,269.04435208422996,-0.0006279474082218725,0.004297268255955756
2005-03-13,-0.0035112848305432812,0.000487235558908538,0.5919338880061206,0.006417644752115854,0.0,260.76385787202366,-0.00033354065723001624,0.006425677147283808
2005-03-14,-0.002497868475604192,0.00048470976999250514,0.6792635872763655,0.006479856952772302,0.0,258.18603517421,-0.00018837156121508553,0.006490312844018757
2005-03-15,-0.005080476824173147,0.0004821757307160372,0.7504377059792845,0.0032638002418528844,0.0,259.0078685279171,-0.0002093477816568256,0.0032704343353905925
2005-03-16,-0.008577946594542703,0.0004796714937619571,0.7769540905278955,0.0020214716172487724,0.0,263.18943832598615,-0.000354842877404838,0.0020284124012825856
2005-03-17,-0.004671445379486192,0.00047718375752874687,0.7770331718602873,0.007625058040780537,0.0,264.5973211888315,-0.00036125121859170625,0.007641815900356538
2005-03-18,-0.006623598141858808,0.0004747026720962956,0.8220851632385828,0.0010109945584488454,0.0,260.9711178350359,-0.000347676671157449,0.0010155943994792033
2005-03-19,-0.009809009351972807,0.00047225458810558433,0.8012867728195623,0.00010162318325312125,0.0,264.05323546170746,-0.0004138767792932732,0.00010479552250668133
2005-03-20,-0.008471034256751928,0.00046982805607682573,0.7763524746939737,0.0007191874549887276,0.0,267.96341606183245,-0.00036391619550811376,0.0009651153773447886
2005-03-21,-0.00504530515879561,0.0004673552210048094,0.7834182997881357,0.007980725922658619,0.0,268.60926904337106,-0.00025677931952779577,0.008071983719173852
2005-03-22,-0.010469471920008041,0.0004649055374544219,0.8062688967602402,0.0014380592705503022,0.0,265.6394168975888,-0.0005269667533578846,0.0014499341194562855
2005-03-23,-0.007608055352827924,0.00046249550614653343,0.7808571221015773,0.0009515196884756036,0.0,267.9856184224849,-0.00042084536099501257,0.000968799752704168
2005-03-24,-0.0036488127826297353,0.00046006897411777483,0.7974078794432675,0.005353399315627956,0.0,264.58413281772994,-0.0003776823165221404,0.005356268104860338
2005-03-25,-0.0069323731428485805,0.0004577267978150967,0.8019240212305792,0.0003204766850350267,0.0,263.91862903745835,-0.00021579757459082847,0.00032445237644715804
2005-03-26,-0.009411622870103114,0.00045533831846916067,0.7858967179407959,0.0003044287658343881,0.0,263.5065683555244,-0.0004294699447303169,0.00030614055477255054
2005-03-27,-0.012251417431454203,0.00045299774172615875,0.7667971968426319,4.10888996501427e-06,0.0,268.98670317942594,-0.00044315355687828394,5.90251008532853e-06
2005-03-28,-0.015558232063964264,0.0004506869673055444,0.7416755403278014,2.7542228752610375e-05,0.0,271.7938248478087,-0.0008199146796165213,0.00014944596805685639
2005-03-29,-0.012030229393371757,0.0004483844432453652,0.7206486416401837,0.0008282443603216593,0.0,268.3027317779886,-0.0008825960774290361,0.0010164790907822086
2005-03-30,-0.007465338134496226,0.0004460686175836682,0.7146416788047317,0.002605952238295711,0.0,264.4950932324943,-0.0005440112087601996,0.0026181539531167203
2005-03-31,-0.00838106980094802,0.0004437743438839239,0.745371213291549,0.003318689384702909,0.0,263.0281798763239,-0.0004815314449159439,0.0033229318714735065
2005-04-01,-0.014624767973598116,0.00044150987250656735,0.7463820290430792,1.4063497047639837e-07,0.0,267.18425885072986,-0.0005149922707239114,9.873660894537947e-07
2005-04-02,-0.018332171364355897,0.0004392669530911634,0.7267064096339455,1.5739246276812366e-06,0.0,272.0143365339146,-0.001012889447353654,9.372508778692268e-05
2005-04-03,-0.017067236667972503,0.00043731565866093186,0.7040946658721752,6.254067865468689e-07,0.0,272.06830055251186,-0.0009743470467079832,0.001044966103621445
2005-04-04,-0.017069028006435116,0.00043484551758415967,0.6847769814471516,7.760663658885632e-06,0.0,272.53208575994057,-0.0011548801288429628,0.0004661026984057454
2005-04-05,-0.01041178742034287,0.0004326273492500607,0.6811659071180557,0.0034971093011777954,0.0,270.2476936491196,-0.000688963217166184,0.0037872816546488616
2005-04-06,-0.016236352634295233,0.0004304091809159619,0.6812525747410546,0.00012136492772964435,0.0,271.17569450694515,-0.0005932576575521696,0.00013931996404787915
2005-04-07,-0.022180085338778417,0.0004800326574993673,0.657829787547081,0.0,0.002757341111615553,275.036665864359,-0.001074289860951025,4.351138045421976e-07
2005-04-08,-0.022497202338135177,0.0004704559253434004,0.621530996204096,0.0,0.0019498866914355825,275.946552488539,-0.0013984550253651237,0.000783493729026777
2005-04-09,-0.009821176360555963,0.000433657044744761,0.6842601941354756,0.018556241009194976,7.71283261520041e-05,269.9366712408551,-0.000989112876734491,0.019823365999378107
2005-04-10,-0.009886131069417728,0.00042176962235553127,0.7431891202477637,0.0012036676460740257,0.0,266.0936437272756,-0.0006180561573828682,0.00121457150763711
2005-04-11,-0.011872444912201944,0.0004196323580661063,0.7337444183292139,1.2712332151703917e-05,0.0,265.0314866656862,-0.0005408052334004203,1.3286447794423942e-05
2005-04-12,-0.015031297454389475,0.00041754324894166935,0.7213539367790726,1.2562015635819084e-06,0.0,269.11382652541346,-0.0005331690828342223,2.269269999541686e-06
2005-04-13,-0.022212273446516804,0.00042450192284449346,0.7039689173581686,0.0,0.00044846650486612055,273.7346582287,-0.001078499749429145,8.52346317969932e-07
2005-04-14,-0.03206668528964964,0.00041480741258394927,0.6759807924317327,0.0,7.036265175221332e-05,273.4669596892966,-0.00211448114533714,0.0
2005-04-15,-0.016929535626691614,0.00041138182925639185,0.6600560190089455,0.0,0.0,267.0519038126743,-0.0009697164529881909,0.0
2005-04-16,-0.02023524269040695,0.0004093557764581368,0.6497487788370999,0.0,0.0,270.7904739236203,-0.000874025026325789,1.7225742112714215e-06
2005-04-17,-0.0225691909843919,0.000438871188352337,0.6328938802083334,0.0,0.0015690014987005353,275.0732214581046,-0.0011183641493152092,0.0
2005-04-18,-0.01697150100085695,0.0005796063417768748,0.6048843757356404,0.0007746545440059598,0.002099565782789457,275.0653188026558,-0.0009146397775512631,0.0033912692366346803
2005-04-19,-0.005233051581571332,0.00043628369010774437,0.6583033559910546,0.014005330533294355,0.00013683696335318397,271.8466649172221,-0.0005664895525423147,0.016665584303563526
2005-04-20,-0.009269111784501266,0.0004016320920933438,0.7344701734639831,0.013085072281333687,0.0,271.10564823473914,-0.0006429366504320991,0.013442571166442669
2005-04-21,-0.004267787992280755,0.00039975159922562084,0.8066498205037665,0.012592821324107337,0.0,269.07730661094075,-0.0004912747522700304,0.012611248617452277
2005-04-22,-0.009800537578803673,0.00039795411508635614,0.8780471600606167,0.002771424497924956,0.0,269.81448726689973,-0.00028598474833251393,0.0029943211266756516
2005-04-23,-0.014803532111105947,0.00039637215056661834,0.8562253100723871,4.730773510905983e-05,1.057064802633167e-05,272.3142994415513,-0.0005161153773466747,7.637025262547058e-05
2005-04-24,-0.01524499155538904,0.00043218014603954255,0.8214440067384653,0.0,0.0015078833547689148,273.43681587966375,-0.0006548269772849514,0.0005601415525258596
2005-04-25,-0.01425939444768227,0.0003975761138786704,0.7901572247233993,0.00038497760302602907,0.00017033616280825127,271.2912579839962,-0.0010271101169246066,0.0005558162927172817
2005-04-26,-0.011272055323177812,0.0003910542039547937,0.7771554720603814,0.0029586276176285613,0.0,269.7502387741865,-0.0007289785597115587,0.004041444699643022
2005-04-27,-0.0038718778198048227,0.0003892498164527161,0.8236286285457863,0.013213683214396406,0.0,267.5349333524255,-0.0004950401894116805,0.013224178114853338
2005-04-28,-0.0034976628540599416,0.00038760639516647254,0.9640966153189737,0.009086365374804891,0.0,262.4874192613218,-0.00042972319080667983,0.009090456501238763
2005-04-29,-0.007403491412178945,0.0003859994270033755,1.019318144200212,0.0020687576951616904,0.0,260.6362528001746,-0.00043881736106454993,0.0020751786602369237
2005-04-30,-0.008168867415627518,0.00038440736000147245,1.0141452135563795,0.0021643504121546023,0.0,261.3055611411057,-0.0003823756824358035,0.0021694404425594096
2005-05-01,-0.008132271426545698,0.00038281689255924544,1.0147272889447976,0.0004891997760972061,0.0,262.3230725520075,-0.00031443773163745633,0.000491908882970864
2005-05-02,-0.011221013584379423,0.0003812580795611366,0.9972829585245999,4.68959537266338e-05,0.0,263.735563454206,-0.000381411026931752,5.0297143769129526e-05
2005-05-03,-0.015443184618222512,0.0003797040652420562,0.9769553778984228,3.509785411721569e-05,0.0,267.8055790471941,-0.000469021693840202,4.994692438739842e-05
2005-05-04,-0.015400307284573377,0.0003782445091312214,0.9568038911693738,0.0008220431831596935,0.0,272.35654438327714,-0.0005200874681274097,0.0016579795859846557
2005-05-05,-0.020476899620166605,0.00042241441327973284,0.9199430246586628,8.392258215758761e-06,0.002182630190657357,274.53496950584173,-0.0008544217489954442,5.992255306489434e-05
2005-05-06,-0.02146742892804119,0.0008149893775498126,0.8681288896980933,0.0,0.006210867641756765,276.64909397276114,-0.0008765401971121293,0.0012342640309848862
2005-05-07,-0.005740496861395864,0.000705789206391674,0.8488914360434322,0.025430934745713146,0.0012905152546147168,273.62291131675136,-0.000597598046948344,0.03170704339846924
2005-05-08,-0.007625527090608737,0.0006257819253846078,1.1490908405426086,0.027624678014025177,0.001634135316152357,273.08003816766256,-0.0005089982733719766,0.032383628820968895
2005-05-09,-0.012834006699465092,0.0005122823061916115,1.1224142243408664,8.111451305238542e-06,0.0020815658956597756,273.6778473072807,-0.0005931752486585897,0.0003546173289670783
2005-05-10,-0.00747137655646114,0.001055776146845629,1.0647558869615115,0.000776614699154924,0.0047173435447242975,274.15935501989446,-0.00030406296126923323,0.00664460401409257
2005-05-11,-0.002976950405344452,0.0004938537791623908,1.134215963762359,0.035713011535715926,0.0005668405927507218,271.3950187948913,-0.0006478240524055595,0.039649746354185715
2005-05-12,-0.004251873173282646,0.0003709893273768452,1.2678339898923023,0.006538298107304815,0.0,268.048652544758,-0.0005586541463005341,0.006623055638566529
2005-05-13,-0.012355861017259502,0.00037223277455669337,1.2834205986640774,0.0028291810619629036,0.0,270.3129681732695,-0.00047169646805962607,0.002864440871497332
2005-05-14,-0.01367939339350846,0.00040828626034623486,1.2401992021980934,2.5399323910643155e-07,0.0010854423803798225,273.34331690254857,-0.000343970059927574,0.001492953367814587
2005-05-15,-0.0183117538690567,0.0008672964101457327,1.1783872557674202,0.0,0.00434109629631716,275.53571263544984,-0.0006089966354817994,2.0020252122776583e-10
2005-05-16,-0.01701915255710904,0.002138158022347143,1.107890385916902,0.0,0.010391583382073096,277.28226380429027,-0.0005008801133871752,0.00011314109883610118
2005-05-17,-0.009192758234543989,0.0026329014934388935,1.0361601691237052,0.004317269192240333,0.007812651705607182,276.07419511827374,-0.00031324716989940174,0.01108379050826493
2005-05-18,-0.014410380589759957,0.0011374182620290984,1.0525562121145247,0.004649692841168851,0.003417264943742483,274.21457259399074,-0.0007117859714027853,0.005301093693499028
2005-05-19,-0.01891910356316863,0.003317288759738039,0.9954167310351931,0.0,0.013866411553601087,278.0647225388924,-0.00039421945894505347,0.0004932498866843305
2005-05-20,-0.02250912120450015,0.004863468856461305,0.9197207233551085,0.0,0.01680107439978648,279.17243899329236,-0.00044473805754198194,0.00014211974910633711
2005-05-21,-0.024293990205910245,0.0018539500270186172,0.8457624359992939,0.0,0.008560713085919451,277.9918154377049,-0.0011195586099799744,8.940617135522189e-09
2005-05-22,-0.022853906040137772,0.003100121256995336,0.8039159972339925,0.0,0.010467578062398286,277.7154854345232,-0.0008208199725144328,0.0
2005-05-23,-0.01681598562136882,0.00454758478086547,0.7471096232786019,0.0,0.01115302648921471,277.9695046239878,-0.0004954343756376688,0.0028075070367012457
2005-05-24,-0.01078876078465564,0.006128959147270118,0.7022052197357581,0.00026378376504122207,0.0073175656340890025,274.7904360065353,-0.00030559988555598394,0.01337661675813684
2005-05-25,-0.011350954277703992,0.0010357276868011992,0.6911427988170904,0.007128166613605737,0.0004920749425214563,271.9827144788035,-0.0009802235395642326,0.008895190708278992
2005-05-26,-0.0151925062139829,0.0009840874180281904,0.7292126441854991,0.0023298460127270156,0.0003509477286015527,271.68645410483845,-0.0010365249147101985,0.004494193321878064
2005-05-27,-0.019639384822320135,0.0010494294307999692,0.724092587688324,0.00042627200400088475,0.000888937168707282,273.2301099421615,-0.0010840927834733058,0.0007456279408378052
2005-05-28,-0.02017787166234464,0.0013978445934037032,0.7045813379090161,0.0,0.003682372554884119,275.206019026187,-0.0008652848323102053,0.001222521689606575
2005-05-29,-0.008266647320009222,0.0011823603325644455,0.6827976492614172,0.0032420843881739063,0.0013680162150307565,273.2005124675801,-0.0005801617152104944,0.004599890382276417
2005-05-30,-0.004793860439190084,0.0011896678788513788,0.7368959473575801,0.01187309725894093,0.00010738020899605617,271.9440843973681,-0.0005435902036010883,0.014231671249796294
2005-05-31,-0.01140617781271369,0.0012676304174681842,0.7839401446268832,0.0015234563941672699,0.0014331788245567495,272.30184924669857,-0.0006096283405345712,0.0026577577796603954
2005-06-01,-0.011764861559127012,0.0031355376970970024,0.7663843187235172,8.956776500421729e-05,0.003985336965928643,274.66894806396715,-0.00043068369482196663,0.00899263559761694
2005-06-02,-0.01813750621457558,0.0013425404069113869,0.7432049824917609,3.855892241337879e-05,0.00041105143599591017,272.6574209073169,-0.0013225444639890882,0.0006335712758834753
2005-06-03,-0.016907293917769094,0.0016202330589294436,0.7243181074181968,0.0,0.002638903714842716,273.99060232446243,-0.0009307147103682751,0.0015809582618994092
2005-06-04,-0.009551009131690205,0.0038626959263268167,0.6979136781279426,9.027045577932887e-05,0.0057641956639491905,274.8262192929083,-0.00019180556853949017,0.005341553957346523
2005-06-05,-0.017109425601649422,0.003166708737443396,0.662787773290372,0.0,0.008499291930663384,275.7983493733092,-0.0005307630293786863,0.0013773417741102013
2005-06-06,-0.01977576134400179,0.004454637483014899,0.6218634136652542,0.0,0.01051079098787685,278.06579984963054,-0.0007620013903005649,0.002686460812886556
2005-06-07,-0.012304864234506748,0.003272964540174452,0.5869756723752354,0.0015725680327011368,0.0038953089697212825,274.85919522430936,-0.0007179126953758763,0.006825035103194511
2005-06-08,-0.014191604771856535,0.003201862513008764,0.7227769409869351,0.024207455185005222,0.00022210540660357072,272.44852758576417,-0.0010171047553925192,0.027337425341040403
2005-06-09,-0.016677436518803827,0.0027482916237944266,0.7393299972045668,7.860646662065539e-05,0.00038689920036806227,272.6742647533812,-0.0010729082675892754,0.000414881389426399
2005-06-10,-0.01923207702946528,0.0028437174814569077,0.7252548993644068,3.725290298461914e-09,0.002121829864500606,273.1369697405569,-0.0009336250302734349,9.528122379281426e-05
2005-06-11,-0.020762657757196053,0.0031877631521494377,0.7013169340719163,0.0,0.0033418134402083814,274.3781542697195,-0.000935125122593958,0.0004480814529677569
2005-06-12,-0.009261823938054555,0.004780426537249722,0.6739391607079803,0.00010680638800906596,0.004578838808893484,274.92048809173644,-0.0002962601776261115,0.007464900713854517
2005-06-13,-0.013134447068481122,0.006160132376487646,0.6686551943561677,0.0056698267574364185,0.006899275285544369,275.16361587869244,-0.00037709759327314666,0.0151296974825538
2005-06-14,-0.022854142396126768,0.004121358195940654,0.6482972685675612,0.0,0.00687814859599717,276.6872351946355,-0.0010936508681309426,1.520322541059074e-05
2005-06-15,-0.02656545494235842,0.005580053154358083,0.6032804499911724,0.0,0.012323199481950643,281.5347766265582,-0.0012173448178896124,9.027655514796238e-05
2005-06-16,-0.027800307730160193,0.006878375081019214,0.5537934671463042,0.0,0.013707617476666715,282.87796144072394,-0.0009728244027007098,4.667208674129019e-05
2005-06-17,-0.036091912643047376,0.008960242241115893,0.504008549979402,0.0,0.0166998232404391,284.51778343617354,-0.0014956912899253061,0.00017811630731792754
2005-06-18,-0.03650258982417274,0.0076445251029763515,0.4567261891625471,0.0,0.012845042524701457,284.10711887237494,-0.0017698236693770198,0.00016165687199323184
2005-06-19,-0.02609402640054455,0.009455658284957801,0.41732621417431737,0.0,0.012978983779916659,284.03145384564016,-0.0013586602484186492,0.0018355554105635818
2005-06-20,-0.031960921141050626,0.00945140934933377,0.3790547573858287,0.0,0.01282464597100592,285.649205055165,-0.0015165435181835952,9.046200168630885e-06
2005-06-21,-0.03354887407546663,0.00940842505565471,0.34419828080861586,0.0,0.012176488815559508,286.96329505115807,-0.0016188782108368847,7.5124751362356065e-06
2005-06-22,-0.031517943167417066,0.011406305651206754,0.30845167946680796,0.0,0.013565622017545216,287.11907391449375,-0.0017236971459483024,0.002447305948836443
2005-06-23,-0.03209654940555325,0.009751463508875359,0.2735478460451978,0.0,0.011636481762437497,285.95920713248677,-0.0017249571832980814,0.0006073237137929731
2005-06-24,-0.029794902745950026,0.01159737861089114,0.24376590822151603,0.0,0.010514192788277643,283.4027974080231,-0.0017302084009105205,0.0020820884380287233
2005-06-25,-0.030810266396420153,0.012095146091644374,0.21838126029896424,0.0,0.00884496713172918,284.01103780498613,-0.0017808825093305718,0.001475636837841168
2005-06-26,-0.023656947759248443,0.011563339054921252,0.194604216322387,0.0,0.007559337479583288,282.7581001504442,-0.0017250638223637298,0.003241028152616684
2005-06-27,-0.02825650922154303,0.009962051433358491,0.17537572828389833,0.0,0.0066219577934108894,281.87819327877065,-0.0016575018470149255,0.0002652452817936543
2005-06-28,-0.031941287177430715,0.010085335053966544,0.154533889109581,0.0,0.007776141819138985,283.5357136879039,-0.0017771704627548236,7.755978632781466e-05
2005-06-29,-0.016859497390897937,0.013159716449214915,0.1350037885475518,0.0,0.0066928978020188495,280.2368537162881,-0.0020404554493093897,0.011768892154855243
2005-06-30,-0.019644266341702413,0.012317170110126,0.1186909648658192,0.0,0.006634688941435626,279.47009849907545,-0.00155909200025312,0.002726782608283044
2005-07-01,-0.027650713962686944,0.011908261031754273,0.0998679985434322,0.0,0.00781963426767096,282.28847277007316,-0.001548664981109948,0.0002645721383057059
2005-07-02,-0.03292666548221125,0.01233289150868432,0.07801672294314972,0.0,0.00866018326184844,284.21196473475453,-0.00218208006840978,0.004127358514608017
2005-07-03,-0.028008801704746185,0.009682472816294871,0.057669831759063095,0.0,0.006271752197358569,281.55019020181146,-0.0021888110786676407,0.0024041135263981796
2005-07-04,-0.026424391289888806,0.008490654034803143,0.04417520009416196,0.0,0.004615906015627802,280.6739874766147,-0.0021184218868529055,0.0009402585062253811
2005-07-05,-0.02734860988323298,0.008328938046417668,0.03244794425317797,0.0,0.004820316188079489,282.8309059969225,-0.002070757765638626,0.0002280152113424183
2005-07-06,-0.035103737844922454,0.007919227336086123,0.02093724252589454,0.0,0.004412380462817554,285.9103540610908,-0.002502389083811119,6.993981975673742e-06
2005-07-07,-0.03686630843722888,0.006961615914005345,0.011356677039194915,0.0,0.002978889745170788,288.0992582468439,-0.002714243070301363,0.00015352172825852114
2005-07-08,-0.03875875973937202,0.006363449123619641,0.00545201418314501,0.0,0.0018029003325155228,289.17161665663207,-0.0028538221630167826,6.311806919674419e-05
2005-07-09,-0.04333252948051119,0.005905375642291571,0.002365543343926554,0.0,0.0008191233763923754,290.5486444555883,-0.0029186864441397508,3.445451542482538e-06
2005-07-10,-0.029316397247004647,0.005478178966516829,0.0009011593691148777,0.0,0.0003491347960833103,287.73699810724924,-0.00204912810928404,0.00010953649737049776
2005-07-11,-0.02620628648726954,0.005227193067976311,0.0005406956214689266,0.0,0.0001349848626697131,284.3173263427677,-0.0027691812312367276,0.005874625387142096
2005-07-12,-0.03237103026802257,0.004751174968514739,-7.3453647229951e-24,0.0,6.443451521760327e-05,287.0918443503802,-0.002798722478124382,4.261732087229575e-07
2005-07-13,-0.042170583275751884,0.004441542393070157,-7.3453647229951e-24,0.0,2.9151469974194547e-05,291.49176537608923,-0.002959235360856447,2.999920809543255e-06
2005-07-14,-0.03467683292041391,0.004170836028406176,-7.3453647229951e-24,0.0,9.154006417861767e-06,290.0028635050169,-0.002651604408093092,0.00014012523914287695
2005-07-15,-0.03384190389497132,0.00392953664232782,-7.3453647229951e-24,0.0,3.0321968814073987e-06,289.4502419796816,-0.0027765418050316095,3.418666490220745e-05
2005-07-16,-0.04728050668865948,0.0037191692887052975,-7.3453647229951e-24,0.0,9.11727968582326e-07,291.40514647848414,-0.0030537294066053326,0.0010140679818712486
2005-07-17,-0.03642223308147011,0.0035582907119039767,-7.3453647229951e-24,0.0,2.6773682421883626e-07,284.94431665927004,-0.0032348252811842722,0.0043945658510014165
2005-07-18,-0.0331023190233667,0.0033479179702909654,-7.3453647229951e-24,0.0,9.900432522014037e-08,283.1237720590078,-0.002495101384692273,8.516560044260026e-07
2005-07-19,-0.040471644219705616,0.0031886812994035623,-7.3453647229951e-24,0.0,5.7752523045081884e-08,288.11799999459765,-0.0026171314030212197,5.684341886080802e-14
2005-07-20,-0.042338055574287804,0.0030413313774065786,-7.3453647229951e-24,0.0,2.4751081305035094e-08,289.5231065947682,-0.002700118200674569,0.0
2005-07-21,-0.0412027632112557,0.002905054112612191,-7.3453647229951e-24,0.0,1.2375540652517547e-08,289.99200586006464,-0.002605733593220765,4.261732051702438e-07
2005-07-22,-0.03955392143820639,0.0027795596479696072,-7.3453647229951e-24,0.0,4.125180217505848e-09,290.2463348877183,-0.0024173857675770585,1.380097520855525e-05
2005-07-23,-0.03968053609974641,0.002673205093475385,-7.3453647229951e-24,0.0,0.0,290.92007602899986,-0.0026079227800591518,0.0012538687114051037
2005-07-24,-0.03335848004467744,0.002563913915790407,-7.3453647229951e-24,0.0,0.0,288.74768353765745,-0.002299933468049529,0.0006841209817067378
2005-07-25,-0.022999767150919316,0.002534516702937541,-7.3453647229951e-24,0.0,0.0,285.4929476305141,-0.0023500142555873274,0.008197530733652116
2005-07-26,-0.008960555965280803,0.0025388175821573723,-7.3453647229951e-24,0.0,0.0,279.9258104529085,-0.004155435378394895,0.01651365802449695
2005-07-27,-0.025621738053311065,0.0023094309588610118,-7.3453647229951e-24,0.0,0.0,282.1073787315642,-0.0028331074863672256,0.0016959582513285322
2005-07-28,-0.03567570313221991,0.00221614691160493,-7.3453647229951e-24,0.0,0.0,285.7402251615363,-0.002633330043889372,0.00012296151980168403
2005-07-29,-0.03348043784078232,0.002144942512619967,-7.3453647229951e-24,0.0,0.0,287.2642829808812,-0.002272462388132252,0.000587119239334741
2005-07-30,-0.029216782816049072,0.0020799636840820317,-7.3453647229951e-24,0.0,0.0,287.0071654059344,-0.0025028086630469663,0.0010711965924552708
2005-07-31,-0.02539301246909772,0.0020505319544151007,-7.3453647229951e-24,0.0,0.0,286.70191275602014,-0.0024437445852547716,0.004009816680037395
2005-08-01,-0.03005461904120311,0.001954549870922067,-7.3453647229951e-24,0.0,0.0,288.1080647089612,-0.0026134284802496774,0.0007640611076328505
2005-08-02,-0.029621510014022138,0.0019184500820892683,-7.3453647229951e-24,0.0,0.0,287.8879572083497,-0.002303754737190271,0.002647749953350778
2005-08-03,-0.018270489396685262,0.0019331988641771223,-7.3453647229951e-24,0.0,0.0,284.31624241198523,-0.003165158932491885,0.00987093973964578
2005-08-04,-0.021919401815045352,0.0018023036967563092,-7.3453647229951e-24,0.0,0.0,282.8549913848188,-0.0024567851428426595,0.0014734781731319967
2005-08-05,-0.03248181101460915,0.0017414070286993254,-7.3453647229951e-24,0.0,0.0,285.9969802073391,-0.002499133243230777,0.00014752536843725517
2005-08-06,-0.03578305379145563,0.0016987166330639254,-7.3453647229951e-24,0.0,0.0,287.3386158125998,-0.0024048142282471147,0.0007818988643815968
2005-08-07,-0.03407357750976153,0.0016518296663370511,-7.3453647229951e-24,0.0,0.0,288.3880710350367,-0.0025303961845946177,0.0005943195126150961
2005-08-08,-0.03336373123071962,0.0016155824654519896,-7.3453647229951e-24,0.0,0.0,288.52054411318795,-0.0024715920720817684,0.001282936789216709
2005-08-09,-0.028671578330508735,0.0015768532530736116,-7.3453647229951e-24,0.0,0.0,286.50143679027957,-0.002185196226389058,0.001675373416835979
2005-08-10,-0.025761689254119573,0.001542708547101856,-7.3453647229951e-24,0.0,0.0,286.58591396525753,-0.0025685717125481134,0.0024607792749243265
2005-08-11,-0.022989217170887748,0.0014952800873309206,-7.3453647229951e-24,0.0,0.0,284.3648228941665,-0.0021041044386598353,0.001663646202976421
2005-08-12,-0.01856988196992605,0.0015055423570891561,-7.3453647229951e-24,0.0,0.0,281.80824306725106,-0.0023645383784663206,0.005859213403362309
2005-08-13,-0.005361161115816085,0.0015679917766549497,0.007385598737641243,0.0019913661151619282,0.000734059697827377,277.3914202242921,-0.002360825148005944,0.015083688968992502
2005-08-14,-0.017425040361908197,0.001396176505223506,0.006476623190324859,0.0,0.0006822664606369148,279.16939736130996,-0.0017158231398059153,0.00034315530526435984
2005-08-15,-0.028305212362001172,0.0013575117803562833,0.0031152067884887007,0.0,0.000339317719562579,282.40372841685956,-0.0020279310969898933,5.221989868724414e-05
2005-08-16,-0.02725875983803959,0.0013276724155339818,0.0012687496321798495,0.0,0.00015949639938982193,284.77435247417674,-0.001979025075538347,0.0004553008382262213
2005-08-17,-0.018384297309959004,0.001337272804335686,0.0003379347634180791,0.0,6.629128829907563e-05,282.9892807006836,-0.002171009973659691,0.00425152854389557
2005-08-18,-0.020931818559344884,0.0013198439179167238,-7.3453647229951e-24,0.0,1.4720831887196688e-05,282.89039724605004,-0.0020781587704090075,0.004712423672230483
2005-08-19,-0.018177977600003368,0.0013118564745800644,-7.3453647229951e-24,0.0,4.9754935132581635e-06,280.96736937054135,-0.0028971188601716767,0.006123037745723617
2005-08-20,-0.0282816139739112,0.0012179099570559918,-7.3453647229951e-24,0.0,1.5934139995251673e-06,283.6550482626015,-0.002085366575731396,8.675641247862453e-06
2005-08-21,-0.029344988828998508,0.0011945218689697612,-7.3453647229951e-24,0.0,6.649537948565295e-07,285.80519674412506,-0.0021380026861604323,0.0001287777960038321
2005-08-22,-0.0282907375255547,0.0012210883663199043,-7.3453647229951e-24,0.0,1.7769845192041774e-07,286.3138420047509,-0.0020689278167519867,0.0044285301434791695
2005-08-23,-0.025164242939086957,0.0011524335812714143,-7.3453647229951e-24,0.0,4.7502713014850516e-08,284.76243440804063,-0.0022900520145135413,0.0005176698083881706
2005-08-24,-0.03551873909888295,0.0011339054606055137,-7.3453647229951e-24,0.0,9.913060624720687e-09,285.20070743381194,-0.0023610423566342077,0.0009045937808666121
2005-08-25,-0.021739983499723642,0.0011178383045950852,-7.3453647229951e-24,0.0,2.062590108752924e-09,282.3399339593288,-0.0020323180104211227,0.0013200193643569948
2005-08-26,-0.028949255029023707,0.0010957940150115452,-7.3453647229951e-24,0.0,2.062590108752924e-09,282.09735127177845,-0.002238291447277123,0.0009645077461035762
2005-08-27,-0.030364331636725177,0.001069080442358545,-7.3453647229951e-24,0.0,0.0,284.0978188882889,-0.00197790737795291,0.00013538861919340053
2005-08-28,-0.030731361169936296,0.0010493443173877266,-7.3453647229951e-24,0.0,0.0,284.7377668657321,-0.001973636990339406,8.70227722771233e-07
2005-08-29,-0.03353724506615246,0.0010309416358753787,-7.3453647229951e-24,0.0,0.0,286.4473087899878,-0.0021243203841781215,0.0
2005-08-30,-0.029866767257957137,0.001053585591962782,-7.3453647229951e-24,0.0,0.0,285.8982810147963,-0.0017307609172359027,0.00391415882918297
2005-08-31,-0.024773603947149156,0.001003761328546341,-7.3453647229951e-24,0.0,0.0,278.0369692369594,-0.002077828598140323,0.0008617967030422836
2005-09-01,-0.0290866648241625,0.0009797274392876923,-7.3453647229951e-24,0.0,0.0,280.6956340911923,-0.0017243605107069018,0.0
2005-09-02,-0.031551553283707574,0.000963395261495127,-7.3453647229951e-24,0.0,0.0,283.3015095267143,-0.0018863465826390153,8.560237461097131e-07
2005-09-03,-0.03368464331168913,0.000947437212292084,-7.3453647229951e-24,0.0,0.0,286.1089317659425,-0.002011299712088822,2.966804356224793e-05
2005-09-04,-0.03164160609413675,0.000931768935952483,-7.3453647229951e-24,0.0,0.0,286.67347952560743,-0.0018472182169809181,3.866181188254685e-05
2005-09-05,-0.0328598844129487,0.0009165524931277259,-7.3453647229951e-24,0.0,0.0,285.34808946957924,-0.0017955190591556205,5.436010953396728e-05
2005-09-06,-0.03085232206151984,0.0009014470092320847,-7.3453647229951e-24,0.0,0.0,282.9730817072809,-0.001656470504605164,7.579050495126153e-06
2005-09-07,-0.031172016077795947,0.0008868742628959612,-7.3453647229951e-24,0.0,0.0,284.6646457212344,-0.0016492130918859763,0.0
2005-09-08,-0.03222960178966576,0.0008726623435478426,-7.3453647229951e-24,0.0,0.0,285.6552243960106,-0.0016043581236890483,8.654474754621333e-07
2005-09-09,-0.03334166724129586,0.0008618350082871605,-7.3453647229951e-24,0.0,0.0,286.51786235945826,-0.0017311381818042638,0.0005392666422436779
2005-09-10,-0.03963578029372598,0.0008505841264616972,-7.3453647229951e-24,0.0,0.0,284.4609380028791,-0.0016843717397943057,0.0008413526723764124
2005-09-11,-0.0271780814996547,0.0008330878059742815,-7.3453647229951e-24,0.0,0.0,281.09017249644364,-0.0012300077583746048,7.677182634838548e-05
2005-09-12,-0.014858915980926342,0.0008964927519782115,2.2528984227871938e-05,4.93435746869125e-05,2.63562183932396e-06,278.57687723838677,-0.0018021788258673784,0.008990151329879868
2005-09-13,-0.01388443105638364,0.0008303124857487651,0.021898402557085687,0.0036892471466697546,0.0004529109024732127,273.72169580836754,-0.0017372910669967952,0.006035939970253965
2005-09-14,-0.020274110559353048,0.0008028701873822402,0.02025056828213277,0.0,0.000513148678224639,276.13038382018357,-0.0012121488061328392,0.0
2005-09-15,-0.021367886056334287,0.0007932630635924259,0.015408445886299436,0.0,0.0006775673962919052,277.81741155922526,-0.0012522735185710725,0.0
2005-09-16,-0.02379639703506804,0.0007818668743984848,0.010630921904425612,0.0,0.0005190273441668959,280.0125825059392,-0.0013926828090669746,0.00026538601019158856
2005-09-17,-0.019987102703186082,0.0007692509788577841,0.007211343941266478,0.0,0.000259422007842926,279.22936696700907,-0.0011836783065971009,0.00048218387226853406
2005-09-18,-0.01905740317651781,0.00075689092867792,0.005766040636770246,0.0,0.00010317740804058012,276.40841948155406,-0.0011473644503765862,0.0004778234206026735
2005-09-19,-0.022517965843448534,0.0007447742641308888,0.004735684439736348,0.0,0.00018518791655025918,278.0683642816634,-0.0012943616589415545,0.0
2005-09-20,-0.027992112277928048,0.0007344618187112324,0.003195897334039548,0.0,0.00019952878987385058,282.0333288375941,-0.001432640520108622,0.0
2005-09-21,-0.01663391199489098,0.0007663260577088695,0.0019002508533427498,0.0,0.00012144067529904641,281.4781082462232,-0.001787198923191445,0.005643371128316417
2005-09-22,-0.015030565487462925,0.000733926302969119,0.0009781717131591336,0.0,8.092578605743453e-05,278.1017777214841,-0.0019626328353322836,0.0025306344032287598
2005-09-23,-0.017734411788188804,0.0007056913806893732,0.0005406956214689266,0.0,2.9079889678685683e-05,280.0546287924557,-0.0010380563089403057,0.00032378716320641303
2005-09-24,-0.005095162886684224,0.000727232229911675,0.0051402866054613945,0.0016374682512997236,0.000563250696760113,276.91371115632427,-0.001014374270193321,0.004751531291361904
2005-09-25,-0.003582465825444561,0.0007203642257862847,0.0066901887653013185,0.00036718184917660084,0.00047910579685437476,275.77771719880474,-0.001437573725262941,0.0043278305543968335
2005-09-26,-0.018017363455672723,0.0006819810234220688,0.006107423714100754,2.0895300611937789e-07,0.00035320175022391954,276.87401503941885,-0.001306053729843622,3.93526365478261e-05
2005-09-27,-0.020000049960141802,0.000676195584448044,0.003785099237876648,0.0,0.00021049828600075285,280.2665685628543,-0.0010710011189014226,0.0007609846228260106
2005-09-28,-0.013566110767213639,0.0006998573656136034,0.012490942428790019,0.0020117000966085553,0.00036377468183215733,275.1325309056572,-0.0014931994758672635,0.005463095404905169
2005-09-29,-0.021726315051822338,0.0006606230291269594,0.011997603651718456,-2.062590108752924e-09,0.0006851109723418447,280.05192191991426,-0.0013278016852120223,4.200576881885354e-07
2005-09-30,-0.02153081093299187,0.0006513561064240622,0.007190883945386064,0.0,0.0005948750123297427,281.9503942730288,-0.0012017440650675256,2.574493919382803e-06
2005-10-01,-0.028257734273786604,0.0006391582010829516,0.0036179709569209044,0.0,0.0002450125218279618,282.6786869214304,-0.0015437120550685682,0.0
2005-10-02,-0.032472420336499726,0.000630334524785058,0.002148759342631827,0.0,6.84380552357873e-05,281.72620492421527,-0.0012105330298681045,0.00017877289121449297
2005-10-03,-0.00930859868304204,0.0007430194629787727,0.012854394715160077,0.0027516636850133456,0.0010297863854695174,276.38995905155963,-0.002299923676008222,0.013771739682556924
2005-10-04,-0.003437491838878158,0.0006302151471208045,0.07635716440089454,0.020151349658009698,4.768870392088163e-05,272.44224892812036,-0.00047537753895177684,0.022298589483424582
2005-10-05,-0.005360317600648956,0.0006076866960794913,0.19924219853460454,0.008748355326847843,0.0,266.21990830301115,-0.0006491042789345408,0.008800822546926596
2005-10-06,-0.008076916938110934,0.0006037868854016235,0.20209855189206685,3.781274887128065e-07,0.00022051694913435791,267.4300692103902,-0.0008305177187262957,3.7067690811588267e-07
2005-10-07,-0.011311258889187529,0.0006489061703116208,0.18824299670433148,0.0,0.004275491576915407,273.85483531269426,-0.0009846192190034243,4.351138045421976e-07
2005-10-08,-0.010497297691760091,0.0006472163617947681,0.1550191818208569,0.0,0.004412377705681796,274.25853735713633,-0.0008232164233502022,3.008315161423525e-06
2005-10-09,-0.0036704597079147724,0.0006499795590416861,0.16795702573269775,0.010178788254658382,0.0004526013771524537,272.4066243288432,-0.00048067987933333994,0.015027706097702846
2005-10-10,-0.0073195005540793905,0.0005923066772310074,0.20492938772657723,0.0013201340064827333,0.001117518960924472,270.68123847616596,-0.0006200000328027596,0.0013260235299467267
2005-10-11,-0.006269324591941079,0.0005965409642558988,0.19011428172080982,1.877723103862698e-05,0.0017578643720365516,272.800886610358,-0.0006253380423127595,6.635120018220881e-05
2005-10-12,-0.006486550983736071,0.0005984609409914179,0.17633895730343696,0.0007301713576761343,0.0014217655348070597,272.54907553074725,-0.0006827349948175883,0.0018119533519733021
2005-10-13,-0.010415015205488367,0.000609693049037524,0.16060912856049908,0.0,0.003309576103916276,273.9977529565269,-0.0009953100865675232,4.988016381775593e-06
2005-10-14,-0.01239001115331542,0.0006219860860856914,0.13362722163371,0.0,0.004361234510601577,275.81682658150595,-0.0010633382546362904,2.5779008296922257e-06
2005-10-15,-0.014595203270009682,0.0006153032099459805,0.10353401600753295,0.0,0.004091496458329724,278.4967405962181,-0.0011704778561821092,1.7257269178116985e-06
2005-10-16,-0.014920845080566946,0.0005794689480194264,0.0783171860287194,0.0,0.002067353134438143,277.7879079506223,-0.0011507721070600097,8.553266184208042e-07
2005-10-17,-0.013106105059890426,0.0005864434491443096,0.06217516882944916,0.0,0.0027055208608087176,277.66351535315795,-0.0010962550091625607,0.0
2005-10-18,-0.01169296046771572,0.0005751120842109293,0.045448547478225056,0.0,0.002237334931637608,277.9772404241472,-0.0008828985362739887,0.0
2005-10-19,-0.011933192358178609,0.0005619164745686418,0.03272082082744821,0.0,0.0016604506300162462,277.2305756944273,-0.0008636502612192753,2.5638465217525663e-06
2005-10-20,-0.009885447257656162,0.000542315638671487,0.024237508827683614,0.0002959448907334926,0.0003605368889152667,276.04995093192986,-0.0007403964692421553,0.0010197203543326073
2005-10-21,-0.006508150679916985,0.0005367709755224023,0.04360392942266949,0.003815475619782163,0.00042779594238868545,272.29216468221955,-0.0007666588818791222,0.0043205159194262014
2005-10-22,-0.007873257969395591,0.0005317646904853779,0.04891065464630414,0.0,0.0004929061663352837,272.5900772116279,-0.0005682541404740286,7.572987982645422e-07
2005-10-23,-0.011542880223632535,0.0005386973504966263,0.04332116768185029,0.0,0.001111413578444955,273.42632299807565,-0.000523972793319131,1.2748489482252247e-06
2005-10-24,-0.012130632196779305,0.0005455076862863228,0.03428290702977872,0.0,0.0017114470339259186,275.98641749380226,-0.0006689905309997036,4.351138045421976e-07
2005-10-25,-0.012818888292811012,0.0005295343149853292,0.023668537032132772,0.0,0.0009010988524404623,277.10105237583656,-0.0007709872166989213,8.523463748133508e-07
2005-10-26,-0.015059738467305395,0.0005228559007752413,0.017542032647716574,0.0,0.0006718483811381174,277.8099208443852,-0.0007505620445656238,0.0
2005-10-27,-0.013251624917243162,0.0005128888760582876,0.01334773349223164,0.0,0.00022569077752404294,276.589950252612,-0.000836451348485583,1.6796083671278663e-05
2005-10-28,-0.01115226775071042,0.0005117817282003198,0.011343573446327684,0.0,0.00018826927884487113,276.2142185096238,-0.0008163858510259181,0.0002867500374181205
2005-10-29,-0.010857476100409772,0.0005094325643474774,0.014316939589218456,0.0007827437488035967,1.24740293302105e-05,273.4547268747161,-0.0009183285568477745,0.001527516243241172
2005-10-30,-0.008744828318808712,0.0005037978207324185,0.0250099311440678,0.002731771287271532,0.0,269.7054018139166,-0.0004674970188130767,0.003090613811029553
2005-10-31,-0.00892178432247733,0.0004990953678465159,0.03414727334922317,0.0009594235337723447,0.0,268.4146036841326,-0.0002794616597857179,0.0009681729778731611
2005-11-01,-0.010444922299034853,0.0005014951282975365,0.03952710282780132,0.00040841877123730337,0.00033764171777135235,273.1959517383756,-0.0003535545373198677,0.0004137372229732363
2005-11-02,-0.016117880362912087,0.000504089950841699,0.03552935756532486,0.0,0.00023766489183835396,275.1251725952953,-0.0008741374795803917,0.0008037311208100506
2005-11-03,-0.011666552368867196,0.0005163863553839215,0.0425016184086629,0.001826149258909926,0.0,271.4244900432235,-0.0012654990568167746,0.004675996252989096
2005-11-04,-0.007392572775735695,0.0004908341472431765,0.05301805629119587,0.0031067147682615594,2.1139633352473632e-05,268.4577793652953,-0.00043065485013070085,0.0032888718234951203
2005-11-05,-0.008129831045697639,0.0004879510672078968,0.06789799059851696,0.0007953709254493822,0.0,265.40118894918265,-0.0004706886875848312,0.0007998236323430816
2005-11-06,-0.008345189278071883,0.0004860261234186464,0.07165527343750001,0.0007324751234997464,1.155405100119316e-05,267.0046365885187,-0.00046430231403496306,0.0007354946067820915
2005-11-07,-0.008318639407723639,0.0004898905754089355,0.07319138234169022,0.0005786252434307574,0.0004416145805248433,271.38008174788484,-0.0003989572494716968,0.0005849602211318633
2005-11-08,-0.00720835767560086,0.0004842278815932194,0.0712879130620292,0.0026706491023470455,7.549859583377838e-05,271.8199108791891,-0.000502325794370161,0.0030699496888844983
2005-11-09,-0.009928150491862646,0.0004921534472266159,0.08410575564971752,1.1624589478228727e-06,0.0007980378334131618,266.13099503741654,-0.0005105081314252596,2.0255812467691462e-06
2005-11-10,-0.010890877810911945,0.0005012370940655639,0.07408104733109698,0.0,0.0015086843974172735,273.81858885669885,-0.000489730493160291,1.29479411725697e-06
2005-11-11,-0.01093784824939771,0.0004944473841769548,0.061377228990113,0.0,0.0012036277833631485,275.5348080816467,-0.0005281463075997466,-1.3294368272909196e-08
2005-11-12,-0.0055420436175529575,0.00047455475491992504,0.06282322195739172,0.005130243798096975,0.0,269.7696187294136,-0.00039086105712389545,0.005311583277127649
2005-11-13,-0.0071395735366869785,0.00047477978771015756,0.08689774048081451,0.00010223301537966325,0.00019477802397167618,262.31896538384217,-0.0004830374461361918,0.00010523634429322774
2005-11-14,-0.0035436795340419492,0.00047020092185607747,0.09642313294491527,0.005299312078346641,0.0,264.63439725886633,-0.0003260940229151882,0.0053390892884475905
2005-11-15,-0.003396640431746252,0.000468302076145754,0.13340951808203863,0.001412662009229768,0.0,257.1639279115896,-0.0003672551237425562,0.001418103016702469
2005-11-16,-0.004024567745499692,0.0004677745582020216,0.12600483867408194,0.00037798458068384285,8.493655566441811e-05,261.55464754625456,-0.00041321981277337854,0.000383161639763137
2005-11-17,-0.0031888896210045467,0.00046469010202224647,0.1502166000912194,0.005622366853689743,0.0,265.6569202085449,-0.00029435029811104813,0.005632714666033815
2005-11-18,-0.006950151448869436,0.0004782415715988073,0.1577330048699388,0.0003619727568101075,0.0009999674886970197,267.6206714824095,-0.0004781018942594529,0.0003645843030693031
2005-11-19,-0.005186822538995474,0.00046391700957454536,0.17501250588512243,0.00391160538893635,0.00018084737456451028,267.0423517676172,-0.0002675922640131019,0.003925055416285216
2005-11-20,-0.007701306945860049,0.000489673119480327,0.16955221574858756,0.0,0.0019179339715316472,269.0480446644871,-0.00033988829933654117,1.715657674594695e-06
2005-11-21,-0.007392279046066737,0.0004801809956124947,0.15341088821209983,0.0,0.0014117145647773637,270.69299095857843,-0.0004099520807296543,1.297251742471417e-06
2005-11-22,-0.007991482519497307,0.0004841756854353652,0.13907004031308853,0.0,0.0017697100374994982,270.66283317968225,-0.00039083921050621297,0.0
2005-11-23,-0.008933540791441492,0.00047823146911664204,0.12294687389653955,0.0,0.001483497499240994,271.5383581208195,-0.0004077534701696224,4.351138613856165e-07
2005-11-24,-0.008282924944398095,0.0004762776490658691,0.10917545756826742,0.0,0.0014353539100137808,269.2939570439513,-0.00033908786704648015,0.0
2005-11-25,-0.00864625558004541,0.0004688263107827828,0.09822752067149247,0.0,0.0010712019636132625,269.00040241823353,-0.0003870560729739357,0.0
2005-11-26,-0.0028690246202177925,0.0004505112683032192,0.10614255053848871,0.007931411539935797,0.0,268.79473310136524,-0.00031294842055961915,0.008230912803222473
2005-11-27,-0.0014300360265424698,0.0004478996924761325,0.16878898893596989,0.004526020738027864,0.0,262.41139749932876,-0.0002133013459585481,0.00453080009605925
2005-11-28,-0.0015052639916118256,0.0004463837308398748,0.1954734213159134,0.0024425250788529715,0.0,258.7179593303558,-0.00019225205615752163,0.0024475235805689003
2005-11-29,-0.0029108718374354693,0.0004465123691127799,0.19661366378295672,0.00010468894984089048,0.00010062257448832196,257.73754162976974,-0.00022222497368936487,0.00011055161027925197
2005-11-30,-0.0011414986124819956,0.000443429512492681,0.2140248903895951,0.004029804388176924,0.0,259.1144644886312,-0.0001621156520510124,0.004034099471052138
2005-12-01,-0.002581815387906328,0.0004420327601459741,0.23481960260710927,0.0002632743894717114,0.0,256.65948097315214,-0.00016442727360684993,0.00026627048219942826
2005-12-02,-0.001561194153155311,0.0004405995546761206,0.22590019384121943,0.0027917616363972594,0.0,264.81729276481104,-0.00010935153475420624,0.002817897961603962
2005-12-03,-0.0013973181698955387,0.00043921770349060756,0.24581351702271662,0.0018413450758335954,0.0,258.37573358927295,-0.00017225329295895194,0.0018520635268918224
2005-12-04,-0.0014175976821258244,0.0004378358523050944,0.2577577867525895,0.001741520450108469,0.0,254.85256898021524,-0.00015326126315499432,0.0017477333207912228
2005-12-05,-0.0011265831394384137,0.0004364904542427279,0.2837856601636064,0.005243097216227633,0.0,254.88351885118504,-0.0001245029323266051,0.005247464489699811
2005-12-06,-0.0009066883874478314,0.00043513840537960245,0.3618518089395009,0.0040083429486738095,0.0,253.03015930908552,-0.00013348768533623154,0.004014477772947774
2005-12-07,-0.0015906187268973748,0.00043379805855831856,0.3482774062794256,0.00017834585265251205,0.0,247.4179429523016,-6.148645307047893e-05,0.00018150598883702346
2005-12-08,-0.002625788083184237,0.0004324675616571459,0.32820040313088517,1.6391277313232422e-07,0.0,254.69841402847663,-0.00013662219089640064,3.878934819888953e-06
2005-12-09,-0.004606747315765101,0.00043116526751868473,0.31929800604696335,0.00028825963789460353,0.0,262.6866607881536,-0.00026014149925634685,0.0002924356763053067
2005-12-10,-0.0067558666996363195,0.0004298547230197885,0.31259402402601233,8.176052469318196e-05,0.0,264.5164979981388,-0.0004968082132396726,8.298800290082658e-05
2005-12-11,-0.003372430506735872,0.0004285540284410035,0.3062620001324153,0.0,0.0,266.06636669137384,-0.00016977869521426616,8.52346317969932e-07
2005-12-12,-0.005432577582739168,0.0004333367960601203,0.2997782504266714,0.0,0.0003713668234604227,267.17690692693276,-0.00026586402397034534,8.523463748133508e-07
2005-12-13,-0.0019769614699196685,0.0004259826941678753,0.2951811882062147,0.003034158741350228,0.0,265.6815097327511,-0.00018703592362376932,0.0030374637431294337
2005-12-14,-0.0010987328691671125,0.0004246753487883315,0.3601007551347693,0.0068473006246116885,0.0,258.252886659008,-0.00011758408956440157,0.0068540226940818835
2005-12-15,-0.0015330322213092094,0.0004234278606156172,0.3923096162900189,0.0021006078327779716,0.0,257.22725112828834,-7.614667006468368e-05,0.002104510897194652
2005-12-16,-0.0013323230931987873,0.0004221271660368322,0.3882056629590396,0.00013007539308677288,0.0,253.1087211026984,-5.148884203642776e-05,0.00013497449916128376
2005-12-17,-0.0012156511683248533,0.0004208631771432478,0.38549161002236343,2.0210604883183196e-05,0.0,248.5522436619703,-6.603602172627962e-05,2.4886201890309417e-05
2005-12-18,-0.0016678825525914208,0.000419603986928692,0.3829846858080273,0.0,0.0,249.48879073478864,-5.1528415353284724e-05,8.52346317969932e-07
2005-12-19,-0.002568432250938847,0.00041835144751489506,0.3801253439118409,0.0,0.0,255.66111586906592,-9.467366472475948e-05,4.351138045421976e-07
2005-12-20,-0.0027716683044945456,0.00041708240738022796,0.37554391404778725,4.3642344111103124e-05,0.0,263.92810223825455,-9.634745659801247e-05,4.595679751399883e-05
2005-12-21,-0.004188898593018958,0.00041582161760599605,0.3673546282809558,3.987197148597847e-06,0.0,269.8915323771102,-0.0001965099787813122,5.471756789104849e-06
2005-12-22,-0.005039580924026037,0.00041456747863252285,0.3555053021274718,9.723470709418173e-06,0.0,271.37265585775435,-0.00034690374182274117,1.1866947991268714e-05
2005-12-23,-0.003982568654300129,0.00041333329206132624,0.3500137472781309,0.0018205606078697464,0.0,268.63522497992506,-0.00029612948728651654,0.0020191486635928804
2005-12-24,-0.003890275450076088,0.0004120674510460116,0.35471885666784375,0.0005835579276758399,0.0,266.6835249561375,-0.00022806117237456102,0.0005858967868895818
2005-12-25,-0.004857414017962872,0.0004146322187057323,0.35046708561381834,0.0,0.00023349968053526797,272.0122088990867,-0.00030465403013983693,2.133670761850226e-06
2005-12-26,-0.004326502145346949,0.0004095642243401479,0.33990558976282964,0.00012893461238192973,0.0,270.4513713815118,-0.0003604831037211553,0.00013386585924963894
2005-12-27,-0.0031041430972390256,0.0004083151366077574,0.3642320650894539,0.004921854426295071,0.0,268.54088934846294,-0.000236762377123038,0.004930320086922773
2005-12-28,-0.0031962997074854575,0.000407074299235802,0.3691932692590631,0.00016706253764993054,0.0,267.91425721838425,-0.00020748124810430292,0.0001719482874466201
2005-12-29,-0.001983593160149741,0.0004058566133854753,0.382521462305791,0.00763945191004182,0.0,268.51545939831635,-0.00021223081959842964,0.007791178283771503
2005-12-30,-0.003164764346375977,0.00040453461940679177,0.41847818090866296,4.05021979983917e-05,0.0,261.4579779127448,-0.0002168611923264245,4.520289739167634e-05
2005-12-31,-0.0035558074376003898,0.0004032921824751601,0.41268823196209986,0.000174809562957893,0.0,268.00836041193674,-0.00015727508455346535,0.0001771169698844522
2006-01-01,-0.002369547462732779,0.0004020414951830934,0.4077739248616996,0.0020715995444416328,0.0,269.2749739321837,-0.00016821765125134573,0.0020798405516164317
2006-01-02,-0.0030220837916358043,0.00040078415709026793,0.41117810035604996,5.187624591892048e-07,0.0,266.63446574381743,-0.0001525115537441383,1.3938056757218733e-06
2006-01-03,-0.0020004127827067835,0.0003995302706788489,0.41584205986640776,0.0036863216151625426,0.0,267.76115076959474,-0.00018526627918926338,0.003703440582605297
2006-01-04,-0.001822840527626081,0.0003982662817852646,0.4299084219779897,0.001376938243201897,0.0,264.2776746947438,-0.00014165834665803587,0.0013816466102492338
2006-01-05,-0.003651797687266506,0.0003970453968155856,0.43454640419020724,8.638965039603456e-05,0.0,263.5290790026246,-0.00010774063609414182,8.638517994535824e-05
2006-01-06,-0.0053567365232834036,0.0003957699584422138,0.42699597604755185,0.0,0.0,269.4885348411604,-0.0002701586996347218,8.52346317969932e-07
2006-01-07,-0.0052537711831809435,0.00039452432239122986,0.4179013929349106,6.379296550642974e-08,0.0,270.7850438277825,-0.000337632425592444,9.252525642629946e-07
2006-01-08,-0.0024884086375856133,0.00039328693670068085,0.46678377140713273,0.01212238764527154,0.0,266.3325608391771,-0.00027238276108341704,0.012143189220100215
2006-01-09,-0.0033590138632025425,0.0003920429002093731,0.527664443193856,0.0004858474357653472,0.0,262.137343584481,-0.0001347735945114308,0.0004880016888062601
2006-01-10,-0.004736732796760603,0.0003907823629971952,0.5173549041460689,4.6338233570594577e-05,0.0,265.957047162532,-0.0002831271297093165,5.2454449907322595e-05
2006-01-11,-0.006738338051205974,0.00038955322766708115,0.5043400478901837,0.00013011296169232516,0.0,269.16989370658575,-0.00039491040032293837,0.00014576403424435396
2006-01-12,-0.0032213012882545172,0.000388305992056421,0.4977103195621469,0.001523236665180174,0.0,263.1613428686972,-0.00034012121416754647,0.0015473090321768206
2006-01-13,-0.003104360721542337,0.00038707685672630695,0.5022839332479991,1.7657665546331028e-06,0.0,263.1258091540435,-2.7360736608168503e-05,2.1958922586061737e-06
2006-01-14,-0.005926740497855816,0.00038585277263727567,0.49221784516242945,0.0,0.0,271.5568054005251,-0.00032458940552452864,0.0
2006-01-15,-0.004311266465712402,0.0003846004857855328,0.479054941295904,0.001958488912905677,0.0,266.71918418941755,-0.0003929812734746664,0.001982691799751163
2006-01-16,-0.0030980754201695073,0.00038334314769270737,0.5069963990407251,0.002234380881665117,0.0,259.9193741785829,-0.0003094244222183012,0.0022403693880706068
2006-01-17,-0.003192960121537333,0.000382119063603676,0.5077796260740348,0.0006566600779355583,0.0,262.2072796615055,-0.00011024808269099327,0.0006597856494496269
2006-01-18,-0.0045808459405845174,0.00038081542246759276,0.5069814563471046,0.0007355395220430558,0.0,265.68048594631045,-0.00027460148189700935,0.0007835918227271712
2006-01-19,-0.0022198871451582615,0.0003795647351755261,0.5193080291460688,0.002343214816797925,0.0,260.402338071058,-0.0001941574053407389,0.0023728758096694946
2006-01-20,-0.0025901921135557575,0.00037825764235803634,0.5251559097663606,0.00030709110663435554,0.0,258.8356115229835,-0.00010577966011850175,0.0003117832590954989
2006-01-21,-0.003554816762943052,0.0003769787523032582,0.5227781823799436,0.0005733047080578778,0.0,260.1286484346552,-0.00022436711032175076,0.0005811138004906434
2006-01-22,-0.003441265999934095,0.00037568336152760996,0.5224577190736819,0.0001811377577862497,0.0,258.38665421983393,-0.00014408553113876764,0.0001830707835612324
2006-01-23,-0.0039617349788294,0.00037437306959076794,0.5168590366054615,5.97879627330155e-06,0.0,262.18491848444535,-0.00011170864378833501,6.690537188686221e-06
2006-01-24,-0.0061360505425323885,0.0003730776788151197,0.508391586849694,0.0,0.0,267.3320880681557,-0.000252539481399423,0.0
2006-01-25,-0.006799167074726126,0.00037175088615740755,0.49858711084628066,0.0,0.0,268.38015822142984,-0.0003189359407472072,4.351138045421976e-07
2006-01-26,-0.004894451611796342,0.00037044059422056553,0.4889463148099106,0.00046321551846919087,0.0,268.6529730062251,-0.0003829725970656185,0.0005740439992840008
2006-01-27,-0.0035455263940627965,0.00036911540112252966,0.48307153734110175,3.7127653252607016e-05,0.0,263.5380855280128,-0.0002610940843988947,3.887445231739394e-05
2006-01-28,-0.0038339293188294453,0.0003677952592655764,0.48573248624352644,0.0009914270817896742,0.0,262.2497567214535,-0.000272492136237985,0.0010139689516516636
2006-01-29,-0.00381998313685595,0.0003664716657272167,0.4890458561381827,0.0010492976775950632,0.0,260.96037913176974,-0.00026746334160788587,0.0010548579827199278
2006-01-30,-0.004956447850849669,0.00036515657511134613,0.49040679069562154,2.8170960939536662e-05,0.0,263.2998010811384,-0.0001749641730286981,3.0891875032381703e-05
2006-01-31,-0.006294220601771512,0.00036385613309461516,0.49871285936028725,0.004178001676912363,0.0,266.6393498566191,-0.00040710912122901555,0.004184573501414553
2006-02-01,-0.0041842585229604256,0.000362535991237662,0.5189399791078155,0.001121176459358237,0.0,263.6527661935982,-0.0002781355616736547,0.0011263800587939044
2006-02-02,-0.004805164316953239,0.0003612256993008199,0.5303391853519304,0.002081303378451342,0.0,262.6850351523994,-0.0003613953789075216,0.002151882711110043
2006-02-03,-0.001970770753036111,0.00035990715700354284,0.559196975047081,0.005180079784602096,0.0,261.4953953945929,-0.00012922212271030342,0.005186772153920329
2006-02-04,-0.005164250857749228,0.0003585952655070246,0.5966452043608758,9.937319210020164e-05,0.0,263.62580177608857,-0.00011958163968250577,0.00010220559970047502
2006-02-05,-0.005344917671491871,0.00035729987473137636,0.5994594882886064,0.0031005782259386143,0.0,264.18625608900396,-0.00042359279942209436,0.003116720072944447
2006-02-06,-0.00418534129858017,0.0003559962335952932,0.6058059951006357,0.00041198747306220274,0.0,261.58928289251816,-0.00013488283286155282,0.0004172725359922612
2006-02-07,-0.005747416598648675,0.00035470084281964497,0.5971539456067562,0.00015131266272000674,0.0,263.79427280174593,-0.00023592057201148427,0.00015289554477955643
2006-02-08,-0.008367150474739614,0.0003533956021238856,0.5856434737670669,3.792050868104407e-06,0.0,267.5869796379363,-0.0003155797225354756,4.2312898528641105e-06
2006-02-09,-0.004747320324350886,0.0003520986117885611,0.5804772098634652,0.002822856655565359,0.0,265.9084028470315,-0.0004639776455143751,0.0028284225010955805
2006-02-10,-0.0026057345718987243,0.0003508230471341624,0.6099768457215161,0.002054559014274576,0.0,255.16297401456958,-0.0002705645563322946,0.002058574630501428
2006-02-11,-0.004924952436638418,0.0003495186062182411,0.6225779043079096,2.1954714241674394e-05,0.0,254.8695428851859,-0.00014776403957841088,2.3230254867685597e-05
2006-02-12,-0.00687245527903239,0.000348248892584763,0.6138053937146892,0.0,0.0,264.3749715514102,-0.00016431190536520579,4.351138045421976e-07
2006-02-13,-0.0077448359737961985,0.00034696840297030867,0.6008307677877825,0.0,0.0,267.2639839581851,-0.0003348111022411093,1.2904405366498395e-06
2006-02-14,-0.005209617485097573,0.0003456945641566131,0.6094883345839219,0.004779324272258134,0.0,264.0695648588479,-0.0004750465879500923,0.004784965245737195
2006-02-15,-0.002136213715467076,0.00034440742374139996,0.6768212614759888,0.005384035976761479,0.0,256.7301300932459,-0.0002954123005018396,0.005388833736260032
2006-02-16,-0.0018046079887508674,0.0003431484860888983,0.7557352356991527,0.002885076811926513,0.0,252.22872356551295,-0.0001960955981144124,0.0028886442153841386
2006-02-17,-0.001068074277228555,0.0003418828976356377,0.794891989612759,0.001982811354311173,0.0,247.30062862978141,-0.00012800928289439048,0.001992816505093234
2006-02-18,-0.0025362161929998023,0.0003406255595428122,0.7988570908368645,1.7601007458853857e-05,0.0,247.3483303989619,-4.172776588949107e-05,1.9026206722959985e-05
2006-02-19,-0.0034762251343430773,0.00033934347036868165,0.7903432037870763,5.478243538215336e-05,0.0,252.1486999059128,-7.041801545916305e-05,5.8316324827763444e-05
2006-02-20,-0.004466518970195857,0.00033807788191542117,0.778462153145598,0.0,0.0,256.59491848990524,-0.00011897330188145075,4.351138045421976e-07
2006-02-21,-0.003554949989426608,0.0003368436953442245,0.7692091774805792,0.0006153724961361643,0.0,257.425537666134,-0.0001922916242126691,0.0006195943570056742
2006-02-22,-0.0036985686017295067,0.00033560950877302784,0.7687657243114409,0.002393998405606733,0.0,257.7806681940111,-0.00016550118850786134,0.002398257886590604
2006-02-23,-0.006641503865435973,0.00033435562236160886,0.7851790088718221,0.0012009802490136046,0.0,262.335190936446,-0.0003249832918330775,0.0012118098257625173
2006-02-24,-0.003511014841707413,0.0003331065346292184,0.7683011214836393,0.0029309521623923957,0.0,263.9013124742526,-0.00020636106699200004,0.0029576970527401083
2006-02-25,-0.005206379765844615,0.00033187074849834556,0.796938678863583,0.0019496940707756304,0.0,263.0514782404495,-0.00026803384245620613,0.0019550329991630286
2006-02-26,-0.008775345223434903,0.00033057375816302115,0.776453625235405,1.872558209855678e-06,0.0,266.04691908094617,-0.0003489005026844262,2.2879090285235793e-06
2006-02-27,-0.012074468878366182,0.00032936617479485984,0.7479900927642421,8.082427715851089e-06,0.0,271.09672173178575,-0.0006392382001135983,1.1936957499184673e-05
2006-02-28,-0.009825080422695075,0.00032812533742290436,0.7128405095044728,0.0,0.0,272.80312010483107,-0.00046840118570516345,1.276495765978325e-06
2006-03-01,-0.010619112369367634,0.00032734214249303793,0.6770175854814031,0.0005444909977374104,0.0,268.8325970392892,-0.0010025707878551242,0.0008117243395013325
2006-03-02,-0.010259806352146602,0.0003256801158021399,0.6598663617437619,0.0,0.0,265.5363003610442,-0.00040573074803345623,8.583068797918258e-07
2006-03-03,-0.011311859313377554,0.00032448238235408976,0.6459013800612053,7.868907545919473e-06,0.0,267.8428812475977,-0.0004905548346581432,0.00029204171115268784
2006-03-04,-0.015016931472188336,0.0003232399454224581,0.6296846493938324,0.0002441581359690866,0.0,269.3457170655274,-0.0011008916328013954,0.00028084184827104134
2006-03-05,-0.012064221804424869,0.0003220289103728904,0.6158946121704332,2.3127380905851806e-05,0.0,265.17822649609127,-0.0007069832566431014,2.793976153372189e-05
2006-03-06,-0.013301495946733292,0.0003208460780860341,0.6043158637152779,0.0,0.0,269.9055515512011,-0.0006323633084105234,2.994896931340918e-06
2006-03-07,-0.013849123891464064,0.00031963664259614246,0.5930380381208805,0.0019312052235091477,0.0,270.01987647651055,-0.0009265680676378773,0.002005929748217265
2006-03-08,-0.00806637003091769,0.0003184471595085274,0.5928920594985876,0.00075773667480986,0.0,264.40502931124297,-0.0005810638668678576,0.0007616683082497051
2006-03-09,-0.00813674804686153,0.0003172776288231888,0.5938679323358051,0.0014434705177942915,0.0,263.60446678851287,-0.0005506091609092083,0.0014679765297194662
2006-03-10,-0.006389384384209154,0.0003160764436937322,0.6381249724134888,0.0030728296329409393,0.0,258.05166844010586,-0.0005176258299731265,0.0030996899651942285
2006-03-11,-0.007371635381448067,0.0003149101121277459,0.6399875217013888,3.447091091150618e-05,0.0,256.93671456389063,-0.00036207867502155953,3.815199015418001e-05
2006-03-12,-0.00307207731372219,0.00031372727984088964,0.6450783824741055,0.0028073031055388478,0.0,257.6006579354209,-0.00022738153314859856,0.002812102117105992
2006-03-13,-0.005757012357146054,0.00031256254783457963,0.6890524309233758,0.0011927604801573995,0.0,258.70506364567365,-0.00029787452270587284,0.001194862910492728
2006-03-14,-0.008011838179186912,0.00031139621626859334,0.6909124514477402,0.0003698098415372062,0.0,259.876641009487,-0.00032694061092064205,0.0003722381961766474
2006-03-15,-0.004568938776261389,0.0003102314842622833,0.6857933145009417,0.003703018239999222,0.0,263.47146587766946,-0.00022379930346867456,0.0037060180452159067
2006-03-16,-0.0076179968266837355,0.0003090726032768939,0.7283061974017185,0.0019243539095261677,0.0,262.0993570877334,-0.0003262394881349499,0.0019249815893712019
2006-03-17,-0.00933576627808102,0.0003079178474717221,0.7156184711923258,2.7724136572099676e-05,0.0,264.16614526364316,-0.0003815358557270072,3.1776044226015816e-05
2006-03-18,-0.007908686700850556,0.00030680034456953494,0.7035558093514596,0.0026999081427094627,0.0,266.61209912129493,-0.00034411568826032897,0.0028852957569169726
2006-03-19,-0.004043486242913931,0.0003056638153259364,0.7389152799846986,0.0067920650297639065,0.0,267.0065395692872,-0.00026196113519244275,0.007009682951276431
2006-03-20,-0.0030295153879849926,0.00030448578171810866,0.7834079548463984,0.005374517228643773,0.0,263.9155700848826,-0.0003087672189214809,0.005381975891226429
2006-03-21,-0.007582649546491226,0.00030335085203418623,0.7991455997675377,9.293622721386496e-05,0.0,262.4766333664429,-0.00029061865692926666,0.00010055104886911675
2006-03-22,-0.007481431430679257,0.0003022374743122165,0.7825603592867232,0.000777380888239812,0.0,264.19609305099806,-0.0002708822267792993,0.000782640747721573
2006-03-23,-0.009139192011733514,0.0003011091954290531,0.7781419197269305,0.0006529043118158978,0.0,264.17039280332864,-0.0002763451492719058,0.0006555150624904278
2006-03-24,-0.01265832861769671,0.0002999809165458895,0.760647014036017,0.0,0.0,266.97825236419277,-0.00044578682147176934,8.420356607530266e-07
2006-03-25,-0.015715834153237317,0.00029886088802316094,0.7408553013918314,0.0,0.0,270.2458934496576,-0.0006563496791710289,1.718073690426536e-06
2006-03-26,-0.006203871704427537,0.0002977491098608675,0.7314977268714691,0.008706278572816634,0.0,269.89746065014054,-0.0006010873180072187,0.008717354115786826
2006-03-27,-0.010990271713100587,0.0002966290813381389,0.7754570625147128,0.0003022921329500985,0.0,265.7061546706435,-0.000556061438963575,0.00030627890494759814
2006-03-28,-0.014689481064761428,0.0002955487050579093,0.7578538797669492,0.0,0.0,269.91166875591387,-0.000577939490098401,8.52346317969932e-07
2006-03-29,-0.010141117887645119,0.0002972756401967194,0.7377819341454802,0.0010584445491348957,0.0,272.3092351004678,-0.00048459922147672737,0.002711004389202942
2006-03-30,-0.0041657141541357095,0.00029623011747996014,0.7551527005355462,0.010718912012496237,0.0,269.91068528241806,-0.0005643939925620786,0.011435357224424332
2006-03-31,-0.011825221406537936,0.00029223332297330525,0.7849583167814265,0.00022448654060309889,0.0,268.2294020392352,-0.00044991169651012637,0.0002253348712817525
2006-04-01,-0.014377450707268584,0.0002911811494557871,0.765402009033663,2.1045953877228133e-05,0.0,271.3037339047075,-0.0007590162804571248,0.0003319710433445213
2006-04-02,-0.008976815110546047,0.0002900941223747986,0.7507855259092514,0.0020858984714174004,0.0,267.956397410391,-0.000772298234751669,0.0022009930368147427
2006-04-03,-0.012293361127376556,0.0002890038961744578,0.7504064412664784,0.0004156898854479278,0.0,269.47746739504254,-0.00038148017105578034,0.00041705280700516544
2006-04-04,-0.015242050259800282,0.0002896859820953197,0.7312595633239173,0.0,0.00010890433680539751,273.54659000044717,-0.0006527354951295476,8.446323803040247e-06
2006-04-05,-0.015372700063185503,0.00033697671135940124,0.7009327919020716,0.0,0.0019516466280161324,274.3106552454487,-0.0007761120270032668,0.0023901888542929616
2006-04-06,-0.009051641081012574,0.000338451673755538,0.6902517545021187,0.006073875279076356,0.00044446577460078874,271.8652643681471,-0.0009124018725449757,0.01021114845386877
2006-04-07,-0.00896539156046291,0.00028477684926178496,0.7250059310999295,0.0031875533572698045,0.0,270.7486452652236,-0.0005656915353768965,0.0032572523348699286
2006-04-08,-0.01583587113073317,0.0002865415845213637,0.7124138381297082,1.2040895930791306e-07,0.00016475358378078978,272.7674220313236,-0.0007508049619063147,1.8231509529535079e-06
2006-04-09,-0.01573320688669291,0.00028469678709062485,0.6899588777071564,9.604934918678413e-07,0.00011699356264987235,273.3127875786043,-0.0009197663189580213,6.536255403076766e-06
2006-04-10,-0.021590116123358413,0.0002828139369770632,0.6687814026453627,0.0,6.665553539823004e-05,273.7275422521904,-0.0013136452190199142,0.0002948395444393696
2006-04-11,-0.016327678904695025,0.00028064080887595143,0.6526993861081686,7.15099569767882e-05,0.0,271.3644596825436,-0.0011012610100672744,0.0001347870589462208
2006-04-12,-0.017897087133536906,0.000279618437680821,0.6418880024423258,7.355564647475205e-05,0.0,272.33705820920557,-0.0009702397194706789,0.00010302544049800013
2006-04-13,-0.025703344936087984,0.00030607128210660434,0.6241967727459982,0.0,0.0009883280401512728,275.53070446596314,-0.0014958791960935811,0.0011861805861952616
2006-04-14,-0.024801000068753454,0.0003020212811938787,0.6011613461481874,0.0,0.0011888619322898027,274.93479402186506,-0.001493290029887089,0.0006661902880588357
2006-04-15,-0.018588012221169337,0.000344357500642033,0.5793751287370528,0.00042552810351727374,0.003390824053920595,275.5012359331781,-0.001076925540669153,0.001899221387971512
2006-04-16,-0.019301132798868387,0.000350140077246111,0.5542479549199624,3.725290298461914e-09,0.0024439950952422147,274.942236690198,-0.0011536586966554997,0.0015935946637808613
2006-04-17,-0.018848837095465365,0.0002831575055580355,0.5324449557144539,0.0018758267627260782,0.0002430047271615368,274.22938109432016,-0.0015622641954381586,0.0026781598168611294
2006-04-18,-0.006719757523913842,0.00027375882965023233,0.6741407721280603,0.022666160711797622,0.0,265.43735032162425,-0.0008045254685616089,0.02276951867286609
2006-04-19,-0.01436220686146095,0.00027284236614313504,0.7469926104931732,0.0009219463977773312,0.0,265.4808083945524,-0.000816423414369761,0.0009274202383170695
2006-04-20,-0.014785171986299722,0.0002719376046778792,0.739906325403131,1.4832548502474856e-06,0.0,268.69032995938807,-0.00046533682925552975,1.7653245710383701e-06
2006-04-21,-0.019475587806795952,0.00027104774437381726,0.7277119379708099,0.0,0.0,272.53411328949727,-0.0007105010935226404,8.523463748133508e-07
2006-04-22,-0.0222149435325531,0.00032325956107532916,0.7054647959333805,0.0,0.0027780241548678295,275.67140817013615,-0.000938370771243074,1.7195939676639682e-06
2006-04-23,-0.009734644644004479,0.00028436736198468403,0.674962160502001,0.0011253112579806377,0.0006217004594493047,274.1281929375313,-0.0007214449072456629,0.001609739038225362
2006-04-24,-0.004365080325616956,0.00026850242399226474,0.7007123296992703,0.00858092646898523,0.0,267.3618083745522,-0.0007947918637997687,0.008591540991147412
2006-04-25,-0.011551494989017983,0.0002676442181323208,0.7510643795609699,0.0012903616126984528,0.0,267.52619555845104,-0.0004646511653722343,0.0012976059300737126
2006-04-26,-0.017234204031821698,0.0002668158145947645,0.7420808321563088,0.0,0.0,270.8431389551828,-0.0006901438868904519,2.152976549041341e-06
2006-04-27,-0.013960141141367498,0.00026612657274903553,0.7287480413576978,0.0008648970285377934,0.0,272.1436129891491,-0.0007050503308405983,0.0020242420936766796
2006-04-28,-0.015287708175384395,0.0002652814159285551,0.7391387307262242,0.002480557577758186,0.0,269.9911753695788,-0.000910473387625258,0.0027955447179005524
2006-04-29,-0.019065093817347188,0.00026446606143046237,0.7277146966219399,0.0,0.0,271.3218986741118,-0.0008275839736906149,0.0
2006-04-30,-0.014483401036195163,0.00030869102410677467,0.711787624323211,0.0005130081905820275,0.000893385649400916,272.8808255312358,-0.0006766080130207338,0.0035725089452466052
2006-05-01,-0.012637672240787982,0.00027412336088169766,0.7048204210069445,0.0013373785646958543,0.0002654094648900005,272.37406290632634,-0.0008115110508466172,0.002254275649310004
2006-05-02,-0.017516506130749225,0.0002634796382343702,0.6889048430879238,0.00020799354392256442,5.7354316873065507e-05,271.66337932795005,-0.001238436022468206,0.00023976002035841433
2006-05-03,-0.014462959968437585,0.0002614009683415041,0.6794258879178438,0.00010234772064591534,0.0,268.3677255555061,-0.0009072899429053911,0.00016939926282160702
2006-05-04,-0.008743105087913363,0.000260694973212851,0.675843549538018,0.0012280082298537433,0.0,268.1185501048345,-0.000545452206821765,0.0012516483151368788
2006-05-05,-0.016312717844200676,0.0002599841794051693,0.6805594636446565,0.0005910384579230163,0.0,270.85019455387095,-0.0005278783550454398,0.0005955588009284176
2006-05-06,-0.022216205374669222,0.00028847469448369775,0.6665485044432675,0.0,0.0014731388560122692,273.58264501754843,-0.0009330685518808285,1.7136334804490616e-06
2006-05-07,-0.019566116949259225,0.000290348536550662,0.6447760802877824,0.0,0.001521919617208384,274.82821818349953,-0.0010891272554879134,0.00044116953661756987
2006-05-08,-0.011243908587148634,0.00028406622382880605,0.6583339310410782,0.009559073027665333,0.0004087031561102571,272.8993427614259,-0.0008709719404578209,0.012554188737761502
2006-05-09,-0.009268514433149565,0.0002582702091184713,0.7699409096927966,0.016011522535634582,0.0,268.97180937283906,-0.0010227997824128739,0.016777472023802142
2006-05-10,-0.00859692339169777,0.0002566484239815319,0.8499001828066151,0.006409011255044723,0.0,266.2674485797487,-0.0005273701265285918,0.006553132498506923
2006-05-11,-0.01715540582850828,0.00025598073409775556,0.866814162547081,0.000204213805454599,0.0,269.66839421805696,-0.00052139738648288,0.0002053044946853724
2006-05-12,-0.02216295009784106,0.0003036386044011951,0.8448962195444916,0.0,0.0023515980880139237,275.2691007782959,-0.0008351169210874429,4.789219727494602e-05
2006-05-13,-0.01944360419013406,0.0003573173015131115,0.804673246969162,0.0,0.0038966139368081503,275.79450614842995,-0.0007616760114491997,1.4500648294798412e-05
2006-05-14,-0.019305992934663417,0.0007821562263251699,0.7596729802995528,0.0,0.00509324998168622,274.9376412695186,-0.0007081753337534808,0.00042974847858234994
2006-05-15,-0.02207506582730234,0.0010267990288761377,0.7127154506532487,0.0,0.0071189674617206985,276.13951492309576,-0.0007568406425206003,7.084954929890605e-06
2006-05-16,-0.0228954063633741,0.0016605886025617353,0.6613015499941148,0.0,0.011642180698907982,277.8002804865721,-0.0006286427589122859,4.4215532201540835e-05
2006-05-17,-0.023160587638448187,0.0019112402773172844,0.6024997517213984,0.0,0.014241822295438099,279.17819363294126,-0.0005799815700636745,0.00033501135764148947
2006-05-18,-0.02312843712036219,0.0032841899132324483,0.5446200325888654,0.0,0.015832529461148097,279.7544552862307,-0.0004558187020195407,0.0007239037146002561
2006-05-19,-0.021204260993475298,0.004777012571776654,0.4804956468485169,0.0,0.017507774176570658,280.5377898566467,-0.0003555373388663524,0.0015446628891127865
2006-05-20,-0.01811979269072161,0.006146194571155612,0.417311501368291,0.0,0.019844610770206668,279.8147780351944,9.2182182154413e-05,0.002472669054559395
2006-05-21,-0.02427385671664093,0.0047852519036686355,0.3554372553995998,0.0,0.01665115783696121,280.5211708442415,-0.0006795871981793204,0.001870505065545012
2006-05-22,-0.0254700385076178,0.002642941761151546,0.3031856443473399,0.0,0.015345126074754587,282.5439595691229,-0.0010727225239835893,0.0004565611984954342
2006-05-23,-0.00716633943177886,0.009371519425494523,0.254475451683145,0.0,0.010212336303824086,278.47886301389076,-0.0007382916854852336,0.02057330227838818
2006-05-24,-0.0254092061166036,0.0016513960172901047,0.23039702507062151,0.0,0.007810458035792335,278.88333226148245,-0.0014921321907201731,0.0003347312987492544
2006-05-25,-0.028341712124940365,0.0016548442470151828,0.20609905580567325,0.0,0.007245219612525683,281.2275227404808,-0.0014777520545205826,0.0003033690365020838
2006-05-26,-0.029716733695760292,0.0019854281918477205,0.17940450837158667,0.0,0.007355129609336962,282.64985279219746,-0.001739980421413136,0.00033378520812820723
2006-05-27,-0.018933416801994132,0.0030273476899680446,0.15534217389065444,0.0,0.008874790816657289,281.53185895786896,-0.0009949082971713638,0.0009895162562142759
2006-05-28,-0.022302842662159334,0.0028785273516918983,0.1303658063353343,0.00029779534976361163,0.005429874368980106,278.57233783125656,-0.0017303665836820496,0.005363446255188204
2006-05-29,-0.02310326118758843,0.0011244146837353034,0.12424596869114879,0.0007042830946755275,5.2587018679764315e-05,273.85526978947127,-0.0016340090088167436,0.0013949961312023362
2006-05-30,-0.023552755009656576,0.0012409907613096939,0.12471585893361584,5.5021127570146904e-05,0.0004687276011132925,274.33535978169994,-0.0015274935038918156,0.0010864690526222853
2006-05-31,-0.025095089428168908,0.0013380219875755957,0.1207916777012712,0.0,0.0014974593611086831,275.314674064938,-0.0015937985462994226,0.0008883241710908534
2006-06-01,-0.030889815656142048,0.001611023131063429,0.11162651909722224,0.0,0.0039604259707496665,278.5962996868989,-0.001763618588026634,8.456955172110961e-07
2006-06-02,-0.03454143196176001,0.002886870907524885,0.09477322968161489,0.0,0.006704179054431323,283.2978658155308,-0.001630934955036573,1.608315160719015e-06
2006-06-03,-0.029185086867566837,0.002952011207402763,0.07344609779602168,0.0,0.006563357124894353,283.77225434757673,-0.0016832705587148666,0.0006411905510041402
2006-06-04,-0.025145418563131558,0.0031195714817208765,0.054522210819797565,0.0,0.006864104735649239,281.9704034234171,-0.001539399394881254,0.00041110417937154835
2006-06-05,-0.027177874777613388,0.002223355706128697,0.036407068399835214,0.0,0.005478415911817282,282.6793540408607,-0.0018933185739284859,0.0004885873888390752
2006-06-06,-0.030698139704553422,0.002548172480642459,0.023359338217984936,0.0,0.004689450717746875,284.1776520860173,-0.0022380643939904576,1.6096957309634547e-06
2006-06-07,-0.029749697421566912,0.002742175075967433,0.011794842793667609,0.0,0.003463054065313717,286.5335086994926,-0.0021751237201825375,0.0006142065349490493
2006-06-08,-0.03255391693384634,0.002582165901943789,0.004595912782485876,0.0,0.0017207738664527397,287.3791315398423,-0.0032042853092238057,0.003633434186502015
2006-06-09,-0.02266185107709325,0.004125321147132055,0.0019374926435969872,0.0,0.0005592748017634376,283.8307894870162,-0.0025623834370977466,0.009906181507864915
2006-06-10,-0.018266521183784398,0.003961886305593502,0.0010363332744821093,0.0,0.00024676106154581924,280.6452288941924,-0.002816137357872758,0.010064353040382687
2006-06-11,-0.027159577793320698,0.003251197142789593,0.0005406956214689266,0.0,9.763327106244146e-05,280.42268289684574,-0.0021532884256987924,0.00029665079692692373
2006-06-12,-0.030753622284043308,0.003286274728801965,0.000382992731873823,0.0,9.330200020876307e-05,284.7588703852365,-0.002825188981947926,0.0005020670971627963
2006-06-13,-0.035092174501742346,0.003247878056461528,-7.3453647229951e-24,0.0,4.99109553415223e-05,287.51975624889076,-0.0028889840889701063,4.3954216154281705e-06
2006-06-14,-0.04163391867094795,0.003199872829146305,-7.3453647229951e-24,0.0,1.7125748813489066e-05,287.32797753788435,-0.0028664363905955845,0.00028146375240272896
2006-06-15,-0.03390810083029634,0.003141510789677248,-7.3453647229951e-24,0.0,4.4182995281650525e-06,280.4626932198045,-0.0025212792469199094,0.0006313001537053599
2006-06-16,-0.031232899402157736,0.0030641290595975978,-7.3453647229951e-24,0.0,2.5286512859797078e-06,280.6858843930922,-0.002204408984904909,5.4269860693290414e-05
2006-06-17,-0.032806618444326904,0.0029841387844355095,-7.3453647229951e-24,0.0,1.854521069823012e-06,281.8111852261531,-0.0022748047959501466,5.385666871798146e-06
2006-06-18,-0.034247187360868625,0.0029016505021833435,-7.3453647229951e-24,0.0,1.2059417148094394e-06,281.4689875924206,-0.0023354001574765497,8.854475393974165e-05
2006-06-19,-0.030430171701867702,0.0028188352362584265,-7.3453647229951e-24,0.0,9.328169001024322e-07,283.96818056483727,-0.0023987314711182805,0.00012677838591864234
2006-06-20,-0.03190328071346391,0.0027449113332619103,-7.3453647229951e-24,0.0,4.1750612231971184e-07,283.3283257924455,-0.0022815223467552055,0.0011178234876212429
2006-06-21,-0.027053017947970142,0.0026652281735576482,-7.3453647229951e-24,0.0,1.7452037940591068e-07,280.37719027919735,-0.0021210512419962617,0.0009460106405808828
2006-06-22,-0.027870233954682865,0.0025866777546661723,-7.3453647229951e-24,0.0,1.1264267614332298e-07,280.8045904263714,-0.0022117349629600844,0.000834313472239822
2006-06-23,-0.03257242337626926,0.002505797703387374,-7.3453647229951e-24,0.0,7.591594410481426e-08,282.9828974046725,-0.0023566698971188675,0.00040839555597310646
2006-06-24,-0.026436516331077298,0.002489032886796079,-7.3453647229951e-24,0.0,3.918921206630556e-08,281.9097472296821,-0.002348778085351664,0.005294602839857899
2006-06-25,-0.02799565302955229,0.002369000244948824,-7.3453647229951e-24,0.0,2.4751081305035094e-08,281.6664858816258,-0.0025912744050982307,0.0016284446854450511
2006-06-26,-0.030565936602441602,0.002304696346406883,-7.3453647229951e-24,0.0,8.250360435011697e-09,282.62720765007873,-0.002753754109565148,0.0020980519126602296
2006-06-27,-0.03207955294746464,0.0022268382842931373,-7.3453647229951e-24,0.0,4.125180217505848e-09,283.50593433272365,-0.002729874156878493,0.000676865210640902
2006-06-28,-0.030639158635489685,0.0021771563816878757,-7.3453647229951e-24,0.0,4.125180217505848e-09,285.8349138823831,-0.002471579270342649,0.0019333849182236668
2006-06-29,-0.027891565051119206,0.0021679061280805516,-7.3453647229951e-24,0.0,0.0,286.14111424390427,-0.0030526330136815038,0.006178393572691794
2006-06-30,-0.030625156553114877,0.0020552706078620954,-7.3453647229951e-24,0.0,0.0,287.18106138728655,-0.0029197950231826916,0.001566070200359754
2006-07-01,-0.02643404614790685,0.0020553172476547583,-7.3453647229951e-24,0.0,0.0,285.1831135866557,-0.0028376978017010937,0.0057837611874277045
2006-07-02,-0.029492651507005852,0.0019540909656697073,-7.3453647229951e-24,0.0,0.0,285.3696143299398,-0.0029001454217622512,0.0020921003010313396
2006-07-03,-0.02596578532356327,0.0025784445684508416,-7.3453647229951e-24,0.0,0.0,285.0261778032264,-0.0026975014262785348,0.007467554214811116
2006-07-04,-0.021967709148670998,0.0019683098725679906,-7.3453647229951e-24,0.0,0.0,284.48482758401707,-0.0028868622520128217,0.007290731455328944
2006-07-05,-0.02492575170630116,0.0018046016746995142,-7.3453647229951e-24,0.0,0.0,285.4600598107175,-0.002637614022498414,0.0003632916569036279
2006-07-06,-0.03275482436526293,0.0017816437839788233,-7.3453647229951e-24,0.0,0.0,287.6524968407698,-0.0030442533730450326,0.0018156685229748658
2006-07-07,-0.030705258292330187,0.001740457142813731,-7.3453647229951e-24,0.0,0.0,287.02954958612185,-0.0028445949346500602,0.0018305162252005886
2006-07-08,-0.03206013218831208,0.0016944046411137127,-7.3453647229951e-24,0.0,0.0,285.7747624679249,-0.00282996777171469,0.0011421463523505978
2006-07-09,-0.022354578609857182,0.001665176981586521,-7.3453647229951e-24,0.0,0.0,285.0329401623282,-0.002274753410095549,0.0018393324895158514
2006-07-10,-0.025733860451622875,0.0016392632729589603,-7.3453647229951e-24,0.0,0.0,284.5026675258428,-0.0024264400225069566,0.0019408759928229164
2006-07-11,-0.03411067453986508,0.0015866366651772108,-7.3453647229951e-24,0.0,0.0,286.9580831078711,-0.0030353401634989493,0.0002019076823645948
2006-07-12,-0.03428272856662503,0.0015734307846780552,-7.3453647229951e-24,0.0,0.0,287.7926738616887,-0.002948823263921307,0.002419961205983566
2006-07-13,-0.039313040884201136,0.0015250368643615207,-7.3453647229951e-24,0.0,0.0,285.7864977841997,-0.002898375677355265,0.0004472937867872313
2006-07-14,-0.03869503231371863,0.0014897275105708065,-7.3453647229951e-24,0.0,0.0,288.23218708433456,-0.0029235260066507902,8.583068833445395e-07
2006-07-15,-0.04277109127428572,0.0014577855666478474,-7.3453647229951e-24,0.0,0.0,291.22654377134506,-0.0028705079803022287,8.583068833445395e-07
2006-07-16,-0.04373631752648597,0.0014267737245829092,-7.3453647229951e-24,0.0,0.0,291.7824166867244,-0.0027726545908861914,0.0
2006-07-17,-0.042342049885267595,0.0013973005747391007,-7.3453647229951e-24,0.0,0.0,289.4333456043021,-0.0027614249347966946,0.00012176797884962646
2006-07-18,-0.04205694824120419,0.0013703974963581494,-7.3453647229951e-24,0.0,0.0,291.1166024145209,-0.0027099254220134795,0.0005261758351570162
2006-07-19,-0.040739952423478255,0.0013371842392420367,-7.3453647229951e-24,0.0,0.0,290.10830562756786,-0.0024803179647710366,1.2626418959623004e-06
2006-07-20,-0.032764508099542504,0.0013280238135386323,-7.3453647229951e-24,0.0,0.0,289.55717943123284,-0.002340696825735313,0.0023746631407118653
2006-07-21,-0.03437508234364839,0.001284181145624926,-7.3453647229951e-24,0.0,0.0,286.6654755795294,-0.002358844845771453,0.0003350499322844697
2006-07-22,-0.03349946746550038,0.001255611157686697,-7.3453647229951e-24,0.0,0.0,287.8116054534912,-0.0022824342167899435,4.351138045421976e-07
2006-07-23,-0.03948725360093144,0.001259165968598619,-7.3453647229951e-24,0.0,0.0,290.4654485591163,-0.0023740605993122707,0.003343523248255201
2006-07-24,-0.03185300693168479,0.001278690362380723,-7.3453647229951e-24,0.0,0.0,289.3051147891977,-0.003371748336627659,0.008622708967119691
2006-07-25,-0.027249305640573557,0.0012362678508974064,-7.3453647229951e-24,0.0,0.0,287.5413322197291,-0.0037269205970447616,0.00658625357566327
2006-07-26,-0.030614088820872336,0.0012029133274056817,-7.3453647229951e-24,0.0,0.0,287.79386959686565,-0.0031915535613641906,0.004732442777652257
2006-07-27,-0.0344692349939023,0.0011389229425602715,-7.3453647229951e-24,0.0,0.0,288.0832379048378,-0.0027214763212507057,0.0001023498295049613
2006-07-28,-0.04034750037274119,0.0011159738915114755,-7.3453647229951e-24,0.0,0.0,291.1561660658842,-0.002661999567585477,0.0
2006-07-29,-0.04117383062839508,0.0010943806777566167,-7.3453647229951e-24,0.0,0.0,291.89821108586375,-0.0025693021798874702,0.0
2006-07-30,-0.04002974489651158,0.001075450141551131,-7.3453647229951e-24,0.0,0.0,292.26179860720305,-0.002375223042474965,0.0003399237181435823
2006-07-31,-0.03886927731629819,0.0010533431323908144,-7.3453647229951e-24,0.0,0.0,287.7501034889293,-0.002322887870256847,1.4943427502999573e-05
2006-08-01,-0.0254803321792581,0.001039943789358193,-7.3453647229951e-24,0.0,0.0,283.977262076685,-0.0017716782588490657,0.0010830708816176858
2006-08-02,-0.027251966844844284,0.0010416232428308262,-7.3453647229951e-24,0.0,0.0,282.43252313833005,-0.0028111375342149522,0.003747539482058292
2006-08-03,-0.03465334734337478,0.000997371340202073,-7.3453647229951e-24,0.0,0.0,284.31537309204793,-0.0021307092096845984,8.588085549778392e-07
2006-08-04,-0.03743705498633412,0.000979212886196072,-7.3453647229951e-24,0.0,0.0,286.8126754221944,-0.002135790589839052,3.3633517340293287e-05
2006-08-05,-0.03704584709836939,0.0009641987455766754,-7.3453647229951e-24,0.0,0.0,287.17985232940504,-0.0021902288568053543,0.0005369838179791816
2006-08-06,-0.03302355880959559,0.0009569372497709458,-7.3453647229951e-24,0.0,0.0,287.0754233897294,-0.0022549430003105586,0.001975905676346041
2006-08-07,-0.03589183748778651,0.0009516452328633456,-7.3453647229951e-24,0.0,0.0,288.1332615494953,-0.002753582935632959,0.003227281530941048
2006-08-08,-0.03673325420099463,0.0009190213713942274,-7.3453647229951e-24,0.0,0.0,288.4713382864627,-0.0023515863280932784,0.0012238392557677887
2006-08-09,-0.0408057003455647,0.0008961726716682737,-7.3453647229951e-24,0.0,0.0,288.62279321918385,-0.002194345165780709,2.1489195205504075e-06
2006-08-10,-0.037912095712739874,0.000882281085192147,-7.3453647229951e-24,0.0,0.0,288.11611731577733,-0.0020595814527596457,0.0003222906472160222
2006-08-11,-0.04042385594319489,0.0008684720023203705,-7.3453647229951e-24,0.0,0.0,288.148091425779,-0.002190702631648651,0.0005650803025491897
2006-08-12,-0.034968631457811025,0.0008521833493884674,-7.3453647229951e-24,0.0,0.0,287.0381512183927,-0.0017847754797861402,0.0002775278131840593
2006-08-13,-0.021233618848741392,0.0008534196406434486,-7.3453647229951e-24,0.0,0.0,282.2121426928964,-0.002325920061876545,0.0028704218271662493
2006-08-14,-0.03259586976409632,0.0008236376915947866,-7.3453647229951e-24,0.0,0.0,284.10060227388715,-0.0017389733933627942,7.37689979289204e-06
2006-08-15,-0.033597134643018584,0.0008239483429213702,-7.3453647229951e-24,0.0,0.0,286.6101487154341,-0.0020099889992152235,0.002010817682674302
2006-08-16,-0.03470177969521722,0.0007975856631489125,-7.3453647229951e-24,0.0,0.0,286.429205461635,-0.001815032687480167,8.158100497970693e-05
2006-08-17,-0.03618705680983215,0.000789046455911324,-7.3453647229951e-24,0.0,0.0,286.52817465715714,-0.0019305506458053483,0.0009412046542948923
2006-08-18,-0.02242043286056842,0.0007769281918046164,-7.3453647229951e-24,0.0,0.0,282.5776766437595,-0.0016063175737689446,0.0009418261588953847
2006-08-19,-0.029356942296364884,0.0007607522657362082,-7.3453647229951e-24,0.0,0.0,283.5120589046155,-0.001520967374076951,7.875211485695687e-05
2006-08-20,-0.034614045614913366,0.0007486264247678769,-7.3453647229951e-24,0.0,0.0,285.4879982511876,-0.0015339022081366366,3.058671277653026e-05
2006-08-21,-0.035099120968479225,0.0007368380067038672,-7.3453647229951e-24,0.0,0.0,286.21609410144066,-0.0016284540274554055,1.0820768647274728e-05
2006-08-22,-0.03883125494092198,0.0007285350291742444,-7.3453647229951e-24,0.0,0.0,288.26942836093366,-0.0018575126673542174,0.0006419612189470712
2006-08-23,-0.040492189090467444,0.0007142135820819833,-7.3453647229951e-24,0.0,0.0,289.0006283618187,-0.0016647507199796581,1.9989444711114055e-05
2006-08-24,-0.043189751100068716,0.0007035332379368065,-7.3453647229951e-24,0.0,0.0,287.1654392141856,-0.0015277906431485034,7.901083940247336e-05
2006-08-25,-0.02651249368985494,0.0007026113022518697,-7.3453647229951e-24,0.0,0.0,283.190495988519,-0.001581111675559801,0.0018084677262494794
2006-08-26,-0.010468682621495199,0.0008010071212962522,-7.3453647229951e-24,0.0,0.0,280.6680870379432,-0.0026052169354453597,0.015130848248057932
2006-08-27,-0.013686943062617954,0.0006939362166291577,-7.3453647229951e-24,0.0,0.0,280.4661338719945,-0.002059352889362365,0.003098143729684097
2006-08-28,-0.02462932484298103,0.0006744666288128006,-7.3453647229951e-24,0.0,0.0,281.66152834128974,-0.0018357392821439916,0.0014746851166308127
2006-08-29,-0.0306786887642354,0.0006563523731662729,-7.3453647229951e-24,0.0,0.0,284.3653268832047,-0.0019560134785491868,0.00012422416169764633
2006-08-30,-0.034701420594069915,0.0006641739674207181,-7.3453647229951e-24,0.0,0.0,286.79279777469384,-0.002304388704778111,0.0025769964112050655
2006-08-31,-0.0341989838723409,0.0006373507828362244,-7.3453647229951e-24,0.0,0.0,282.2487191130213,-0.0016550799979075876,1.7106532368416083e-06
2006-09-01,-0.019571167601030427,0.0006510657442491607,0.00038873992172787196,0.00013636839760225374,3.2972397103821494e-05,277.44505050716657,-0.0021917487226300325,0.003907526635521787
2006-09-02,-0.0228181334454461,0.000625317211205003,0.0008312735404896422,0.0,3.3434269960317236e-05,277.6707404580269,-0.001771473120582306,0.0006967094644274423
2006-09-03,-0.026569790212111286,0.0006127094818373858,0.000382992731873823,0.0,2.8639884486710288e-05,280.7738741535252,-0.0015085431731353372,8.846516336856091e-07
2006-09-04,-0.029238355445996518,0.0006045537479853226,-7.3453647229951e-24,0.0,1.8330553999054906e-05,282.8467647387259,-0.0015643294164016423,4.355308025746358e-05
2006-09-05,-0.030995628675498533,0.0006045236089135294,-7.3453647229951e-24,0.0,9.334609333404714e-06,284.58367433206735,-0.001735416619833243,0.00124324631863217
2006-09-06,-0.026863008442908357,0.0006038631591419717,-7.3453647229951e-24,0.0,3.826504541655719e-06,284.6529167807484,-0.0014686988940262526,0.0018485243541696515
2006-09-07,-0.025161461852027875,0.0005922192907602775,-7.3453647229951e-24,0.0,1.580491241088695e-06,282.6099479014366,-0.0018968138012424704,0.002017015302842512
2006-09-08,-0.023423623272591395,0.0005760848690560983,-7.3453647229951e-24,0.0,6.31615603710972e-07,281.8695291601781,-0.0015138343060757482,0.0005209148098292593
2006-09-09,-0.021515697072454768,0.0005884856659140291,-7.3453647229951e-24,0.0,3.492091335145767e-07,281.32204489698967,-0.0016329824650860103,0.002995119374305165
2006-09-10,-0.016069802271444247,0.0006424527888917653,-7.3453647229951e-24,0.0,1.8016093194821462e-07,280.41935047501676,-0.0020335412315898023,0.009270178345591658
2006-09-11,-0.020863714191199697,0.0005646503746172803,-7.3453647229951e-24,0.0,7.002282950837734e-08,280.570532261764,-0.0018219818587357044,0.0015890340177676637
2006-09-12,-0.02567986062185913,0.0005459393990241876,-7.3453647229951e-24,0.0,3.283306703729145e-08,281.97301542062996,-0.0015564890378444208,4.351138045421976e-07
2006-09-13,-0.030559604450807732,0.0005391764607133165,-7.3453647229951e-24,0.0,1.5069535896602995e-08,284.6109946514928,-0.0016781193346290266,1.4231367308407937e-06
2006-09-14,-0.03240156868251704,0.0005450302598166601,-7.3453647229951e-24,0.0,4.125180217505848e-09,284.63476610991916,-0.0018985225045579975,0.0018424728290207927
2006-09-15,-0.010875377151588936,0.0005986956553270588,-7.3453647229951e-24,0.0,0.0,280.7540341285662,-0.0025588308834591828,0.00865286380366671
2006-09-16,-0.003709526848321581,0.0006458791299054853,0.021347132106285315,0.010893221713055325,0.00029173782779335305,275.37894287037534,-0.0020251466582218805,0.02325932033317911
2006-09-17,-0.005519162674071426,0.0005155779042486418,0.09514518780896893,0.007141432098749669,0.0,269.71225060356994,-0.0007582555740734951,0.007272623858209384
2006-09-18,-0.008978824073311973,0.000531039837390016,0.12359193848575802,0.0021375076961045888,0.0017315559720588944,272.26676847885335,-0.0008817146305984024,0.002216197205026325
2006-09-19,-0.014700194999659804,0.0005801128128827629,0.10154318944209041,0.0,0.005832323667693273,274.91104402919274,-0.0010095978376723955,0.0
2006-09-20,-0.013600348584396018,0.0005551387192839284,0.06440668770597929,0.0,0.0036282613452544997,278.2775394777345,-0.0009479508445845487,0.000650235050781541
2006-09-21,-0.002913823235506392,0.0005424858654959727,0.049941930393714695,0.005762640607811637,0.0010377061316522503,274.460173924764,-0.0007321564217576873,0.009027722825853526
2006-09-22,-0.0022472932008700186,0.0004908163837120358,0.11019225039724576,0.013006790030726606,0.0,270.03773796670635,-0.00045091286827783807,0.013313849834308087
2006-09-23,-0.004870938421305964,0.0004862092309078929,0.23114806784074862,0.012991107032123932,0.0,270.37334148313596,-0.0005402166375332633,0.013207815309697368
2006-09-24,-0.009541503748314528,0.0005087190765445515,0.24207761372999062,8.782239283545544e-05,0.0020053840563290536,271.49695281120347,-0.0008378016557228767,9.054159372706862e-05
2006-09-25,-0.011903121099296938,0.0005499374563411131,0.21698837136593693,0.0,0.005150689390924691,273.44642624792186,-0.0008608736466132316,8.52346317969932e-07
2006-09-26,-0.013499391701935377,0.0005540603635001318,0.17730310587335216,0.0,0.0054511031567376885,275.4500770892127,-0.001059026083787956,8.52346317969932e-07
2006-09-27,-0.008125241698518311,0.000503312228089672,0.14634621255590868,0.0013951491669746442,0.0011990502855535282,274.4811716025832,-0.0009089762892174183,0.0027801540948008416
2006-09-28,-0.01444017377782003,0.0005610368009340965,0.13618724988229758,0.0,0.006096624953430252,275.7993352642168,-0.0011472896393914683,4.410743663640915e-07
2006-09-29,-0.014531218399435789,0.0005448708931605022,0.09511254377059794,0.0,0.005023711229448265,278.66940536067983,-0.0009784446976615884,2.473963080206619e-06
2006-09-30,-0.018358188412957274,0.0005315141489276779,0.06488531367702448,0.0,0.004195909547266987,279.4699817916094,-0.0012806001208764686,0.0
2006-10-01,-0.020283722566009244,0.0004986898373749297,0.042460008754119594,0.0,0.002428708861103166,280.2167952370509,-0.0015108425664783873,1.2886207514384296e-06
2006-10-02,-0.019649140452597774,0.0004798920646225665,0.028061459068973636,0.0,0.0013635213576299323,280.15635505144655,-0.0012706129332888598,0.00032953060952459694
2006-10-03,-0.004600091968889291,0.0005786232860748378,0.01962964189030132,7.059795539931389e-05,0.0013438086893598914,276.9799322174992,-0.0019372527745399773,0.007955735349385753
2006-10-04,-0.012846026885307444,0.00046637789004266606,0.014172110404896422,0.0,0.0007998265725913022,276.3905776826675,-0.0012133572734681901,0.0002614004623079012
2006-10-05,-0.018399205164047288,0.0004682927313497511,0.009367229799317327,0.0,0.0008415472562198586,280.49455180051416,-0.0013169292465778396,0.000686388082589677
2006-10-06,-0.017032829718401206,0.00046175979288284386,0.0035623381591337105,0.0,0.0006752068040061132,281.99365884166656,-0.0011858464886913191,0.0005424353978713373
2006-10-07,-0.010076731401311476,0.0005406924223495742,0.0019345041048728815,0.0010928672627877382,0.0001844483201449874,278.28782393029854,-0.0021186747435627687,0.00840384732850522
2006-10-08,-0.004302182482124049,0.00045195988005837485,0.024994298787664782,0.0047528699545537016,6.818817665347946e-05,272.51778739095863,-0.000988134440813361,0.005936330590543027
2006-10-09,-0.003669072595019799,0.00044038959142178466,0.056604762535310736,0.006342104662441265,0.0,270.375701864785,-0.00047403675014689816,0.006559512237942206
2006-10-10,-0.007510653533841257,0.00045186794747067034,0.08173492489112524,0.0005547845851903582,0.000790657886004044,270.02718453128915,-0.000646086125555685,0.0006729541524874153
2006-10-11,-0.007442868277851471,0.0004368693815112788,0.08599060403425142,0.00398240871937935,0.0,270.26048037426625,-0.0006339338708058589,0.004049952540013873
2006-10-12,-0.00880358725954584,0.000435561615194978,0.11922706273540493,0.003843409172390814,0.0,270.71183492010374,-0.0008045607114915796,0.003918703413952542
2006-10-13,-0.00832955147755348,0.000457470531517503,0.11667324145185973,4.2603009164670094e-07,0.001482205433865725,271.25118591466645,-0.0006406934205758371,2.187389336117029e-06
2006-10-14,-0.009332676939034865,0.00047457394963603913,0.10259699417372882,0.0,0.0023795380178144427,271.9924240255985,-0.0007319598127219637,0.0002548443937332765
2006-10-15,-0.011353955051656496,0.0004623866519012021,0.08489312065972224,0.0,0.0018122209772720177,273.40697966681586,-0.000909743751635996,4.3009920958070325e-07
2006-10-16,-0.0058515741158339935,0.0004712935053022568,0.08665405963100282,0.008682603037542543,0.0006171124066505055,273.86831509505737,-0.0007520402955301737,0.01163486161474312
2006-10-17,-0.003729221342647143,0.00043080688196387,0.1431788212835452,0.0020543474198903068,6.450948405400508e-05,265.93560762279674,-0.000508569812370559,0.0021292744167919417
2006-10-18,-0.007047814080270671,0.0004331809652727203,0.14408090020303674,0.00023498344050962376,0.0002855314415390209,263.945573066812,-0.0006729693567685489,0.00023782977276602706
2006-10-19,-0.006487673537879341,0.0004276976747027899,0.15080741120821564,0.0034034328356301047,0.0,267.9991961405551,-0.0006426642569950071,0.0034195391976850954
2006-10-20,-0.0032000198202618104,0.00042680764602402515,0.18838161892361113,0.010631425821848511,0.0,269.33680050521247,-0.00036171940549955525,0.010832569824315892
2006-10-21,-0.0031996084808629793,0.0004259423684265654,0.2576982458657015,0.0077044009573042065,0.0,264.1693584887546,-0.0003195511924344941,0.007713221689095019
2006-10-22,-0.004625581204891205,0.0004251119443925761,0.29529337335216577,0.002733541368427923,0.0,263.286806354415,-0.00037093204840765167,0.002739628863097638
2006-10-23,-0.009791550368575727,0.00043025065613331773,0.2904576878089689,0.0,0.00038976951549618934,269.45116595180247,-0.0007054557613397049,8.523463748133508e-07
2006-10-24,-0.010087897843223509,0.0004360014941059264,0.2766913290077684,0.0,0.0008174193402131398,270.2174379452923,-0.0007631237181903281,8.52346317969932e-07
2006-10-25,-0.002381064587056974,0.0004271906984727936,0.2725338118673494,0.006376970454124407,0.0001811671707421373,269.8606649495788,-0.0003868272149209249,0.007177462382402852
2006-10-26,-0.0074539134057901675,0.0004218006033008382,0.34675095265419026,0.004378515721882805,0.0,266.62308270872876,-0.0004606821790000814,0.004399353434057451
2006-10-27,-0.0073467725414340795,0.00042100343327064303,0.3397534041754944,0.0,0.0,269.30408830516984,-0.0005446384781918958,8.553265615773853e-07
2006-10-28,-0.009831256154230087,0.0004202030641210955,0.3286250055173022,0.0,0.0,272.0876607374059,-0.000868770967390241,4.351138613856165e-07
2006-10-29,-0.010326668914765288,0.0004227951084826626,0.3153407210010593,0.0,0.00022370476633478694,273.1205575623306,-0.0008871506973259194,1.7238274381270458e-06
2006-10-30,-0.0041881939027942515,0.0004185626735795016,0.31496807321092285,0.0026372233142623797,0.0,265.25901926259763,-0.0004984343866423026,0.0026416239933729274
2006-10-31,-0.004404511576318471,0.00041783521067624715,0.3363979648511064,0.0002578753283468344,0.0,257.14628370827427,-0.000317776707227284,0.00026203010132784413
2006-11-01,-0.004503283923291891,0.0004170829966916876,0.3368041762299906,0.0003239508655111669,0.0,257.71066369669137,-0.00033947366084587777,0.0003261901058975019
2006-11-02,-0.006473882681569138,0.0004163355813861567,0.3333889661311205,0.0,0.0,263.14022038346627,-0.0005109146090045488,0.0
2006-11-03,-0.0056117400947937185,0.00041556526712105104,0.32685579059263187,0.00043850070086576173,0.0,269.31843793908536,-0.0004496532886967821,0.0005227980750712723
2006-11-04,-0.005764822375639684,0.0004147883020551865,0.32070997565030607,2.3508181342970855e-05,0.0,269.5470221136923,-0.00040177167998363747,2.4934525543687035e-05
2006-11-05,-0.004385151137403176,0.00041520334569747846,0.3129678212541196,0.00021111034909210638,6.998047274721546e-05,269.9863085486346,-0.00034208710984153266,0.0003699287351241893
2006-11-06,-0.0053758504195401905,0.0004303355169835064,0.3179651177760123,0.0016368335207640114,0.0011250129085307742,271.5880039739519,-0.0003592249027079782,0.0018177302712101048
2006-11-07,-0.006514877543947792,0.0005144674730839702,0.2950398073358051,0.0,0.0063646824157002286,276.1169536648048,-0.0001987049114064308,0.00019304650700056137
2006-11-08,-0.005568103096579428,0.0004968725692080913,0.2525168093808851,0.0027188521067974935,0.0028429563541365215,275.13299388849583,-0.0002836527166056768,0.004937683371799323
2006-11-09,-0.0019013371508000262,0.00041389852593847593,0.32217504928790025,0.012305819887225912,0.0,269.73678976443307,-0.0004095259190952711,0.012897987065805656
2006-11-10,-0.0040096503782407035,0.0004102560759937696,0.37959890132121005,0.0033619930430994196,0.0,265.41886169807157,-0.00041415548152000896,0.0033731722561530747
2006-11-11,-0.005542494230351206,0.00040960017233918614,0.3811384585393126,1.3795781270258845e-06,0.0,267.722951375383,-0.0005757264835012834,3.5219103585795334e-06
2006-11-12,-0.004849739962041715,0.00040895916984579663,0.3882215252030368,0.002473925024607761,0.0,264.72164771516447,-0.0004944506569602396,0.0024807021610131234
2006-11-13,-0.0071174943514462925,0.00040835142135620117,0.38859348333039084,0.00011822175087228334,0.0,264.0280663908763,-0.000592942133882625,0.0001203826429810879
2006-11-14,-0.0032582512009615284,0.00040778997590986354,0.39771105520244826,0.006358588840496743,0.0,265.32208199150824,-0.00034994062688727844,0.00637485438811911
2006-11-15,-0.00513696392713967,0.000407213629302332,0.43994094647481163,0.00032928097719526567,0.0,262.7337245007244,-0.0003779419292669513,0.00033227770924541047
2006-11-16,-0.006500943905889652,0.00040669448800006156,0.42979692649482104,5.758536905892152e-05,0.0,269.9585011656451,-0.0005809142659444594,0.0006025192599782575
2006-11-17,-0.004235376745967542,0.0004060784891500311,0.43228982756591344,0.0020840462234060645,0.0,267.411067107752,-0.00037268735468387604,0.002089628425649654
2006-11-18,-0.004352189642561358,0.00040554284712689077,0.42582699763123827,0.0,0.0,265.4396456450841,-0.0002998609811404331,0.0
2006-11-19,-0.005781413850474492,0.00040497980212087685,0.41719448858286257,0.0,0.0,265.7745835112089,-0.00036149962389536505,0.0
2006-11-20,-0.00751506903413999,0.00040865474838321493,0.40508653888594637,0.0,0.0002605573584636053,273.6856570270775,-0.0007809288957614011,8.412503689214645e-07
2006-11-21,-0.008093663065110224,0.00040381591198808056,0.38862543770597935,0.0,0.0,271.9922967648551,-0.000764807859846091,2.30168666348618e-08
2006-11-22,-0.01540126988274903,0.00040326136990455585,0.37402826513947746,0.0,0.0,272.88564605138174,-0.0013356963646108822,2.1570858166342077e-06
2006-11-23,-0.0073757717164896295,0.000402673573817237,0.3628607855902778,0.0026663140009688794,0.0,270.30866024857863,-0.0007279306271318662,0.0030865655106217444
2006-11-24,-0.007422408267939832,0.0004020759278098069,0.37269652630649724,7.752364890723579e-05,0.0,263.1358251661455,-0.0007097751828236768,0.00010482227988608956
2006-11-25,-0.004782509669072211,0.00040150143332400566,0.3670178429555085,1.3730957009698038e-07,0.0,262.95773401278336,-0.00036829763676150373,9.807152886949587e-07
2006-11-26,-0.004590928175691831,0.00040094529168080477,0.3620745700182439,1.529071711550998e-05,0.0,262.6469101735203,-0.0003571482901435114,1.921973658996449e-05
2006-11-27,-0.0053571054743508165,0.0004003840987965212,0.35679198299199627,2.0295465733371886e-06,0.0,265.9518014976085,-0.0004112211524345781,2.4579002245132293e-06
2006-11-28,-0.0019019878348388243,0.00039984950911527297,0.38416676781720815,0.0039353567033501,0.0,260.18029743489126,-0.00028171599711065244,0.003942082359190096
2006-11-29,-0.0013743304347587845,0.00039929336747207214,0.4192016371674906,0.0001281819564137755,0.0,252.6378609644716,-9.4461344224585e-05,0.00013297745736978823
2006-11-30,-0.002271941152669616,0.0003987239242273536,0.41751219323799443,0.00013322044311270202,0.0,258.07957759864365,-5.1121190611252016e-05,0.00013422090454963642
2006-12-01,-0.0031875049074490867,0.00039818428330502267,0.4159411414194915,0.0009272963355826794,0.0,258.22417991264615,-0.0002704269573681772,0.0009401934294596096
2006-12-02,-0.0015402334389713526,0.0003976116409409518,0.4417101613994821,0.001389933066011149,0.0,255.10698868056474,-0.00012437688807646435,0.0014027171888698967
2006-12-03,-0.002494585842399274,0.00039705044805666824,0.4430398312441149,2.201968583010011e-05,0.0,257.32480992390845,-6.601652183101675e-05,2.2301751375629473e-05
2006-12-04,-0.004590132394752934,0.0003964695553321623,0.4368590733874765,9.46560485214837e-06,0.0,264.85793706746654,-0.00022135628650417436,1.2048893729172184e-05
2006-12-05,-0.003977634686197939,0.0003959134136889614,0.42985922603283905,0.0010960004003034473,0.0,267.05020683633404,-0.00035290191697198795,0.0011038034280967607
2006-12-06,-0.0017933992426947686,0.0003952944682816328,0.4302406095515537,0.001323199457367935,0.0,263.2286642940256,-0.00012248534035716355,0.0013268381524544515
2006-12-07,-0.003041589790481632,0.0003947300762779969,0.4394540445503767,0.000534516627674049,0.0,266.4906254820456,-8.53657533051604e-05,0.000539025458284275
2006-12-08,-0.00513907273610433,0.00039412763159153827,0.4301923331567796,0.0,0.0,270.5361812002466,-0.0002543203437985,1.7042641502484912e-06
2006-12-09,-0.005630675177116178,0.00039352358734540355,0.4201837169697505,0.0,0.0,270.30110071832405,-0.0003243219317857829,8.748669984015578e-07
2006-12-10,-0.004237464255532303,0.00039292779345970376,0.4113355733580509,0.0,0.0,266.11943243497285,-0.0002699678732176959,8.52346317969932e-07
2006-12-11,-0.00223817411115614,0.0003923005976919401,0.41531814603931266,0.0029773885584146965,0.0,266.18910020084707,-0.0001619794000845171,0.0029820153268717104
2006-12-12,-0.0028613985931805973,0.0003916816522846114,0.4273058645244821,3.120006393578093e-05,0.0,266.1640402799273,-0.0001598083977140276,3.3167073098478296e-05
2006-12-13,-0.003457332777101441,0.00039106110731760657,0.42071889528895956,0.00019274239486220194,0.0,266.60640079692257,-0.00021871345086117925,0.0002038813553898336
2006-12-14,-0.009619315507385017,0.00039042726074908416,0.41462825336923265,0.0004471661259899032,0.0,268.4087240395124,-0.0006382461468883827,0.000525074195761937
2006-12-15,-0.007303047693718625,0.0003897851638201267,0.4125978861375942,0.003218380681707361,0.0,270.64439222906947,-0.00042667545609723377,0.003513630113313751
2006-12-16,-0.006572030021645928,0.0003891215149292165,0.42700793020244826,0.0011624935698711268,0.0,261.02162952027976,-0.000691608867823741,0.0012176236358739563
2006-12-17,-0.0025898390738977556,0.0003884778184405828,0.42219040577919026,4.7018004339293576e-06,0.0,255.08938865517942,-0.00015128697505441765,9.183826923399364e-06
2006-12-18,-0.0029896563392574505,0.0003877878189086914,0.41926209760475525,0.0,0.0,256.23755632820775,-0.0001418440797403034,8.702277796146518e-07
2006-12-19,-0.0024238088205035795,0.0003871523727804928,0.41616229328507537,0.0,0.0,261.5979974067817,-0.0001343617973438764,8.52346317969932e-07
2006-12-20,-0.002978762916925937,0.00038649377513066523,0.4121033979225518,0.0,0.0,264.03425494695114,-9.312130258244984e-05,1.2904404798064206e-06
2006-12-21,-0.00390836310251958,0.00038578887443758004,0.40762817612700103,0.0,0.0,263.13412469838755,-0.00021683580457827468,8.52346317969932e-07
2006-12-22,-0.0024815623537968786,0.0003851071252661237,0.403663764565678,0.0006468790651714734,0.0,264.56325774543035,-0.00015596472947610975,0.0006503004812251377
2006-12-23,-0.003603504960146328,0.00038441047493347337,0.42549963769715166,0.001872315813424224,0.0,263.5609005642476,-0.0002307202719615004,0.0018740492183496186
2006-12-24,-0.0028664499605442844,0.00038372712620234084,0.43451031183792377,0.0030659269225799435,0.0,262.732206053653,-0.00027133891685197583,0.003102933107976694
2006-12-25,-0.0029199325853148427,0.0003830288763100145,0.45157256907662435,1.0612131343723018e-05,0.0,263.58461092645393,-0.00012721491735533807,1.2797150908216919e-05
2006-12-26,-0.004238828637842405,0.00038230747489605924,0.448415292858404,0.0005993391834409898,0.0,268.0700142100706,-0.00025437617579759177,0.0006045993632932227
2006-12-27,-0.002632663748358603,0.000381602574202974,0.44372558593750006,0.0011222237079156995,0.0,267.855601312526,-0.00017643907228432135,0.0011271315339598206
2006-12-28,-0.0011278877487290377,0.00038087452198825987,0.4570119394420904,0.004662736324267199,0.0,265.9137229129195,-0.00016782486464007429,0.0046701950970862655
2006-12-29,-0.0017170326436980296,0.00038015977137506346,0.49496753067620064,0.0010709625347859442,0.0,260.53961177689433,-0.00015400088060710392,0.0010774218428930185
2006-12-30,-0.00297876064386745,0.0003794168179991555,0.49095645193326276,1.4063497047639837e-07,0.0,260.7275826513431,-0.00014498248948889266,1.4236060651121778e-06
2006-12-31,-0.0036599694167153314,0.0003786789158643302,0.4851048931114642,0.0,0.0,261.9001992866818,-0.00011719615951096271,1.288957093947829e-06
2007-01-01,-0.004222908893884239,0.00037793436292874616,0.48027863295962814,0.00021694482719830877,0.0,264.33007501433354,-0.0001958151700469734,0.0002198446707358032
2007-01-02,-0.0027332864912216277,0.0003772079102737082,0.4738610908810029,3.917923586516731e-05,0.0,266.07391532351966,-9.16045622131919e-05,4.060823639256753e-05
2007-01-03,-0.005308584725789432,0.0003764551069776891,0.4659552565177731,1.4051184647500852e-05,0.0,269.7411461594864,-0.0003682464929455418,2.6290194462921664e-05
2007-01-04,-0.004333920019157863,0.0003757007041219938,0.46695342845162435,0.0025297187605483385,0.0,265.66097151761676,-0.0004035438921323604,0.002543011627514618
2007-01-05,-0.001573704351476357,0.00037494125002521586,0.48365775070621475,0.0011344691791103387,0.0,257.9606714051098,-0.00018115355343805198,0.0011380799239961979
2007-01-06,-0.0030326409275922396,0.0003741602439664852,0.4886699899217279,0.0003309694387144962,0.0,257.92625553684275,-0.0001475549813381023,0.0003366650160982919
2007-01-07,-0.0037198688435015705,0.0003734140914712249,0.5253271760240112,0.0035681400427037047,0.0,257.50255114524833,-0.0002712994382458892,0.003577228739817396
2007-01-08,-0.007132099888755777,0.00037262163593270684,0.5364217812058616,0.0022452188666257484,0.0,264.4337244015854,-0.00038176834962125555,0.0022567811669947043
2007-01-09,-0.003572158725921717,0.00037184728067473505,0.5399146933115585,0.00014683099116309217,0.0,264.77418816561084,-0.00014913476751012318,0.00014936287514104662
2007-01-10,-0.006359760707381082,0.00037104817433545825,0.5287731910604991,1.0946039426124702e-06,0.0,267.3777993663781,-0.0004072872669262401,3.8003853590473775e-06
2007-01-11,-0.0015052679484173408,0.0003702573183566164,0.5967812978166196,0.010208072656460402,0.0,257.6524504250277,-0.0003383444190698829,0.010212064126117082
2007-01-12,-0.0010798429533586664,0.00036948801433972717,0.6867317156603108,0.0005375106455916066,0.0,247.77459128787515,-7.662971077834146e-05,0.0005425594115547677
2007-01-13,-0.0009277600184672297,0.0003686740068392565,0.6824431625912194,3.226951690716932e-05,0.0,249.0433995377995,-1.5793931223241625e-05,3.767838585848189e-05
2007-01-14,-0.0015633169793139747,0.0003678898016611735,0.676564706920904,5.133380576715631e-05,0.0,250.526266385382,-4.4895609640805736e-05,5.630269722914973e-05
2007-01-15,-0.0019893779256249552,0.00036705584175842634,0.6706391242937855,6.245548105509268e-05,0.0,253.02256899903725,-1.690561467476484e-05,6.43651617761954e-05
2007-01-16,-0.003616723552935541,0.0003662782873811022,0.6624057001088748,1.8118507107772398e-05,0.0,260.58791350959166,-4.493809268299469e-05,1.9553219428897365e-05
2007-01-17,-0.0028784652214265817,0.00036546108076127915,0.6493140613965396,2.839635152601253e-05,0.0,262.2857557106378,-0.00013267156789026693,2.9688577407827234e-05
2007-01-18,-0.0028120024645395874,0.0003646404224600496,0.671301430452566,0.002445654175375815,0.0,256.7886133822569,-0.00022174245388494374,0.00244953217241257
2007-01-19,-0.0028659353232653134,0.0003638248153999027,0.6679363358492232,1.9947456269614444e-05,0.0,260.74379060317796,-3.1619206449743047e-05,2.2350310605798068e-05
2007-01-20,-0.003474158166492053,0.00036297940601736815,0.6547357304172553,3.889666102026816e-07,0.0,262.1633529267967,-0.0001240361555568916,3.9062931039239054e-07
2007-01-21,-0.0025263040584359467,0.00036216539851689745,0.6890692127177496,0.006402448282740211,0.0,261.8294257614797,-0.0002347529460649706,0.006407344071878552
2007-01-22,-0.002641362111783971,0.00036132823949479786,0.70637836923258,1.2384506605439267e-05,0.0,260.4433958840236,-7.423351250462614e-06,1.2387832005818684e-05
2007-01-23,-0.004397681751156931,0.0003604910804726983,0.6903800317796611,0.00021675523728300624,0.0,266.71409202475115,-0.00012796491089850498,0.00021891998917363825
2007-01-24,-0.005031526214995628,0.0003596539214505988,0.6778235713865349,0.0011603428145586434,0.0,268.6780896088049,-0.00014696479117297858,0.0011637723802070245
2007-01-25,-0.0052469343704692395,0.00035884336563153456,0.6566357513830037,0.0,0.0,268.4036516487711,-0.00021520180175196656,1.6891971199584077e-06
2007-01-26,-0.004357294005862737,0.00035797640428704734,0.6372631238229755,6.865478504849019e-08,0.0,266.99649481046,-0.00021714624543647983,7.610536564541403e-08
2007-01-27,-0.0026841865757764403,0.0003570995930224489,0.628535671198211,0.0004021931166029246,0.0,257.972024112996,-0.00023642239702791819,0.0004047739976193809
2007-01-28,-0.0037484434617441257,0.0003562475328391555,0.6218420341189972,1.219790534111066e-06,0.0,259.662211348108,-0.000173759673022281,2.4893387269059662e-06
2007-01-29,-0.003145134592123625,0.00035539227353650974,0.6135635519656308,8.9108943939209e-06,0.0,257.9178036440115,-0.00019222354821566136,1.2311221516065005e-05
2007-01-30,-0.003185659268144834,0.0003545221130726701,0.6066096821298258,6.507471793115476e-07,0.0,254.28485511521168,-0.00014891611191175753,9.48404085891854e-07
2007-01-31,-0.00193990295552938,0.0003536634020886179,0.6300046529249059,0.0026251283910988413,0.0,255.50792606806357,-0.00014206469269458858,0.002629511083495792
2007-02-01,-0.0009163239244687355,0.0003527932416247783,0.6763897624617468,0.0043840611637648895,0.0,252.85787523847966,-0.00013204947598068054,0.004390197823847809
2007-02-02,-0.0008721149152955093,0.00035192468072061485,0.7300802399658664,0.0011394499764267336,0.0,246.3387989970924,-3.377220851216613e-05,0.0011423082843338703
2007-02-03,-0.0014771968547233757,0.00035103296829482256,0.8261440586011064,0.009547537887247944,0.0,257.59535181724425,1.120100081977198e-05,0.009550088997512269
2007-02-04,-0.0037194481593067364,0.00035013965630935416,0.8591083303907722,7.715978065116258e-05,0.0,263.6944651343279,-5.263292183310298e-05,8.222436796224152e-05
2007-02-05,-0.005595346965358756,0.00034926604416410807,0.8336839119144304,0.002018574056989056,0.0,270.0301512342838,-0.0001514195385625807,0.002033151979331464
2007-02-06,-0.006424672522787321,0.0003483793829793984,0.7968299420315442,7.659449415691828e-05,0.0,271.71393877234163,-0.00028019199558233814,0.00012400948355372935
2007-02-07,-0.004967161617373343,0.00034751587331631765,0.7634132514565678,0.0007439017464212106,0.0,270.3245603665569,-0.0002529566086786615,0.0007559214271394547
2007-02-08,-0.002344713456886636,0.00034659755768749,0.7375520465513185,0.0021983307633696306,0.0,268.3145646384432,-0.00019163981416804642,0.0022011710762304105
2007-02-09,-0.00267918639432239,0.0003457257976639742,0.7439714277306969,0.0020343672042175873,0.0,266.2048278743938,-7.783919888532768e-05,0.0020363834281425697
2007-02-10,-0.005153668044650623,0.000344842335598617,0.7540862519862288,0.0028961943409873945,0.0,266.1725355568579,-0.00019649286244043525,0.002899414772265429
2007-02-11,-0.0044607978503582845,0.0003439423728123897,0.7427886560587336,0.0014626521848689368,0.0,267.49627658247726,-0.00017424437643612846,0.001482593407060208
2007-02-12,-0.0018158640480984403,0.0003430706127888739,0.7553635074593926,0.006159445449794081,0.0,265.8914051953907,-0.0003107326252564872,0.006236998530362543
2007-02-13,-0.002744082340412894,0.000342165598761564,0.7852677454831687,0.00040695010184568206,0.0,259.5023373102738,-0.00012139969710576334,0.0004112423160333009
2007-02-14,-0.0023086242335664353,0.0003412640364156605,0.7953154425612053,0.0022365017083741854,0.0,258.4651999680112,-0.00016891924759088937,0.002244292746283751
2007-02-15,-0.0029755585358641245,0.00034037392354954434,0.8046270395627354,0.00028478044827105634,0.0,258.188934301028,-1.867785839374456e-05,0.00028743770826205006
2007-02-16,-0.005963675341026932,0.0003394508092416882,0.808639267743644,0.0056849581920831215,0.0,265.15248875160006,-0.00025652656279041266,0.00578332183051244
2007-02-17,-0.006758061590167762,0.00033853754485394324,0.8405134125617938,0.00219739792542269,0.0,262.4467918446284,-0.00038716923129760616,0.0022148029951717355
2007-02-18,-0.007399007088720462,0.00033762588002587447,0.8237058707774247,0.0,0.0,267.4392902640075,-0.00023514776369609402,1.723608477277594e-06
2007-02-19,-0.005383641790535492,0.0003367126156381295,0.8289153535487289,0.004535676248497883,0.0,265.2291018311812,-0.00041648668715846076,0.004540805358705306
2007-02-20,-0.005836512956578853,0.00033579935125038453,0.8392917898864172,0.0004979992485315786,0.0,264.13784750167935,-0.00024285786232705844,0.0005012071224589788
2007-02-21,-0.0049323985132120425,0.0003348629353410107,0.8236081685499059,0.000578104060585216,0.0,265.17391110723753,-0.00035539380469396296,0.0005839035335857418
2007-02-22,-0.00780329579687388,0.00033394807139358954,0.8074721284280839,1.0913564155330767e-05,0.0,266.7819792681046,-0.0003066245508564394,1.1772152976774037e-05
2007-02-23,-0.00995260253969559,0.0003330116554842157,0.7866856921639596,0.0020998323409907563,0.0,269.66377694009617,-0.0006615841855942194,0.002178820782513952
2007-02-24,-0.00526606472535322,0.00033205208805321305,0.8237785152571799,0.005532292343970746,0.0,262.877719523543,-0.0004958900291535815,0.0055536849346941065
2007-02-25,-0.005253272499405058,0.00033111062090275653,0.8168269442973165,0.0001255767788253935,0.0,261.0552668849852,-0.00022761133304760283,0.00013094709363344585
2007-02-26,-0.0042692494005133206,0.00033013615231055997,0.8157195757562382,0.0022016434093653147,0.0,262.3111942779771,-0.00024106787086206646,0.0022038836091654713
2007-02-27,-0.0032225873342341623,0.0003291781844392335,0.8208007812500001,0.001487065317098704,0.0,260.3855772467432,-0.00021759398534136306,0.0014908207169010681
2007-02-28,-0.005419075110201109,0.000328228466928342,0.8250449660134183,0.00046603949898380346,0.0,260.48772163534795,-0.00031632201819770084,0.0004703209734706779
2007-03-01,-0.0032765649806308214,0.0003272539983361455,0.8249891033280368,0.00256232374300391,0.0,258.1862884636429,-0.0002822189218243637,0.002568993393265245
2007-03-02,-0.002334604871138341,0.00032630428082525397,0.9209005064883475,0.006379914527895761,0.0,255.64805325366237,-0.00022456658172742124,0.006398234697282705
2007-03-03,-0.0058467077080812824,0.00032533141179273364,0.9561314699564503,0.00019657681301488717,0.0,257.13477397997724,-8.343064389323111e-05,0.00019742566986803958
2007-03-04,-0.008830430733282013,0.000324356943200537,0.9383551818502825,3.8877718866208186e-06,0.0,265.9399564135995,-9.79286739550068e-05,7.050723625224684e-06
2007-03-05,-0.010398579771909338,0.0003234072256896456,0.9113558034663373,0.0,0.0,269.53936127844054,-0.00028183793196570405,1.7166134007595701e-06
2007-03-06,-0.008453385515064844,0.00032244765825864286,0.8803237369056026,7.096414933096892e-05,0.0,270.543569202028,-0.0003469348227405279,0.00014229490931956109
2007-03-07,-0.010289632036524304,0.00032146308718428103,0.8525397521627825,8.101685572478732e-06,0.0,270.004508929064,-0.0004087267285686429,1.4808790740966608e-05
2007-03-08,-0.007798175606350442,0.00032051177011371335,0.8284564979107816,0.001829566907579616,0.0,270.3519608880167,-0.0004919581273097103,0.002052867008365534
2007-03-09,-0.008389061285277544,0.0003195538022423868,0.8202189357491761,0.00017870036558916341,0.0,267.9258867181178,-0.0004565374883638938,0.00019785832540334262
2007-03-10,-0.005079370476095017,0.0003185676316083488,0.8073707479990584,0.002366024369405488,0.0,268.1200779880732,-0.00026200766448920734,0.0023704188018195374
2007-03-11,-0.008981003936401196,0.00031760141337658734,0.807636957833098,0.00016759022396836579,0.0,270.5475320223361,-0.00024084714215017312,0.0002915302238440648
2007-03-12,-0.013266569982140751,0.0003247693770349363,0.7844709550818032,0.0,0.0005534633699446749,275.60965967627345,-0.0005587621481489328,0.0
2007-03-13,-0.017290436825846547,0.000328196812484224,0.7465316858668786,0.0,0.0008469969244663326,275.15292427005517,-0.0011026360052453596,8.734436795938601e-06
2007-03-14,-0.012498375175699676,0.0003148004160089008,0.7188697714365584,0.0006257686448299279,5.285324013165835e-06,271.8326808620532,-0.0011317487385145016,0.0007869582628433105
2007-03-15,-0.005893592191281292,0.00031375783984943973,0.7187596552789548,0.0018404244240057671,0.0,265.9105683127366,-0.0006611686789214948,0.0018706966591420147
2007-03-16,-0.00870973991472169,0.0003128097218982244,0.7143635148157957,0.00018125873501017943,0.0,267.77948493023604,-0.0003565110182021298,0.00018628084709873272
2007-03-17,-0.013425474491833294,0.00031182035214483405,0.7046470857609464,1.5084058214715645e-06,0.0,273.24615363212627,-0.0005207966360668678,1.5088057113906085e-06
2007-03-18,-0.014097267540834717,0.00031174601471356756,0.686032167711276,0.00020420959608703011,0.0,274.1425410484415,-0.0007974666853745779,0.000890646058185006
2007-03-19,-0.013522920467085756,0.0003210427397388523,0.6756035468897129,0.0007371436067893681,0.0007321371533776407,272.4836543275362,-0.0007905376401577291,0.0007885276092647834
2007-03-20,-0.018714807506671732,0.0003225578595015962,0.6571695503766479,0.0,0.0008004366783267361,273.9596087245618,-0.0011566636115733513,0.00023703553525184222
2007-03-21,-0.005969581167913426,0.00030870154752569686,0.6807256723752355,0.012912293169963158,4.2277414583216954e-05,270.84491291513103,-0.0007942407523508126,0.013437693899382088
2007-03-22,-0.01064419822167542,0.0003070816145104877,0.7465036395803907,1.0974747312944488e-05,0.0,271.08658873922633,-0.00038887380417120665,1.3433539933329919e-05
2007-03-23,-0.00985558554109207,0.00030616835012274276,0.733805798316855,0.0007142766173613274,0.0,271.350156015371,-0.0005295841696824731,0.0011004535448133324
2007-03-24,-0.013130827222840261,0.00030521198181109244,0.7280721718308616,0.00021643618826812272,0.0,271.65201099489144,-0.00045153004575078777,0.00030889999827727254
2007-03-25,-0.01623719215056317,0.00030684210149581825,0.7110848579478579,0.0,0.00016744370640671188,273.91302463653625,-0.0006678492136004955,8.523463748133508e-07
2007-03-26,-0.013622287471415634,0.0003130330709414294,0.6919113130443739,0.00024924570389386625,0.00022939608384997157,273.23405137214735,-0.0009481218238334871,0.002330438028896406
2007-03-27,-0.020144040301694713,0.00037131142818321613,0.6760605634269069,0.00011607032206098914,0.0016618052886872643,275.1731767420939,-0.0011672226470069024,0.004641845021999828
2007-03-28,-0.004234055635956048,0.00032630512269876775,0.7063494033957156,0.021607084420777984,0.00034123124544229886,270.1995582652407,-0.0008661867156203859,0.02369570129325032
2007-03-29,-0.0024671415235363162,0.0003005394996222803,0.9425504005561441,0.025556179005547432,0.0,263.8120807963801,-0.00041570992203755574,0.02556249751883038
2007-03-30,-0.004668109371500501,0.0002996395368360531,1.1314090362376412,0.008504542464253594,0.0,263.7933278559741,-0.00018350020219377205,0.008509998369209366
2007-03-31,-0.009194539007494005,0.00029874942396993697,1.1603146425523776,0.003181620464149842,0.0,266.80585223986384,-0.00037751111101969487,0.0031922706262200546
2007-04-01,-0.00881714916835397,0.00029787421226501465,1.134438954728696,0.001679699889010629,0.0,268.66515596752566,-0.00039892619486245736,0.0018354473373741237
2007-04-02,-0.008607407958157318,0.00029698915063998123,1.1147286222928436,0.003495756641956373,0.0,268.91121842766887,-0.00048754525786570913,0.0036103961035193434
2007-04-03,-0.00560486152515573,0.00029612724053657664,1.1187978625971047,0.0026001088152834253,0.0,263.22912352682283,-0.0005768356202854276,0.0026066029666354444
2007-04-04,-0.00815257657382448,0.0002952586796324132,1.1020942300052967,0.00024320782914673543,0.0,265.5451238240675,-0.0002484670235107174,0.00024681975265551404
2007-04-05,-0.006526024538581653,0.00029441007113052627,1.094736447666549,0.003593755896482091,0.0,268.88809513731417,-0.00023477902835876928,0.003620931859698323
2007-04-06,-0.004807359165391006,0.0002935862137099444,1.0861777325358992,0.0011136119732748993,0.0,265.5298913715025,-0.0004817354571768793,0.0011176975705407492
2007-04-07,-0.006036792350354168,0.00029274745512816865,1.0759514127971987,0.0005040909400430777,0.0,263.66678584901626,-0.00032039938526133365,0.0005086165362937302
2007-04-08,-0.011192306244777421,0.0002919054974270406,1.0585631749499766,9.680114223458673e-06,0.0,267.05096511337945,-0.00029572621934999857,1.0792313322509078e-05
2007-04-09,-0.010488076103945912,0.00029120590053709216,1.0381618004060735,0.002407299491476878,0.0,270.4405330147896,-0.00030589008461789224,0.003861401276308911
2007-04-10,-0.01072491726464471,0.0002903059377508649,1.0612234341896187,0.006228565138443716,0.0,267.4863571123888,-0.0009846245070214326,0.006640886687963023
2007-04-11,-0.0066344642874884745,0.0002894522780078953,1.0996266165695623,0.007135078163638627,0.0,263.86478431615456,-0.00051929346564631,0.007169821925755948
2007-04-12,-0.007389460158886884,0.00028865822290970113,1.1181840627206923,0.0013092784263656638,0.0,263.7184383765902,-0.00030567300227065546,0.0013201987762355937
2007-04-13,-0.010354532781293838,0.0002878460675309607,1.1195213188559323,0.0009988896169904936,0.0,265.23939594620816,-0.00036558037423818125,0.0010063222572173642
2007-04-14,-0.01385081921425243,0.00028705041287309033,1.1002388072328155,0.0,0.0,269.01595044899346,-0.0003611211017784426,1.7046928064701206e-06
2007-04-15,-0.014901976758814127,0.0002862662076950074,1.0755865811852636,0.0,0.0,273.2650426875401,-0.00046178720638913627,0.00026281627547813653
2007-04-16,-0.008807720942685834,0.00028553360936331884,1.0614829772834276,0.0033836641722479787,0.0,271.90956876866113,-0.0005435572652998618,0.004180378580497484
2007-04-17,-0.015122310211092742,0.0002847047007016543,1.0383567450859228,4.1766986671814136e-05,0.0,273.2735718692988,-0.0006086348035072877,0.0001300196694675273
2007-04-18,-0.019372985735114683,0.00029587871947530975,1.0011659898775895,6.568718091242732e-07,0.0004091109385934927,274.34045890765003,-0.0011695892902585747,0.001480767199659785
2007-04-19,-0.007545844562309611,0.0002893685115932745,1.0221639227283428,0.01732043749363409,3.830335066143402e-05,270.5411964315928,-0.0011067811852205273,0.018772129369320843
2007-04-20,-0.015319417509655497,0.00028237229013173594,1.0971831413312148,0.0001420601991947088,0.0,268.53789555824414,-0.0007745380813287477,0.00014334122850755834
2007-04-21,-0.012614070653578658,0.0002816130885970121,1.0780909766360642,0.000573142479031773,0.0,270.40976379954884,-0.0005870218846504972,0.0008447205951982163
2007-04-22,-0.014863763614899694,0.00028083553421968797,1.0623036759945859,3.470972938052679e-05,0.0,270.55461493454413,-0.0006029297160984433,0.0001158683145113584
2007-04-23,-0.007085018280872518,0.00028444203616535596,1.0704331909869351,0.010075550589521054,0.0,272.1920546371834,-0.000329898059957445,0.014161618281116648
2007-04-24,-0.007470630067216474,0.00027955765441312633,1.1491168178407487,0.010189137026920158,0.0,271.8431190555379,-0.0005610665874713559,0.012075804340847329
2007-04-25,-0.01291819013613092,0.0002785728307767103,1.1403194793873588,6.182298148419225e-05,0.0,272.2568384375276,-0.0005826008806036692,0.0005724060483010486
2007-04-26,-0.006484961316073683,0.0002869983009025876,1.1126214726047554,0.004832193823689122,0.00015093489302753728,272.6966769403433,-0.00043029125022181014,0.007217889123972271
2007-04-27,-0.01451790358050395,0.00027763287899857866,1.119695113877119,0.0005392105565906245,0.0,271.8762466947911,-0.0008143026823714629,0.0006838192710718968
2007-04-28,-0.021845138426554406,0.00032640522145955576,1.084790360905132,0.0,0.0030677042017548772,276.48871957380226,-0.0007975700148249751,8.52346317969932e-07
2007-04-29,-0.023720671396471018,0.0005050652613074094,1.0323872539283194,0.0,0.009817164959543843,279.1416902129035,-0.0007890663188645396,2.891651989123238e-05
2007-04-30,-0.02087478672212127,0.0007281644364534798,0.9734397069209041,0.0,0.009929719680951814,278.361202369302,-0.0008774701042868997,0.0009561364662197077
2007-05-01,-0.019565536351190453,0.0008171884353551488,0.9274506937088043,0.0,0.010717295047085166,276.9197652066046,-0.0005656887098389157,7.431904473757338e-05
2007-05-02,-0.02002431633277128,0.0020512095784063393,0.8729813570356639,0.0,0.014274420521858722,278.7973190422561,-0.0005852554445970531,0.0017399959051930393
2007-05-03,-0.01944220533310357,0.0007306134465050563,0.8211069915254238,0.0,0.008629519976465043,277.0345975261624,-0.0008051969784464541,0.002363539853338468
2007-05-04,-0.015691374612730104,0.00038091914128449004,0.8558361103754709,0.01088709367365487,0.0002764126464808728,271.5056970779505,-0.0014510138991609808,0.013372385687028272
2007-05-05,-0.004856494229055394,0.00028287682492854235,0.9219961507621235,0.019547062931256107,0.0,269.66090210593126,-0.0005298538322923548,0.020098715852209403
2007-05-06,-0.010085816100492317,0.0002879881757800862,1.0703975584098402,0.013525422599356055,0.0,269.78219899394867,-0.0005837501379224541,0.013779583825801104
2007-05-07,-0.017189448415222814,0.00029299201938392085,1.086462333377472,3.4327392524245095e-08,0.0,270.9739677515407,-0.0005840056097019191,1.3076315710637924e-06
2007-05-08,-0.018735887977363027,0.0003386777167939871,1.05953605924847,0.0,0.0016427227837891231,274.09923690321756,-0.0004986676540078416,0.000608431164827724
2007-05-09,-0.021702216001553726,0.000576340293480178,1.0143511928407487,0.0,0.005663292429878214,276.2543342647804,-0.0006943165119421685,7.463562281532466e-06
2007-05-10,-0.022725123933142865,0.001084113777694056,0.9608749705743881,0.0,0.009724851823964362,277.60217513607046,-0.0007342577696183306,0.00042752741402146476
2007-05-11,-0.024427879833232212,0.001943264640657242,0.9036511207479991,0.0,0.012988851589840013,279.2569848723331,-0.0008554072408689619,7.401746871651881e-05
2007-05-12,-0.023613074699700892,0.0032310913511588756,0.8412895130796847,0.0,0.017992124424479103,280.28471815608543,-0.0005601852932302966,0.0005306057842388093
2007-05-13,-0.025486268145216387,0.00280420852583007,0.7747896988288607,0.0,0.015283220652806557,280.8807463313676,-0.0009661970954746177,0.0001600126593345167
2007-05-14,-0.012734055855853412,0.0015152535364452732,0.7173256164665726,0.000928543508052826,0.009591949272290462,276.4882276251267,-0.0003743852188779136,0.0032982775720499335
2007-05-15,-0.01686720651085094,0.0005988973682209596,0.6993897863700566,0.0003306496109666124,0.0013933953129302312,272.8338477104173,-0.0011385609527344758,0.0005168528206263289
2007-05-16,-0.022760452397462338,0.0009750146313575703,0.6742899691766715,0.0,0.004979112790634403,275.4792251155875,-0.0009018079361925692,5.301343150842698e-05
2007-05-17,-0.025565339178688782,0.0022854599575538423,0.635215744909369,0.0,0.01195475048685478,278.93313350066853,-0.0009676589141205205,4.7421825802673055e-05
2007-05-18,-0.024643835669520213,0.0035047121977401998,0.5863225617202213,0.0,0.01370806686874837,279.78602607281647,-0.0007954632684504246,0.00208454675712404
2007-05-19,-0.024353146005821766,0.0037253195114728423,0.534481989686323,0.0,0.016301535743441287,280.0497890443676,-0.0005941386623992085,9.458492704561877e-05
2007-05-20,-0.027061813253130618,0.003381116157871182,0.48235221905896897,0.0,0.014153430269936382,281.5803855781053,-0.000965777626734669,0.0004667276043002889
2007-05-21,-0.015666617385748417,0.002914493703572764,0.440118879472693,0.0,0.009448705125326492,279.04017791460694,-0.000598267752066844,0.0025237929516916764
2007-05-22,-0.015310294631510808,0.004580091200979416,0.4268122958598164,0.0033829397400893736,0.0015801362019810974,273.4278359350287,-0.0010623977451169558,0.011312143440569335
2007-05-23,-0.011542927284361954,0.002495104478577436,0.48027449498293323,0.010755622285907552,0.0,269.7724420184694,-0.0010174017736298891,0.011477853484084297
2007-05-24,-0.01614234684887579,0.0026747020287702316,0.5323893229166667,0.0014364237207814125,0.00033578108259513554,270.0345133908949,-0.0009559414870405602,0.002559942375649944
2007-05-25,-0.014417272124250058,0.0027570201683852634,0.5341187672875471,0.0033362211691120923,0.0005418137347294112,272.99355031317015,-0.0009683005480190456,0.00672193997501263
2007-05-26,-0.0178107312001751,0.002842674652735393,0.5406804488877119,6.50587644280687e-05,0.0036458151867497443,273.36808588635006,-0.0007727121734349742,7.715511456223867e-05
2007-05-27,-0.024276409192947348,0.0038018341960206546,0.5101267784104285,0.0,0.008232777590973904,277.82181493396365,-0.0007529982318312435,6.142698118045736e-06
2007-05-28,-0.023944073646082045,0.003889295088369294,0.45601721582215154,0.0,0.013308942170634781,281.02840909580726,-0.0011851463814155532,0.0013355753851003699
2007-05-29,-0.00686818474935273,0.0054768269176537045,0.4261198744262006,0.0023245448193981153,0.005898783835819213,274.62807936228376,-0.0007281478778538058,0.012726244521214325
2007-05-30,-0.006658106621375865,0.003957239332172157,0.4354592878266243,0.003788046496736128,0.004201555698268158,273.53889897448875,-0.0008049967598780401,0.009665555738357555
2007-05-31,-0.0031762771771452524,0.003908623746559445,0.4441529469750471,0.011486232701667959,0.0008002234422891154,272.582944941835,-0.000579840761456786,0.01547462470441549
2007-06-01,-0.008460546743735082,0.004630359636861726,0.5071331821592515,0.003736083285283235,0.006541645522676619,274.9084759405104,-0.0003477246789945721,0.008730221165067975
2007-06-02,-0.009067880778999652,0.009461524038665039,0.4714668115878061,0.0,0.011591894941478128,276.82867929850147,-0.00025002773072423237,0.007126119719865492
2007-06-03,-0.015661145460470923,0.008318985249363097,0.42188028741466577,0.0,0.011026753838789665,278.6418333502588,-0.0006199687992953986,0.0023370514818504035
2007-06-04,-0.016025758016917666,0.01030872164473022,0.3811577690972222,0.0,0.0106563896024968,279.1667262722095,-0.0008763916011752382,0.00291526528064814
2007-06-05,-0.018895831485252597,0.010732439278209277,0.34289228938618177,0.0,0.011327942338703717,281.2791225878757,-0.0012116790038801857,0.0025312708932346407
2007-06-06,-0.010821626137542187,0.013246936649925968,0.30877857962570626,0.0,0.008761205831489994,280.93095502835433,-0.001196136093030205,0.009795608090750767
2007-06-07,-0.00936904549598694,0.023611746517951882,0.3876920940736817,0.029163478415901375,0.0020366610359337373,273.740497211952,-0.001087841183199721,0.06061759111234698
2007-06-08,-0.018682405605154526,0.010006501344637684,0.4721277384210217,1.0207863682407443e-05,0.0027261919599805176,272.38059557180173,-0.0014206973867396176,1.0202075802000229e-05
2007-06-09,-0.02001916149915275,0.009891401408082348,0.43789448711158196,-3.725290298461914e-09,0.004448936799656874,275.7851190980096,-0.0012910564477413389,1.7046928064701206e-06
2007-06-10,-0.023332672098935664,0.00924284309990662,0.39129236368585213,0.0,0.008951851856068704,279.5502456873375,-0.001499585875725679,0.00020381235806955458
2007-06-11,-0.03008263175096889,0.009254360771448599,0.34127686926200573,0.0,0.009180643822008607,282.7506214508229,-0.0016249832302584486,0.0001646715031155622
2007-06-12,-0.017485994782488225,0.008562341584997664,0.3077553499440914,0.0,0.006837351931690497,281.24386049619056,-0.0010523859800844542,0.000520621801212969
2007-06-13,-0.025242804849551898,0.008156678770895058,0.2834645071945622,0.0,0.0071700754980582974,280.60179738764936,-0.001416464793985173,1.718523165791185e-05
2007-06-14,-0.027757550531861474,0.008823929280884523,0.25583684601577217,0.0,0.007438927867823403,282.4318503974297,-0.0015800674735321166,5.431010224724894e-06
2007-06-15,-0.020785445210623876,0.01040787447643819,0.2271988288606403,0.0,0.010021054854164017,282.2742211832165,-0.0011757913934814055,0.0009781869117773288
2007-06-16,-0.027351064070806664,0.012018415971664385,0.19596630031779666,0.0,0.010792240710918513,283.8101135907649,-0.0015310459365110612,0.00036789124967864345
2007-06-17,-0.026311784519650844,0.01423287711574533,0.16268432387299908,0.0,0.008691614819953673,284.2727695544112,-0.0015839848583195843,0.0008617333096436201
2007-06-18,-0.022827770371558302,0.011110207118556998,0.1455429853019068,3.767952238772549e-05,0.0008919458352239792,277.1012077259703,-0.002026563042006587,0.0028511296894540997
2007-06-19,-0.029839917428075933,0.009768977929643319,0.13713185800670905,0.0,0.004485161606706469,279.7004028219736,-0.0019039302843354515,3.641539028469433e-05
2007-06-20,-0.034083655493407604,0.010006747003329002,0.11566794300258947,0.0,0.008655753891683568,284.9607390387584,-0.0018534185101756943,0.00017294914025242026
2007-06-21,-0.029511028469282358,0.009815611239880492,0.08788878589924672,0.0,0.009481958981792807,285.5350153791927,-0.001527647508866033,0.000137272144124412
2007-06-22,-0.03172024735118036,0.008500451590381774,0.06152090873646422,0.0,0.008625808114049126,285.2233589373515,-0.0021897064216729613,1.2453211720999644e-05
2007-06-23,-0.037918329786109393,0.00816992598738374,0.04022917954037194,0.0,0.006304008033821139,287.95158994714194,-0.0026239155039275435,2.4730202792155435e-06
2007-06-24,-0.04050659687168855,0.00810454718473941,0.02474900872469398,0.0,0.0042387411671843235,288.4409570029451,-0.002515651432976211,6.861559844800967e-05
2007-06-25,-0.039269112134720646,0.0074680630264982685,0.014373491937382299,0.0,0.002784989816320818,287.8746277150012,-0.0027851547446038766,1.7906817775082793e-05
2007-06-26,-0.029723377172219557,0.006762742827841119,0.007907673463983052,0.0,0.001780820115979782,283.7453846257959,-0.002414035053113423,0.00026145073989866484
2007-06-27,-0.031326040288822805,0.00627234914882035,0.004010159192561206,0.0,0.0010503383384922805,284.5722515264249,-0.0024492645657247744,0.0007570307638685583
2007-06-28,-0.033369415097654204,0.005803134229223608,0.0018699056909133713,0.0,0.0005855459277912722,286.7391622044048,-0.002875886652302944,0.0006355853909138839
2007-06-29,-0.04295330115799177,0.005358626108385075,0.0006758695268361582,0.0,0.0002641259024372209,289.71856604682074,-0.002949367135258045,2.6911981342372547e-06
2007-06-30,-0.039776209720783995,0.004973514942126086,0.000382992731873823,0.0,9.296289355741383e-05,290.0840204709443,-0.002872236304532337,0.000368494435218768
2007-07-01,-0.03564772279249073,0.004641375383414792,-7.3453647229951e-24,0.0,3.491453615959082e-05,287.9618552687478,-0.002739848905784936,0.0007709176913039235
2007-07-02,-0.040003793008920166,0.004333928143237271,-7.3453647229951e-24,0.0,1.1843308217107915e-05,289.30744796149474,-0.0027799258892566474,1.2496602063798635e-05
2007-07-03,-0.03240373819056204,0.004080166082597723,-7.3453647229951e-24,0.0,4.261837335629652e-06,288.3959742831645,-0.0027009246734070913,0.0018416575792819093
2007-07-04,-0.030929593421981837,0.0038551426371612125,-7.3453647229951e-24,0.0,1.6839364490940076e-06,287.3418488331883,-0.0024667451063455164,0.0025277220025570852
2007-07-05,-0.03137385946209148,0.0036196909045095502,-7.3453647229951e-24,0.0,6.03939011945563e-07,288.1299715239674,-0.002635466261098614,0.0002653515101354132
2007-07-06,-0.03558766067364795,0.003438635145203542,-7.3453647229951e-24,0.0,2.0625901087529246e-07,290.0052362539001,-0.002841771874934604,0.0012924155946505275
2007-07-07,-0.03890724459105292,0.0032702743333611786,-7.3453647229951e-24,0.0,6.394029337134065e-08,290.61833011677487,-0.0026471453566251505,0.0020904494206434453
2007-07-08,-0.028805466442458377,0.0031622144798774503,-7.3453647229951e-24,0.0,2.2688491196282166e-08,287.254444930513,-0.0027938461573110466,0.0064908762099365
2007-07-09,-0.028238935322411316,0.00376882004199055,-7.3453647229951e-24,0.0,6.187770326258773e-09,286.4354111694796,-0.0031356344283637355,0.006177549897614172
2007-07-10,-0.0288622714368637,0.002822065168181382,-7.3453647229951e-24,0.0,4.125180217505848e-09,284.1281006807662,-0.0022513918305015835,0.00015296311365009028
2007-07-11,-0.03138547563283457,0.002701313650540713,-7.3453647229951e-24,0.0,0.0,284.41414364672875,-0.0023220290908705717,5.694280909953146e-05
2007-07-12,-0.03224533762635484,0.002593688287977445,-7.3453647229951e-24,0.0,0.0,285.53026876431625,-0.0023962139430861017,0.0006068584631508732
2007-07-13,-0.03459088255961736,0.002489450203496858,-7.3453647229951e-24,0.0,0.0,286.8636346842161,-0.002551496670828701,0.0005058621314790359
2007-07-14,-0.032477789426927514,0.0024131951527406946,-7.3453647229951e-24,0.0,0.0,287.79306432576726,-0.0024687228461274997,0.0023683107673735373
2007-07-15,-0.03544072512179445,0.002300942348221601,-7.3453647229951e-24,0.0,0.0,289.0630710623359,-0.00281572042527677,0.00019215439793038446
2007-07-16,-0.03730111636516065,0.0022300177038052666,-7.3453647229951e-24,0.0,0.0,290.22457526902025,-0.0026711422350194497,0.0018703179366912211
2007-07-17,-0.035859992948629085,0.002136803363676125,-7.3453647229951e-24,0.0,0.0,290.6365347213889,-0.0026914869977087627,0.00030708110938637947
2007-07-18,-0.03597209930925046,0.002064451996215993,-7.3453647229951e-24,0.0,0.0,289.53390479222526,-0.00251048771759211,0.0009022338239338434
2007-07-19,-0.033549257675133184,0.001997516822006743,-7.3453647229951e-24,0.0,0.0,290.1224907409898,-0.002611577242486558,0.0012725203724181012
2007-07-20,-0.03468428404822862,0.0019396643685755757,-7.3453647229951e-24,0.0,1.031295054376462e-09,291.03795385270917,-0.002612353686643186,0.002349795965106124
2007-07-21,-0.040718425591449954,0.001857537502622874,-7.3453647229951e-24,0.0,-1.031295054376462e-09,292.23900127949696,-0.0025102949706511312,9.50499438909377e-06
2007-07-22,-0.04370170444418482,0.001797054952147317,-7.3453647229951e-24,0.0,0.0,292.3383781878513,-0.002387704696022185,1.16232467438631e-05
2007-07-23,-0.04223780291902143,0.0017400755215499363,-7.3453647229951e-24,0.0,0.0,292.343932958197,-0.0023246705584691074,4.370298144215149e-05
2007-07-24,-0.03824000658288514,0.0017067430551442728,-7.3453647229951e-24,0.0,0.0,291.4855397183119,-0.0026630010392706275,0.0027334981280107656
2007-07-25,-0.021039077706929657,0.0023355172515588966,-7.3453647229951e-24,0.0,0.0,288.6518173002254,-0.002812814246336956,0.022212162108744608
2007-07-26,-0.007267501520908486,0.002556081966491743,-7.3453647229951e-24,0.0,0.0,285.3456253008654,-0.00372075716738647,0.02260694598074013
2007-07-27,-0.011310723457632767,0.00330472312404611,-7.3453647229951e-24,0.0,0.0,285.5856465736576,-0.0027946951920113997,0.013233786013161811
2007-07-28,-0.023165840844986803,0.002034212236350539,-7.3453647229951e-24,0.0,0.0,286.1056444523698,-0.002886427334893895,0.004331049609318965
2007-07-29,-0.02994613324181508,0.001489802521500884,-7.3453647229951e-24,0.0,0.0,287.03749523773484,-0.0028539228458273214,0.0007400800616054212
2007-07-30,-0.032956837892195605,0.00145284570543106,-7.3453647229951e-24,0.0,0.0,287.91433920923157,-0.002922371461313997,0.0003360542031955012
2007-07-31,-0.03485482400756772,0.001418974187414525,-7.3453647229951e-24,0.0,0.0,289.38635209006327,-0.002784739479969787,6.3991731786189e-05
2007-08-01,-0.02740865364923316,0.0014237360765705,-7.3453647229951e-24,0.0,0.0,287.16421544349805,-0.00282519871084872,0.0034669518411548734
2007-08-02,-0.02600784726062064,0.0014004331860838638,-7.3453647229951e-24,0.0,0.0,286.65531854575636,-0.00314423890184548,0.0038708352436453613
2007-08-03,-0.01860488862809488,0.0015218947398460518,-7.3453647229951e-24,0.0,8.31350094854495e-10,286.3678495978232,-0.003339903502814514,0.015032079798924774
2007-08-04,-0.024733907843040207,0.0016325273587878815,-7.3453647229951e-24,0.0,-8.31350094854495e-10,286.6720192436894,-0.003117273624796989,0.004648341700361358
2007-08-05,-0.03509642453180195,0.0012853397319545854,-7.3453647229951e-24,0.0,0.0,287.9854797787136,-0.0027325704883215795,1.7657387705334116e-05
2007-08-06,-0.034187445995834585,0.0012741002996089097,-7.3453647229951e-24,0.0,0.0,287.16264221493134,-0.0031409918851519037,0.0014292884680274917
2007-08-07,-0.032649542062969536,0.0012586854271969554,-7.3453647229951e-24,0.0,0.0,286.81413898360256,-0.003112506421314458,0.002054960134522212
2007-08-08,-0.03359569693352544,0.0012178126364777993,-7.3453647229951e-24,0.0,0.0,285.94187553678756,-0.0025984623632525324,6.127401966064793e-06
2007-08-09,-0.03604231787435079,0.0011965870688864068,-7.3453647229951e-24,0.0,0.0,286.27454954890885,-0.0026418355919715373,1.6876196457167806e-06
2007-08-10,-0.03871731274882279,0.0011769203142931233,-7.3453647229951e-24,0.0,0.0,287.43844480568407,-0.0025909572187284968,0.0001456696434655701
2007-08-11,-0.03602569440832246,0.0011575619379679363,-7.3453647229951e-24,0.0,0.0,286.16726986656977,-0.002506971464487119,0.00026019777896480357
2007-08-12,-0.04075355238496921,0.0011366101476432242,-7.3453647229951e-24,0.0,0.0,288.51136279420444,-0.0026765038485580925,7.913833384480641e-05
2007-08-13,-0.04007819391744959,0.0011178403250915183,-7.3453647229951e-24,0.0,0.0,290.4766004961089,-0.002533614025109232,0.00020598191655875586
2007-08-14,-0.03378378675650742,0.0011016943697202005,-7.3453647229951e-24,0.0,0.0,289.7680075801698,-0.002404896905487877,0.0005959848056842781
2007-08-15,-0.03412225472051545,0.0010801469538844913,-7.3453647229951e-24,0.0,0.0,288.82099127185774,-0.0022344143934926747,0.0001406394276395241
2007-08-16,-0.03314226815256022,0.0010646039483237402,-7.3453647229951e-24,0.0,0.0,288.0046721600319,-0.002317177194912555,0.0004887869621640321
2007-08-17,-0.026114988124976726,0.0011070579458764718,-7.3453647229951e-24,0.0,0.0,288.3836131769385,-0.002245150590683781,0.006526851229400987
2007-08-18,-0.026442745689955135,0.0010478291134376312,-7.3453647229951e-24,0.0,0.0,287.5340183638808,-0.0025120209481588195,0.002276832875557464
2007-08-19,-0.03354098071149513,0.0010238597958774891,-7.3453647229951e-24,0.0,0.0,287.50484853051256,-0.0021715853678978096,0.0013608489669648942
2007-08-20,-0.04246859867020516,0.0009948945483245419,-7.3453647229951e-24,0.0,0.0,285.07115697411723,-0.002491353679511507,6.121422274638031e-05
2007-08-21,-0.034256554003489224,0.0009832802297031814,-7.3453647229951e-24,0.0,0.0,283.9903731337151,-0.002131949352510905,0.0007646397524833941
2007-08-22,-0.020474156754165047,0.001029087746210691,-7.3453647229951e-24,0.0,0.0,282.2402225178289,-0.0018587607237915535,0.006620134859071505
2007-08-23,-0.006472246584582463,0.0010721851876900022,-7.3453647229951e-24,0.0,0.0,279.30571977072964,-0.002094275549601364,0.01127059926084206
2007-08-24,-0.017674413399171023,0.0011897494563948637,-7.3453647229951e-24,0.0,0.0,279.19053955581006,-0.0027480507427352975,0.0076729911377451145
2007-08-25,-0.028428429137852235,0.0009220537156034998,-7.3453647229951e-24,0.0,0.0,282.3052064927958,-0.002160283510631087,0.0
2007-08-26,-0.03438938139690518,0.0009082483369751839,-7.3453647229951e-24,0.0,0.0,286.9723659055606,-0.0023836241508860376,8.488677898342137e-06
2007-08-27,-0.03633065925816358,0.0008949575956258398,-7.3453647229951e-24,0.0,0.0,286.6447473551145,-0.0023365016805671035,4.044202085688959e-05
2007-08-28,-0.017421206680394836,0.0008842073759790196,-7.3453647229951e-24,0.0,0.0,283.64185706460097,-0.0013523282598977711,0.0003321078536524475
2007-08-29,-0.024468841525794423,0.0008703157895028928,-7.3453647229951e-24,0.0,0.0,284.19233832565857,-0.0018416952320748133,5.008037627469947e-05
2007-08-30,-0.030760339129779303,0.0008577312958442559,-7.3453647229951e-24,0.0,0.0,286.68726594210125,-0.0020902144359582564,1.155182169383298e-05
2007-08-31,-0.02851585412429551,0.0008461720357506963,-7.3453647229951e-24,0.0,0.0,287.84136940620266,-0.001814664620379944,0.00010767235594138587
2007-09-01,-0.030515595681249758,0.0008364684332562033,-7.3453647229951e-24,0.0,0.0,287.1757204878353,-0.002051005518790019,0.00040640460559216574
2007-09-02,-0.030844755681221095,0.0008222199765975866,-7.3453647229951e-24,0.0,0.0,287.66446652744673,-0.0019841916638158137,2.212611855221095e-06
2007-09-03,-0.031456369170024576,0.0008110386335243615,-7.3453647229951e-24,0.0,0.0,288.3107640684886,-0.0018837545488008672,5.531344710096802e-05
2007-09-04,-0.03249529071446866,0.0007994653141431216,-7.3453647229951e-24,0.0,0.0,288.3613348959081,-0.0019352187818221455,0.0
2007-09-05,-0.025161705448129082,0.000812641308132538,-7.3453647229951e-24,0.0,0.0,285.7497029385325,-0.002138583936681182,0.0033326119015096136
2007-09-06,-0.01387712494128168,0.0008461301946370615,-7.3453647229951e-24,0.0,0.0,282.2876564140823,-0.002926061182456502,0.008055178374893923
2007-09-07,-0.019647767525271507,0.0008165342996349444,-7.3453647229951e-24,0.0,0.0,280.52504462261885,-0.0022858557643863444,0.004679276023880911
2007-09-08,-0.009313362634788125,0.0007798526078294228,0.003997975150070622,0.002831525342949366,0.00015876503229814734,278.1883017078407,-0.0013743174172895776,0.005518952028854069
2007-09-09,-0.0036343822708237643,0.0007812381632583963,0.0423131105814501,0.007205370076968845,0.0010326014947419787,274.123605426422,-0.0012579002328174935,0.009824069054781797
2007-09-10,-0.015313311527341101,0.000772671342569556,0.06658464277306969,0.001909391754596247,0.0023282838532816897,273.2323336125318,-0.0014392892635390585,0.0021075469962052707
2007-09-11,-0.0224645351201801,0.0007787257601312326,0.04740604034251414,0.0,0.003419788291225326,278.30924946485044,-0.001621992611405203,8.52346317969932e-07
2007-09-12,-0.025869116060814615,0.0007506707462213809,0.025388785899246705,0.0,0.001953495845282819,282.6586725590593,-0.0018212818093387424,0.0
2007-09-13,-0.012899285908472741,0.000736841542572625,0.013484746498352167,0.0,0.0009257387327777464,278.67738883598605,-0.001359524684142595,0.001223850014412265
2007-09-14,-0.019876356599694594,0.0007167999858910082,0.008223768905955744,0.0,0.0006815023657123922,278.578105190155,-0.0014197707365630038,3.732570295459364e-05
2007-09-15,-0.023782809154462008,0.000705700472923322,0.003781650923964219,0.0,0.00040540356967745525,282.51753306343954,-0.001669359893280234,0.00018543537167923946
2007-09-16,-0.029708979703949,0.0006923376672011985,0.0018682964777542376,0.0,0.00013759652268415117,283.24564277519613,-0.0018384631218041404,2.508378949030597e-06
2007-09-17,-0.025529024122798512,0.0006878219418606517,0.0009462173375706216,0.0,5.487891408683217e-05,281.67663901090174,-0.0015548437539130281,0.0006545169710325792
2007-09-18,-0.009309122033711882,0.0007622948305755013,0.0005406956214689266,1.0747862400981669e-05,5.291370769678536e-05,277.45399324233927,-0.0026850879592242214,0.008885233610393221
2007-09-19,-0.019843615928275438,0.0006736596088624944,0.0005406956214689266,0.0,2.8256937272131108e-05,278.8120251995022,-0.001769454328943107,0.0007006674163085594
2007-09-20,-0.02545987856758516,0.0006611241964297106,0.000360463747645951,0.0,2.1553866691508537e-05,281.094786042323,-0.0016068819657725803,1.1305519416507355e-05
2007-09-21,-0.03078279724228854,0.0006559296684750056,0.0002478188265065914,5.074007447156529e-05,1.3538136404786407e-05,279.70742115013576,-0.0017372712619223838,0.0003583424677233339
2007-09-22,-0.02958448349082538,0.0006467848174316062,0.000382992731873823,0.0,2.7571620661660105e-05,282.9274291597069,-0.0017301302908335704,0.0
2007-09-23,-0.02370801736406014,0.000656598705356404,-7.3453647229951e-24,0.0,1.5683103836862383e-05,282.1929788104559,-0.001811307691837435,0.0020428993607644985
2007-09-24,-0.011171332734116054,0.0006453955577591719,0.005773167152189266,0.003378522050919506,7.653232179792589e-05,274.8682836938488,-0.0010640650756109907,0.004995427372409851
2007-09-25,-0.014269077676837728,0.0006311779136711596,0.029282162193973636,0.0012155981513403231,0.000308531352271468,272.9142059103468,-0.001216564169627125,0.0012777234874826468
2007-09-26,-0.017478603427692998,0.0006246906889360504,0.025503040033545202,3.59101147301453e-07,0.0003119078017560776,274.5954668688011,-0.0011136063590309042,1.355028993046002e-06
2007-09-27,-0.018221836137232807,0.0006267854386130296,0.021217475503177968,0.0,0.0009206809566519355,276.4333772964622,-0.0012086150841524373,5.8459797798738595e-05
2007-09-28,-0.024532732527471533,0.0006180299540697519,0.014735105122999059,0.0,0.0007329307243985645,279.71123271159087,-0.0014244920158453579,8.52346317969932e-07
2007-09-29,-0.03192921125956175,0.0006285885633048365,0.009210446460098871,0.0,0.0002525619278519841,280.48508989294595,-0.0018790709012645789,0.00243252470962883
2007-09-30,-0.015014266395299448,0.0006407576765717761,0.01856526232933145,0.0021433023746404273,0.0006717932173761271,275.51709649253024,-0.0018196626866267898,0.005614985301978539
2007-10-01,-0.027635005108043977,0.0005993466761152624,0.015511205640889831,0.0,0.0006237404768244696,279.58151001939217,-0.0015894112171931456,8.553265615773853e-07
2007-10-02,-0.021256910879059704,0.0005932164899373458,0.02247817906956215,0.002408775485168069,1.0692719685829293e-05,274.74425784971305,-0.0016759355094725806,0.003608783288088276
2007-10-03,-0.02382217385506226,0.0005865076840934107,0.024886941281191153,7.031748523819918e-08,0.0003763440428143841,275.88581704464787,-0.0013552339126666386,0.0002778369348764007
2007-10-04,-0.018299443657788857,0.000595846418607033,0.02497498822975518,0.0012155934999891595,0.0010739214044843018,276.5634308759327,-0.0014409495801743814,0.002295547201808563
2007-10-05,-0.014707820226917162,0.0006280860490044632,0.01902963526953861,0.0,0.001473683642886453,278.4517393668942,-0.00148013193097155,0.0035519661652949133
2007-10-06,-0.004913696714040251,0.0007032375719587683,0.01064701403601695,0.0005283264369614381,0.0005629066335784514,276.1040764609299,-0.0013766426193175343,0.010920664617565806
2007-10-07,-0.004618131255699417,0.0005615583415758812,0.06717407456450095,0.013561021768103887,0.0,270.23161399970627,-0.0006041203515004304,0.013906582970974864
2007-10-08,-0.009539989133675894,0.0005742287063329233,0.11006282368173258,0.0018463201694569344,0.0014345444486302847,271.3787938134145,-0.0009134343304371431,0.001890330749042964
2007-10-09,-0.01332121178255243,0.0006137855645626953,0.09063525298669964,0.0,0.0042722531631168,274.88868773006,-0.0010766183041920096,0.0
2007-10-10,-0.01718948558393845,0.0006020995183179609,0.06152067884887007,0.0,0.0036652260959821907,278.01070135012407,-0.0012793502017939833,8.52346317969932e-07
2007-10-11,-0.021096199035307784,0.000561362353421874,0.035562461378884185,0.0,0.0012567153484639476,278.0165354841847,-0.0012651903470609824,0.0
2007-10-12,-0.013773596261517479,0.000552748135254208,0.030061251250588512,0.0,0.000938197608384709,275.6506994646148,-0.0009554815768016934,4.261732051702438e-07
2007-10-13,-0.003595209012260545,0.0006176646651521241,0.027786283618761773,0.0030518605631623566,0.0007524065736491802,275.3434075213646,-0.0007432437854382278,0.008870097117073398
2007-10-14,-0.005865856499995215,0.0005519000318764294,0.05060170778895952,0.001641981850909648,0.000704520829232399,273.5301436839131,-0.0010034603114097806,0.002699563872102954
2007-10-15,-0.01179327222250276,0.0005425109533266833,0.04662810072387005,1.3617725022095073e-06,0.0009115284550829796,273.8937858430679,-0.0007994795049735383,5.585724677613878e-05
2007-10-16,-0.011608842697183964,0.0005428679076965247,0.03877468073210923,0.0,0.0011522087905198168,274.72269357081416,-0.000755925320804456,1.7106548853007553e-06
2007-10-17,-0.004580891065004855,0.0005300338827284043,0.0363249985287194,0.003544168873021832,9.993959407685167e-05,272.7708079738581,-0.0007144266076512257,0.004715765987401035
2007-10-18,-0.008599894321234213,0.000518865251945237,0.08992696930908663,0.006566345102369449,0.0,268.92156271925535,-0.0006941737038856846,0.00667379269481923
2007-10-19,-0.007931655199177521,0.0005348497359766126,0.09409184285251884,9.745148952397923e-05,0.001265029038834033,270.84168558426046,-0.000571528012932694,0.0002112184035575996
2007-10-20,-0.002399543500215994,0.0005257502619156057,0.10954695592043313,0.011475328292887091,1.6686164558270557e-05,272.09780940542566,-0.0003664419581155993,0.01352043525647309
2007-10-21,-0.004749325540779675,0.0005104808652468321,0.2209153112494115,0.009705787072073944,0.0,265.67780752595087,-0.0005587113252972479,0.009795464533197004
2007-10-22,-0.005194309235966138,0.0005103485227304664,0.2290498837688324,6.408254894833107e-05,0.00017251948810229867,265.80633410940516,-0.0005179961438232896,6.831448284580191e-05
2007-10-23,-0.008922743889908333,0.0005511815770197723,0.21724400637064503,3.066734742310088e-07,0.00306926629805969,274.3011337898097,-0.0007623805227757847,7.38827847022699e-07
2007-10-24,-0.011451120935590928,0.0006016325310798688,0.18669930150953393,3.725290298461914e-09,0.006224364715780916,275.39263531672304,-0.0007823226436720056,3.0100345043138077e-06
2007-10-25,-0.014527376130812588,0.0005853268723029875,0.14226432843396894,0.0,0.005047892909602257,278.39857781045635,-0.000971937362672919,4.351138045421976e-07
2007-10-26,-0.0027100795743155615,0.0005002419995722798,0.11642197431144068,0.0012933979768537534,0.00013848150012183325,271.4718356339047,-0.00033673436228333223,0.0013383541739357123
2007-10-27,-0.005663440431241937,0.0005090404196647602,0.1274747399511535,0.0007727759243068049,0.0008070614441471585,270.86211849291675,-0.0005235789911979335,0.0008180727678814422
2007-10-28,-0.010602661950440058,0.0005217479110437599,0.11677830008239172,0.0,0.0016902382301408694,272.88619401360637,-0.0008123730924927582,5.186386471576423e-09
2007-10-29,-0.012006689178741585,0.0005272834819588958,0.10106732212217516,0.0,0.0020936915051128907,274.420823120577,-0.0008703114485925875,0.0
2007-10-30,-0.002965501220212818,0.0005174195867473797,0.09321183314206687,0.005598089326236209,0.00039082959210131804,273.3365027253462,-0.0005594197776442194,0.0075780533295785515
2007-10-31,-0.007197940964146523,0.0005026708046595255,0.13069799390889833,0.0006894710878867888,0.0008740245264633902,268.05734343807126,-0.000603652332967284,0.0006957205675416075
2007-11-01,-0.008849856080645221,0.0005021245971237872,0.12132708590807441,0.0,0.0009233909264459448,269.40136956899187,-0.0005371839776214234,1.7417861499779974e-06
2007-11-02,-0.007604828409555942,0.0004901041587193807,0.12217767000647364,0.0014064964643642729,0.0003174057409251478,266.4953077212117,-0.00047252301947545204,0.0014225600465306858
2007-11-03,-0.008543070426768504,0.000489708309793203,0.11903165828036724,0.0,0.00038694127299691324,268.6089072326258,-0.0005502940581764206,8.52346317969932e-07
2007-11-04,-0.011053188835496957,0.000491174853454202,0.1124994022922552,0.0,0.0005654843555668654,273.13743620403744,-0.0006838232373534624,3.433621941439924e-06
2007-11-05,-0.006302641988810847,0.0004805105049057869,0.10574392545021186,0.0001562296670708953,0.0,269.4525214696335,-0.00040683895875673516,0.00015941612873081082
2007-11-06,-0.008348964196813984,0.0004930462540879762,0.10268917909898777,3.4327392524245095e-08,0.0008253831058572243,270.1806768499975,-0.0004073981784999708,8.881092057322348e-07
2007-11-07,-0.010832483359312608,0.0004906300771034371,0.09444540997233994,0.0,0.0007659930335936573,272.39708473722817,-0.0005603351046220732,0.0
2007-11-08,-0.010901467527373362,0.0004891408870449174,0.08504760512299907,5.646614031603107e-06,0.0007563621689707546,273.502140641437,-0.000623056580875553,8.184626928318646e-06
2007-11-09,-0.010370454924591519,0.0004952329363526598,0.07702153954802261,0.0,0.0011795670909565048,273.9764992701356,-0.0005892353700631757,8.70227722771233e-07
2007-11-10,-0.011494135999746916,0.00048783505703769834,0.06752327382003297,0.0,0.0008152622077087898,274.35438641047074,-0.000807537155299537,4.351138045421976e-07
2007-11-11,-0.004944552346474707,0.0004740384338939258,0.07793925082391714,0.009319406970914474,0.0,271.5491032573463,-0.00042046268738932534,0.009691998131613044
2007-11-12,-0.008852484578129935,0.00048137654018940904,0.15227639293491058,0.0032869840493309974,0.0006086290471971372,268.6546042850013,-0.0006065262471046826,0.0033382851187442526
2007-11-13,-0.016177685752426837,0.0004724678346666239,0.14361055018538135,0.0018743760883808136,7.029839575627429e-05,272.0064088099421,-0.0011373222358314332,0.002177041465953245
2007-11-14,-0.007759568970755669,0.0004692897621521169,0.14834163687323446,2.8559590800333835e-05,0.0,261.7193291155857,-0.0006204428161773305,2.9431594864850453e-05
2007-11-15,-0.007407978934756781,0.0004808876642399588,0.14381629958215633,0.0,0.0007586746271383966,267.7331549685778,-0.0005004742829981496,0.0
2007-11-16,-0.006979239694142746,0.00047932758843157933,0.13408975547316385,0.0003486616421217299,0.0007208523440495723,271.1817176050161,-0.00044313137877290533,0.00037268995000022963
2007-11-17,-0.0052984195240473346,0.00047776313488092807,0.13166444135475522,0.0009729318362844866,0.000671748050862113,270.7539608051997,-0.0003165437098024255,0.0011092719721019335
2007-11-18,-0.006141142025169006,0.0004739290745244862,0.13216237788371,0.0004606918763306181,0.0005199425659105603,272.1030955377496,-0.0004120545861663792,0.0005316012509998643
2007-11-19,-0.014904146519421183,0.0004640602964465902,0.12452344301730225,0.0,0.0,273.7821534546531,-0.0009653828985526064,1.5519432647617917e-06
2007-11-20,-0.0019828010834543044,0.00046311773486056577,0.1758260780808616,0.01051139351675066,0.0,264.4471332384817,-0.00022749516502612057,0.010546944420810367
2007-11-21,-0.001811932246227049,0.0004620272560981708,0.22196842631826744,0.0011256638556550454,0.0,256.7371859038617,-0.00019432143913318884,0.00112922055226132
2007-11-22,-0.0031496418566353585,0.00046256529746082546,0.21511432769832867,0.0001574819960163138,9.362925749040593e-05,256.42022551699995,-0.0002825163715219094,0.00016061133123270143
2007-11-23,-0.0021089730037134246,0.00046006872155572066,0.20420593146774957,0.0002713103247227642,0.0,258.9607263518368,-0.0001953181279244396,0.00027750996535188036
2007-11-24,-0.005921227068214094,0.0004738275445787247,0.20207717234580982,2.3256755818081444e-07,0.0008892777275904424,262.1969993469181,-0.0003222771788721031,1.069212935118811e-06
2007-11-25,-0.005391327885247894,0.0004592840954408808,0.19294626699329098,3.541928142477564e-05,6.890690511902848e-05,265.72419557014655,-0.000415731937029941,3.60306878498146e-05
2007-11-26,-0.003965322917464089,0.00045718067446670965,0.1924014333951271,0.0005021591560315278,0.0,262.3254159004226,-0.00032237989796420275,0.000508126043969871
2007-11-27,-0.00658958868286704,0.00045701558307065807,0.1899751997263418,9.687501663542063e-06,4.65473970450924e-05,265.4489102516246,-0.0005988509809903506,1.1756258495783402e-05
2007-11-28,-0.003278296588167632,0.0004552769458900064,0.19350972148658196,0.0016421735455087352,0.0,258.82488039882395,-0.00033622210329703695,0.0016461168304893795
2007-11-29,-0.0021405124479094467,0.00045431443190170547,0.2044383478254473,0.0013953074181483965,0.0,257.2691814257376,-0.00020822845820316486,0.0013999843833136694
2007-11-30,-0.002427346836038902,0.0004533766689947096,0.21223429591866763,0.0005879331022332618,0.0,258.2621962193491,-0.0002115135170561446,0.0005902107657636054
2007-12-01,-0.0006546216916903265,0.0004524075042056499,0.21643503192678912,0.0031614921944963063,0.0,260.10207940584746,-0.00011469100701943632,0.0031658890387756544
2007-12-02,-0.002822115891060587,0.0004514681417389779,0.24443763977165725,0.0003509006047316191,0.0,258.42417736735945,-0.00024187686395342069,0.0003524697938207853
2007-12-03,-0.007694596708831141,0.00045404932593221724,0.22868643148246232,0.0003980785018980167,0.00020826868923370446,267.4648563830417,-0.0005432002793597637,0.00040292925080337097
2007-12-04,-0.006985985247765558,0.0004539804606787903,0.22534363597575333,0.0011407614680333327,0.0002616131415138137,272.68968003483144,-0.00048077634225289023,0.001208839089822877
2007-12-05,-0.003847931695859985,0.00045747852931588386,0.23219865414606874,0.002746451414574338,0.0005223429367198783,267.6167302715352,-0.0003331272657644951,0.002809422585250294
2007-12-06,-0.0019331874988846862,0.0004476462885484857,0.2548584444150188,0.004592281276896849,0.0,264.04317572067464,-0.00019040319668707875,0.0046010086091216144
2007-12-07,-0.0011755629195331855,0.0004466970761617025,0.27719547250176557,0.0008284298671504199,0.0,261.55249911378337,-0.00014468209323404872,0.0008340608316913505
2007-12-08,-0.0012367386265663106,0.00044570648569171713,0.2897972207509416,0.0021691595935552136,0.0,260.01293344371965,-0.00017423252706642208,0.0021742083595183747
2007-12-09,-0.0020056630426881004,0.00044472999660308753,0.2917291960922787,0.00012130275537065196,0.0,256.95193444806984,-0.00013867012714430436,0.00012442057078841044
2007-12-10,-0.0017610086222826426,0.0004437733336357074,0.28949032081273546,0.0007632497256085025,0.0,258.96691958468733,-0.0001420316649443012,0.0007681583447968757
2007-12-11,-0.002592699718003893,0.00044279111980718414,0.29874352636534846,0.0004731170033330972,0.0,255.81725790451253,-0.00016806938154044124,0.00047735115493801694
2007-12-12,-0.0027407290740201705,0.00044599630064883476,0.29528831582509424,0.0002677125993084773,0.00024184321532141691,259.65330641148455,-0.0002534760919920469,0.00027116191925478185
2007-12-13,-0.0018469383150844254,0.0004408298912694899,0.2925250669432674,0.0005666636098912881,0.0,258.6639085363758,-0.0001666558601256818,0.0005697106573191603
2007-12-14,-0.0016073029761934012,0.00043984767744096665,0.30680430496704336,0.0013210496491631548,0.0,255.72776371655942,-0.0001686016244992698,0.0013258340499145702
2007-12-15,-0.0021949166295218603,0.0004388505624512495,0.30572452293726454,2.5713637387011683e-05,0.0,254.62816863051017,-0.00012725079695215333,2.7193726747372638e-05
2007-12-16,-0.0026461746817254754,0.0004378518479018562,0.30287092823093226,8.917968236120406e-05,0.0,260.28647068979154,-0.00017821531490249152,8.975786004362807e-05
2007-12-17,-0.0032127954613017503,0.0004368629832725741,0.29804007032721286,0.0,0.0,263.2272486462207,-0.0002469888672569378,8.52346317969932e-07
2007-12-18,-0.003291971728963367,0.0004358576179224219,0.2925356417725989,5.8341287286941614e-05,0.0,261.7546464736852,-0.0002625182449901845,5.9197531558861126e-05
2007-12-19,-0.0034984779559959806,0.00043576501183590645,0.2874337463953625,4.214944980912289e-06,5.231105254194832e-05,265.4814010268102,-0.00028850505454728833,4.647596305426691e-06
2007-12-20,-0.003649204969406128,0.0004360993198082272,0.28056033721751417,1.141136396402693e-05,0.0001284427477815057,265.4919322241947,-0.00028725191529861276,1.2693145842956263e-05
2007-12-21,-0.0016682996588238215,0.0004328183703503367,0.2954772834274953,0.003588481116934685,0.0,262.06193484290174,-0.00022675518977776762,0.0035982786766317336
2007-12-22,-0.0019635748391771046,0.00043179650427931446,0.310474460407839,3.4224620815050805e-05,0.0,254.5189816893382,-0.00011860863384553941,3.703281966455368e-05
2007-12-23,-0.0024879210665401095,0.00043077463820829235,0.31561819532721286,0.0016119647455417503,0.0,260.924497112267,-0.00018515981902173686,0.0016185138443254436
2007-12-24,-0.0008633080343742155,0.0004322730046881121,0.3184890316031074,0.0016771146217308477,0.00014306680630829378,264.6587662849498,-9.225475165130056e-05,0.001682050989172553
2007-12-25,-0.002448169651341304,0.0004287093541042953,0.37973039702507067,0.007608071579939902,0.0,260.7030358467174,-0.00027449822611054465,0.007610759298944106
2007-12-26,-0.0012322427273470133,0.00042764783579077423,0.38392239730461397,0.00035113712909531463,0.0,256.02172456802396,-0.0001051136118880773,0.00035483018816398346
2007-12-27,-0.0012577177777802204,0.00042664247044062214,0.39364411377412906,0.0010067396876165422,0.0,254.6426191563436,-0.00010241956402689725,0.0010129284892378555
2007-12-28,-0.0014028635907307858,0.00042558255168677724,0.3931783615083569,2.2658267937137584e-05,0.0,251.86577740541736,-8.027428645367003e-05,2.8290098567520616e-05
2007-12-29,-0.0014998017478797395,0.0004245127830128212,0.3903449969103107,0.00013933118201245025,0.0,255.02390638807626,-7.959526284771451e-05,0.00014374798412021292
2007-12-30,-0.0014108663561653956,0.00042347601578060517,0.39673196393891247,0.0017144340537698932,0.0,256.5167919166119,-0.00010534840514936017,0.0017222107130255404
2007-12-31,-0.0015295500640815263,0.0004224094462260015,0.42726080655602633,0.005089827723759042,0.0,255.79663435079286,-0.00018065513800934885,0.005096275961229411
2008-01-01,-0.002048642116751375,0.00042135617827291543,0.4733314298640537,0.0027826286136767285,0.0,255.79476044002905,-7.636237384404167e-05,0.0027844027334703566
2008-01-02,-0.0035039905016705144,0.0004202797587982006,0.4533737383768832,0.0,0.0,263.1421063310009,-0.00012016840447477028,4.351138045421976e-07
2008-01-03,-0.006225934010104271,0.0004192033393234857,0.4394859989259652,0.0,0.0,270.46693556905916,-0.00048462202572553177,1.2755393754559918e-06
2008-01-04,-0.006161889997916035,0.00041815007137039966,0.4239805404749294,0.0,0.0,268.45039894980454,-0.0004811861084005927,3.42931343766395e-06
2008-01-05,-0.007193033683434719,0.00041705209993373203,0.4114863796198211,0.0007916443092001361,0.0,269.3541492383135,-0.000473784219663022,0.0008276645651655322
2008-01-06,-0.004704185209031832,0.0004160004315403222,0.4054513704978814,0.00026440616212995715,0.0,260.6120666496723,-0.00039677637087254876,0.00026724259396520715
2008-01-07,-0.0029532982215369494,0.00041489926098430224,0.43394846655779196,0.0036003120075174646,0.0,260.0846103445509,-0.00021952848439499482,0.0036021397274985023
2008-01-08,-0.0026561253740962614,0.0004138144648681253,0.44961461643714695,3.448305493694241e-05,0.0,256.9977763404056,-0.00015253832532187642,3.7486808303848164e-05
2008-01-09,-0.0019136572540816616,0.0004127231442322166,0.44526330405484943,0.0009526675619648002,0.0,260.93966863743555,-7.464342071848401e-05,0.0009575134953195497
2008-01-10,-0.0021448553787112913,0.0004116284981959284,0.45443030175965166,0.0006868067897309019,0.0,260.7617208585003,-8.519994631662208e-05,0.0006897196425775216
2008-01-11,-0.0021484601969099315,0.00041054382836077844,0.4579066619585688,0.00209637198828708,0.0,261.72751082224585,-0.00014395577212174737,0.0021028433815111817
2008-01-12,-0.0021005023249798574,0.0004094243049621582,0.49978482521186446,0.005511188848038852,0.0,262.07346516409837,-0.00011407839671029884,0.005517035587930464
2008-01-13,-0.0013403976704441222,0.00040832473396581445,0.5148293590366055,0.0006665966478781512,0.0,260.19660302788975,-4.132918087439348e-05,0.000668286435348166
2008-01-14,-0.0037897760416828307,0.00040722676252914693,0.5122587559586865,1.3670131648327673e-06,0.0,262.83376911041205,-6.932284851363824e-05,1.8004643260286748e-06
2008-01-15,-0.002670148208653186,0.0004060973892104155,0.5062745519950566,0.0033295805760696112,0.0,264.5462420547974,-0.0003049625609975077,0.0033319962058363664
2008-01-16,-0.0011984985426994367,0.00040500606857450677,0.546169704861111,0.0014200164268245805,0.0,252.05475797850764,-0.00015400723149042346,0.0014236995223315826
2008-01-17,-0.0006042900732008078,0.00040388814473556265,0.5597358315677967,0.004667255248727098,0.0,255.3693203468107,3.188795878388788e-06,0.00467223988483918
2008-01-18,-0.0012080812942510271,0.00040279522453997766,0.6600622259739878,0.009139235031470069,0.0,256.3191577099587,-0.0001523152393641445,0.009145104396769207
2008-01-19,-0.0013418104604812668,0.0004016625258208669,0.6721876471280603,0.0028674489066088937,0.0,256.9120462349355,-3.0307762198529003e-05,0.0028742642473352092
2008-01-20,-0.0009337363943541792,0.0004005339522819735,0.6931078779719869,0.006657238691876838,0.0,259.45231962114184,-0.00012694782245967348,0.006659401708974732
2008-01-21,-0.0011465057814862096,0.00039941695450389453,0.7290126419785781,0.001925878858162185,0.0,251.70890844384604,-0.00014040852228632082,0.0019317363545480791
2008-01-22,-0.0017624168662028125,0.000398310732706792,0.7200228876088749,0.00013352438049801327,0.0,251.79678881729615,-1.426046914131628e-05,0.00013780254870348704
2008-01-23,-0.0029191405928067566,0.00039718960974849556,0.7446378718661725,0.0035841359551680293,0.0,256.7199841335893,-0.00013306047135995606,0.003589032113189008
2008-01-24,-0.004660802456618703,0.00039606343554911646,0.7381010181261771,0.0,0.0,258.75153532944154,-0.0001286339477799033,0.0
2008-01-25,-0.003708281254364273,0.0003949290109893024,0.7239661495115349,0.00045076113636210817,0.0,260.4359765205455,-0.00019195934199849095,0.0004531878658180161
2008-01-26,-0.004668576779675349,0.0003938211896325236,0.7096269108256827,2.748051942405054e-05,0.0,261.6594091691989,-0.000201468340168565,2.846773033857807e-05
2008-01-27,-0.00652664537820439,0.00039267346347119183,0.688916567355226,3.0710703909060378e-06,0.0,265.91007031155175,-0.00033176636670605614,4.848416370024318e-06
2008-01-28,-0.0046225578266348545,0.00039158214283528306,0.6673678238288606,0.0026858155168382465,0.0,266.84962339095927,-0.0002855679946346472,0.0028894468199528378
2008-01-29,-0.0034616736874068525,0.000390432817114275,0.6874848274187855,0.0013326523920237008,0.0,255.2297089607253,-0.0003913144796749967,0.0013384630335223982
2008-01-30,-0.0025832967485411697,0.00038931329371565484,0.6924561466425376,0.002074379473924637,0.0,257.15207082672987,-0.0001412842443770608,0.0020807377025905977
2008-01-31,-0.0034111057971156927,0.0003881788691558407,0.7097439236111113,0.00015921852851318103,0.0,256.3981966855612,-0.00012976657283508171,0.00016106617979281344
2008-02-01,-0.0033419074564330323,0.0003870577461975443,0.7019934932615349,0.0013849515110085915,0.0,260.0731634294471,-0.00014624453154997636,0.001390885666938825
2008-02-02,-0.002979255034088415,0.0003859233216377302,0.7054339909957626,0.00018837275562313315,0.0,257.0571887344964,-0.00016285106539726257,0.00019187324464657886
2008-02-03,-0.002410745637565009,0.0003847755954763984,0.6949805423140302,7.563774700218676e-05,0.0,257.4198757035136,-6.267240028933617e-05,8.001238293064042e-05
2008-02-04,-0.0018464676236028725,0.0003836196189546316,0.6952490510240112,0.0014923222910212934,0.0,259.5261887049271,-0.000154779255811104,0.0014970666773772557
2008-02-05,-0.0025026530953450397,0.0003824338401104771,0.698652306967985,0.00019006029108149856,0.0,256.3187704283864,-8.83450436979364e-05,0.0001957996079127531
2008-02-06,-0.0019566058102300616,0.0003812563116267576,0.6977313772657722,0.001988467018483049,0.0,259.575347724383,-6.99243671392317e-05,0.001994560532548387
2008-02-07,-0.003091206321608549,0.0003800572311810855,0.7115041729196093,0.0013971681690822214,0.0,258.1006490955245,-0.00014506175188021473,0.0014001806576023532
2008-02-08,-0.004270198486619077,0.0003788829018167183,0.7252588074535075,0.0017841772760375076,0.0,259.85836514331083,-0.000274164649515839,0.0018154801751341894
2008-02-09,-0.004838864303241343,0.0003776540190486585,0.7232088997763654,0.0009407371829795299,0.0,262.1366345069727,-0.00024062725531179353,0.0009454860699221727
2008-02-10,-0.00698351476993938,0.0003764432365611448,0.7093128843720574,4.7832453823359004e-05,0.0,266.72646362678256,-0.0002972661059791759,4.9828556914518e-05
2008-02-11,-0.004589755530074492,0.0003752093025520023,0.7048438695415491,0.005552732317292758,0.0,265.29013992568196,-0.00042656010364071795,0.005620999390020263
2008-02-12,-0.00303901908761364,0.0003740349731876352,0.7412256503060265,0.0031313769266767015,0.0,263.3956019586538,-0.00017513715698894134,0.003136662388871402
2008-02-13,-0.00271471147820101,0.0003727927888180577,0.7404886306791432,0.0023950806445321125,0.0,266.62651698872196,-0.00011350643310674842,0.0024010567677433207
2008-02-14,-0.0043948369763665285,0.0003715836058902202,0.7532653233874765,0.0014834115650020753,0.0,260.04618220499907,-0.00035261741634142607,0.0014844979100631993
2008-02-15,-0.005488250088893761,0.0003703265203594488,0.7429640602930792,6.961536272770942e-06,0.0,261.5715604591729,-0.00012700844261437488,8.528549016585917e-06
2008-02-16,-0.004412102076293385,0.0003691487393136752,0.7313547367879002,0.0021621248142867436,0.0,266.62017159183597,-0.00022091182464428543,0.0021645134766880786
2008-02-17,-0.0037940177371946437,0.0003679214561052915,0.7587014753266245,0.0037043955450677605,0.0,259.6343962279641,-0.00039372468988100695,0.0037256970243143093
2008-02-18,-0.004664686524261863,0.0003666840704147426,0.7738225617202213,0.0021146187548246763,0.0,259.97799858984075,-0.00019658254827819977,0.002119870121881033
2008-02-19,-0.008730460652860544,0.00036548153828766387,0.7703353968043785,6.0519129879730564e-06,0.0,266.53620574793126,-0.00031987665021150126,6.465874720481615e-06
2008-02-20,-0.010023050852077829,0.00036424095347776256,0.7486229733109699,0.0,0.0,268.09872585591177,-0.0003957253180991459,1.7225742112714215e-06
2008-02-21,-0.007942532036600813,0.0003630219206298139,0.7286386148628767,0.0,0.0,265.9523950566006,-0.0002531820729290698,4.2915326048387215e-07
2008-02-22,-0.00808780682457369,0.0003617813358199125,0.7125446441707863,0.0,0.0,264.54732070175714,-0.00029847932989987954,8.583068833445395e-07
2008-02-23,-0.007332751769467263,0.0003605572517308812,0.697733906029308,3.5917060186633956e-06,0.0,264.12112535595224,-0.0002977291890288477,7.297935094609047e-06
2008-02-24,-0.004948123531826472,0.00035932331772173866,0.688741852783663,0.0009367494386131481,0.0,264.7700776497074,-0.0002080428777104717,0.0009418147094724407
2008-02-25,-0.003260169999074128,0.0003580678317506435,0.697978046654308,0.0030718166275886497,0.0,264.5936391941796,-0.00020813376847970285,0.0030783732226622135
2008-02-26,-0.005761062736901861,0.000356850398462371,0.7076360842602402,0.0002902290746990571,0.0,261.9522224577134,-0.00023652830997766074,0.00029166353485474725
2008-02-27,-0.007112820901102939,0.0003556098136524697,0.695705607786017,0.0,0.0,265.87629919896244,-0.00015093841837287623,1.2796163559869456e-06
2008-02-28,-0.006181765200391327,0.000354382530444086,0.715016855358404,0.006791052129645806,0.0,268.19835589924327,-0.000388391221226272,0.006826637663761303
2008-02-29,-0.009336896998397376,0.00035314354519386075,0.7408084043226226,0.002591745875312784,0.0,267.99194075158766,-0.0003679940098170507,0.00262521993284854
2008-03-01,-0.012696436148578839,0.00035193436226602337,0.7238502861640773,3.8185277901126847e-07,0.0,271.7021264113949,-0.0007233096465552594,8.116487384639874e-05
2008-03-02,-0.00470949844115198,0.0003506887262150393,0.7559632841925612,0.009228317035456837,0.0,263.9694549467155,-0.0006122153389167651,0.009319538517769422
2008-03-03,-0.0068683072840426615,0.0003494779437275256,0.7986888131179379,0.0012492166863659682,0.0,262.04020999829424,-0.0002408983701534864,0.0012568424987026796
2008-03-04,-0.004002755392069198,0.0003482538596384943,0.809158583818856,0.006668682404830632,0.0,264.3976776927654,-0.00026513195180960297,0.006684935025576145
2008-03-05,-0.004064790988709294,0.00034702977554946303,0.8708820235257768,0.0033238110695518346,0.0,258.50439741202894,-0.00033870803476390195,0.0033286038932704926
2008-03-06,-0.0019400659422416475,0.00034580569146043164,0.9068734551553673,0.006159260111340022,0.0,258.38316278403767,-9.653447353738851e-05,0.006162897547589847
2008-03-07,-0.008089979658019072,0.00034459650853259415,0.9601402498234465,0.0008969820488644185,0.0,263.90312251577717,-0.00015049370395093316,0.0008995279079427017
2008-03-08,-0.006987193799288259,0.00034337402400323904,0.9373772400247176,0.0010112787328534207,0.0,264.85954050829184,-0.00035013956686029326,0.0010200253136747957
2008-03-09,-0.005842386708084474,0.00034216484107540154,0.9140418101165255,0.0003753380671059345,0.0,264.19271636862317,-0.00018035936679712127,0.0003788981397273177
2008-03-10,-0.009123989249353355,0.00034095060690648147,0.8931107745556732,0.00014507812632005767,0.0,266.64407875219086,-0.00023675861500077332,0.0001462117426358238
2008-03-11,-0.010715537741359346,0.0003397547255801616,0.8675270439765773,1.765859160719618e-05,0.0,269.9146893495894,-0.0003779058970805616,1.9439263498284655e-05
2008-03-12,-0.0091660941640536,0.00033853384061048266,0.8429628648775895,0.0006011300588731712,0.0,267.2020914505206,-0.0006543028847140781,0.0006184286989384988
2008-03-13,-0.007298221190770469,0.00033737761152666164,0.8268937220456687,0.0005477623708840817,0.0,264.69793712666257,-0.0004089383913551347,0.0005529910999502839
2008-03-14,-0.003033992723893311,0.00033616497691741774,0.8657353000676788,0.009843705421955574,0.0,264.3980790621368,-0.00024850189285931614,0.009870040130480536
2008-03-15,-0.0061102731753203835,0.0003349706951507741,0.9414073994379709,0.0025127010030598293,0.0,263.0173655256713,-0.00029056842865075096,0.002524387274844477
2008-03-16,-0.004487518115905719,0.00033379291410500053,0.9279766765242469,0.001843405182415483,0.0,261.1084889952522,-0.0002443467787766861,0.0018633501341113938
2008-03-17,-0.006858831450427321,0.00033260343101738536,0.9310702738788843,0.0005844155442243243,0.0,261.84125972467626,-0.00019538446755732524,0.0005878042028772492
2008-03-18,-0.0076182624377773315,0.000331418999170853,0.9179156459657487,0.0010089057650269763,0.0,263.0930060873373,-0.00033486245126374025,0.0010121009449476667
2008-03-19,-0.009793939437233123,0.0003302345673243205,0.9182995582479991,0.0024577941177255018,0.0,264.90951517611575,-0.0004549223487660036,0.0024644826700113698
2008-03-20,-0.006838398127906067,0.00032908153735985193,0.9260274596133475,0.008051305020091224,0.0,266.98633522277953,-0.0003804462609318017,0.008115499852835256
2008-03-21,-0.006369172937452458,0.00032789045471256063,0.9614986556173495,0.0024586450413795514,0.0,263.8218050703491,-0.00046087881960606174,0.0024770477219824044
2008-03-22,-0.00405719219628027,0.00032673742474809207,1.0493982462335218,0.012427082064293198,0.0,262.3979229109884,-0.00031761258924748267,0.012450046138552112
2008-03-23,-0.009526734634981318,0.0003255910455843823,1.1040979302760123,0.0008421966037844534,0.0,261.47977908362554,-0.000313012287189058,0.0008436604744970462
2008-03-24,-0.014240429015819638,0.0003244247140183961,1.0724893056291196,4.0035294947651147e-07,0.0,267.99661614441385,-0.0005502830822504848,0.00010354160252263991
2008-03-25,-0.0068385884334138565,0.0003232716840539275,1.058393517905485,0.0037029106485641614,0.0,265.9717273855838,-0.0005131459473974289,0.003731848108222717
2008-03-26,-0.0069062254775715416,0.00032211865408945895,1.051986320768597,0.002709614186637146,0.0,264.5051537098858,-0.00034699713190396636,0.0027379523504581387
2008-03-27,-0.005249706070638647,0.0003209887756466192,1.057432587761888,0.005325797566417921,0.0,263.02047170577976,-0.00037110519548088825,0.005343449822926926
2008-03-28,-0.008486826246404379,0.00031981419372019795,1.0721410259239643,0.00015868233927225663,0.0,259.6929058965766,-0.0005027325718668895,0.00016124768772238373
2008-03-29,-0.01022612480288845,0.00031870586723931093,1.0565095890713279,0.0021463922398575284,0.0,263.4828721601411,-0.0004304310170102255,0.0021688154187343616
2008-03-30,-0.006642867490059913,0.0003175560363941947,1.047537765933969,0.0008474145568696794,0.0,259.5698914393194,-0.0004902507236364198,0.000853067686899961
2008-03-31,-0.0021939410664940963,0.000316442658672225,1.0578845467720104,0.006506193302950617,0.0,260.2686564307204,-9.81642985663845e-05,0.006511179673390092
2008-04-01,-0.006493365697268039,0.0003152978790681915,1.1237760784486819,0.0010800125487780167,0.0,259.0488688653921,-0.00034338536824883716,0.0010865703981798784
2008-04-02,-0.009975359643583245,0.0003141994025074156,1.1038664334686914,6.931776044058936e-07,0.0,260.57194942898224,-0.00036516179998884093,1.1269654581638929e-06
2008-04-03,-0.010332782431847633,0.00031306447282349325,1.0844574836687855,0.0003377355550978817,0.0,263.11611585742787,-0.000463563912037739,0.00034160693149782174
2008-04-04,-0.013151317498104722,0.0003119643967030412,1.061175617570033,0.0,0.0,265.73389510246324,-0.0004866320987121534,8.455014608443889e-07
2008-04-05,-0.0096577898425571,0.0003108443681803127,1.0365305180379003,0.0013237484851799442,0.0,265.9091069029325,-0.0006313816365380745,0.001363771008815442
2008-04-06,-0.008972532415794114,0.0003097458916195369,1.0431933501794963,0.002138570540368894,0.0,263.4803804983078,-0.0004615343812495302,0.0021764590578564145
2008-04-07,-0.010946293082614404,0.00030862586309680836,1.0263225893067325,0.0009092728970414502,0.0,263.91254050044694,-0.000506900150939233,0.0009254123868227612
2008-04-08,-0.009375232129783955,0.0003075505380576614,1.015886152306968,0.0007607949697701946,0.0,264.3990020392754,-0.00047581809136153626,0.0007687394565108133
2008-04-09,-0.0072178309835956595,0.00030644541069612665,1.0031156665636771,0.0013384370522647256,0.0,264.8483090840715,-0.0003645879263847561,0.0013413244048080875
2008-04-10,-0.006235164227121968,0.000305356784055462,1.0080839972487055,0.0026637129485607147,0.0,265.61489574698186,-0.0002752790953648292,0.0026731538738225947
2008-04-11,-0.00675730276747612,0.00030425005713425116,1.0255393622734228,0.0047753152284918535,0.0,264.69417720730024,-0.0004430559679529088,0.00480311506207547
2008-04-12,-0.010046610724454546,0.0003031614304935865,1.0308913753531075,0.0008237654459005022,0.0,264.73676893446185,-0.0004338890493000295,0.0008297315424095304
2008-04-13,-0.014043822211060823,0.0003020943558148745,1.012815773599341,5.798361732461359e-06,0.0,268.87303150845116,-0.00033492339764442823,5.797561952623271e-06
2008-04-14,-0.020651015942379582,0.00030102063033540376,0.9868012336687854,0.0,0.0,274.9185739039477,-0.0008214461790808179,8.583068797918258e-07
2008-04-15,-0.022077419368897455,0.0002999668572582094,0.9467299869056027,0.0002114390586055605,0.0,274.84495318138,-0.0014852924104043319,0.0004281541004564591
2008-04-16,-0.00917937088820894,0.0002988947313384148,0.9858968558733523,0.010127184796804764,0.0,265.78116585395657,-0.0010809758257141896,0.010255782398698074
2008-04-17,-0.011735612010888461,0.00029781435505818514,1.0062688048052024,0.0005609719766735357,0.0,264.08647954980313,-0.0005351146367394317,0.0005646809681984529
2008-04-18,-0.01591343946207715,0.00029677043190110203,0.9910371424788137,0.0,0.0,269.2005081500037,-0.0005131401437318932,8.583068797918258e-07
2008-04-19,-0.019904274135659646,0.00029574140990521277,0.9718606090366055,5.21540641784668e-08,0.0,273.0711782063917,-0.0009308775392292583,0.00029970880000144073
2008-04-20,-0.016268383985185354,0.0002947339398712762,0.9461580265713277,0.0019298175213027136,0.0,272.3393635866557,-0.001270693690005669,0.0026305235375118797
2008-04-21,-0.012311062528251931,0.00029361045966714113,0.9889739013212101,0.005439565059239582,0.0,263.4285803541626,-0.0011063707666208516,0.005462947369968824
2008-04-22,-0.01605104760261579,0.0002925830372309281,0.9817301432291669,1.2060016982972962e-05,0.0,264.5497481674798,-0.0007484136044053034,1.3785785395516978e-05
2008-04-23,-0.015322695723024467,0.000291555614794715,0.9675063081155837,8.033928435064305e-05,0.0,270.4985625092817,-0.0006833517250452339,0.00016311784202534038
2008-04-24,-0.0037774053838966933,0.00029053484315926073,0.9688771278395718,0.01059564756555746,0.0,268.84277320042844,-0.0003087888235005282,0.01076389722986007
2008-04-25,-0.008594034502735246,0.00028950076992228884,1.0557282011387712,0.00403125797750923,0.0,265.22287419062326,-0.0005596056317458046,0.004120179943343395
2008-04-26,-0.0073922021409212535,0.0002884650971256407,1.0933451679466808,0.00709931998603088,0.0,263.9003083898972,-0.0005288428000811131,0.007128828557371033
2008-04-27,-0.014479519704640922,0.00028743927424910385,1.1106308759269068,0.00045896851915424154,0.0,266.0440081400611,-0.0004300796505758319,0.00046139994305761684
2008-04-28,-0.017458177050628233,0.0002864185026136495,1.0890550056644304,0.0,0.0,271.4075929458532,-0.0006142494737007524,2.1307727636045803e-06
2008-04-29,-0.02229711249218149,0.0002854655859834057,1.0608779131355932,0.0,0.0,275.1941893554228,-0.0008944663676922605,0.000510598366176155
2008-04-30,-0.01176089890259134,0.00028449936775164415,1.0271290349870528,0.005883021711629664,0.0,273.24004584562084,-0.0009239388808692243,0.006734230506901959
2008-05-01,-0.008207181163426848,0.00028340568986989686,1.084966684689854,0.008546046660108083,0.0,266.95862727695044,-0.00106912833443806,0.008607041903032476
2008-05-02,-0.008626476477431713,0.00028239636771422997,1.1750389429584511,0.013080386097653437,0.0,265.13260125126095,-0.0005590668853140821,0.013086519672372248
2008-05-03,-0.01418563226858775,0.0002814434510839861,1.1981191976371235,3.547827571125354e-05,0.0,267.2850379800168,-0.0004249941452411609,9.348513709537039e-05
2008-05-04,-0.016404246753555233,0.00028051528553504733,1.172807653969515,3.81639364075526e-05,0.0,270.4254608872696,-0.0005502569157693345,0.0009621467631310395
2008-05-05,-0.021600433577925477,0.0002794596603361227,1.1463213846957392,4.0374149036946274e-07,0.0,272.7272451332509,-0.0008480934962882835,9.72869032520359e-07
2008-05-06,-0.020475570975387162,0.00027856794791033043,1.111065363479873,0.0,0.0,274.4424919911473,-0.0009292493242833575,0.0010817776955309583
2008-05-07,-0.009518376304268163,0.0002838360556101395,1.0799201922228108,0.004159590197821795,0.0,272.5588239788336,-0.0007663263207943427,0.0065376165222972744
2008-05-08,-0.009350539811250181,0.00027690583703208105,1.1156778281691386,0.007809668610998467,0.0,272.0843692247926,-0.0006693172305401436,0.009031784315567231
2008-05-09,-0.010869729864058522,0.00027558813660831776,1.1219264028660547,0.003418671293447247,0.0,270.82977460512785,-0.0008610645782644466,0.003908108721973182
2008-05-10,-0.01147419597301106,0.0002746152675757974,1.1732055893950095,0.009210717648604497,0.0,268.40464192191087,-0.000880367590882684,0.009386098149132594
2008-05-11,-0.020362558295834537,0.0002736322960611117,1.1778113873440443,0.0,0.0,271.8819172350925,-0.0008314603171442862,4.107686085889569e-05
2008-05-12,-0.009628462926142636,0.000272848596007137,1.2012224502707156,0.014087136224501553,0.0,271.40083990797484,-0.0007916846454648648,0.01591004894278144
2008-05-13,-0.013625334337943017,0.00027173631272073523,1.2582559531691384,0.0025754896976516745,0.0,269.0209885290114,-0.000830741883334467,0.002610691186341593
2008-05-14,-0.01005080876882467,0.0002708893037785245,1.2452314416342984,0.00438347336767757,0.0,270.88891859108446,-0.0005397439781723724,0.005413808677840961
2008-05-15,-0.012034133076667787,0.0002698866324236164,1.2540453319944682,0.0016916184607198685,0.0,271.18785187169885,-0.0005974712029183652,0.002208545416716452
2008-05-16,-0.018047838519185278,0.0003092959102264232,1.221184049846987,7.266652281001463e-06,0.0025565441760976434,275.60097019102164,-0.0004302808688690434,7.825130123203084e-05
2008-05-17,-0.021925177235724562,0.0005041623519638839,1.1565842565619116,0.0,0.010190551353376464,277.5254927274198,-0.0005532224467918698,4.045070021223826e-06
2008-05-18,-0.02386192047158204,0.0014073746857670068,1.0868333719544492,0.0,0.014223749017984856,279.44698127918997,-0.0007073089617204533,0.00018330220760581556
2008-05-19,-0.01905328165845009,0.0016396938070739058,1.0156695981932675,0.0,0.01402201705564887,278.6596156549544,-0.0005517464110070029,0.0013353028592788091
2008-05-20,-0.01971903140262022,0.002861286708190616,0.9548811113318032,0.0,0.015742002823258525,277.694970948099,-0.0002838141458519435,0.00014576992303885056
2008-05-21,-0.015250227166771215,0.004985934091826617,0.8861212721427733,0.00018146524658310884,0.016004432834642757,278.4406622798654,-0.00035812344275793786,0.007693516298807759
2008-05-22,-0.0034726977264140286,0.0036208806401592194,0.8656748396304144,0.008805390384237647,0.00820050508541576,274.61965047257996,0.00011443187309018636,0.022292763483018768
2008-05-23,-0.007748359972137517,0.006028827974351786,0.9121583410575566,0.009841555592703955,0.0072946479112583375,274.61146344976913,-0.00015822396545255252,0.02693773925147595
2008-05-24,-0.0036759513330324903,0.0010035837774222854,0.9810374919079567,0.02553446418316351,0.0011407977948754522,272.76079654514,-0.00036248239020338167,0.03332345027708065
2008-05-25,-0.011261739720732479,0.0005669021337045789,1.0733955225253062,0.0035493550664287507,0.002184894041152997,273.6360037923982,-0.000731448495581662,0.006724205764571206
2008-05-26,-0.005235451426209703,0.0004942039143567706,1.0638301296198212,0.0041094878004432405,0.0011937042414131812,272.97902328864774,-0.00036813794387935926,0.005946973875417549
2008-05-27,-0.006781589808100361,0.00041521252211877864,1.1073510696209983,0.010133832398444247,0.00035332947295937836,272.2749141290812,-0.0005732362532177888,0.01153579481533816
2008-05-28,-0.016310671712719115,0.0011741673037157221,1.1012480137711864,8.556970768729172e-05,0.005103675427578264,274.97187133832165,-0.00046538161166475325,0.00033038174287552426
2008-05-29,-0.014884242398590694,0.0016537574724962483,1.0434832384357347,0.0,0.007172196935125665,276.07397976029387,-0.0004649761706422278,0.0043758515256674
2008-05-30,-0.013409895832929236,0.0012903351568232823,0.9992627504855226,0.0,0.004960486739032014,274.96359702647294,-0.0005589703224220519,0.0008985816927279457
2008-05-31,-0.01766629272935081,0.00145020399053218,0.9554188184145479,0.0,0.005821127907536124,275.11021417592656,-0.000713761869586457,0.0007843706062284567
2008-06-01,-0.02023919827520511,0.0015509263270318844,0.912354665062971,0.0,0.007279148167472775,276.33785941416716,-0.0007687406772274082,7.831239546823195e-05
2008-06-02,-0.0170987060261985,0.0036947746566459963,0.8635941270156545,0.0,0.012020309724039951,277.3570359547933,-0.0004974462849608923,0.0037091034449094036
2008-06-03,-0.016046621578898135,0.0011051268564105708,0.8214688345986346,0.0,0.004018295598400515,275.2599110827832,-0.0008740651626455584,0.00028136500530499863
2008-06-04,-0.011129916429856404,0.0016289527638483857,0.8050139403837101,0.002496695451143772,0.004018832313812385,274.36666761638986,-0.0006538269788784497,0.006838840986946936
2008-06-05,-0.006494154911593528,0.002394762500531256,0.8351561120674436,0.010201425475757675,0.005178234482047249,274.1382912924959,-0.00021096017464237703,0.01576980502255219
2008-06-06,-0.013785210580138839,0.0017128529521705069,0.8392363869762242,0.001397180397295009,0.002833014364633183,274.1048020256891,-0.0006887359955048157,0.004739831413230142
2008-06-07,-0.016934194260061125,0.0014149221660053662,0.8237789750323682,0.0001398077876554371,0.00024653087228031483,272.4370555590326,-0.001410647242798307,0.0007793362194485684
2008-06-08,-0.014867033325346177,0.0015347517479610984,0.8144411708451036,0.0008651415506998699,0.0,271.402925527253,-0.0011055656040539852,0.001811112977017117
2008-06-09,-0.015908958716581097,0.0016428089074495824,0.8206219287017421,0.0019033899962228572,0.0005660231756625203,272.97862606084504,-0.0008571095354223657,0.003831705299474425
2008-06-10,-0.015423015054673125,0.0018811294082867898,0.8051022172198683,9.58209909961722e-06,0.00445315629075476,275.6978500423683,-0.0007580697725890047,0.0032557599624321826
2008-06-11,-0.016713422107494484,0.0017287394421248788,0.7961308538576978,0.003722202769443814,0.00020913129388275796,271.7185851203071,-0.001485523425758222,0.004699898104531571
2008-06-12,-0.009908174390846727,0.0017528092793825656,0.8281493680849813,0.005594111579117802,0.0,269.9704656798512,-0.0007252550689177325,0.006556967440655311
2008-06-13,-0.019106582606916375,0.0018026327009254932,0.8388998315383712,0.00016667982195056765,0.0008271859148464635,273.6184250172473,-0.0008881493960901844,0.0004312673341022889
2008-06-14,-0.02447131436086644,0.0021126178529976454,0.8126029896421847,0.0,0.0054672592145911724,277.27851219320934,-0.0010137080009710992,3.349899408910825e-05
2008-06-15,-0.020542620012989152,0.0038623935253606677,0.7711659806820857,0.0,0.011343350812876964,277.45164252315317,-0.0004863143598629256,0.00012666685769786943
2008-06-16,-0.022076653474468296,0.004772075825491868,0.7240875301612524,0.0,0.015554055087478823,278.38802550651707,-0.0004340405865325093,4.842998607554657e-05
2008-06-17,-0.026909669450784136,0.00590999542319842,0.6691965796404191,0.0,0.016395851485641665,279.9178863209296,-0.0007102402811080724,5.2697474076387554e-06
2008-06-18,-0.022426262792557647,0.0068937954256090075,0.612597104519774,0.0,0.018409141186772095,280.69392392505137,-0.00042331589143828485,0.00047959976608173986
2008-06-19,-0.01544076915683046,0.010255196589534566,0.5589068569032486,0.0,0.016660718847129306,278.2863794675206,-1.176758695625316e-05,0.00476573173609015
2008-06-20,-0.01858085911657851,0.008861015577100765,0.5117559917902543,0.0,0.014288351318593755,278.4683306562923,-0.0005606008104264399,0.0019138196093887933
2008-06-21,-0.027231076721754455,0.00831325714197536,0.4684129847869586,0.0,0.014608789761524417,280.4405978969711,-0.0011182750475271948,0.00036753964843522636
2008-06-22,-0.022535583772565013,0.009268535227425356,0.423981460025306,0.0,0.013880370153208912,282.4852691118776,-0.0010303755180310395,0.0004374828251645268
2008-06-23,-0.023987298336742964,0.010237840440987194,0.38308077882238706,0.0,0.014845771936036773,282.2268461094514,-0.0010431860284195783,0.0008838054445552425
2008-06-24,-0.027545755992164724,0.011049061592689343,0.34506840535251887,0.0,0.013449336996691376,283.35071105741514,-0.0015454752223387279,0.001428146432976588
2008-06-25,-0.027422114449032284,0.01159707797785937,0.3091291582068032,0.0,0.012465927581497506,283.5926337628266,-0.0014387118277576687,8.035643952585189e-05
2008-06-26,-0.026016025430401837,0.01195534785925332,0.2779683545933381,0.0,0.010162400155417665,283.78824124812184,-0.0015330519211494316,0.0021170055629493693
2008-06-27,-0.025292586387887513,0.011325902605460863,0.25306256252942566,0.0,0.007671554546571721,281.0154470382662,-0.0016889849540877478,0.0038228537789133806
2008-06-28,-0.027631758507025445,0.011951839688134059,0.2344883345839219,0.0,0.0059454665008911315,280.2661261836912,-0.0016218072782128545,3.031993979658763e-05
2008-06-29,-0.02689986326600199,0.012621942128838794,0.21456443657309326,0.0,0.009836996026800177,282.7985653598879,-0.0014930099648776027,8.583068797918258e-07
2008-06-30,-0.0307938081480689,0.014339871494110023,0.18401582362288138,0.0,0.012737399356513376,286.06682738252056,-0.0014510376031621028,0.0011690288613695312
2008-07-01,-0.025729490917617996,0.018540467246104097,0.1515122465719162,0.0,0.012830246324087942,285.1427066034292,-0.0016247613492321835,0.006819146164393022
2008-07-02,-0.0137296087913594,0.02024013224968129,0.12350779962629474,0.0,0.010895810347829162,282.44961805756714,-0.001393226554122685,0.010942273220773471
2008-07-03,-0.01979505506444112,0.024706906602207555,0.09823142876059324,0.0,0.01149403722693691,282.8092610095181,-0.0014681121818510827,0.003092501207260089
2008-07-04,-0.030868073935899364,0.012802823536140097,0.06997479512417609,0.0,0.011542396272643139,286.35113866630024,-0.001807917614525321,9.401994570920693e-05
2008-07-05,-0.035889069870703644,0.009980461354983055,0.04403496866172317,0.0,0.008372918655306606,287.51844870931916,-0.0023690237016496017,5.88321349298393e-05
2008-07-06,-0.021889642722862587,0.010249023215245394,0.0271014484757533,0.0,0.00575823189511811,284.9825552529086,-0.0019052004136439773,0.004021098721498824
2008-07-07,-0.024274720857709143,0.008651164376129538,0.01593948622881356,0.0,0.0034405867553363415,283.5372329252139,-0.002563493347353181,0.0019963694662242827
2008-07-08,-0.027074549073553358,0.008012284835179647,0.0088313618173258,0.0,0.0020254459337326097,283.8582051343613,-0.002689514214457092,0.0019793749607090365
2008-07-09,-0.02830026126177298,0.0071870576863908514,0.004911318561676084,0.0,0.001354214014474955,284.56275073552536,-0.0025442186532552633,2.6873545453114013e-05
2008-07-10,-0.03785949415069516,0.006539327613377976,0.0024331302966101695,0.0,0.0006951736023197067,287.07588073672997,-0.002945835086501251,2.3224091111536053e-06
2008-07-11,-0.03965976270241926,0.005969350284102273,0.001148978195621469,0.0,0.00030003504901282536,285.29550849066845,-0.0027173928558658074,8.553266184208042e-07
2008-07-12,-0.03299335718660031,0.0054862484083337305,0.0005406956214689266,0.0,0.00010197142423209497,280.2677825166232,-0.002432732300906532,8.70227722771233e-07
2008-07-13,-0.033170751132870796,0.005071331047068882,0.0005406956214689266,0.0,9.884497961082028e-05,283.8074183455071,-0.002704378591040097,8.43665759475698e-07
2008-07-14,-0.03557818576609348,0.004708826541900635,9.011593691148775e-05,0.0,5.8956886247052995e-05,285.70954930580274,-0.00266405883229385,2.9115997868580136e-05
2008-07-15,-0.03771292456125809,0.004396225099509719,-7.3453647229951e-24,0.0,2.967945094835961e-05,286.01588938869327,-0.0027129386820025363,1.3797115596936869e-05
2008-07-16,-0.03740866532770254,0.004128332949627591,-7.3453647229951e-24,0.0,1.435971024346217e-05,287.58742204583524,-0.0027602768087454438,0.0005705183879538293
2008-07-17,-0.02980404338762585,0.0039052908535057544,-7.3453647229951e-24,0.0,6.264401862850297e-06,285.2784770347754,-0.0027035042369938167,0.0021723232362894826
2008-07-18,-0.03148875629666162,0.003682025155778659,-7.3453647229951e-24,0.0,2.788348218141976e-06,285.6703548790596,-0.0026447102743185178,0.0007707017142368227
2008-07-19,-0.03244305684068109,0.0034909000841237734,-7.3453647229951e-24,0.0,1.0895106078541213e-06,285.4001626591225,-0.002527421035167188,0.0006809359552715323
2008-07-20,-0.032231915679018376,0.003313775284815643,-7.3453647229951e-24,0.0,4.859714858276023e-07,286.26992617533483,-0.002153958078200198,0.00018832181806476106
2008-07-21,-0.033605617781480156,0.003162570508186427,-7.3453647229951e-24,0.0,2.9248790552387137e-07,287.7779762533874,-0.0025899357946410693,0.0007823985319465327
2008-07-22,-0.03431980568641997,0.0030183079047391643,-7.3453647229951e-24,0.0,1.2169281641642254e-07,289.09827953273975,-0.0026212066917096154,0.0006586778386368206
2008-07-23,-0.0336938366967406,0.0028888035123631104,-7.3453647229951e-24,0.0,3.300144174004679e-08,288.6230486674049,-0.002532134905962621,0.0008901655504696516
2008-07-24,-0.03465706640380924,0.002767869392357304,-7.3453647229951e-24,0.0,1.0312950543764621e-08,287.73099910067975,-0.002554473461909483,0.0009579953501462129
2008-07-25,-0.03276320142766177,0.0026506209945948113,-7.3453647229951e-24,0.0,4.125180217505848e-09,286.85659128753036,-0.002236796511431872,9.709236309773498e-05
2008-07-26,-0.04015589177103367,0.00254640648257261,-7.3453647229951e-24,0.0,0.0,289.1456544376812,-0.002338624522510895,0.00012976848809732557
2008-07-27,-0.044665182714408405,0.0024479789248967572,-7.3453647229951e-24,0.0,0.0,290.2292284741016,-0.0024366384677294286,2.518380429111632e-05
2008-07-28,-0.04186295078130765,0.002356397398447586,-7.3453647229951e-24,0.0,0.0,289.0416588684484,-0.0022664033297428304,6.155442383329748e-06
2008-07-29,-0.039756227305716714,0.0022711273135438475,-7.3453647229951e-24,0.0,0.0,288.05806851072725,-0.0020776819227273854,4.261732087229575e-07
2008-07-30,-0.04424150292314379,0.002192627912187307,-7.3453647229951e-24,0.0,0.0,289.04408940891767,-0.002164721983553326,0.000264069524074281
2008-07-31,-0.042431273113536304,0.002116287327082144,-7.3453647229951e-24,0.0,0.0,287.1136275900286,-0.0020354916894082297,8.087474742592383e-06
2008-08-01,-0.04388296389478748,0.002045960581235293,-7.3453647229951e-24,0.0,0.0,289.81197766305814,-0.001993446700317038,0.00011631206604047011
2008-08-02,-0.04296196311038766,0.0019791095101900696,-7.3453647229951e-24,0.0,0.0,290.3176354948859,-0.00196414079917016,0.00017203831641952202
2008-08-03,-0.03845362057961987,0.0019144509303367745,-7.3453647229951e-24,0.0,0.0,287.8334593296949,-0.0017212889983324008,3.3562642894626276e-05
2008-08-04,-0.029810772903558224,0.001862992674617444,-7.3453647229951e-24,0.0,0.0,285.57915254725805,-0.0018622287585910431,0.0019162160023457587
2008-08-05,-0.03143521406724628,0.0017971123679209565,-7.3453647229951e-24,0.0,0.0,285.8924360365069,-0.0017136918265098907,0.00024866670447527166
2008-08-06,-0.030895600505804616,0.0017441600392767266,-7.3453647229951e-24,0.0,0.0,286.9954692387985,-0.0018718983336104512,0.0010720189683449523
2008-08-07,-0.032210220388099974,0.0016871459234905782,-7.3453647229951e-24,0.0,0.0,287.47456215824343,-0.0017236308641942206,0.000403333366926033
2008-08-08,-0.03381434234522157,0.0016396598795713007,-7.3453647229951e-24,0.0,0.0,288.40073687522874,-0.0018487189407065763,0.0010142174817747989
2008-08-09,-0.027213644257373056,0.001624404289628153,-7.3453647229951e-24,0.0,0.0,287.6353810987455,-0.0020230532450191047,0.005233353561600723
2008-08-10,-0.022267816767180707,0.0015715636775992014,-7.3453647229951e-24,0.0,0.0,286.46723299331813,-0.0023218468831336433,0.004567533394711166
2008-08-11,-0.029502265702533184,0.001504739209757013,-7.3453647229951e-24,0.0,0.0,284.6592031755465,-0.0021103179703156156,0.0010851366044426216
2008-08-12,-0.03291723713026209,0.001458163736230236,-7.3453647229951e-24,0.0,0.0,284.42000297862484,-0.0017565118706664123,7.50109300775043e-05
2008-08-13,-0.033592302036487456,0.001419115285415434,-7.3453647229951e-24,0.0,0.0,284.42672149744413,-0.0016136081826131222,0.00022771906816837465
2008-08-14,-0.021557070146509483,0.001423284243055656,-7.3453647229951e-24,0.0,0.0,281.9262966759461,-0.0024423978822884587,0.006242594981597642
2008-08-15,-0.01260682982576769,0.0014199179276234688,0.0005239138270951037,9.22977503410167e-05,3.8230802211384315e-05,277.94384377689687,-0.002538820113039623,0.009175035811996031
2008-08-16,-0.020502285516194707,0.0013170861086602942,9.011593691148775e-05,0.0,3.6140030386757715e-05,281.02129680827517,-0.0018465063655696346,0.0006820755993902884
2008-08-17,-0.02835084426369371,0.0012800158080408129,-7.3453647229951e-24,0.0,1.3820300836347592e-05,284.27969644119065,-0.0017633739816772063,4.351138613856165e-07
2008-08-18,-0.03135546208438227,0.0012479988531877767,-7.3453647229951e-24,0.0,4.100429136200813e-06,284.742203926187,-0.0017944473910045488,1.2904405366498395e-06
2008-08-19,-0.034430915016238975,0.0012171711288603013,-7.3453647229951e-24,0.0,1.3000316033929081e-06,287.8452180873203,-0.0019657101040169347,4.261732051702438e-07
2008-08-20,-0.036803539400383584,0.0011879581179322497,-7.3453647229951e-24,0.0,3.0127496032391566e-07,288.61637519218607,-0.0018855370633767152,9.928278329218846e-05
2008-08-21,-0.04225049045799816,0.0011591109852332855,-7.3453647229951e-24,0.0,1.0351887193776795e-07,287.4415162152939,-0.0018910614110655703,2.58088101645626e-06
2008-08-22,-0.036507281038047235,0.0011336713355813324,-7.3453647229951e-24,0.0,2.1888711358194297e-08,282.60053057769375,-0.0016772879003468207,0.0003278320060817967
2008-08-23,-0.03271319544584738,0.0011062750035086594,-7.3453647229951e-24,0.0,8.250360435011697e-09,282.7794008739924,-0.0015664104751106037,1.716613667213096e-06
2008-08-24,-0.033585311287203753,0.0010812954377319853,-7.3453647229951e-24,0.0,4.125180217505848e-09,286.3920662802716,-0.0016064386457036446,2.3112020889486902e-05
2008-08-25,-0.036143597194367216,0.0010570058714872027,-7.3453647229951e-24,0.0,0.0,288.86915143330896,-0.0016065745714441532,1.293420723413874e-06
2008-08-26,-0.03700427349004368,0.001037905276831934,-7.3453647229951e-24,0.0,0.0,287.83854837291886,-0.0016945605876587209,0.0008696791269008021
2008-08-27,-0.03224282324482492,0.0010122205578001206,-7.3453647229951e-24,0.0,0.0,281.75948242862796,-0.0013407781762255115,0.00010090376024192338
2008-08-28,-0.030134156514695812,0.0009906723842782491,-7.3453647229951e-24,0.0,0.0,281.52067547598807,-0.0012531111721938615,1.3084552226970675e-05
2008-08-29,-0.03213703430305093,0.0009700707291479166,-7.3453647229951e-24,0.0,0.0,283.813100990827,-0.0013216483159422202,0.0
2008-08-30,-0.03798240717858244,0.0009499720092547144,-7.3453647229951e-24,0.0,0.0,287.81185820053304,-0.0015009704577384022,2.148747341834678e-06
2008-08-31,-0.03052642608934877,0.0009313376441513752,-7.3453647229951e-24,0.0,0.0,287.3434750292935,-0.0011899075286704943,0.00018814142149745227
2008-09-01,-0.007612766477011018,0.0010368182497509455,0.001432199711629002,0.0012866506973902385,0.00011612224460995131,279.6628408485887,-0.0025683624754096832,0.01788327278758179
2008-09-02,-0.01179396971470892,0.0009248441895522642,0.052262185881591344,0.007705048905254085,0.0008263283298682358,273.3636480608005,-0.001678267788499762,0.010398860884941259
2008-09-03,-0.01399300201127758,0.000908394822966581,0.04873019288488701,0.0005622578542784783,0.0012909267413414131,274.95670398704976,-0.0011572489451806426,0.0026342036039474197
2008-09-04,-0.007212717528060332,0.0008952146196095958,0.04692925347222224,0.0040679618421584195,0.0008684754960954526,274.07132741062435,-0.0013329821538790472,0.007438861885986759
2008-09-05,-0.00810501467710161,0.0008679394331355553,0.07885213446033427,0.0027325653844634023,0.0008057175719805357,273.00235482483487,-0.001191017117961652,0.004369495960608697
2008-09-06,-0.006683579440844262,0.0008997978632059474,0.08376759099870529,0.0019832565159784202,0.00318584834241261,273.5653198874379,-0.001067603890926151,0.005609146625117445
2008-09-07,-0.0031062362473563286,0.0008644218330329422,0.10103099988229756,0.010698660387326097,0.0008537784787052769,273.425582454703,-0.000731023170559083,0.01440267863811148
2008-09-08,-0.012143181542218742,0.0008485376161370575,0.14811634703095578,0.0024128095536245465,0.003121615013917961,273.12782856569453,-0.0011687243599339393,0.0028209028593673044
2008-09-09,-0.0196385748979062,0.0008751421661700234,0.11849257187205746,0.0,0.006309504636516005,278.2172323180233,-0.0015884136496964148,4.383423402032349e-07
2008-09-10,-0.01366880855991342,0.0008596692044856184,0.07468151372704802,0.0,0.004040867342787274,278.9940862925039,-0.001045653333434951,0.002049180343324781
2008-09-11,-0.00553907849694376,0.000954690794486784,0.0811169870380179,0.006458631616696127,0.002667385032453106,274.75498645229305,-0.00107489624665787,0.015064421823746215
2008-09-12,-0.012723428423458572,0.0008178754041423905,0.0752219794609228,0.0,0.00378891302662044,276.30610162479957,-0.0010066725008484336,5.542760514943613e-05
2008-09-13,-0.007650404495034515,0.0008326221657338116,0.049421924655720345,0.0002316897577148373,0.003194031973848235,276.4902468966899,-0.0010107634852161516,0.003084638798898115
2008-09-14,-0.015648219334540397,0.0007675120049277268,0.034434173066737295,1.8441007804062408e-05,0.001670832540524208,275.0661751195761,-0.001356033650411051,0.0001562001050847306
2008-09-15,-0.020596504506081515,0.000757831638142214,0.023360257768361585,0.0,0.0017157262664730267,278.64422513311644,-0.0013537263276718432,4.4409381416699034e-07
2008-09-16,-0.024461761790480322,0.000740076694111366,0.012634392287547083,0.0,0.0011664807038792111,281.6260754464935,-0.0015093858411672427,4.4107436991680515e-07
2008-09-17,-0.026452225354094968,0.0007225839936800597,0.005637763359227874,0.0,0.0005856964126818598,283.2312987124628,-0.0015643221026254912,3.900750207572332e-05
2008-09-18,-0.022593542596714648,0.0007360430255448077,0.002760030455508475,0.0,0.00026526044275464313,282.80471666339656,-0.0015416175211216772,0.002371402985529765
2008-09-19,-0.021890494909326912,0.0007041449432319167,0.0013967970221280604,0.0,0.000133285109521979,281.193384878155,-0.0018420122079761691,0.0005274779547405782
2008-09-20,-0.02465788207653552,0.0006910022032462944,0.0005406956214689266,0.0,5.2762843963116577e-05,281.80744427970126,-0.001660754825225321,2.064653046216716e-05
2008-09-21,-0.02191433234740112,0.000702176895518761,0.000405521716101695,0.0,3.315133731917473e-05,281.15816292340696,-0.0019479272097854294,0.0022483356254872733
2008-09-22,-0.013099900620468594,0.0007389026173090531,4.5057968455743875e-05,4.528624947461705e-05,6.793266804204823e-06,277.52897692894084,-0.0021732253953814507,0.006115652511343859
2008-09-23,-0.016192132470297948,0.0006836317690078822,0.005252931526600753,0.0007941441263182689,1.0662938410279442e-05,273.582714982401,-0.001492482236465492,0.0020696047013853726
2008-09-24,-0.021226104706694178,0.0006665959533325023,0.005085803245645009,0.0,0.0002068185094891295,277.34414361784917,-0.0014261492122869708,4.350852123025106e-09
2008-09-25,-0.02652871406684488,0.0006604625680352335,0.003351991010475518,0.0,0.00023460161930086924,281.8677015322525,-0.001647779349721758,1.2843399872508598e-06
2008-09-26,-0.028268350888106784,0.0006519136792522367,0.0018551928848870058,0.0,8.803850176644191e-05,281.9532784858891,-0.0016270031163332155,8.435340532741975e-07
2008-09-27,-0.022933467422838267,0.000645780546517022,0.0013864520803907722,0.0,7.963029004759709e-05,280.91646962067057,-0.001466261633371903,2.7203907320472806e-05
2008-09-28,-0.01937980579454347,0.00063901937614053,0.0005406956214689266,0.0,4.643020825197468e-05,281.3985224219141,-0.001234601972635183,0.0
2008-09-29,-0.01874750755769385,0.0006329069534937541,0.00042805070032956693,0.0,2.953996303054573e-05,279.82705735890886,-0.0011382150426927935,4.261732051702438e-07
2008-09-30,-0.021472881616508892,0.0006269584436201106,-7.3453647229951e-24,0.0,1.6805194949699663e-05,280.78135795736944,-0.0011892773232049189,4.351138436220481e-07
2008-10-01,-0.0219254116133108,0.0006232960412731279,-7.3453647229951e-24,0.0,7.971721348789453e-06,281.14384774748663,-0.0012372983935273303,0.0003101580055405798
2008-10-02,-0.021951012481740643,0.0006249928373401448,-7.3453647229951e-24,0.0,3.7402019830746845e-06,281.0370852403946,-0.0012336690557626009,0.0010330398708063868
2008-10-03,-0.019672052124462557,0.0006185227026373653,-7.3453647229951e-24,0.0,1.955366993354539e-06,280.535712498954,-0.0014065504126713777,0.0010970145441773908
2008-10-04,-0.017394881463993744,0.0006100556439599075,-7.3453647229951e-24,0.0,8.629624452968103e-07,279.7304304126517,-0.0011326870486392815,0.0007874521766396711
2008-10-05,-0.0046178538583766275,0.0006785606597102968,0.00020781838512241055,0.000496037683244479,2.0637445278086907e-05,276.392862510322,-0.002095054929791871,0.008765157754138365
2008-10-06,-0.00882848630012092,0.0006064736826271661,0.01493096935322505,0.0031489882891797753,0.00021612983049645935,273.16942079188465,-0.0012636053781051421,0.0043884484821990555
2008-10-07,-0.014813299022488676,0.000600015544621958,0.021285522231049906,2.467026144771253e-06,0.0007506782283722345,275.2065272322258,-0.0009806103962289412,3.4729301916540557e-06
2008-10-08,-0.011324114929148033,0.0005932330748455673,0.018487330434910545,0.0021051743441382375,0.0001694179839838696,274.95681866503935,-0.0009514776368935904,0.0030907306812361823
2008-10-09,-0.005169580632683921,0.0005817948761632887,0.031249310337217513,0.0028630325223429733,2.6273956827524693e-05,270.61118660044986,-0.000450863971211816,0.0030916058154639666
2008-10-10,-0.0031954503833910844,0.0005761427057664947,0.06315954750765067,0.005878451832775342,0.0,269.1877992561757,-0.0002962589990031921,0.0059149427939042135
2008-10-11,-0.003228092934452208,0.0005717269108120332,0.13995993519008948,0.012688980769302886,0.0,266.0976214723174,-0.00035103029534641633,0.012696123577779224
2008-10-12,-0.0028481306245098006,0.0005675431361979685,0.2409833487817797,0.011820100332047308,0.0,265.1753726679054,-0.00029893956110302344,0.011823407281553957
2008-10-13,-0.0062593567674442884,0.0005634189662286791,0.25152116621056975,0.0006653020989760167,0.0,264.5561086579231,-0.0003910332781362669,0.0006680597356469551
2008-10-14,-0.009118363008660785,0.0005782208705352526,0.23998931482462338,7.677044572129762e-07,0.0014769178052238155,269.5806562132754,-0.0004021407994257529,1.1961675178397568e-06
2008-10-15,-0.007540106310346032,0.000555734681544331,0.22723699020127117,0.0004666521724334545,3.1133029757246466e-05,270.216830880404,-0.0006776648273659966,0.00046786980077622554
2008-10-16,-0.006028820439583837,0.0005612544252374079,0.2200566810852166,0.00016498767723471434,0.0008071143874677562,269.8897906086091,-0.0006025768185065966,0.0002222527555153195
2008-10-17,-0.008589698012265782,0.0005960646322218039,0.20809792843691152,0.00015250755484494787,0.0036971126341045243,272.88932062856674,-0.0006166226730424133,0.000166364308804442
2008-10-18,-0.010661014981862517,0.0006062816091849979,0.1783562209422081,0.0,0.004551221769155757,275.3362202976608,-0.0007200164110057771,0.0
2008-10-19,-0.007257572464687003,0.0005740079670976112,0.14830692384651603,0.0,0.002322008875382822,273.56192378674524,-0.000619118380765457,0.00016385190746543725
2008-10-20,-0.007427655286708121,0.0005790560932482704,0.1354322990230697,0.0007476772334279314,0.002924166872339734,273.3291687615174,-0.0007017815517166914,0.0008193892105369783
2008-10-21,-0.00464472216738146,0.0005341169692702212,0.13701392567090395,0.007083383804492358,5.786861740263169e-05,270.99232243683383,-0.0004782177991954621,0.00788478696413633
2008-10-22,-0.006604793549930983,0.0005295521627038213,0.18618343374823448,0.0012210576168898135,7.352261346275525e-05,264.2396432944835,-0.0005720648230553347,0.0012289578631772835
2008-10-23,-0.00976516542124883,0.0005606192316712633,0.17888496240878063,0.0,0.0024115377458307032,269.46967885004824,-0.00047455141899612667,1.7285346416429093e-06
2008-10-24,-0.0104071586734831,0.0005313107522867494,0.15965279616878533,0.0,0.000635356426575763,270.83913635354486,-0.0007933047152845201,2.581931767053902e-06
2008-10-25,-0.009568223761299911,0.0005322017912137307,0.14890991900600284,8.173371102176818e-06,0.0009233617870989493,272.90996498711365,-0.0007885495295463983,1.1935011027655831e-05
2008-10-26,-0.01014960961321653,0.000515579082871561,0.13892130303966574,0.0001690827394272648,0.0,268.2509105488406,-0.0008108622715466441,0.00017320049011101157
2008-10-27,-0.01053550363765598,0.0005439032437437672,0.13230904616878533,0.0,0.002086326016881372,270.5703098419247,-0.0005819349007754677,0.0
2008-10-28,-0.01298591385116685,0.0005547135731594711,0.11427643339512714,0.0,0.002936229278138802,274.6273831872168,-0.0006506720210536052,1.2874602930423862e-06
2008-10-29,-0.01225867522301647,0.0005403024665379929,0.09421690170374294,0.0,0.002124386339706216,275.2665420395731,-0.0007767953967812371,1.1801483935969688e-05
2008-10-30,-0.01228830807626584,0.0005293506181846231,0.0786266147304614,0.0,0.0015855829973342055,274.69797316154296,-0.0006932137049945062,1.6239504276587974e-05
2008-10-31,-0.011410884264498782,0.0005338477381205155,0.06570072497351695,0.0,0.001999976650132972,275.64854122959287,-0.0006639460143817346,8.582401846979337e-07
2008-11-01,-0.01028871574139191,0.000522106380785926,0.05283506576624294,0.0,0.0014337981593305785,276.8671202435108,-0.000780511647462845,4.937674037787192e-06
2008-11-02,-0.008957875397919262,0.0005154232520841609,0.04350025011770245,0.0,0.0011034494865748842,275.84717502701756,-0.0006174831203905876,0.0001410660440858092
2008-11-03,-0.010551054935670844,0.0004982268069423525,0.040203202242231645,0.000912447223218821,3.921113234792053e-05,273.55654948175294,-0.0009516271799381845,0.0016069189303324655
2008-11-04,-0.008437696360262101,0.0004974167562473966,0.04231609912017421,0.0001596092841046005,0.0002095999543444585,272.4139772691745,-0.0006846345140267228,0.0005920098662026721
2008-11-05,-0.007063321053645032,0.0004889901074986,0.044817046257062156,0.0018592785812367155,0.0,267.75173904576997,-0.0003903135552076297,0.0018737196585552843
2008-11-06,-0.007965921092841586,0.0004868592414478799,0.06746419270833334,0.00253226662759727,0.0,265.2715529784869,-0.00040229888748651173,0.0025374903684492163
2008-11-07,-0.003156338918343776,0.00048492234305473375,0.08408851408015537,0.006695278978112054,0.0,267.7489441945279,-0.00022679135350689374,0.0067904605872213504
2008-11-08,-0.0023237492068339206,0.0004829604410182285,0.1298322372292844,0.0041853782989211006,0.0,270.4082047701331,-0.00016566255987532396,0.00432202961025266
2008-11-09,-0.006684760336822037,0.0005044213964440729,0.1402164897451742,7.830776989796741e-05,0.0014947618510426776,270.28408030062747,-0.0003241297425860066,0.0004868546566565059
2008-11-10,-0.00197426515952342,0.0004914603327627236,0.1392091223075565,0.004082772901839456,0.000289376825094223,270.06683592068947,-0.000247575800423905,0.005825256476294524
2008-11-11,-0.004781682107408169,0.0004866582020527899,0.19658676693443974,0.0062072408822296705,0.000622534419352052,269.72067501046564,-0.00035071199875598576,0.006405384273646203
2008-11-12,-0.0027909575630042515,0.0004781430723976954,0.20611445827448213,0.0038662961142211317,0.00016946149832111295,268.8219415625161,-0.00026565749135057804,0.003988266958922936
2008-11-13,-0.005249452329961594,0.0004775492148210774,0.24079093286546613,0.012191909770507598,0.0,271.70886381691685,-0.0004132397020351416,0.013204247786495388
2008-11-14,-0.004949739718504545,0.00047199503850128697,0.3356469220809793,0.005976037811593148,0.0,262.4535640781209,-0.0004364724013175669,0.006013049614529206
2008-11-15,-0.005277865224302153,0.00047065949035903155,0.342617343823564,9.111112962334842e-06,2.6332730122205233e-05,264.0018922371155,-0.00020574754114541629,9.939503800866614e-06
2008-11-16,-0.0067214386611335036,0.0004725480652124868,0.332496772378178,1.3161492718141632e-05,0.0002625406125171036,271.7663334560934,-0.00039722382138341163,1.7443772930290307e-05
2008-11-17,-0.008434996640278122,0.0004759438462176566,0.3183704096045198,0.0,0.000596810405873983,273.1756819744793,-0.0004971998475365719,0.0
2008-11-18,-0.008120301332177416,0.0004877020410225217,0.2992393939059558,0.0,0.001466353060835499,275.1943314546919,-0.000495397669952468,8.791114396444755e-07
2008-11-19,-0.004511426860666545,0.00047353701402912037,0.2804095309557439,3.9077916387784285e-05,0.0006318080139025457,272.147965095362,-0.00036144555456894264,4.063432152532567e-05
2008-11-20,-0.003929607275515627,0.0004621397303996113,0.28217506767890776,0.001385086042396093,0.0,265.78804834728635,-0.0003454025498049408,0.0013881094879682186
2008-11-21,-0.006150333810660799,0.00046057856015566383,0.28335416114936446,0.0017099521927914378,0.0,265.37506627228305,-0.00047720358891170585,0.001723721337001822
2008-11-22,-0.0062950479108735,0.0004610967333033934,0.2874588041431262,4.037330716343249e-06,0.00013385904626657735,266.6208488837923,-0.0004748794392256413,5.734841744146314e-06
2008-11-23,-0.0045612199326693,0.0004575344297171987,0.30463991326800854,0.004316187553149832,0.0,266.33293365219896,-0.00038394300361811105,0.004323443164077802
2008-11-24,-0.0050578455803758,0.0004560264658793218,0.3238272514271422,6.297634819806633e-07,0.0,265.7481033159964,-0.0003137125312692702,1.056163895655272e-06
2008-11-25,-0.007971637245625426,0.0004591616870319776,0.31570647216337105,0.0,0.0002983108710097728,269.2139469800472,-0.00046381697921598025,0.0
2008-11-26,-0.005472041245570965,0.0004574358463287354,0.3066668321857345,0.0,0.0002837120897352359,268.3533425340096,-0.0003765578681634644,1.2993811537853617e-06
2008-11-27,-0.0035740734830414507,0.0004524277091699806,0.2991936462747175,5.9794508299585125e-05,5.253322296223398e-05,265.53516218756556,-0.0002385951305008204,6.249352013017898e-05
2008-11-28,-0.0031326722543118368,0.00045016222754440746,0.29531705177436446,0.0014796185038857541,0.0,264.9517695432329,-0.0002927690702306349,0.001488236922899936
2008-11-29,-0.0016605243255189584,0.0004487519210341287,0.31568854093102644,0.0059035437255255925,0.0,264.81756574196106,-0.00016155372778911377,0.005926056972228928
2008-11-30,-0.0022334969986630027,0.0004472806628814525,0.3965517320650894,0.008959417184025556,0.0,265.0099864895061,-0.0001874222488558225,0.0090175186499226
2008-12-01,-0.004495386686702233,0.0004458541082123579,0.42237776416843226,0.00010970245394329569,0.0,267.5028506744155,-0.00013303754609183405,0.00011087767156380062
2008-12-02,-0.0040292689776689995,0.0004444688053454383,0.41227075609110175,0.004393524274566753,0.0,270.67251632173185,-0.00035913123375615164,0.004506611116827788
2008-12-03,-0.0016482087683542977,0.00044306540219797255,0.4473001081391243,0.0013990624371053137,0.0,258.33844822813563,-0.00023578466205610398,0.0014051787428936717
2008-12-04,-0.0018540022231764714,0.0004416867501318118,0.451465671345339,0.00039830427132757373,0.0,252.9577374646893,-0.00011556425610672955,0.0004034529129614366
2008-12-05,-0.0028905336045275975,0.00044029664858586374,0.44863023775894545,0.00025699407619945075,0.0,260.7918773801987,-0.00013699139978757687,0.00025975675562949825
2008-12-06,-0.0036222738145434926,0.0004389296985615445,0.4540765047522364,0.003667886437332563,0.0,270.56591234368796,-0.00020430826366284475,0.0037026260867954516
2008-12-07,-0.005206488872652001,0.00043755609773646646,0.44917208281838517,0.0,0.0,270.767457459157,-0.0003533670731351874,8.52346317969932e-07
2008-12-08,-0.0021931633858357446,0.00043619739807258226,0.4591926531603107,0.00491090190444289,0.0,265.54287142493183,-0.0003131918588095466,0.004915728239016344
2008-12-09,-0.001895496442829822,0.00043483709884902183,0.48321498719985884,0.00023609728126202598,0.0,256.35638896130354,-8.95810350354782e-05,0.00023842123941049737
2008-12-10,-0.0038798233378404957,0.0004334967520277379,0.4789524114289077,0.0006047275948659176,0.0,266.68885492515204,-0.00016294048814955404,0.000609547741669046
2008-12-11,-0.0016724669748106919,0.0004321431036049364,0.4759852522510594,0.002336605815059048,0.0,264.70138550882285,-0.00016999996062052456,0.0023432370749850826
2008-12-12,-0.0036276883661410233,0.00043079930510224603,0.4850076506591337,1.7359074057832276e-05,0.0,263.21141809797564,-0.00014389093207605816,1.8573245086238884e-05
2008-12-13,-0.0019181065135082957,0.00042943580675933326,0.4790949417372881,0.0035200061771155752,0.0,264.00771319933534,-0.0001902591994842567,0.0035431263810497223
2008-12-14,-0.0005248234854579646,0.00042812846137978936,0.5590073177818974,0.0036034779360065356,0.0,248.17292103884134,-0.00018659166697054935,0.0036088888418698254
2008-12-15,-0.000975588241876182,0.00042677986419807054,0.5656660119467986,6.533927668285908e-05,0.0,248.53233649905798,-1.1454488934770144e-05,7.037619739473183e-05
2008-12-16,-0.001523332280964501,0.0004254411169364628,0.5614202179702213,4.865300689039931e-05,0.0,253.92514186794475,-4.940843051773007e-05,5.066382803853862e-05
2008-12-17,-0.0021738854926184746,0.0004241172708360489,0.5552909549346753,6.155652851708192e-06,0.0,255.2294199596915,-8.710341706956174e-05,7.019120421113268e-06
2008-12-18,-0.002650514118752237,0.0004227984759767177,0.548328349370292,4.7164700799069165e-06,0.0,256.677408674567,-0.00011017996986201929,6.141214607260084e-06
2008-12-19,-0.0024584577245227363,0.000421467979075545,0.540498837688324,0.0005216611138844895,0.0,257.8783141242133,-0.0001609439061859907,0.0005293084288629774
2008-12-20,-0.0004949956963964775,0.0004201409338557788,0.5743233488553438,0.0029632868824032072,0.0,250.9815872178015,-0.00012994157203004858,0.0029667224586897925
2008-12-21,-0.001462058832416427,0.0004188303893568826,0.5871131451565443,0.00013041273180374317,0.0,249.22683821784125,-4.745757807109315e-05,0.00013268627013610576
2008-12-22,-0.0009824479114537862,0.0004175049436967926,0.5817206718602872,0.0001284450629336686,0.0,260.96195818295814,4.9574447974646836e-05,0.00013286173333426635
2008-12-23,-0.0006095418906481252,0.0004161877483971375,0.6281540577919021,0.006025641167399574,0.0,257.84664788758016,-0.0001429335114225156,0.006029929548972988
2008-12-24,-0.0016613889296176073,0.00041488385469900016,0.641179948652307,0.0003660614839044668,0.0,255.48350242571644,-7.124494045636075e-05,0.00037040144710217496
2008-12-25,-0.0019153439897601889,0.00041357331020010397,0.6320814574505651,0.0006221975436655142,0.0,260.0768658769108,4.503507651178176e-06,0.0006262521453146743
2008-12-26,-0.0010390897507721421,0.00041224786454001393,0.6590468124705744,0.007042317067162467,0.0,260.8168443582826,-0.00014830530110725574,0.0070505325234192775
2008-12-27,-0.0013677606643256496,0.0004109407717225242,0.698294601871469,0.00019376948054900951,0.0,256.1015059871638,-1.3880115949501425e-05,0.0001982812521844166
2008-12-28,-0.0031687003576149377,0.00040961187438102764,0.7012153237552966,0.0016786176185149932,0.0,264.0706340983763,-7.371296106422015e-05,0.0016840849555818376
2008-12-29,-0.005441260918722315,0.0004083295326448431,0.678981974973517,2.7288172372990414e-05,0.0,267.55943328871797,-0.00027109167964781746,3.0427750221080028e-05
2008-12-30,-0.01102882169060788,0.00040702563894670564,0.6525053609786959,0.00042654630743851104,0.0,264.1676780535452,-0.0008060423299501846,0.0004341823738173577
2008-12-31,-0.0032712972938677685,0.0004057233448082445,0.6372851930320151,1.1628377909040722e-07,0.0,260.6015345973933,-0.00010749480902811903,5.387316193552019e-07
2009-01-01,-0.00297644582845397,0.0004044327527116248,0.6306058089836395,0.002279897173077373,0.0,263.88333615879554,-0.00023637829337921521,0.0022862731062523794
2009-01-02,-0.0050202444785058834,0.00040313710937392243,0.6350283865201272,0.00047606417098961315,0.0,267.2849644303547,-0.000155227700785055,0.0004812432209974492
2009-01-03,-0.0032972219889446843,0.00040181991407426743,0.6891124315854521,0.008674976936841416,0.0,260.21520139044065,-0.0004650310081782314,0.008709919616233765
2009-01-04,-0.0018028882937242755,0.00040052932197764767,0.7281360805820387,2.850002824923413e-05,0.0,250.79046227478491,-0.00010212169339259466,3.080057021376071e-05
2009-01-05,-0.0016061854311975382,0.00039923872988102807,0.7210548530190678,0.0004906466830584962,0.0,256.91822537639496,-3.3869623801129014e-05,0.000492361642546573
2009-01-06,-0.002227578712048504,0.0003979066334201791,0.7261944499617468,0.0022771689767217907,0.0,260.06440059568473,-8.6778648576494e-05,0.002286284151925511
2009-01-07,-0.0027449322959124034,0.0003966293429250771,0.777431796948564,0.009637314047517076,0.0,265.74977556505223,-3.4921997263606655e-05,0.009643935332088203
2009-01-08,-0.005886346606884973,0.0003953254492269398,0.7925995505237758,0.0015507419146386918,0.0,269.63793904722974,-0.0002725086053885983,0.0015604108571665165
2009-01-09,-0.005087934644882289,0.0003940431074907551,0.7703393048934793,0.0025755235830606043,0.0,265.32005136924505,-0.0005287963286631525,0.0026520877738894447
2009-01-10,-0.0021837185752593864,0.00039274586459337656,0.7555467278719399,9.849374998087265e-05,0.0,262.22653339048344,-2.8764839562992594e-05,0.00010223024972285234
2009-01-11,-0.0023170263417023056,0.0003914387717758868,0.7445656871616055,0.0010240394937790047,0.0,263.57847696868265,-5.606631879921014e-05,0.001029566351303273
2009-01-12,-0.003014092265212603,0.00039017133120089606,0.8020665515389596,0.009110397896019081,0.0,261.6882807772937,-0.0002874262357330592,0.009141108612453925
2009-01-13,-0.0032863850563259454,0.00038884428598112984,0.8155627924170197,0.000258199639071179,0.0,264.1626633107101,-9.554493540929536e-05,0.00026375789426316985
2009-01-14,-0.0023451620070947766,0.0003875901470076567,0.823138508195033,0.006288776816116214,0.0,265.33339270539653,-0.0001849577483315926,0.0062963845870239454
2009-01-15,-0.0024093956933856683,0.0003862929041102782,0.8518496296051083,0.00418648416292196,0.0,265.76673414298597,-0.00011440956870378076,0.004192596354053519
2009-01-16,-0.00522775703904319,0.00038500896281441733,0.8369457869879944,1.7997424649653465e-05,0.0,268.3419828181438,-0.0001470953552315464,2.0514131110411333e-05
2009-01-17,-0.006441316404248363,0.00038373407165882953,0.8082919075888654,1.66270018970899e-09,0.0,267.71748747529284,-0.00037647451216218166,1.7174911092919154e-06
2009-01-18,-0.005754287591425039,0.00038246170612378315,0.7837950855549671,0.0,0.0,268.61975175961715,-0.00028335822398884824,1.2874602361989673e-06
2009-01-19,-0.006549290428727361,0.00038118508912749215,0.761793693355697,0.0,0.0,268.9201872263476,-0.00038444762786397826,2.1457671550706436e-06
2009-01-20,-0.006058685692016689,0.00037991604899282515,0.7417622079508005,0.0,0.0,270.38780099613746,-0.00025121204155144724,0.0
2009-01-21,-0.00711450115435541,0.00037864860841783427,0.7244374190795669,0.0,0.0,270.66245219487485,-0.000238902872102072,8.575496508456126e-07
2009-01-22,-0.0061553427475993915,0.00037738781864360237,0.7088172467190443,2.914246192759713e-05,0.0,268.84344270135057,-0.0002923365156192564,2.9998933425784572e-05
2009-01-23,-0.0012452155772575552,0.00037611877850893526,0.7292797713629944,0.004705110112320905,0.0,263.1062862697968,-0.0002423957158616707,0.004708063484562481
2009-01-24,-0.0012854531323168912,0.00037484308757350945,0.7527147425994586,0.00032758647523357373,0.0,261.0996850762664,-2.271765159011561e-05,0.00033014574961177365
2009-01-25,-0.0006815174457717076,0.00037357404743884246,0.7880643280661487,0.003582023021023152,0.0,258.4296972486708,-0.0001309971709204259,0.003586931785855926
2009-01-26,-0.0009011102598265739,0.0003723066068638516,0.8393398363935971,0.0025379577346440764,0.0,252.9938873786711,-0.00017179504015856544,0.002541217657206528
2009-01-27,-0.00291773222260556,0.0003710045652874446,0.8422927425406073,5.27493529400583e-05,0.0,253.5996172630181,-6.828906467068668e-05,5.60686107733887e-05
2009-01-28,-0.003192318656013511,0.00036973872427212994,0.8379669476812618,0.0012093858614479756,0.0,258.6324839151961,-0.00011139485122120314,0.001215132228969908
2009-01-29,-0.0024250177508693634,0.0003684215289724749,0.87077282691855,0.002999999639341387,0.0,258.7574078116264,-9.474559229309276e-05,0.0030067082818924853
2009-01-30,-0.005982934081621763,0.00036711763527433756,0.8708562761152306,7.066412665749673e-05,0.0,265.9366700770492,-0.0001435783286552645,7.23625316758788e-05
2009-01-31,-0.007839701143698504,0.0003658403447792355,0.8466573884033664,0.0,0.0,267.4577939451976,-0.0004731657793798016,0.0
2009-02-01,-0.005089026218080252,0.00036455295180196816,0.8262509563323918,0.00023906200198130424,0.0,260.60148165140674,-0.000491332178567089,0.00024377673358103648
2009-02-02,-0.0021828266102715405,0.0003632059541799254,0.8159816476135829,0.001469960888731951,0.0,262.11804081760556,-5.3411486458643686e-05,0.0014735459607859048
2009-02-03,-0.005905864644522048,0.0003619350619235282,0.8131229953801791,0.000350849881852414,0.0,267.9750426017632,-0.00013293318534638248,0.00035324795905515176
2009-02-04,-0.007801122205742335,0.0003606279691060384,0.7934011685646187,0.0,0.0,268.5449999182463,-0.0003384897580086175,0.0
2009-02-05,-0.008839013044443508,0.0003593272745272535,0.774903723075565,0.0,0.0,268.8510223108497,-0.00035506090159806826,1.2993812106287805e-06
2009-02-06,-0.006161567265704527,0.0003580531831515038,0.7578085919108993,0.0004670741825790729,0.0,268.2683878358026,-0.00041137121112669935,0.00048592417236559775
2009-02-07,-0.00485264653034803,0.00035674423821228376,0.7509048375706215,0.0007422860438204081,0.0,265.6591351000827,-0.00026484153701760674,0.0007475261297148364
2009-02-08,-0.0048450620076750635,0.00035547014683653407,0.7400362118938324,5.9319207560544645e-05,0.0,264.8273242979176,-0.00017713247088052458,6.459689721352314e-05
2009-02-09,-0.0028848138316876475,0.00035416120189731405,0.7366518067325801,0.002769441001832822,0.0,266.9808402591282,-0.0001550514229946891,0.0027744382866936542
2009-02-10,-0.003767930770997948,0.0003528903096409168,0.7438346446121705,0.00022644341244535933,0.0,262.8574678920308,-0.00028481450731639813,0.0002290641015532327
2009-02-11,-0.0030279238261071975,0.0003516178178248433,0.7467057107756592,0.001028773348546971,0.0,259.82210062677126,-0.0002716779287925548,0.0010326952583477322
2009-02-12,-0.004075562297287634,0.00035033867520801093,0.7466949060587337,0.0001448856740348083,0.0,259.1011113384125,-0.00015347850861522437,0.00014934285542299503
2009-02-13,-0.004668736946111345,0.00034907283419269633,0.7412380642361112,8.24173754554684e-05,0.0,257.9879169535951,-0.00021702910926045673,8.592416938393651e-05
2009-02-14,-0.0031060292306592913,0.00034779529113554013,0.7350982263712337,0.00042700771726457415,0.0,257.38431894622056,-0.0001378157518088481,0.0004292290980348006
2009-02-15,-0.004449905690837041,0.0003465294501202255,0.736400539592161,0.00014566590136053873,0.0,259.2739724807596,-0.000158795313436096,0.0001496815411375874
2009-02-16,-0.005594233924386191,0.00034526360910491083,0.7291597700388418,1.4438130761270471e-08,0.0,262.19008829364674,-0.00019380869080791368,1.6500720870023394e-08
2009-02-17,-0.004139243377804083,0.00034401081712905974,0.7251751283692327,0.0018949636000361145,0.0,264.2098995503284,-0.00019229483911714987,0.001899979325106276
2009-02-18,-0.002187038292992587,0.00034276652807569774,0.7729158850488467,0.007727266178797868,0.0,263.38426028896413,-0.00015852134674787524,0.007766484574307211
2009-02-19,-0.004033638174924473,0.00034150228662005927,0.8252100253060264,0.002071082339448444,0.0,263.70006173703183,-0.00022356908263291344,0.002077943187648967
2009-02-20,-0.0027095843422210823,0.00034021489364279196,0.8314452665224813,0.00412021019617043,0.0,261.6276344328052,-0.0003424056169003417,0.00412550231831222
2009-02-21,-0.005343463082434768,0.0003389804545095412,0.8624513557850753,2.1271533885244597e-05,0.0,260.45026638009455,-7.623436171456247e-05,2.3835274425172465e-05
2009-02-22,-0.007974779875265004,0.00033773936457553153,0.8485829268920669,0.0,0.0,266.3394486738015,-0.00020840477282549704,0.0
2009-02-23,-0.009181246119367202,0.00033649827464152194,0.830871467087453,2.1053488645176432e-05,0.0,269.375889891285,-0.00033432982420012104,0.0001003418432440998
2009-02-24,-0.008085013698723355,0.00033527873666946496,0.8111675715042374,0.00015706615259418382,0.0,268.91556919766015,-0.00037580552263616844,0.00046921744584641487
2009-02-25,-0.009207698206106823,0.0003340325954943727,0.7942117522216338,5.796172861325539e-05,0.0,267.1232325020484,-0.0005720274438713231,6.0456603899756325e-05
2009-02-26,-0.006161464599229522,0.0003328263591238334,0.8132942616378296,0.0041187052841240405,0.0,265.9418926239014,-0.00035399948325702703,0.004360745284643432
2009-02-27,-0.003317933634849592,0.00033156371722787117,0.8511413459274955,0.006413115872501654,0.0,260.685045033974,-0.0004413978928058161,0.006454643055830235
2009-02-28,-0.006977382479077678,0.0003303457788154904,0.8832513554172552,1.919324283545974e-06,0.0,260.00770657210705,-0.00011906080937149836,2.7650829412706036e-06
2009-03-01,-0.009974983241935236,0.0003291360907635447,0.870027531338277,0.0,0.0,266.96240559809627,-0.00031043370754200186,1.2814997489840607e-06
2009-03-02,-0.01262465123571245,0.0003279181523511639,0.8508418023923022,0.0,0.0,271.53920417541394,-0.00040830490784456505,1.7387277466696105e-06
2009-03-03,-0.011776696406515307,0.00032677471974475235,0.8263134857580039,5.34346169334347e-05,0.0,272.10827539375725,-0.0006453190419801885,0.0008038297548132429
2009-03-04,-0.011656548427996663,0.0003255684833742131,0.8054210713129708,0.0001001149247595146,0.0,270.3719550561995,-0.00084972224266684,0.0007357652748184547
2009-03-05,-0.009462865058985134,0.00032434709328042587,0.7918413812382299,0.0014954245949195604,0.0,266.04669686225844,-0.000888389903567942,0.0015439707006315996
2009-03-06,-0.008001622928064422,0.00032313740522848015,0.7895606664165491,0.00034808891557030764,0.0,262.09504579375243,-0.0005983745805540327,0.0003550063081030655
2009-03-07,-0.007753916211047414,0.0003219708211004398,0.7844008393655839,0.00016378943866255595,0.0,262.40864582744246,-0.00035315081161462657,0.00016827196050035075
2009-03-08,-0.0067930637022196256,0.0003207776337693641,0.7760766095809792,0.0006173777967523047,0.0,263.04778039432966,-0.00032452215035419686,0.0006308663699131766
2009-03-09,-0.0025839055493726572,0.00031960599840024105,0.8354119769597459,0.006803442234710112,0.0,259.1304584833638,-0.0003538640310703698,0.006807021705498876
2009-03-10,-0.0036325563313597342,0.00031844101383187676,0.9230871972840161,0.002906093900065638,0.0,256.04728657422544,-0.0002706839760902238,0.0029119229586110954
2009-03-11,-0.005786487359111593,0.00031726937846275377,0.9313217709068976,0.00017420908615077283,0.0,257.1406998391879,-0.0002122803217610397,0.00017705206143654002
2009-03-12,-0.0068887898140707945,0.0003161192950555834,0.9197837125559086,3.036216827435682e-07,0.0,258.65397007541696,-0.00021776378070567287,1.1567677805515882e-06
2009-03-13,-0.010715830250311706,0.0003149492592461365,0.9069529962629473,0.0,0.0,262.8769570402731,-0.0002442122210806373,1.2904405366498395e-06
2009-03-14,-0.01372270976419503,0.0003137950506587487,0.8908546577065679,0.0,0.0,267.72194586859814,-0.000449943277290312,1.2817585002267151e-06
2009-03-15,-0.011789308766187247,0.0003126540173918514,0.8711224859492703,0.0,0.0,267.25780036983747,-0.0006674486343975121,8.52346317969932e-07
2009-03-16,-0.015302720632256763,0.0003115072593850605,0.8518836529690444,8.96668956104645e-06,0.0,270.3366925011472,-0.0007218127638775078,8.806017148836838e-05
2009-03-17,-0.01548173505876024,0.0003104300822241832,0.8333337931085217,0.00047169874111811327,0.0,270.9680473952643,-0.0010265614732173876,0.0010960842922835745
2009-03-18,-0.007720849187360646,0.000309233443211701,0.828550751824388,0.0020555897621111685,0.0,268.02480669614283,-0.000529812206908808,0.002108925597713546
2009-03-19,-0.011826570761405817,0.000308102386145942,0.8188809899511535,6.054038718595343e-06,0.0,268.4763169441295,-0.000483530705089623,8.478095571011331e-06
2009-03-20,-0.013627766636805346,0.0003069754542604005,0.8031881731108758,7.867434267270364e-06,0.0,271.57949476367787,-0.0004990151215155246,0.00017085691619598238
2009-03-21,-0.015643990688068043,0.0003058558466744288,0.7855438404837571,0.0,0.0,273.105556577837,-0.0007567306622694442,8.446385621221705e-05
2009-03-22,-0.018155277953983025,0.00030476696747171005,0.7614723104990584,5.203312904821277e-05,0.0,274.0263242344398,-0.0013044867033170442,0.0003439498149287767
2009-03-23,-0.0036484502298010273,0.0003036466863869274,0.8120613744703391,0.01937311153206448,0.0,267.4113745500813,-0.0007401461591996715,0.019741041649630166
2009-03-24,-0.007081820424330437,0.0003025147032603033,0.9386423114553908,0.004270001740778907,0.0,264.26309343111717,-0.00039838965308699906,0.004277527114567032
2009-03-25,-0.004854044208755601,0.00030140427209563174,0.9483573611846753,0.004566002952850471,0.0,262.73804616838305,-0.0003449686324108119,0.004574274444310679
2009-03-26,-0.00457215098674688,0.000300315392892913,1.0207319529043082,0.0046546267040368525,0.0,259.90562151246155,-0.00038691327544087075,0.004675308947509292
2009-03-27,-0.008549190510464254,0.0002992132120886765,1.019341132959628,4.031283959830549e-05,0.0,258.99667379232005,-0.0002468516208273543,4.2034323606113936e-05
2009-03-28,-0.008417714871255692,0.00029813258324639275,1.0046179819915255,0.0008520089763369265,0.0,263.64010454526283,-0.00029103647349244463,0.0008623129659576091
2009-03-29,-0.005833447189991084,0.000297043704043674,0.999874941148776,0.005206200699348235,0.0,267.23587806615456,-0.000220170828624297,0.005362820153856009
2009-03-30,-0.0034405333174150543,0.0002959497735998725,1.170189004384416,0.020968632025402147,0.0,261.0945806126137,-0.0005200191816620235,0.02102371949260518
2009-03-31,-0.00647403809141978,0.00029485424359639484,1.2396463225341339,0.0011397536822968285,0.0,259.1785397682262,-0.00022834098482199308,0.0011498714777580408
2009-04-01,-0.004814638045884795,0.0002938199177973688,1.2409024283486347,0.0054802679283134014,0.0,262.3680204761455,-0.00018522550620264926,0.005484660820644618
2009-04-02,-0.007365416756457528,0.0002927243877938912,1.2707708039077212,0.002095647829737367,0.0,263.6613223224935,-0.0003010459865132968,0.0021067468894838035
2009-04-03,-0.00343206280705619,0.00029165866011280126,1.2566147856344163,0.00465832743267555,0.0,265.2814951248313,-0.0001714827840105962,0.004667010095103044
2009-04-04,-0.0036930071432038215,0.0002906094331525814,1.2909038996292372,0.00926970753629329,0.0,262.7761768154281,-0.00038520136774428153,0.009272875422138279
2009-04-05,-0.007411710244450866,0.0002895453050311676,1.311994477180438,0.0004432871727283392,0.0,260.57017050489867,-0.0003527368360993553,0.0004474151269140992
2009-04-06,-0.014579575361505068,0.00028850112931203036,1.2794798655249529,2.6611411302103163e-06,0.0,263.7915627000022,-0.00036928097659585165,3.7943574992140013e-06
2009-04-07,-0.01738478310700864,0.0002874601527122455,1.2421497984345575,0.0,0.0,269.8096232405266,-0.0005587771492826063,8.63576922012397e-07
2009-04-08,-0.017103271379982684,0.0002864473788751721,1.2004302576212338,0.0,0.0,270.3795398669054,-0.0006521550128183797,0.000302140103119295
2009-04-09,-0.006075971544125659,0.00028539655235527604,1.1619348903160311,0.0016923935947108404,0.0,269.6192012003811,-0.00042792988972643675,0.0017683740894673236
2009-04-10,-0.011189489251812972,0.0002843473253950561,1.1485046271774955,0.0010345109270117378,0.0,269.91035685206987,-0.0003581531714163931,0.0010762867280942675
2009-04-11,-0.010010117991159192,0.0002833279007572239,1.1164031235287195,0.0005637901903545789,0.0,271.357644492399,-0.0005067256779152122,0.0008711436205650387
2009-04-12,-0.011527347362647626,0.0002823135273604744,1.1045560962511771,0.0034360999062573168,0.0,271.2160930561705,-0.0005722867198667285,0.0038919615543494793
2009-04-13,-0.014340496080069893,0.0002812808011211245,1.0861809509622176,1.3549848970046827e-05,0.0,271.3767110389954,-0.0007219065064932666,0.00011498763062859659
2009-04-14,-0.01058446371791053,0.000280331083610233,1.0610551564706923,0.0015398490605718,0.0,271.2253298283522,-0.0005274241853315952,0.002821186369992973
2009-04-15,-0.0067296204509708175,0.0002795053740679208,1.0581813316560735,0.004422493910385391,0.0,272.7159655152517,-0.0003858408548653463,0.008151318679992817
2009-04-16,-0.00633451885591119,0.00027823742836882167,1.0595836459804615,0.0013151172611673,0.0,270.3498376138691,-0.0007383372203189101,0.0013428544593046478
2009-04-17,-0.0077713418562533505,0.00027721800373098945,1.0468177579890539,0.0009349694654429701,0.0,270.4917081376703,-0.00039618196081643727,0.0009695813816469806
2009-04-18,-0.011313273324131295,0.00027625978329760885,1.030242172787194,0.0003394026961703759,0.0,271.5524004345335,-0.0005459562891115577,0.0008060677407475379
2009-04-19,-0.018066882834596152,0.0002752403586597766,1.0102509177112757,3.3972963774945105e-06,0.0,270.4820283685027,-0.0010026446149005728,1.5521655546123484e-05
2009-04-20,-0.018317821125189464,0.000274282138226396,0.9924334797257534,4.166516207032285e-05,0.0,273.26975610880305,-0.0008538819660069579,0.00031130785312226915
2009-04-21,-0.020079541761996382,0.0002875475391829755,0.9640487986993879,0.0,0.0009587048053067958,275.57567227897,-0.0009360676157777594,0.00014495304073064338
2009-04-22,-0.021990865932009315,0.00031448774418588415,0.9273516121557204,0.0,0.0025259968798376077,276.27210574679907,-0.001116697192402546,0.0007906096832485895
2009-04-23,-0.023727321397450013,0.0003124581555188712,0.8906631613406311,0.0,0.0026037707125062997,276.26354611571,-0.001372094913306883,0.0002166430155436198
2009-04-24,-0.004615729853595044,0.0002733323365281531,0.9286950752560029,0.017746927627062398,7.606771285251035e-05,270.33883142561115,-0.0009307320845329157,0.018387456751807675
2009-04-25,-0.007420734539207092,0.00026942158149460615,1.061819992496469,0.005578188530806095,0.0,267.283745810586,-0.0006258845445042277,0.0056505635325223005
2009-04-26,-0.007121980190277099,0.00026849981418437205,1.0753012906809085,0.004249540089213915,0.0,268.24217627501986,-0.0004022268073286041,0.0043610596038564904
2009-04-27,-0.010467384620911659,0.0002675482445517502,1.1042740241731404,0.0033667200365982493,0.0,267.3644706417163,-0.000631087291249111,0.0035204657031828518
2009-04-28,-0.014176318832373216,0.000266714284649003,1.099458798625824,0.0005964094004725333,0.0,269.6612543332375,-0.0005952491935363597,0.0018479726637528114
2009-04-29,-0.010352514052795152,0.0002657379639350762,1.1224303164724578,0.00929443689726167,0.0,270.1598943074544,-0.0006685947978311341,0.009980630689319299
2009-04-30,-0.006732976285077758,0.00026477469226061294,1.1543741172316384,0.002374121298392614,0.0,266.5159648349281,-0.000571880116006412,0.0024444049361012177
2009-05-01,-0.009646458982747828,0.0002638529249503788,1.1764784990730932,0.003181400735162746,0.0,267.2596963354423,-0.00048635196003873475,0.0032050000072199073
2009-05-02,-0.013303385321366585,0.0002629974130856789,1.1654169977048026,0.0001284121246324421,0.0,268.1019276010115,-0.0004412097235520681,0.0003294450751755972
2009-05-03,-0.008730557047377872,0.00026216690486433817,1.1567242581067563,0.0036023064479652777,0.0,271.77929693247194,-0.00022695905471083807,0.0048753371622295705
2009-05-04,-0.016458962007430987,0.00026125843915562175,1.1586548541225283,0.0034656872141495937,0.0,271.70608540622976,-0.0010690385696746536,0.004329884912667977
2009-05-05,-0.016682365267290236,0.00026051548577971377,1.1510582185734464,8.950799198473915e-05,0.0,272.29444446312283,-0.0009614946583738435,0.0029010882148634916
2009-05-06,-0.01611630163960538,0.0002594678583791701,1.1308660417402305,0.0006307776028153586,0.0,272.82487598426377,-0.0010637859524474979,0.001002368364630446
2009-05-07,-0.015054624759208013,0.0002588015154930158,1.1212040960451979,0.0023739415583974226,0.0,272.636892677925,-0.0009496011429250579,0.004952529409672223
2009-05-08,-0.013746567112577837,0.00025773528268781764,1.1220990484492706,0.005132098319166798,0.0,269.0672639354699,-0.0012737565626532346,0.0054718987584787574
2009-05-09,-0.009906288678363219,0.0002568997232253942,1.1522828297875471,0.00483505347859388,0.0,269.16147919204053,-0.0004807748742359506,0.005294790880828255
2009-05-10,-0.01523575237241842,0.00025605406128080554,1.1692335915430792,0.0013372436544652714,0.0,269.5812898589169,-0.0007098922348123487,0.0017526115063657597
2009-05-11,-0.02115086036718498,0.00025517699745415294,1.1542989439883475,3.1328849536550924e-06,0.0,272.70915939848305,-0.0008474623331915862,4.12252478568415e-06
2009-05-12,-0.018115830160466966,0.00025660254187503105,1.1303246564559795,0.0028734789308855094,0.0,274.1801641647425,-0.0009618374903154913,0.007436628850064089
2009-05-13,-0.020096417579610473,0.00025367644210319736,1.1345757378472225,0.002987072797818373,0.0,268.46414665897464,-0.0018590221886580947,0.003174357023513977
2009-05-14,-0.01999604377874547,0.00025270811918765143,1.1335525081656075,6.600709284766246e-07,0.0,271.1454046540341,-0.0009451094109796535,0.0002506248862493912
2009-05-15,-0.017636751177284006,0.0002519537163319561,1.1277264668667608,0.0023582400070071897,0.0,272.0655846640664,-0.0011108280133224479,0.003054328153357408
2009-05-16,-0.017957204816031594,0.00025105510054335085,1.1217588148099105,3.936120682517014e-05,0.0,272.51695694716864,-0.0007714554825324122,4.4220505598933434e-05
2009-05-17,-0.023593732655721872,0.0003009749166036056,1.093612297331097,0.0,0.0032786661285465046,277.0149749676836,-0.0007877728065191691,-2.3856614461692516e-09
2009-05-18,-0.026250882126853968,0.0006857468078365434,1.0421744883621704,0.0,0.013261643275197618,279.4755373450098,-0.0007644978136160954,2.5749204723979346e-06
2009-05-19,-0.028774217570905637,0.0018585847932740124,0.9784466587217515,0.0,0.01633319858524759,281.2776016802887,-0.0009912984224699313,3.9406280630779596e-05
2009-05-20,-0.02098082367983242,0.001253032499113999,0.9162064317031544,0.0,0.012004866248975368,278.4636751164151,-0.000797066784932115,0.003385389171077707
2009-05-21,-0.01582875755210381,0.00048512616063241904,0.8816878898893598,0.0006085800922523111,0.0046457644278383526,274.8303442558102,-0.0007361891747867993,0.0012854294419280016
2009-05-22,-0.01827941350849335,0.0010218070556888472,0.8492493710275424,0.0,0.009457475553124638,276.7992380756443,-0.0005715421827162726,0.001475094653880023
2009-05-23,-0.016466990576288795,0.0020418771579440707,0.8037293285075331,0.0,0.015149475596213746,277.3368172726389,-0.0002323669186756436,0.0009838572833821462
2009-05-24,-0.006984089053956802,0.0025687734622739807,0.7560265032809559,0.0,0.01280567700327453,276.57002440055663,0.00016704965698516978,0.0033303807346939367
2009-05-25,-0.010014960658078813,0.0027327207522203694,0.7134637347722458,0.0,0.014579437252155132,276.64743892576286,0.00010124331413857682,0.0023871050716119976
2009-05-26,-0.019822631725820446,0.0007697802647358954,0.6789587563265067,0.0,0.005145315670192579,275.2959917646793,-0.0008173429612386026,0.00017695263617456298
2009-05-27,-0.019595289213509212,0.0013797555939625886,0.6471540375617938,0.0,0.008595347004590062,276.5222208342759,-0.0007672549598971331,0.0010590532236285127
2009-05-28,-0.02261211049590407,0.002226901340619319,0.607775212232227,0.0,0.012214783179221181,278.0650670865162,-0.0007193905780207639,0.0006963066798818987
2009-05-29,-0.023123103599090363,0.0036362045902316857,0.5631938007591808,0.0,0.015309169046622885,279.1744859734947,-0.0005872517003346298,0.000503137865791814
2009-05-30,-0.023944245472466208,0.003330748212539544,0.5146762538988936,0.0,0.016668096500433098,279.7165960717785,-0.0005550657183268651,0.00016319037830264893
2009-05-31,-0.02192886851433307,0.005400917287600242,0.46562467815736824,0.0,0.016816855003099658,279.74148450373707,-0.0005227999951122171,0.00188657109337672
2009-06-01,-0.015721987448843188,0.005731898512543931,0.417963002810146,0.0,0.016007608634098777,278.44550116587493,-0.00011111417059170998,0.003592809748469423
2009-06-02,-0.006218540971562015,0.0018785452775362524,0.39173673640536727,0.0017335928534552205,0.0057381871814108166,274.9185304192725,-0.00016211599932383685,0.00595511858072658
2009-06-03,-0.0031561562738849623,0.003541469742349312,0.3859546036370056,0.0007533899134835281,0.007654425388170501,274.83836556558555,0.000137111982383297,0.008297223391471853
2009-06-04,-0.014124935755958665,0.0039775391756478005,0.36091018935381364,0.0,0.01393381156827097,277.4033838584599,-0.0003998634736921828,0.0012620022763700565
2009-06-05,-0.013526414789385719,0.0068276023629021505,0.3247918597722458,0.0,0.01239142398544624,277.7515996333121,-0.0005466635786207382,0.004917350478719507
2009-06-06,-0.008892937821183501,0.011370423739239322,0.2923367890036488,4.466980864099191e-06,0.010892731932091847,277.0981889713956,-0.0005865287361929647,0.015113543386422281
2009-06-07,-0.0034083130501084413,0.004587153425324435,0.35657381966513657,0.024388295677253757,0.0006625428585346136,272.2193100277314,-0.0006662284808054483,0.028315713176619538
2009-06-08,-0.011402708788712818,0.004447267722275298,0.4722325671639596,0.0007270575201107285,0.0018914219013041697,270.3417162527024,-0.0007795177105456423,0.0014714073890489112
2009-06-09,-0.011974627141561885,0.004520784242678497,0.4621191222339925,0.0011935100527638097,0.002067997167676182,273.7321979501154,-0.0007507235579992418,0.002359573213871469
2009-06-10,-0.00658663597989217,0.00459911207021293,0.4586298883298023,0.0035353611923207,0.0027016583766977667,273.7920844191212,-0.0004028352451021389,0.006100879521352647
2009-06-11,-0.0049674500011454865,0.004806924969126276,0.44829896973575806,0.000776887687165185,0.004599590864727053,274.1845698635008,-0.0001670835529175182,0.005185718691276706
2009-06-12,-0.012076297638106484,0.005154519683897159,0.42140005223046145,0.00023849543162995143,0.007625811265013313,275.3848456186988,-0.0006077447958753609,0.004296747712513252
2009-06-13,-0.014686126535558433,0.006950049077050161,0.3799770664136064,0.0,0.008018796369012466,277.2642425062966,-0.0007657171148112266,0.00516776883655715
2009-06-14,-0.006270037490432546,0.014414762541399164,0.3374595857609463,0.0,0.012504504772566134,278.3743846411984,-0.0007605536835594366,0.01877263818074415
2009-06-15,-0.012413798794571291,0.009921449810098121,0.30014676024011305,0.0,0.007127160174866855,278.47975173777786,-0.0008485658452083163,0.0030122474256881887
2009-06-16,-0.010836056480973454,0.012372216094011642,0.2759223550052966,0.0,0.008398170377743448,278.6602405720512,-0.001181957843360928,0.005943056486397975
2009-06-17,-0.012435635772802062,0.01528114114104018,0.24903746064324392,0.0,0.007875316981541909,279.1249903411291,-0.001449040868608965,0.010801106106346313
2009-06-18,-0.008515522515369675,0.016583868297143173,0.22503052907250473,0.0,0.007609568073251154,278.7991850362659,-0.0012976484804672038,0.013494818681344011
2009-06-19,-0.017959964266941374,0.015122422432832126,0.20488800795962808,0.0,0.006064309238714014,278.4088184802097,-0.0014246607167741,0.005387895625840634
2009-06-20,-0.02744388028895114,0.013133901997474629,0.18460364620115352,0.0,0.00785932569938191,281.46950801842183,-0.001602328019374508,0.0006625820010798388
2009-06-21,-0.023206053017559698,0.011307111062572503,0.15684127089218455,0.0,0.008590457634737264,281.3669734926098,-0.00142890302264421,0.0008711982609987755
2009-06-22,-0.02907053920003654,0.010572434987052013,0.1380320978254473,0.0,0.004920286773625067,280.2799851476809,-0.001833193135674054,0.0002582834265326376
2009-06-23,-0.03275587889602629,0.009997986972668751,0.12183628692914313,0.0,0.004996653099012914,281.0386006522313,-0.0019189127021085072,4.351138045421976e-07
2009-06-24,-0.03303790530242489,0.010180680765270515,0.1031397587835452,0.0,0.0077615870678492205,283.6245524052622,-0.0019695490893334323,8.583068797918258e-07
2009-06-25,-0.034910328686237335,0.010325528807559258,0.08002180253943032,0.0,0.008504032015295353,285.3460002367555,-0.0019865917820630773,2.151727567678563e-06
2009-06-26,-0.01305468111051678,0.00973468193900114,0.05738569069267892,0.0,0.006142523287043059,283.7591708986099,-0.0014360456143395377,0.005529376073072185
2009-06-27,-0.022262608306219348,0.01051831716871531,0.04336852452624765,0.0,0.004250145312082969,279.0059974009484,-0.00208578950667617,0.0019548292213864347
2009-06-28,-0.028895631516720616,0.009690852656876301,0.03333094250235405,0.0,0.0044453417050973176,282.1748065697047,-0.0022193022114408894,1.2993812106287805e-06
2009-06-29,-0.03412181500997921,0.008801306876759072,0.021230119320856878,0.0,0.003803472587112653,285.1991042300582,-0.0023953247773276887,8.601785377340798e-05
2009-06-30,-0.03401738329459045,0.007870902870334474,0.012370481329449153,0.0,0.0027907736978288428,285.69772091378826,-0.0027132485440727007,0.0003129775878167334
2009-07-01,-0.026532022040442558,0.007461400102760834,0.006375702536487759,0.0,0.0016053515344353045,285.88576538459506,-0.0024492031089582687,0.004266616399005309
2009-07-02,-0.02066308108426757,0.007236725108771674,0.003356818649952919,0.0,0.0008849074779930762,283.5387631863524,-0.0024078522603643146,0.006693939553137293
2009-07-03,-0.016699815663577474,0.007056813960694999,0.0015770288959510359,0.0,0.0005313062903571264,283.7105633866765,-0.003010888368228061,0.009225103730535778
2009-07-04,-0.018233809725376176,0.005922664104208435,0.0005406956214689266,0.0,0.0002020137163542085,281.82079050814815,-0.002989609231172645,0.008500823385591343
2009-07-05,-0.019700788550794462,0.006024447706459606,0.0004956376530131828,0.0,9.66930456754178e-05,281.8125996239441,-0.003204989836335519,0.009312276348010134
2009-07-06,-0.02728093141889842,0.005068149354498265,-7.3453647229951e-24,0.0,4.934868906850868e-05,283.89519771927945,-0.002616795758574696,0.00038523613391790005
2009-07-07,-0.029243502450191375,0.004825073783680545,-7.3453647229951e-24,0.0,2.2930403550465904e-05,283.98330143211933,-0.0025302494039474914,0.0006225441640379739
2009-07-08,-0.032953168123455376,0.004593695961149399,-7.3453647229951e-24,0.0,1.1449269318984728e-05,285.09405818946396,-0.0028649168667820215,0.001329548624357941
2009-07-09,-0.031694779077828944,0.004357115023553708,-7.3453647229951e-24,0.0,4.426970825356952e-06,282.28422330148703,-0.00249026107501849,0.000281658236737756
2009-07-10,-0.029287469083979983,0.0041445392673298475,-7.3453647229951e-24,0.0,2.689343892921836e-06,282.48559265352236,-0.0024475178728669378,0.0001698671783639924
2009-07-11,-0.03226978761159768,0.003943148895172077,-7.3453647229951e-24,0.0,1.833305857275839e-06,285.4336036746785,-0.002830267994333122,0.0
2009-07-12,-0.029233844477241328,0.0037794020553093173,-7.3453647229951e-24,0.0,8.770638266525701e-07,286.7255805566935,-0.0027944536848088447,0.002496104691627578
2009-07-13,-0.0338581553791876,0.0036219820632772937,-7.3453647229951e-24,0.0,3.29614527481424e-07,287.5503674595145,-0.003461702963558295,0.003870243406565176
2009-07-14,-0.035119978847813475,0.0034498390504869364,-7.3453647229951e-24,0.0,6.806547358884651e-08,281.96195361753416,-0.0026715981042654503,0.0026651920571839067
2009-07-15,-0.02692482022747482,0.003315365668070519,-7.3453647229951e-24,0.0,4.3314392283811405e-08,281.6619864246491,-0.0028759034318944156,0.002825932583565018
2009-07-16,-0.03332546079731257,0.003142976491464734,-7.3453647229951e-24,0.0,2.4751081305035094e-08,284.361932535405,-0.0026137085926145488,5.228766950510317e-05
2009-07-17,-0.03310011327266693,0.0030239053533575636,-7.3453647229951e-24,0.0,1.4438130761270471e-08,284.8951008791304,-0.002834147905225808,0.001160667895494935
2009-07-18,-0.03191195962961111,0.002897500739259235,-7.3453647229951e-24,0.0,8.250360435011697e-09,285.9200249436661,-0.0026594756202677552,0.00020584371467094638
2009-07-19,-0.03362580898117885,0.0027972708145777387,-7.3453647229951e-24,0.0,4.125180217505848e-09,288.11534321599987,-0.0025236697415005694,0.0015952600597661766
2009-07-20,-0.022731389534675468,0.0028458442223274105,-7.3453647229951e-24,0.0,0.0,284.78432222499237,-0.0034264215704916568,0.00856448164430218
2009-07-21,-0.02354461741817873,0.0026118146666025714,-7.3453647229951e-24,0.0,0.0,283.00228250004255,-0.002441273260293371,0.002546442531591496
2009-07-22,-0.027963093950250057,0.0025046858410377286,-7.3453647229951e-24,0.0,0.0,284.63723079588004,-0.002789850909746973,0.0010927346802919462
2009-07-23,-0.034910259105391424,0.0024146366085709826,-7.3453647229951e-24,0.0,0.0,286.9823010798453,-0.0028454070163648685,0.0008860237719025433
2009-07-24,-0.030401222197349465,0.0023282377396599725,-7.3453647229951e-24,0.0,0.0,287.9628151895412,-0.0021705829070112798,0.0004957645963091063
2009-07-25,-0.026288313633304528,0.0022792225166902704,-7.3453647229951e-24,0.0,0.0,286.2300389823267,-0.0023308508729530594,0.0028815081226273988
2009-07-26,-0.028185566813595558,0.002235322433002925,-7.3453647229951e-24,0.0,0.0,286.15538270953914,-0.003366893567776276,0.005787605215595681
2009-07-27,-0.019710537867020754,0.0032823725608782583,-7.3453647229951e-24,0.0,0.0,284.35271106152436,-0.003049885291122111,0.010847720823714031
2009-07-28,-0.012040497682525615,0.002902869619218643,-7.3453647229951e-24,0.0,0.0,281.38023909157505,-0.003352213550969369,0.015406576253600042
2009-07-29,-0.009857669262226018,0.0027575236929338535,-7.3453647229951e-24,2.639809107713107e-05,1.1712039089472282e-05,279.4448219270581,-0.0037902667381837546,0.013331965790630063
2009-07-30,-0.02093978891264921,0.0019659250132781636,-7.3453647229951e-24,3.6434391460849744e-06,8.14203236062648e-06,277.84046773317846,-0.0023734284470141947,0.0018717888800119653
2009-07-31,-0.018860158610478635,0.0019237020258176128,-7.3453647229951e-24,0.0,5.489015309824109e-06,280.4889095758988,-0.0022141625315456066,0.001956120477001089
2009-08-01,-0.02663457755651851,0.0018627465949893672,-7.3453647229951e-24,0.0,2.968887993171391e-06,281.668131323633,-0.0023346959460674036,5.409879199529099e-07
2009-08-02,-0.03316136058104241,0.0018217578782873639,-7.3453647229951e-24,0.0,1.2922337499715517e-06,285.75314233352464,-0.002623764934849604,2.9020558642802265e-05
2009-08-03,-0.03371216617735093,0.001813412301957944,-7.3453647229951e-24,0.0,3.6577299489813337e-07,286.9103435509174,-0.002667156932086258,0.002776352227698935
2009-08-04,-0.028661375454926898,0.0017699672509047944,-7.3453647229951e-24,0.0,9.420564619161316e-08,285.77083492458655,-0.003286163690947207,0.0024244714085315446
2009-08-05,-0.028882045698704697,0.0017216766284684005,-7.3453647229951e-24,0.0,1.4438130761270471e-08,286.672323647192,-0.0028208256514985013,0.0014853545996824308
2009-08-06,-0.02512419707862671,0.0016817260259962353,-7.3453647229951e-24,0.0,2.062590108752924e-09,287.0747244308673,-0.002488263635396284,0.0012641093678737603
2009-08-07,-0.030341635189824186,0.0016390001032985538,-7.3453647229951e-24,0.0,0.0,285.8380804906009,-0.00228920061204393,0.000286655995131886
2009-08-08,-0.016952872655149234,0.001654691615347135,-7.3453647229951e-24,0.0,0.0,280.7894688873866,-0.002654562214926138,0.0050441668195239575
2009-08-09,-0.01926940418569382,0.0015868595090963076,-7.3453647229951e-24,0.0,0.0,279.16552296510974,-0.0021682698437470505,0.0019867152816482048
2009-08-10,-0.02701842637553727,0.0015489879974537651,-7.3453647229951e-24,0.0,0.0,281.36956498313083,-0.00230785069387343,0.00110576112391585
2009-08-11,-0.03117780745197825,0.001509050612395766,-7.3453647229951e-24,0.0,0.0,284.0900206341358,-0.00226469534201979,0.0
2009-08-12,-0.033454282219800575,0.0014780405382652066,-7.3453647229951e-24,0.0,0.0,285.62834929342324,-0.00238240598622015,5.99846654563279e-06
2009-08-13,-0.0360905525542922,0.0014478598779204203,-7.3453647229951e-24,0.0,0.0,287.58936163261114,-0.0024388613400317858,4.553993541852226e-05
2009-08-14,-0.031830205208500904,0.001421580206876421,-7.3453647229951e-24,0.0,0.0,286.97033414822744,-0.0022307899070240686,0.000541288795811415
2009-08-15,-0.006936095907526502,0.0015557393179101461,0.000849434660428437,0.00044115253929364484,0.00014419426436478136,280.6844468915979,-0.0019757625683721174,0.014821660483729803
2009-08-16,-0.015201623325294024,0.0014356041358689134,0.004828559027777778,0.0005583544656381769,0.0002041786993290745,276.1421008963145,-0.002586267762264963,0.006290479848541835
2009-08-17,-0.019672903469053368,0.0013555639376074582,0.0042087820739171375,0.0,0.0002094733891850811,276.6700296312178,-0.002065309654858153,0.001352201749663909
2009-08-18,-0.026344471353258795,0.0013190898518104339,0.002722788665254238,0.0,0.0001803527949220043,279.9575110146331,-0.001880740325918979,2.156532787012111e-06
2009-08-19,-0.012379022178340094,0.0014146090732455928,0.0014402457774246704,0.0,0.00016410028993409909,280.5348483227516,-0.003235162967174067,0.010694023074403322
2009-08-20,-0.021818261109502978,0.0012744608740348602,0.00045057968455743883,0.0,6.370140123838759e-05,281.3332899743779,-0.002137968684993895,0.00024221049939198396
2009-08-21,-0.02806049227546164,0.0012494075601383792,-7.3453647229951e-24,0.0,2.2567556066028143e-05,284.6096840695024,-0.0022425263972774066,1.2974273886356968e-06
2009-08-22,-0.030017293358253223,0.0012701631939343813,-7.3453647229951e-24,0.0,6.722696756912491e-06,287.7909216871818,-0.0027882059625649862,0.003920385432125085
2009-08-23,-0.024273264374436634,0.0012119942802493854,-7.3453647229951e-24,0.0,1.4186200112272794e-06,288.3712133310609,-0.0020300838885839376,0.0006449580253994707
2009-08-24,-0.01439040583574166,0.002790045266771047,-7.3453647229951e-24,0.0,2.899728084014634e-07,283.44015852071476,-0.003026330085881686,0.01900500405983106
2009-08-25,-0.018383326250954537,0.001244377955205023,-7.3453647229951e-24,0.0,8.58921452430682e-08,281.638609004335,-0.0021361670704127035,0.0020433431964809613
2009-08-26,-0.02667169281318363,0.0011525565789917767,-7.3453647229951e-24,0.0,2.4351191385991156e-08,283.58729907034035,-0.002056848105190501,9.195782188862467e-06
2009-08-27,-0.028841200310968408,0.0011394831251963387,-7.3453647229951e-24,0.0,6.187770326258773e-09,284.91654956767337,-0.0022182224718275047,0.00041829244901762843
2009-08-28,-0.028276503422839497,0.0011205558722975565,-7.3453647229951e-24,0.0,0.0,284.21675792701274,-0.0020809066876516505,8.728476170468937e-05
2009-08-29,-0.02637439882014431,0.0011079890579827089,-7.3453647229951e-24,0.0,0.0,283.57638024655216,-0.0019785420348246894,0.00045743470127843853
2009-08-30,-0.02185013313583062,0.0011400135896973691,-7.3453647229951e-24,0.0,0.0,283.70101377699115,-0.001887225461755432,0.003943535616778107
2009-08-31,-0.024288090398419376,0.0010808875500145606,-7.3453647229951e-24,0.0,0.0,284.88674027322605,-0.00214902173180533,0.0006952098379101545
2009-09-01,-0.027944356371453923,0.0010624216438013282,-7.3453647229951e-24,0.0,0.0,283.88415905580683,-0.001993068067704217,0.0002363812185964663
2009-09-02,-0.02204427800777942,0.0010799865769801167,-7.3453647229951e-24,0.0,0.0,283.95613902391915,-0.002026753279112153,0.003142639953972231
2009-09-03,-0.024091296613553154,0.0010516176284369777,-7.3453647229951e-24,0.0,0.0,284.1961183134895,-0.00201843995706173,0.0016308171611696689
2009-09-04,-0.026971811628611075,0.0010199925657046044,-7.3453647229951e-24,0.0,0.0,285.3884581585613,-0.002168493613727012,7.886883922232156e-05
2009-09-05,-0.029158166825434585,0.0010059203131724214,-7.3453647229951e-24,0.0,0.0,285.8767982597854,-0.0020241701691332513,1.9683507876207603e-05
2009-09-06,-0.031097083694517275,0.0010058804925552197,-7.3453647229951e-24,0.0,0.0,286.386310904264,-0.0022880174219608307,0.0014849121960761721
2009-09-07,-0.024421789383484143,0.0009975069660251423,-7.3453647229951e-24,0.0,0.0,285.06874005808,-0.001798548130581608,0.0016545745107413687
2009-09-08,-0.018320206657978105,0.0009799561763213854,-7.3453647229951e-24,0.0,0.0,280.7489387849855,-0.0018869879587137767,0.0014864178867987185
2009-09-09,-0.026416018310576512,0.000955165106024446,-7.3453647229951e-24,0.0,0.0,281.24443254273274,-0.0017827288642273114,8.52346317969932e-07
2009-09-10,-0.028169734161452385,0.0009427777791427355,-7.3453647229951e-24,0.0,0.0,283.5084063607196,-0.0017899523020885085,2.5736325142133865e-06
2009-09-11,-0.02634427717513284,0.0009305724653147036,-7.3453647229951e-24,0.0,0.0,280.6133792216271,-0.0014890582369124824,4.351138045421976e-07
2009-09-12,-0.017634085679458362,0.0009328594989022293,-7.3453647229951e-24,5.960637061609387e-05,1.8691696689627265e-07,277.10695708179657,-0.0015353409068311677,0.0019846431278677037
2009-09-13,-0.020623484657982652,0.0009411498483291454,0.0004956376530131828,6.435072775614465e-05,4.655091186701242e-05,277.93364862847915,-0.0018770059591716969,0.0033490332170240055
2009-09-14,-0.027196935677932483,0.0008998227826619553,-7.3453647229951e-24,0.0,4.6301054331542415e-05,284.11925820891247,-0.001903239427144918,0.00032934571726847507
2009-09-15,-0.019534144950451825,0.000929047411444497,-7.3453647229951e-24,0.0,1.771737542529564e-05,283.9429606601119,-0.0017859778382768067,0.004147254217038651
2009-09-16,-0.02019048372736085,0.0008767647089931251,-7.3453647229951e-24,0.0,6.3825588105088576e-06,284.1411449949621,-0.0017809766834065068,0.00028373012467539614
2009-09-17,-0.024939572112371695,0.0008638949044006694,-7.3453647229951e-24,0.0,1.8654654255021093e-06,283.8846453937883,-0.001642399346508549,1.2905201742796635e-06
2009-09-18,-0.024807992207128454,0.00085607549901736,-7.3453647229951e-24,0.0,6.470324124320079e-07,284.5261745524721,-0.0015841096029274883,0.00045538387820218145
2009-09-19,-0.027102367436818486,0.000842403641528329,-7.3453647229951e-24,0.0,2.714094974226871e-07,283.9402141068166,-0.0016801272345296407,3.868340172630269e-06
2009-09-20,-0.01636044495860062,0.0009044979588460116,-7.3453647229951e-24,3.62860112540466e-06,1.8713795869363906e-07,281.9089988952752,-0.0017553717634603801,0.007153053360921176
2009-09-21,-0.016752321336228972,0.0008488545815149944,0.01470567951094633,0.003298917816857161,1.3849871643518997e-07,272.74035956316305,-0.0017395715865880083,0.005852901159265922
2009-09-22,-0.020385178595276204,0.0008184600852977085,0.0196176877354049,6.576294952866723e-06,0.0004189111671205295,274.37036841872055,-0.0013146666904627266,1.027993000263584e-05
2009-09-23,-0.017316789403136842,0.0008181024574290562,0.014948440810381356,0.0,0.0011148190094252765,278.6540603601776,-0.00118404084890239,0.0
2009-09-24,-0.020056404762685637,0.0008022498949772894,0.007881236390654425,0.0,0.0006154174416583811,279.57427636557827,-0.0012587488571045092,0.0
2009-09-25,-0.02457750900148672,0.000788437023674701,0.004936836084628061,0.0,0.0002688449823250205,280.819331422364,-0.001408514166829613,2.1527248463826254e-06
2009-09-26,-0.02496303689513503,0.0007785856723785401,0.002759110905131827,0.0,0.00022119275257412326,282.060860711078,-0.0014593794962949,-5.960828275419772e-09
2009-09-27,-0.02269772398101408,0.0007670276750952511,0.0015172581214689268,0.0,3.0378574284456547e-05,279.6309753496993,-0.0011318500895621413,0.0
2009-09-28,-0.018967365940748635,0.000758954444847538,0.0014271421845574387,0.0,7.024695728458254e-05,277.3668626005816,-0.00123333845729545,0.0
2009-09-29,-0.02640816506187795,0.0007499396632620171,0.0005588567414077214,0.0,4.7732270875219576e-05,283.68939363440103,-0.001459897732583143,0.0
2009-09-30,-0.01862051695753626,0.0007673629933157883,0.001986688588747646,0.003299462487973736,2.0715434335719396e-05,280.0273169752793,-0.001371392390906474,0.0067455528651253665
2009-10-01,-0.008193162832893222,0.0007338666983243436,0.10729267817208099,0.01687490267647525,0.0,267.8364998373833,-0.0009722930910644558,0.017047496502008815
2009-10-02,-0.009476822437876363,0.000734320636522972,0.12998212394067798,1.9715551686825726e-05,0.0007974544150681146,266.77255219569093,-0.0009430997641914981,2.3427151017269847e-05
2009-10-03,-0.010160650952724415,0.0007340530891202937,0.11729715638241527,6.61112641715734e-05,0.0013382771594376214,268.12418526040636,-0.0007862440957608869,9.428111168791337e-05
2009-10-04,-0.0032747352948296546,0.0007107536503150639,0.11216169741643128,0.0029646370160040887,0.0,268.5886084813407,-0.0004154853101840801,0.003022598883424155
2009-10-05,-0.002547378551825292,0.0007037320042734093,0.1809148698652307,0.013351825376351675,0.0,267.78365453443513,-0.0003475645756990896,0.013497199800054909
2009-10-06,-0.007773017521295171,0.0006968130668004354,0.2256868581538371,0.001784634413355488,0.0,266.16938462769247,-0.0007338221158600796,0.0017863367839307022
2009-10-07,-0.0038911642580382565,0.0006934262938418632,0.22493420617055085,0.004802683778738572,0.0003236604507191707,269.05010584743235,-0.0004587332681242356,0.004824430356568698
2009-10-08,-0.003682792986516899,0.000683084046099819,0.3110494092808381,0.009554562742932367,0.0,264.13330127335314,-0.0004407379586817855,0.00957793068067373
2009-10-09,-0.0015666739920438349,0.0006765256830527958,0.337087167858404,0.006540084247198482,0.0,261.0536239286376,-0.00025262451588602396,0.0065468827546653115
2009-10-10,-0.0035800854280843577,0.0006701128799363045,0.3778372726871469,0.00024238054109158492,0.0,254.43162463703626,-0.0003261057512655771,0.0002465281445987615
2009-10-11,-0.003176191432327874,0.0006637165775406832,0.3584880936617232,0.000867491177583145,0.0,257.47677403250657,-0.00029933498909244435,0.0008731046536148836
2009-10-12,-0.005812094289030733,0.0006574924382786293,0.36721117842219875,0.0010524542402412932,0.0,262.3781340324273,-0.0005437188681825406,0.0010576240477976145
2009-10-13,-0.007412653774191431,0.0006512251950926701,0.3579140643391008,5.785354786673509e-07,0.0,270.29137932154197,-0.0006586456892348953,0.00015057529013301203
2009-10-14,-0.00886341264355654,0.0006584705269269351,0.3381821224693974,6.003976710098611e-05,0.001106335944627638,273.1191671949771,-0.0008476717965835232,0.0008024058393698952
2009-10-15,-0.005087262535162566,0.0006452267621196596,0.3301158265654426,0.0023474439683943823,0.00026663710589462755,271.8222932258793,-0.0005549233154220097,0.003951234500960442
2009-10-16,-0.006924476579757735,0.0006340441562361636,0.33156457818385127,0.0004751948313524494,9.344670774236238e-05,270.7616544820495,-0.0007324969911642668,0.000510204326630053
2009-10-17,-0.00923117751118827,0.0006817719020412468,0.31780258724693977,0.0,0.004518883755314822,273.53630084237136,-0.0005875408154843891,0.0
2009-10-18,-0.008608403726149414,0.0006855803694428698,0.28037320871586635,0.0,0.005037796204793925,277.05598400137524,-0.0006703443635823363,1.850404308340644e-05
2009-10-19,-0.00822395410409755,0.0006749608085653877,0.2446820102842514,0.0,0.0042281722449986955,274.77361127346927,-0.0007314350098203132,0.0006544402594270543
2009-10-20,-0.0026035553823083135,0.0006097823718173357,0.23518167556791433,0.005173538048556969,3.825652144723019e-06,271.31627496981577,-0.00037416172776855324,0.005436835248586563
2009-10-21,-0.006547430477573375,0.0006153785576254635,0.2657622428937147,0.0007403567643825617,0.0007919622743028706,269.5612361965431,-0.0006166897966700086,0.0007463720136319235
2009-10-22,-0.0047080250362218435,0.0006079599682220632,0.2574908872557674,0.001427634245595016,0.0006353365478374191,269.2290714500988,-0.00044211243295063415,0.0014970220119444018
2009-10-23,-0.00590780070104168,0.0006045347216439113,0.26310037444091344,0.0007444888479628806,0.0007500933893656327,269.59476144794246,-0.0005731634101120093,0.0007699383086701038
2009-10-24,-0.0053680402747655325,0.0005932883017480711,0.2736848590513183,0.008531617768908626,0.000203776588968638,271.0230310874695,-0.0006332704955238407,0.009041570118432448
2009-10-25,-0.005998564684121624,0.000584178977766953,0.3478383209745763,0.007327863346722167,0.0,265.3565446921886,-0.0006826093451956571,0.007396186980824014
2009-10-26,-0.005663754365875223,0.0005794401980389309,0.37274181416254715,3.510957720589503e-05,0.0,266.33194517146393,-0.0005543760134507034,3.738150747529172e-05
2009-10-27,-0.006075075790707002,0.000574725495893403,0.37070110198917144,0.0028880208436041907,0.0,268.94495706504347,-0.0006476875794472668,0.002897762578758069
2009-10-28,-0.0025523521721699817,0.0005702316592642143,0.40501090586746713,0.005599185413980888,0.0,262.5640406707362,-0.0003587563474804668,0.005609177381203053
2009-10-29,-0.0038700445560412217,0.0005658329543420824,0.46576284060145956,0.0028802134980589656,0.0,261.6113629745225,-0.00041181474166401366,0.002882788191305096
2009-10-30,-0.002481463938783118,0.0005614989053058086,0.4746693756620763,0.0033481277230769236,0.0,265.59488617273826,-0.00021302586915971196,0.0033567813427896266
2009-10-31,-0.007790394337837307,0.0005588541596622791,0.47424477327565917,5.448820058908841e-05,0.0001234995927345955,271.89134991820026,-0.0006686455417571769,6.454332736925891e-05
2009-11-01,-0.005134200898267455,0.000556959607506876,0.45463283273010835,0.002509542819807085,0.000260537511295518,271.34898630777997,-0.0005800472993382627,0.00298199815265203
2009-11-02,-0.004068862331115594,0.0005488126291393561,0.4708072640801554,0.002632669809847902,0.0,268.75160916646325,-0.0005412621655117321,0.0026791958485278436
2009-11-03,-0.006161433492003188,0.0005447449488828412,0.4639752346692562,2.8032493793358233e-06,0.0,269.1187451931941,-0.0005561392754316331,4.083429941681741e-06
2009-11-04,-0.007109872660057694,0.0005407169208688251,0.4515357870615584,4.964001939795112e-06,0.0,269.08949338693856,-0.0006395692931814382,5.815948424689419e-06
2009-11-05,-0.008213857304578447,0.0005477149102647426,0.43678022194267896,0.0,0.0008515479979710391,274.03606164432966,-0.0007328702884036942,0.0
2009-11-06,-0.01423689036887918,0.0005396481624430856,0.41375307129825806,0.0,0.0005301485774712374,274.3732452536258,-0.0012937213720406518,1.7225742112714215e-06
2009-11-07,-0.007313458890901447,0.0005287472474372994,0.3990083108963041,0.0022841481081509996,0.0,270.3687727832974,-0.0007819937131667542,0.00257543961870339
2009-11-08,-0.006501208296266653,0.0005249541863209784,0.4039371009151366,0.00010007316783323127,0.0,267.5613879474992,-0.0006736444972329221,0.00011587607656241807
2009-11-09,-0.006767519954907693,0.000521222329409109,0.39663725025011776,0.0,0.0,265.974605441767,-0.0005735009540356486,8.52346317969932e-07
2009-11-10,-0.00419637106232724,0.0005174971232979984,0.3902298232256356,1.3907582072888393e-05,0.0,269.3202034722165,-0.0005042980935445613,1.4766461431643385e-05
2009-11-11,-0.006784828285039482,0.0005138762253152449,0.38306376714041906,0.0,0.0,269.79061373478953,-0.0006102256445308863,0.0
2009-11-12,-0.010176581851506638,0.0005103048294951015,0.37369469824034846,0.0009299585711484576,0.0,272.4524871014382,-0.0010226833197356617,0.0012599411611678582
2009-11-13,-0.004630988432189166,0.0005067334336749578,0.40060809866407726,0.003100262923260867,0.0,264.2160834547715,-0.0005561584280540714,0.003135281599174112
2009-11-14,-0.004562622241381198,0.0005032910970644763,0.39962349009828163,2.645587517043292e-06,0.0,261.00030476270206,-0.00034970318172442716,3.497933835013224e-06
2009-11-15,-0.00365331251237352,0.0004999134163398527,0.39615816450388425,6.26691906465649e-05,0.0,260.4366493440617,-0.00022164149746551354,6.375365001333637e-05
2009-11-16,-0.004949481852647275,0.0004965719361763217,0.39241168638182683,0.0,0.0,265.6838160369356,-0.00022929559572268342,0.0
2009-11-17,-0.006866327113350906,0.0004973755886325728,0.3860987431585452,0.0,0.0003170378948167219,271.29693623630794,-0.00038243065151454366,1.2713210821857501e-06
2009-11-18,-0.0074786306437799495,0.0004927343399511219,0.3758418483698211,0.0,0.00021183029827425036,271.1630680350037,-0.0004811848140200653,4.261732051702438e-07
2009-11-19,-0.004968036408141509,0.00048679626930904935,0.3681215332950801,0.0,0.0,266.93715270090917,-0.00040508588870703165,8.52346317969932e-07
2009-11-20,-0.006148156557379469,0.00048365355548212087,0.3628265323387477,0.0,0.0,269.22161763940153,-0.00044579099926908143,8.52346317969932e-07
2009-11-21,-0.009949739159500533,0.000480482638892481,0.3554738075270716,5.21540641784668e-08,0.0,268.56459148141175,-0.0008494577470556491,4.470354042496183e-08
2009-11-22,-0.005210791435618859,0.00047740937963043905,0.3498546650629708,0.0001013219819567298,0.0,263.215120789695,-0.0004548675007065811,0.0001031668845648145
2009-11-23,-0.0037686691361632054,0.0004743542206489434,0.37026339600988706,0.0031014562579198077,0.0,263.1038460093928,-0.0003366683541381427,0.00310793716008251
2009-11-24,-0.003394483762272334,0.00047136186543157547,0.37757910891890306,7.085628428701628e-05,0.0,264.01307398406357,-0.00010759360814667019,7.148752104764604e-05
2009-11-25,-0.004316362283997617,0.000468437365219418,0.391422709951742,0.0026544646312624725,0.0,267.9503675485959,-0.00029860310635324255,0.0026585254292030122
2009-11-26,-0.0048770851082047505,0.00046550621420650163,0.39078316266478347,0.0,0.0,270.7666319974623,-0.00027837879471691323,1.7189035581967697e-06
2009-11-27,-0.005010197559992473,0.0004626578193599896,0.383563312882533,2.8952030138780847e-07,0.0,271.3580632254678,-0.0003989230430984902,1.1434661790339162e-06
2009-11-28,-0.0030656757075234325,0.0004598176748739124,0.3919965093867703,0.00454870821897593,0.0,267.4417879639821,-0.00034477731139309663,0.0045562037977121645
2009-11-29,-0.0027538575021560587,0.0004569940311087053,0.4198510696209981,6.196231155072229e-06,0.0,263.51675023511757,-0.00011071340722889551,1.0121744197209606e-05
2009-11-30,-0.004771860095403963,0.00045422494074719106,0.4148728537694209,0.0,0.0,266.9708171995346,-0.00020534094780851893,8.52346317969932e-07
2009-12-01,-0.0024460148760827925,0.0004514691519871944,0.4159395322063324,0.0031213400895986187,0.0,265.17493287497774,-0.00034172541467146684,0.0031264505648334957
2009-12-02,-0.0013964495668976993,0.0004487679166308905,0.4536128214748117,0.0006821515028086087,0.0,254.49366994092694,-0.0001330462226507354,0.0006831936074165838
2009-12-03,-0.0010637531509507176,0.00044609648359697425,0.4698674835952213,0.0007890231991555058,0.0,251.70431471499575,-7.033676940337414e-05,0.0007947040142986062
2009-12-04,-0.0019511141430186688,0.0004434266501227342,0.4708272643008474,3.14169726466055e-05,0.0,256.0597401240002,-4.3572016102446005e-05,3.2900454586632483e-05
2009-12-05,-0.001881285870479325,0.0004408246716537045,0.4882617095544963,0.0027518539484274592,0.0,257.3863424240084,-0.00016391789803733934,0.0027594388342396287
2009-12-06,-0.0006087083937758107,0.00043822429274435103,0.5240145178613466,0.0010223134215605462,0.0,251.50978861016748,-5.933077805964961e-05,0.0010279832923479673
2009-12-07,-0.0008204692164383366,0.00043567526811933794,0.5365224719721046,0.0004312731746563131,0.0,249.5243717128948,-8.762835151394882e-05,0.00043828797201145834
2009-12-08,-0.0003151055530639692,0.00043312279181291827,0.5419639113259181,0.0012733097803794733,0.0,248.74136860806166,-3.1288639552849166e-05,0.0012823525457382739
2009-12-09,-0.0008258090517615195,0.00043061181987072796,0.5600344555526131,0.00023119850347271074,0.0,247.4038208747763,-5.5793483378523493e-05,0.00023469429905131716
2009-12-10,-0.00192443121456157,0.0004281238731691393,0.5599602018596987,0.00017655535606341173,0.0,249.4927584294321,-0.00010392478651414484,0.0001802356397583524
2009-12-11,-0.002527315106432317,0.0004256731793705353,0.5584086904866996,0.00015173761942292337,0.0,255.57921097103485,-9.300863359775921e-05,0.00015487547983767622
2009-12-12,-0.002633865775361573,0.00042326386365513347,0.5517272374499764,2.122859833604199e-05,0.0,260.97331380035916,-0.00010913658866101066,2.2631108995264993e-05
2009-12-13,-0.0016246526002210411,0.0004208486969188109,0.5427866790254239,3.0222375177394204e-05,0.0,262.021368827748,-4.782495588737693e-05,3.3369366080432114e-05
2009-12-14,-0.002106500884233895,0.00041845508214444097,0.5511966568826507,0.0024549589823868313,0.0,260.1103094679263,-0.00014417626405671493,0.00246235140635645
2009-12-15,-0.00382651653835329,0.00041610777041332876,0.5587723726606638,1.2244082103341314e-05,0.0,262.035711935011,-0.0002040728600432644,1.2861049107912572e-05
2009-12-16,-0.003022230866938662,0.0004137636578015689,0.5474883401012242,1.894636342754472e-07,0.0,267.14316201075326,-0.00010524140302575915,1.055221094664197e-06
2009-12-17,-0.0024406216238851606,0.00041145439875327943,0.5399500960010594,0.00282822540924374,0.0,267.07949166019534,-0.0001830103580897811,0.002853385590461742
2009-12-18,-0.002769224808714484,0.0004091781411467299,0.5605799788135594,0.0013740616245458356,0.0,263.2462264490217,-0.0001316369790057678,0.0013824240298244777
2009-12-19,-0.002395530162894793,0.000406921835942457,0.5523086231756121,1.7257775627287098e-06,0.0,263.49777866442554,-5.627195166665956e-05,3.017308245998104e-06
2009-12-20,-0.003355419778891203,0.00040467538065829526,0.5443839380296611,0.00033295985921628056,0.0,267.0929278573074,-0.00013833195181552974,0.0003343648829702604
2009-12-21,-0.003317264597968193,0.0004024619268158735,0.5356213126029897,0.0009968145040132232,0.0,268.3522004919537,-0.00022611869130767672,0.0010024090944369365
2009-12-22,-0.002625330861678905,0.0004002601750152933,0.5283890488906544,9.207149683418922e-07,0.0,265.51687244910977,-0.00020583742692814036,1.7656107057149003e-06
2009-12-23,-0.0010231400361168858,0.0003980898250967769,0.5227859985581451,0.0015106563598422682,0.0,262.0567524329866,-0.0001341200165324292,0.001518516287875702
2009-12-24,-0.0015863047144507286,0.00039592267429761297,0.5363369526836159,0.0001414488937895177,0.0,253.57731551908503,-0.0001224663824179752,0.00014620985688462772
2009-12-25,-0.001284560578017585,0.00039377547590072553,0.5374130565118881,0.0012675440201988328,0.0,254.6904185559117,-0.00013590217331203364,0.0012709579898471618
2009-12-26,-0.0012167563798737393,0.00039166792974633694,0.6065216351812618,0.00411230369897212,0.0,259.3626362572507,-3.2278572309151884e-05,0.004117394092990148
2009-12-27,-0.0024957113430998422,0.00038957528475314215,0.6188132650659134,4.040725571287554e-05,0.0,260.0708125629892,-8.090155062365667e-05,4.126906058209091e-05
2009-12-28,-0.0032112004477425483,0.00038751564120168745,0.6089586735669729,0.0,0.0,260.38988853354016,-9.563225873951187e-05,8.52346317969932e-07
2009-12-29,-0.003166272520682233,0.0003854610488913154,0.599400637064501,7.810691992441813e-07,0.0,261.0211496873989,-0.00011727353294858827,2.4944355422799856e-06
2009-12-30,-0.002778843718733491,0.00038341630650105455,0.5904166298846516,0.00012578688940759433,0.0,259.9139432170746,-0.0001503628610217639,0.000129043001386037
2009-12-31,-0.0023890969022519176,0.0003814096167936163,0.5883267217661252,0.0005099238606832795,0.0,259.1161826613259,-0.00011496593133877901,0.0005145894267561205
2010-01-01,-0.002774712519120362,0.000379424479048131,0.5860354321151131,0.00025783258221917234,0.0,262.7137619025739,-0.00012087006395482749,0.00025896281845825544
2010-01-02,-0.002686518733784304,0.00037744254042199776,0.5798284670727402,0.0010733831316064309,0.0,265.3641162663979,-0.00012584639934159944,0.001077670532328988
2010-01-03,-0.0015089860406972595,0.00037546565303694734,0.6110878924641008,0.005158947601830219,0.0,263.24267337461424,-0.00012577387193838757,0.005183770107581844
2010-01-04,-0.0022355521802848344,0.0003735268183347196,0.6305658085422553,1.9112254603434417e-05,0.0,259.606275946407,-0.00012346359738017208,2.094758095714332e-05
2010-01-05,-0.0022844100150011355,0.0003715962339929269,0.6219937599311441,0.0009672262069195678,0.0,265.2138073089658,-7.095557800625678e-05,0.000972446361401714
2010-01-06,-0.0013191526976682373,0.000369713552254068,0.6897232429231402,0.0088932944177571,0.0,258.65597201920275,-0.00030750179884292314,0.008900361461827986
2010-01-07,-0.0015844369338730636,0.00036779121827271025,0.7272728526659604,4.538329644391766e-07,0.0,249.0622039478827,-6.607876259223216e-05,1.322280113360088e-06
2010-01-08,-0.002027979089041888,0.0003659399384159153,0.7202776030632062,0.0,0.0,256.7406396632365,-5.022248011187646e-05,0.0
2010-01-09,-0.003894439777411984,0.00036409211024052683,0.7091602390095338,0.0,0.0,265.53029373944815,-0.00010386752333007964,0.0
2010-01-10,-0.004858925643950533,0.0003622474811844907,0.6921412006385358,7.031748523819918e-08,0.0,266.7642954989791,-0.00014976343655653595,1.3563412012111049e-06
2010-01-11,-0.004124748841517389,0.00036042600365008344,0.6741513469573918,0.0,0.0,266.28816065456016,-0.00013039351604079126,4.351138613856165e-07
2010-01-12,-0.005927377206794288,0.0003586343284380638,0.6572419649688089,0.0,0.0,269.47102337637864,-0.0002708696460319778,4.351138045421976e-07
2010-01-13,-0.006303239761099304,0.00035682935162452656,0.6389861313412195,8.270354930963895e-07,0.0,269.0960388075834,-0.00038239988103761516,8.307607833948514e-07
2010-01-14,-0.0030038076437125774,0.00035509222981619976,0.6229349197416433,0.000495020657946161,0.0,266.5997248360442,-0.00019816696475454646,0.0004968679901485893
2010-01-15,-0.0035719486784800297,0.000353323706125809,0.6313258169285547,0.001656613633625925,0.0,266.26047126137826,-8.556791870607496e-05,0.0016607438447814574
2010-01-16,-0.005466143248108148,0.00035158818387715835,0.6192114303790021,0.0,0.0,269.29123157206675,-0.00032409959299079444,2.575116411662748e-06
2010-01-17,-0.005424194374663683,0.0003498643636703491,0.604949204037194,0.0,0.0,266.8336941670563,-0.0002979977151094857,8.583063504374877e-07
2010-01-18,-0.004121013322455735,0.0003481519929433273,0.5936109180055321,0.00014344735418335866,0.0,266.14735054475886,-0.0002239908139079304,0.00014602691777008402
2010-01-19,-0.0026738780450686226,0.0003464545233774993,0.5887389102224577,0.000475123461525319,0.0,266.06610918134845,-9.31507155383374e-05,0.0004788177834042586
2010-01-20,-0.004050988767106654,0.00034477035541318905,0.5800797342131592,2.5030057140662847e-05,0.0,264.30382284965447,-0.00021178551060331742,2.6759338553889434e-05
2010-01-21,-0.0027364145985430918,0.00034308778700855495,0.5718819426053436,5.6678881752962456e-05,0.0,263.0780942776783,-0.00014458021075375337,5.75390239219881e-05
2010-01-22,-0.0022150222106841998,0.00034144672296815,0.5724348222693033,0.0020261647674323477,0.0,263.417333753769,-4.6049028971774435e-05,0.0020305516355674015
2010-01-23,-0.001081194455004008,0.0003397591033224332,0.6025937757474107,0.005185851564178359,0.0,262.2284218739655,-0.0001779053686449757,0.0051953467944349805
2010-01-24,-0.00206971143261861,0.00033812788920213946,0.6788624334245528,0.00467758316357257,0.0,258.65192619151316,-0.00021621119230985647,0.00468200928400336
2010-01-25,-0.0023917287672306858,0.00033648842472141073,0.6994656492761301,0.0002885925357287887,0.0,259.3548139906199,-0.00011148084333892595,0.0002905375372113482
2010-01-26,-0.0025312761634083123,0.0003348604097204694,0.6893184108698212,0.00036474224706154086,0.0,261.4926542113281,-4.3821394822355046e-05,0.00036962783248825897
2010-01-27,-0.00219538774194017,0.00033328534856354457,0.6930255782132769,0.0011555020629012652,0.0,262.7170283466634,-3.725066149638871e-05,0.0011605388532136929
2010-01-28,-0.0035939282700840364,0.00033168393676563846,0.6843438732197505,8.250360435011697e-09,0.0,261.27897295619584,-0.00014433600955595407,1.3045318425898937e-06
2010-01-29,-0.004898438472195535,0.0003301171259691487,0.6732752453360406,2.9530818179502325e-07,0.0,262.4864890858278,-0.0001818545972981022,2.1452162366837765e-06
2010-01-30,-0.004363651539983049,0.00032856361677417647,0.6621063864612758,7.031748523819918e-08,0.0,264.42427448409205,-7.849885940046634e-05,2.638569867485785e-06
2010-01-31,-0.0033439070744029544,0.00032701583231909803,0.6507929282897834,2.4401745890493446e-05,0.0,263.0974383488887,-0.00014949496309299255,2.8507756102393782e-05
2010-02-01,-0.0023370340129749926,0.0003254821492453753,0.6537472137623589,0.003134695991957929,0.0,262.19054460615314,-0.00018009764410681646,0.003138781532242908
2010-02-02,-0.004120075854204469,0.0003239641671126845,0.6692053153689972,4.7325077703443626e-05,0.0,262.60345290519876,-0.00011937544907385348,5.107275042436964e-05
2010-02-03,-0.0051849527379213755,0.00032244698475983183,0.6592121016507769,5.21540641784668e-08,0.0,262.52128886996917,-0.0001895284427508796,3.8863618101459e-06
2010-02-04,-0.0024496301756066793,0.00032096958093050514,0.6562366665195386,0.002915394823935073,0.0,265.14814789910326,-0.00017281264424492414,0.0029206924278121034
2010-02-05,-0.004216252200010807,0.00031946397433846687,0.6700375084598634,0.00026438035870675987,0.0,263.89012955631466,-9.463752204247114e-05,0.0002820923126068406
2010-02-06,-0.003113358707751258,0.00031798497094946395,0.6628024860963985,0.001237911545792542,0.0,264.42072904267104,-0.00014609916630269445,0.0012420585144849417
2010-02-07,-0.003484194435305515,0.00031653046607971197,0.6812346435087101,0.0018358257109835998,0.0,262.68045033169335,-0.00019618704136313694,0.0018441219343158905
2010-02-08,-0.003982911717756993,0.00031509456661461436,0.6752357267390537,0.00011417960043007372,0.0,258.19162249879423,-0.00031003973178439227,0.00011685157227440746
2010-02-09,-0.005077900522846287,0.00031363686262551,0.6682710521863231,4.2190491142919515e-07,0.0,257.3647654869238,-0.0001789995621742502,1.8456444134162305e-06
2010-02-10,-0.004305647086288969,0.00031221561175955216,0.6617852334922318,2.0928975552488858e-07,0.0,258.0538189020534,-0.00014540426811929477,1.4985853555646754e-06
2010-02-11,-0.0037221792390791037,0.00031081591285554705,0.6556699935999294,0.0003794500299092741,0.0,259.81859691713265,-0.00015473459442119815,0.0003821649793396427
2010-02-12,-0.0021973354584079677,0.0003094079635911069,0.6631693866966808,0.0033833894899672713,0.0,263.01402238533325,-3.847818148169814e-05,0.0033902391537758455
2010-02-13,-0.0013412723349312606,0.0003080114638064541,0.704663637667726,0.00841604888775928,0.0,264.4894274839125,-5.959233237525165e-05,0.008422758569106193
2010-02-14,-0.00588452997012327,0.00030659526418157896,0.7717338030396658,0.0016718152594768399,0.0,258.0878369785747,-0.0004005254704063222,0.0016767916083505958
2010-02-15,-0.0076569610059598085,0.0003052203163588788,0.7631320989289078,1.470879309594968e-06,0.0,257.1353693637022,-0.0002554566783588485,2.1749970553385908e-06
2010-02-16,-0.0056412833306075496,0.00030382886781530873,0.7530975054437382,2.4760657616254298e-05,0.0,261.494230705017,-0.00012646408720036687,2.8053852119428953e-05
2010-02-17,-0.0037019149226657413,0.00030246562203445007,0.7560025949711631,0.0035468938702580624,0.0,265.87686868441307,-0.00014686077770035148,0.003551113223837267
2010-02-18,-0.003637749891159899,0.00030103931992740956,0.8021391960187146,0.005173528198636858,0.0,263.08809212866026,-0.00036473843758389103,0.005178651460799772
2010-02-19,-0.0025462361715607724,0.0002996792732659033,0.8158627957274013,0.0013405178478882137,0.0,258.60465564476345,-0.00022004656283195414,0.0013463291744727874
2010-02-20,-0.0023614107131284512,0.0002983208261640732,0.8407007709510359,0.0020804069936275482,0.0,257.74579912390413,-0.0001856790918667438,0.002085457700075053
2010-02-21,-0.002791896630815194,0.0002969788797831131,0.8640097637858993,0.0015158666729253563,0.0,256.45830904068026,-0.00016788266978021396,0.0015204326581146758
2010-02-22,-0.003786173875385759,0.0002955855791178127,0.864856899570386,0.00028827853795498784,0.0,255.7443928296508,-0.00011738884331142835,0.00029140155194169384
2010-02-23,-0.005803409774424667,0.00029426358513912916,0.853170563721163,6.708887926602768e-05,0.0,261.5836903272151,-5.062217008596087e-05,6.787217943008337e-05
2010-02-24,-0.007371390985567017,0.0002929216387581691,0.8370938345986346,5.839230482187649e-05,0.0,264.4493641754553,-0.00026539764182884144,5.938537035451761e-05
2010-02-25,-0.005466319915265014,0.0002916012443391617,0.8442750632650661,0.005191929933041503,0.0,265.2667638092616,-0.0002793268968830001,0.005201647146064475
2010-02-26,-0.00690999551344726,0.0002902675483186366,0.8538144788724107,0.00022316961891233585,0.0,263.253826396389,-0.000309252922060126,0.0002256239150736518
2010-02-27,-0.007059028803628717,0.00028897695622201697,0.8359248561823212,4.314643851781296e-06,0.0,265.4608787098398,-0.0002602791613609778,7.131005411094192e-06
2010-02-28,-0.008030169343544266,0.00028768451200366697,0.8171793619791667,0.00031260091621996996,0.0,267.12364011071276,-0.00033968995919840485,0.0003207998086153988
2010-03-01,-0.006153331764337033,0.00028638061830552964,0.8004219356903249,0.00011649010124179605,0.0,265.37245791735177,-0.0002678036847609585,0.00011969185937066685
2010-03-02,-0.010678302812374245,0.0002851033278104276,0.7837560046639596,6.239187751112685e-06,0.0,267.7291659805959,-0.00029340509514687427,6.225149510270459e-06
2010-03-03,-0.010383879860578957,0.00028382073351218876,0.7660859246262948,0.0,0.0,269.0885943324777,-0.00041391323241641973,1.7106532368416083e-06
2010-03-04,-0.010265753304554244,0.0002825599437379568,0.7492609113847694,2.8126994095279673e-07,0.0,267.5775822677182,-0.0004303914436933684,2.879207417116327e-07
2010-03-05,-0.005700406507920411,0.00028129410272264215,0.7438332652866056,0.0030126492308694764,0.0,267.56458583120576,-0.00029771630310237746,0.0030542891913538464
2010-03-06,-0.007227255041989903,0.00028002640958559716,0.7572545628089691,0.001358220679948559,0.0,268.4976443238627,-0.00027934216636385625,0.0013734602793960798
2010-03-07,-0.011542509799286471,0.0002788036724941879,0.7437741841749059,6.758350100220935e-07,0.0,269.2177719647826,-0.00045702751136600633,3.099874252443262e-05
2010-03-08,-0.008849969901944286,0.0002775857340818071,0.7295177050229521,0.0009008732092919324,0.0,268.87974482606364,-0.0004111345078648821,0.0010629094204523684
2010-03-09,-0.00720527385082622,0.0002763297429866037,0.725065012211629,0.0024004149234901043,0.0,266.7335533134906,-0.00037179295878625863,0.002404461220159369
2010-03-10,-0.004872773326722916,0.00027511685581530556,0.7353391485699152,0.0009453532385960812,0.0,265.67530523540836,-0.00032006081004263995,0.0009479851035748499
2010-03-11,-0.007340179324823585,0.0002739287197253125,0.7435946419638654,0.0016382332407148543,0.0,263.5998403437843,-0.00042894933014939743,0.0016410626644656567
2010-03-12,-0.009112865785084202,0.0002727025309524967,0.7367214626736112,0.0,0.0,266.80601183932606,-0.00025036484844940534,5.9750105478509134e-09
2010-03-13,-0.01251453464314089,0.0002715308955833737,0.7259528381002825,1.6904820156636213e-06,0.0,270.1142040906429,-0.0004554830049559222,2.837736625509533e-06
2010-03-14,-0.006896422912845505,0.00027034941029413945,0.7192534538312148,0.0012500088472487565,0.0,268.83787952933164,-0.00044905048095237064,0.001262142025042442
2010-03-15,-0.010694050477386195,0.00026917617536534024,0.7140740863347459,0.00024464467571953596,0.0,268.6438427869434,-0.00038923240019439974,0.00024649258409231744
2010-03-16,-0.014309810295616841,0.00026801944115741104,0.7029305150953392,0.0,0.0,270.9357778940722,-0.0005203491382006198,4.410743663640915e-07
2010-03-17,-0.016167326119996734,0.0002668744089913234,0.6885218503560498,0.0,1.4175992395918248e-06,273.5730125154255,-0.0007150178712050794,0.0
2010-03-18,-0.005276175457878975,0.0002657094244229591,0.6850946861022835,0.006617115926271106,0.0,269.5422961204515,-0.0005803385402186442,0.006640526871223235
2010-03-19,-0.005819165942359106,0.00026458409209709384,0.7607493140154191,0.0049252341485629654,0.0,262.4572589069661,-0.0005709768120346771,0.004936296724330235
2010-03-20,-0.008976647746091509,0.0002634422590503585,0.7727469176671377,0.00013755855418867986,0.0,261.5839153225139,-0.00032818300575859804,0.00013996605135497382
2010-03-21,-0.01369771559191289,0.0002623203784058997,0.7635389999705744,0.0,0.0,268.36848879668673,-0.00042472720293507067,0.0
2010-03-22,-0.010588717241745212,0.0002612264479620982,0.7555947743791196,0.004529826322012703,0.0,268.661280705655,-0.0006402604923830869,0.004760034373822239
2010-03-23,-0.005186930214617886,0.0002601061668773156,0.8282507485140067,0.008538732673488768,0.0,266.4960955136689,-0.00040516705583717864,0.00861150837882931
2010-03-24,-0.010453161041615373,0.00025898748535220907,0.8507160538782957,0.000572188909949556,0.0,264.75185402907897,-0.0004035570358825943,0.000572817389574428
2010-03-25,-0.014189801773445756,0.00025790685650992534,0.8359747417902543,0.0,0.0,266.88357055074977,-0.0005360873794909252,0.0
2010-03-26,-0.009032800709460415,0.00025681637774753035,0.8524402108345105,0.007018302540994634,0.0,267.68082637391745,-0.0005607209036831802,0.0070466422979269475
2010-03-27,-0.009890537393295158,0.00025573734846492274,0.8704594901277072,0.001138370673535234,0.0,266.456667589378,-0.0006042975658750804,0.0011469618411833553
2010-03-28,-0.015979832974867634,0.0002546633704233978,0.8561593323328627,3.8557806930973033e-07,0.0,269.1544649695273,-0.0005956028330292406,9.414671504564879e-07
2010-03-29,-0.01636770106641586,0.0002536042935430667,0.8376533810028248,9.01351877525028e-06,0.0,271.7417193159546,-0.0008438470599762465,9.57422336792204e-06
2010-03-30,-0.021807014394951408,0.00025269582783435027,0.8197596203360407,0.007283875897610929,0.0,273.4155103033321,-0.0012525160518069725,0.009421290937014274
2010-03-31,-0.013913980564155149,0.0002515175416644684,0.8470360132709511,0.0019660552511107455,0.0,267.3670522722148,-0.0013604601845145228,0.002333204608088132
2010-04-01,-0.00348838894380688,0.0002504699142639246,0.8876562316089925,0.011789730881567057,0.0,266.5412708325575,-0.0002779752058161181,0.011814155948967335
2010-04-02,-0.009456117695334268,0.0002494422392656574,1.0074927263565208,0.008911465647193672,0.0,264.02873291044364,-0.000611863372647493,0.00891584225299291
2010-04-03,-0.004247482676627273,0.00024841296470771404,1.0260970695768596,0.006718208287226953,0.0,263.6228806842294,-0.0002975602671083084,0.006726665101028518
2010-04-04,-0.007354308235443246,0.000247378638908688,1.0731037951683144,0.0009625855896432522,0.0,262.0110502763882,-0.00043889110918435677,0.000968267941205515
2010-04-05,-0.006793761320706815,0.00024638901659324345,1.0570385604254944,0.0023953333328672723,0.0,264.32659522018866,-0.00026206705866560427,0.002426742193960254
2010-04-06,-0.00331635756344445,0.00024537784231584627,1.0657781970927496,0.006636973870339367,0.0,265.98585858318097,-0.00014951865130898644,0.006729703030241465
2010-04-07,-0.009065717542912329,0.0002443435165168202,1.145875402763065,0.008262478130853783,0.0,266.0560614770865,-0.0005335470787801986,0.00827414391723051
2010-04-08,-0.014772135617032564,0.00024334724340061684,1.1352444808586395,2.668318101915263e-07,0.0,267.4535739992074,-0.000542629557519646,4.9856718791396195e-06
2010-04-09,-0.006684444971003776,0.00024237917304712503,1.122862275261888,0.004965572539022414,0.0,266.7677530048033,-0.0004770270638209952,0.004999286772627234
2010-04-10,-0.012352553464598575,0.00024137624913016283,1.1343007922846047,8.883996535155733e-05,0.0,264.9364864112294,-0.000533758531098312,9.280882647228775e-05
2010-04-11,-0.015869322301304275,0.00024040152797591215,1.1058131216160545,0.0,0.0,269.9317457267345,-0.0005927892812227799,2.032159289557587e-09
2010-04-12,-0.019554616409843253,0.00023944330754253153,1.0694628354519775,0.0,0.0,274.19930961666364,-0.0010044669500936223,2.561742292073177e-06
2010-04-13,-0.013922980655047852,0.0002386806543264012,1.0366473009357347,0.008385566794602886,0.0,272.2125384156538,-0.0011438106444511711,0.011228471741837972
2010-04-14,-0.01658009683008248,0.00023754016827728792,1.060565266007533,0.000626655516483016,0.0,269.7380523142842,-0.0011741855513241334,0.0006385635349514131
2010-04-15,-0.016253395227052398,0.0002365901982043423,1.0359141893979522,7.031748523819918e-08,0.0,270.54279328470176,-0.0006824131623583998,9.314318703793804e-07
2010-04-16,-0.016294410378582737,0.00023563862857172045,1.0138557850753296,0.0,0.0,271.1866965536344,-0.0006106216934020237,8.52346317969932e-07
2010-04-17,-0.0163419780000455,0.00023676614976872158,0.9873918148981874,0.0,0.00014628521508752964,273.85148254222116,-0.000685921996453051,9.802610176975424e-05
2010-04-18,-0.015572498073685643,0.00026038171207837463,0.9557234194768127,0.0001737688178733244,0.0013251379237505002,273.9716007821753,-0.0006562136008409457,0.002420822728722836
2010-04-19,-0.019192032516002655,0.0002378282573937023,0.9240915761829095,-1.66270018970899e-09,0.00030652966118801785,273.96974883645265,-0.0009491439003728877,0.00014448068225995277
2010-04-20,-0.017683080066058596,0.0002695897036353074,0.8934360655014125,0.0,0.002482956159586287,274.1196727644926,-0.0008071799483676416,0.0014880724208153437
2010-04-21,-0.012835097262414837,0.0002861703183017882,0.8602042045521422,0.0,0.003051507144661273,274.41432292313226,-0.0006037520844552477,0.0018364694660395818
2010-04-22,-0.010056139806569633,0.000511009140876727,0.8244663389389124,1.5778393395202983e-06,0.0057823014798137435,274.9384414004741,-0.00028578665023301284,0.002972628740426727
2010-04-23,-0.0033869281158608907,0.0003526914591169627,0.8252569223752355,0.012886773563374237,0.0014738683815056323,272.7301221297959,-0.0003502950872068351,0.017908108074891196
2010-04-24,-0.016980471331520943,0.00022836214741744565,0.8724305463600519,0.00013787333069548095,0.0,271.11804932344654,-0.00114834089737154,0.00014670444180425832
2010-04-25,-0.012716067502390868,0.00022758779215947386,0.8857463254766951,0.006858264280241089,0.0,269.1448161238331,-0.0010452144542488003,0.007055543400971316
2010-04-26,-0.010474987622708251,0.00022680038786203848,0.9161032121733758,0.0014334339543250996,0.0,266.07375585696127,-0.0006143951599123114,0.0014600926515060185
2010-04-27,-0.0169208006417684,0.00022605263580710203,0.9116502894744587,4.11605009924894e-05,0.0,270.86449371668357,-0.0006333298265597242,4.259521331361437e-05
2010-04-28,-0.02650925024586209,0.00022541104400225278,0.8983161193502825,0.0014890512756708654,0.0,273.29282037910997,-0.0016690413651745872,0.002060836149474322
2010-04-29,-0.011330007538620363,0.0002246268388241698,0.8958705751235876,0.002786118453000225,0.0,265.83081166039307,-0.0010500621881946333,0.002792741956010377
2010-04-30,-0.004583112348270955,0.00022393709185433252,1.0065669690148307,0.020891901063548646,0.0,265.60451023008414,-0.00028534648192804414,0.020903381873556504
2010-05-01,-0.01044939437323371,0.0002232672972867718,1.1002475429613936,0.00394332958227497,0.0,266.1338544727045,-0.0006199245693656685,0.0039475863430905745
2010-05-02,-0.008081627893919327,0.0002225858006773696,1.1333283677612995,0.008689894703990323,0.0,266.9667610771912,-0.0003958905147293867,0.008748366502718737
2010-05-03,-0.013773149268775335,0.00022192425647024383,1.166802070459628,0.001720132211507377,0.0,268.8495973633732,-0.0005391689890858818,0.0017685358805714082
2010-05-04,-0.020680094506107482,0.00022138722535580566,1.1645275626029898,0.004491275902521813,0.0,268.79468511233,-0.0013243319140484105,0.005488971902780264
2010-05-05,-0.014579623306201677,0.00022065252234033272,1.159303137138065,0.0001535137199749381,0.0,265.1761441634873,-0.0008739119364043414,0.00015663553429188704
2010-05-06,-0.004761252026099943,0.00022001412965483587,1.2566292685528486,0.01990164020809077,0.0,265.28912622555947,-0.0003433062637087989,0.01992828285290023
2010-05-07,-0.008085967373039763,0.0002193658870492278,1.3375349888918315,0.001443774791929008,0.0,262.4506617364686,-0.00044813414898800985,0.0014465488282974159
2010-05-08,-0.01468501063221592,0.0002187407959652486,1.3186476540430792,1.3453307124854484e-05,0.0,264.1612402885423,-0.0005722695351236285,1.5170262882827567e-05
2010-05-09,-0.014867363381857254,0.00021816360748420327,1.295354753339807,0.0005950127744068534,0.0,269.86409776403855,-0.0004559760744878128,0.0008798369580069504
2010-05-10,-0.005248482365392697,0.00021755846880250058,1.3042114027924905,0.016436214732416608,0.0,270.2167992744518,-0.00033579151130328747,0.016879198241368527
2010-05-11,-0.00411244498639457,0.00021692672691776257,1.404155953904779,0.012699337855065612,0.0,269.1119770294305,-0.00034733820117294456,0.01289746222513878
2010-05-12,-0.004763714085190983,0.00021633808895692988,1.491472089806968,0.016845095418604083,0.0,267.73357299043187,-0.00044320911000677416,0.01722273988238836
2010-05-13,-0.010832228692574691,0.0002157377489542557,1.5192944657780134,0.0009646621548523338,0.0,267.27982346127044,-0.0004662237798342597,0.0010566368951621637
2010-05-14,-0.018069174456394325,0.0002151507105530992,1.4761716910899247,5.21540641784668e-08,0.0,270.4109942154247,-0.0005535697301397216,3.401648863560736e-05
2010-05-15,-0.017960206979075397,0.00021457192251237773,1.429609338217985,1.4063497047639837e-07,0.0,271.9574092031648,-0.0006361081038659576,6.855813796910862e-05
2010-05-16,-0.017967574382569157,0.0002140162859932851,1.3797285579243175,0.0,0.0,272.8058148615778,-0.0006530083252885248,0.0001558487361384078
2010-05-17,-0.022805832621067935,0.0002801281079060614,1.3229235632944916,0.0,0.003980581327683508,275.3780476988597,-0.0008460956672995778,7.130688862105539e-05
2010-05-18,-0.022853979872444932,0.0004599053139066966,1.254517751000471,0.0,0.008903945064814078,277.8742844784552,-0.0009463553416863674,0.0009090400347706962
2010-05-19,-0.0073024813233122324,0.0019839280574335217,1.190987394803437,2.218610317693592e-06,0.009859729958119366,275.80461531888744,-2.707641487572826e-05,0.0064840978016974145
2010-05-20,-0.0129756140338499,0.001026778150412996,1.131022365304261,0.0,0.011398218803654958,276.39185305952805,-0.00022222026972110664,0.0030466840260396674
2010-05-21,-0.013888563392526013,0.0002538623277750393,1.084866913473988,0.0005698851441259439,0.0013646037228363384,273.6684511475644,-0.0009604705613380099,0.0007751139880118936
2010-05-22,-0.014840982559710574,0.00024101357002042785,1.092662631679614,0.00630989397144587,0.0005570143713789471,273.3501420784356,-0.0010498450690154303,0.00901073417747035
2010-05-23,-0.020561504414526085,0.0002136633726163099,1.0953890985463748,7.387229615012132e-06,0.0,271.8743236060421,-0.001683390241558269,1.9689441443407013e-05
2010-05-24,-0.004407372346705636,0.0003454468007815086,1.1485788808704098,0.017687325844656952,0.0007966636432766241,273.43053357614644,-0.00013332816082878973,0.026286140370458184
2010-05-25,-0.011800470577794953,0.0002418887817253501,1.2842891139948212,0.017094707568991657,1.0724837160379875e-05,271.67225356021174,-0.0010609366736337965,0.01864285295629232
2010-05-26,-0.0220758395090615,0.0002605747536750837,1.271877482786017,0.0,0.0016885499159495039,275.017806974508,-0.0009002709540270144,1.787437213930019e-05
2010-05-27,-0.027814893693910485,0.0008977600241784996,1.2145557008445151,0.0,0.012505525586295262,279.3129838774658,-0.0009529241860586372,0.0002108335158195974
2010-05-28,-0.032097388542978104,0.002240807659881937,1.139441998440443,0.0,0.01600490009548974,280.3630727527281,-0.0012682342196756837,1.8530831493641017e-05
2010-05-29,-0.01095829049577821,0.001124690986622525,1.0696428374382063,0.0005555407770272702,0.008524935019049941,276.3820069343581,-0.00024894882772265184,0.0036105702488086187
2010-05-30,-0.015530394085046263,0.0003547018530678615,1.0705679051171142,0.003985169117396835,0.00019869300941962985,272.6555141118511,-0.0010686800578388119,0.005846221736595456
2010-05-31,-0.021660432135317962,0.0003608925699514185,1.0463280974134888,-8.31350094854495e-10,0.002710769868503183,274.9941471516525,-0.0011559004427096938,0.00011530299644685735
2010-06-01,-0.015456217241152533,0.0009774044577011282,1.0113169064854048,0.0,0.00505244157324403,275.74804164146525,-0.000655627677922195,0.0026095809571810903
2010-06-02,-0.01543214083728144,0.0015702142385439685,0.9766645700918081,0.0,0.009029112251128181,276.2060894436307,-0.0004937164327603276,0.0013623675552450938
2010-06-03,-0.015933984501213676,0.002485223830082996,0.9302934836982111,0.0,0.013189981233770567,277.5651021120463,-0.0003918127530375444,0.0008819141293599882
2010-06-04,-0.020400221485876096,0.0031393211608552666,0.8810605266448918,0.0,0.014948435927514978,277.9779422027243,-0.0006194765453284743,0.0010611702321558232
2010-06-05,-0.014139323416402784,0.002830561692431822,0.8275364877589454,0.0,0.01279167130084361,277.101273053559,-0.0003006729891913086,0.0033565436289505145
2010-06-06,-0.013250445957574467,0.0015494740110332684,0.7899940045315443,0.0,0.008948001989537041,276.43238685809064,-0.0004667862144819761,0.001546573295089958
2010-06-07,-0.010586261033675092,0.005067135486225624,0.7468057118791196,0.0,0.018125302205651495,278.3348993743207,0.00018035539946818758,0.004362086983519797
2010-06-08,-0.020936196049054466,0.002264721245415467,0.6976040195386065,0.0,0.010189500400575542,277.1371573288337,-0.0007695185894009759,9.49953235475357e-05
2010-06-09,-0.019029380322176184,0.0026397274038885946,0.6638875555408428,0.0,0.010569663770959876,277.2953232228195,-0.000744835852440131,0.00022998664338567837
2010-06-10,-0.012363045355357693,0.005200476632953364,0.6124260681497176,0.0,0.017187243148600314,278.6301032531509,4.419700721394545e-05,0.0021531230817406865
2010-06-11,-0.009630007932415117,0.0049559420111489165,0.5713718220338984,0.0,0.011037859855230245,275.95904193669844,-6.222219790442516e-05,0.0058717256547691325
2010-06-12,-0.005412669336728457,0.00342241990364204,0.5686016765242469,0.009867236902148038,0.002015009164641806,273.7637546884138,-0.00038573597321065806,0.012639254427279985
2010-06-13,-0.005862162232735737,0.0038133152460647843,0.6192049935263654,0.002894717284430892,0.002421195371507925,273.64899262465997,-0.00035273502080959115,0.006684813368395414
2010-06-14,-0.013865262017411702,0.004909252042824266,0.6164217444238466,0.0013992322324696234,0.006869208383358132,275.0651678634902,-0.0004161027823127596,0.0037604949231875144
2010-06-15,-0.02291156957715245,0.006027486027970826,0.5789820209510359,0.0,0.012084179784113405,277.9184839819784,-0.0006091356024903766,1.906978208466438e-05
2010-06-16,-0.024758725095603427,0.008235577136109779,0.5285350275129473,0.0,0.015447193851410336,280.45389898842564,-0.0012730965759121093,0.0019526586020733676
2010-06-17,-0.0283291500251172,0.0068249401904768876,0.48619938794726936,0.0015518168187410818,0.004789028421970412,277.08465016898464,-0.0019122495573792755,0.0037331853376593835
2010-06-18,-0.03420038904342274,0.0061934520464159,0.4795464409722223,0.0,0.001567943389974745,276.0060920248373,-0.0023686462003043147,-1.1920860742975492e-08
2010-06-19,-0.02294113154465196,0.0067003866036733,0.4575749341601931,0.0,0.007455018217449136,278.79028684540657,-0.0010693623594897614,0.00019113744719553803
2010-06-20,-0.02289135227937483,0.00941081201962832,0.4219936219985876,0.0,0.012074681577709434,280.6087100285819,-0.0010616312876848852,0.0036785001807617466
2010-06-21,-0.029935256530672822,0.007582418662680071,0.3873854240230697,0.0,0.010036399388043894,282.174430268857,-0.0017142442112925364,0.0004618986673599697
2010-06-22,-0.02404846659319549,0.006367593498553261,0.3619233039812853,0.0,0.006382000669416062,281.12633711963946,-0.0014695281867927077,0.001804409929485698
2010-06-23,-0.020549088674413286,0.006541600587677823,0.34394632400541436,0.0,0.0069478586484483405,278.9058894644125,-0.0014374745578247274,0.0021379423325339243
2010-06-24,-0.032417809054002926,0.007182144933501207,0.32135733911546616,0.0,0.008817894079085798,283.5585121434961,-0.0017943764473758847,1.219306993673746e-05
2010-06-25,-0.029060659688071342,0.008082437397396497,0.2951722225900424,0.0,0.010635532080958793,285.3797114779945,-0.0016263702326575244,0.0003250592847987302
2010-06-26,-0.023072776232062085,0.008880605131892835,0.268742045889242,0.0,0.00955141388342879,283.8523914387447,-0.0013682641415188543,0.0009650552110016092
2010-06-27,-0.0235655756909295,0.008580437319426888,0.24661099708686446,0.0,0.0078229670765373,281.10803629269935,-0.001505561514973304,0.001321285592622757
2010-06-28,-0.027861523005248464,0.010683445943950935,0.22357671992702452,0.0,0.010708359464750452,283.76806711746474,-0.0015644303359891062,5.043081635469753e-05
2010-06-29,-0.035915528566150344,0.013289505479025977,0.1951173254325565,0.0,0.011685965372260007,286.4624746469904,-0.0020110602306444097,1.1042686505506268e-05
2010-06-30,-0.03389386336008708,0.013166622421835777,0.16458457472634183,0.0,0.012567300086388483,287.45476445415375,-0.001971271983479376,0.0004416850999574067
2010-07-01,-0.033934565292576616,0.014271317733883184,0.13387527034781077,0.0,0.012749234730072615,286.6780235017536,-0.0019014657890729313,0.0011116446156286448
2010-07-02,-0.04520315298084485,0.02004822533009416,0.10421241429790493,0.0,0.011723806544885798,287.1745876089552,-0.002332093067846056,8.235786800555282e-05
2010-07-03,-0.02736726222233584,0.013143898656139267,0.07894914702507062,0.0,0.00858178147572582,283.2524450269796,-0.0014950875298114822,0.004257643913042801
2010-07-04,-0.009247669771229481,0.012485235087615624,0.06071699181967985,0.0,0.007270658672866176,279.3934082347346,-0.0019164291121023525,0.011104769289099968
2010-07-05,-0.025261991988804383,0.008493090500939365,0.04599567995233051,0.0,0.00411340449068506,280.15555030837123,-0.00199358718795965,0.00040052718857187927
2010-07-06,-0.007165361637786284,0.009752792406216853,0.036332354931732584,9.966719537805029e-05,0.0035057887645427795,277.8192139102914,-0.0024416407643906815,0.01219534826807254
2010-07-07,-0.01781241292670622,0.00779334485194104,0.031121492834863464,0.00013085835650142305,0.0025975574123657356,276.93436132312496,-0.0020776561193041883,0.0032489489195710523
2010-07-08,-0.02766515988077821,0.0075955109744422185,0.024584639094868174,0.0,0.0033211401416420264,280.2479363098432,-0.00216159672281668,0.0002938677362129513
2010-07-09,-0.03135900906587052,0.007139433491027962,0.016016498572857817,0.0,0.0034063299959999024,283.6121880698339,-0.002506120493477684,0.0
2010-07-10,-0.026910316809422557,0.006820582316420173,0.008696187911958569,0.0,0.0020688938682025437,285.01939138135896,-0.0025229794894066236,0.003511994991147392
2010-07-11,-0.022415836736307305,0.006312605856502124,0.004911318561676084,0.0,0.0011643095962745322,282.87511282452084,-0.0026764943248639675,0.003933889717705506
2010-07-12,-0.02725704788824933,0.0056716386376127696,0.002861180996939737,0.0,0.0007809309215195436,283.90525751419216,-0.003110501346951824,0.0016164021303410518
2010-07-13,-0.04441276361039804,0.005273548896703344,0.0013742680379001883,0.0,0.00041420326310362524,286.4726557722649,-0.003140815286397261,2.621228666183241e-05
2010-07-14,-0.036612660660918825,0.004914792159856377,0.0005406956214689266,0.0,0.0001477889800812565,283.1913743566883,-0.002598035449193696,0.0
2010-07-15,-0.032886932882885474,0.004590361973660141,0.0004956376530131828,0.0,9.729681631266061e-05,284.2057860243343,-0.002656109404808047,8.761881709062891e-07
2010-07-16,-0.03803129275303103,0.004291695895168067,-7.3453647229951e-24,0.0,5.253997899718204e-05,287.23670117150147,-0.0027822517858302528,2.1457671550706436e-06
2010-07-17,-0.04047263763045187,0.004026697348740142,-7.3453647229951e-24,0.0,2.5284345035499098e-05,288.8160585450139,-0.0029921304371397376,0.0003661105356192723
2010-07-18,-0.03805785352564128,0.003793609175978408,-7.3453647229951e-24,0.0,9.785895630464717e-06,287.5898497701814,-0.002964209691531914,0.000550687802535391
2010-07-19,-0.0346433263545656,0.0035825128440803056,-7.3453647229951e-24,0.0,3.669537225012052e-06,286.2532031280173,-0.0024753481381188675,0.0003666044348386681
2010-07-20,-0.02449527248150885,0.0034069937501250017,-7.3453647229951e-24,0.0,1.645210267460279e-06,283.40832436197,-0.00239781855400336,0.0015960081821431412
2010-07-21,-0.02367064066357532,0.0032533068778151175,-7.3453647229951e-24,0.0,8.279615539615438e-07,285.078387280193,-0.0021725483449165435,0.003010784474406014
2010-07-22,-0.022907486658985333,0.0030895426111706235,-7.3453647229951e-24,0.0,3.636472642758472e-07,284.8231518057556,-0.0026036569964414265,0.001801896845498019
2010-07-23,-0.032375507014619435,0.0029479376340316517,-7.3453647229951e-24,0.0,1.452126577075592e-07,284.89841863125736,-0.002558289806090169,0.0014031325966029572
2010-07-24,-0.02984836760718944,0.002812469409684004,-7.3453647229951e-24,0.0,6.580293852057161e-08,283.32577359474317,-0.0024712549438331765,0.000350239182591179
2010-07-25,-0.03644703345446937,0.0026892940540098205,-7.3453647229951e-24,0.0,3.300144174004679e-08,287.5817504243438,-0.0023818702863182056,1.2870044656665414e-06
2010-07-26,-0.03851647712921692,0.002576877505092298,-7.3453647229951e-24,0.0,1.4438130761270471e-08,288.9695444520135,-0.00233876126907808,1.8512091269142622e-05
2010-07-27,-0.02767594802682683,0.0025462121781656298,-7.3453647229951e-24,0.0,6.187770326258773e-09,287.3717338073501,-0.0025721592565545928,0.007146603892568875
2010-07-28,-0.026244671373380785,0.002417608085325209,-7.3453647229951e-24,0.0,0.0,287.25817999687126,-0.002535631711789444,0.004033607172403075
2010-07-29,-0.029655207811439106,0.0023114027950049795,-7.3453647229951e-24,0.0,0.0,288.14991081367106,-0.0030901843503033373,0.002536805021284284
2010-07-30,-0.030524485655086864,0.002243819041440716,-7.3453647229951e-24,0.0,0.0,286.8086966031464,-0.0025752113532211823,0.0037193640802109205
2010-07-31,-0.03386607197886807,0.0021405408611405367,-7.3453647229951e-24,0.0,0.0,288.4459204628867,-0.002922559020209447,0.0010611102290221022
2010-08-01,-0.03273962976905585,0.002060915033022563,-7.3453647229951e-24,0.0,0.0,288.8745284107445,-0.002506130227640187,0.00021056115290539416
2010-08-02,-0.033567022216522094,0.00199204683303833,-7.3453647229951e-24,0.0,0.0,287.2656192707702,-0.0024401646444184633,0.00016417907455722829
2010-08-03,-0.02619785146187928,0.0019709212800203746,-7.3453647229951e-24,0.0,0.0,286.2976319515997,-0.0024187914122127544,0.004312073005703856
2010-08-04,-0.023942083878032233,0.0018761184929454394,-7.3453647229951e-24,0.0,0.0,284.7165710391747,-0.002203541923587942,0.0011683724431833138
2010-08-05,-0.02688853013313423,0.001815883453282933,-7.3453647229951e-24,0.0,0.0,285.5286076360728,-0.002291529586717571,0.0006334503490646645
2010-08-06,-0.033441296278756895,0.0017578872920429641,-7.3453647229951e-24,0.0,0.0,287.21810621416057,-0.0022166545192400617,3.533084015375582e-05
2010-08-07,-0.0381544968586857,0.001707029207951605,-7.3453647229951e-24,0.0,0.0,287.7157078974665,-0.0023456024279617997,0.00017003161085030115
2010-08-08,-0.03812581641694247,0.0016568572507739741,-7.3453647229951e-24,0.0,0.0,287.04774482640846,-0.0021857999023155304,5.1978299917769135e-06
2010-08-09,-0.03628087363674143,0.0016107072601210602,-7.3453647229951e-24,0.0,0.0,287.19567869656953,-0.0020200221320498465,0.00012581631288690083
2010-08-10,-0.0361722410146126,0.001569645468798061,-7.3453647229951e-24,0.0,0.0,285.8407613786601,-0.002199741606574274,0.0007949740022696193
2010-08-11,-0.036047608502167094,0.0015252496057984522,-7.3453647229951e-24,0.0,0.0,286.55892867826475,-0.002108953409107392,0.0006563130576163361
2010-08-12,-0.03460783667146823,0.0014810781020902644,-7.3453647229951e-24,0.0,0.0,285.5041727867055,-0.001775356009602547,0.00017554083118485206
2010-08-13,-0.024622173295856198,0.0014485017222873235,-7.3453647229951e-24,0.0,0.0,281.648663536977,-0.0017494285363430359,0.0013202371570350088
2010-08-14,-0.008847677227804218,0.00153516923303658,-7.3453647229951e-24,4.2791367839958706e-05,2.2981242187279094e-05,278.67256408447156,-0.0033486959087730807,0.015013720962282371
2010-08-15,-0.017883855870551312,0.001386428283432783,-7.3453647229951e-24,-1.862645149230957e-09,1.1916456502036187e-05,280.0991070346868,-0.0019848903977854105,0.001673208490106873
2010-08-16,-0.022600232292029822,0.0013435323864726698,-7.3453647229951e-24,0.0,5.911383251685881e-06,282.138444731689,-0.0016629346093889013,0.0006891957086424997
2010-08-17,-0.027688498971825945,0.0013083243100656628,-7.3453647229951e-24,0.0,2.082837166759254e-06,284.2886534078422,-0.002103217009265544,0.00035099696968105535
2010-08-18,-0.03624582501117793,0.0012755802290587777,-7.3453647229951e-24,0.0,5.66749249474477e-07,286.98058656380005,-0.002244839671010015,0.00016499538872788842
2010-08-19,-0.039431349705841584,0.0012440762277376855,-7.3453647229951e-24,0.0,1.458966799375028e-07,287.3750117745552,-0.0021438828990452707,4.351138613856165e-07
2010-08-20,-0.034509868439981495,0.0012150430409921765,-7.3453647229951e-24,0.0,5.867858391023625e-08,285.67215932785007,-0.001901605140186299,1.2911351632283186e-06
2010-08-21,-0.037756864002532205,0.0011870216178355244,-7.3453647229951e-24,0.0,2.0226011168485308e-08,287.25051918317143,-0.0020910275700149563,1.718648206860962e-06
2010-08-22,-0.04421592381714428,0.0011611076566459095,-7.3453647229951e-24,0.0,5.1564752718823105e-09,289.6430028171863,-0.002195212527015115,0.00024909558350543967
2010-08-23,-0.028810670778239515,0.00117053184132118,-7.3453647229951e-24,0.0,0.0,283.003635492702,-0.00312120356928494,0.00546952161504845
2010-08-24,-0.028507096913911532,0.0011104109597071417,-7.3453647229951e-24,0.0,0.0,280.0298172507134,-0.0017231246719589342,7.300777629566742e-05
2010-08-25,-0.03217332515507768,0.0010859902295689125,-7.3453647229951e-24,0.0,0.0,284.1050355807088,-0.0017822332638131697,0.0
2010-08-26,-0.036518826870258245,0.0010625301612972539,-7.3453647229951e-24,0.0,0.0,287.73150258683893,-0.001853248867400959,3.008924011282943e-06
2010-08-27,-0.03303895280354441,0.0010419682425967718,-7.3453647229951e-24,0.0,0.0,287.93702104356555,-0.0016684713852355036,0.0003991707906884662
2010-08-28,-0.026637333682027912,0.001033934496216855,-7.3453647229951e-24,0.0,0.0,285.33697336272337,-0.002244598295350196,0.0025362895201828523
2010-08-29,-0.03218889703689996,0.001003759981548719,-7.3453647229951e-24,0.0,0.0,284.6164756386967,-0.0019348404543884732,0.0010238789232387482
2010-08-30,-0.018344087873475027,0.0010664784638895154,-7.3453647229951e-24,0.0,0.0,281.6186343370858,-0.0022999930042920816,0.01036673666382321
2010-08-31,-0.020306608266076127,0.0009687845989809198,-7.3453647229951e-24,0.0,0.0,277.09422611875954,-0.0017789836110031537,0.0012894222291849429
2010-09-01,-0.023174197660327633,0.0009591627424046145,-7.3453647229951e-24,0.0,0.0,278.6301964150984,-0.00169673471548463,0.0022194692812396986
2010-09-02,-0.01909432896954865,0.0009556070054318272,0.0030678499440913378,0.0006226342024102723,8.402882659502622e-05,276.06968507569167,-0.002120683043353302,0.004231386602261646
2010-09-03,-0.025132625958340316,0.0009108340672853976,0.003212449240819209,0.0,0.00020351989121086855,279.486050022075,-0.001562599524182115,0.0
2010-09-04,-0.02943729137801855,0.0008968677224412478,0.0018551928848870058,0.0,0.00015386128745510083,283.5218013037845,-0.001719130908196929,0.0005276675614706137
2010-09-05,-0.02831126021294944,0.000878955684812729,0.0006133401012241055,0.0,6.439389482056354e-05,283.2337543861117,-0.001707991206292379,0.0004513970202417966
2010-09-06,-0.021301230089475882,0.0008700542194021626,0.0026377302554143126,0.0011162631908210657,6.9502762145241775e-06,275.00692633720445,-0.0016933116367307763,0.0028568703239246957
2010-09-07,-0.024869762108487597,0.0008494502070259914,0.0069706516301789095,0.0,0.00034887613044620237,276.89163275178095,-0.0014436746826448012,8.583068833445395e-07
2010-09-08,-0.028762247266068977,0.0008364112700446178,0.004309702727754237,0.0,0.0003807981009200468,282.98037170869935,-0.0016871343056360883,0.00022658658556216161
2010-09-09,-0.02864719144368576,0.0008255321595628384,0.001936573093220339,0.0,0.00018503592681076567,282.1906595104383,-0.0017075011622434283,0.0011734406153311265
2010-09-10,-0.017719788066411425,0.0008311634514964908,0.005642361111111111,0.0021476429376730143,0.0004885105132046393,276.4170314695426,-0.002168121668746916,0.005857768099095835
2010-09-11,-0.02345090767758041,0.0007955112026236152,0.01118219235522599,0.0,0.000424317331553179,276.96098119301087,-0.0013947695662072824,1.228327131540762e-05
2010-09-12,-0.026384629267083723,0.0007832589122535146,0.007475714674552731,0.0,0.00048741507791193195,279.94915057396037,-0.0014637932339209624,1.275539318612573e-06
2010-09-13,-0.02787873889766844,0.0007689679409824523,0.004235678922434087,0.0,0.0003120664738665867,282.03989995176966,-0.001443654951234322,2.5652929785615095e-05
2010-09-14,-0.026333080383680638,0.0007558999593648533,0.002618879472693032,0.0,0.00018349378290822952,281.8256129212748,-0.0013707040593364818,0.00012058255362645381
2010-09-15,-0.013889802209401534,0.0007841209065442706,0.001350129840513183,0.0,0.000129932790236958,279.98116264055903,-0.002262828534858375,0.005539466255674666
2010-09-16,-0.025032502446470963,0.0007312389585257924,0.0005406956214689266,0.0,4.429146016048173e-05,281.25469225005247,-0.001458747528156655,8.294513128666077e-06
2010-09-17,-0.021563148515372627,0.0007215235698021065,-7.3453647229951e-24,0.0,2.1558044488820653e-05,281.00496386583694,-0.0012272076081421418,0.0003299427888811863
2010-09-18,-0.01938959160598658,0.0007256818356487037,-7.3453647229951e-24,0.0,1.5154744019616124e-05,280.3755233786201,-0.0017055720406568657,0.001998271767371853
2010-09-19,-0.031865220327498556,0.0006981931500515695,-7.3453647229951e-24,0.0,6.356871144919746e-06,284.2735022241338,-0.0015898529271789863,0.0
2010-09-20,-0.03663829516219554,0.0006875671909353828,-7.3453647229951e-24,0.0,1.42491301574276e-06,283.93921732857626,-0.0015331039541942924,1.7359907360514626e-06
2010-09-21,-0.023967170403838833,0.0006774572160957897,-7.3453647229951e-24,0.0,9.905694231475142e-07,279.0871407388518,-0.0011602479722456073,0.0
2010-09-22,-0.021872656914473928,0.0006678932804172322,-7.3453647229951e-24,0.0,8.346334015582242e-07,280.1848483076653,-0.0011230575836310953,4.0072758319014216e-05
2010-09-23,-0.01098251620591697,0.0006707879783070021,-7.3453647229951e-24,0.0,5.795562503028051e-07,278.0695391940532,-0.0016095995545218895,0.002288140650286915
2010-09-24,-0.022178342955260628,0.0006504170807067958,-7.3453647229951e-24,0.0,1.5817750981972042e-07,278.7239203731443,-0.0010701036554271893,0.00018019705964310935
2010-09-25,-0.02052442889429082,0.000640529613036894,-7.3453647229951e-24,0.0,2.1965532316326422e-07,280.64146699923356,-0.0010797520310191786,8.656098771098186e-07
2010-09-26,-0.02658772506451203,0.0006316306732468686,-7.3453647229951e-24,0.0,1.1829375210454909e-07,284.9362618074579,-0.0012357128615685777,0.0
2010-09-27,-0.026432976758075974,0.0006228360415852003,-7.3453647229951e-24,0.0,3.466414192975578e-08,284.43797121568815,-0.0011713025765230428,4.4107436991680515e-07
2010-09-28,-0.026887198373422787,0.0006142827750599318,-7.3453647229951e-24,0.0,1.8563310978776318e-08,285.46612748542975,-0.001169372744605703,1.293420723413874e-06
2010-09-29,-0.021244637205102352,0.0006059197719487767,-7.3453647229951e-24,0.0,5.1564752718823105e-09,283.8989777286623,-0.0009473735245607667,4.351138045421976e-07
2010-09-30,-0.02159517363639875,0.0005978992429830261,-7.3453647229951e-24,0.0,1.031295054376462e-09,282.0604028971182,-0.0009508833268099587,8.583068797918258e-07
2010-10-01,-0.017881992846558996,0.000591857200962002,-7.3453647229951e-24,0.0,0.0,281.7657919810092,-0.0009373067957112346,0.0003591412540533312
2010-10-02,-0.02301425377359498,0.0005833685903225915,-7.3453647229951e-24,0.0,0.0,282.24463485099955,-0.0010331901537496493,0.0001882349866862744
2010-10-03,-0.024758754729551115,0.0005748618794026349,-7.3453647229951e-24,0.0,0.0,282.6437675490443,-0.0009871626346461518,2.148928949492655e-06
2010-10-04,-0.02569659176350987,0.0005675710022112745,-7.3453647229951e-24,0.0,0.0,283.0344073408741,-0.0009762869863691977,3.571974985920013e-05
2010-10-05,-0.02147384594052525,0.0005695076480423664,-7.3453647229951e-24,0.0,0.0,281.87642682249714,-0.0008490283652550757,0.0014229851334390733
2010-10-06,-0.013803165847972289,0.0005771497548636744,-7.3453647229951e-24,0.0,0.0,280.71155513612564,-0.0017144561055942443,0.003363163017219948
2010-10-07,-0.024478993678497058,0.0005465884835033093,-7.3453647229951e-24,0.0,0.0,282.18960948089205,-0.0009929686469041697,8.621215101811686e-07
2010-10-08,-0.016816612985511285,0.000546380624932758,-7.3453647229951e-24,0.0,0.0,279.39568388843713,-0.0010239259566122531,0.001301735487293763
2010-10-09,-0.0025942797883082244,0.0006235965901175462,0.01909538312146893,0.007164454982105622,0.0010116722245337602,274.25121909391186,-0.0014147756694905503,0.017426443638774637
2010-10-10,-0.010491415689894036,0.0005704217543036251,0.035743153027895484,0.0,0.0023233373623109807,276.6218700121576,-0.0011559412788368216,0.002041261108479311
2010-10-11,-0.008470089169545362,0.0005733755517140621,0.023285774187853107,0.0,0.0013654843541020055,276.67030880814895,-0.000885936689410506,0.0041533765819786635
2010-10-12,-0.011256147365448839,0.0005347240442610057,0.015950980608521657,1.147557786629025e-06,0.0002469320039627916,273.42253761507027,-0.0012885398299848968,0.0016846675656259935
2010-10-13,-0.01496320474619246,0.0005123994949847292,0.014406825638535783,0.0,0.00019986441327353658,274.06689753415674,-0.0007799651347479578,1.7124297073678463e-06
2010-10-14,-0.015475882901310248,0.0005116616770372552,0.012103351945032956,0.0,0.0006241868697317307,278.3421311387459,-0.0009695745604691532,1.2874602930423862e-06
2010-10-15,-0.019600201419181073,0.0005015419364649025,0.007870661561322975,0.0,0.00024110322954964505,279.34184971681873,-0.0009714033412562926,4.410743663640915e-07
2010-10-16,-0.013918068870312751,0.0004997596902362371,0.006516163856520716,3.397683639310848e-05,0.0001777228662523173,275.9672855046734,-0.0009891405480645472,0.0007569639604135069
2010-10-17,-0.01165083492711439,0.0005050381529802657,0.0051929308645244825,0.00011620371691924704,8.868721792590147e-05,276.0825753544235,-0.0011553350299344225,0.0023866845887392106
2010-10-18,-0.009255774445452933,0.0004946751951497827,0.01127851525717985,0.0009418248625124915,0.00017294697042575665,273.58433715188124,-0.0010436885690284989,0.002216941690155739
2010-10-19,-0.013147903701006358,0.00048008418015841047,0.010745865701506593,0.0,0.0001714984533813714,274.70051054227156,-0.0006714477861500056,2.1474043023772538e-06
2010-10-20,-0.013688006811896285,0.0004771212905140247,0.008752740260122412,0.0,0.00034013954596330895,276.33026198478746,-0.0007471509782944695,0.0
2010-10-21,-0.01622074960315295,0.0004717948409797108,0.006662832141596046,0.0,0.00029789565899277816,277.4369399147968,-0.0008011787109034884,8.52346317969932e-07
2010-10-22,-0.015184688997470726,0.00046564335540189586,0.0047218911840866285,0.0,0.00017794151132726401,277.35473352636996,-0.0007161448399225871,1.2893116263512638e-06
2010-10-23,-0.010460085367078835,0.00046465676383110094,0.0035207285045903954,2.60770320892334e-08,6.065915449190948e-05,275.77627834672086,-0.0006276233132276158,0.0007182602235782001
2010-10-24,-0.009764362989509175,0.00045797649749928284,0.0034662451447740115,6.426675087314541e-05,9.681629595783471e-06,273.5434414204456,-0.000773410449635848,0.0006043250951389809
2010-10-25,-0.00830890608709411,0.0004658647681360191,0.0236345136681968,0.007216743935467833,3.3709773067700665e-06,271.10580918119905,-0.001128712227031336,0.009522100643248136
2010-10-26,-0.006004665404726556,0.0004464240565811847,0.08216688368055557,0.007627900037388343,0.0,265.9483119943048,-0.00045430420313851316,0.007710508724385477
2010-10-27,-0.007052324712276459,0.0004423426537863953,0.1126630822592985,0.0037732732582226986,0.0,264.7268088173732,-0.0005745929008149832,0.0037819835088225007
2010-10-28,-0.010853014675910867,0.0004579422332472721,0.11690358882121,1.4396037085581635e-07,0.0017582712179355032,266.79061637490486,-0.0005697253670564479,1.3571001042080467e-07
2010-10-29,-0.011578333032669995,0.00044975450820168534,0.1009250217013889,0.0,0.0013658877062258747,273.4202829601625,-0.0006486561864951237,8.583068620282575e-07
2010-10-30,-0.010566545618792712,0.00045094954765449133,0.08711521414489172,0.0,0.0017244434878651036,271.49952846462446,-0.00046087798299425744,1.2904405366498395e-06
2010-10-31,-0.007799741196430337,0.0004355053780442577,0.07649923493408664,8.92698680613674e-05,0.0006386464787910214,272.0284988669128,-0.0005323725757794192,0.0005662318675855323
2010-11-01,-0.008260668839438488,0.000435291878921164,0.08435587335216573,0.0022789967262138756,0.0009807823699409678,270.8841947674078,-0.0004758198277256583,0.0024433448657127962
2010-11-02,-0.008938865473041428,0.00045450882049603657,0.07612129972928439,0.0,0.002839306748266948,273.8498662959385,-0.0004035477857973616,8.681601621390522e-06
2010-11-03,-0.010178549436189361,0.00042886569001580367,0.05818661907073917,0.0,0.000980226080969902,272.88378975934677,-0.00046198176335817006,3.2126585490510936e-05
2010-11-04,-0.011493771005485019,0.00042586567374946035,0.050051127000941616,0.0,0.0010079470289460683,272.7431016983061,-0.00037100353399239025,8.52346317969932e-07
2010-11-05,-0.012573763896516488,0.00042520977009487693,0.041566205788017896,0.0,0.0012136002171174282,274.26890519064926,-0.0005052702575080139,2.1457663024193607e-06
2010-11-06,-0.011805359337289456,0.00042194860466456013,0.03288725944562147,0.0,0.0012077092072047756,276.6277130328105,-0.0005758605308115146,1.7112461137003265e-06
2010-11-07,-0.01234385350161353,0.0004101056331968577,0.024643490318973636,0.0,0.0005339565502721711,276.2952878776019,-0.0006802767978212928,2.147324551060592e-06
2010-11-08,-0.009583161922834687,0.000403041388355406,0.020892644332627122,5.639900090330739e-06,0.00022397628106639886,274.2307838432758,-0.0004123257273166194,2.4792048242137003e-05
2010-11-09,-0.004187771113915633,0.00039960805979152186,0.04194666975635594,0.00563238726371089,0.0,269.40033385713224,-0.0004193298202955117,0.0060895067655434044
2010-11-10,-0.004989271488903606,0.00039808165892369333,0.059135595059439744,0.00082279757549197,0.00030602111696860214,264.4932274432281,-0.00025931848897098824,0.0008275211261936657
2010-11-11,-0.005598706124866077,0.0003939879647756027,0.06376438176789077,0.0006954177245918641,0.00020543363808238577,262.7707838105168,-0.00032021770369535115,0.0007002672738274612
2010-11-12,-0.006157331337026284,0.00039308421355856344,0.0594059428701742,9.441236823292103e-05,0.0003407568391938668,263.9745919179108,-0.00027289253128113725,9.440904283254161e-05
2010-11-13,-0.004074116295340371,0.00038593030918789446,0.07207757694797552,0.0036732069306117674,0.0,263.62029268153424,-0.0002623737005695785,0.0036884319142383476
2010-11-14,-0.00266030784380638,0.0003832390079390531,0.09774383717337572,0.003534111978307282,0.0,263.1280600014379,-0.00025709265432620454,0.0035376630597181175
2010-11-15,-0.0013423342741815385,0.0003805940097334695,0.1800387682438795,0.01440537901921461,0.0,265.2511937523966,-0.00020195824741306952,0.01442105354225426
2010-11-16,-0.0016843206380720195,0.0003780152669734201,0.2414746185705038,0.0069926134021268726,0.0,265.78095800324354,-0.00017508779163077727,0.007007643731671994
2010-11-17,-0.0035202034280798536,0.00037549612885814606,0.24904412738347456,0.0006591570537305822,0.0,260.98180702626144,-0.0002537299431649979,0.0006597355260687359
2010-11-18,-0.010398564786560793,0.0003730248933458059,0.24176749536546616,0.0,0.0,267.0164788671806,-0.0006483102711917318,4.261732051702438e-07
2010-11-19,-0.008065305566046871,0.0003706132624782412,0.23841642390536724,0.0008405369132925563,0.0,266.0631264329181,-0.0005684194949555532,0.0008442980421415258
2010-11-20,-0.001963222767673643,0.00036823808473382294,0.24057460863935973,0.0022450513548433445,0.0,264.4861065600552,-0.00020006082236430069,0.0022486451991184145
2010-11-21,-0.0024849759404268644,0.00036590255923190366,0.28005044653366296,0.003953729056369114,0.0,262.7344914452505,-0.00011128654945536523,0.003959826504903072
2010-11-22,-0.002248610269888646,0.0003635936369330196,0.33745452823387484,0.006102914106374407,0.0,259.4961563656335,-0.0001893149594129142,0.006106078961474748
2010-11-23,-0.003974325407696309,0.00036132756599598694,0.32740453227989647,0.00011818677102778593,0.0,260.08154190551994,-0.0002398371464956952,0.00012088343922027761
2010-11-24,-0.0014386579899464623,0.0003590963486224245,0.3564057718338042,0.004199456844457799,0.0,253.85904637927615,-0.0001965211125585319,0.004203889211681011
2010-11-25,-0.0033256398924326495,0.00035688668321081474,0.3641345927495292,0.0012824284491565942,0.0,252.92510229135866,-0.00020134995170569017,0.001285072066621403
2010-11-26,-0.003873855212313981,0.0003547597739656093,0.35440597965218934,0.0002088616628431331,0.0,262.09792526518106,-0.00017541423860916312,0.00021201243226503228
2010-11-27,-0.003925295620314819,0.00035260306239801617,0.34781763109110175,1.0410628918200564e-05,0.0,265.7621907882547,-0.00027499200071150307,1.162509460233699e-05
2010-11-28,-0.0016358114231777732,0.00035054240859834496,0.3488923555938089,0.0031539084295095026,0.0,262.80463564238755,-0.00014985155440488105,0.003157431493268902
2010-11-29,-0.0014885397533238947,0.0003484386508747683,0.4000324601282957,0.004658159941939985,0.0,258.5342696561652,-0.0001681380310637803,0.004663811986112595
2010-11-30,-0.0024838220685888816,0.000346409398957161,0.4013230490819209,1.150369644165039e-05,0.0,256.84342335846463,-7.897498096618276e-05,1.2652213918610385e-05
2010-12-01,-0.0019041715705462097,0.0003444115489216174,0.39785266596045205,0.0012377651229416586,0.0,264.6840266570758,-8.588549970401883e-05,0.0012400624442007852
2010-12-02,-0.003542614395672319,0.0003424419016487855,0.40101270082980234,0.00019200897570383754,0.0,264.63583354267473,-0.00015956158670833555,0.00019783030401063863
2010-12-03,-0.0019773633803351455,0.0003404789051767123,0.398830607786017,0.0034615728941004157,0.0,266.7660435678371,-0.00016990664420323185,0.0034674188174720643
2010-12-04,-0.0017831717844063281,0.00033854891014637925,0.42020302752766014,0.0005252372873368236,0.0,261.16535376784043,-0.00012755001984578743,0.0005334781050332385
2010-12-05,-0.0025156704382707845,0.00033664551831908145,0.4143450318532251,1.0843330857443944e-07,0.0,260.8628600887435,-0.00011201240753723405,2.6985783208434792e-06
2010-12-06,-0.004261865875141769,0.0003347519764118949,0.40733897753354525,0.0,0.0,263.35349681372924,-0.0001664989191175854,8.52346317969932e-07
2010-12-07,-0.003546777376010593,0.00033290313798828986,0.3989057810293079,6.865478504849019e-08,0.0,266.46526415334586,-0.00011140378034215864,2.2159120903445703e-06
2010-12-08,-0.0030883592737596588,0.0003310742519669614,0.391040866657839,1.0656645405763961e-06,0.0,267.3068794243305,-0.00016582424694535424,3.204862058398517e-06
2010-12-09,-0.004551537461200003,0.00032925681542542027,0.38227341359169026,1.4494115349936622e-05,0.0,266.7796106428301,-0.0003130579956591466,1.694760975795228e-05
2010-12-10,-0.001344751756070024,0.0003274742324473494,0.3838405573210923,0.005928791091266999,0.0,264.6350582647234,-9.666731591615302e-05,0.0059867233769376966
2010-12-11,-0.002170178428881586,0.00032572970215210135,0.46390419940266003,0.004958529972423941,0.0,261.02773950867737,-0.000216920718045558,0.0050186887605166396
2010-12-12,-0.0018979103046621979,0.00032396361989490063,0.48510052524717523,0.001978782358142616,0.0,263.8223528134621,-3.8739041251651315e-05,0.00198679626988023
2010-12-13,-0.005196572949657333,0.00032223904200192905,0.48655985169491534,0.0008357261533791064,0.0,271.0853573211843,-0.0003634321761164962,0.0008411598069843463
2010-12-14,-0.004142402802820261,0.00032054906511037363,0.4732328080861582,1.184671780483871e-05,0.0,268.28033766234665,-0.0001758683662293321,1.3674416682194641e-05
2010-12-15,-0.0029328924703732723,0.00031884923829870717,0.5121819735022364,0.011024442917041187,0.0,264.8655420831368,-0.0003043806948567515,0.011029535159567052
2010-12-16,-0.0012280505339978107,0.0003171874641698633,0.5817818219603343,0.0006211232709682596,0.0,256.1324224669606,-8.165021295432992e-05,0.0006342962783756459
2010-12-17,-0.0018246413792594005,0.00031554724200297214,0.5789073074829332,5.4868643229964095e-05,0.0,252.8059151751847,-5.3862888513311835e-05,5.586537937660002e-05
2010-12-18,-0.0019297551384753427,0.00031391527019651594,0.5718081486876178,5.877695683032107e-05,0.0,254.0630326603317,-5.094360791693973e-05,6.01963134808729e-05
2010-12-19,-0.0020372192822607224,0.000312284897949736,0.5670333833568738,0.00027944307542790127,0.0,261.98555374145513,-4.7052694789770635e-05,0.00028385486296211913
2010-12-20,-0.0055014208211737175,0.00031067792978663905,0.584334953581097,0.004442624916127846,0.0,265.82209523159685,-0.00038694651892124597,0.004469167462176523
2010-12-21,-0.0036795877214878966,0.00030905180900110365,0.5777045355902779,2.717020484687245e-06,0.0,260.2856668052027,-0.00024312643576308163,2.771447607352909e-06
2010-12-22,-0.002268526303229359,0.00030750179358121366,0.5662936050788607,3.0019525754249707e-06,0.0,261.34838527744097,-6.792950049295264e-05,4.1400763434004634e-06
2010-12-23,-0.0017491725120840774,0.0003059410021803474,0.5597146819091338,0.0012476498124289648,0.0,267.32484833309655,-2.318437574273449e-05,0.0012530527747003364
2010-12-24,-0.002861447337657045,0.00030441826346230377,0.548630651556615,1.646620405595855e-06,0.0,264.1649265720346,-0.00013565627784378786,2.4865911829132693e-06
2010-12-25,-0.0036433195158586664,0.0003029039013857222,0.537381791799082,0.0,0.0,264.3022941797691,-0.0001445234158618302,0.0
2010-12-26,-0.003949615241444044,0.0003014241403105569,0.5260508621704332,0.0,0.0,267.84253340611576,-0.0001985633872070555,8.583068051848386e-07
2010-12-27,-0.004424664597053312,0.0002999246793951692,0.5142350996056968,2.0703984855932035e-05,0.0,263.2670657055526,-0.0003327457813051461,2.156492680479578e-05
2010-12-28,-0.002556114126059969,0.00029848962180358544,0.5056812121145245,4.685468087762089e-06,0.0,261.68674411881443,-0.00014344421820451986,5.118809839507257e-06
2010-12-29,-0.002520057525338426,0.0002970215627702616,0.5033064732668315,0.001251829756518542,0.0,264.96342311650795,-0.00012464710316583934,0.0012554850112911806
2010-12-30,-0.0009906950306757694,0.00029558995686008435,0.5544500261152308,0.006708784460347925,0.0,258.50741381384785,-0.0002459725049340119,0.006712611381594232
2010-12-31,-0.000578112310945651,0.0002941548992685005,0.6572263326124059,0.0044471103550687355,0.0,250.86870959653695,-9.340531913574134e-05,0.0044510986170850095
2011-01-01,-0.001336906463076166,0.0002927746476426637,0.6886271388741763,0.00021547108551876694,0.0,251.53378739150457,-3.510682007013741e-05,0.00022031513300863344
2011-01-02,-0.0015781226720513598,0.0002913544912122738,0.6819006278689973,0.00037243823378773066,0.0,256.6507007182206,-2.9419375173116136e-05,0.00037814981511881114
2011-01-03,-0.001532951780294968,0.0002899973911080657,0.6899600271451272,0.0016144624579760988,0.0,256.8992409643256,-7.501548145618816e-05,0.0016175136221768221
2011-01-04,-0.0019544516663766854,0.0002885822859187584,0.6937789198593457,7.856784567321088e-08,0.0,258.3290448054082,-2.3044645786285404e-05,9.426626058722516e-07
2011-01-05,-0.0023000492046108354,0.0002872581872562904,0.6894276074770481,0.0016596958377940506,0.0,262.14264657762317,-8.319883928292216e-05,0.001665208989612541
2011-01-06,-0.003915005695011656,0.0002859010871520824,0.6808029146068739,9.037674231044317e-05,0.0,266.6852900869653,-0.00012032979688907074,9.381461278051305e-05
2011-01-07,-0.0029151186262820405,0.0002845687381291794,0.6725701800847459,0.003922684549611841,0.0,269.0014495023451,-0.00022278137841803884,0.003928351599885662
2011-01-08,-0.0025785560325040655,0.0002832347895466002,0.6675269060440209,0.002063174842525337,0.0,269.01450594311154,-0.00018037633581013328,0.002069380677347544
2011-01-09,-0.0013881365710732628,0.0002819239924856499,0.7341009739877591,0.009356054787834486,0.0,259.12116006179497,-0.0003493940773404251,0.009362594337010841
2011-01-10,-0.00046344177197601836,0.0002806198462254584,0.7992805437853108,0.001178329421133645,0.0,252.28800804511752,-0.00010043462622637129,0.0011838585834979736
2011-01-11,-0.0014547022049036403,0.00027932395032570186,0.8078420175670903,0.00045488116010434213,0.0,250.2120199365131,-3.739628456743423e-05,0.00045823431937227116
2011-01-12,-0.0020694657318336145,0.00027801980406551036,0.7977543200476694,7.198418432709862e-06,0.0,256.27028571234814,-1.590835761889226e-06,8.0587669362807e-06
2011-01-13,-0.0037191994277770914,0.00027677606222993237,0.7843406088159135,0.0006912142711844149,0.0,266.6761310886304,-4.84425700822119e-05,0.0006939803981170547
2011-01-14,-0.004070320876978212,0.00027550916887272554,0.75931987295492,0.0005416005513088852,0.0,268.0678947793562,-0.00018341138453806862,0.0005453967996678166
2011-01-15,-0.005446674333790601,0.0002742646272573094,0.7316878439118409,0.0006071085815375808,0.0,267.8697197226257,-0.0003307900565155482,0.0006104249707038696
2011-01-16,-0.002357819364906031,0.00027300678404037565,0.7213870405926318,0.003477957268050835,0.0,267.01623078973057,-9.532158110438094e-05,0.0035580064261004304
2011-01-17,-0.0032475824746708414,0.0002718167958286523,0.7395203441325329,0.009802291054005005,0.0,269.465871918673,-0.0001500935298995783,0.010028484278627332
2011-01-18,-0.0027964379912042347,0.00027058715537443004,0.7946402626971516,0.006151899716443262,0.0,265.71022160488786,-0.0003105213939301712,0.006409347579299135
2011-01-19,-0.0026879672192584325,0.0002693575149202077,0.8159710727842515,0.0037479956692221474,0.0,261.83843786882596,-0.0002919016248088772,0.0037691497893315557
2011-01-20,-0.002994173243220917,0.0002681741775092432,0.8264256709039549,0.0005881348782676763,0.0,257.716796303873,-0.0001297624634399926,0.0005909384220188459
2011-01-21,-0.003906361548240576,0.00026697433937740867,0.8681939478872411,0.008547432299724407,0.0,264.0207936561714,-0.00013075347484673485,0.008552836188379459
2011-01-22,-0.0020802108581456764,0.00026579765276720294,0.9034453713512242,0.009699739578921916,0.0,263.94306238537234,-0.00019435214120789438,0.009723680412710274
2011-01-23,-0.003481569936719992,0.0002646127157965623,0.9488992062441151,0.0004878322578082651,0.0,262.31682089538,-0.00010567011132752154,0.0004889683366040591
2011-01-24,-0.003961214827278914,0.00026345252990722656,0.9624623444120763,0.004531883797739859,0.0,261.54113135185173,-0.0002409790268978157,0.004535215217514901
2011-01-25,-0.0010128433337319369,0.0002622875453388624,0.9524415441825568,0.0024039293665670406,0.0,263.9893502811928,3.818056867115915e-05,0.0024096757172742404
2011-01-26,-0.004605435550549611,0.00026113241069060936,0.9657603118379237,0.002436820628110972,0.0,265.12018487862053,-4.6653846689199995e-05,0.0024378196498418794
2011-01-27,-0.006701520144265924,0.0002599921772035502,0.93701723605226,0.00043952488208894686,0.0,268.44997190127043,-0.0002842591654530353,0.00044195678941187866
2011-01-28,-0.007152336086593779,0.000258843693356056,0.9024437511034604,1.2984741373924212e-05,0.0,270.2807099329774,-0.0003533023225385591,1.6251054758459622e-05
2011-01-29,-0.006193654348621261,0.00025771171022943184,0.871525249014242,5.376806198540381e-05,0.0,268.025530547521,-0.00037886615905721315,5.547756639009485e-05
2011-01-30,-0.003164319458317622,0.0002566145806662781,0.8473164761358287,1.553382913945085e-05,0.0,265.1197152649616,-0.00023754863962952027,1.8010991339009822e-05
2011-01-31,-0.0011599809773224223,0.0002554825975396539,0.8695495950300143,0.0035235413092341134,0.0,256.14381045900046,-0.00033171842200944654,0.003529715958859341
2011-02-01,-0.000962083327904933,0.0002543854679765001,0.8879992238994822,9.424900267757265e-05,0.0,244.75005209109204,-0.00012024033730481304,9.882677409608487e-05
2011-02-02,-0.0026522155030299045,0.00025328328717226365,0.8831302046551318,2.203393453932078e-06,0.0,247.0643372867965,-4.1285950669461056e-05,3.065756559241331e-06
2011-02-03,-0.003305352971715443,0.00025219440796954483,0.8768289856991526,3.671886052115489e-05,0.0,260.2361719271558,0.00010383320646097433,4.2135688440049125e-05
2011-02-04,-0.00254469760562067,0.00025110552876682606,0.8683399265095338,0.0015440086944628572,0.0,265.87033384937354,6.016514837573478e-05,0.0015471177695594559
2011-02-05,-0.0023026248745325597,0.00025004805144617116,0.9139677863112052,0.014169499530630599,0.0,265.18534676862527,-0.00020499092837174734,0.014262070864602414
2011-02-06,-0.0021594523710046112,0.0002489525214426936,1.004065102327566,0.0038886240099446252,0.0,258.88170167955303,-0.0003265885394171807,0.0039018780666556065
2011-02-07,-0.0017617209314626488,0.00024790834572355625,1.0229140459480934,0.0037419280763399806,0.0,259.1758201405154,-4.1899434422369056e-05,0.003744531250246662
2011-02-08,-0.0018817995396037564,0.00024683436768203133,1.0617075774629237,0.001773307215696001,0.0,255.0494930317622,-0.00025610770440876146,0.0017785177891232325
2011-02-09,-0.003129888431163831,0.0002458066926837641,1.0544017497204567,3.829009115359204e-06,0.0,251.9214948197992,-0.00011175514151484282,5.759054646734441e-06
2011-02-10,-0.0025059772750078628,0.000244764116524303,1.0428869100164784,0.000660002968237225,0.0,256.5742020364535,-1.0162560363947335e-05,0.00066399968308666
2011-02-11,-0.004226438785340154,0.0002437364415260358,1.0376011045639126,0.0003968628154972853,0.0,261.87901953070406,-3.851747592795367e-05,0.00040244690761048887
2011-02-12,-0.007915378669224218,0.00024270211572700978,1.0146141842484702,2.658274550895907e-05,0.0,266.75408000191726,-0.000294195082943655,3.0505118730991334e-05
2011-02-13,-0.017272187323220032,0.00024168589020852988,0.9821361247204567,0.0,0.0,269.44419992306814,-0.0010327153107793318,-6.5329004428349435e-09
2011-02-14,-0.008991843773483556,0.0002406401149297165,0.9501576109345575,0.0,0.0,268.9364072400972,-0.0004718352824786289,0.0
2011-02-15,-0.011291999938124318,0.00023960898825004277,0.9233685796992703,0.0,0.0,269.07712317141664,-0.000599467653339192,4.351138045421976e-07
2011-02-16,-0.010390275279007391,0.00023862256505395064,0.8979724373970103,0.0,0.0,268.08446834585766,-0.0006378293037414551,1.284924337596749e-06
2011-02-17,-0.010658304612178588,0.0002376081916572011,0.8794609687647128,0.0009914677863740653,0.0,264.5208812110168,-0.0008825244813483988,0.0010131060403619108
2011-02-18,-0.007417133425251914,0.0002365935656983974,0.867841760092985,2.325315680881005e-05,0.0,260.42588313330816,-0.00045125085418507206,2.524995867772284e-05
2011-02-19,-0.0044662751636262675,0.00023562044410382291,0.8564818646274718,0.0016080848241256456,0.0,263.75982673918014,-0.0001850930163584187,0.001609813358824132
2011-02-20,-0.0009769473203831475,0.00023459436866523186,0.9326054632326978,0.009365046512609148,0.0,261.1570943627654,-0.0002616429017425257,0.009371341524742335
2011-02-21,-0.003973501760744106,0.00023361964751098118,0.9798448350694444,0.0008660897317915987,0.0,258.5829430811823,-0.00017099276100848357,0.0008697901236808907
2011-02-22,-0.00469561674668964,0.00023261832315369518,0.9691955221574861,0.0001541528913934352,0.0,260.2717572982702,-0.00017849178090270632,0.00015620715526584494
2011-02-23,-0.004419511489275486,0.00023166835308074954,0.9758546760975755,0.0017107959815674584,0.0,258.70765567858564,-0.0002840595625046283,0.001725869444701685
2011-02-24,-0.0019289710595782868,0.00023069363192649886,0.971578766846163,0.0008286307381708069,0.0,256.4768050565558,-0.00019839114514784623,0.0008350541699404098
2011-02-25,-0.003015670441301529,0.0002297535117736644,0.9904040320444916,0.0011684923606403803,0.0,255.06585215983424,-0.00012433179522638267,0.001173625665785815
2011-02-26,-0.005646183497488163,0.0002287952913402838,1.002234047640066,0.0013679527588146556,0.0,258.01695716628024,-0.0001910632728772648,0.0013722345400038894
2011-02-27,-0.0068784847771380594,0.00022783707090690315,0.9938953349370293,0.000152517278484032,0.0,260.61680208267245,-0.00037066923128177895,0.0001566244215615052
2011-02-28,-0.007362475166213043,0.00022690200199515132,0.9782018284339691,0.0,0.0,261.17605828969494,-0.0003443873503198058,8.58997118728768e-07
2011-03-01,-0.011183285654264656,0.0002259834338042696,0.9605333576094633,0.0,0.0,264.3456035513438,-0.0005354051672890362,1.2803027971131087e-06
2011-03-02,-0.011156407284871335,0.00022503851497240662,0.9414283192090397,0.0,0.0,267.3021834170527,-0.0004957405229409536,1.288683449729433e-06
2011-03-03,-0.007280031797912836,0.00022413644750239486,0.9230435186411252,0.0015538110487205161,0.0,268.0555374447236,-0.0004065076289119694,0.001692316138115468
2011-03-04,-0.005700369170830075,0.0002232378317137896,0.9539682276953861,0.005560941594300297,0.0,265.01375584144375,-0.0004466470530898558,0.005602990435992419
2011-03-05,-0.006749985960580536,0.00022230436236171403,0.9723700399452684,0.0008878205076786085,0.0,263.81499745571904,-0.00037946446804003526,0.0008913791582090019
2011-03-06,-0.002921793715091749,0.00022141239737386758,0.9873536535575567,0.004137742906640479,0.0,263.11858681500973,-0.00022625681118103075,0.004143978259652762
2011-03-07,-0.004912257699643151,0.00022051698070461469,1.016309145480226,0.002227668876701829,0.0,262.38945485777776,-0.00022130988875014636,0.002229712137292388
2011-03-08,-0.0043694680019960574,0.00021959521339438056,1.0056474186381827,0.0008808175722757975,0.0,261.96571309867335,-0.0002167666025754422,0.000885875901569646
2011-03-09,-0.0073826203154305275,0.0002186981971654515,1.0065232903719399,0.0011809273375629706,0.0,262.88750434415715,-0.00033134297273084947,0.0011866378245153266
2011-03-10,-0.010853321412525608,0.00021785918602162163,0.9924035943385123,3.2801496780524823e-06,0.0,268.4902900868217,-0.0003489328464124836,5.001233795941887e-06
2011-03-11,-0.01467879583774987,0.00021697867051356256,0.9751434038812382,0.0022801268361719315,0.0,268.7207092637172,-0.0009437486066319849,0.0023668833033837033
2011-03-12,-0.008321729125612874,0.00021610640536593852,0.9649003023481639,5.727675927560882e-05,0.0,265.0238395769942,-0.0005331749180700146,6.0358357203855166e-05
2011-03-13,-0.010448375916750418,0.0002152359923400448,0.947494133268597,0.0,0.0,265.8273866944394,-0.0004024591118013118,1.286133908706688e-06
2011-03-14,-0.008956810933048443,0.00021439352951480847,0.9302601499970575,9.310615938262078e-06,0.0,269.41765853105966,-0.0004096768354460345,1.0730772368651999e-05
2011-03-15,-0.010272628212042448,0.00021354121676946092,0.9160976948711158,0.0005309182077141132,0.0,268.68321454682143,-0.0004862200542442543,0.000578458690969684
2011-03-16,-0.009303765655574153,0.00021273200794801874,0.8989444021451272,0.0010789405491392493,0.0,271.39568522825084,-0.0004298460832928534,0.001604950276471801
2011-03-17,-0.008240238042537776,0.00021187464396158856,0.9233207630796846,0.006584168532810642,0.0,266.99612652335014,-0.0008749101353062074,0.006881851747593742
2011-03-18,-0.010558299551912622,0.00021103058157667602,0.92745598112347,5.271637254515611e-05,0.0,263.70577242863834,-0.0006255391185398157,5.314776105939984e-05
2011-03-19,-0.012698552618592472,0.0002102163215141512,0.9147022771745529,4.1176728104467445e-05,0.0,266.8782772057025,-0.0004900226495781187,0.00017889983899719954
2011-03-20,-0.015056975312152153,0.00020938716029043254,0.9002563706450095,2.216652961774061e-07,0.0,267.1684536008961,-0.0008495821391290192,1.0840998928443762e-06
2011-03-21,-0.01477106681651315,0.00020857290022790773,0.8869454191678438,0.00020241573200387473,0.0,270.34963030554707,-0.0008069649128253851,0.00027962845597563494
2011-03-22,-0.009672852432997214,0.00020779509328852942,0.8747439052201037,0.002594201557211957,0.0,267.86975022224385,-0.0008073944261686952,0.002843995383903805
2011-03-23,-0.007025614801773245,0.00020694597966253422,0.9093509537576506,0.003844964281145462,0.0,264.94408551088617,-0.00046363133032106417,0.003850976036766828
2011-03-24,-0.008237082784795492,0.00020615832280304475,0.9061495391213512,0.00038204914600835685,0.0,265.9591546821954,-0.0004172869195035622,0.000384498821037691
2011-03-25,-0.008237371379036015,0.00020539036578377763,0.8990469320121235,0.0007392720524537363,0.0,266.4293699174727,-0.00033172276818146143,0.0009014264324469225
2011-03-26,-0.00944135039202911,0.0002045843560816878,0.8991952095103578,0.0008852109733947926,0.0,265.7240479284312,-0.0005639880411537354,0.0009003214411766618
2011-03-27,-0.005758288974142344,0.00020379989834155068,0.8931933042019774,0.0037823631349256487,0.0,265.18492676399075,-0.00041358727477701373,0.0038433094247219577
2011-03-28,-0.004033235675197537,0.00020303859212304241,0.9311417689206686,0.004834528949301122,0.0,264.8002264342515,-0.00022630878634708753,0.004854338620330735
2011-03-29,-0.007888936727060437,0.00020224748358214646,0.9618483146480697,0.0012739573494862703,0.0,264.08457887509456,-0.0003561743108902948,0.0012789522860633554
2011-03-30,-0.006221670762630506,0.00020150772932559085,0.9607947398040254,0.003504972841780065,0.0,265.57715917396905,-0.0003485161137614547,0.0035320163782357364
2011-03-31,-0.006823737195319375,0.00020075812514892407,1.013992338306262,0.01276102466350895,0.0,270.7899764684185,-6.831602566996537e-05,0.013561706186009409
2011-04-01,-0.010442024991337189,0.00020009952749909654,1.0631634555967515,0.006775293793887069,0.0,271.48753173741915,-0.0006762648758999373,0.008645907717909518
2011-04-02,-0.01678194972754872,0.00019924376307234253,1.0551061253089693,6.962531788200983e-05,0.0,273.51878323168853,-0.0007694390744475996,0.0005445933459782282
2011-04-03,-0.008927568414453732,0.00020535382847327972,1.0436404815501412,0.0060947951203012204,0.0,267.1174326535672,-0.0013311786187739023,0.008197176867183785
2011-04-04,-0.006854796855799897,0.00019771449983456714,1.0655011825417846,0.0011014997917043288,0.0,262.03553337341424,-0.0004217369944951629,0.0011083459253439026
2011-04-05,-0.009069549330210284,0.00019695824485714154,1.0556153263300379,0.0011571050953056853,0.0,268.4954144357513,-0.00025229148650910224,0.0012172637950714175
2011-04-06,-0.010968969913862519,0.000196243241681891,1.0577197173669963,0.002466054833204733,0.0,267.1312240306043,-0.0006972700620522607,0.002616323607043054
2011-04-07,-0.013002672648362521,0.00019553488930739926,1.054081286414195,0.002449549755639276,0.0,268.4851583419771,-0.0007478363475220352,0.0029235899616428416
2011-04-08,-0.007510101980408707,0.0001948150874531202,1.0692104188735876,0.005137396397563698,0.0,270.05529172721333,-0.0004201515204152145,0.0057153087214561514
2011-04-09,-0.008041937514550268,0.00019409848471819345,1.0960771521157016,0.005145376074617192,0.0,270.5716220115762,-0.00048789688738557575,0.005591164200992907
2011-04-10,-0.010916499810366981,0.00019336192958099022,1.0995162705243646,0.0023683356699970484,0.0,268.4845386045352,-0.0007957779976018406,0.0024638179790832837
2011-04-11,-0.012815420826276144,0.00019264692640573965,1.0904616878531075,6.45491994370175e-05,0.0,268.9134830970549,-0.0004833157589964274,6.584618755576971e-05
2011-04-12,-0.006079913953603325,0.00019195852643352443,1.0840905830685028,0.006067917866390304,0.0,270.2400446638549,-0.000361328365775825,0.006336104647378455
2011-04-13,-0.011176652343428068,0.00019125017405903274,1.1346787274894068,0.00352695986291783,0.0,269.5154946896541,-0.0004917145680404652,0.0038163263244467803
2011-04-14,-0.00649857813608175,0.0001905468729256237,1.137678070930438,0.00813396291880958,0.0,269.65096759257347,-0.0004969857170083428,0.008338999293616863
2011-04-15,-0.010981353326032391,0.00018984012011080814,1.1629093838276838,0.00041240916750525357,0.0,265.346697816292,-0.000725021912048092,0.0004167527715907388
2011-04-16,-0.011492628667314172,0.00018917807077957412,1.1548656169079567,0.0029428627152564167,0.0,268.2912285045042,-0.00042329847517996863,0.0032641192949887554
2011-04-17,-0.007713767515737459,0.00018851787357007045,1.1775821894126648,0.009329955435573719,0.0,270.0340564318296,-0.00034495476780638186,0.010018478665008811
2011-04-18,-0.0036768142112904353,0.00018781777155601375,1.244770746895598,0.010427000664048277,0.0,269.0259365146443,-0.00036946297386440186,0.01083982967387485
2011-04-19,-0.005349940330968739,0.00018713257070315087,1.3503509923787664,0.012695705086666313,0.0,266.27703126091967,-0.0005125176308855498,0.012844597080961109
2011-04-20,-0.011634875867663132,0.00018644736985028802,1.3771216326065208,0.0006738611533816925,0.0,263.57710062806444,-0.0006395751494640685,0.0006771984578071206
2011-04-21,-0.0123086851195427,0.00018585662720567092,1.3526006723752355,0.0031633433901657494,0.0,268.88772168850943,-0.000391928458028594,0.004434145271441358
2011-04-22,-0.009385393795657292,0.00018513497322966154,1.3550252968308616,0.004226326753022308,0.0,266.6600931889593,-0.0007859476194795915,0.004269892381409467
2011-04-23,-0.0076360592229218135,0.00018447797513951016,1.3764708208274483,0.003906440915866088,0.0,264.6357305135206,-0.0004239816871066552,0.003920910722061469
2011-04-24,-0.015509024809646069,0.00018380102464708232,1.3708139767979048,0.0001542756996922574,0.0,265.6254617112729,-0.0005386336364567617,0.00015512741891180392
2011-04-25,-0.015182647285825114,0.00018317382887931866,1.344574606800259,0.00012116992877701583,0.0,267.6918997755607,-0.0005728698119857891,0.0003046649492343368
2011-04-26,-0.005449281573969093,0.00018251683078916733,1.3298305360610878,0.005313651857234664,0.0,267.6877202682352,-0.00029205863421919657,0.00536722360684244
2011-04-27,-0.010274063606383438,0.00018186303181836835,1.3578572821033428,0.0030716517887546518,0.0,267.64079765995126,-0.0005238458598400914,0.0030859921796532862
2011-04-28,-0.017847218166636883,0.0001812440864110397,1.3382956869409133,2.5306949339344e-05,0.0,268.9578001018747,-0.000885390392425707,3.440846488677838e-05
2011-04-29,-0.011092619286418637,0.0001806450934059876,1.3519466421698445,0.010520729788784254,0.0,268.3541164182674,-0.0008706937801871597,0.01086223246677318
2011-04-30,-0.008315892332354509,0.0001799830440747536,1.4387924280543785,0.010295156599943248,0.0,263.4870994266144,-0.0006061555701965667,0.010318881020673493
2011-05-01,-0.006053759679619203,0.00017935744786666614,1.505955697901954,0.00816826760179579,0.0,265.1156616210938,-0.00020542422488415985,0.008233515994018496
2011-05-02,-0.012263938489943576,0.00017872360129814364,1.5317637987729522,0.0023645732530766287,0.0,265.6607388031236,-0.0004406018750899929,0.002393615074865111
2011-05-03,-0.014876089316640195,0.00017812780741244388,1.49994919484169,4.8389205824857385e-06,0.0,269.83833643810897,-0.0005804205492223051,7.13163643281946e-05
2011-05-04,-0.012795692825384734,0.00017748731004316255,1.469221039680438,0.002739524058366226,0.0,268.2225541691322,-0.0007486892706256803,0.002757174230497072
2011-05-05,-0.018444561731007142,0.0001768915161574628,1.4530445393420435,0.0001479292362086517,0.0,269.1835453155575,-0.000697668152466669,0.00014902360021968924
2011-05-06,-0.01753034901484258,0.00017634707655610337,1.4210018869173728,0.000514061563769303,0.0,272.8727511030582,-0.0008496797017458469,0.0017032440094217982
2011-05-07,-0.01564948020850198,0.00017569832882638706,1.3868723149129003,0.0005634648062415043,0.0,273.8611307665005,-0.0006533981022019844,0.0008398416353620401
2011-05-08,-0.013288379809950705,0.00024821613468019305,1.339623287797199,0.0,0.004764820812112194,275.1865939088236,-0.00047744729550881575,0.002582173570157283
2011-05-09,-0.006561664243539176,0.00034294828856732215,1.2875882308586393,0.00037165466001478297,0.007258183875326383,274.7140004289128,-0.00010085894626244313,0.005521340315384237
2011-05-10,-0.004129772174493068,0.00029790182571626657,1.38105822776895,0.033883766981504734,0.0004713112688333976,270.87395073195637,-0.0008126915574578917,0.03883518357724664
2011-05-11,-0.00979002346258379,0.00017332340364402298,1.5007652958009652,0.0041463451070637355,0.0,270.7168266634034,-0.0006372155832116214,0.004263687586567255
2011-05-12,-0.010166480295402184,0.00017276246332179358,1.4719144027336395,0.00044222445474506106,0.0,272.5606254031654,-0.00035225084356668983,0.0005105040336009574
2011-05-13,-0.015555394445098725,0.0001799295851066288,1.423235934557439,3.4327392524245095e-08,0.0004788209489509885,274.01431548123986,-0.0005551906470946,1.71077116734564e-05
2011-05-14,-0.008603226709163796,0.00017501624290552518,1.3797345350017658,0.0008929268072890698,0.0002051766982859811,271.1405775425798,-0.0009068289013989902,0.001230808334733187
2011-05-15,-0.014321878594530506,0.00017116239852150956,1.3614122638594635,0.0004032320937531143,0.0,272.0328486383298,-0.0008438743366780928,0.0004991649662862706
2011-05-16,-0.02121772389795821,0.0001800720301051598,1.3270482065089455,0.0,0.0005188382698991205,275.8453065581241,-0.0011286209784658616,0.00016270889400762356
2011-05-17,-0.005169470641909347,0.00017643092715807556,1.3119232120262478,0.008475146640492023,6.813435988911128e-05,272.3799603061712,-0.0006005668139221978,0.010709594467933984
2011-05-18,-0.008801869542922005,0.00017123193727374753,1.3594232763947742,0.0028253092856730445,4.082876073438569e-07,271.53095763686014,-0.0006205406313562125,0.004731537763681789
2011-05-19,-0.004043500007545881,0.00017095622369798564,1.4070185142272835,0.02144459308793316,0.0,271.52312428533696,-0.0005349494927262856,0.023309033511250847
2011-05-20,-0.002677166992324894,0.00016877518198584436,1.5188075638535783,0.014816570206213808,0.0,271.063097635905,-0.00036333020944884936,0.01615717434613718
2011-05-21,-0.0022036900459709817,0.0002084885445018273,1.6257420771539548,0.020109661070808853,0.0006688343897714454,272.605016169575,-8.611759897005761e-05,0.02613132084146602
2011-05-22,-0.00856640817081861,0.0006461039101336636,1.6469335753589927,0.001292343256668856,0.009125670218198314,274.9639188439608,-6.376236866591341e-05,0.01062428959682163
2011-05-23,-0.009122462932672878,0.0017302788078448193,1.5786125915872178,0.0,0.008110981160974771,274.6934148497501,-0.00016883209263537566,0.005376213182837276
2011-05-24,-0.007234354056207475,0.0017951716810969986,1.5172450178760593,0.00026533607456643703,0.00862052775708969,274.71121762880944,-0.00011944317253632735,0.010876650948308957
2011-05-25,-0.005469398646704895,0.0011776843145068756,1.508574577374647,0.007003084919546958,0.005805092847953408,274.1405012522265,-0.00017435537219721045,0.01727676659308245
2011-05-26,-0.017314390105716254,0.0003908780840157116,1.4779746994909373,3.376965132136803e-06,0.0052815408230164635,275.93543972223716,-0.0008987305149183437,0.0006713739726031025
2011-05-27,-0.021618543540017084,0.00017312573174298824,1.4407892316972695,0.000861284086259745,7.393865682984477e-05,270.73588510646215,-0.0020478669248815986,0.001195471670668004
2011-05-28,-0.016077569775325432,0.00017184507375383106,1.4296111773187383,0.001748270676129282,0.0,270.63930837986834,-0.0010779643178743831,0.0022137761957901347
2011-05-29,-0.006221896679387928,0.00017426487079447945,1.4664761818061443,0.015207295384952578,0.0,271.00945860293405,-0.00042286821993562463,0.015700113755560574
2011-05-30,-0.005733775637917599,0.00017701830230863757,1.6206401817767186,0.020052391320130248,0.0,271.81531373076075,-0.00029773533996720774,0.022510331229244653
2011-05-31,-0.01473148356554872,0.0001791475687996816,1.6503786708451036,0.0005617948133224822,0.0,272.2921490390871,-0.0007936934030241212,0.0006113277316717207
2011-06-01,-0.029375140318426037,0.00036383946399904245,1.6029153884916434,0.0,0.004155929163519273,278.2408230991687,-0.0013010119230060255,0.0
2011-06-02,-0.03457678980746512,0.0005684478976632243,1.5325332325506122,0.0,0.00799911627072399,279.31515850275474,-0.0018292093638983152,0.00011607002740525931
2011-06-03,-0.026558170715967815,0.0001940474671832586,1.4867499687352872,0.0,0.00022645149443109157,273.02600303836687,-0.0021063356086780125,8.583068797918258e-07
2011-06-04,-0.024026067496019567,0.00019897150117798715,1.4570349282015067,0.0,0.000274351803259661,275.2183244960232,-0.0011285258362353859,8.583068797918258e-07
2011-06-05,-0.025482674481841803,0.002307046015383834,1.4091357789695151,0.0,0.013490481081150347,279.61624433226507,-0.0007321910806379077,0.0
2011-06-06,-0.02919589109339957,0.0037253945224029195,1.3356694510652072,0.0,0.019431074502441168,281.12760562501614,-0.0009483481773127944,1.9306595161222732e-05
2011-06-07,-0.02386340877767337,0.0016280200521824725,1.2677806559704567,0.0,0.0098243976632754,277.42814478901147,-0.0010389382819418853,0.0016657602315568653
2011-06-08,-0.011753574476740455,0.0020640351004519706,1.2314586459804615,0.0,0.00976947373000242,275.7097705079562,-0.00031416016593996415,0.002317190708984817
2011-06-09,-0.013956851920502335,0.0025574413396544375,1.2018663654219635,0.002326378546192148,0.00898641718309478,275.69625031566443,-0.0004278488436156074,0.00785835353773009
2011-06-10,-0.013409841153244517,0.00041929956546611034,1.1966605608521659,0.0028488463643243766,0.0013940834182467165,273.5490737167904,-0.0009175975949077284,0.0038602060012224706
2011-06-11,-0.018937092842692037,0.0012550989618409151,1.1745865241731404,0.0,0.006936350553217581,276.4242123461937,-0.0007789352971871021,0.00044645656973486575
2011-06-12,-0.016143828462072685,0.0024560680665538814,1.133083307585923,0.0,0.011088438689877087,277.1878731614453,-0.0004961662952088368,0.0009416932776822883
2011-06-13,-0.019050897472659076,0.0019971607095104153,1.0888356928996,0.0,0.011550396807112938,277.28971731685203,-0.0005570709926344581,5.471074985245528e-05
2011-06-14,-0.015890481992293214,0.0024689165717464386,1.046024645789195,0.0,0.009912256172484599,276.29795462039004,-0.0005258896340758115,0.0051240831275768065
2011-06-15,-0.02379784396307617,0.001714065839341805,1.0130284196239407,0.0,0.006870851720457024,276.6046987055834,-0.0011325029729954941,8.62132367274171e-07
2011-06-16,-0.018145113930863852,0.0020342371558065473,0.9733498208715868,3.4327392524245095e-08,0.009676116376610125,277.1296634781832,-0.0006788333951585038,0.0003391997625030366
2011-06-17,-0.01657065963846142,0.0021360334703477766,0.9626977493084982,0.0044585748412514815,0.004618004932578674,274.887497081146,-0.0008656450962952975,0.010869658397290882
2011-06-18,-0.02229022487240323,0.001965993878531591,0.9537912142478815,0.0,0.004231007611852582,275.90484678408524,-0.0011900091217567693,0.0003360238719572043
2011-06-19,-0.01330985255160574,0.002596524980782116,0.9254840053407487,0.0,0.0068991139404854535,276.24464492654175,-0.0006305686077155636,0.0028338014911073847
2011-06-20,-0.010236679455318021,0.0054979587005356614,0.8965425365613231,8.412147477521735e-06,0.013366196094091332,276.2510539627794,-6.398760140110544e-05,0.004931073235926656
2011-06-21,-0.018004503332625675,0.00445311958506956,0.8597607513830039,0.0,0.011519751495729058,277.0272016327709,-0.00043904628225807424,0.0011269469550773922
2011-06-22,-0.021848917428383047,0.008079876165605536,0.816173603754708,0.0,0.017154504918614352,278.8961125210405,-0.00034396716598737037,1.1706144128588753e-05
2011-06-23,-0.024985414103599595,0.012622857582097673,0.758278022378178,0.0,0.023188452325803417,281.316174562817,-0.00042990711912260223,0.0004657768237272218
2011-06-24,-0.024378766700372864,0.013281959345785238,0.6966322846780838,0.0,0.021492886930535745,282.1769233387518,-0.0004304210934261818,0.0004084143598087225
2011-06-25,-0.023448404366687197,0.013661842898460431,0.642457434013065,0.0,0.01609023521512242,280.80659883215384,-0.0006810088173649406,1.8573884841897252e-05
2011-06-26,-0.01853546382343702,0.013914181519362887,0.5962033604048965,0.0,0.01708385596672694,279.5465767172546,-0.0004426498534315724,0.0033872034651914115
2011-06-27,-0.021642109221321044,0.011897132642525064,0.5597068657309323,0.0,0.01262971321068241,277.38189906319656,-0.0005455250604509634,0.0006997417581099805
2011-06-28,-0.031118261780442493,0.015619345303982667,0.5152886744497411,0.0,0.02175495975603492,283.2852969304317,-0.0010013522022524796,8.52346317969932e-07
2011-06-29,-0.04128202076180507,0.016000199789381296,0.45228177230461397,0.0,0.023941616006826955,286.17177976188015,-0.002217854388942153,0.00021250419703203416
2011-06-30,-0.033266580710976816,0.017873609133359405,0.38839853865054147,0.0,0.025104346290483318,285.7090243395215,-0.0012341017313932969,0.0015129754434748826
2011-07-01,-0.010215696852422703,0.02125220977317142,0.34079870306614873,0.0,0.016859074328410426,281.90699231063354,-0.001011215813331685,0.009882896109153558
2011-07-02,-0.02572541616562396,0.02387299325506566,0.30515876956803206,0.0,0.01332796905926392,282.50107747596985,-0.0015367513448841829,0.0017743759271973375
2011-07-03,-0.034561336040496826,0.01585348708144689,0.27484717072740117,0.0,0.012748958574513258,285.9229100832607,-0.0017800338061179147,8.883134078864793e-06
2011-07-04,-0.027292674291605333,0.013842574957400395,0.24222175325153014,0.0,0.012114881774631598,287.8362028333876,-0.0013473421377314012,0.00012195657538828877
2011-07-05,-0.02698529410665318,0.013639618195382891,0.21656652763064974,0.0,0.011503858839051199,285.6066381630476,-0.0013568879941762504,0.00026934665475188005
2011-07-06,-0.022661779223188846,0.017841732434633762,0.18700482212217517,0.0,0.012772194956992307,285.52977194489733,-0.0013471432556371905,0.0063094136740852085
2011-07-07,-0.02456053805216558,0.02371921040917521,0.1568405812294021,0.0,0.013875376601508782,285.30839226070776,-0.0015735227540977258,0.00233300397802475
2011-07-08,-0.0285463145813026,0.015091207067845233,0.12568943289489173,0.0,0.013008375310123306,285.4766101334279,-0.0015218703360375713,0.0006575025124829601
2011-07-09,-0.034647297093087,0.011853464158241359,0.09941672919609228,0.0,0.008949768534824674,284.54274084877835,-0.002028805529961815,9.403535193766562e-05
2011-07-10,-0.033594890923823346,0.011098268089321375,0.08112135490230697,0.0,0.007379593443399096,284.20084087278434,-0.002108369338310371,1.0209416973146415e-05
2011-07-11,-0.027487439371771734,0.011295075133695442,0.06131148113818268,0.0,0.0096195588088305,285.31336595064727,-0.002043218930688618,0.0005167547928061726
2011-07-12,-0.024961655170230548,0.0109807824516027,0.04059102261358287,0.0,0.007659400376559652,285.31331150320744,-0.0019065127471240902,0.0022233807097720563
2011-07-13,-0.02265961392451141,0.01965950505208161,0.023460488759416195,0.0,0.006982731743384216,285.43824583078737,-0.002446045094080227,0.00953668746560851
2011-07-14,-0.03156516280046291,0.010077501336733501,0.011990477136299436,0.0,0.003301326732682643,286.1052009094009,-0.0026875621149853126,0.0005776282913330828
2011-07-15,-0.037088008166033,0.008251744222506291,0.006127883709981168,0.0,0.0016423651980141463,286.59902721340376,-0.003025782647105934,0.0004256396307110113
2011-07-16,-0.04086218534384744,0.007163668756431105,0.003086470839218456,0.0,0.000936019639510893,287.93018577058444,-0.0031031642666896862,4.287082795428887e-07
2011-07-17,-0.04657992977375365,0.006355337924876457,0.001419326006355932,0.0,0.000536165373810267,290.2113866105592,-0.003255339718218577,9.100052193628131e-05
2011-07-18,-0.03533647613505186,0.005739783415686614,0.0004731086687853108,0.0,0.00024175778620660643,290.5553595045417,-0.00315324958982104,0.0013640271236667527
2011-07-19,-0.03538315204408883,0.0052512953173642785,-7.3453647229951e-24,0.0,5.8693000994159686e-05,290.48336262532325,-0.0030659813076089333,0.0025230415460080076
2011-07-20,-0.04091674051547455,0.004812329165679587,-7.3453647229951e-24,0.0,1.65578209410953e-05,287.3854948715526,-0.003083530571416947,0.00012385950222518002
2011-07-21,-0.03651433543296857,0.0044656921241243005,-7.3453647229951e-24,0.0,5.235569288501631e-06,286.0281429829571,-0.0027458800139736994,0.00021414773607825147
2011-07-22,-0.03844350732147357,0.004171513568210064,-7.3453647229951e-24,0.0,2.7013195436553093e-06,287.2853735728003,-0.002759807558972284,0.00013547218109631932
2011-07-23,-0.028490228925721124,0.003918327264866587,-7.3453647229951e-24,0.0,1.1575760814429678e-06,285.09081123194005,-0.002066930813851667,9.665984200213552e-05
2011-07-24,-0.03400029233619992,0.0036949075042864705,-7.3453647229951e-24,0.0,5.639500200411694e-07,287.02069675495846,-0.002524984932088919,1.2874602930423862e-06
2011-07-25,-0.039683308725976675,0.0034938260155209042,-7.3453647229951e-24,0.0,2.4092315280504824e-07,288.797330432468,-0.002484916246333028,1.2695788313976664e-06
2011-07-26,-0.03652067882361385,0.003314762297323195,-7.3453647229951e-24,0.0,9.075396478512866e-08,289.1957751811112,-0.002420300554673551,0.00011827791433048888
2011-07-27,-0.03604987036373656,0.003156538147710811,-7.3453647229951e-24,0.0,3.300144174004679e-08,286.29353922684095,-0.002339027285323305,0.00047416402707387467
2011-07-28,-0.03193846555416194,0.003008908723707253,-7.3453647229951e-24,0.0,1.2375540652517547e-08,285.4643139524873,-0.002119324975094553,4.988622530705512e-05
2011-07-29,-0.03567493050280264,0.002874938276527965,-7.3453647229951e-24,0.0,6.187770326258773e-09,286.5532690073362,-0.0022160145427800168,0.0
2011-07-30,-0.04313606533121929,0.0027506076178308264,-7.3453647229951e-24,0.0,3.0938851631293867e-09,288.6380227909699,-0.0022044618598232838,8.583068833445395e-07
2011-07-31,-0.03649774480000728,0.0026347773560022906,-7.3453647229951e-24,0.0,-1.031295054376462e-09,289.9493520919886,-0.002033313931002792,4.370199039480686e-06
2011-08-01,-0.02493279898739131,0.0030087533980439614,-7.3453647229951e-24,0.0,0.0,287.9074658790775,-0.002348748882864155,0.015801167589122967
2011-08-02,-0.021994269458250813,0.0024435101760982795,-7.3453647229951e-24,0.0,0.0,285.1568383577854,-0.0026255238664436476,0.0013941592288496893
2011-08-03,-0.029544204599776514,0.002375974830261058,-7.3453647229951e-24,0.0,0.0,286.5995296686607,-0.002430690147277326,0.003722058211240445
2011-08-04,-0.02749424903406262,0.002299730302923817,-7.3453647229951e-24,0.0,0.0,285.5543934881351,-0.002964266212814946,0.004836010646685368
2011-08-05,-0.03056785750523799,0.002190571972879313,-7.3453647229951e-24,0.0,0.0,286.2514241967498,-0.0029102790322007434,0.0017953487270969456
2011-08-06,-0.02908212552636357,0.002103510465325609,-7.3453647229951e-24,0.0,0.0,284.69513250519776,-0.0022499679908745706,0.000289843836056253
2011-08-07,-0.03351241089193161,0.002049661373014504,-7.3453647229951e-24,0.0,0.0,285.7373974794722,-0.002641771251788247,0.0020769899511018145
2011-08-08,-0.02423612903908821,0.002031615982621403,-7.3453647229951e-24,0.0,0.0,283.91263105460706,-0.0029890220296584957,0.006872371765179823
2011-08-09,-0.020113682048132193,0.0019245197375615437,-7.3453647229951e-24,0.0,0.0,282.6831326062621,-0.0021346536080884397,0.002232663769608938
2011-08-10,-0.023579758144704636,0.0018538163375046296,-7.3453647229951e-24,0.0,0.0,282.49952130218907,-0.002045501623365839,0.0005315549292529741
2011-08-11,-0.033514462874434096,0.001802847378671506,-7.3453647229951e-24,0.0,0.0,284.5887330732328,-0.0022483544455746476,0.0010116665376732007
2011-08-12,-0.02590427787627204,0.0017522841186846717,-7.3453647229951e-24,0.0,0.0,282.38656526770296,-0.002375720005671857,0.001188829153845778
2011-08-13,-0.031006509722289397,0.001695244915067813,-7.3453647229951e-24,0.0,0.0,283.96305971810153,-0.002157933052397717,1.3149371694378788e-05
2011-08-14,-0.03299031356128596,0.0016523825246735483,-7.3453647229951e-24,0.0,0.0,287.63050916280224,-0.0023577252118769337,0.0006646637188731479
2011-08-15,-0.03185554324401974,0.0016078489311670853,-7.3453647229951e-24,0.0,0.0,287.12453258823314,-0.002211194322312956,0.0007172935763321354
2011-08-16,-0.030193364552858856,0.001563218438019187,-7.3453647229951e-24,0.0,0.0,283.8012466861704,-0.0018881912590504367,0.0003693835355969726
2011-08-17,-0.035800347472988284,0.0015205936243305098,-7.3453647229951e-24,0.0,0.0,284.645662469379,-0.0019678264372261236,0.0
2011-08-18,-0.03702915851342476,0.0014813906055385784,-7.3453647229951e-24,0.0,0.0,286.1445195867966,-0.0020785910619349132,6.556509788424592e-07
2011-08-19,-0.034275796495925236,0.0014441649792558057,-7.3453647229951e-24,0.0,0.0,285.03428719587026,-0.0018492697995934784,7.314080909004993e-05
2011-08-20,-0.02648982414081272,0.0014096405883293368,-7.3453647229951e-24,0.0,0.0,283.883463365659,-0.0016600371227931169,0.00027259847538619393
2011-08-21,-0.033568999987874326,0.0013736861068650156,-7.3453647229951e-24,0.0,0.0,286.89343148211753,-0.0018085589853383728,2.148226258213981e-06
2011-08-22,-0.039026711451805245,0.0013397496804005685,-7.3453647229951e-24,0.0,0.0,288.86388183493176,-0.0019239581447873413,1.4434887214129613e-05
2011-08-23,-0.03828727996955484,0.001306699073247317,-7.3453647229951e-24,0.0,0.0,288.5869671665343,-0.0018987055120747642,8.599150262565324e-07
2011-08-24,-0.0347461783784931,0.0012750809138777567,-7.3453647229951e-24,0.0,0.0,288.1551468340915,-0.0017321278619985125,6.135675227332323e-06
2011-08-25,-0.033697261143538916,0.0012450064137830574,-7.3453647229951e-24,0.0,0.0,289.56114691394873,-0.0015814535551320365,5.6372415485839156e-05
2011-08-26,-0.03518090704403355,0.001216527769121073,-7.3453647229951e-24,0.0,0.0,288.95168727221017,-0.0016771702169530135,0.00012712357471175733
2011-08-27,-0.03706253130557173,0.0011885134177019368,-7.3453647229951e-24,0.0,0.0,289.8203698641388,-0.001661351055832906,0.00012805168901330313
2011-08-28,-0.030119786954532237,0.0012265799072502697,-7.3453647229951e-24,0.0,0.0,289.24059700112787,-0.0018198316611644238,0.007927822186045139
2011-08-29,-0.02232838257894678,0.001635938461891002,-7.3453647229951e-24,0.0,0.0,286.0430620628113,-0.0031444201782598333,0.014285822349417216
2011-08-30,-0.03029799751811109,0.001117721452551373,-7.3453647229951e-24,0.0,0.0,285.46477011772197,-0.0022259406577059106,0.0008155096048412048
2011-08-31,-0.035783867293832,0.001097698585461762,-7.3453647229951e-24,0.0,0.0,286.98191779616195,-0.002399980553588962,0.0013795889895011077
2011-09-01,-0.023623516793641667,0.0010677780640327326,-7.3453647229951e-24,0.0,0.0,284.32018011348174,-0.0013887319598073341,0.00022286776094962985
2011-09-02,-0.024227093715788958,0.0010506999021196097,-7.3453647229951e-24,0.0,0.0,281.50966223664653,-0.0018918200916910575,0.0008567160805739927
2011-09-03,-0.025540737487838767,0.0010251475256041619,-7.3453647229951e-24,0.0,0.0,278.5335451259003,-0.001356497922607061,0.00011284365835329117
2011-09-04,-0.02544006094925821,0.0010046152408513646,-7.3453647229951e-24,0.0,0.0,279.21228320091234,-0.001461022033613954,2.131771523669816e-06
2011-09-05,-0.030071259092139663,0.0009848956166014161,-7.3453647229951e-24,0.0,0.0,283.63417258684694,-0.001586894078527467,4.351138045421976e-07
2011-09-06,-0.01666263516171504,0.0009755862634734247,-7.3453647229951e-24,0.0,0.0,282.77175371705255,-0.0014008621679945182,0.0017821709987457727
2011-09-07,-0.023448792091533967,0.0009540465086866907,-7.3453647229951e-24,0.0,0.0,281.9093953041034,-0.0017319150679444863,0.0010729297574580828
2011-09-08,-0.024839025138124908,0.0009323584157868295,-7.3453647229951e-24,0.0,0.0,282.7283134496369,-0.0015720520747330902,0.0003815493677969033
2011-09-09,-0.026054734395722215,0.0009129412766903808,-7.3453647229951e-24,0.0,0.0,283.07629643097215,-0.0013892368681855123,4.351138613856165e-07
2011-09-10,-0.025960302369742748,0.0008961338612992885,-7.3453647229951e-24,0.0,0.0,282.3385825220025,-0.0013449818190545012,1.7310661633018753e-06
2011-09-11,-0.027216798504867124,0.0008805241793562464,-7.3453647229951e-24,0.0,0.0,283.10640053111507,-0.0013909963838293054,0.00013356640972932257
2011-09-12,-0.02692858546467151,0.0008654671873749986,-7.3453647229951e-24,0.0,0.0,283.6187382965663,-0.0013695403270549695,0.0002833535778993941
2011-09-13,-0.021900275669528943,0.0008702451563150869,-7.3453647229951e-24,0.0,0.0,282.5669222255211,-0.0013094755510489149,0.002697530607719206
2011-09-14,-0.006043020488515413,0.0009456829162640762,-7.3453647229951e-24,1.59745709707508e-05,6.845925992491556e-06,278.4458620427019,-0.0021821057771222066,0.013064104655322706
2011-09-15,-0.013826705767946729,0.0008740265153895665,-7.3453647229951e-24,0.0,5.319914491163136e-06,278.36190523266123,-0.0019731185067508182,0.0053759193183662395
2011-09-16,-0.021850894947173235,0.0008078589614501781,-7.3453647229951e-24,0.0,2.273700415751355e-06,281.0420964630759,-0.001456814907533301,7.184784257048196e-06
2011-09-17,-0.011020283241056455,0.0008551958253828147,-7.3453647229951e-24,3.1338573175635044e-05,3.6279276265936385e-06,278.6620758832512,-0.0022315582849800923,0.007013812172879349
2011-09-18,-0.018658019518111385,0.0007854010594093194,-7.3453647229951e-24,0.0,7.95612564194674e-06,277.12071818551107,-0.001281434470145716,0.0004270955161510078
2011-09-19,-0.019953650564460433,0.0007773352376485276,-7.3453647229951e-24,0.0,7.635666488927637e-06,279.04033087606484,-0.001349809326989166,0.0009617637755065702
2011-09-20,-0.019465231920702982,0.0007823106259275965,-7.3453647229951e-24,9.445021044736529e-06,2.0109095984259567e-06,275.1634532224436,-0.0017442933604710522,0.002563943465437054
2011-09-21,-0.0194395674066355,0.0007472996321101648,-7.3453647229951e-24,0.0,3.439958317805145e-06,274.04220668340133,-0.001059764817272876,1.2874602930423862e-06
2011-09-22,-0.021271237672048773,0.0007362328680221645,-7.3453647229951e-24,0.0,6.0909443487555304e-06,278.98720552333106,-0.0013016751299133411,0.0
2011-09-23,-0.026411083079664048,0.0007252422092998097,-7.3453647229951e-24,0.0,4.512799830086488e-06,282.5258238230273,-0.001365382034899825,0.0
2011-09-24,-0.02563095762062881,0.0007145261697176487,-7.3453647229951e-24,0.0,2.402507063359191e-06,284.2183714290124,-0.0012972227818632532,1.2993812106287805e-06
2011-09-25,-0.025587778433231314,0.0007041494051615398,-7.3453647229951e-24,0.0,9.731321179934142e-07,284.53181362690896,-0.00135783851146698,8.70227722771233e-07
2011-09-26,-0.02508155307022192,0.0006952681447153037,-7.3453647229951e-24,0.0,2.9741286557946506e-07,284.2366734377185,-0.001317263917608113,0.00021450783900955962
2011-09-27,-0.025954983539163735,0.0006842149347908753,-7.3453647229951e-24,0.0,1.3824615438105697e-07,283.41885552343456,-0.0012954980408572882,8.523463748133508e-07
2011-09-28,-0.024880587549532877,0.000674586174851757,-7.3453647229951e-24,0.0,6.716045956153655e-08,283.8049860772889,-0.001245179755539544,1.2814998058274796e-06
2011-09-29,-0.02170538464508488,0.0006652551855744616,-7.3453647229951e-24,0.0,2.747664680588717e-08,279.15906280402635,-0.0010291538753751982,8.714470141057973e-07
2011-09-30,-0.023723682272905687,0.000656278372484412,-7.3453647229951e-24,0.0,1.673223608631199e-08,282.72150191973384,-0.0011915939012910688,8.463858875984442e-07
2011-10-01,-0.026890416266554498,0.0006473396120771851,-7.3453647229951e-24,0.0,5.1564752718823105e-09,284.0384142205765,-0.0012115315339491194,4.351138613856165e-07
2011-10-02,-0.02599610880774967,0.0006428522578740525,-7.3453647229951e-24,0.0,2.062590108752924e-09,284.0810370831391,-0.0012933566619110647,0.0007382013366152337
2011-10-03,-0.023645981725326365,0.00063053446974458,-7.3453647229951e-24,0.0,0.0,282.37279917830125,-0.0011625251874832784,6.560434055867168e-05
2011-10-04,-0.02769899006280522,0.0006283263197052951,-7.3453647229951e-24,0.0,0.0,283.1896719348857,-0.0014249647804404383,0.0011006369092355947
2011-10-05,-0.024488383051702534,0.0006176253496590307,-7.3453647229951e-24,0.0,0.0,281.8011579208231,-0.00120326386775169,0.0006640115363024499
2011-10-06,-0.01450269963950087,0.0006517530497858081,-7.3453647229951e-24,4.3124507712779075e-05,3.230742226212712e-06,277.81799790908616,-0.0014988095210181117,0.0059802659318945505
2011-10-07,-0.004439675791115411,0.0006986069308835909,0.17725551914136065,0.04375036570143566,9.986905559981611e-05,273.02190204843066,-0.00084341653638472,0.053770388605269455
2011-10-08,-0.004671388468836661,0.0005949797098245999,0.3532696452742467,0.014321209852304837,0.0,271.1730041539826,-0.0006659714989153679,0.015203748492166082
2011-10-09,-0.007093618986970287,0.0005855141891598029,0.37457378840042377,0.00011778658645301217,0.0,269.267475038374,-0.0005603080278651863,0.0001310818949661686
2011-10-10,-0.008791445422980746,0.0005788162434841954,0.3583639543608757,1.2121168570329914e-05,0.0,270.600285697118,-0.0007815890245686818,1.4254214971132657e-05
2011-10-11,-0.008325351118031196,0.0006002832603993389,0.3413941119350282,0.00013658103380499587,0.0012863553471147678,272.5190538740428,-0.0008218919616297815,0.001798833366299059
2011-10-12,-0.008042554018524408,0.000567870961744233,0.3471233705567326,0.0037986934605964834,0.0,270.8570059616463,-0.0009388420099424105,0.004258014250521521
2011-10-13,-0.007523565558390429,0.0005595811174414253,0.3416368732344633,1.6536247932304772e-05,0.0,270.91792038021345,-0.0007305531578380511,1.9501923506690694e-05
2011-10-14,-0.004475147416025905,0.0005575128025927786,0.33826281301494826,0.002024433559785455,0.00036748127201519445,271.9417187354884,-0.00045254034132270494,0.0022028289103897887
2011-10-15,-0.00864366648224114,0.0006200240156744834,0.3251008286987995,0.0,0.005707979444309143,275.35251720162665,-0.000667885187908081,0.0005010399393493979
2011-10-16,-0.0037656045481983557,0.000632870584557959,0.3263360147422317,0.008001984197036021,0.003303636328480338,273.75998615545075,-0.00031032304853032536,0.012388739449104739
2011-10-17,-0.007444935919201308,0.0005900532343966813,0.37176387233698216,0.010472437777256562,0.0002890857894205105,271.7406330252322,-0.0009532567734519641,0.014630712857358133
2011-10-18,-0.0072693363421380865,0.0005309639003990734,0.3881240528631121,2.0758496165949073e-06,1.5062611486952184e-05,268.70406307069595,-0.0006907642897913013,2.0752915847519508e-06
2011-10-19,-0.009057713893510528,0.0005439097261698234,0.377509452977872,3.725290298461914e-09,0.0013417621790352515,270.8506062035283,-0.0006892501697533548,8.52346317969932e-07
2011-10-20,-0.009300545994508065,0.0005493946162994298,0.3559903649511535,0.0,0.0020672880049984335,274.33515107968435,-0.0008310876934036697,1.3903472600402298e-05
2011-10-21,-0.006140308907139773,0.0005440769222496595,0.3340827668903013,0.00016901932530483956,0.0016880029402041841,272.38609617847504,-0.000580840591488585,0.0009748542077352918
2011-10-22,-0.007225735418203862,0.0005328367322178211,0.3325972332568267,0.0018786842287597013,0.001265257418071483,272.8033502294968,-0.0007673159220629493,0.0031865421156375526
2011-10-23,-0.008759535933281742,0.0005314542075334969,0.3198920355902778,1.1892726192366607e-06,0.0016852136974954337,273.3316033214275,-0.0008620855708916982,1.7660822003573504e-06
2011-10-24,-0.00981508069119211,0.0005392698244859943,0.2990633000088277,0.0,0.0024515071957461583,274.3656380576154,-0.000962845360239347,2.460661478688947e-06
2011-10-25,-0.005069215881959194,0.000498548150062561,0.326106586923258,0.008611138425977891,0.0,268.7468661148445,-0.000734733433415324,0.009084441298054411
2011-10-26,-0.005042743337693188,0.0004938424980573062,0.3565917508974812,0.0005125678696874845,0.0,263.0334227933722,-0.0005143573507666588,0.0005177733682373688
2011-10-27,-0.006028936954878146,0.0004910435211860528,0.3530050446533663,0.00012749328283266834,6.859333880540342e-05,264.8708355862318,-0.0006378929862110628,0.00013190960807649412
2011-10-28,-0.007448767916967641,0.000486299563935921,0.3485682140860405,0.0001223636633258755,0.0,265.8703484616037,-0.0006939446827196806,0.00012523323001180044
2011-10-29,-0.007690599030357297,0.0004850855823290551,0.34255665349870534,0.0010184949990046227,0.00017119329527946517,269.7543955908881,-0.0008377359211865793,0.0011164400223893317
2011-10-30,-0.0070997322514905785,0.00048015405566005393,0.3432426380796846,0.00037691129718796685,7.6383499607528e-05,268.6184152757605,-0.0006910664329336862,0.0003787547013130666
2011-10-31,-0.00739422280572902,0.000491202719467508,0.33435679290254244,0.0,0.0010994033372334843,272.70300490887604,-0.0006165013538073686,1.3370597554638535e-05
2011-11-01,-0.002430243806987159,0.00047216097177085227,0.39621908471633716,0.017179537480328716,0.0,267.52694891805703,-0.0004905920559908711,0.017537020618559475
2011-11-02,-0.004573148017549246,0.00046889189272950597,0.4990684954684558,0.0017613108127804127,0.0,261.13856445642966,-0.00042119659062496016,0.001761878277622374
2011-11-03,-0.005875592725088367,0.0004656294644889185,0.49204979733109705,0.0,0.0,267.27874280997816,-0.0006137394772495254,0.0
2011-11-04,-0.00826738383305275,0.0004623869886506075,0.4788372377442327,0.0,0.0,269.0754204981745,-0.0008257249591209122,1.274852024835127e-06
2011-11-05,-0.003022375121965247,0.00045922221773761815,0.46832700682674205,0.0026505050265182885,0.0,268.3479215115477,-0.0003980176291812611,0.002892760604069381
2011-11-06,-0.002730356729300009,0.0004562229591574373,0.5134185388712336,0.0038274138702847865,0.0,261.7133788200422,-0.0003526134490124924,0.003832262316563762
2011-11-07,-0.00396340108860684,0.00045325670201899645,0.5142247546639594,6.152138029788175e-06,0.0,259.14051387449217,-0.0003258120952605528,6.581800760172086e-06
2011-11-08,-0.0038539099238686647,0.0004503220993246736,0.5065311065501413,3.058231819820943e-06,0.0,259.359495658659,-0.00031832860267094976,5.332915088793582e-06
2011-11-09,-0.003618661966701012,0.00044742529675111933,0.49908527726282953,3.827093853115362e-06,0.0,260.51135480201856,-0.0002627749480096634,5.0548764164820165e-06
2011-11-10,-0.006130996986297566,0.0004445715981014704,0.49158197607697746,0.0,0.0,265.34553320933196,-0.00044407011509615154,4.351138045421976e-07
2011-11-11,-0.007756533637895423,0.0004417096490913865,0.48167497020656785,0.0,0.0,268.36886602426875,-0.0006482140029554314,1.2834020708396565e-06
2011-11-12,-0.0060922163354474946,0.00043890065392531916,0.4703771443914784,0.0005041536175261784,0.0,267.9244741594275,-0.0006363891317682752,0.000636248602031988
2011-11-13,-0.005245138191233921,0.0004361760144853323,0.47606203470750946,0.0013979732737702838,0.0,263.80656887492665,-0.0005266830419837418,0.0014245635540471914
2011-11-14,-0.007019575664215842,0.0004334976780886031,0.48192072004472697,0.002026618032132165,0.0,263.72096277226166,-0.0006345754047319041,0.0022704468607552845
2011-11-15,-0.004104355129144959,0.0004308440927731789,0.5131606049905839,0.004741519815840964,0.0,261.2576462733095,-0.0004485425155209956,0.004813994913446442
2011-11-16,-0.003027718914093944,0.00042823521094133624,0.57227114230226,0.0021324530875278733,0.0,257.049115890388,-0.0003050010398787967,0.0021401863867572123
2011-11-17,-0.003698170311370139,0.0004257024344751391,0.5725093058498117,1.431563816501596e-06,0.0,262.3285734137124,-0.0002003341366005483,1.4294053013571945e-06
2011-11-18,-0.0021886114599341056,0.00042315315728807184,0.6088446493202684,0.010480606202351847,0.0,265.6666139254238,-0.00024084331688739485,0.010524800342312129
2011-11-19,-0.0015049300624825864,0.0004206600330643735,0.6942437525747411,0.0049349656591644395,0.0,260.05849123809304,-0.00024685647738518693,0.004938953539042963
2011-11-20,-0.003438732886718492,0.0004182281130451268,0.707401598914195,1.962407160613497e-07,0.0,257.3470375470523,-0.00023300147557494332,2.3399351930827135e-06
2011-11-21,-0.0034798694785031898,0.000415771441944575,0.6928890249823446,0.0,0.0,263.4976810807338,-0.00015781094230669367,1.2582290764839854e-09
2011-11-22,-0.0037279794529332957,0.0004133642730066332,0.6748784814177261,5.21540641784668e-08,0.0,265.8010205162896,-0.00019495061330370981,2.6285648004886752e-06
2011-11-23,-0.005835689183345623,0.0004109390037881453,0.6537308917431733,0.0,0.0,269.6121135647014,-0.0004503602098863004,8.52346317969932e-07
2011-11-24,-0.006724331380620516,0.0004085302352905274,0.62858532691855,0.0,0.0,270.8983117119741,-0.0007140272544265468,8.583068051848386e-07
2011-11-25,-0.00458811951727517,0.00040614621787421446,0.6080816523952448,0.0023580488596258867,0.0,267.66573759750685,-0.0004967426260312399,0.0026007412517138127
2011-11-26,-0.005386283337059669,0.0004038516074250647,0.616816921198211,0.0005064787669370403,0.0,260.2874139581023,-0.000542187147726447,0.0005099090141983894
2011-11-27,-0.0039804495323849266,0.00040149234109005684,0.6070393420433147,0.0,0.0,266.80449071981144,-0.00019906368106603622,8.417023877882457e-07
2011-11-28,-0.004108955589054668,0.00039926878476546993,0.5935210319562148,0.0005021306165194108,0.0,271.5310309566347,-0.00036202065415133196,0.0005056705203866846
2011-11-29,-0.0035460335386674965,0.00039705027968196555,0.5817880289253767,6.971133630827996e-07,0.0,267.39146208897824,-0.0002503638224160604,2.8467784152595975e-06
2011-11-30,-0.002516880336791109,0.0003948001201543432,0.5729637936234699,0.003869747164222481,0.0,267.7671378758892,-0.0002382258795159685,0.0038772018279059463
2011-12-01,-0.002607236390059951,0.0003926444188349665,0.6318232936823212,0.004890971896001848,0.0,260.7607063394033,-0.0003729524817002022,0.004894772390770347
2011-12-02,-0.0018352877117146207,0.00039050681779613603,0.6393569400306026,0.0010981614475196364,0.0,262.3241267698184,-0.00013767804761054153,0.001102009668187159
2011-12-03,-0.0023062999891696003,0.0003883841179184995,0.6700591178937148,0.002409414677633404,0.0,257.9378019609469,-0.0002714611463627573,0.002413785221829657
2011-12-04,-0.0010325994952923836,0.0003862680688416218,0.7041052407015066,0.004403058292165315,0.0,256.5549874889424,-0.00014176960550459094,0.004412304917195476
2011-12-05,-0.001679105863059308,0.00038422147432963055,0.7413130075918081,4.290019051503327e-05,0.0,248.57696366534623,-0.00014121574744329615,4.489664293822575e-05
2011-12-06,-0.0017012651104711543,0.00038216157821612174,0.7341782162193974,0.0,0.0,257.9640170778034,-2.9327821428492923e-06,4.142522804784221e-07
2011-12-07,-0.0025147369268250334,0.00038015143682727705,0.7228951032103342,1.6681934143863832e-06,0.0,263.33506105354724,-6.07857722683815e-05,1.664468124087921e-06
2011-12-08,-0.0021057396201090628,0.0003781064418749621,0.7148789228019068,0.0006102502640694549,0.0,259.7348867585206,-0.00020505657872069356,0.0006172160138850562
2011-12-09,-0.0019250544114301437,0.00037609444836438717,0.7070450432556499,1.5633086026725122e-05,0.0,260.1573295377742,-6.937065640580183e-05,1.928592407668249e-05
2011-12-10,-0.002915249537613432,0.00037413220957847643,0.6957037686852637,0.0,0.0,263.65169457257804,-0.0001013147576296397,0.0
2011-12-11,-0.0033148093159589393,0.00037215001839028915,0.6827043148981874,0.0,0.0,265.92714680386126,-0.00020335383166027608,0.0
2011-12-12,-0.0025702823942663983,0.00037018937916405463,0.6699795767861346,0.0,0.0,261.54815107011524,-0.00015583190814418308,1.7151648421531718e-06
2011-12-13,-0.002183522250355974,0.0003682766425407539,0.6588541666666667,0.0,0.0,262.68326718389653,-0.00010533586649571437,2.1500784441741416e-06
2011-12-14,-0.0009387327031900654,0.0003663540559973421,0.6510246549846987,0.0011633625727588848,0.0,262.26676574893816,-2.919738365095214e-05,0.0011679431533984262
2011-12-15,-0.0017894496772922366,0.0003644793720568641,0.6557175803319208,0.00021955968633209923,0.0,261.7066774134807,2.1899760948062616e-05,0.00022173198937443014
2011-12-16,-0.0025119570604825426,0.00036263289087909765,0.6497322269303202,0.00032134943425992117,0.0,262.1629429258645,-0.00012086493904981238,0.00032263643987305406
2011-12-17,-0.002675292813508524,0.0003608061095415536,0.6416615631620762,1.0317791316468837e-06,0.0,265.676227041557,-8.686524579080483e-06,1.8962190308543208e-06
2011-12-18,-0.004188936603608104,0.000358982779885416,0.6308740878060264,0.0,0.0,268.6937260636727,-0.0001149962756172412,4.351138045421976e-07
2011-12-19,-0.0019352394813871654,0.0003571791500695008,0.6294892449387948,0.0016772459119053212,0.0,265.02910360418923,-0.00026649004111518974,0.0016816875692091523
2011-12-20,-0.0024182814999488787,0.00035539547265586214,0.6293076337394069,5.427642730669786e-06,0.0,264.80173955080426,-4.608690275647546e-05,6.841956490661996e-06
2011-12-21,-0.0016711659855761774,0.0003536282959630935,0.6623162738347458,0.009785984763822989,0.0,264.6515997583134,-0.00027835898438079214,0.009792666398142422
2011-12-22,-0.0019485854496390134,0.0003518826712322775,0.7435256756856169,0.0015456030345232475,0.0,256.84345266913294,-0.00018298906921330148,0.001546886714736001
2011-12-23,-0.002578889877445954,0.0003501468964215726,0.7367295087394069,0.0,0.0,260.27452159960615,-4.9847983202691814e-05,4.351138045421976e-07
2011-12-24,-0.0028561261077385165,0.0003484193719713028,0.7263654863318032,0.0,0.0,263.4907363992177,-8.633993776504604e-05,8.375650395464618e-07
2011-12-25,-0.0027491076517913303,0.0003467432018053734,0.7147393810322505,0.0,0.0,266.2761501305072,2.8712453983597838e-05,4.351138045421976e-07
2011-12-26,-0.004805000867210539,0.000345042280558139,0.6999153094103108,2.9028851096912965e-06,0.0,265.9444665926774,-0.00037680800983124537,6.046435872142501e-06
2011-12-27,-0.0022472279556727008,0.0003433759603123207,0.6871570077095104,2.966661237727451e-05,0.0,263.53409311686084,-9.693409510924992e-05,3.0718276531193004e-05
2011-12-28,-0.0037483493823789607,0.0003417178904269375,0.6791718621262948,0.0004788347135829387,0.0,266.596010732561,-0.00013148803053434288,0.0004825045833252513
2011-12-29,-0.004249609333310424,0.00034009467410502466,0.6730127137035077,0.0036277589361883153,0.0,268.5695357313713,-0.0002461549389244473,0.0036731549574480758
2011-12-30,-0.005206866326641902,0.00033844325502040026,0.679170712688324,3.303928395449105e-05,0.0,266.27634626772897,-0.0003853154679139456,3.389550275349362e-05
2011-12-31,-0.004660760068287284,0.00033688124290293895,0.723807297183969,0.01206043537306247,0.0,265.3629092667287,-0.00048039246897744597,0.012132368931492079
2012-01-01,-0.0028448758994118646,0.00033522982381831455,0.7726597902689503,2.403127945075601e-06,0.0,258.88499863403666,-0.0001807379362694288,3.4791600556560034e-06
2012-01-02,-0.0023562215310705585,0.00033366941126052946,0.7625980700476697,0.0,0.0,264.7984689004902,3.324851056950241e-05,8.52346317969932e-07
2012-01-03,-0.004989092464500902,0.0003321055470213378,0.7486866521745529,0.0,0.0,270.2674432061262,-0.00029053533775995013,8.52346317969932e-07
2012-01-04,-0.003574302809386604,0.00033054353490387655,0.7328365922198682,0.0,0.0,268.9233671069819,-0.00010087433150090742,8.52346317969932e-07
2012-01-05,-0.004636511964313055,0.0003289913727065264,0.7182872362729521,0.0,0.0,272.4971176334245,-0.0002056438749456136,2.997827039052936e-06
2012-01-06,-0.005011677994566449,0.00032748551355243406,0.707892868702919,0.0009328889644752115,0.0,265.5108099037645,-0.0004873904320648161,0.0009349494157591233
2012-01-07,-0.002931405679654267,0.000325949852075954,0.7020523444856405,0.00011354476466017257,0.0,261.1176947793045,-0.00019485633925529522,0.00011728909845905072
2012-01-08,-0.0017818576619449981,0.00032446554488381425,0.6951239921727872,0.00026974730235708634,0.0,260.329310566243,3.220660790885236e-06,0.00027275970640243814
2012-01-09,-0.003347727664783176,0.00032296128528939804,0.6921048783986583,0.00017328044704798253,0.0,267.5417363297917,3.100113974789442e-05,0.00017327213354703398
2012-01-10,-0.004093887063406282,0.0003214868280173695,0.6822569536399483,9.13018350210567e-05,0.0,267.2491450659973,-0.00014832553764184317,9.13042975010845e-05
2012-01-11,-0.002586843519561035,0.0003200256723468587,0.714940302789548,0.004793811105402177,0.0,256.9967572594767,-0.0004938958307444039,0.004800664267217938
2012-01-12,-0.00209898821546533,0.0003185669160158621,0.7259372057438794,2.771266604547447e-05,0.0,256.06374634995973,-7.57901313698898e-05,3.0980069747159686e-05
2012-01-13,-0.0036798587626656575,0.0003171255864666007,0.7207440449917608,1.532567591316956e-06,0.0,261.17256273028994,-0.0001087107953462897,1.957541126730068e-06
2012-01-14,-0.004203278929163507,0.0003156933070576124,0.7132117779690443,2.3833733830748307e-05,0.0,264.3636496340937,-0.00018335857802191698,2.8312795579770194e-05
2012-01-15,-0.0059084036929459224,0.0003142734031892766,0.7034079916284134,7.031748523819918e-08,0.0,265.2872549477271,-0.000391759162526683,9.215349266302278e-07
2012-01-16,-0.0011221974414620697,0.00031285855056202344,0.7294071290901601,0.005100414156913758,0.0,258.89171757671124,-0.0003100119289115997,0.005107257661963667
2012-01-17,-0.0019644575014626238,0.0003115049021392219,0.7869944312029191,0.00028575323311622535,0.0,252.06544431050625,-0.00015650394946168373,0.00028675483299099336
2012-01-18,-0.0038115119529982745,0.0003100865978305623,0.7863649989701036,0.001250760745530748,0.0,257.4669306911318,-0.00017468435531955653,0.0012567096510799692
2012-01-19,-0.0059216000181806965,0.00030871644868689076,0.7923174784457393,0.0008074189352113649,0.0,266.1277895638274,-0.00013533415599057904,0.0008128904272970467
2012-01-20,-0.005222300141207917,0.0003073593485826827,0.7866783357609464,0.0032371124936699195,0.0,267.8847708226149,-0.00035660471872421307,0.0032482869038124407
2012-01-21,-0.002258925577678249,0.00030599904935912225,0.7845203809145482,0.0004265324796660472,0.0,267.17911536725006,-4.1915566823576805e-05,0.0004553077584037672
2012-01-22,-0.005701004027646814,0.00030467680281838456,0.8352053080125942,0.010401443088963881,0.0,265.55164434501233,-0.0005794634811032964,0.01044143032545968
2012-01-23,-0.003913531153552276,0.00030333300431569416,0.8425732054054851,3.0265352820272504e-06,0.0,262.21411420171995,-0.00020959537665722735,4.309180081308202e-06
2012-01-24,-0.004643890817286605,0.00030200410697419765,0.8568464663518127,0.00301306983087696,0.0,262.5885730894272,-0.0002945798664948361,0.0030153199272640683
2012-01-25,-0.004543107907987584,0.00030069836115433003,0.8549246060646186,0.00022547001724189286,0.0,264.7022797176843,-0.00023408494047862663,0.0002298112963345596
2012-01-26,-0.004139611444904306,0.0002994157668560912,0.8630518221810264,0.0036268669712004693,0.0,265.544094857972,-0.00023263337690446342,0.0036771479653136836
2012-01-27,-0.0036188763497912954,0.0002981033702354647,0.8819159383827684,0.004062238470309199,0.0,260.5443471847506,-0.000431436524426533,0.004104866786084401
2012-01-28,-0.003922550523348447,0.0002968340775387436,0.888201984757533,7.319288317766567e-05,0.0,256.8963163487207,-0.000284170531957163,7.520577318121465e-05
2012-01-29,-0.004478600191867958,0.0002955597336009398,0.8797285579243174,0.00042421263405832194,0.0,265.2309907205585,-6.77343015953646e-05,0.00042746366743858237
2012-01-30,-0.006965007022612512,0.00029430029082432984,0.8634155043549906,8.52412717827296e-05,0.0,267.4246932746327,-0.00041356342870973604,9.674684139294814e-05
2012-01-31,-0.004852237464007685,0.00029305414964923756,0.845789562735405,8.355190524947172e-05,0.0,263.74144289049053,-0.00037190726416259164,8.719999563303347e-05
2012-02-01,-0.004597790076234246,0.0002918029572330626,0.8334085065766244,0.00014131175259412347,0.0,263.31063477108484,-0.00022337535175226503,0.00014323881782504782
2012-02-02,-0.002228829904464679,0.0002905650664184053,0.8271785527748353,0.002182004141942256,0.0,263.4603014764589,-8.440663838117138e-05,0.002186080409251768
2012-02-03,-0.0035573887286213164,0.0002893585774858119,0.8414368710275425,0.0007218497116013436,0.0,261.99708622143993,-0.00016208971708507863,0.0007272528051980335
2012-02-04,-0.004064868398978886,0.00028811403587039586,0.8311864130914549,1.1150677830485976e-05,0.0,260.1973079817892,-0.00019199575828967121,1.3872391760012526e-05
2012-02-05,-0.006038854266964109,0.00028692909889975514,0.8213253847398777,1.4063497047639837e-07,0.0,261.5778575868481,-0.00014873659290836358,1.4397631106717687e-06
2012-02-06,-0.0027260235221372485,0.000285692807644774,0.8115413687323447,0.00014298270314426747,0.0,261.8009429364106,-9.575845031751753e-05,0.00014755069195844354
2012-02-07,-0.002681909434202701,0.00028451612103456834,0.8131760994144304,0.0008579411117707269,0.0,260.6284506666683,-0.00018223444010409935,0.0008648718479986781
2012-02-08,-0.003945632337850366,0.0002833245332631688,0.8089912256503061,1.5673580142737783e-07,0.0,260.40245590641,-0.00015608494901387705,1.3010145134576101e-06
2012-02-09,-0.003059426312055965,0.0002821478466529631,0.8118211419344399,0.0029427736239918214,0.0,263.13419780623445,-7.916355010984982e-05,0.00294777082514542
2012-02-10,-0.0011610011175527412,0.0002809794104031924,0.8337351768479284,0.002348051232806707,0.0,262.5246603367693,-3.58501733359644e-05,0.002355027737556447
2012-02-11,-0.0032423864313438112,0.00027981762495418055,0.8883052042873117,0.0027748069352349324,0.0,261.2683741107948,-9.569173710326019e-05,0.0027768655015910746
2012-02-12,-0.004335460100470289,0.00027864918870440985,0.8852458601842045,8.915650979273737e-07,0.0,263.2374193223856,-7.063021494001993e-05,2.188365898024326e-06
2012-02-13,-0.0035658785178836454,0.0002775172055777857,0.8726528476636065,0.0007334010159901979,0.0,262.5467924380258,-0.00013733884624842198,0.0007365169834614878
2012-02-14,-0.002931417129134055,0.0002763801712100789,0.8699440821415961,0.001389138021711576,0.0,262.5678756627659,-0.00015082463390577987,0.0013947324731579472
2012-02-15,-0.0032959832983501893,0.00027525643844388974,0.8742953945238936,0.0005712758139365137,0.0,259.2834636127882,-0.00020659891204477033,0.000574465999671499
2012-02-16,-0.0050282834024079105,0.00027412765443661795,0.8680755557762477,3.3008092540805625e-05,0.0,259.93345319528817,-0.00012499111899211583,3.300110499064128e-05
2012-02-17,-0.0029861366344710533,0.0002730337239928165,0.8690316582803673,0.002732931873050787,0.0,262.26482521746794,-0.00011927895984575574,0.0027379347945984877
2012-02-18,-0.006068260698331952,0.0002719280915071736,0.8858872465719164,0.00025308519433447197,0.0,263.4382750624317,-0.0001303065347216897,0.0002539565670506967
2012-02-19,-0.0023261863885626283,0.000270849062224566,0.8855814960716809,0.00384857381383578,0.0,262.8657021603342,-0.0001756645433899373,0.003855116235905502
2012-02-20,-0.004437209606844154,0.0002697335798188118,0.9237814578183853,0.0006599949283451684,0.0,260.13302118046363,-0.00029947636596395474,0.0006626939537834987
2012-02-21,-0.0038923274325785664,0.00026867105125707427,0.91967221707274,0.0017128449122784503,0.0,261.409684366201,-0.00017213856138415258,0.0017174643479716844
2012-02-22,-0.0037241904749035167,0.000267603471454254,0.9797055231873825,0.014614584924137525,0.0,268.0363496719332,-4.523512670549295e-06,0.014724889161794253
2012-02-23,-0.0035312432943090887,0.00026654094289251646,1.0627797732020952,0.009032754406417159,0.0,261.3065189067029,-0.0005165986811458054,0.00916400528215543
2012-02-24,-0.003478465191388535,0.00026547841433077887,1.1116329559498588,0.0024836385612097165,0.0,258.50581220493933,-0.00022493538020525947,0.0024939686197643887
2012-02-25,-0.005818031265237238,0.0002643927342474124,1.1059476058586395,0.0008131053067196561,0.0,263.2630622166923,-0.0001275310987385653,0.0009350058554256031
2012-02-26,-0.004442001635071921,0.0002633616075677387,1.130746959966455,0.006166511841412992,0.0,260.3935696122337,-0.00039753532510692795,0.006182268715572958
2012-02-27,-0.005794704718104864,0.00026233873124850005,1.141786162238112,8.141680878434478e-05,0.0,259.5110798277199,-0.0002775819509127046,8.41853454739385e-05
2012-02-28,-0.0015938580036163332,0.0002612762026867624,1.137656921271775,0.004596149433130599,0.0,261.2459304184564,-7.58236116271908e-05,0.004601162789905139
2012-02-29,-0.005299383637595312,0.00026027487832947643,1.1759550450211864,0.001609712312955641,0.0,262.32568058006734,-0.0001961311777937884,0.0016121581448210163
2012-03-01,-0.005511804320717937,0.0002592453512094789,1.1627211058880649,0.0016835985000187396,0.0,260.5269243811484,-0.00040381795353135153,0.0017004495790773056
2012-03-02,-0.0033939356605211897,0.0002582589280133867,1.166062292181615,0.002582636698659531,0.0,257.4689778473418,-0.00022924841923565518,0.002598420240008952
2012-03-03,-0.00474573297184066,0.0002572328525747957,1.1997930092102167,0.003190066896926212,0.0,260.0777393132729,-0.00018302626949919144,0.00319539258025331
2012-03-04,-0.009936216818747548,0.00025625787885849083,1.196726078816502,0.0002222557020726177,0.0,267.66446459136216,-0.0003360821786573378,0.00022594836125136748
2012-03-05,-0.010790394061366044,0.000255225152619141,1.1573532305643834,0.0,0.0,269.1187785520392,-0.00047088588067030506,1.2955942452208546e-06
2012-03-06,-0.011251532004377935,0.0002542767821058715,1.1205875375176555,0.0020044758326589725,0.0,269.4461294307098,-0.0007952202195669972,0.002176605043343114
2012-03-07,-0.006331017083030637,0.0002532887593501032,1.177386784957627,0.008483961098274942,0.0,262.4404605930135,-0.0005964390712521844,0.008488038106833235
2012-03-08,-0.00886988210476051,0.00025228903455249335,1.17463732933145,0.0,0.0,262.34232744119936,-0.00026341986521489206,2.1517276422855502e-06
2012-03-09,-0.0132064666114958,0.00025131591295791885,1.149537512138065,0.0,0.0,268.67111668344273,-0.0003731663491429583,0.0
2012-03-10,-0.014881232237748508,0.0002503691420043256,1.119502468073211,0.0,0.0,271.3223532445013,-0.0004970668894001993,8.52346317969932e-07
2012-03-11,-0.014303392946383376,0.0002494042707701861,1.0882366058292139,0.0,0.0,272.0090994430801,-0.0006048754804720312,1.7199723743033246e-06
2012-03-12,-0.013014446038984311,0.0002484409990957228,1.059411460172434,0.0,0.0,269.6988597481938,-0.000745466178925024,4.206007133689127e-07
2012-03-13,-0.019168297449747723,0.0002474926285824533,1.032781511152307,0.0,0.0,272.2951385548335,-0.0010466350842330417,4.2970759750460275e-06
2012-03-14,-0.017780481337827482,0.00024655090886994274,1.0053000584834042,4.1036871866991294e-05,0.0,272.1612889061765,-0.0010235307180443728,6.0155581663024626e-05
2012-03-15,-0.012007365624109905,0.0002456190390775433,0.9809940431526601,3.618519690077184e-06,0.0,272.0371566312686,-0.0005892404791830624,6.383606863452724e-06
2012-03-16,-0.015343205571848123,0.0002446839701657915,0.9542629435911018,0.0,0.0,274.1847296856667,-0.0008071188809676359,0.0
2012-03-17,-0.016879878811917066,0.00024374544957263324,0.9217540791254709,0.0,0.0,273.7736114494769,-0.0010915848316024926,3.448433460562228e-06
2012-03-18,-0.022626697932933013,0.00024290803798847956,0.8945995266154662,2.6798728158918483e-05,0.0,273.9934654164,-0.001501372773305508,0.0013376751857342144
2012-03-19,-0.005468022351884573,0.00024192481391173973,0.9198078507532957,0.011567312697906278,0.0,267.707094138625,-0.0009297323176416301,0.01187973532636287
2012-03-20,-0.009795213528608874,0.00024097804295814646,0.9822345166107582,0.0014390184591382238,0.0,264.9153709770821,-0.0005766263936704161,0.001443451912389637
2012-03-21,-0.013062750594427358,0.00024004617316574704,0.9714484205802733,7.031748523819918e-08,0.0,269.45888549819057,-0.00038404347069856144,7.770492532158977e-08
2012-03-22,-0.015335338221768203,0.00023913745489497648,0.9580712614759888,0.0,0.0,271.8744356115884,-0.0004824831145210455,1.716613667213096e-06
2012-03-23,-0.017266033269928,0.0002382287366242059,0.9395761148628766,0.0,0.0,273.5011027851572,-0.0007373780264692791,8.553265615773853e-07
2012-03-24,-0.01618437153303017,0.00023742777816319874,0.9118606366231169,0.0,9.956353970166653e-06,274.43736454591914,-0.0008549700559532576,9.653189495548056e-05
2012-03-25,-0.016665197740503627,0.00026098735588418563,0.883132963306262,0.0,0.0019578007654955164,275.07353690339573,-0.0008134438819383498,2.999726916641521e-06
2012-03-26,-0.024615066957339053,0.0002420153995018221,0.8516259489759886,8.217788348763676e-05,0.0004716588994540738,276.1649683828408,-0.0018218119265669484,0.0001489036837540104
2012-03-27,-0.014615995314835154,0.00023461196382166974,0.8471341752736582,0.0024492029037515997,0.0,270.0248438876452,-0.0014316466568553515,0.0025875142400757743
2012-03-28,-0.014562278985977173,0.00023371974627176922,0.8403961698887713,0.0,0.0,271.03834381031675,-0.0007407750071442061,8.588005719900593e-07
2012-03-29,-0.015269235702557752,0.00023281607924208132,0.834821625617938,0.0011581558797319057,0.0,271.69620307017186,-0.0010686852985014351,0.0012457457512739425
2012-03-30,-0.014738044117466879,0.00023197016473543847,0.8292629435911019,8.383986808485904e-06,0.0,272.5163872426064,-0.0007440729098299803,8.678032180010263e-06
2012-03-31,-0.018596968282077273,0.0002682738553332744,0.8098549133415724,0.0,0.0027588957994334443,275.5767605991687,-0.0007347655351047462,0.00014376138552978194
2012-04-01,-0.026745567634954292,0.00026304152725780083,0.7762352320209512,2.458186472876597e-06,0.0022033638620780685,276.96333311551484,-0.0017461974363205796,0.0003275187619149203
2012-04-02,-0.010240950700590168,0.00023223745957606258,0.803154379634534,0.007869790229251829,0.0,269.42047459302427,-0.0012279399012946816,0.008330576356219725
2012-04-03,-0.01196479001792811,0.00022852050382538702,0.8145558847545905,2.365127879347505e-05,0.0,268.3690876754215,-0.0005939098569632924,2.506942725321646e-05
2012-04-04,-0.01636818880583607,0.00022767139019939188,0.8072902873411019,-2.062590108752924e-09,0.0,272.9881927073563,-0.0005573500684425657,0.0
2012-04-05,-0.014864652801704948,0.00022759309596261063,0.7947814136799671,0.0006797934992838716,0.0,273.50352636434263,-0.0008755981880055983,0.0018842975466938346
2012-04-06,-0.012177364427154348,0.0002265085103148121,0.79333771958863,0.0043463720019254306,0.0,270.9646004894135,-0.0011651243193674897,0.0055805836524317354
2012-04-07,-0.010675514527296617,0.00022522490576835677,0.8587147628295668,0.006419764189733624,0.0,264.5876067820691,-0.0009950883949627987,0.006429809298218981
2012-04-08,-0.014811233864665707,0.00022439069330355545,0.8668258868143833,0.0,0.0,267.4733307868972,-0.0005794567724237335,4.351138045421976e-07
2012-04-09,-0.01566724984322564,0.00022361768504320566,0.8595064957038607,0.0,0.0,269.95259302573913,-0.0005317147989562677,8.702277796146518e-07
2012-04-10,-0.018911871617123235,0.0002228183261418747,0.8494951208657016,0.0,0.0,273.5808673650307,-0.0006773933021109657,1.7225742112714215e-06
2012-04-11,-0.021742621384098035,0.0002702044817687428,0.8283518990554378,0.0,0.0033063640197118125,276.4763660430908,-0.00093288936962684,6.768965273124329e-05
2012-04-12,-0.014825186486971583,0.00028069877186737494,0.7959074031161724,0.0028911345127948934,0.0021494132819148784,274.8460612288078,-0.0008612439657251041,0.005756227175292377
2012-04-13,-0.007914273626050034,0.0002213357868841139,0.8356416346663137,0.009953517971907633,0.0,270.48730103085046,-0.000987041520617776,0.0104775203323632
2012-04-14,-0.00597024986804542,0.00021981595262969282,0.8906445404455038,0.007123559103005351,0.0,268.7730617846473,-0.0004817306216658846,0.0075277670768340915
2012-04-15,-0.006116650746030323,0.00021907779793281341,0.9792921852930793,0.01073379917754292,0.0,268.06589864023215,-0.00042320873146340005,0.011020491315553736
2012-04-16,-0.008804310428894173,0.00021836279475756287,1.026155690913371,0.0027030106570761084,0.0,267.1952427614431,-0.0005702864336597045,0.0027431512551849236
2012-04-17,-0.010606811881738868,0.0002176892959465415,1.024734755693856,0.0027039298987658012,0.0,269.96406673711573,-0.000482706994996906,0.0032273518331980304
2012-04-18,-0.013158214294304284,0.00021707380222061933,1.0262124731491291,0.00033659109119641583,0.0,271.2025180069516,-0.0007290781691333669,0.0018056846796673592
2012-04-19,-0.010571834478674637,0.00021636890152753412,1.028023067840749,0.005088816233779078,0.0,269.87566471638655,-0.0007283509798390044,0.0057849026456158565
2012-04-20,-0.012847261534909074,0.00021564059675076592,1.0481561635622647,0.0009731369166724426,0.0,270.89422789176757,-0.00044854133689807644,0.0010234266519546509
2012-04-21,-0.011958225172455029,0.00022775599848752642,1.027181679246116,0.00020707322884414158,0.0004453875840046986,273.7901294406525,-0.0004677525326862174,0.003942304351281978
2012-04-22,-0.018175111146969986,0.00028420243896333514,1.0097814872439972,0.0016020219246883178,0.0040496475784118574,275.07317354809317,-0.0006360892195907017,0.0031574484587370685
2012-04-23,-0.022086866326251273,0.0004164110132529911,0.9654662856049907,0.0,0.008298251546372128,277.64039988257343,-0.0007831372352222265,0.0001010713098290544
2012-04-24,-0.022954456045129207,0.0007001423397980167,0.9103413095133004,0.0,0.012042883257407927,279.5722464329779,-0.0007977635720692113,0.0009206277838184874
2012-04-25,-0.019480385265107886,0.0008044923934559365,0.8592731597957863,0.0,0.009938515028205969,277.66436254282235,-0.0006748526172954485,0.0016965827531046046
2012-04-26,-0.02118539603921653,0.0008475490040698294,0.8138915096074624,0.0,0.010455000345821436,278.3116292720012,-0.0009431603369908144,0.00027324840173882956
2012-04-27,-0.010112000555641909,0.0002698467276190634,0.7807178102195151,0.004937394864141604,0.0019553174280514153,274.01258865543235,-0.0009707873266211338,0.005934303556368074
2012-04-28,-0.0053391702852006685,0.0002135146135664256,0.8817897300935734,0.021390036611402104,0.0,267.3269913560253,-0.0009151246282929756,0.021436525162889117
2012-04-29,-0.008895902520855942,0.00021469054249046885,1.0195661929143125,0.0068558410104721966,0.0,268.07840195348706,-0.00043640596171220147,0.006893771768963271
2012-04-30,-0.015722087631791327,0.00021602718506829214,1.0216903542843692,3.487309493587516e-05,0.0,271.4544150501546,-0.0005982837424018963,5.911955725675249e-05
2012-05-01,-0.017948631849666098,0.0002175263934216257,1.0004871318120292,6.1871389211234395e-06,0.0,273.49345404414805,-0.0009536058826129991,0.0008957017107530907
2012-05-02,-0.020000319906883994,0.0002189010886822717,0.9796275912929614,7.670751567614281e-05,0.0,272.4290309338471,-0.001193390685622975,0.0001857534470855043
2012-05-03,-0.020396145260603415,0.00022947788238525393,0.9579406853225049,1.0295607949380822e-05,0.00041004668100405557,273.84285986445946,-0.0010464809424543787,0.000111446895836851
2012-05-04,-0.0157374578007197,0.00031697211292503917,0.9271111497322271,6.865478504849019e-08,0.004084270300164735,275.4227998916713,-0.0007335887643071891,0.0005532052725721888
2012-05-05,-0.007436913453926475,0.00032400655544410326,0.8987149743261535,0.002907744803502735,0.002837264373645944,274.14532679397956,-0.00037681684950314,0.004934358748334017
2012-05-06,-0.013214595363301747,0.00022663049778695837,0.9070642618585216,0.002419754189286529,0.0,269.2709506155183,-0.0013302003196572181,0.0031062325514633914
2012-05-07,-0.016606799710941856,0.00022723445784574177,0.9060293079096046,0.00022596322883993895,0.0,269.64551821850563,-0.0008743260329389304,0.0003018208646828709
2012-05-08,-0.018861173194343762,0.0002297205103319244,0.8956799983080275,2.2205466267752784e-06,0.0,271.6239091618138,-0.000703221913111412,3.6370955268405133e-06
2012-05-09,-0.023544177960204537,0.00032847277862203995,0.8738627460716808,0.0,0.003997427953333505,276.47799420760856,-0.0007858070739581761,8.463859444418631e-07
2012-05-10,-0.018043129752248022,0.00042011037384722863,0.8326960849223166,0.0009130790492909105,0.004415015926805594,276.8584285204469,-0.0007562661322496705,0.0013739605595782768
2012-05-11,-0.012852062781651817,0.0002429903732181269,0.8153285369585688,0.0019866786055308954,0.00011457305001673727,270.3476767099959,-0.0013340592047588976,0.0024167964003042426
2012-05-12,-0.01722481068076387,0.0002606839446698205,0.8181540853784134,0.0013517067257293877,9.173356880575926e-05,271.96524174289743,-0.0007501461643115276,0.004091204960398264
2012-05-13,-0.021096586381311472,0.0003143218951036701,0.812708508047905,0.00010158186831043266,0.0024598058586740223,274.0071485091962,-0.000876367202628467,0.00037386595855869127
2012-05-14,-0.02575170623380586,0.0007194954965074183,0.7812736784221986,0.0,0.005201177555794097,277.10340713960755,-0.0009585183303234943,5.843312716624136e-05
2012-05-15,-0.02632822412050377,0.001243173991892971,0.7394766654896423,0.0,0.010889167881618114,277.95126945869174,-0.000936939444203498,8.612870487922919e-07
2012-05-16,-0.025189557065398008,0.0015868190149802945,0.6922444201683146,0.0,0.012738134080575685,280.0415338562931,-0.0009339830159383307,0.00022898159789203916
2012-05-17,-0.02370740772135514,0.0019151658493246739,0.6452048206508946,0.0,0.013526044491320681,279.71587302141495,-0.0007253641757251179,0.0006297113530817407
2012-05-18,-0.011434374976966342,0.003033371210771766,0.6048544903483992,0.0005279945493754694,0.009914434204498928,277.0972603979308,-0.0003406816388422487,0.007268912543011251
2012-05-19,-0.01519630184281344,0.0008267802370470123,0.6402105126677261,0.010001723501978622,0.0017582536122556461,273.639030995342,-0.0008718999744640232,0.015823545260617966
2012-05-20,-0.01826494528075396,0.0007753666848112636,0.6349265463159134,4.6265790354734094e-06,0.0044594383930082375,274.2880248340959,-0.0008929964723223346,0.0006863522663392319
2012-05-21,-0.023127394417921703,0.001775266171175208,0.604266437882533,0.0,0.009860430691538559,278.3099755576326,-0.0007021748171435238,7.444992243949983e-05
2012-05-22,-0.0263434361013989,0.0023917129821023025,0.5563477482050377,0.0,0.014133402583120907,280.48984280099535,-0.001092745617326707,0.0016579830376092187
2012-05-23,-0.01756124884563651,0.0010189956190895901,0.5232793373352167,0.0019702439085911897,0.00169028226012564,274.8188157808983,-0.0012358599737034006,0.0037058487717474037
2012-05-24,-0.008373437796608877,0.000995983680089315,0.5481846696239406,0.011101985171353078,0.0,271.1884214289894,-0.0008271177125684286,0.01214109396530268
2012-05-25,-0.0055565883715947475,0.0010698337507786724,0.6324550247910783,0.008238960446863525,0.0,270.41655268193193,-0.0005523033208597852,0.008619151984151367
2012-05-26,-0.008911426457981606,0.0014102323412221705,0.6905503784869351,0.005184296802696536,0.006488346868315659,275.5000228019757,0.0001300818544659911,0.006502553483860642
2012-05-27,-0.01093734081013728,0.004496784112547751,0.6674055253943033,0.0034257147019192326,0.0033344712087326808,273.7855712797233,-0.0005940351014335952,0.016496851164674167
2012-05-28,-0.011615643688177659,0.0013434934919163333,0.6942660516713748,0.006193244819250485,0.00032469811244199506,271.2250678570706,-0.0010135373111161811,0.0077548969837327696
2012-05-29,-0.016410301002742208,0.001513141612548613,0.7001304841984464,0.0009813240524065698,0.002704563029741837,273.4406302716099,-0.0007677437411358129,0.0017277381396414901
2012-05-30,-0.013278545674967902,0.0016362428833535836,0.6767909163135595,0.000152108738314634,0.0031917446666518178,275.1163532451048,-0.0006105795418475308,0.0038407588408710456
2012-05-31,-0.017055932537647294,0.0021728368128760387,0.6572950690030603,0.0003210377937319589,0.00550559562983486,275.43322429549227,-0.0007150250850087506,0.0016716315222167863
2012-06-01,-0.011111563292600341,0.006155557804188486,0.6143233304643362,0.0,0.017819908400208265,277.7903202186196,0.00028286040313331423,0.008811793431461391
2012-06-02,-0.01863843551968451,0.008007512001667993,0.552470234154308,0.0,0.017603598492967207,280.4530303006792,-0.0005322691884502179,0.004837061665312577
2012-06-03,-0.019994927622840903,0.006836547016423976,0.49256520531720815,0.0,0.016295813529168146,282.0288594420123,-0.0007076487681791608,0.0004178796682446008
2012-06-04,-0.027650557837243815,0.008833005771798604,0.43991083119997654,0.0,0.017826596474916925,284.533597903063,-0.0009629702837453724,0.0005087672653390055
2012-06-05,-0.034260165682957,0.008514922722584785,0.38616403123528725,0.0,0.01627791367765874,286.3899370362305,-0.0018365506061726372,0.0004819768296341976
2012-06-06,-0.03872197075078717,0.005968934398586467,0.347341074108404,0.0,0.00553290684849529,281.8724015661553,-0.0022774720669718786,0.0
2012-06-07,-0.019243875002793672,0.006019140283266704,0.33299700778307445,1.1120612422625223e-05,0.0048127370954906875,278.58977071399295,-0.0014397968080336766,0.002031591585125553
2012-06-08,-0.03193307428036706,0.0070655062205373905,0.3136515069591573,0.0,0.008147251134538383,282.16376737461707,-0.0018650907865267689,5.070772498441852e-07
2012-06-09,-0.019635027327106497,0.008832899443173814,0.2881126044609228,0.0,0.006144969582052554,281.3007627584167,-0.001509264122042279,0.00825233765908931
2012-06-10,-0.021858711616467626,0.00513729385736972,0.2784141066384181,0.0018746117708709955,0.0007156649299260588,274.7633650109818,-0.0020989432068026,0.004931458729808613
2012-06-11,-0.022065541838522013,0.004930477189478901,0.2890953739259652,0.0015611030203474443,0.001055955255435685,275.9787867307214,-0.0017639299023286099,0.0029525366206627113
2012-06-12,-0.02625057581117598,0.004843311794733597,0.27690972222222227,0.0,0.003669429338921262,278.29352432006726,-0.0017091361332242773,0.0009321538740956041
2012-06-13,-0.030911886843584355,0.0051494728205567705,0.25985849958804147,0.0,0.005396981129033418,281.2591915130615,-0.0019687771544618124,0.0002580194148850304
2012-06-14,-0.028563400530545728,0.004988278962124539,0.24083828970986346,0.0,0.004754392756412259,279.87543425766546,-0.0016891522554017733,0.0001276617669448744
2012-06-15,-0.027959610025087994,0.005163586745827886,0.22479742305202452,0.0,0.005786299158287588,281.18588726668713,-0.0016749084500943202,0.00010487935636852758
2012-06-16,-0.026658797920760462,0.005139384818615886,0.2071721710952213,0.0,0.005655382796701066,279.8650990645989,-0.0017814832071294893,0.0011175001588017656
2012-06-17,-0.03341650179887222,0.006239171334579167,0.18912898349223164,0.0,0.00723948314954332,283.467513456183,-0.00205654934006559,0.0
2012-06-18,-0.037808555288840154,0.006833688940032055,0.16660919476812622,0.0,0.007574218751515373,283.52303739860236,-0.0020036182529424543,0.00013860881661921563
2012-06-19,-0.028237011010027204,0.0064024085884040365,0.14817864656897364,0.0,0.003645638561686554,279.6623675279923,-0.0019075321296682468,0.002666556601628461
2012-06-20,-0.014371313112603746,0.00852160526197509,0.14552114598046142,0.001480320878958298,0.0045545011295773895,276.36179753750736,-0.0018528711240170367,0.008975075749251856
2012-06-21,-0.027065148713898528,0.007367996341091092,0.1346610261446563,0.0,0.004867026129853254,278.9370725707146,-0.0019265992177576667,0.001668670790241317
2012-06-22,-0.03196683475526713,0.008827311760288174,0.11516540872175142,0.0,0.009716206456476686,283.61509760265744,-0.001728358325985192,0.00014660548682137378
2012-06-23,-0.03324143618008511,0.010763733484650735,0.08848741319444445,0.0,0.010958762492163708,286.4469687431321,-0.001741619896417284,3.315634703501589e-06
2012-06-24,-0.037331822649233765,0.015269638370659392,0.059865947946092284,0.0,0.01191127411810692,288.6323670784183,-0.002267644793258212,8.463858875984442e-07
2012-06-25,-0.037765524018619025,0.01093503664442375,0.035170273143243884,0.0,0.008204858034512418,289.97034790197114,-0.0024677906185388565,1.509799078364221e-05
2012-06-26,-0.05042578856655434,0.010678416928329038,0.018413996292372885,0.0,0.005178583017681952,290.12724432433396,-0.0030587280726870575,8.80798338334513e-06
2012-06-27,-0.045377403287227544,0.007847141916468993,0.008763774864642184,0.0,0.0022176671247024324,286.78334970348527,-0.0029418637797152254,0.0
2012-06-28,-0.03918601757725753,0.006780190824788843,0.004866260593220339,0.0,0.001292928337714093,286.569614658248,-0.0027709581105217424,0.0
2012-06-29,-0.04215081040300219,0.005996517374017144,0.002365543343926554,0.0,0.0007165877285313473,288.2380836831648,-0.0027831651291436396,8.553265615773853e-07
2012-06-30,-0.038762602681494035,0.005386474694909349,0.0010138042902542374,0.0,0.0003445587505055013,288.3324497998771,-0.0026848805584223936,9.730289884879764e-06
2012-07-01,-0.04400164886551389,0.0048996108231571436,0.0005181666372410547,0.0,0.0001683157295157007,289.8165998800102,-0.002898797766426526,8.523463748133508e-07
2012-07-02,-0.040914405410909384,0.004505033210172492,-7.3453647229951e-24,0.0,6.530410741682107e-05,289.62774835647616,-0.002686059049798944,0.00021360870828894768
2012-07-03,-0.043501805282582004,0.004173555869167134,-7.3453647229951e-24,0.0,2.2820265448026066e-05,289.7680977428027,-0.0028731455331889254,0.0003103000764582315
2012-07-04,-0.04308884136252484,0.0038834241150462697,-7.3453647229951e-24,0.0,7.744394453231897e-06,289.0595186129353,-0.0027488178684044696,5.2252832870052555e-05
2012-07-05,-0.03244422805511346,0.0036779668203181467,-7.3453647229951e-24,0.0,3.0912122147231453e-06,289.04414170834536,-0.002286296322057813,0.003947800943008634
2012-07-06,-0.021235486966068463,0.003480646064725973,-7.3453647229951e-24,0.0,1.0767351772825598e-06,285.10373970793245,-0.0029245217588577573,0.005594479599892245
2012-07-07,-0.030313340073588206,0.0032423855894702976,-7.3453647229951e-24,0.0,3.663412595199327e-07,285.27913004126253,-0.0026190318588146383,0.0006695701031969941
2012-07-08,-0.03354662783065085,0.003071927923267171,-7.3453647229951e-24,0.0,1.5223177812867248e-07,285.9490803648523,-0.0024940335838976556,0.00051083064682023
2012-07-09,-0.030306700890683862,0.003004136647881761,-7.3453647229951e-24,0.0,7.425324391510527e-08,286.37079536308676,-0.0029392538244946533,0.008000240588587297
2012-07-10,-0.0315021686887337,0.002792757951607139,-7.3453647229951e-24,0.0,2.6813671413788014e-08,287.4340974804148,-0.0028866331571828848,0.001321016688626838
2012-07-11,-0.035031224248436216,0.0026697221785615395,-7.3453647229951e-24,0.0,8.250360435011697e-09,288.5708950423476,-0.002995965086807639,0.001753112690596931
2012-07-12,-0.03515361695639831,0.0025542538381565765,-7.3453647229951e-24,0.0,6.187770326258773e-09,287.4978421277695,-0.003014247475118287,0.0015641306392121218
2012-07-13,-0.03987280485656976,0.002435722425159088,-7.3453647229951e-24,0.0,0.0,289.36254077487524,-0.002669273065350487,1.106041318669637e-05
2012-07-14,-0.04347705706364691,0.002340983536283849,-7.3453647229951e-24,0.0,0.0,290.73399990606225,-0.0026748555286203405,0.00047679937491840565
2012-07-15,-0.03728719472380008,0.0022677924841810757,-7.3453647229951e-24,0.0,0.0,288.14384054913137,-0.002893965807085657,0.002290334573573312
2012-07-16,-0.030728496905774047,0.002231597900390625,-7.3453647229951e-24,0.0,0.0,287.76182191924187,-0.002872806337088515,0.0068699194044702415
2012-07-17,-0.027237718135623614,0.0021047918810009284,-7.3453647229951e-24,0.0,0.0,286.6924306937755,-0.0025323664685342946,0.0014921864715445783
2012-07-18,-0.03890953709681829,0.0020170839829633464,-7.3453647229951e-24,0.0,0.0,288.2574627296175,-0.0026619519385914347,8.284455857251153e-06
2012-07-19,-0.03993105989391521,0.0019464051656130344,-7.3453647229951e-24,0.0,0.0,290.28434259518843,-0.002577971025122761,1.2862076346209506e-06
2012-07-20,-0.030082207488811626,0.001896124270002721,-7.3453647229951e-24,0.0,0.0,289.8053868934933,-0.0023590514046997677,0.0019561506215715996
2012-07-21,-0.03539594540656624,0.0018283949565079255,-7.3453647229951e-24,0.0,0.0,289.89126577574876,-0.0026468567308143708,0.001104950736471489
2012-07-22,-0.03481092678625032,0.001777128142825628,-7.3453647229951e-24,0.0,0.0,289.87069952151194,-0.002321658755973571,0.001699121320752503
2012-07-23,-0.03213131886585958,0.0017187176114421782,-7.3453647229951e-24,0.0,0.0,288.7870432248448,-0.002885920269214838,0.0015274428202725857
2012-07-24,-0.03312098950484378,0.0016614465558596253,-7.3453647229951e-24,0.0,0.0,288.7949015335399,-0.0024043385854969593,0.0010171253128913838
2012-07-25,-0.030726104680090977,0.0016191467895346175,-7.3453647229951e-24,0.0,0.0,286.60186853067574,-0.0026333428877221665,0.001993232684779834
2012-07-26,-0.03305197149346777,0.0015682673218560086,-7.3453647229951e-24,0.0,0.0,285.341246858155,-0.002305734229121505,0.0011471343410663283
2012-07-27,-0.03238193114093468,0.0015198783685932051,-7.3453647229951e-24,0.0,0.0,287.6114117502044,-0.002113379443348464,0.00039394849774030305
2012-07-28,-0.03984077763085985,0.0014755861402231424,-7.3453647229951e-24,0.0,0.0,288.77947997687676,-0.0022021919636234727,4.447701721186823e-05
2012-07-29,-0.03741745360321918,0.001442994775071656,-7.3453647229951e-24,0.0,0.0,289.05288403900784,-0.0020768837108787173,0.0012168281832202546
2012-07-30,-0.03820808560161267,0.0014021771270676523,-7.3453647229951e-24,0.0,0.0,289.0128154610959,-0.0023878542232816506,0.0011240943508633112
2012-07-31,-0.040972761010046065,0.001357819990249677,-7.3453647229951e-24,0.0,0.0,290.20412600242486,-0.0022421948990579378,5.169709522097795e-06
2012-08-01,-0.04009910546622034,0.0013270451355788667,-7.3453647229951e-24,0.0,0.0,289.40226580373763,-0.002229657497698978,0.0008391652908702355
2012-08-02,-0.04004624418619662,0.0012879450779176701,-7.3453647229951e-24,0.0,0.0,287.9594792691103,-0.0020356703717998195,3.60205011802979e-05
2012-08-03,-0.026758362975834456,0.0013181194242111035,-7.3453647229951e-24,0.0,0.0,284.3841160847867,-0.0019273816760482089,0.007710507646690036
2012-08-04,-0.02494726835165994,0.0012362056364447385,-7.3453647229951e-24,0.0,0.0,280.3771384898328,-0.0023152096418000887,0.0014707153744033695
2012-08-05,-0.035526127044090444,0.0011962149607933174,-7.3453647229951e-24,0.0,0.0,285.8743382039043,-0.0021099799896700908,4.410743663640915e-07
2012-08-06,-0.03884801584280144,0.0011673165579973643,-7.3453647229951e-24,0.0,0.0,288.90539002643015,-0.0019474252584879685,1.125079763811187e-06
2012-08-07,-0.0372231277705586,0.0011398964009042517,-7.3453647229951e-24,0.0,0.0,288.36962583509546,-0.0019841395676304394,3.16939548634842e-05
2012-08-08,-0.038704623189349634,0.0011132961444262058,-7.3453647229951e-24,0.0,0.0,288.3372320293707,-0.001890159322548721,3.794847571775065e-05
2012-08-09,-0.038382726116369004,0.0011108426724450065,-7.3453647229951e-24,0.0,0.0,289.6115787132536,-0.0022228708606486943,0.0032016202218114994
2012-08-10,-0.03274894754091899,0.001069535643367444,-7.3453647229951e-24,0.0,0.0,288.89160278018585,-0.0018996074953574246,0.0009310966493370033
2012-08-11,-0.019765232537089096,0.0011309669852930272,-7.3453647229951e-24,0.0,0.0,285.81828693526387,-0.00328989961516049,0.011626005627238872
2012-08-12,-0.02394497461911649,0.001247836624161672,-7.3453647229951e-24,0.0,0.0,284.09607520525515,-0.002341974321437084,0.0038794560423331607
2012-08-13,-0.03167605846278412,0.001012838072022476,-7.3453647229951e-24,0.0,0.0,286.4187100979793,-0.002297443495589798,0.001932997319657924
2012-08-14,-0.033979664582990655,0.0009796459459315585,-7.3453647229951e-24,0.0,0.0,286.60036047524204,-0.002251071581816943,0.0003288429672385441
2012-08-15,-0.018424997348233135,0.0009894457745686764,-7.3453647229951e-24,0.0,0.0,284.64871790180104,-0.002350945962266734,0.004489793716845953
2012-08-16,-0.0129047189391939,0.0009478722083366523,-7.3453647229951e-24,0.0,0.0,280.3065057133102,-0.001518022453170375,0.0013707824177646975
2012-08-17,-0.02876335420345856,0.0009243028648829056,-7.3453647229951e-24,0.0,0.0,283.43730667530934,-0.0018210614436848017,0.0003429759355911964
2012-08-18,-0.030678646333810306,0.0009045608467974905,-7.3453647229951e-24,0.0,0.0,283.06471358405224,-0.0017560648674008537,0.0
2012-08-19,-0.032939821523798395,0.0008873606974122215,-7.3453647229951e-24,0.0,0.0,283.54985942948343,-0.0018114222550375315,1.2934207802572928e-06
2012-08-20,-0.02806772624200347,0.0008716185045781108,-7.3453647229951e-24,0.0,0.0,285.3601921174935,-0.0015162531191767275,0.0001915127880552091
2012-08-21,-0.03189999513370169,0.0008583506621883414,-7.3453647229951e-24,0.0,0.0,285.1671172786792,-0.0018486550688154282,0.0006675673238074308
2012-08-22,-0.0334014937618358,0.0008409495575953339,-7.3453647229951e-24,0.0,0.0,287.07650091239515,-0.0018334143432015082,0.0003626688659548923
2012-08-23,-0.03224848850635485,0.0008243372884847351,-7.3453647229951e-24,0.0,0.0,286.32406215703645,-0.0017323089068976502,8.198150664764471e-05
2012-08-24,-0.03880219755031295,0.0008156563097474266,-7.3453647229951e-24,0.0,0.0,287.11400160277634,-0.0020774680237143728,0.0012272710854050804
2012-08-25,-0.03792737230742719,0.0007947383627379682,-7.3453647229951e-24,0.0,0.0,283.94995868991776,-0.0017425943860563185,1.341542276699654e-06
2012-08-26,-0.03430878139485074,0.0007807203268600724,-7.3453647229951e-24,0.0,0.0,285.18954162453974,-0.0016025033395337522,0.0
2012-08-27,-0.03682811259381515,0.0007678204673831746,-7.3453647229951e-24,0.0,0.0,288.0728590618644,-0.001655975272510685,0.0001508227512647136
2012-08-28,-0.03636147557510495,0.0007538074827463613,-7.3453647229951e-24,0.0,0.0,289.42051358770743,-0.0015640646892752354,4.261732051702438e-07
2012-08-29,-0.03819610224773655,0.0007412021948119342,-7.3453647229951e-24,0.0,0.0,289.8774582131884,-0.0015874435377996523,8.329215838759185e-05
2012-08-30,-0.035230673807488996,0.0007284116947044762,-7.3453647229951e-24,0.0,0.0,288.185564443441,-0.0014285642474805567,2.0143113691268666e-05
2012-08-31,-0.030793124925618795,0.0007259850784883662,-7.3453647229951e-24,0.0,0.0,287.7873358286482,-0.0016389278758127811,0.0018410247092752942
2012-09-01,-0.0326586145970781,0.0007156520913549737,-7.3453647229951e-24,0.0,0.0,286.7411532895938,-0.001979034899149911,0.001989347959937151
2012-09-02,-0.030359115304246464,0.000694338884730797,-7.3453647229951e-24,0.0,0.0,284.2409402484499,-0.0013373413381014168,0.0001302893552402992
2012-09-03,-0.03466375441537739,0.0006826681605840134,-7.3453647229951e-24,0.0,0.0,283.71677032298294,-0.001331584601752502,0.0
2012-09-04,-0.03466507165277072,0.0006722976258919065,-7.3453647229951e-24,0.0,0.0,283.6450169665665,-0.0013248152125858318,0.00010879600626587059
2012-09-05,-0.03010223443898778,0.000661308398354525,-7.3453647229951e-24,0.0,0.0,281.24091255417875,-0.0011352128165084765,1.7214753072327207e-06
2012-09-06,-0.029484129726550005,0.0006511049755549027,-7.3453647229951e-24,0.0,0.0,282.61370368282223,-0.0009350455287149398,9.190784826669855e-06
2012-09-07,-0.01907819223269231,0.0006528766983646458,-7.3453647229951e-24,0.0,0.0,278.985331777799,-0.0015940749754676715,0.0022368485981411955
2012-09-08,-0.025901980866483376,0.0006321585279400066,-7.3453647229951e-24,0.0,0.0,281.50890551134245,-0.0010575307322676572,1.7225742112714215e-06
2012-09-09,-0.031847705948824266,0.0006226448521102216,-7.3453647229951e-24,0.0,0.0,284.59138669806015,-0.001234864837116441,-5.960544058325468e-09
2012-09-10,-0.03428640991112607,0.0006220838276006407,-7.3453647229951e-24,0.0,0.0,286.2462651312015,-0.0016919567307594134,0.0017768355749080143
2012-09-11,-0.03164538795833534,0.0006057529968056975,-7.3453647229951e-24,0.0,0.0,283.2413940214168,-0.001242846845107227,0.0002805042233163658
2012-09-12,-0.02015835013093248,0.0006200288143535118,0.00116553010240113,0.0008849271778332985,8.444780599599506e-05,277.798551149961,-0.0014066649811331836,0.004623826594998567
2012-09-13,-0.024653765104584776,0.0005897070560078164,0.00469844264948211,0.0,0.00021466968507416505,278.1391638093076,-0.001138545357027633,3.965564362240367e-05
2012-09-14,-0.02893987845229564,0.0005813044006541625,0.003212449240819209,0.0,0.00022290501806695586,282.0626497753596,-0.001199973989172844,8.553266184208042e-07
2012-09-15,-0.03393419015373887,0.0005721795020130395,0.0018777218691148775,0.0,0.00011986374097355343,284.84487405694364,-0.0011609062015757723,8.52346317969932e-07
2012-09-16,-0.026341548368418958,0.0005667784624854051,0.0013007040077683617,0.0,5.504963551200717e-05,282.8070719551905,-0.0011165395147551254,0.0006933362267973589
2012-09-17,-0.019107594075849502,0.0005673079167382193,0.0009751831744350283,4.058362821401176e-05,4.415437158218212e-05,276.8872044162786,-0.0016138639490483173,0.0023784341447989684
2012-09-18,-0.02420980554852782,0.0005488410844641217,0.0005406956214689266,0.0,4.547179839705344e-05,280.33929253702115,-0.0010121330029546878,4.261732051702438e-07
2012-09-19,-0.024409823245921378,0.0005412795449380822,0.000405521716101695,0.0,2.3534279421897938e-05,281.5844706088136,-0.0009674751910112673,8.583068797918258e-07
2012-09-20,-0.024941987489576396,0.0005339859737514776,-7.3453647229951e-24,0.0,1.2517806752926886e-05,281.63177348350627,-0.0009424754571022287,1.2861459026680677e-06
2012-09-21,-0.02380108993268956,0.000526885865098339,-7.3453647229951e-24,0.0,8.207530119998308e-06,281.8331293404215,-0.0009217255690929581,4.366290227153513e-07
2012-09-22,-0.026004430601152324,0.0005206806679903451,-7.3453647229951e-24,0.0,5.0580813049596585e-06,281.4859335121687,-0.0009121193397937522,0.00016440269895467107
2012-09-23,-0.02855499918009602,0.0005133226934799366,-7.3453647229951e-24,0.0,2.53904842387485e-06,283.1504864845348,-0.0008737164375893141,2.7471366207068943e-05
2012-09-24,-0.022192189459410094,0.0005267660664973286,-7.3453647229951e-24,0.0,1.1401282528699455e-06,282.3122916679598,-0.001139960572712839,0.0031964139476469743
2012-09-25,-0.017073479665201265,0.0005272708538561891,-7.3453647229951e-24,0.0,6.583556111923046e-07,280.0223582064814,-0.0020767511105385878,0.004817962365383392
2012-09-26,-0.012624417363250323,0.0005750694854111321,-7.3453647229951e-24,0.0,2.97360248484854e-07,279.2094620598687,-0.00157629535928116,0.01030142175949226
2012-09-27,-0.009328000710508919,0.0005623417890678017,-7.3453647229951e-24,0.0,1.8415983113865394e-07,278.53821117235896,-0.0018727443586129926,0.008766525537670903
2012-09-28,-0.014785173543765722,0.0005023828839178139,-7.3453647229951e-24,0.0,8.21668549446063e-08,278.8528526974264,-0.0017562986030585349,0.00264821166731643
2012-09-29,-0.01669664575723605,0.0005048211179884141,-7.3453647229951e-24,0.0,3.61268971599428e-08,280.26043881130755,-0.0012749863925289975,0.0031715199951092943
2012-09-30,-0.016870158077296565,0.00048181987078176384,-7.3453647229951e-24,0.0,1.7532015924399857e-08,279.0910218844082,-0.0016898443070003542,0.001565532918787753
2012-10-01,-0.019172791454751616,0.00046707681343380347,-7.3453647229951e-24,0.0,1.0312950543764621e-08,278.6687095555882,-0.0010864086985840637,8.60162616460891e-05
2012-10-02,-0.022411182017649637,0.0004612223408316489,-7.3453647229951e-24,0.0,6.187770326258773e-09,281.47778904729876,-0.0011493759545481812,1.7136334804490616e-06
2012-10-03,-0.010191043470538941,0.00046227123104246326,0.003194288120880414,0.0026640620103663645,4.1639063991395774e-07,275.848982906162,-0.0008419440312069015,0.003783288648573019
2012-10-04,-0.007419438390745282,0.0004519269628039861,0.021903689971751412,0.0012160653279999557,5.738983341192796e-05,267.6748395549825,-0.00028292696375799726,0.0012333305542078397
2012-10-05,-0.004161996314417845,0.0004467507876918815,0.07384840108580508,0.009403405132266764,0.0,266.3701816386423,-0.00032446865455410575,0.009419179333130445
2012-10-06,-0.008402973329280056,0.00044734009915152516,0.12424918711746703,0.002150649046998913,0.0005513293047746023,263.1020086471644,-0.0006238612909354059,0.0021529747772001816
2012-10-07,-0.01130142694307586,0.0004481863504075735,0.10122134681026367,2.2436202751041135e-05,0.0009857091610714541,265.9939198251498,-0.0005292203224732377,2.5554935765454903e-05
2012-10-08,-0.012005150696988834,0.0004451863341412302,0.08052364715748588,2.556243690393739e-06,0.0010784917042753791,270.4735440794807,-0.0005065227337812974,3.1051999545232296e-06
2012-10-09,-0.00742775517500053,0.00042973904959899565,0.08692946496880886,0.0033495196346509256,0.0,269.7878045479008,-0.00047332290980943854,0.0034490159675850136
2012-10-10,-0.011801772829839739,0.0004466247592268691,0.08868856483933617,0.0,0.0020078814214905777,271.4003786780291,-0.0004785719017187755,8.583068797918258e-07
2012-10-11,-0.00886192581074386,0.00043421074495477195,0.0740532309322034,5.17962679351117e-07,0.0012445451091911833,272.5376355050872,-0.0005709430055513894,5.212880797305349e-07
2012-10-12,-0.012643624412811407,0.00045355278893379175,0.0610236618702919,0.0,0.003279438116035219,276.84463055569347,-0.0008615786051851208,0.0
2012-10-13,-0.013124377966600626,0.00042577710865581103,0.04078205920433145,0.0,0.0010568236900588214,275.891974307274,-0.000700800453370574,0.00015560199980848918
2012-10-14,-0.011447945009853881,0.0004199703702818876,0.034507047434086634,0.0,0.0006209710286667118,274.47655481313365,-0.0010361094448694402,0.0007175116552016695
2012-10-15,-0.009535075117975978,0.0004156305123183687,0.028848824078978347,0.0,0.0007766410918895808,276.9495657760994,-0.0006627911691275021,0.00019193188948733644
2012-10-16,-0.006353094331962242,0.0004752360831546245,0.023791526895009414,9.852361544377388e-05,0.0008882791919391709,274.933062986241,-0.0011607893968874452,0.0066346308604000115
2012-10-17,-0.01721355744169257,0.00041084521907871054,0.03985607197504709,0.004116428837095951,1.530599711978503e-06,268.6411833502703,-0.0010387621830496411,0.00535464325529244
2012-10-18,-0.017690941691398624,0.00039501353509008557,0.04417726908250942,4.081840569016624e-05,0.0,268.7787020659941,-0.0005840077670027982,4.166570082389693e-05
2012-10-19,-0.011999838643491606,0.0004019257375749491,0.04021929437382298,0.0,0.0008415690817907031,273.57515567485,-0.0003900185890369496,4.6204712381571595e-06
2012-10-20,-0.015974998432027418,0.0003972231163143439,0.033644049405602644,0.0,0.0006369764227314857,275.3800966043706,-0.0008493937015280886,0.00017985804269045425
2012-10-21,-0.006911921383297377,0.0003876023541736064,0.03021803458980697,0.0007789095621661279,3.974086020962667e-05,273.04436681499595,-0.0005071566803222996,0.0011579481130023347
2012-10-22,-0.002067103518941308,0.00044279465567594197,0.04100642949623353,0.0033754710802587416,0.0013029945772246453,273.291424067007,-0.0007281551442745716,0.00828269827240873
2012-10-23,-0.00898014993990882,0.0003888299741313956,0.05711097501765537,0.002450254530051334,0.00011421721112930171,272.24617178606223,-0.0011637476299189578,0.00391903864027654
2012-10-24,-0.009706968178520096,0.0003767574237564863,0.06460462092455273,0.0004422665694675877,3.067759723313111e-05,267.5933355485877,-0.0005864637172491537,0.00044613810577802057
2012-10-25,-0.004244049474344416,0.0003736462801863245,0.07078101091690207,0.0021298310935160534,0.0,263.869972767803,-0.0002864462949630231,0.0021334568322715114
2012-10-26,-0.005962519953816625,0.00037094487645531783,0.09434839740760358,0.0011386804198477902,0.0,262.19067392151686,-0.0003663978544668963,0.0011418213783229677
2012-10-27,-0.007051615938965211,0.00036895519259285797,0.08676877354048963,0.0017940539677264327,5.316860594991911e-05,264.43805701045665,-0.0004562685729167556,0.0018017816003756874
2012-10-28,-0.006994837126826162,0.00036905992165797176,0.09460403241231169,0.00102169660188384,0.0002770132390456012,268.62709570559633,-0.00040960047225662544,0.0010766842961207675
2012-10-29,-0.0069225474266009146,0.0003890704973942816,0.0912391676965631,0.00011250075731573806,0.001939423961070298,272.9101989192927,-0.0002955491786117608,0.00046804171824056537
2012-10-30,-0.008690421653669433,0.00037761200956032106,0.07712774761652544,0.0,0.0013141075496451331,273.4880005428796,-0.000371829569760689,6.506261178505286e-05
2012-10-31,-0.010415133446623379,0.000383985076246962,0.06515152351106404,0.0,0.0019369635015389342,274.3713704304956,-0.00044414281613577557,8.642672923997452e-07
2012-11-01,-0.007687638666333453,0.000363601297981995,0.05326955331920904,0.0,0.000576941075466447,274.8773837655278,-0.00044962779045273356,3.0109804356470704e-06
2012-11-02,-0.009290659621273732,0.0003564287882066716,0.049104449888182675,0.0003036592513491205,0.00015992137713957642,271.762000868774,-0.0005227369545711636,0.0005039088461815015
2012-11-03,-0.009460998751686118,0.0003579636919969893,0.04749569650423729,1.6466414524336994e-06,0.0004871066891204166,270.74767252819686,-0.00030557310871653643,2.6339190478241928e-06
2012-11-04,-0.005033987348025802,0.00035374657919177906,0.0465807438794727,0.0024679498483905684,0.00017435025781561427,271.4796696427627,-0.00035624058738266683,0.003132234724182517
2012-11-05,-0.007258876190010438,0.000366847562251118,0.05802523797963748,9.541293490404466e-05,0.0014801228913546955,273.8321752673938,-0.0003100803258728847,0.00010871301252833847
2012-11-06,-0.009251562678544536,0.00035690975054509226,0.04779868835334276,0.0,0.0008861877676625712,274.1547488447861,-0.0003705322163674118,0.0
2012-11-07,-0.011059270403479454,0.00035516732493362865,0.04047125117702449,0.0,0.0008958330072757215,275.19796546749257,-0.0004704595874931853,8.583068833445395e-07
2012-11-08,-0.008752025832227395,0.00034252457362783835,0.03461739347928437,4.421940631112137e-06,0.0001168276504271448,273.2111547437765,-0.00038995505915691633,5.834301267289751e-06
2012-11-09,-0.006825207274849132,0.0003429927394888496,0.03318887196916196,0.0018293887460972633,8.318604806722221e-05,272.5248670416363,-0.000372964620463929,0.002453600989794381
2012-11-10,-0.001862053690993853,0.0003374903383901564,0.14535355792431734,0.015911683124505867,0.0,264.0857369302581,-0.0002589848544974785,0.015993851254843372
2012-11-11,-0.002310562941987636,0.000335319314972829,0.18190890382238703,0.0003775604869012779,0.0,254.96600052641386,-0.00024882751901102607,0.00038322009941445896
2012-11-12,-0.004568006106689152,0.00033423649725940945,0.1631953639948211,1.962407160613497e-07,6.366161219144272e-05,260.44707541097586,-0.00044908849154151766,2.7681742337957638e-06
2012-11-13,-0.004861167090087288,0.00033593531382285945,0.14974188220927498,0.0005227197487812258,0.00035278856922677686,265.52281457286773,-0.00038632909414795157,0.0005261530310370929
2012-11-14,-0.004089815131688522,0.0003340974197549335,0.1456064342778955,8.301533716546615e-05,0.00034444758110800704,265.16999553960596,-0.0003483775045491208,8.74885057998916e-05
2012-11-15,-0.005050143405879285,0.0003327123694500681,0.1543205534221987,0.0019260831177234652,0.00036832982789998677,264.6261927717823,-0.00035914252012294565,0.0019540942489764115
2012-11-16,-0.006500613302160792,0.0003459238063144146,0.1473163382032721,3.078230525140709e-05,0.001531132975708967,268.7655891339433,-0.0003669352539009967,3.2930825366973834e-05
2012-11-17,-0.007331227810032624,0.0003327539580016487,0.13391435123881826,8.939882203684016e-05,0.0006273467051612456,268.9557130242472,-0.0005036932495185885,8.939669630621788e-05
2012-11-18,-0.00530573515232,0.00032868206837756485,0.12666599539489173,1.945148753581074e-07,0.00042199765432015656,269.78878344878865,-0.00035546988901277054,1.6168517126739757e-06
2012-11-19,-0.005919020728202863,0.0003271475855240041,0.12147812205743881,0.00014455304980951517,0.0004264163537382406,269.53234130873744,-0.00040681045607658434,0.00016407486031868378
2012-11-20,-0.006174168554739765,0.0003306187983960082,0.11507759166078156,-2.062590108752924e-09,0.0008000457648840329,271.5222840282203,-0.0002908873513846075,4.4123829571880233e-07
2012-11-21,-0.008856696934349794,0.0003236961566795737,0.10636324262888419,1.4634287289980442e-06,0.0003848359262370794,272.72495672437884,-0.0005282620231142152,3.6111322499937935e-05
2012-11-22,-0.007084175607578904,0.00031764552754870917,0.1279262391860876,0.005134197762288617,0.0,265.56630087527407,-0.0005320661916992086,0.0054404204511323325
2012-11-23,-0.006531734882438251,0.0003283599675711939,0.14068936852636535,4.802467459339207e-07,0.0009599324778816796,264.8755241832266,-0.000469705458246382,4.5663219387248416e-07
2012-11-24,-0.006408881543383087,0.00032020574909145553,0.13076971883827684,0.0005865933236765997,0.00046385562647197206,271.02697742771073,-0.00047791007337933886,0.0005879524568030253
2012-11-25,-0.001674334502826303,0.00031282554912028345,0.1639206593544021,0.011750225777511543,0.0,268.36521156224825,-0.0001792189175799742,0.011846881667053956
2012-11-26,-0.0031471966350145935,0.00031136043664425786,0.2580354909663371,0.005618674796348238,0.0,261.86641222564066,-0.0002477506312441691,0.005625393851888517
2012-11-27,-0.0048063977458382735,0.0003126469877480114,0.24366084959098402,0.0,0.00020506195092605335,264.2051182583452,-0.0003347993475821732,2.5645975228719883e-06
2012-11-28,-0.0054708294949289095,0.00031452908017541055,0.23637295308086162,0.0,0.0004569305538457666,268.6039485967317,-0.00039352596563807995,8.612870487922919e-07
2012-11-29,-0.0050243748362455,0.000308560702086842,0.22884459414724576,0.0002997018775697482,9.777533721789128e-05,268.78476085411404,-0.000389336197936939,0.0003016317631551034
2012-11-30,-0.0037753132440276065,0.00031028098642489334,0.2235162594897599,0.0,0.0003320932556680367,269.70007189159793,-0.0002482344191205704,0.0
2012-12-01,-0.004575342066207175,0.000305754232541316,0.21554030941031077,5.282343780927066e-05,8.29790734638602e-05,270.501350413608,-0.0003387998042386131,6.644687064283968e-05
2012-12-02,-0.007978192072803692,0.00030341348742361123,0.20983978673787665,0.0,1.391490637245825e-06,270.4270991273294,-0.0005076360694095915,4.121121256980972e-06
2012-12-03,-0.008957784938610207,0.00030212904100364215,0.21577042689206685,0.002819321586587335,0.0,268.6164692880519,-0.0006124536154297112,0.003017366513754193
2012-12-04,-0.004158319389752749,0.00030370906921429824,0.21987001235875708,9.197013526313049e-05,0.00021807490558610801,265.03823987957225,-0.0003294115780857997,9.306359415544606e-05
2012-12-05,-0.003913494616241779,0.0003095419056671488,0.21313430584981172,8.86962785895935e-05,0.0007449945403357684,271.3518226752847,-0.00023222158499861843,0.0001548912059439641
2012-12-06,-0.002207145221152548,0.0002984611664788198,0.216432043388065,0.0023542813914643845,0.0,267.87642472477285,-0.00024390834683583957,0.002511532639588261
2012-12-07,-0.0016863285905897281,0.00029726107578493106,0.2650539592161017,0.0058844839827825795,0.0,262.5118104823341,-0.0001718113777664422,0.005897523959098659
2012-12-08,-0.002099090881940335,0.0002960710875732077,0.29219724723399243,0.002909256345303045,0.0,258.3977779129804,-0.00019540554070371694,0.0029189721169882304
2012-12-09,-0.001491631323334861,0.00029490585044278936,0.31344070003531077,0.0011622244018619345,0.0,252.03284938187252,-0.00013420240437917117,0.0011622862795651972
2012-12-10,-0.0011532346239197726,0.00029377214147546197,0.32467461709922324,0.004973357595966361,0.0,257.26893413852616,-0.0001203982254206124,0.00498109352112657
2012-12-11,-0.0024964698711357554,0.00029262845630699633,0.36302860353401606,0.0017934720016131967,0.0,259.4337528860951,-0.00010965415145044274,0.001799713874529555
2012-12-12,-0.004173372887958915,0.0002915063231004834,0.3509080100194209,0.0003652326383833158,0.0,264.7816453348221,-0.0002902986923769369,0.0003693384048952758
2012-12-13,-0.003782686666916993,0.00029039324003424347,0.343727241128178,1.3010734218662067e-05,0.0,263.78067712011534,-0.0002540157960548913,1.8523122882681165e-05
2012-12-14,-0.003876436817443977,0.0002892786836893545,0.3367317616378296,0.0,0.0,265.15264691426484,-0.00021895609985468756,8.53310098136717e-07
2012-12-15,-0.0022691140151293266,0.00028819460316566425,0.3361080765948682,0.0009098932104932388,0.0,264.1976498569697,-0.00019725091692249656,0.0009184720994275304
2012-12-16,-0.0013300608106925666,0.0002871320746039267,0.3379170620733287,0.0005674474362262899,0.0,260.62235617413137,-8.032694564195677e-05,0.0005740181873397502
2012-12-17,-0.0026397905864958037,0.00028606289524143026,0.340786289136064,0.0008503630715238172,0.0,261.1044396258568,-0.0001407250614657914,0.000943624956459649
2012-12-18,-0.004978058196730533,0.00028502031908196916,0.3461748543432204,0.0005578826797210566,0.0,259.90708918311054,-0.0004385976426008731,0.0007355375646871362
2012-12-19,-0.001955256202800126,0.00028397269168142547,0.34277711570150665,1.5763029203576557e-06,0.0,252.34219444404218,-0.00014497864317927658,2.5849556956316233e-06
2012-12-20,-0.003109217952873748,0.0002829184134801229,0.3399678893008474,-1.66270018970899e-09,0.0,257.8209811819475,-0.00014836947817755284,1.7107918779402098e-06
2012-12-21,-0.004554970831857563,0.0002818824881214207,0.3349671444650424,0.0,0.0,265.3665420582514,-0.00028409946204747185,1.2814997489840607e-06
2012-12-22,-0.005071985182789086,0.0002808878145648935,0.3283082204125471,0.0,0.0,264.7760546732757,-0.0003303414115966377,4.351138045421976e-07
2012-12-23,-0.004964115971562553,0.00027988009196890275,0.3219479203448682,6.729623271247089e-05,0.0,262.06824527532143,-0.00041292648299434096,6.828683570824079e-05
2012-12-24,-0.0012834342354435034,0.0002788721168108579,0.3195368592572976,0.0002911060543383582,0.0,260.1162144756138,-0.00012358760534875139,0.0002967328337276586
2012-12-25,-0.0014542816469898332,0.00027788249449541344,0.3295332914018362,0.0008091330949196036,0.0,257.7868215701001,-0.00015204482959151942,0.0008136209794121004
2012-12-26,-0.0015373451393202874,0.00027690777334116276,0.3308213515919256,0.00023235062842315204,0.0,258.4138611436115,-0.00011390939060240815,0.0002342853167846376
2012-12-27,-0.0012420132587858514,0.0002759099006652832,0.3693939611287665,0.0038056092620906185,0.0,259.24821680862806,-0.0001413804021174625,0.0038117877001466586
2012-12-28,-0.0010240913110937779,0.0002749599305923376,0.3811766198799435,0.0008959095651483805,0.0,257.1115389642518,-5.5522521126405003e-05,0.0009000781228986838
2012-12-29,-0.0026208574404824256,0.00027399026067916955,0.38460930143596994,2.1704972463812535e-06,0.0,258.2651209570819,-9.086463958193355e-05,3.0302395254878676e-06
2012-12-30,-0.0029871571114507773,0.0002730269890047063,0.37889935337217523,9.213211172718114e-06,0.0,258.53736535124415,-0.00016945617347113832,1.1337375807950513e-05
2012-12-31,-0.002103315529513494,0.00027209377221468483,0.374473327521775,0.0,0.0,255.088387412091,-0.00012221490427599116,4.351138045421976e-07
2013-01-01,-0.0019898644443285666,0.00027115710374325683,0.3853732179113701,0.00210225140139208,0.0,258.3561017311225,-0.00010504603049175887,0.0021078111937501264
2013-01-02,-0.00183005066914747,0.00027021218491139385,0.4075488649070151,0.001640446336761033,0.0,258.0409445681815,-0.00016351310420507768,0.001643279716691109
2013-01-03,-0.003249914338022976,0.00026930531876235365,0.4061486195709746,1.3989833115184375e-06,0.0,260.38476482039346,-8.585959630834181e-05,1.8158705544873696e-06
2013-01-04,-0.005481758823165786,0.00026838195189244333,0.3990565872910782,0.0,0.0,265.32032652314325,-0.00021872522130524373,8.583068833445395e-07
2013-01-05,-0.0027301841031360094,0.00026746683538296805,0.39139489355284846,5.761740234612071e-06,0.0,262.5911703019941,-9.70556300743825e-05,8.61800125102167e-06
2013-01-06,-0.0032837489398859316,0.00026655331843316893,0.3855474727077448,0.0,0.0,265.4907786697991,-0.00020385580926628438,-6.4586131596675684e-09
2013-01-07,-0.005066514141478781,0.0002656762546065164,0.377303703581097,2.3754303064723473e-06,0.0,264.9827355602142,-0.0003353253554152904,4.083221173367115e-06
2013-01-08,-0.004559274826009396,0.0002647893408597526,0.3707390334422081,0.00018367472257317799,0.0,264.1458736247262,-0.000309784154770738,0.00018883227488204594
2013-01-09,-0.005611626020932603,0.0002638577236294073,0.36390263616701984,7.034021582307116e-06,0.0,266.9338469101211,-0.00032907472870780926,7.0232456013307745e-06
2013-01-10,-0.008525286480195106,0.0002629955609639486,0.35343608389242004,0.0,0.0,268.958583914403,-0.0006903662940876633,8.523463748133508e-07
2013-01-11,-0.0014076432013242258,0.0002621283470574072,0.3798821228372175,0.005401382548997632,0.0,260.15582710381057,-0.0002670670191278566,0.0054073667794735155
2013-01-12,-0.0008515975737975817,0.00026124808411140225,0.4302707248263889,0.0010388228347745993,0.0,251.17503376330362,-8.805659152356919e-05,0.001045937608898454
2013-01-13,-0.0007746401479688743,0.0002603941718063786,0.43520204360875714,0.00044706718480519653,0.0,250.74738178863817,-7.112632573997908e-05,0.0004528520356479854
2013-01-14,-0.001060650889146126,0.00025951390886037363,0.43765586378884186,0.0002608990643994283,0.0,249.2738175401131,-7.514769242981733e-05,0.00026802834814508076
2013-01-15,-0.0013834041895839455,0.0002586748977165438,0.4575098759710452,0.004099643584025109,0.0,258.4265944594044,-3.717863395557565e-05,0.004107287155660855
2013-01-16,-0.0050741402106096525,0.00025781778629216774,0.4700010482874294,0.0008428398582894923,0.0,266.8799578600235,-0.0002960767176023311,0.0008436865894084699
2013-01-17,-0.005209629313420442,0.00025696892522822666,0.4571349293049671,0.0,0.0,264.43771588959487,-0.0002610958786418209,2.152859838804135e-06
2013-01-18,-0.006126735422570827,0.0002561134133635268,0.4465171109934087,0.0,0.0,266.71623801466666,-0.0003483051507823212,0.0
2013-01-19,-0.006729536179432088,0.00025526455229958573,0.4349785928672317,1.3083556277603755e-06,0.0,266.48315299298133,-0.00045566572307866846,4.746712315118922e-06
2013-01-20,-0.003664158873975614,0.00025443884275727353,0.424862849061323,5.336438363554788e-05,0.0,263.51325130283044,-0.0002868880943979247,5.7663368526286093e-05
2013-01-21,-0.005651871657977671,0.0002535966324940913,0.41753311300906315,4.696559771306097e-06,0.0,264.36503230739675,-0.00030189705223350206,5.252448852452856e-06
2013-01-22,-0.007261265553323563,0.00025278582411297296,0.40837370159486824,0.0,0.0,267.2748541032752,-0.00043119747970400566,8.52346317969932e-07
2013-01-23,-0.0068308837332967986,0.00025193536348935575,0.3992667045521422,0.0,0.0,269.3329383397507,-0.0004528202853128735,0.0
2013-01-24,-0.009257349422422506,0.00025112455510823746,0.38788244100164787,1.4309745050419524e-05,0.0,270.7183518885668,-0.0007717403672677651,1.5728756430512556e-05
2013-01-25,-0.004523307127130907,0.00025029724600624903,0.3782326793491055,1.5229323489517818e-05,0.0,267.5140871525709,-0.00028248061820612116,1.7496171832883226e-05
2013-01-26,-0.005155294628466591,0.0002495013387863246,0.37094593227695394,8.465880054538534e-07,0.0,267.7383672459202,-0.00024746203700364645,2.2722501863057206e-06
2013-01-27,-0.002842315425307064,0.00024868893084553005,0.3648495431673729,0.0009250419456406503,0.0,267.3434778310485,-0.0001951379143753968,0.0009885135680837147
2013-01-28,-0.0016088681453365389,0.0002478765229047355,0.4496992150717985,0.011114169438343263,0.0,263.43664036048557,-0.00023254984726676833,0.011124009466440665
2013-01-29,-0.0011202907242343926,0.000247080615684811,0.5108672463512242,0.0029986703631568095,0.0,257.1934318578401,-0.0001229624563859681,0.003003753511245642
2013-01-30,-0.000995808738773152,0.00024628310890521034,0.5463591322387006,0.0044433967036716015,0.0,256.1148640979257,-1.6312267483964478e-05,0.004451004125304142
2013-01-31,-0.0017359878467974692,0.00024548560212560967,0.6255912708921846,0.012128447471870541,0.0,262.51652476208363,-7.054641169343292e-05,0.012131734419677218
2013-02-01,-0.001892439558007623,0.000244696345706444,0.6572212750853343,0.004053644835948945,0.0,263.835342141419,-8.415874872503983e-05,0.0040591992395518466
2013-02-02,-0.004082851322357264,0.00024389058856640836,0.6677101264565678,0.00014996175038612498,0.0,263.84541203342593,-0.00015390348636497886,0.0001535908057614203
2013-02-03,-0.005380339667958729,0.0002431327340293066,0.6474977195150661,0.0,0.0,265.28616678198404,-0.0002149070092176987,1.7110495491579059e-06
2013-02-04,-0.0051274958387606566,0.00024235837877133474,0.628121183865937,3.704445510260803e-05,0.0,264.5454826929699,-0.00027614334166723456,4.2470559135561187e-05
2013-02-05,-0.004838377237319946,0.00024157577315292791,0.6115908865201272,7.305816236862356e-05,0.0,265.49296360770194,-0.00018102437847078182,7.868190215116053e-05
2013-02-06,-0.004461543118886356,0.00024081631905614997,0.5983160273952448,0.002534097828770762,0.0,265.75583335819,-0.00023536352009254663,0.0025404204924560267
2013-02-07,-0.005648315205412396,0.00024005021415861316,0.6136481506002825,0.0008253112309059854,0.0,262.45310925988383,-0.00022884091562302102,0.000857072361445023
2013-02-08,-0.00552317832654479,0.00023927425934096517,0.6004075447269304,0.0,0.0,263.63852645672875,-0.0002644144914160341,8.642672923997452e-07
2013-02-09,-0.0026575523497021133,0.0002385148052441872,0.5989528160310735,0.0019746368677265903,0.0,262.9662018504744,-0.00021118993244770556,0.0019827647060543
2013-02-10,-0.0020691315501423207,0.0002377388504265392,0.6402461452448212,0.004916716345959464,0.0,259.6490893426813,-0.00022874631008691035,0.004922302041921293
2013-02-11,-0.0037232079664192637,0.0002369844475708439,0.6727129402807204,0.0005331741130284671,0.0,255.62900920372226,-0.00012823776210431998,0.0005374580459373272
2013-02-12,-0.00329350385457109,0.00023621834267330708,0.663582724590984,0.0001891145303761218,0.0,259.6703371489789,-8.653305302568749e-05,0.00019161067000766577
2013-02-13,-0.004105533289033815,0.00023546393981761177,0.6525690398422789,0.000831882432524094,0.0,263.3306321792459,-0.0001656079538545366,0.0008384166800133655
2013-02-14,-0.003980848832992511,0.00023471113652159267,0.6862721703595811,0.004940213646087269,0.0,260.5576863513379,-0.0003386270096999104,0.004971952172208775
2013-02-15,-0.0027271127801830487,0.00023394343206437968,0.7612884004237289,0.006777611345389469,0.0,259.9423181171023,-0.00014982486701449433,0.006783164894479386
2013-02-16,-0.00544622481542792,0.00023316747724673172,0.7887815773599341,3.2714783808605824e-06,0.0,265.3664821617572,-0.0001086015727812961,5.848468177546084e-06
2013-02-17,-0.004923726879270738,0.0002324013723491949,0.7634555507738936,0.0028999665236405735,0.0,264.93056417634034,-0.0003131750423861089,0.002902676493434583
2013-02-18,-0.0028069199057622145,0.0002316352674516581,0.7998582513094399,0.004356965843567067,0.0,259.79785045975797,-0.00021194379334732642,0.004370187044128088
2013-02-19,-0.005613062383428133,0.00023084601103249243,0.808664785266596,1.2529266756133172e-05,0.0,260.8691811247285,-0.0001758750906940234,1.3812029315387897e-05
2013-02-20,-0.005742160150897032,0.00023009480729614952,0.7851700432556497,2.4527984823884266e-07,0.0,263.79005362444235,-0.00017877984897228286,1.2424705042540564e-06
2013-02-21,-0.0030900617524728937,0.00022932205159785388,0.7627281864259653,0.00014330168901863748,0.0,260.9499753603603,-0.00011513804185525172,0.00014663680323405843
2013-02-22,-0.003425931905285787,0.0002285327951786882,0.7483075675317798,0.00036751003251910886,0.0,259.19158017433296,-0.0001429916796206081,0.0003744250265412387
2013-02-23,-0.0023355755933934016,0.00022776163904006874,0.7442360283515773,0.002600918929118895,0.0,262.0954887727784,-7.795369894491077e-05,0.0026075949270610486
2013-02-24,-0.004727497149658743,0.00022701708610448458,0.809313528057321,0.00602996982844536,0.0,261.3676306909536,-0.0003026072935616903,0.0060354775964308605
2013-02-25,-0.00652226793058848,0.00022626748192781782,0.8058695820091809,1.0953342678856716e-05,0.0,260.7626512351458,-0.00018497649580240252,1.208627291318387e-05
2013-02-26,-0.004644084658663152,0.00022550962739071602,0.8136423114553908,0.004432404845279489,0.0,262.4003105630534,-0.0003405468969863687,0.004438238292090637
2013-02-27,-0.0044892218995229004,0.00022475177285361428,0.824898757503531,0.0005109000551161793,0.0,259.0436375864033,-0.00020864465942153822,0.0005152018393500377
2013-02-28,-0.004100765843512649,0.00022402212107922403,0.8099505465807438,0.0004206800696540014,0.0,260.1397138692565,-0.00015491887000994496,0.00042646567694588564
2013-03-01,-0.0037456529877953615,0.00022325921530103951,0.7969793689677497,0.0015610641047442701,0.0,264.5805050442223,-3.0813886031592636e-05,0.0015650654875425047
2013-03-02,-0.008733394119025623,0.0002225064120050204,0.7824815078419257,1.0845603915931142e-05,0.0,269.1417863382458,-0.0002445167530391176,1.1279454910202674e-05
2013-03-03,-0.008151278615334615,0.00022180976167237017,0.7549561466425376,0.0014024518303951976,0.0,270.0388907164953,-0.0004591207719792081,0.0018990701538021282
2013-03-04,-0.0048242399079651485,0.00022105855793602726,0.7559911005914549,0.0026487511093333613,0.0,259.7614088615231,-0.0006554439811214889,0.0027167187966817647
2013-03-05,-0.006878690741493204,0.0002203156045601193,0.7612228824593927,4.625305701783822e-05,0.0,258.7189052926619,-0.0001277076238292759,4.712253976852543e-05
2013-03-06,-0.01052022990533861,0.00021956094914236986,0.7478057229137242,0.0,0.0,265.9238561784705,-0.00031885503670253326,0.0
2013-03-07,-0.009395193245451329,0.00021886269925004348,0.7283714854784605,9.063191417246889e-05,0.0,268.1365853684995,-0.0004914482308309631,0.00010066391047784838
2013-03-08,-0.007331546627532291,0.00021811974587413553,0.7125202760858051,0.0015304330210227752,0.0,267.9624744135108,-0.00032636070739751485,0.0016681729063021129
2013-03-09,-0.005422310514301904,0.00021740819438029145,0.7074924045138888,0.0011984529762955037,0.0,265.9622901406441,-0.00045156432578792686,0.0012021571566156078
2013-03-10,-0.007916454246825418,0.0002166867929663362,0.7008868143832392,0.00021655141970532092,0.0,264.2012895271603,-0.00026255794458806853,0.000225526425560351
2013-03-11,-0.00593352705071875,0.00021597524147249215,0.7046937529425613,0.005894109122665589,0.0,265.96887698775186,-0.0004462153245668627,0.0059294371330052605
2013-03-12,-0.006656842969231688,0.00021527194033908305,0.7408835775659135,0.0012606894018623116,0.0,262.15358741314844,-0.00037289864388899614,0.0012674127457381926
2013-03-13,-0.009545080826780891,0.00021455053892512782,0.7298533409104284,1.2894829282652863e-05,0.0,269.21655770928623,-0.00024164617482551752,1.5400307886479026e-05
2013-03-14,-0.012376880031184291,0.00021385228903280138,0.7100455361346517,0.0,0.0,272.4856825000598,-0.0004811974736930287,8.61882028857508e-07
2013-03-15,-0.013769241291924384,0.00021318224190318655,0.6845820367673023,0.000538426288272028,0.0,273.0996103376543,-0.0008828563268406918,0.0010878161855846543
2013-03-16,-0.005492200538263483,0.00021246403960858363,0.6930290265271892,0.0071605361240395056,0.0,269.26090492277274,-0.0005368135532753616,0.0074068452678831284
2013-03-17,-0.005128731877453583,0.00021174583731398074,0.7300712743496941,0.006584359617051433,0.0,265.92387603501146,-0.0005156870321028651,0.006696102940585696
2013-03-18,-0.00749540526819768,0.00021108058886339434,0.7771784608197976,0.002776967203718121,0.0,259.8664616873934,-0.000632310870214034,0.0027871445073919783
2013-03-19,-0.00539685124899708,0.00021038233897106796,0.8176244243614643,0.004380867137747296,0.0,259.9506449510822,-0.0003309379631684999,0.004384635127847639
2013-03-20,-0.0082928967257004,0.00020969393899885277,0.8432748223428672,6.395864621394099e-05,0.0,264.484862174916,-0.00022505889357314946,7.393413768202171e-05
2013-03-21,-0.004617912326492159,0.00020901724106847904,0.847054404278484,0.007855745211327819,0.0,267.2113909425035,-0.00022744280049356367,0.00792246838073946
2013-03-22,-0.005735852960812845,0.00020835199261789273,0.8927852537223401,0.002508883106674852,0.0,260.8174724183738,-0.0005343971237287684,0.0025145982953088835
2013-03-23,-0.004683618617933349,0.00020766359264567748,0.9225189151512477,0.0018877155742066053,0.0,256.1864338244422,-0.000308554551148482,0.001894827195480045
2013-03-24,-0.0035036369147947283,0.00020699514507573882,0.9214959153572271,0.0009358796569923897,0.0,254.37944691688554,-0.00021277141289017298,0.0009408199517285622
2013-03-25,-0.007789199887695959,0.00020634984902742894,0.9213455688706452,0.00011273033622294495,0.0,256.135363221393,-0.00015802026889418479,0.0001144212180148408
2013-03-26,-0.010008347026035612,0.00020566144905521372,0.9067010394597459,1.0765773259987268e-06,0.0,261.569695632561,-0.0002557739173456774,3.658748547720901e-06
2013-03-27,-0.011953350472248207,0.00020501775256658006,0.8879017515595575,0.0,0.0,264.1995773530949,-0.0003417230205936621,0.0
2013-03-28,-0.014354945576123598,0.00020435090455631752,0.8658638072328155,3.851234576122909e-06,0.0,267.97488640391896,-0.00046585376063982653,6.4225997431675225e-06
2013-03-29,-0.013945980513163207,0.00020372876002963656,0.8417143453536959,0.00036804763189816886,0.0,270.1017016215064,-0.000589388659444906,0.0008023387227396604
2013-03-30,-0.00832086915181855,0.0002031034163836032,0.8491799449741056,0.007060491264203174,0.0,269.8697602798261,-0.0004988909977893371,0.007554162222010995
2013-03-31,-0.0114469211653801,0.00020241821553074036,0.8572572754825802,0.00021940589708797006,0.0,269.3542382910203,-0.0006071034250623088,0.0003765655101679676
2013-04-01,-0.009418739353196096,0.0002017545666398302,0.8365352077448212,6.083346440293695e-05,0.0,268.92203953486154,-0.00035758806908198,6.134866994653046e-05
2013-04-02,-0.013739501057708332,0.00020110927059152032,0.8158699222428202,1.3862562886739181e-05,0.0,269.3469554664052,-0.0005102284663056924,1.3858837596440721e-05
2013-04-03,-0.01531733892394998,0.0002005137292678747,0.7958724602018596,0.0002934294989553549,0.0,271.5064169925036,-0.0006412940184022748,0.000895544802401699
2013-04-04,-0.01464339766630345,0.00019985008037696456,0.7812118386593693,0.00038524176188781443,0.0,272.01423699977033,-0.0007348866438714125,0.0006867607938691585
2013-04-05,-0.01136209428478769,0.00020346407499690516,0.7581125033103814,0.0014651768793494018,0.000135853223628917,274.0176239767991,-0.0008451772780068178,0.003359029723997224
2013-04-06,-0.011530494327935797,0.00019917944393589001,0.779430209804614,0.0055691864194169554,0.0,270.6415825572616,-0.0008521325107516542,0.005894701898332424
2013-04-07,-0.011198673755098872,0.00019799189715735658,0.7751651052701272,0.0009835153228819034,0.0,270.419682256695,-0.0006850696994928317,0.001310942570266131
2013-04-08,-0.004962870588073623,0.0001973282482664464,0.7688229663223871,0.002740616620765568,0.0,267.15018777434216,-0.0006102869539695272,0.0027860473778288245
2013-04-09,-0.0035170762889129297,0.00019668960301889542,0.8844745873057911,0.011124034301709322,0.0,259.9513893235201,-0.00042503855406901255,0.011130643590399879
2013-04-10,-0.009573618739338244,0.00019609220957351943,0.9559075594397364,0.001218099736392835,0.0,261.83378610413405,-0.0003266267762598345,0.0012205140340562283
2013-04-11,-0.008062869226191677,0.0001954453139655334,0.9511840590424905,0.0059124676058184625,0.0,267.1273176081886,-0.00021783522419673574,0.006040895775164235
2013-04-12,-0.0076101213104307315,0.0001948165186380936,0.9857975444326743,0.004962627749658575,0.0,266.5405236763245,-0.00047040667048113495,0.004998202226251273
2013-04-13,-0.0077627732255364556,0.0001942324267942353,0.9857368541078154,0.0028781193271700273,0.0,267.74445126420363,-0.0004554202327620512,0.0031992215557960467
2013-04-14,-0.006930895907393957,0.0001936118818272305,1.0348357866937383,0.010260237212487535,0.0,264.128240671535,-0.0006645863433763133,0.01038362735745455
2013-04-15,-0.005537161803514944,0.00019299958722066073,1.0528711581185264,0.0013187852830199873,0.0,260.28591119008325,-0.00035428451532024455,0.0013229034882131132
2013-04-16,-0.003572455275866945,0.0001924138958171263,1.0657437139536252,0.004109974066584797,0.0,259.8487381405301,-0.00029337785527699413,0.004114678417804524
2013-04-17,-0.004492252854640875,0.00019182130105077885,1.1043949450476696,0.0026082219082420154,0.0,259.21499786089595,-0.0002891395851380408,0.0026131893032661628
2013-04-18,-0.008970892488282952,0.00019122575972713323,1.1129525107403484,0.0005707964195875126,0.0,258.6790214150639,-0.0003366915477534472,0.0005741787832335565
2013-04-19,-0.009794058351866943,0.0001906267667220811,1.0951789812853108,0.0006295094256010433,0.0,265.48190836717856,-0.000254795581397027,0.0006389631682057211
2013-04-20,-0.010649529932919195,0.0001900724772006105,1.0751396797022128,0.0017641919986002865,0.0,268.65278182954665,-0.00040826861257270235,0.002249306036254107
2013-04-21,-0.008061336469178821,0.00018944048275381834,1.0835360941913843,0.006948856605311573,0.0,268.31002161058336,-0.000523899613463946,0.007162838871093848
2013-04-22,-0.004218326871004482,0.00018882818814724853,1.2049686985051788,0.018804136726815822,0.0,263.32730912892833,-0.000560901995937703,0.01894337140907676
2013-04-23,-0.008820984112677602,0.00018823744550263143,1.2667247822504708,0.001105060411543496,0.0,259.8237818234834,-0.0004093718036251553,0.0011110926906251165
2013-04-24,-0.007618327725068326,0.00018768315598116083,1.2531639429584511,0.002784461288128869,0.0,262.3680554513878,-0.00027881264897052855,0.0027882939825899823
2013-04-25,-0.01611588204984611,0.0001870791117350261,1.2409996708009654,5.016471706541245e-06,0.0,268.1102301279704,-0.0005373805708720186,5.449632465428549e-06
2013-04-26,-0.017989365815442835,0.0001865314730143143,1.198669088762359,5.89841839957372e-06,0.0,270.28987422591103,-0.0005576123646592017,0.00017175932041539965
2013-04-27,-0.020398487984123876,0.00018593407956893836,1.1518055831420668,0.0,0.0,273.6081334094319,-0.000793669141281796,4.2915343101412873e-07
2013-04-28,-0.015370702423618342,0.00018541784273029048,1.0980302771157016,0.00037268532366402406,0.0,274.43233960541403,-0.0008664788352062474,0.0009645742358637847
2013-04-29,-0.01684051735252984,0.00019190169997134455,1.0546530168608759,1.570590808566681e-05,0.00029048755091462433,273.6236583185286,-0.0009552001647945852,0.0009681604675304282
2013-04-30,-0.012780758368093417,0.00019226614701545847,1.0454623407338748,0.005310977267175071,3.2288922091661876e-05,268.30420298675136,-0.0014560431462980934,0.006761628325272029
2013-05-01,-0.005685793141187248,0.00018368526703893803,1.07763947740113,0.006714919781954275,0.0,263.69015309680435,-0.0005662972107529641,0.006720992215609146
2013-05-02,-0.01151621316449117,0.00018316743064061397,1.1293046452006827,0.0026989275915811294,0.0,264.4609027079494,-0.00042424459368158875,0.002728475689214502
2013-05-03,-0.015619893447827484,0.00018262299103925458,1.1126908986581923,0.00031126526284352534,0.0,269.1929551032977,-0.0004567782063100298,0.000788964081290793
2013-05-04,-0.006142436026853357,0.00018227117209784733,1.1174509511829096,0.006556272843463273,0.0,271.20629422318916,-0.0002752644046720139,0.009447361571149018
2013-05-05,-0.013916717200292706,0.00018158251956357794,1.1255600061793785,0.0014746908077412407,0.0,271.2341457769247,-0.0007516217160191239,0.0025419946526089947
2013-05-06,-0.019268295901306607,0.00018391459338409083,1.0890012119673964,7.650525556445797e-08,0.00019965097729095633,272.98526337546366,-0.0007661099014224979,0.0006725860037449487
2013-05-07,-0.020779526334697918,0.00021703322391725528,1.0476108701889124,0.0,0.0024182559490877357,274.59648236492035,-0.0008638345420697315,0.000611177606524404
2013-05-08,-0.01810504024648397,0.0002259372991357146,1.0020099072357582,0.0,0.002775861718560343,275.1757024308832,-0.0008738106169269585,0.00048714775150105106
2013-05-09,-0.017961958202265076,0.00024786869348105735,0.961292216557792,0.0,0.003137481919789719,274.4358311741141,-0.000880914356159625,0.0016770210810624138
2013-05-10,-0.01801241142938366,0.00023264197979943227,0.9226550086069917,0.0,0.002588975269578945,274.57063090868587,-0.0009689146579153795,0.0011562675068257757
2013-05-11,-0.019821348079180314,0.00022321560625302589,0.8878739351606639,0.0,0.0023770994680412747,274.2202739967016,-0.0011051187796865482,0.000602401498290509
2013-05-12,-0.021692597217815746,0.0008579242532536136,0.8501937492643598,0.0,0.008446654736322199,277.1911799112956,-0.0007867365970281559,0.00015978062217938694
2013-05-13,-0.02520366337171382,0.0021743321486112086,0.7931984077065679,0.0,0.017006065801712083,279.82978442204654,-0.0006978366429270324,3.7103419821194797e-05
2013-05-14,-0.027951882173449308,0.0016731453143944174,0.729127355888065,0.0,0.015420516353037397,280.700736837872,-0.0010654637800519078,2.5595008944710676e-05
2013-05-15,-0.020455721660522418,0.0015545000800978668,0.6761210238641714,0.0,0.013539596234506134,277.6412591592965,-0.0005187681628822607,6.431922063989155e-05
2013-05-16,-0.015522668716934442,0.0016255393034994268,0.6261177134828154,0.0,0.012458960278391164,277.42630406108503,-0.00035727368720338845,0.0015092775477519279
2013-05-17,-0.01374384327291769,0.003618014397594216,0.5858614072063324,0.0,0.014069752462502928,277.24116585438765,-0.0002505873556190965,0.005258658258928418
2013-05-18,-0.009480375228291852,0.0038311473057094946,0.5429071401247646,0.0006021114308281806,0.009216423404250442,275.7010262304332,-0.00016656222800582143,0.009758465993830364
2013-05-19,-0.0022510016957918806,0.001701494057973226,0.538122719515066,0.006115088060414051,0.005191535831002867,274.0918137896981,3.897525517448868e-05,0.015295375959347872
2013-05-20,-0.006584686453396318,0.0006587776423847608,0.590313410354873,0.010815642142699939,0.001881663071907173,273.0985091221984,-0.00044798566354701754,0.015446324503252116
2013-05-21,-0.01661495397151527,0.0002723129118903209,0.6281646326212336,0.0027704370223869713,0.0011956827914984215,272.981183043083,-0.001029370079016955,0.0029821690192890172
2013-05-22,-0.0184586080538351,0.0009423012787339377,0.607609233389242,1.0464487776244429e-07,0.005274107648154437,275.20775235350305,-0.0006053211577868058,0.00037083208847069613
2013-05-23,-0.020356041184589693,0.0031013932436873013,0.561973327521775,0.0,0.01790814084858544,278.8067443474089,-0.0002905084819948606,0.0005166885373606384
2013-05-24,-0.021036988261055812,0.0014294710031336987,0.5048237313883004,0.0,0.009683933971965382,277.3259236646462,-0.0006410108963395917,0.00019355177205834686
2013-05-25,-0.028804879446150896,0.0013570560742232761,0.47569260534369123,0.0,0.006895048217584859,277.8362851726582,-0.0014802790167978256,0.0003968226033016078
2013-05-26,-0.02381004132119949,0.0022787747241682925,0.43779149746939744,0.0,0.010665415875655783,278.4075004520165,-0.0007748733469321903,0.00133473623932499
2013-05-27,-0.017286883193557548,0.002767877390155685,0.39809197894597464,0.0,0.00739816458380155,276.9270510880063,-0.0006899007275111259,0.006121056042787962
2013-05-28,-0.020920283166365437,0.0008318574920212482,0.3759342631826742,4.938850968571033e-07,0.0038555999007602202,276.296499453471,-0.0015367403689582472,0.0009544891994097003
2013-05-29,-0.0057999825494437565,0.003972091748889557,0.3595577606373588,0.0016998154674209445,0.006586878944588247,275.65566032036105,-0.0004626036027057023,0.01435618136219763
2013-05-30,-0.0033608169878943496,0.0014460525438610445,0.3730335415195386,0.009975593768607426,0.002301777023716835,273.4866586458885,-0.0004246682875742346,0.016655701600808183
2013-05-31,-0.007701886112743852,0.0010137265011415644,0.4377491981520716,0.009109329663764288,0.00038444158215980746,272.25176245838463,-0.0007818141099760088,0.011055187625977642
2013-06-01,-0.013684188115731473,0.0011976919436858873,0.4765434193296846,0.003550672977320892,0.002720119147482565,273.86994331345494,-0.0005863095807322002,0.004352780199959696
2013-06-02,-0.020936545342375334,0.0019167402369827877,0.4511994615112995,0.0,0.006752551612207446,276.74026633655956,-0.0008864199669010896,5.555487949629942e-05
2013-06-03,-0.022457864619581044,0.001868738629723673,0.410701313485758,0.0,0.004465472205715665,277.4459143708655,-0.0015454742278756396,0.004334257820905265
2013-06-04,-0.012262527678309189,0.0018816575997293336,0.3962333377471751,0.00029429165109739466,0.002266806018891308,274.32735518547105,-0.0011825284441817278,0.004342693225138606
2013-06-05,-0.015665032137921975,0.001683009041231231,0.3809193756620763,0.00012465560082661905,0.002322096735407404,274.34938850690196,-0.0011791387667595332,0.0010973534672257816
2013-06-06,-0.019102382289487765,0.0032016739333416786,0.3584598174876413,0.0,0.007066796854727686,278.1203104619028,-0.0009790670737034857,0.0026107765018716913
2013-06-07,-0.020002802086752015,0.003533357364983209,0.32494726378589933,0.0,0.010198998754307376,279.982494372208,-0.0012221398663386114,0.001166167230225818
2013-06-08,-0.019264378916409055,0.006212139281175905,0.29293012888418085,0.0,0.009402034730561037,279.6120412039892,-0.0015538984351912463,0.01086574787270772
2013-06-09,-0.027540164184098867,0.003604990445961387,0.2690848082921375,0.0,0.007772101626052697,281.02509168851174,-0.0015559611989364114,1.7094786244342686e-06
2013-06-10,-0.02937672577672086,0.006205203506232656,0.2404679407956686,0.0,0.011353090489651524,284.7994610199147,-0.0015833670073478235,3.6113275566909106e-05
2013-06-11,-0.02521423662954805,0.006969391289403884,0.20626066678436913,0.0,0.012038008557201106,284.8412290490504,-0.0012558722963272517,0.001620956059903075
2013-06-12,-0.023250473084422827,0.005358643787728865,0.17957025732697743,0.0,0.008585253067440908,282.3862228609074,-0.0014107197333695525,0.0006075812935155665
2013-06-13,-0.033255020566916066,0.006991034173696055,0.1531603107344633,0.0,0.010465117644960598,284.67472519308836,-0.0018651471657436447,0.0007806432448188329
2013-06-14,-0.03045987451480607,0.005600512196115182,0.12886073225635594,0.0,0.005100058170698457,281.3802456361875,-0.0018163328348411681,0.00023768867476511813
2013-06-15,-0.03280709225074046,0.005612389010898138,0.11846199682203391,0.0,0.0028312587005607155,278.62499474850534,-0.0019481433818569294,0.0
2013-06-16,-0.030927069232625483,0.005975618537536449,0.10693681217631827,0.0,0.0050149059480866474,280.87881843293906,-0.0018073880339914796,5.317333839865708e-05
2013-06-17,-0.026509841998754925,0.0069929354608395675,0.08890741782897835,0.0,0.00782766104754755,281.88486573386325,-0.0014688104790987946,0.0005399923132137115
2013-06-18,-0.02720527885492239,0.007987201718960779,0.06760557357874294,0.0,0.008528172864583928,282.95280412720643,-0.0014581636573045942,5.920872849435792e-05
2013-06-19,-0.03778345436699646,0.00902707335975884,0.044163475826859706,0.0,0.009090325758282074,285.7481835108468,-0.002684226106999621,0.001858872293078967
2013-06-20,-0.04757176726888129,0.00871927042802175,0.027689960716807908,0.0,0.002617803628498552,282.96544301667006,-0.0028385549446957262,1.5436928474833614e-06
2013-06-21,-0.02785204523532404,0.00788335577916291,0.02093724252589454,0.0,0.002729528388902966,281.1336811626025,-0.0022000917417686543,0.000779036108281033
2013-06-22,-0.014003570596713805,0.009043268817292768,0.013705438588747648,0.0,0.002809582414936885,280.3422655475566,-0.0020142544776538,0.010899308937994989
2013-06-23,-0.02396798988351714,0.0066328708734889495,0.00878193598458098,0.0,0.0011875796116004556,278.8452934904512,-0.002588649601333559,0.001220774717878137
2013-06-24,-0.0340262118958484,0.0060542989416984515,0.005902593867702448,0.0,0.0012453634312934122,284.3062735160641,-0.0026956525878549294,9.271404807859198e-06
2013-06-25,-0.032222259095159626,0.0056515639953020605,0.003063941854990584,0.0,0.0008015642731876697,284.1681711301067,-0.0024785388703063385,0.000613944571028442
2013-06-26,-0.03426366905539723,0.005270427482276314,0.001599557880178908,0.0,0.0004819132556012795,285.0344151211324,-0.0025695042505776144,0.00010012546501093328
2013-06-27,-0.037139592702779396,0.004921227188433632,0.0008786303848870057,0.0,0.0002638252062649377,286.635085664451,-0.002775597906971382,6.524603919120832e-06
2013-06-28,-0.02885628045447129,0.004634455435693601,0.000382992731873823,0.0,0.00012442490643700639,287.184532381047,-0.0025651279131824016,0.002194491651772106
2013-06-29,-0.026273810173158597,0.004363446754250823,-7.3453647229951e-24,0.0,4.482572361574335e-05,286.5562795254695,-0.002748994509252788,0.003111712036730934
2013-06-30,-0.025581674429319676,0.004671643766979714,-7.3453647229951e-24,0.0,1.67310574633927e-05,286.219995085578,-0.002607316483801368,0.006566744958602184
2013-07-01,-0.026240230448501933,0.003932068408545802,-7.3453647229951e-24,0.0,5.227845099012731e-06,285.58911663709165,-0.003099773457999957,0.005271535926517174
2013-07-02,-0.03084665044384488,0.0036746114492416386,-7.3453647229951e-24,0.0,2.043353298963127e-06,286.3077529325324,-0.002803649206114354,0.00014209208504035623
2013-07-03,-0.032424752237433095,0.003505832310450279,-7.3453647229951e-24,0.0,7.821846816499355e-07,287.78978550007565,-0.0027152709662914276,0.0005442816994608322
2013-07-04,-0.03012692848336225,0.003370653269654614,-7.3453647229951e-24,0.0,3.0280085606763597e-07,287.53330987905156,-0.0028123195877688086,0.002143026778824639
2013-07-05,-0.01984871170446698,0.0038056156392824855,-7.3453647229951e-24,0.0,1.1923033638862567e-07,286.36214489047813,-0.003177617397685509,0.011183033235324045
2013-07-06,-0.026955390001757673,0.0030853361901590384,-7.3453647229951e-24,0.0,2.8876261522540942e-08,285.62048659171984,-0.0025765560567379,0.00038342036430865354
2013-07-07,-0.03169999881989539,0.002978183623761107,-7.3453647229951e-24,0.0,1.4438130761270471e-08,286.1954964100754,-0.0030742780447511353,0.0011013606678918358
2013-07-08,-0.035254315509971254,0.002869000205885893,-7.3453647229951e-24,0.0,6.187770326258773e-09,287.54775461459116,-0.0029419440313079265,0.0009394017315504105
2013-07-09,-0.03367316722869873,0.0027600986472630907,-7.3453647229951e-24,0.0,0.0,286.27971761958526,-0.00250094568114833,0.00014285829790345672
2013-07-10,-0.0331417425288319,0.0026648888143442446,-7.3453647229951e-24,0.0,0.0,287.34260672229834,-0.0027799822474266853,4.638419585457713e-06
2013-07-11,-0.0372943774623386,0.002573804414204959,-7.3453647229951e-24,0.0,0.0,289.5539325742847,-0.0028446768594663696,1.4543973810628753e-05
2013-07-12,-0.02912161133046878,0.0024993849002708825,-7.3453647229951e-24,0.0,0.0,287.28095664546987,-0.0026576800829609913,0.001729901694461647
2013-07-13,-0.034824443318076055,0.0024058488802721277,-7.3453647229951e-24,0.0,0.0,287.62090562651616,-0.0026583088046244984,2.542691321403994e-06
2013-07-14,-0.026508745668971608,0.002365163069660381,-7.3453647229951e-24,0.0,0.0,285.77840705555485,-0.0024904968943131175,0.003739050316940334
2013-07-15,-0.030039446081145338,0.002254197742305907,-7.3453647229951e-24,0.0,0.0,287.3951995799322,-0.0025439003514031236,0.00019303289989713992
2013-07-16,-0.025750499239749158,0.0021984697566867547,-7.3453647229951e-24,0.0,0.0,287.88314166311494,-0.002464810017980425,0.002137452700717301
2013-07-17,-0.02674457136183809,0.00212864628282644,-7.3453647229951e-24,0.0,0.0,287.56687617616245,-0.0026569530725647503,0.0016493575887806672
2013-07-18,-0.026893677937108923,0.002074428534103652,-7.3453647229951e-24,0.0,0.0,288.3955735854959,-0.0028540319263261594,0.0029906871291877184
2013-07-19,-0.03109491776443471,0.001993826216897049,-7.3453647229951e-24,0.0,0.0,287.37212428579676,-0.0025756979561121452,0.00034058715498638077
2013-07-20,-0.031882737358074405,0.0019517896202324479,-7.3453647229951e-24,0.0,0.0,287.2462048539559,-0.002736688486305671,0.0024247331134343553
2013-07-21,-0.036121279464266395,0.0018787013608857063,-7.3453647229951e-24,0.0,0.0,287.52431104771387,-0.0025793960118024365,0.00019850569256281452
2013-07-22,-0.04039498073401425,0.0018232768706682712,-7.3453647229951e-24,0.0,0.0,288.0756151734548,-0.0026317395343534696,3.6338628348657644e-06
2013-07-23,-0.03646742847174574,0.0017748352161235054,-7.3453647229951e-24,0.0,0.0,287.5802132126975,-0.002406662887772598,0.0007074052667887198
2013-07-24,-0.033605170999206395,0.0017202774346885034,-7.3453647229951e-24,0.0,0.0,286.92862712192,-0.0023077587034069213,9.910955940936245e-06
2013-07-25,-0.02951433273863658,0.0017178169751571395,-7.3453647229951e-24,0.0,0.0,286.387667549981,-0.0025371561026842583,0.005157442096258029
2013-07-26,-0.027478990455468498,0.0016493525377101145,-7.3453647229951e-24,0.0,0.0,285.1864232567969,-0.0026183977596840615,0.0025173261002956002
2013-07-27,-0.028993176454204628,0.0016076202783207438,-7.3453647229951e-24,0.0,0.0,286.3281885926557,-0.0023167801252697824,0.0026939025538115853
2013-07-28,-0.025472652651159108,0.0015934081064105708,-7.3453647229951e-24,0.0,0.0,284.39361226356635,-0.0028296922054667937,0.005733610546521549
2013-07-29,-0.027083379569026716,0.0015163441835823706,-7.3453647229951e-24,0.0,0.0,284.06259621155016,-0.0026590373830101587,0.0015995599455738405
2013-07-30,-0.03052293757597606,0.001479186412304808,-7.3453647229951e-24,0.0,0.0,285.1391398722618,-0.0025931041593016207,0.0015578927797436576
2013-07-31,-0.027085371399666634,0.0014713518531982508,-7.3453647229951e-24,0.0,0.0,284.21067636206106,-0.0027737725568188114,0.003934236906342588
2013-08-01,-0.03334903493944535,0.0014005990351660777,-7.3453647229951e-24,0.0,0.0,286.84090627968425,-0.002462451251507816,0.000388480705737814
2013-08-02,-0.030201048500793807,0.0013680535521210925,-7.3453647229951e-24,0.0,0.0,286.36273838122236,-0.0023000895093053075,0.0005592216498634615
2013-08-03,-0.03226005458562388,0.0013401493177575582,-7.3453647229951e-24,0.0,0.0,285.96542951436595,-0.0023390595185554634,0.001049497622554585
2013-08-04,-0.03312909704143718,0.0013026459574025902,-7.3453647229951e-24,0.0,0.0,286.23677626212896,-0.0021654475259326273,0.00019028311395375742
2013-08-05,-0.0343864112250549,0.0012720534525348642,-7.3453647229951e-24,0.0,0.0,286.69021156368507,-0.0021001298748756533,8.483254961098119e-05
2013-08-06,-0.03260407941994694,0.0012483839261329783,-7.3453647229951e-24,0.0,0.0,285.2075182237643,-0.0021381882456062875,0.0009738026950902805
2013-08-07,-0.03057513032424248,0.0012192477782567344,-7.3453647229951e-24,0.0,0.0,284.54355176649074,-0.0019856551030682304,0.0007603608537728677
2013-08-08,-0.028716752673946532,0.001199021767088249,-7.3453647229951e-24,0.0,0.0,284.61630468853446,-0.0019343460852143455,0.0015103207066280485
2013-08-09,-0.018090423301788373,0.0014884907141917171,-7.3453647229951e-24,0.0,0.0,282.7449928542315,-0.002861120774921051,0.012872223042498876
2013-08-10,-0.02259473986713226,0.0011796400708667305,-7.3453647229951e-24,0.0,0.0,284.1840620418053,-0.0026745664660876756,0.004309083546617351
2013-08-11,-0.02626158368621169,0.0011266039758078797,-7.3453647229951e-24,0.0,0.0,285.13758948877484,-0.002125360213725244,0.0013549843918805743
2013-08-12,-0.02861912771638504,0.001147609730224825,-7.3453647229951e-24,0.0,0.0,285.00662255870867,-0.0026625655644104984,0.00546443179497778
2013-08-13,-0.025526727954883362,0.0011044720471915554,-7.3453647229951e-24,0.0,0.0,284.28509785855107,-0.0022052641705436224,0.0031296283511742466
2013-08-14,-0.02489483983671598,0.0010932306785367977,-7.3453647229951e-24,0.0,0.0,284.07241246570084,-0.0024950868728975794,0.004306082074766298
2013-08-15,-0.029940644436973637,0.001053282433310471,-7.3453647229951e-24,0.0,0.0,284.8916959636854,-0.0024049181996260664,0.0022449338334192396
2013-08-16,-0.033712738440871914,0.0010121195329784675,-7.3453647229951e-24,0.0,0.0,287.21078663626633,-0.0024972297461692897,8.819133538181479e-05
2013-08-17,-0.038081534754085,0.0009923749050851595,-7.3453647229951e-24,0.0,0.0,289.1555217484297,-0.0023868366718123864,8.52346317969932e-07
2013-08-18,-0.03586308759147838,0.000982273517355407,-7.3453647229951e-24,0.0,0.0,288.62574217054583,-0.002531997038651321,0.0011087386621593757
2013-08-19,-0.035355652582510715,0.0009563726893926073,-7.3453647229951e-24,0.0,0.0,288.67002515200164,-0.0022062704409078018,1.9691757213461075e-06
2013-08-20,-0.034732898118469004,0.000939269692210828,-7.3453647229951e-24,0.0,0.0,288.8416786373448,-0.002054224685255417,3.209962683208918e-05
2013-08-21,-0.027183915809386193,0.0009561830152899533,-7.3453647229951e-24,0.0,0.0,287.6472213982189,-0.0025030213202965465,0.004326606840725753
2013-08-22,-0.020464996075899588,0.0009924292059267984,-7.3453647229951e-24,0.0,0.0,285.64484545605336,-0.002456398233560856,0.008532216862838464
2013-08-23,-0.02754537521277444,0.0008997409525564162,-7.3453647229951e-24,0.0,0.0,287.32323840513067,-0.002461268471838054,0.0009836527343178758
2013-08-24,-0.0213091204647964,0.0009007735946084147,-7.3453647229951e-24,0.0,0.0,285.59922602666074,-0.0021173624679614598,0.0027787579318224375
2013-08-25,-0.028058443449984836,0.0008750264927492304,-7.3453647229951e-24,0.0,0.0,286.31831258209866,-0.0023281092855468983,0.0012393201810815776
2013-08-26,-0.029759734448066538,0.0008502495659273224,-7.3453647229951e-24,0.0,0.0,287.4439294710896,-0.0020282783540291976,3.515626738591357e-05
2013-08-27,-0.02779040199383504,0.0008618796275833907,-7.3453647229951e-24,0.0,0.0,287.08108806071306,-0.0020218121761319333,0.0026593428371493788
2013-08-28,-0.028675763999338206,0.0008244596127062868,-7.3453647229951e-24,0.0,0.0,287.61223583975755,-0.0020325935661456005,0.00016442877424141446
2013-08-29,-0.031124173121600505,0.0008107135019733408,-7.3453647229951e-24,0.0,0.0,287.7117070163935,-0.0019271555909160844,3.525335233047177e-05
2013-08-30,-0.03477665251594479,0.0007978841073095462,-7.3453647229951e-24,0.0,0.0,288.55140200756813,-0.0020028434399157594,1.0883408137133457e-05
2013-08-31,-0.03005302878422926,0.0007854748917164777,-7.3453647229951e-24,0.0,0.0,286.95207683469846,-0.0018620991258550502,4.316942714009306e-07
2013-09-01,-0.02883128451425477,0.0007744667220250361,-7.3453647229951e-24,0.0,0.0,285.59434307766503,-0.0017252302397105655,0.00015932968103909891
2013-09-02,-0.029135804518131216,0.0007626450499572324,-7.3453647229951e-24,0.0,0.0,287.36493347009923,-0.0017248434514480799,0.0001454086458615664
2013-09-03,-0.024789495404157265,0.0007686733694399819,-7.3453647229951e-24,0.0,0.0,287.56331359374775,-0.0018638855761895746,0.0025537232828351775
2013-09-04,-0.026110577549638046,0.0007403700028435658,-7.3453647229951e-24,0.0,0.0,287.7206773596295,-0.0018102862782734261,0.00011198924247948505
2013-09-05,-0.030699283936939673,0.0007291028728592868,-7.3453647229951e-24,0.0,0.0,288.84239689598877,-0.0016985357670629092,3.305397453361962e-05
2013-09-06,-0.030144855885182398,0.000721988031419657,-7.3453647229951e-24,0.0,0.0,289.65875578555233,-0.0017580148148334633,0.0006681947553225156
2013-09-07,-0.02948806607453837,0.0007131983668117201,-7.3453647229951e-24,0.0,0.0,287.9381196656021,-0.0018623020121101607,0.0009150639765680175
2013-09-08,-0.021224057270308676,0.0007195157856591004,-7.3453647229951e-24,0.0,0.0,285.67912895935405,-0.0019374709934164578,0.003411102358524009
2013-09-09,-0.014438986651978252,0.0007090350497240401,-7.3453647229951e-24,0.0,0.0,281.99997653350545,-0.001768043648851457,0.0026634474425876204
2013-09-10,-0.019761795462188075,0.0006807853946578031,-7.3453647229951e-24,0.0,0.0,281.4369894268374,-0.001203696574952643,0.00017284321644686927
2013-09-11,-0.02191999264187732,0.0006707002550868665,-7.3453647229951e-24,0.0,0.0,282.6358539595667,-0.001231446562303325,1.2863817460129212e-06
2013-09-12,-0.017804890576392243,0.0006758619499745342,-7.3453647229951e-24,0.0,0.0,282.3295905908847,-0.0014241508729124473,0.002202903634993343
2013-09-13,-0.011429827723462703,0.0011293595961931735,-7.3453647229951e-24,0.0,8.31350094854495e-10,282.9394136346217,-0.0013367325898870238,0.012378858779041595
2013-09-14,-0.004899681414251273,0.0007414826228793732,-7.3453647229951e-24,0.0,1.031295054376462e-09,281.19460490957715,-0.0022504796921196633,0.010142779619680287
2013-09-15,-0.006984130221571626,0.0007519545191425388,-7.3453647229951e-24,0.0,1.862645149230957e-09,281.43821048556975,-0.002321157078285002,0.010645801839176959
2013-09-16,-0.016566044992983007,0.0006354264283584336,-7.3453647229951e-24,0.0,-1.862645149230957e-09,282.5002822588617,-0.0017600180212892385,0.0005850399953821148
2013-09-17,-0.0196969027573106,0.0006735934376043116,-7.3453647229951e-24,0.0,0.0,284.16221942290974,-0.0020743032843716404,0.0048565625470910374
2013-09-18,-0.021180589067733898,0.0006596701966840669,-7.3453647229951e-24,0.0,0.0,281.97018380533285,-0.0022181546957479362,0.004135698450384894
2013-09-19,-0.013494953260583394,0.0006256409115710501,0.0032255528336864406,0.0018387131477143133,0.00010670706798127817,275.3600498745446,-0.0015296595444702836,0.003901278854661123
2013-09-20,-0.018753119570724036,0.0006109560276828917,0.01029367680379002,0.0,0.000549451684800245,277.593797586732,-0.001623253401179435,0.0001494718641884583
2013-09-21,-0.025438495359178318,0.0006021205651558052,0.006435933086158193,0.0,0.00048621937548373387,282.1553874150508,-0.0016233157261280019,8.583068797918258e-07
2013-09-22,-0.02127737867630134,0.0006088540378936941,0.003536590748587571,0.0,0.0002550739416126478,282.1938964570759,-0.0015784441519760145,0.0015771110515760266
2013-09-23,-0.017145137455167072,0.0006083837673488984,0.00226646179084275,0.00016663638127725676,0.00015668649920972728,278.82753349203625,-0.00231494805591423,0.0031071536958504637
2013-09-24,-0.022409185219955986,0.0005784556690582449,0.0020354247587099816,0.0,9.75215018300687e-05,278.4771988971085,-0.0014334992837097688,8.523463748133508e-07
2013-09-25,-0.016420744275305908,0.0006161744648453879,0.0016887542667137477,0.0007474875172316019,5.37744076070139e-05,278.8893966351526,-0.0017339218628861135,0.005505204638513883
2013-09-26,-0.004757108030009405,0.0006110189998217222,0.03401991562205744,0.008083116284198007,0.00030028195999099713,273.6991939041799,-0.001394376869045072,0.012195027985815276
2013-09-27,-0.003636415311172184,0.0005628776415593207,0.16715839623057913,0.022295410686967065,0.0,269.7319841474688,-0.0006438549976311835,0.0231258560371888
2013-09-28,-0.00903598408577806,0.0005677376089796509,0.20654664695150657,0.0005516666645384104,0.000905153315282811,269.55357735484785,-0.0008712888637420822,0.0005554514752942964
2013-09-29,-0.01326502868011173,0.0006062319386476851,0.18706436300906312,8.269723525828561e-07,0.004042138224520252,274.5244468178902,-0.0010963254792373733,1.816196971838773e-06
2013-09-30,-0.016052845718160187,0.0006423183416916152,0.1468813908751177,0.0,0.006156367981164469,276.45931353452295,-0.0012410183274055605,0.0006011298300186766
2013-10-01,-0.01595593239627989,0.0006003325941872463,0.10410275791548965,0.0,0.0026500733558740995,274.76669469571164,-0.0015164003944245436,0.0012477085752002266
2013-10-02,-0.00877079653874629,0.0005631114298340965,0.0870149831538371,0.0003317278404693819,0.0014780440741339646,274.48536528750776,-0.0007705497529126156,0.0006442017811166365
2013-10-03,-0.0026620671068881196,0.0005592111140321204,0.20832505737994353,0.027581543319642885,0.0,271.10702140003497,-0.0005278206656629083,0.03029733621794496
2013-10-04,-0.0019970601477191947,0.0005296989854446239,0.4023407614612759,0.02912160897322294,0.0,266.2431689691633,-0.00039875829371355357,0.029315703534708245
2013-10-05,-0.009069429573702948,0.0005261136145241517,0.48021311499529196,0.0015270727670798868,0.0,267.06354281323104,-0.0008597235316358045,0.0015270794178806459
2013-10-06,-0.010879411619935334,0.0005548634266449233,0.45911610059145486,0.0,0.0022007639041054725,273.2974069814449,-0.0008565548986280705,8.583068797918258e-07
2013-10-07,-0.012296083998882166,0.0005790784870837367,0.41732506473634656,0.0,0.003928944426404555,275.12504355651515,-0.0010867641638901274,0.0
2013-10-08,-0.011415156856768551,0.0005652848946846138,0.3713061661370056,0.0,0.0030973426955567917,275.5483818341559,-0.0010487811355772666,2.972992126551052e-06
2013-10-09,-0.004728544271935178,0.0005306463457096769,0.3416862990672081,0.0018869630445194786,0.0006747278832109635,272.56559623747,-0.0006530417371436027,0.0030910288260950205
2013-10-10,-0.004596076737352684,0.0005828036931948473,0.33143584113112057,2.590941507264046e-05,0.0025304832027456857,273.5124191708035,-0.00040580563794421614,0.0020601820810698924
2013-10-11,-0.006744413389324469,0.0005313030912377741,0.33316229696327687,0.005310525223191849,0.0003074986996960505,271.45278805662684,-0.0008772047562787762,0.0066661722242609125
2013-10-12,-0.0074785160647947236,0.0005099869380562993,0.3436093087923729,0.0007616628782223848,0.00036885009520808186,267.8052582175045,-0.0007496504060461024,0.0007907158910891431
2013-10-13,-0.005257435058806576,0.0005119771270428674,0.33444598928907726,0.00041221745185932875,0.0005530975338092632,269.48040557042356,-0.0005593164061001466,0.0007090706609736728
2013-10-14,-0.0018657439593541421,0.0005063923065271755,0.38275226945032964,0.015215109697001131,0.0,269.4570972133716,-0.00042414517368132124,0.0160775852404623
2013-10-15,-0.004857138641136515,0.0004963770424578824,0.47263923831803206,0.003703457761113927,0.0,265.93872981960493,-0.0005679191063858022,0.003707600279711475
2013-10-16,-0.008231242581949396,0.0004940643317281864,0.47096772562088046,9.054181265965694e-06,0.0,266.9478665834991,-0.0006197270447924986,9.971385530805666e-06
2013-10-17,-0.004273673445828217,0.0004918029752828308,0.48191428319209045,0.004885099428353337,0.0,266.7546158375713,-0.0005290590563399644,0.004903828121208633
2013-10-18,-0.004026109131716066,0.0004896541773262671,0.5524325325888654,0.00652335533651255,0.0,264.30085880832706,-0.00042630625246776706,0.0065314040008897095
2013-10-19,-0.007239455893888313,0.00048752373221230377,0.5572158037605933,2.60770320892334e-08,0.0,268.4378068209144,-0.0005838190242227187,4.649161837733118e-07
2013-10-20,-0.004414950429046221,0.0004853666838953051,0.5781284483139125,0.010531308645077345,0.0,268.7518492948313,-0.0005183843527473299,0.010676121907853855
2013-10-21,-0.00478800264118755,0.00048331234414698723,0.6100177657132769,0.0014930780829682862,0.0,269.12984836168886,-0.00038256247838338214,0.001558929109298991
2013-10-22,-0.0072722367647677505,0.0004897039320509313,0.5901465119615114,1.2669628117717594e-05,0.0005493164378202568,272.29736943792716,-0.0005644298879440222,1.6141998565803142e-05
2013-10-23,-0.006326180056663556,0.00048726990734790013,0.5612271123911252,0.0,0.0005199926573846301,272.53726141690765,-0.0005657965170040643,4.270704074826881e-07
2013-10-24,-0.005692316819045504,0.000498964540702475,0.535823383798258,5.224877494876668e-07,0.0013993086851080932,272.2224158055365,-0.0004669499325718584,1.8163083628205847e-06
2013-10-25,-0.007850581180241149,0.0005056551620785126,0.5086504402807204,0.0,0.0019036760648428385,273.3681190512275,-0.0006231790734718076,2.145422342891834e-06
2013-10-26,-0.008346832446796073,0.0004993745331036843,0.4817770402983757,0.0,0.0015840425056084402,272.4957649712284,-0.0006830668666184286,0.0
2013-10-27,-0.008993467242367523,0.00048146081172813806,0.45940552907250476,0.0,0.0006075025362483527,272.63236882771923,-0.0007881852298301492,8.465244989224951e-06
2013-10-28,-0.0023008914569676935,0.0004691222293228754,0.45337994534192566,0.0031376962607863263,0.0,269.95272958974607,-0.0004246302191062837,0.003230756942070783
2013-10-29,-0.0033934796597324527,0.00046731455851409395,0.4664858370850989,0.0011753647214612045,0.0,268.27633197877816,-0.0003059802124392515,0.0011812651561428698
2013-10-30,-0.004389600817766567,0.0004655350904680241,0.46571180555555564,0.00011774384032535016,0.0,267.6773293310191,-0.0004204800510305469,0.00012060999870300293
2013-10-31,-0.003833524377669319,0.0004637473720615194,0.4601740432997882,0.0011585915282284474,0.0,268.1893326567167,-0.0003073259367276046,0.0011642590586025266
2013-11-01,-0.004554998992526599,0.00046201260749903104,0.4871777895480226,0.004665108050330211,0.0,266.83062858725225,-0.0005518851885940396,0.004762895464218683
2013-11-02,-0.006278064333449651,0.0004602663934567554,0.49096472788665263,7.838684286774889e-07,0.0,268.9971296270913,-0.0005668618763654919,2.0719866007943817e-06
2013-11-03,-0.004052808097863602,0.00045848372629133326,0.4862809980431968,0.0037391228485578873,0.0,268.7560146928058,-0.0004903708063697411,0.00377114521244825
2013-11-04,-0.003835602626625428,0.00045680351513253774,0.5270614480343692,0.001788202357494225,0.0,261.6025482328598,-0.0004837478716242112,0.0018174931996286254
2013-11-05,-0.004118830344434513,0.000455161609218619,0.5261531621498353,2.6861826578776043e-05,0.0,260.73616581717454,-0.0004080046378707482,2.950584810876556e-05
2013-11-06,-0.0038623260491985386,0.000453493100101665,0.5244432582244586,0.0010206409345912394,0.0,263.44087631599155,-0.000332207792559586,0.0010277674022358824
2013-11-07,-0.00449340201198718,0.0004518195397436282,0.5249655628383946,0.0001946186783623561,0.0,266.6098658387495,-0.00038647611157200437,0.00019881435696558742
2013-11-08,-0.0075489130228926235,0.0004501842846304684,0.5206834466219398,0.001258191710474801,0.0,269.69227039746653,-0.0007486461193463897,0.0014764365377627684
2013-11-09,-0.0027046888898321466,0.0004484726715896089,0.5167850128001413,0.0003983848175760043,0.0,266.8655229701385,-0.0003037857165360182,0.000402090660596298
2013-11-10,-0.00498263563139964,0.00044689011775841145,0.5112610438000236,1.6515243188136043e-06,0.0,270.3255947888908,-0.0003847317970068442,2.782596255710198e-06
2013-11-11,-0.004345972112006388,0.0004451886071997174,0.5007802384945857,0.0007373472559923508,0.0,270.6896953079885,-0.00040913260631305357,0.0007418535523495433
2013-11-12,-0.005363867949631255,0.0004435696002453735,0.4993901082126884,0.0002723286128313528,0.0,270.24509264340736,-0.0004228272259572132,0.0002732073183113573
2013-11-13,-0.00531037172860345,0.0004419226430903721,0.49053047022128066,0.0007938220676055736,0.0,272.759334003858,-0.00045533981805635716,0.0009021646731205969
2013-11-14,-0.004859230317975169,0.00044029033453451036,0.4974956045491996,0.001827993235513989,0.0,268.9294018862162,-0.0005798055553587817,0.0018856374557067851
2013-11-15,-0.004715870160841,0.000438659878100379,0.49213232697740117,0.0,0.0,266.0839378155782,-0.0004572432835475874,8.486757039751307e-07
2013-11-16,-0.0035525921963702493,0.00043704912150647004,0.49204565935440214,0.0013846754185897483,0.0,264.6369204512199,-0.000358717426615583,0.0013893916275865479
2013-11-17,-0.0044828324163027405,0.00043547321847603145,0.5182080170080039,0.002618755850583147,0.0,262.70193279934466,-0.00048308191284284754,0.002688924336735192
2013-11-18,-0.004905572929288035,0.0004338707122425575,0.5213034534633946,8.658037684058065e-07,0.0,266.0489449976977,-0.00039834881695987147,1.1420856087894764e-06
2013-11-19,-0.005697895030854112,0.0004322517052882135,0.5132748591248824,5.7657391338025105e-06,0.0,270.8240745637826,-0.0006187392851222034,8.04603773321809e-06
2013-11-20,-0.0024199270680125826,0.00043068245305853377,0.5055223597869586,0.0012622311669217665,0.0,268.1234707697637,-0.0002725518513786591,0.0014266555923457592
2013-11-21,-0.0026081025516246003,0.00042909804710560603,0.6148902332715396,0.00925675663823462,0.0,259.1741232036871,-0.00042505821181555926,0.009263595702957974
2013-11-22,-0.002993253370126089,0.00042754689515647244,0.6478715167431733,6.865478504849019e-08,0.0,257.5649715251169,-0.00025405013397083445,6.785500521040233e-08
2013-11-23,-0.0033621704258487723,0.0004260005418863674,0.6406284483139125,0.0,0.0,261.11366296757416,-0.00019519886075608473,8.547270340386603e-07
2013-11-24,-0.004875803145311647,0.0004244376878953924,0.6315630609257298,0.0,0.0,266.13581496129154,-0.000271024029849276,1.3038645079177513e-06
2013-11-25,-0.003365375690877774,0.0004228351816619184,0.6204289150776836,1.2768695583451267e-06,0.0,266.13727715055825,-0.00025536320935198143,2.262147760983819e-06
2013-11-26,-0.003522543162949342,0.0004212954791925722,0.6098012115995763,0.0,0.0,265.16080068239836,-0.00021743143535098115,1.7225742112714215e-06
2013-11-27,-0.004337039497275811,0.0004197408755620321,0.5999829423405132,0.0,0.0,268.8100387192491,-0.0002924948772889073,2.569696334830951e-06
2013-11-28,-0.004349247336724384,0.0004181663195292155,0.5895499536546611,0.0,0.0,267.51568876147945,-0.00027884033608571284,8.52346317969932e-07
2013-11-29,-0.004985249943315647,0.00041661331545835164,0.5795457053319211,0.0,0.0,269.03819611472153,-0.0003316085048988041,1.2814997489840607e-06
2013-11-30,-0.003125223862586049,0.00041504381066661774,0.5699665191707863,4.05523736598128e-05,0.0,267.06861312420807,-0.00022393719708852178,4.364215047522115e-05
2013-12-01,-0.0025338421938783037,0.0004135304588382527,0.5631034549346752,0.0006353108601718301,0.0,266.8979380260978,-0.00023128096498338519,0.0006413562486400712
2013-12-02,-0.004478639381080024,0.00041201710700988775,0.5787468459422082,0.004120667670237816,0.0,268.7580376784905,-0.0003760719598181503,0.004216657688388717
2013-12-03,-0.0015381596940385422,0.0004104790041002177,0.6564939107374059,0.010633584932755616,0.0,260.60668891791795,-0.0004455404050942868,0.010735893417863684
2013-12-04,-0.000798015776327101,0.0004089739026322877,0.7117064740024718,0.000870589040598627,0.0,248.26726250729317,-0.00015315087249050035,0.0008768727213649427
2013-12-05,-0.0008968185570280432,0.0004075217550083742,0.7140287984786959,1.93189345510666e-05,0.0,245.54037377524511,-6.289043500598542e-05,2.201932548296819e-05
2013-12-06,-0.0005106686872277556,0.00040604805542250816,0.710924626294727,6.871636809602297e-05,0.0,242.8445834215527,-4.499155165111952e-05,7.715015889443287e-05
2013-12-07,-0.0006352247154645328,0.0004045975073582708,0.7095200130943974,3.263875210689286e-05,0.0,245.63698773285316,1.938288536785686e-05,3.9733628215740307e-05
2013-12-08,-0.000984829613717936,0.0004031520105351163,0.7087439125765067,0.00025043587100371135,0.0,249.87308417785417,-1.9698009147482407e-05,0.00025441665086913223
2013-12-09,-0.0006867620652004824,0.00040165835854697363,0.7122526869262006,0.0013047606173881704,0.0,249.4206166994774,-1.4068390437438663e-06,0.0013091453746293762
2013-12-10,-0.0012751789921421116,0.0004002392123648002,0.7569076624293786,0.00391789127962064,0.0,257.31013299112266,3.170253614247856e-06,0.003922010629864063
2013-12-11,-0.0023162466826411963,0.00039882511742370954,0.7964977544579802,0.0007640706364717861,0.0,257.4953906962652,-8.064362688758279e-05,0.000766847463548574
2013-12-12,-0.002697441579595124,0.000397356216516872,0.7853417692884886,0.0,0.0,264.77226054376575,-1.4334864451386835e-05,4.351138045421976e-07
2013-12-13,-0.0025790455819523273,0.0003959503719362162,0.7698282647716573,0.001244926772548654,0.0,265.2578756544325,-7.519364293854116e-05,0.0012462030021808106
2013-12-14,-0.0026533171366163568,0.00039451792415252517,0.7735935936764361,0.000975306845654202,0.0,263.85112613742643,-6.173721561997624e-05,0.0009823535626549908
2013-12-15,-0.0050363368486280495,0.00039310197708970415,0.7584759555967515,4.106322250797251e-06,0.0,267.62865252234394,-0.00025149246961888623,5.194393152624659e-06
2013-12-16,-0.006342844016807902,0.00039165967938590185,0.7382072261946799,9.178105047193625e-07,0.0,268.3437702516603,-0.0004889446778991129,9.213632059737011e-07
2013-12-17,-0.005707095866486178,0.0003902354819626458,0.7202369129590395,6.1190524006967495e-06,0.0,267.8537199340073,-0.0004288319835049959,6.964061893312271e-06
2013-12-18,-0.006070280016142097,0.0003888163357804724,0.7028312036546611,0.0,0.0,270.3487724225175,-0.000456178497712491,4.351138045421976e-07
2013-12-19,-0.0011226671226954056,0.0003873607364751525,0.699378981653131,0.003553099446209137,0.0,263.0064100743238,-0.0003036776041917208,0.003558700148566349
2013-12-20,-0.002174907863813605,0.00038596954049363656,0.7433801568385123,0.00015918285412303473,0.0,256.48826384319875,-9.947415904305077e-05,0.00016004350553458675
2013-12-21,-0.00116974048021823,0.0003845767449524443,0.7450666122292844,0.002149867051738804,0.0,259.3062245967025,-3.9499379315618746e-05,0.0021566882307684086
2013-12-22,-0.0005311658237613528,0.00038321375173363983,0.7982940961187619,0.005022512149002593,0.0,258.38869959082314,-6.9083235526489e-05,0.005030016488947536
2013-12-23,-0.00147692918103967,0.00038179940423049494,0.8576827974193739,0.001343464973451054,0.0,260.40334039533656,4.934382724896663e-05,0.0013507033302609392
2013-12-24,-0.0024183589102184703,0.000380424708969849,0.8652203518567562,0.0044938623905181885,0.0,265.00741929163814,-0.00010860369325020894,0.004531759107751416
2013-12-25,-0.0026500116886392154,0.00037906331531072074,0.8657247252383475,3.518294648262067e-06,0.0,261.86650304560834,-0.00011039746262259405,6.949513955196329e-06
2013-12-26,-0.0033833692639561024,0.00037768196924931584,0.8472509581714927,2.364161829490446e-05,0.0,266.15012829811116,-0.0001084478466776805,2.407340669906724e-05
2013-12-27,-0.0039991653487507235,0.00037632882595062256,0.826668662090984,0.0,0.0,269.0060122933541,-7.621622986375949e-05,8.52346317969932e-07
2013-12-28,-0.002054290035686924,0.00037496238105041166,0.8081406415519068,0.0016578329821764412,0.0,267.33614016028224,-0.00026813588278778533,0.0016611996343580346
2013-12-29,-0.0020044151335786293,0.00037362573847258835,0.8033734625117703,1.615231151634691e-05,0.0,258.1391218081257,-0.00011060251144029326,1.8153402764918443e-05
2013-12-30,-0.002617766922813351,0.0003722675439328124,0.8229373565501413,0.0046502464782383485,0.0,263.12936783196113,-7.766223181102237e-05,0.004656043636177817
2013-12-31,-0.0030226166975700253,0.0003709341004743415,0.8307222700388419,0.0005730715932819129,0.0,265.5082082335334,-0.00011357608235488506,0.000579182925151332
2014-01-01,-0.0016850198982125621,0.00036959080709575936,0.8925930676936206,0.0116915382907889,0.0,263.6167879876893,-0.0002082116365180177,0.011727120287315564
2014-01-02,-0.0017862248387040395,0.0003682541645179361,0.9377075884975283,2.455401976229781e-05,0.0,262.56881371190997,1.2073523791159615e-05,2.575072547523309e-05
2014-01-03,-0.0023777824589761637,0.000366935622220659,0.9171165566884417,0.0016580519219071181,0.0,266.86724564000934,-5.445127391209038e-06,0.0017381378101841403
2014-01-04,-0.00214693724772351,0.00036562373072414073,0.9323339659839927,0.003749405817881143,0.0,257.97845265375923,-0.00037508047485755656,0.003756169124397989
2014-01-05,-0.0010938359434995275,0.00036429361266604926,0.9820552042873117,0.001962932742248147,0.0,250.35802101954232,-0.00023225140310613451,0.0019672461653833335
2014-01-06,-0.0013955303673016824,0.0003629882456892628,0.9812588736611347,2.425587025739379e-05,0.0,252.74031621498355,3.2396881846384814e-05,2.6341876975614263e-05
2014-01-07,-0.00197426515952342,0.00036167462835204133,0.9696785159928203,0.00010741523093422929,0.0,263.8819646565928,2.8804565469423928e-05,0.0001116533987524595
2014-01-08,-0.002514681615735178,0.00036039081333720757,0.9571827459245529,0.0005227184649241172,0.0,263.40684389663954,2.4472526406164223e-06,0.0005249089270985595
2014-01-09,-0.002332859288501201,0.00035909542256155934,0.936757463070857,0.00015951133212127258,0.0,263.71991943819154,-2.7834827154032932e-05,0.00016492507541791173
2014-01-10,-0.0023682756023218404,0.0003577949805448284,0.9430669579802261,0.0034949650703850438,0.0,262.2025149932689,-0.00014895285442892442,0.003499909406749316
2014-01-11,-0.0038107580552666875,0.0003565160904900503,0.9434363873440444,0.00022774177082514362,0.0,265.19330707557236,-3.9407536176975164e-05,0.00022889525895270656
2014-01-12,-0.005222034908957401,0.0003552537011561421,0.9252295197740114,0.002096495028101118,0.0,265.5693485741337,-0.00046130792779774325,0.002294619629279716
2014-01-13,-0.00437004110739056,0.00035398146190212274,0.9203395807585923,0.0007011638059791199,0.0,262.9308333028732,-0.00027660580383519,0.0007046574252123749
2014-01-14,-0.0023338878053729816,0.00035269752060626184,0.9689051741260593,0.00993174506025126,0.0,262.38691972204526,-0.0002507924254836336,0.009962979177856985
2014-01-15,-0.003993784177438014,0.0003514284804715949,0.9889465446975046,1.4285246531168621e-05,0.0,266.29215622307447,-8.626614755156351e-05,1.6427449095818565e-05
2014-01-16,-0.0056204438883032505,0.00035018099229888055,0.9652667431732581,0.0005648621899933465,0.0,264.57587754344763,-0.00047526849528490493,0.0005805423536210681
2014-01-17,-0.003958401959494683,0.0003489268533254074,0.9464568804437383,7.594604108293178e-06,0.0,264.7108380053677,-0.0001241950013038129,8.298549172622122e-06
2014-01-18,-0.005554623986031376,0.0003476727143519342,0.9268205718132064,5.584147016880877e-07,0.0,266.6676674715319,-0.00020779626138802977,1.695870006151792e-06
2014-01-19,-0.0065730190125562376,0.000346449977260525,0.9061828728225048,0.0,0.0,268.84295436981256,-0.0003231054245583755,4.351138045421976e-07
2014-01-20,-0.005167165465947599,0.00034521233900792185,0.8901447648157957,0.0005189547851934272,0.0,264.8092866814967,-0.000433286252079037,0.0005228790083357115
2014-01-21,-0.00472006862614788,0.0003439747007553187,0.8769696769067797,0.0,0.0,266.2053070427559,-0.0002680636184700465,1.2961114066456503e-06
2014-01-22,-0.0012016705958183204,0.00034276526526542706,0.8723650283957158,0.0033244801695737464,0.0,264.76922107775556,-5.790085589649987e-05,0.003329453360460626
2014-01-23,-0.004279524298374263,0.00034152922657250016,0.8917831736993881,0.00024669493238131207,0.0,259.75342334237257,-0.000310932259775151,0.0002502527410446147
2014-01-24,-0.004972980520819541,0.0003403229902019609,0.8809717900335453,0.00025684857940943233,0.0,266.28311248463206,-9.501051936445937e-05,0.0002639137337455858
2014-01-25,-0.007932537945650391,0.00033910530435163425,0.8660695566295905,0.0,0.0,270.25004954436855,-0.00037213657998432545,8.561631332380436e-07
2014-01-26,-0.0035162179567719584,0.00033790226710044734,0.8543616113465161,0.0037347262272727022,0.0,265.9114466665379,-0.000539661769223752,0.0037373115787966782
2014-01-27,-0.0024508183116966724,0.00033671093189110193,0.8720900828330981,9.878112350480031e-05,0.0,254.36206653113646,-0.0003397670905973952,0.00010050580663196112
2014-01-28,-0.0032431017291747917,0.00033551959668175657,0.8657125411958568,4.709082639823526e-06,0.0,252.99924430559813,-0.00015154054735676717,6.423114679670252e-06
2014-01-29,-0.0016487662569951204,0.00033432161067165224,0.8612262847957863,0.001711562107511833,0.0,261.820913526747,6.0766346037051105e-05,0.0017178158391057663
2014-01-30,-0.001211416334082178,0.0003331550265436119,0.9136296216601931,0.008133581781623055,0.0,263.690525992442,9.308542824734402e-06,0.008154560010894516
2014-01-31,-0.0026354467717267702,0.00033197194169470146,0.959719785413724,0.0004151690603986299,0.0,258.77304165870686,-0.00016998600656703368,0.00041887838247156025
2014-02-01,-0.0023308205655065634,0.0003308120083674199,1.0049940780955746,0.004800093628592411,0.0,255.7935088709025,-0.00027482620424638363,0.00480753686253071
2014-02-02,-0.0028645293524036304,0.00032963877343862076,1.0303842433203863,3.1716953226401983e-06,0.0,254.43252132796522,-6.610553416997027e-05,4.026134748569528e-06
2014-02-03,-0.002217173071230872,0.000328485490912098,1.0197087232226931,4.0872832812831905e-05,0.0,254.79950676754595,-5.5039922396341964e-05,4.270432012099983e-05
2014-02-04,-0.0007334802362878443,0.00032730560518254,1.030261943120292,0.0024145891058579678,0.0,252.7275906866329,-0.00015269177781660005,0.0024182412583949207
2014-02-05,-0.0007488686317777903,0.0003261853240977573,1.0548537087305792,0.0005416987979479429,0.0,246.81132232536706,-0.00011918993172167385,0.000549195967722801
2014-02-06,-0.0016425408549227958,0.00032502539077047576,1.0518047095692091,5.5099021917009097e-05,0.0,246.03391140508563,-4.9078021472120014e-05,5.7782241180118205e-05
2014-02-07,-0.001985704368453915,0.00032387530736330543,1.0456901593396892,0.0001598313282438591,0.0,251.47713501709333,1.5053008867185669e-05,0.0001635043110959718
2014-02-08,-0.0011053173723867386,0.0003227550262785227,1.0636485184204334,0.004287012847466657,0.0,257.2271167877255,4.2116806163626206e-05,0.004293535710309755
2014-02-09,-0.0014984836265192196,0.0003216198440325462,1.1781196666078155,0.006697979855672115,0.0,258.9390098011427,6.403432011941059e-06,0.006701870004701697
2014-02-10,-0.0030829061643551973,0.0003204846617865697,1.207844362420551,0.0006166766213495179,0.0,260.76189253783724,-6.923926625884859e-05,0.0006213412109741384
2014-02-11,-0.0030788260664643546,0.0003193726310622221,1.1847836481873824,0.0007916006580584469,0.0,262.93366749722185,-8.061690792693931e-05,0.000793761901722601
2014-02-12,-0.003474269083327493,0.00031826885069830945,1.1770493099693973,0.0023505569219925983,0.0,263.48843572368725,-0.00013904588160205023,0.0024013123942284126
2014-02-13,-0.007585908691425108,0.000317141918812768,1.1503154517567094,0.002040852008566345,0.0,267.64058930276707,-0.00028400781359207833,0.002075294283138911
2014-02-14,-0.009753501937214266,0.00031603653888917916,1.1387206111699624,0.001984728889613502,0.0,264.28767669807047,-0.0007789215693871181,0.0020769031200110976
2014-02-15,-0.008026981421109648,0.00031493595764461884,1.1319446743320387,0.0037859117580672443,0.0,266.8681032859673,-0.00044513523241894394,0.003790283893358964
2014-02-16,-0.007596573250441902,0.00031386038004341775,1.1125518166637243,0.0026980482546959893,0.0,269.304006091619,-0.00029052611924497424,0.002989979989008769
2014-02-17,-0.008722237064003272,0.0003127581992391813,1.1262395539077215,0.003526243175995552,0.0,264.65220900354194,-0.0007207613269993142,0.003558419671133451
2014-02-18,-0.010507973489788295,0.00031166932003646254,1.1190546470397835,0.003880962182236257,0.0,265.2678232749752,-0.0006799061156514674,0.003894627717152881
2014-02-19,-0.004026744451563238,0.00031059029075385493,1.1206190321180556,0.0030240521760983657,0.0,263.68797383425147,-0.00027197712011593214,0.003029532301121566
2014-02-20,-0.006868911412476147,0.00030951631271232996,1.1300058023628767,0.0008783691515356809,0.0,258.4211422620296,-0.000633894560574475,0.000884562309738741
2014-02-21,-0.004082935130865561,0.0003084356838700462,1.1492145200682675,0.005455655714044464,0.0,260.0833412967833,-0.0002500941229742126,0.005477205946004305
2014-02-22,-0.002330382075686913,0.00030738645690982626,1.219892541342985,0.005334317031721611,0.0,257.96465298280884,-0.00027390722038045444,0.005340396970633383
2014-02-23,-0.0018806372069369605,0.0003063090271868948,1.2957069411340632,0.004209444537169516,0.0,257.24641885057014,-0.0001432892398140525,0.004214772096950218
2014-02-24,-0.0011922967972728493,0.00030526072628754005,1.3204531912076272,0.0034186885097606035,0.0,261.0661962979707,4.8563089537418504e-05,0.0034252272318935767
2014-02-25,-0.002536670047011079,0.00030419659816612634,1.3636693002589455,0.0058409969853816055,0.0,260.05325006675366,-0.0001416340743922918,0.005847891272793123
2014-02-26,-0.006575874900077024,0.00030314989682644775,1.3847322912988467,2.7560939391454062e-06,0.0,259.28676390423396,-0.00025025069040093725,2.7602506896196785e-06
2014-02-27,-0.00751431320009932,0.000302094019065469,1.351506637314619,0.0,0.0,264.43923367573944,-0.0001144213970266493,1.2814997489840607e-06
2014-02-28,-0.0015223290202981334,0.00030105144290600797,1.3566579585246,0.00883026469477826,0.0,264.54171577999597,-0.00018243633715783137,0.00883822954650739
2014-03-01,-0.0007229405271131441,0.00030000886674654687,1.4533951179231406,0.007180817467344684,0.0,255.41533386101162,-0.0002754009460325295,0.00718923064611726
2014-03-02,-0.004995286043754406,0.00029898944210871465,1.4979277932262245,0.000273067609401746,0.0,258.49974366814854,1.6560551768305614e-05,0.00027653828287595064
2014-03-03,-0.00956964480169749,0.00029794846550892977,1.4542553573004944,0.00025056990779052344,0.0,267.3005910359758,-0.0002738992173203641,0.0002615732324949193
2014-03-04,-0.006731087499755925,0.0002969255891896911,1.4050106759798728,0.004060450604574829,0.0,267.88143224770073,-0.0003494884040059343,0.004140540368139408
2014-03-05,-0.008057255192665059,0.00029589631463174766,1.3773568076153484,0.00023763877271258901,0.0,266.5454931995514,-0.000351789244319086,0.00023805709544724328
2014-03-06,-0.007600043663534068,0.00029491494267673817,1.3300893894921142,0.0005768898895568094,0.0,270.50202063652085,-0.0003121289461430184,0.0007579551902721973
2014-03-07,-0.004370174039218386,0.0002938739660769533,1.3171257981697269,0.00863940201405078,0.0,268.8295791683448,-0.0003989403699077455,0.008826528396983606
2014-03-08,-0.008714023703909191,0.00029286599091890846,1.3308298574329096,0.0017952241929574204,0.0,267.4193841535493,-0.0003090789173282473,0.001805865949727775
2014-03-09,-0.011827967724220902,0.0002918598678825939,1.290444814103696,3.1032047029268945e-05,0.0,271.9405446241131,-0.000748421996831894,3.427961940676558e-05
2014-03-10,-0.009487072795124377,0.0002908651943260667,1.2505232241643127,4.207052416720634e-06,0.0,272.1862656113792,-0.0004338055196623345,0.0001083283605198939
2014-03-11,-0.008079152322758389,0.00028989872353225106,1.278047895700918,0.011219152854492438,0.0,265.95585107533947,-0.0008996103674510105,0.01162829464775021
2014-03-12,-0.008534564431441034,0.0002888758472130124,1.2886498517684795,0.0,0.0,263.852065508424,-0.00033824600405612235,0.0
2014-03-13,-0.01079510977375979,0.0002879027256184379,1.265424767905485,0.0,0.0,267.3277256457371,-0.0003162575096397077,2.571940399320738e-06
2014-03-14,-0.011054588071370532,0.0002869296040238634,1.2416162293285076,6.988438340903676e-05,0.0,267.2285711213021,-0.000462285732313738,0.0001144265218179776
2014-03-15,-0.00672149738181109,0.00028592827966657735,1.245548686514242,0.0082445223999899,0.0,266.38847424350894,-0.000508749252448311,0.008320302192100698
2014-03-16,-0.011182941917308979,0.00028498655995406677,1.2689008982168077,0.0001514744497625168,0.0,268.03058668089903,-0.0004003782214670532,0.00015374162771774542
2014-03-17,-0.009434631357421985,0.0002840432406818799,1.2443213166490115,0.0031977229788478483,0.0,269.1867060005778,-0.0005755981083138515,0.003675235235991069
2014-03-18,-0.005211805261797825,0.0002830352655238351,1.357929696695504,0.016478764703549913,0.0,264.3626451869469,-0.0005267003424844499,0.016517825753714604
2014-03-19,-0.008493580260856004,0.0002820919462516483,1.3977754237288136,0.0022832925120989484,0.0,263.27333786168793,-0.0004162351037822875,0.0022921456118761485
2014-03-20,-0.010857139308910586,0.00028110552305555614,1.375841388594633,0.00012602244561674906,0.0,265.4547269896599,-0.00048550237285888804,0.00012700599792184108
2014-03-21,-0.006180677626092556,0.0002801555529826105,1.3595658067031544,0.001475255578587958,0.0,261.8371014388493,-0.0005540604529491926,0.0014778417626904246
2014-03-22,-0.003921752090507982,0.00027920558290966485,1.3761970247028015,0.003329105654173652,0.0,259.56934231688075,-0.00035930017146181925,0.0033331022641222307
2014-03-23,-0.0068897227362050865,0.0002782391121158492,1.3918636343573447,0.0009509279145359321,0.0,261.24445733108087,-0.0002530278837950216,0.0009546289163532014
2014-03-24,-0.005449788550199088,0.00027730059152269093,1.4012205192149247,0.002606692518723213,0.0,261.78014753812226,-0.00029920681911168126,0.0026097881807881722
2014-03-25,-0.011304130998708436,0.0002763341207288753,1.3984549714571564,0.00040057360452447235,0.0,266.3182150451028,-0.00026752855523494684,0.0004037098924779027
2014-03-26,-0.011273068896794724,0.00027541555253799354,1.368406593911841,0.0001227575548961338,0.0,270.3358198262878,-0.0004894474921169255,0.00034174744018727107
2014-03-27,-0.004779555703287071,0.00027442912934190136,1.3964625356785547,0.011684237005936224,0.0,267.50937880679487,-0.00033065828226380435,0.011725447356307305
2014-03-28,-0.006664854784806571,0.00027349565998982577,1.4560838832244587,0.004763798651385443,0.0,265.5981166178673,-0.00043729934736160236,0.004823909236920514
2014-03-29,-0.013746230952483784,0.00027253398787503865,1.436680680614407,1.880932746633972e-05,0.0,268.528534431242,-0.0005527668669398896,4.0018491049998016e-05
2014-03-30,-0.007805700398097605,0.00027178143714107363,1.417226213070857,0.004957548831984149,0.0,270.2014014536827,-0.0004550004851515011,0.007143095366639418
2014-03-31,-0.007537420144525625,0.0002706603983701286,1.4836494747528248,0.01240488838425464,0.0,266.13531590765257,-0.0007103722605664853,0.012532824580861324
2014-04-01,-0.010296085333756809,0.0002697152269762115,1.4915079522716572,0.0002660912561551326,0.0,265.16618447384593,-0.00044634005338963813,0.0002869336450167295
2014-04-02,-0.006724668550962784,0.0002687370541405543,1.4713865808174436,0.0029911025095794162,0.0,265.79612918358066,-0.00034433051859591643,0.003014408599185405
2014-04-03,-0.0073630173327559134,0.00026780678390783105,1.4705371461570151,0.0025929087972910393,0.0,264.207228978475,-0.00042465443875493305,0.0026096693539000367
2014-04-04,-0.011296004056930544,0.00026690311687814315,1.4614241720368408,2.110078088981284e-05,0.0,265.19714373069525,-0.00043226940567884077,2.3240641267634115e-05
2014-04-05,-0.010687680988661987,0.00026594969512379107,1.4365496446857344,0.00036909645896846975,0.0,266.73927643339516,-0.00040543730249681045,0.0004200179697080384
2014-04-06,-0.00832593680943473,0.00026503432605226167,1.4173151795697976,0.0019863891062763452,0.0,266.97183181920747,-0.00038079190262630167,0.002040059888531173
2014-04-07,-0.008897637369605782,0.000264092606339751,1.4258290666195859,0.003974891483446973,0.0,267.07991888832913,-0.0004674362513305104,0.004034529644812244
2014-04-08,-0.014662041081547063,0.00026316233610702773,1.4147328522245763,6.553448610386606e-05,0.0,271.4898813287193,-0.00041491127872871146,6.58289760175813e-05
2014-04-09,-0.0174704197015466,0.00026228847139972753,1.3824839906279427,5.86554323886074e-07,0.0,274.4042866234501,-0.000803530626630379,0.0008915738534119171
2014-04-10,-0.009717971675813536,0.00026136485196776314,1.3704597200153013,0.004330451984358373,0.0,271.1481954714673,-0.0008279675838805862,0.004995994598076223
2014-04-11,-0.01602529305017601,0.00026041462933276336,1.3546887413930084,2.1244888588533567e-06,0.0,271.9035017584677,-0.0007557345522662341,5.124334842867286e-06
2014-04-12,-0.00808076669940841,0.00025955061454557436,1.3289783427495294,0.003819297094129574,0.0,271.4230488778957,-0.0005110543705312546,0.004167042949483734
2014-04-13,-0.004848215960513401,0.00025861874475317494,1.4419046463041432,0.01744202939046305,0.0,264.89675030106656,-0.0008122214395026704,0.017584152073504975
2014-04-14,-0.009054951243481393,0.00025771162604208047,1.4773861872498824,0.0001650886810095297,0.0,260.7852911940178,-0.0004991730359398713,0.00017185995804344862
2014-04-15,-0.012665360408314206,0.00025682605929293876,1.4605094492996706,0.00029889725695895613,0.0,267.74689972153715,-0.0004029926912343435,0.00038595674401622717
2014-04-16,-0.006696871613378579,0.0002559553937049909,1.500778629281427,0.011332095006091447,0.0,266.94076065379573,-0.0003597730570762171,0.011537892026511166
2014-04-17,-0.013693185596816284,0.00025504827499389654,1.5299704456508947,0.0009434148669242859,0.0,267.7924896427018,-0.0005533130323819522,0.0009477053825788443
2014-04-18,-0.01427983315819401,0.00025501880942091433,1.5023025541431263,0.00014311210962675386,0.0,273.45186208017356,-0.0004925838340136965,0.004223767007092621
2014-04-19,-0.018683108569538524,0.0002532869914157243,1.4648823711158194,0.0,0.0,272.56082533712447,-0.001185604592122264,5.10991966657046e-06
2014-04-20,-0.017951258200373355,0.00025245277895092293,1.4280546084186676,0.0,0.0,274.0866809636635,-0.0008580673559658272,0.0006694780231195656
2014-04-21,-0.01692584337992857,0.0002515456602398285,1.3930169804172552,0.0,0.0,271.78944992525203,-0.0009402853968200712,0.0
2014-04-22,-0.016428270540331715,0.00025926008399597,1.3602432854431499,0.0,0.0006530285092060177,275.50801630972023,-0.0008312753785801473,0.0004289469308098831
2014-04-23,-0.015164119249346566,0.0002608058479546154,1.3371788930084747,0.006455329094229445,0.0005897342485223113,272.94690924534916,-0.001357916858320856,0.007291364131000757
2014-04-24,-0.015351919846682901,0.00024896001411696617,1.3586529230667372,0.001309649755725753,0.0,268.71918442289706,-0.0014465858707320219,0.0013289531328487204
2014-04-25,-0.01461032306575506,0.000248127401211841,1.3445329971457156,7.277565066423794e-05,0.0,271.31083624960115,-0.0005549699867849297,0.000133638395393878
2014-04-26,-0.01311999664636655,0.00024738099615452655,1.3285859246262948,0.0009228441927392606,0.0,273.0459581148827,-0.0006674028417400722,0.0025695108761171937
2014-04-27,-0.008911360876034882,0.0002465103305665787,1.3275293612435264,0.0037548047422015737,0.0,271.1077293281052,-0.0008320532433983297,0.005050058267441165
2014-04-28,-0.011088745279163965,0.00024558645857256014,1.3323825182438798,0.0034251605386787895,0.0,267.67359736455137,-0.0011136361824001296,0.0034340285817108587
2014-04-29,-0.006938818358095353,0.00024475384566743496,1.3735650416372414,0.009593395737268157,0.0,266.5428970538066,-0.000523983016820614,0.009613999286613896
2014-04-30,-0.01274246023704777,0.00024394598384361484,1.4317351088012007,0.003680726039712712,0.0,266.64186161924897,-0.0007201018032886214,0.003697153757452776
2014-05-01,-0.01779840945524011,0.00024309021941686085,1.423187658162665,3.223154841169799e-06,0.0,268.7622169236006,-0.0006913679078389696,4.952816293437428e-06
2014-05-02,-0.01887388716814882,0.00024229565919455838,1.4055805673258006,0.0,0.0,274.4214142585654,-0.0005020580259756854,0.0001094526658396532
2014-05-03,-0.020896060276502947,0.00025577540114774547,1.3718024934528015,0.0,0.0010544636449908132,275.8620870773402,-0.0008824673549687796,7.405328208400698e-05
2014-05-04,-0.02018504438258834,0.00030428853075383075,1.3317654999411488,0.0,0.004227876073896549,276.46845366052315,-0.0009082802808133224,0.0005424007520837299
2014-05-05,-0.021098692159531484,0.00028323529467070847,1.2928177138506356,0.0,0.0028738491026695165,275.7290023868367,-0.0012703327209515087,4.148759390416075e-05
2014-05-06,-0.012333878479098196,0.00026660315734518454,1.2625893343190915,0.0006997715471322928,0.0012702429614498117,273.7101748012104,-0.0008674471002429892,0.0024650476913991486
2014-05-07,-0.004979726242817055,0.0002561620736526231,1.3542059774452686,0.02339663449148674,0.00019682202972261248,270.88674686094237,-0.0007982242136856931,0.024901278315207036
2014-05-08,-0.009765002013599805,0.00023752164705998484,1.420146245291902,0.001935795528319596,0.0,269.5162321762402,-0.0007978588353190046,0.0019957708940991437
2014-05-09,-0.011535335100640011,0.00023688620093178614,1.4152921687411726,0.002747292972385547,0.0,270.3889464793233,-0.0006015521742529789,0.004407137790518343
2014-05-10,-0.009756788190475292,0.0002361150447931667,1.464339836393597,0.010538877298434576,0.0,270.49938767643306,-0.0006715271116818413,0.011692463610800386
2014-05-11,-0.006208010733464344,0.00023531038208869895,1.504830168240937,0.005672335793069528,0.0,267.357260432845,-0.0007014028507016473,0.0057048560199091
2014-05-12,-0.009426825422014895,0.00023460043015453104,1.5264614414136066,0.0026133989462744723,0.0,265.8302168082832,-0.0006317196803241127,0.002634441488596288
2014-05-13,-0.011075535063016213,0.00023398493642860888,1.5270170797286962,0.0033304180507942784,0.0,266.6003081219345,-0.000479861509875726,0.0038542366710310437
2014-05-14,-0.011904117709162545,0.00023336279190192788,1.54725224554202,0.004052856463496969,0.0,269.3592856024618,-0.00040250248407239973,0.005552214294730952
2014-05-15,-0.014309828985208849,0.00023267599148938889,1.568953864318503,0.003136254847049713,0.0,272.18175092434933,-0.0004711683608044339,0.004665048782434841
2014-05-16,-0.012047010584402894,0.00026990027077453956,1.5578663856520718,0.002805385928032762,0.0015336413167964268,273.8079039974177,-0.0005970689873237394,0.009785436321108096
2014-05-17,-0.01102333048642692,0.0004982502110260355,1.543457950800377,0.0013048831520781007,0.005346798122265919,274.17148998856766,-0.00045055833955605823,0.005839802451052908
2014-05-18,-0.020591822679096698,0.0007795097127472613,1.5000002298875943,0.0,0.008600575923077804,276.9822601814055,-0.0007979781445810352,0.0026523147670287077
2014-05-19,-0.019522632245963577,0.00031190891723848336,1.448852768950094,0.00021715592698188827,0.003501030832192319,275.4783534752223,-0.0011505931826297847,0.001343082941233106
2014-05-20,-0.015866824757244626,0.000255253018632447,1.4183140411664312,0.0,0.0011547417458841358,273.6206979913227,-0.0009832381255040735,0.00023972752404078255
2014-05-21,-0.01416923850774765,0.0008380793582248149,1.3864438044373824,0.0003909524004001402,0.009249158329882864,275.6887185084169,-0.00034710521793971635,0.003958890806313647
2014-05-22,-0.021643541963760466,0.0010861562470258295,1.3340462147628296,0.0,0.013164637999682777,278.0548177564661,-0.00047910496550427993,4.496378065977744e-05
2014-05-23,-0.01791907085032113,0.0038811866678087055,1.2767819047198685,0.0,0.01738996166041342,278.66338743148776,-0.00014630014781898023,0.0041109803705216
2014-05-24,-0.01664888138993312,0.003837396785364313,1.2161258331126412,0.0,0.017900665243298322,278.59947319174444,-4.310420803767814e-05,0.003439431557547575
2014-05-25,-0.012962934492671559,0.0033306799365975764,1.1584989903336864,0.0,0.017382125838496593,278.2441429562039,0.00015515706233553968,0.000996973386592111
2014-05-26,-0.017990889480221744,0.004449464843771552,1.0994987990672083,0.0,0.020784552845746113,278.9757126199323,1.9862127127283713e-05,0.0005934375153073347
2014-05-27,-0.02378481761210383,0.003065437078475952,1.037401792019774,0.0,0.01716372640119434,279.8572348865861,-0.0005384046521227239,0.00010579571885577703
2014-05-28,-0.02791183989095149,0.005011809916146057,0.978173552259887,0.0,0.020787064491187113,281.52325520272984,-0.0008680803995937277,0.0012181768645324813
2014-05-29,-0.02059574665154441,0.004292203376522172,0.9140298559616291,0.0,0.019957291120189735,281.12417043624845,-0.000531525345845411,0.00043809248892471593
2014-05-30,-0.013790356574085474,0.005966750073567623,0.8566901427877824,0.0,0.02279959233888125,278.5556695187384,0.00027425729769603007,0.0012623457398334168
2014-05-31,-0.020081137112304994,0.006697941466239888,0.7977271933115584,0.0,0.01994155374708149,279.41401869922936,-0.0002540913436793338,0.0029176858141585463
2014-06-01,-0.0093960591965476,0.005482590804665777,0.7494330971927967,0.0,0.01209095391934201,276.6420285715222,-4.3764715688040024e-05,0.005798009913676672
2014-06-02,-0.017306362420825637,0.004530648643014122,0.715187202065678,0.0001276224893701952,0.010152877829337525,276.23843073800015,-0.0005362669248028664,0.0016966408929136242
2014-06-03,-0.017673293749491375,0.0060677743900967186,0.6769063198858287,0.0,0.013455873281605503,278.41215481012784,-0.0004489646519476412,0.0015716996382457442
2014-06-04,-0.022145365085978967,0.005712585008077029,0.6349610294550377,0.0,0.011307820593569912,278.6360783190826,-0.0007486219102211591,0.00023397297088315798
2014-06-05,-0.02274671133797048,0.0060254100520732035,0.6001845537605932,0.0,0.010639411497250789,277.71648768696184,-0.0008422230491362049,0.0001432371732630672
2014-06-06,-0.009836403368893317,0.01042939756212935,0.5614009074123117,9.495293521611705e-05,0.015400718455597505,277.2569232516819,0.00013789962345765811,0.004044596403368624
2014-06-07,-0.008550066479855338,0.01120203741862949,0.5460140709598635,0.0030298210512110075,0.010704862280080548,275.4260226786698,-5.098613305280438e-05,0.010272403305533242
2014-06-08,-0.012946181083466375,0.012005325343649268,0.5410687290342514,0.004669285300424544,0.005320947385777188,275.278553123977,-0.0004998613885567015,0.012157069542211381
2014-06-09,-0.02390832912787206,0.010050624777368233,0.5423103519303202,0.0,0.006704929037451071,276.621739497068,-0.0010550261322556243,5.453151441293802e-06
2014-06-10,-0.022930477761616146,0.010287248566325775,0.5053809789165489,0.0,0.013005395141025047,280.25916207308154,-0.0011004101916474137,0.0010609749851877507
2014-06-11,-0.009283758152676168,0.011408720481193674,0.47264613494585694,0.0012798598509723858,0.01038459623179867,277.026076634725,-0.0005976769778519701,0.009235646293559371
2014-06-12,-0.02043706759557886,0.008911745780605381,0.4544898426465397,5.0878583711419406e-05,0.008990405180023215,277.3871901345119,-0.0011058604123733813,0.0006775840022469645
2014-06-13,-0.033662268881407165,0.011578760409759263,0.4199492316237054,0.0,0.014300475791517624,282.9112495953979,-0.0017931737153038467,0.002502012589511548
2014-06-14,-0.021261221818668023,0.008607719072514335,0.3909640842013889,0.0006418275715267592,0.0029433766158960635,277.58224608354874,-0.0015093617057059445,0.0033517641535123193
2014-06-15,-0.02303945100576864,0.008337264428030974,0.3863479413106168,3.4976645378069696e-05,0.0015073102072807355,275.41864044922215,-0.0018888548816327997,0.0006027603048389241
2014-06-16,-0.027286950604053544,0.008030617641190353,0.372090082833098,0.0,0.004401377954725492,278.83762995402026,-0.002026874635179164,0.00046127293742982684
2014-06-17,-0.019665841370989375,0.010278348953036939,0.3531951616937382,0.0,0.00802384758904829,279.5270537791279,-0.0018300736102007205,0.008713223318183845
2014-06-18,-0.015044964934136236,0.008705881945157454,0.3369526836158192,0.0003679620133618177,0.00298413604834659,276.37885044478656,-0.0017564469253865337,0.007863694620347536
2014-06-19,-0.026116664800266764,0.007654046776604518,0.3310767567090396,0.0,0.0005838433859375238,275.9358160051249,-0.0020107720468172247,6.550373667377537e-05
2014-06-20,-0.02862061395988626,0.007717245042660816,0.31852627339336165,0.0,0.005759380926183388,280.7936862184054,-0.001885661476496923,1.984188515949314e-06
2014-06-21,-0.028635937909958734,0.008559265126616268,0.29889019465042377,0.0,0.00801420868453333,282.779726833049,-0.0017153249558924284,0.00033841348640563807
2014-06-22,-0.010309533463359553,0.01567232895032161,0.2777589269950565,0.0,0.010737901437754011,280.56444293092204,-0.0012923379423423003,0.01567616907216735
2014-06-23,-0.008810745710033483,0.017574038798526183,0.2574862895038842,0.0,0.008354522835063397,278.57752409178886,-0.0014260281824459463,0.016121198817835018
2014-06-24,-0.019874446641253887,0.01919082851059693,0.2387601058586394,0.0,0.008617560447609357,280.48872214926166,-0.0013531910802769122,0.0017259120435014822
2014-06-25,-0.023060474229061,0.012410793264033432,0.21831873087335218,0.0,0.009792245903425973,282.58208113919994,-0.001423448639906059,0.0011514980072355539
2014-06-26,-0.020769688958502088,0.012253611690580509,0.1961688312882533,0.0,0.010660520086517444,283.94842970034495,-0.0012984544428139083,0.002166724171239831
2014-06-27,-0.007960544888582607,0.01258571925809828,0.1724920183027307,0.0,0.007952517140551476,280.15433458374946,-0.001296872904492637,0.008026533157036183
2014-06-28,-0.01521729425353519,0.015030705911965021,0.158261286561323,0.0,0.006243715494197641,278.6100918146626,-0.0015747333155934423,0.007132626135368187
2014-06-29,-0.027961965376711164,0.010216122124828189,0.14711035891890303,0.0,0.004142138307209069,279.49153254665225,-0.0019571669136652843,0.001470105401402136
2014-06-30,-0.026642788390992055,0.00919571072705048,0.13671668101165255,0.0,0.0036491782188752286,279.0834497534398,-0.0018242097822791443,0.0011665219555509994
2014-07-01,-0.01738658219070758,0.009678190795041747,0.12713841440089454,0.0,0.005192004270472769,278.5598826363487,-0.0015547178832992995,0.0048071932321214405
2014-07-02,-0.023104619466315555,0.009671276740435154,0.11320492731873823,0.0,0.008560062233505951,280.61556977381593,-0.0015372834299917275,0.0010561127957073354
2014-07-03,-0.029691974700844222,0.010422328855358274,0.09095249786664313,0.0,0.011186413887867147,285.0820262786808,-0.0015764880062496597,0.001247726263637357
2014-07-04,-0.030213505576896133,0.011926258098607685,0.06412461562794257,0.0,0.012213392951394205,286.8308707558727,-0.002044122350417962,0.0012912428430783395
2014-07-05,-0.033999743771418345,0.01109561568262887,0.0409666589424435,0.0,0.008362258242516867,287.7445045191016,-0.0025732130191083685,9.926018449163755e-07
2014-07-06,-0.032033536646325717,0.012608982075405662,0.02349681099929379,0.0,0.006063893100636154,288.1548002929113,-0.002444130489550068,4.1768291518917076e-05
2014-07-07,-0.02542069066042281,0.009363140342599255,0.011762198755296611,0.0,0.0035955291978046725,286.16139809200774,-0.002860557835149227,0.005524248440318674
2014-07-08,-0.02471532470594018,0.007576831905855297,0.005902593867702448,0.0,0.001720928308148842,283.61813675616423,-0.002423526024666883,0.0007894648671045143
2014-07-09,-0.029215196684255443,0.006772197740899641,0.002793594044256121,0.0,0.0010224977497663877,286.9152528184507,-0.0026502839400101516,0.0009787729230977722
2014-07-10,-0.028830726899332918,0.006086813696360184,0.0010588622587099812,0.0,0.0004285532076143276,288.0868645720114,-0.0026106904392356927,0.00010454351619138557
2014-07-11,-0.02339059602742815,0.005798555531744229,0.0004956376530131828,0.0,0.00016484070716604675,286.4622031892536,-0.00279899265638179,0.007279506510933914
2014-07-12,-0.020964028261138898,0.005903944288943447,-7.3453647229951e-24,0.0,6.370246410369873e-05,285.35413249243896,-0.00261204432969713,0.009525968462732478
2014-07-13,-0.024001310437412587,0.0048104844524362,-7.3453647229951e-24,0.0,2.3932190938184494e-05,284.96812381852146,-0.002791300931640264,0.004560130649365874
2014-07-14,-0.026382816755502237,0.004488591420448433,-7.3453647229951e-24,0.0,9.366979370009427e-06,284.6964185035835,-0.0028581936859478382,0.0023250422424707907
2014-07-15,-0.022411828113477784,0.004435801994329118,-7.3453647229951e-24,0.0,4.2797902883109395e-06,284.75424992117735,-0.002736682693163554,0.005889576621570662
2014-07-16,-0.008627147071779112,0.005816166515404222,-7.3453647229951e-24,0.0,1.9092849418941864e-06,282.4042878986079,-0.003653643715937259,0.024594320163214948
2014-07-17,-0.02382207396676985,0.00411855795625913,-7.3453647229951e-24,0.0,8.007479926287118e-07,283.8269709391334,-0.003080312583574468,0.0025370943848346448
2014-07-18,-0.033323218888145385,0.00374538859741836,-7.3453647229951e-24,0.0,3.58090899084921e-07,286.4889416883221,-0.0028583551678112,8.255184370245637e-05
2014-07-19,-0.03231777890590625,0.0036265134474651965,-7.3453647229951e-24,0.0,1.5841954845493124e-07,287.1350653517269,-0.0029238632085633143,0.00031496190418133966
2014-07-20,-0.035963492247007664,0.003500284784931248,-7.3453647229951e-24,0.0,6.806547358884651e-08,288.49637402608124,-0.0030433034661126006,1.4116800534562356e-06
2014-07-21,-0.037349246273943267,0.0034389055549761674,-7.3453647229951e-24,0.0,2.2688491196282166e-08,288.12997745075694,-0.003660888932013916,0.004962084168232264
2014-07-22,-0.03595125696248254,0.003278238288426804,-7.3453647229951e-24,0.0,8.250360435011697e-09,287.3395052369256,-0.0032114483373986806,0.0016510862414096574
2014-07-23,-0.03752327546224756,0.0031427901006687835,-7.3453647229951e-24,0.0,4.125180217505848e-09,289.28878117505667,-0.003010972292493966,0.00022753239688226733
2014-07-24,-0.04456880633945519,0.0030455009243582605,-7.3453647229951e-24,0.0,0.0,290.8666659317448,-0.003403457249962004,0.0020076342894637654
2014-07-25,-0.043043729486101766,0.002915225712592993,-7.3453647229951e-24,0.0,0.0,287.30324799776525,-0.003076629692130843,8.578962820138258e-07
2014-07-26,-0.038608149914754995,0.002808574818621921,-7.3453647229951e-24,0.0,0.0,285.60903779800327,-0.0027370460247252626,4.351138045421976e-07
2014-07-27,-0.03213476402274633,0.002707722412664338,-7.3453647229951e-24,0.0,0.0,284.99886795805446,-0.002590782940387726,4.099580527201547e-05
2014-07-28,-0.03209803994260939,0.0026406292187965527,-7.3453647229951e-24,0.0,0.0,286.4728875564317,-0.002520477209808463,0.00286384920279185
2014-07-29,-0.015422474193034198,0.002555628280855168,-7.3453647229951e-24,0.0,0.0,285.1243229307473,-0.0025041400439153286,0.004000562732502566
2014-07-30,-0.025167070792219737,0.0024414216562853026,-7.3453647229951e-24,0.0,0.0,283.8179843133902,-0.002308167548755468,0.0004324620221280042
2014-07-31,-0.027688743115144937,0.0023792775842429556,-7.3453647229951e-24,0.0,0.0,284.2994373199405,-0.0022569188669239737,0.0022496999093467216
2014-08-01,-0.025356935326662444,0.0023431305663060334,-7.3453647229951e-24,0.0,0.0,284.4962997723883,-0.002928352456981853,0.006116147507977702
2014-08-02,-0.025807934797416304,0.0022174368302027383,-7.3453647229951e-24,0.0,0.0,284.93240448400354,-0.002575508566141802,0.0017025551047352614
2014-08-03,-0.028843280033203172,0.002161180063829584,-7.3453647229951e-24,0.0,0.0,286.1983074935368,-0.0028604421091113393,0.0029360093976095
2014-08-04,-0.01884340031840707,0.0021309135323863923,-7.3453647229951e-24,0.0,0.0,285.33551508513773,-0.0023301712758207727,0.006227824815926091
2014-08-05,-0.011775827424674385,0.003071037894588406,-7.3453647229951e-24,0.0,0.0,284.4396022609847,-0.0032010519098343146,0.01571917460161861
2014-08-06,-0.01727151950705523,0.0032888152505044883,-7.3453647229951e-24,0.0,0.0,283.5331512386516,-0.0024594494515219655,0.007539747125011381
2014-08-07,-0.017978527746294853,0.003481059172059183,-7.3453647229951e-24,0.0,0.0,283.08225160444306,-0.002722319989007408,0.009802239583530145
2014-08-08,-0.022040727027391984,0.0023941422923136565,-7.3453647229951e-24,0.0,0.0,283.4899394148488,-0.002301481768152135,0.0063677052929052855
2014-08-09,-0.016230013579298548,0.002220297179653146,-7.3453647229951e-24,0.0,0.0,283.4703874929253,-0.0027950834903845007,0.008383358434095222
2014-08-10,-0.02260061025114383,0.0018283315634323382,-7.3453647229951e-24,0.0,0.0,283.2323623377052,-0.0024995766685339017,0.003244075936740725
2014-08-11,-0.030193973774627108,0.0017508273407564328,-7.3453647229951e-24,0.0,0.0,285.67575833308047,-0.002517816994739118,0.00021401249756247313
2014-08-12,-0.03390467549953084,0.0017448824509388983,-7.3453647229951e-24,0.0,0.0,287.39393551066775,-0.0029020801207608423,0.0021782542689371917
2014-08-13,-0.028614073276183025,0.001687458595313595,-7.3453647229951e-24,0.0,0.0,287.57141151715587,-0.002415886938066806,0.00046151775424763315
2014-08-14,-0.010001319402692008,0.001815350715723415,-7.3453647229951e-24,0.0,0.0,285.6021869716896,-0.002481447290734383,0.011856378808533406
2014-08-15,-0.02227590788724059,0.001749557458748252,-7.3453647229951e-24,0.0,0.0,285.1628884568727,-0.002658995252502503,0.0038002138715768465
2014-08-16,-0.029670105436764196,0.0015995601812998457,-7.3453647229951e-24,0.0,0.0,285.4067977143771,-0.002334512338715758,2.4678640985298625e-05
2014-08-17,-0.030857284021916363,0.0015818909399927003,-7.3453647229951e-24,0.0,0.0,285.33615528257553,-0.0024122604258400575,0.0009690872525091226
2014-08-18,-0.025223559284277552,0.001550785734155084,-7.3453647229951e-24,0.0,0.0,284.20163207763557,-0.002201081237803071,0.00031049810790513083
2014-08-19,-0.031219511213949173,0.0015233337542431506,-7.3453647229951e-24,0.0,0.0,285.65151689461175,-0.0022631150612470795,3.5681098995096394e-05
2014-08-20,-0.024451757597047732,0.0017416336610492343,-7.3453647229951e-24,0.0,0.0,284.4821214190984,-0.0027074016588555893,0.007043391900412304
2014-08-21,-0.019223952992151013,0.0014830864755447301,-7.3453647229951e-24,0.0,0.0,282.7677839821566,-0.0017046642852789266,0.000843560123174204
2014-08-22,-0.01269731830574025,0.0028508122863069095,-7.3453647229951e-24,0.0,0.0,281.6400600763813,-0.002320492813774085,0.01006658969607725
2014-08-23,-0.005398796524031688,0.0018859015682996332,-7.3453647229951e-24,0.0,0.0,280.6253744976669,-0.002815086352454741,0.018186698525638905
2014-08-24,-0.009876385036498141,0.0016062665457105907,0.003556820856873823,0.00119097446654476,0.0002556573073406004,275.7816521093221,-0.0024041718945412315,0.008175537074353064
2014-08-25,-0.014820245320850847,0.0014099510712812177,0.005363277571798494,0.0,0.0003955111875709167,277.95430945272506,-0.0012248553188338794,5.169416551038707e-05
2014-08-26,-0.02024279800006899,0.0014148489230096678,0.0025112920786252357,0.0,0.00032452091911418295,281.3311164949349,-0.0020536809401997067,0.001727771472773471
2014-08-27,-0.018735290036699867,0.0013868917348021168,0.0009984018214453862,0.0,0.00012020253192233502,281.8114136051099,-0.0016037977411080216,0.001054019257842225
2014-08-28,-0.020725023317134987,0.0013782682560257995,0.0003379347634180791,0.0,5.666063414455134e-05,282.55892863875283,-0.0021377390113759176,0.001506617613169207
2014-08-29,-0.02143272504968158,0.0013594341143376412,-7.3453647229951e-24,0.0,1.7709861704185186e-05,283.1961061689589,-0.002133055921580832,0.0010928126729952653
2014-08-30,-0.024192449652542507,0.0013382764859388105,-7.3453647229951e-24,0.0,4.893852829259668e-06,283.8164255785179,-0.0019190195358574056,0.00033963781994017067
2014-08-31,-0.007918602202908468,0.0015719276195192069,-7.3453647229951e-24,0.0,1.8634238822312009e-06,279.0578961991995,-0.0029699220085295584,0.015397734873118105
2014-09-01,-0.010064621892689312,0.0014749661003802456,0.0013013936705508476,0.00045647939382973367,0.00021317110812596685,276.9943969748114,-0.0029908214290600044,0.009922699432937113
2014-09-02,-0.024376664079178528,0.001305773096569514,0.0014722001530131828,0.0,0.0001314005019974574,280.2605520991956,-0.0020343171285286464,0.00014420487949204946
2014-09-03,-0.034543490847625306,0.0012927049465772122,0.0008312735404896422,0.0,7.07750329695179e-05,283.9853030418497,-0.0022907777305292546,3.5285440284019e-05
2014-09-04,-0.021529946834017332,0.0012827167066477114,0.000405521716101695,0.0,1.9702955154375842e-05,278.65750480910486,-0.0015297551707780296,0.00012150693145785315
2014-09-05,-0.018046038341050768,0.0013098819444408525,-7.3453647229951e-24,0.0,1.3549059713627658e-05,277.0898555065953,-0.0019320969885520344,0.0030636988790467903
2014-09-06,-0.02230769290594058,0.0012639900722072623,-7.3453647229951e-24,0.0,1.0667242488618626e-05,279.54757444018924,-0.001781365176462858,2.5855057824024844e-05
2014-09-07,-0.02814656874891055,0.0012574243848606692,-7.3453647229951e-24,0.0,4.862766649763464e-06,282.3177397381339,-0.0019622487989438457,0.00036322637121934435
2014-09-08,-0.029701724774756674,0.0012490223188184751,-7.3453647229951e-24,0.0,2.381344467906629e-06,283.1863811047513,-0.0022645077252455353,0.0004900335255315748
2014-09-09,-0.02009666782651244,0.001255785678066103,-7.3453647229951e-24,0.0,1.045249107867311e-06,281.56096250458626,-0.001637558436999887,0.0018304299331654264
2014-09-10,-0.003947136639538458,0.0013974010944366457,0.019641136270009418,0.006575602638182667,0.0017017405164443842,276.1892134743671,-0.0017821361431799368,0.016537877732072586
2014-09-11,-0.0028333228270886308,0.0012369293951045323,0.12584391735816858,0.023590118640055096,0.00020130495356637882,269.25684161285,-0.0006500766481046624,0.025286332193741018
2014-09-12,-0.01279367477038486,0.0012254717491440854,0.1984270171257062,0.00039511959010598354,0.0009781725620482602,267.9226724872482,-0.0012358001796370847,0.00040011953152376364
2014-09-13,-0.01488328342047115,0.001258811539849319,0.17028371807321097,0.0,0.003212789315625099,272.9388069504848,-0.0012763304962108365,1.2875070183326898e-06
2014-09-14,-0.013003891554929443,0.0013285765876877781,0.13809255826271188,0.0,0.007029897054541582,275.05337705091347,-0.0011121445666935484,9.336304174212273e-09
2014-09-15,-0.015266051610647624,0.0013369320981246604,0.08855545992231639,0.0,0.007155490755024602,276.7907816389411,-0.0011701015071511943,1.7202842741426139e-06
2014-09-16,-0.02240690950956722,0.0012753085564758818,0.04629867180143597,0.0,0.004411218751032474,280.6228242037211,-0.0016036992524303285,9.887902235952314e-07
2014-09-17,-0.02099362154633312,0.0012309143772233004,0.02115195753884181,0.0,0.0025972755531133234,282.74417121082604,-0.0015851039555197382,0.00025742458074650505
2014-09-18,-0.021868138326763435,0.0011875934183260815,0.008258022157485877,0.0,0.001060431602142625,284.7777464196731,-0.0016254953313934602,0.00010259345088511535
2014-09-19,-0.021066835834144874,0.0011907659344753978,0.0027795709010122417,0.0,0.000462010587002598,283.65948001408987,-0.0017221396168073018,0.0015572547406222993
2014-09-20,-0.018943775129520286,0.0011551879388464375,0.0011459896568973636,0.0,0.00012248898672182008,281.8938279843375,-0.0014012212954503669,3.7241032568074896e-05
2014-09-21,-0.019924030844437876,0.00114828895377574,0.0004956376530131828,0.0,5.3950822201825805e-05,281.4139404189116,-0.0014567411541517845,3.006163751706481e-06
2014-09-22,-0.01708868078592807,0.00116067442853572,-7.3453647229951e-24,0.0,2.8070272867288966e-05,282.66802063634844,-0.0017776463370201953,0.0016551589160731495
2014-09-23,-0.017772618786426587,0.001146244632322236,-7.3453647229951e-24,0.0,8.408064390979919e-06,281.89114903954686,-0.0015103929060495509,0.0008366864459702745
2014-09-24,-0.0208265267017871,0.0011325206628627022,-7.3453647229951e-24,0.0,3.657498433765045e-06,283.4363985510645,-0.0016433977716639216,1.3317125619791228e-05
2014-09-25,-0.024609338934138674,0.001126608942861611,-7.3453647229951e-24,0.0,1.4103065102787344e-06,285.8236606439853,-0.0017993935820578184,1.275261638511438e-06
2014-09-26,-0.027724539029732938,0.0011204476073636848,-7.3453647229951e-24,0.0,4.8515065915167e-07,287.296718116085,-0.0018561751302857857,8.762159495745436e-07
2014-09-27,-0.013681993561949433,0.001114361030233782,-7.3453647229951e-24,0.0,1.663962999979655e-07,283.8009380297473,-0.0012185304441441926,1.38668353948216e-05
2014-09-28,-0.006960624860504926,0.001119762406510822,-7.3453647229951e-24,0.0,6.892839394046762e-08,279.51887820040884,-0.000884089003301273,0.0012188863787933192
2014-09-29,-0.012448105519100772,0.0012330222601270946,-7.3453647229951e-24,0.0,1.6500720870023394e-08,278.88650268439744,-0.0017161610941428922,0.008388399808386194
2014-09-30,-0.009345503471328714,0.0011423109783291144,-7.3453647229951e-24,5.554239460303959e-06,3.4485243808078224e-07,276.72989772717614,-0.001367373192040934,0.0036291420122088417
2014-10-01,-0.004582268454260746,0.0011442285978187949,0.01981102320209511,0.0076745121955534845,7.240964615412352e-06,273.111812469425,-0.001446830740166923,0.011449327012625375
2014-10-02,-0.009060573695743153,0.0010968045999774827,0.06184390080626177,0.003993857273105849,0.00043872967993809005,270.213204453894,-0.0008153045276379855,0.0044951743691370415
2014-10-03,-0.010995612979608741,0.0010932500416276146,0.08455748477224577,0.0020748786628246307,0.000636412819984269,267.69349122990326,-0.0008546009154643044,0.002105752037629704
2014-10-04,-0.012191358343356074,0.0011064993628000811,0.07607716131120529,0.0,0.0016487553968267924,273.45288968131143,-0.0009128585731410712,8.589972892590245e-07
2014-10-05,-0.007337830624001175,0.0012463114019167626,0.06939984625117704,0.0012277553310502047,0.0025520862348503985,274.76759383638023,-0.001119668937503955,0.009241813286481415
2014-10-06,-0.013593257273321098,0.001124046785009783,0.05586682335805085,0.0,0.0027632007196461412,276.8657223078266,-0.0012278938718603156,3.51429322117735e-05
2014-10-07,-0.011479358930709,0.0011290755480696253,0.03518245718573446,0.0,0.0028014437079766376,278.93033879669827,-0.0009399940401820815,0.0007405249411427232
2014-10-08,-0.015684432018611392,0.0010877986580638563,0.01917515411664313,0.0,0.001436681797107061,279.41202800915966,-0.0010636455121602717,5.330490464726461e-05
2014-10-09,-0.01172204749227244,0.0010964939486508992,0.011466103534016009,0.0,0.0006542833111548829,277.6467981428301,-0.0011024924605495512,0.002046840204255109
2014-10-10,-0.010957800104456435,0.001082780334235585,0.007627210599105463,0.0,0.0005174745295175726,277.12847498446536,-0.001112251437274413,0.0017706581385849175
2014-10-11,-0.014685682320998887,0.0010510873323106497,0.004900054069562147,0.0,0.00022202267148400433,277.567267814823,-0.0010890398216617985,0.00011473454903171702
2014-10-12,-0.006243647491864565,0.0010848016725421626,0.03898502788076742,0.011743660953085303,0.00012475700449135344,273.44092149608775,-0.0011160131859577309,0.01512616007341006
2014-10-13,-0.009727481394837806,0.0010571611129631432,0.09540840910428437,0.002597670623306501,0.0008948884883337775,269.344198065289,-0.0009332245036875461,0.0026799911159530302
2014-10-14,-0.011315755377718286,0.0011169994618259581,0.08370253280955746,0.0,0.003944007879765021,274.6994486663301,-0.0009676268966184498,8.575220817874651e-07
2014-10-15,-0.017431087834013384,0.001085194995847799,0.05686453551671375,0.0,0.00250161099273943,278.5529187340745,-0.0014124239326617812,0.0
2014-10-16,-0.02301724516065781,0.0010334594269930308,0.04013906360346046,0.0,0.00018567606638380366,275.0420916713564,-0.0013314802567921792,8.508991413691547e-07
2014-10-17,-0.013799662222970006,0.0010362902266831048,0.0365008625382533,0.0,0.00046125468982141567,273.3225960956006,-0.0008502810519967376,8.628892658180121e-07
2014-10-18,-0.01239942872928361,0.0010558996496901,0.030838960981638422,0.0,0.0015781087390447069,277.3608308565819,-0.000900317620128225,0.0
2014-10-19,-0.014091998296605665,0.0010398079109730693,0.020881149952919023,0.0,0.0009240465880618931,277.32188840460196,-0.0009218968166890793,1.7106531231547706e-06
2014-10-20,-0.014691683490060819,0.001033275814379676,0.01468361030190678,0.0,0.0007516134761821079,279.1249135694486,-0.001001048280652297,8.553265615773853e-07
2014-10-21,-0.01655531405223965,0.0010241691002064507,0.010017122028013184,0.0,0.00044657114240746043,278.9402565498136,-0.0009830131137606789,2.3640397578309485e-05
2014-10-22,-0.017120230416793607,0.001013000806172689,0.007127894744585688,0.0,4.729144485656825e-05,274.3898363059524,-0.0009043264429027079,8.523463748133508e-07
2014-10-23,-0.012826608651775425,0.0010115598554665088,0.00645570341925612,2.60770320892334e-08,0.0001361233597926501,275.54384450319805,-0.0008449452155727451,4.649161269298929e-07
2014-10-24,-0.016526011718531786,0.0010088924634254585,0.005389024982344633,0.0,0.00016640875972596941,277.99873340197206,-0.0009951892251012016,4.351138045421976e-07
2014-10-25,-0.018804145987424473,0.0010053996144041505,0.004106482094515067,0.0,0.00016430444426118992,279.39120804163474,-0.0011316430676033941,3.01280124404002e-06
2014-10-26,-0.025791424563375572,0.0010046062328047673,0.002823939206685499,0.0,7.919083207340564e-06,278.0331238676599,-0.0012484693131541128,0.0006299218082587023
2014-10-27,-0.011499074682340784,0.0009955655215150218,0.016025464189030135,0.004071787083889805,0.0,269.5369551024644,-0.0005407707902502879,0.0041140365903660405
2014-10-28,-0.011137395381590741,0.000992637317059404,0.03307162929613936,0.00020863742983273867,3.2281787213632623e-05,268.4688784748372,-0.0003401020194514324,0.00020976869736687612
2014-10-29,-0.011150711042396092,0.0009940224515516205,0.02836146237935499,1.1157055022352834e-05,0.00017618381623494425,272.57559831982053,-0.0004026478282728438,0.00026474399744998243
2014-10-30,-0.011052918088974927,0.000991186853182518,0.026119138785899252,6.812945597589353e-06,0.0003204971004677358,272.01637975689164,-0.00028194148766960805,2.135129287962165e-05
2014-10-31,-0.011728516448352298,0.000991409781288966,0.022671284648658193,0.0,0.0005479101828262632,275.9529993879818,-0.0007137974650509613,4.410743663640915e-07
2014-11-01,-0.011458403309859798,0.000988845182003948,0.018657447254590398,0.0,0.0006379395049844085,277.3069784376356,-0.0007297981288389298,1.3075811580165464e-06
2014-11-02,-0.01965981368291176,0.0009747077684617986,0.014283835775659134,0.0,5.250104234716986e-05,275.3007531929376,-0.0008797354491080269,4.156161162812832e-06
2014-11-03,-0.01040800930248142,0.0009696231050006415,0.013655323093220342,5.994892894884961e-05,0.0,269.62915275774884,-0.0002612488733678215,6.199201275733886e-05
2014-11-04,-0.01065958055567607,0.0009662652083035916,0.013447504708097932,0.0,3.4610209407779456e-05,270.3688016808864,-0.0001940339972070382,1.2813263197131164e-06
2014-11-05,-0.01166574779035008,0.000961961719275868,0.017190994291431262,0.0008918213642249672,1.0183986044872954e-05,271.65385315243134,-0.00025563005168559186,0.0009042063506933358
2014-11-06,-0.010716021650255064,0.0009638876733133351,0.01684800200094162,0.0,0.0003780936874912284,274.46212838598564,-0.0003510699054952395,1.7129430922981452e-06
2014-11-07,-0.009079017460682971,0.0009589835917208829,0.017403180540842753,0.002053486593699051,7.667531401424085e-06,274.5112805339577,-0.0006734378435938373,0.0028260127803464126
2014-11-08,-0.010263529411480253,0.0009541008095283294,0.027773869688677028,0.0001367144707569295,0.00032090533545798503,273.054861392005,-0.000429519299565062,0.00014210083162553242
2014-11-09,-0.009636132520134167,0.0009461166494983739,0.024888320606756126,5.3385325239203074e-05,0.0001109244438719615,274.03987354343224,-0.00042494364335375325,6.689984129261473e-05
2014-11-10,-0.004144227395286668,0.0009466503973061082,0.10329263403366291,0.015010052018583159,0.0,264.8407492592735,-0.0003891314858686453,0.01593771521307525
2014-11-11,-0.0009615894007144002,0.0009351635383347335,0.19085704853754712,0.0022697046314929165,0.0,252.13860985563753,-0.0001894422349030689,0.0022755607371416227
2014-11-12,-0.0014677504024936654,0.000930534244257178,0.19833161377412903,0.00010774922320398236,0.0,245.40180769523437,-0.00018539853225656822,0.00011259573317387662
2014-11-13,-0.003654625919242363,0.0009258602466960411,0.18300132966984467,1.0055968653684283e-06,0.0,250.44269869601433,-0.00030680936313955126,1.002671354908054e-06
2014-11-14,-0.002646761551751929,0.0009214682767620194,0.16451974642478814,0.0012573077432853354,2.132947582983028e-05,258.53413158352095,-0.00029776713647748117,0.001263664198893081
2014-11-15,-0.0014383829919631874,0.0009163967465276772,0.23606398415430796,0.006033634524897667,0.0,254.96878087318552,-0.00017445182459334196,0.006039245014034476
2014-11-16,-0.0021249292849820885,0.0009115143852718808,0.24383257562382296,0.0005086227662145755,0.0,253.43496764087863,-0.00017200696603053036,0.000515208523723419
2014-11-17,-0.0049789400171425385,0.0009066471777393319,0.21827505223046142,3.041326999664307e-05,0.0,258.1901628275151,-0.00034757585680417425,3.354838587432371e-05
2014-11-18,-0.004734961915824374,0.0009036524652761255,0.1893984117525895,9.596695081662325e-05,0.00012510134128190705,261.9859598199302,-0.0004318848431194569,9.706080959885787e-05
2014-11-19,-0.004238184394135987,0.0008967488499011025,0.17726563419550376,8.323639210334606e-05,-8.31350094854495e-10,263.2860939435366,-0.0003158819182949551,8.539933240224772e-05
2014-11-20,-0.005918408644064671,0.0009122042164290693,0.17207408265654428,0.0,0.0012871549164844773,265.5969829523406,-0.00034999345971197736,4.351138045421976e-07
2014-11-21,-0.004994365749722821,0.0008929216087201221,0.16000245519950565,2.4826849921275e-07,0.0003912475296838135,266.9839119489135,-0.00037688032150436925,1.967862466876718e-06
2014-11-22,-0.0052306133895944065,0.0008845888288681117,0.15469550008827687,0.00030245516175604137,0.00018453126573293223,267.7778148148244,-0.0004030866495801904,0.00030628218817969487
2014-11-23,-0.002703464974117818,0.0008765969236018295,0.16941704184322037,0.003584959560026557,0.0,262.32741681330623,-0.0002874760588599464,0.003670929919865887
2014-11-24,-0.0017606118893892754,0.0008715096503327796,0.20806804304967047,0.007179064560407973,0.0,260.99316251435073,-0.00018083388354145203,0.007193604005873064
2014-11-25,-0.000992317363030493,0.0008663811252615548,0.26017459503001417,0.012098917895454472,0.0,262.95733415923326,-9.216888055289533e-05,0.012103914082310162
2014-11-26,-0.001228813439775995,0.0008612824025127174,0.36871625250117707,0.010289884430203736,0.0,264.16220219930017,-0.00012021712264267067,0.01029593553919753
2014-11-27,-0.005737371742725372,0.0008561472266407338,0.37632668130590863,0.0003427946676978957,0.0,270.58851505358564,-0.00033652539875379394,0.00034453853702011737
2014-11-28,-0.011242538943129073,0.0008510402535314614,0.35983753383945394,0.0,0.0,271.5459878925101,-0.0007479574299801541,8.553265615773853e-07
2014-11-29,-0.0206852746380251,0.0008459266296214304,0.3435828717190443,0.00019673676898250472,0.0,271.01207861747673,-0.0012196812326204308,0.0002935227364470056
2014-11-30,-0.002171008937102927,0.0008408212560718344,0.4217931600164783,0.009346550298949421,0.0,259.3190861861809,-0.00021180872000375038,0.009365487519528289
2014-12-01,-0.0025788087208392257,0.0008356778298394156,0.4280718499882298,5.295531729520378e-06,0.0,257.6762003925561,-0.00010536064914727616,7.871079488635547e-06
2014-12-02,-0.0029041164759862226,0.0008305740558494956,0.4309610772716573,0.002351639676565504,0.0,264.7205787881395,-0.00015831846575447395,0.0023817755072202897
2014-12-03,-0.002626856462766895,0.000825448729897623,0.4316636137594162,6.51782683733493e-06,0.0,263.77440723771207,-0.00012854264659733423,6.517363806902353e-06
2014-12-04,-0.004276663570080774,0.0008203681074293321,0.42122487788371005,1.8358567340225827e-05,0.0,268.4204852899814,-0.0002150754470609676,2.0208331824695996e-05
2014-12-05,-0.003221980090868675,0.0008152808341602822,0.41120108911546616,0.0002641352893268995,0.0,267.7221186506771,-0.00015080198750825927,0.0002855338954979954
2014-12-06,-0.003612551185707589,0.0008101736084889558,0.4028129505796845,0.0,0.0,267.26988351681814,-0.00017695671926110478,0.0
2014-12-07,-0.00352988190064996,0.0008051012363810997,0.3930958318620527,2.415434031163232e-05,0.0,268.04673707821945,-0.00019457198595259823,2.5562175820829965e-05
2014-12-08,-0.0033084038792356935,0.0008000419133127074,0.3855773580949859,0.0,0.0,266.57022900410743,-0.00012393981891836825,8.642672355563263e-07
2014-12-09,-0.005156090998716948,0.0007949974914055086,0.3776004884651601,0.0,0.0,269.0668423072542,-0.0002723450819819661,4.2319288695580326e-07
2014-12-10,-0.0040370564339524614,0.0007899879230617804,0.3694870656044021,0.0,0.0,270.0324407746338,-0.0001658256044663952,1.716170970667008e-06
2014-12-11,-0.004582250648635929,0.0007896789554822242,0.35984856844397367,0.0,0.0003111595551004518,272.57224715496864,-0.00021565833923506872,4.351138045421976e-07
2014-12-12,-0.006474110576729317,0.0007874280382684397,0.3473362464689266,0.0,0.0004897341132164001,273.76481415053547,-0.0005768072596714323,4.379451484518063e-06
2014-12-13,-0.006142981645077636,0.0007777840404187219,0.3329885019420904,1.3524697998822749e-07,0.00018197613752494424,273.51563352739294,-0.000572257364789645,1.1141017218228549e-06
2014-12-14,-0.0016105703293940441,0.0007711320610369666,0.35922695238935975,0.007872882072871687,0.0,268.09648136993815,-0.0002962441031037078,0.008358652258277937
2014-12-15,-0.0015624999831625296,0.0007651487817872043,0.4268950553937147,0.005431321886299694,0.0,263.7593350922321,-0.0001763030307862045,0.005435006514107441
2014-12-16,-0.002373468825372599,0.0007602563180492423,0.45044772907838987,0.0001653722240089697,0.0,262.63440246725713,-0.0001003342906886575,0.00016880886811073952
2014-12-17,-0.0027826196898174827,0.0007554117569142144,0.442497756297081,2.8052488289310437e-06,0.0,263.39437213545693,-0.00014755493924442658,4.6516131725970265e-06
2014-12-18,-0.002015280731990513,0.0007505554937373447,0.435759750912194,0.0,0.0,261.2607151864837,-7.305780983408967e-05,1.7261631342080364e-06
2014-12-19,-0.002162803532713551,0.0007457489852851394,0.4300208370115349,3.780075217370933e-06,0.0,261.806107023566,-6.548568374861431e-05,4.694471920018132e-06
2014-12-20,-0.0025964496331026326,0.0007409704270335915,0.42422743975105937,4.7623816519807294e-05,0.0,264.44434049573994,-0.00010896365731786201,5.119375589379819e-05
2014-12-21,-0.001957942957931993,0.0007362118211843199,0.4270943679378532,0.0040145474722829925,0.0,265.70450667113687,-9.196067470951942e-05,0.004040064852082366
2014-12-22,-0.002561254142704657,0.0007315043170573348,0.4673761917372882,0.006147914160948015,0.0,263.0194819498871,-0.00028304631511370343,0.006218822710676985
2014-12-23,-0.0018261216875523497,0.0007267819117691557,0.5385323792078626,0.004060746102178165,0.0,260.6376772411799,-0.000156287061797697,0.004078124876076219
2014-12-24,-0.002241601209856023,0.0007221356118466221,0.5446892287547082,0.0002661969112811116,0.0,262.9454953037413,-2.5452488223038155e-05,0.0002680537562945584
2014-12-25,-0.0016287237321589627,0.0007174544583606181,0.5995633974811676,0.01292066050872291,0.0,263.791693132476,-0.00024460691769244306,0.012928190983388946
2014-12-26,-0.0015137502870990732,0.000712909014885035,0.67272397488524,0.0008377038405439947,0.0,257.49749939051054,-0.00012427843096902817,0.0008479257596992707
2014-12-27,-0.0012657135977583416,0.0007083220670452227,0.6644606653130886,0.00011780693874520771,0.0,255.22765571249408,-4.376366860785727e-05,0.00011950647090114443
2014-12-28,-0.0009867684063264881,0.0007037630694060676,0.6638870957656545,0.0020154839813035764,0.0,257.76558428115993,-1.2654879546098117e-05,0.002019132075919243
2014-12-29,-0.0007933684661563507,0.0006992886800550472,0.7058139951889124,0.002332892668786022,0.0,254.98193325610262,-0.000134121600306977,0.0023365804030047164
2014-12-30,-0.0007974622444917927,0.0006947775850188261,0.7109306033721753,0.00018995486747073591,0.0,249.0896431730741,-7.92063278077686e-05,0.0001931764984185276
2014-12-31,-0.0015496204128373145,0.0006903625477505269,0.7039542045521423,2.62938145190309e-07,0.0,254.4803238777118,-9.919953464114732e-07,1.5330347401676323e-06
2015-01-01,-0.0011509314263607824,0.0006859573604023389,0.6938947832068033,0.00010367647065954693,0.0,261.4906665313491,0.00010376277847983744,0.00010689206375623067
2015-01-02,-0.002736979369389809,0.0006815851744958911,0.6777056390507298,3.567565295655849e-05,0.0,264.64977192564425,-3.0933989811751805e-05,3.9141723550978304e-05
2015-01-03,-0.00176121593363541,0.0006772278897506369,0.7034753486935029,0.00663207441905124,0.0,262.3197449937379,-0.00025953106203321685,0.006638186101393095
2015-01-04,-0.0009481047338011575,0.0006729217067276692,0.7297894321592515,0.00037563962619856933,0.0,256.4988184819339,-3.0794396659748704e-05,0.00038005300408993124
2015-01-05,-0.0018165361999118398,0.000668613924145025,0.7418737034339691,0.00884686639837626,0.0,264.1976032221161,5.5598358144867894e-05,0.008852289627866106
2015-01-06,-0.0034492868656492504,0.0006643838464877027,0.7646999323210923,0.0008517609393529299,0.0,269.8345043340421,-6.150396930127496e-05,0.0008572528244114264
2015-01-07,-0.0033681904528774114,0.0006601404672288626,0.7339274088541666,0.000514286238763292,0.0,266.39463197668624,-0.0001825230290829125,0.0005174125320574301
2015-01-08,-0.00237528655656987,0.0006560476991416372,0.7154683545933381,0.0017076269170995487,0.0,268.2454060628141,-0.0002743338187367229,0.002385625939641896
2015-01-09,-0.0029006243004637247,0.0006518107181215017,0.707322287694209,0.00010057067298619761,0.0,258.9246907602372,-0.00018836885143471303,0.0001026432729255546
2015-01-10,-0.0040355779777812425,0.0006476929463909171,0.6948534144744586,0.0,0.0,266.2054785317172,-0.00011790848973780704,8.619472282589413e-07
2015-01-11,-0.0015941764422729191,0.0006436081761020726,0.6815599344544493,0.0016894877209501754,0.0,265.7133052452361,-6.216627645627255e-05,0.0016931520175125642
2015-01-12,-0.0023673871311090766,0.0006395465573348568,0.6942766265007063,0.0011175187294092555,0.0,264.54588752502326,-4.393778909734414e-05,0.0011193639140904422
2015-01-13,-0.0020761359377769427,0.0006355163404497049,0.6803684270539078,3.6552043284400037e-06,0.0,263.85029952629367,-4.527633641399233e-05,6.7942341118750704e-06
2015-01-14,-0.0036936283195759616,0.000631501024725747,0.6686393321121705,0.0,0.0,262.80970179383587,-6.672992018488168e-05,8.574369871894305e-07
2015-01-15,-0.005077869373526277,0.000627535211164399,0.6565201179231402,0.0,0.0,266.7079334402713,-0.0001492377128557297,4.351138045421976e-07
2015-01-16,-0.004882482864425682,0.0006235909495650039,0.6431641084775188,0.00018141860679044564,0.0,268.41996680724867,-0.00023584163058443933,0.0002028573367555263
2015-01-17,-0.006278120781068749,0.0006196961901282187,0.6313876566913843,0.00016823543582932427,0.0,265.0733974729779,-0.00047441031047179875,0.00017221623885763549
2015-01-18,-0.0045336399458895974,0.0006158163318526275,0.620390983624647,0.00030290070226636983,0.0,268.5477189856061,-0.00020776915306088619,0.00036838872959174676
2015-01-19,-0.005520719424479426,0.000611952974297906,0.6119577871204097,0.0007324506460273335,0.0,266.6159893474112,-0.0003983021245501136,0.0007490392407297106
2015-01-20,-0.002231419633674083,0.0006081540200669886,0.6224119254649247,0.0029832421260028237,0.0,261.10632056974424,-0.00019713312303279082,0.0030190801081038084
2015-01-21,-0.0019604702622203506,0.0006043534662763952,0.6879114987935501,0.003589574100270783,0.0,257.8521541408675,-0.00012655319425009066,0.003600607180897179
2015-01-22,-0.0035760432986889855,0.0006006090654491706,0.6964012476459511,6.612558654472654e-06,0.0,260.444107116728,-3.052815416101682e-05,8.341147972419223e-06
2015-01-23,-0.0033871912434276213,0.0005968846170242224,0.686299067208098,0.0002574834151793335,0.0,266.5987643010199,-5.2525498772745086e-05,0.0002612350350719387
2015-01-24,-0.0024312532133301773,0.000593191317919284,0.6766451675788607,0.003919768320806956,0.0,267.9438174188474,-0.00010437527829307622,0.003929069991839135
2015-01-25,-0.005059549027243576,0.0005895081212965109,0.7120726849399718,0.0037142191987253183,0.0,269.95390073772654,-0.00018201852585636292,0.003723689593735442
2015-01-26,-0.008425389095551551,0.0005858628510755334,0.6919910840395481,0.0,0.0,273.8695431976893,-0.0004317337583939908,-4.125180217505848e-09
2015-01-27,-0.007344180960102943,0.00058226548345749,0.6660232112906074,0.0,0.0,274.62543696602864,-0.0003635149533297383,1.7224398902726534e-06
2015-01-28,-0.003903514289923307,0.0005787078943629724,0.6508821246763183,0.0038526234990459377,0.0,271.0057507279678,-0.0004336363241329032,0.004089927858552017
2015-01-29,-0.004602748206106283,0.0005751633543079182,0.6669503479578626,0.0011082892069372082,0.0,265.70918501658184,-0.00027296184904157777,0.0011118707486643562
2015-01-30,-0.005546144257157537,0.0005716321158543818,0.656141952830744,0.0,0.0,266.99406146823577,-0.00019156497687438113,8.543022290389462e-07
2015-01-31,-0.0034329705571724198,0.000568162081605297,0.6459758636417139,0.0004904772770606866,0.0,265.70153974184655,-0.00020726895391267575,0.0004922011140999922
2015-02-01,-0.0031246922194620988,0.0005647282479173047,0.647228061367114,0.0005351759409163632,0.0,257.96231265526035,-0.00031813554002740294,0.0005398248184117538
2015-02-02,-0.004254389322746945,0.0005612962663510425,0.6463967878266244,0.0007753565402354225,0.0,263.9539127170254,-0.00014110806129746518,0.0007798447783489011
2015-02-03,-0.004797554369700157,0.000557893834545114,0.6441928554613937,0.0013553215201291661,0.0,266.83746309154674,-0.0002545332483484247,0.0013806483502660633
2015-02-04,-0.0034429891466420926,0.0005545212050615732,0.6851772157485876,0.005053831506415275,0.0,263.77524787558,-0.00034302148946934504,0.005074427343379541
2015-02-05,-0.006042468766708159,0.0005511932790616137,0.6901060057674201,5.663600934427337e-05,0.0,266.998814440941,-0.00016503936300675076,6.076387987440475e-05
2015-02-06,-0.010959710147084491,0.0005478834533422008,0.6759483782809558,0.0,0.0,272.68939168035644,-0.0006450343203578292,0.0
2015-02-07,-0.011246892607818216,0.0005446050295048515,0.6570982852224576,3.873375849535237e-06,0.0,273.1699277981976,-0.0007481995001856217,0.00011381853607069599
2015-02-08,-0.010165316531550414,0.0005413481576294549,0.6387925659869351,0.0001249477098890617,0.0,270.73695650477873,-0.0007318986769197351,0.00012608795679245236
2015-02-09,-0.005812521455651623,0.0005381176363950396,0.6273853136770245,1.6882720976899574e-06,0.0,269.7763425464235,-0.0002647958759029033,3.1687612911265322e-06
2015-02-10,-0.00292725541160605,0.0005349235682837708,0.6217401939147834,0.004537415874879913,0.0,268.84308458317474,-0.00022566679991402872,0.004557999261354997
2015-02-11,-0.00438864461782962,0.0005317161985709842,0.6509945397098635,0.0007456914853241483,0.0,266.40477082419534,-0.00016289608984512127,0.000756154522941279
2015-02-12,-0.007520086516094746,0.0005285633822618906,0.6417794954978815,2.4409701595198642e-06,0.0,269.7002687005225,-0.0003590891190336249,5.150264358898143e-06
2015-02-13,-0.007187747180798633,0.0005254305183550733,0.6312405286311206,3.6562566703322246e-07,0.0,270.87043649418433,-0.00029150958536034924,1.2232421586741317e-06
2015-02-14,-0.008348822172752209,0.0005223157547288022,0.6211165088718221,0.0,0.0,271.7781376416625,-0.00038073236112203977,1.7225742112714215e-06
2015-02-15,-0.005673681527881299,0.0005192216170036187,0.6510979891272364,0.00887359560882978,0.0,266.9801297879264,-0.0005773461639544385,0.0089227830791204
2015-02-16,-0.0026992375904557396,0.0005161688573616373,0.7091733426024013,0.003916307147276604,0.0,260.6984539894061,-0.00032088927672070975,0.003920711905166982
2015-02-17,-0.003089562605666575,0.0005131268737006322,0.7845573928172082,0.005181733055808451,0.0,258.79872771081733,-0.00023661779587046575,0.005192165691254826
2015-02-18,-0.005613145728905996,0.0005101228164414228,0.8131239149305558,0.0004858034478742525,0.0,262.9980782079607,-0.00016199234388979142,0.0004884213364504322
2015-02-19,-0.008103004998743198,0.0005071352599030835,0.7994253729696329,0.0,0.0,268.29415991975316,-0.00026831988476764016,8.523463748133508e-07
2015-02-20,-0.0034412739135451236,0.0005041676557670207,0.8273180945444917,0.010210956262666628,0.0,266.19563358831317,-0.0002739048841814537,0.010227253830936724
2015-02-21,-0.0023391853365520975,0.0005012479542338916,0.9268350547316384,0.006802049754871487,0.0,260.93574335346113,-0.00038748616510528636,0.006813430533491179
2015-02-22,-0.00325199351303995,0.0004983083002984861,0.9594218510916902,0.0007601511259536959,0.0,253.24629282906457,-0.00027110863287570117,0.0007622619468937349
2015-02-23,-0.005229029993889696,0.0004954580533302437,0.9496536973281545,1.5684103561659992e-06,0.0,254.65359206118825,-0.00011391863542593133,3.249379201123944e-06
2015-02-24,-0.007222452616624241,0.0004925663019977721,0.9355940019568033,1.0737844106167726e-05,0.0,264.21793309802615,-4.5622499017728924e-05,1.1158247903335776e-05
2015-02-25,-0.0037999095047934585,0.0004896828010257354,0.9517371685940442,0.009268464425862846,0.0,264.5307033057491,-0.0003326064196683593,0.009288816196005871
2015-02-26,-0.0021961039658320155,0.0004868687546185855,0.9962314526689032,0.0014030518757421418,0.0,255.05495433843296,-0.0003122533013844221,0.0014047128538222599
2015-02-27,-0.004451715718891662,0.0004840531086517593,1.000038161340631,0.00023257185173573467,0.0,253.7553745707999,-0.00012673683317199265,0.00023741620952419027
2015-02-28,-0.002667598510529362,0.00048124226136396167,0.9872196290901603,0.0003137714466301061,0.0,254.82242126967725,-0.00010923828171976542,0.00031958170946652924
2015-03-01,-0.00400497654905427,0.0004784612163985516,0.9813774956597223,0.00018908179201985483,0.0,255.37871908917046,-0.00010798380599688676,0.00019204933638201186
2015-03-02,-0.006929071820051657,0.00047570492251444675,0.9669915897922552,6.360480677610063e-06,0.0,260.08284476831585,-0.0001725664278124012,7.640035710145984e-06
2015-03-03,-0.0029272887497971962,0.00047294382995131327,1.0143693539606873,0.007634956515946631,0.0,257.40670490085296,-0.00033095002826829417,0.007638327011178496
2015-03-04,-0.0030836415408694814,0.00047022373662830076,1.0630655234816386,5.8758267238315226e-05,0.0,251.1494626765422,-0.00017624143195354332,6.144777521699145e-05
2015-03-05,-0.006322766259565192,0.00046753529774940623,1.0497216980785078,1.0042877520545055e-05,0.0,259.03380348722817,-7.259611061400614e-05,1.1753530757386664e-05
2015-03-06,-0.008446193936854434,0.0004648633595913818,1.0287262939912902,1.045901559840488e-06,0.0,265.0697954684328,-0.0001730632226345903,3.4657220960898133e-06
2015-03-07,-0.009979791644602845,0.00046218477063259835,1.0001108058203863,1.0450218020185914e-05,0.0,267.4973678768467,-0.00030967973088477294,1.1309774694932022e-05
2015-03-08,-0.009013264739917497,0.000459562334637184,0.9706336989465632,0.00012641888385438648,0.0,266.65644801224244,-0.0003445619180545968,0.00012854880563732663
2015-03-09,-0.009770850593087365,0.00045693829908209334,0.9430386818061443,0.0,0.0,268.1359943849668,-0.0003252507182164381,2.8384263426792876e-09
2015-03-10,-0.011222352457922058,0.0004543456654090666,0.9173604674258474,0.0,0.0,269.3265391671276,-0.00039970183397753766,4.351138045421976e-07
2015-03-11,-0.01225654494627721,0.00045176953245691,0.8931769821827918,0.0,0.0,271.07360765489483,-0.00050385551011495,4.351138045421976e-07
2015-03-12,-0.010520994494863822,0.0004493110092346278,0.8700806353725283,0.0015401114935928819,0.0,272.1869622749573,-0.0005922182699886419,0.002777084994348483
2015-03-13,-0.011698448514871007,0.0004466917723585657,0.8555305897628297,1.5763197578279314e-05,0.0,271.10340939897156,-0.0004333900340364478,1.5875377223990058e-05
2015-03-14,-0.013664271156329894,0.00044417019281010173,0.8327889595103579,0.0,0.0,273.37409168537954,-0.0006555341668216523,1.2869489296463144e-06
2015-03-15,-0.012296337950027594,0.0004575256742326554,0.8038785255561441,0.0,0.0011461905629958137,276.09350121851924,-0.0005713161081075669,8.52346317969932e-07
2015-03-16,-0.006803436046939786,0.000464672843615214,0.7624546201889125,0.0016336431358493656,0.0016740988519063776,275.6607545576078,-0.0005671912488543382,0.0018299315101884311
2015-03-17,-0.004919248238458472,0.0004367941180191471,0.7956041813794728,0.007248070006821789,0.0,272.08761756164205,-0.0005018139931525887,0.007686675284993261
2015-03-18,-0.007223349085635385,0.00043437339491763364,0.7852631477312855,0.002268175368255141,0.0,272.43077431874536,-0.0005074227597080382,0.0026515509953939044
2015-03-19,-0.009118856178165156,0.00043194602101536133,0.7878282335069445,0.0010704201156810178,0.0,268.7594195938829,-0.0008203081555117321,0.0011029502260133234
2015-03-20,-0.01355628702936873,0.00042957000139742926,0.7767711000029427,0.0,0.0,271.57986659249343,-0.0005298070609569551,4.261732051702438e-07
2015-03-21,-0.01569652325857831,0.00042719398177949725,0.7632741694620999,0.0,0.0,273.3696524302165,-0.0007563013646562221,0.0
2015-03-22,-0.012049108701573929,0.00042493052065035715,0.7516115120350755,0.0007387804825090419,0.0,271.6870491976118,-0.0009060974659050925,0.001425460115596211
2015-03-23,-0.012088478074572181,0.0004225659505122126,0.7433477426877354,5.0321621241542585e-05,0.0,270.36731305095435,-0.0006784714632115122,0.00020655869507575105
2015-03-24,-0.010055870870075657,0.0004202859886622025,0.7751384383092045,0.007731020703154095,0.0,268.39756980723587,-0.0008302776111384571,0.007990681636702596
2015-03-25,-0.006262492030690619,0.0004180041746904621,0.828244081773776,0.007070356380131286,0.0,265.6199150803848,-0.00042775873157937654,0.007096836711727294
2015-03-26,-0.006067073109459743,0.0004157670642023033,0.85941201190266,0.0023371825615564985,0.0,268.0462797527709,-0.00025081204113650457,0.0024867087939023703
2015-03-27,-0.012057405407145873,0.00041352675459479214,0.8601552384945857,0.0005162844886887545,0.0,273.1668988890567,-0.0003371676114403596,0.0005909355002170172
2015-03-28,-0.016969681459631625,0.000422710500194528,0.8328034424287901,0.0,0.0007390839568639205,275.0535601348302,-0.000741934340636609,0.0001912532478029989
2015-03-29,-0.018952433672328454,0.0004110719356159706,0.802067241201742,5.1622841991273705e-06,1.890090225780078e-05,270.96651689346226,-0.0015370025336321465,0.0002826904341325921
2015-03-30,-0.015512015060179653,0.0004069742846623653,0.7881275471545434,0.0,0.0,272.0347635876212,-0.0007923757078620674,1.7106532368416083e-06
2015-03-31,-0.018152197791358175,0.0004048364310614807,0.7738793439559793,0.0,0.0,274.1942494710286,-0.0008386815187789627,8.553265615773853e-07
2015-04-01,-0.015234345559683225,0.00040271187906211383,0.7576899699123117,0.0018695905425791014,0.0,271.8466602907343,-0.0014341506359856681,0.0020679482392024053
2015-04-02,-0.008487974940720252,0.000400603827783617,0.7661546610169493,0.003070740460675989,0.0,263.75392671717987,-0.0008441172855890403,0.0030778801205126986
2015-04-03,-0.009618135116531352,0.0003985122772259901,0.7850268232844869,0.00026504297630261574,0.0,262.3625242588884,-0.0005417967183610141,0.0002673372744697586
2015-04-04,-0.01368870333594791,0.00039647208095270367,0.7787283629796374,5.2072823384387345e-06,0.0,266.23049349165234,-0.0006162848555098819,7.1842453897872764e-06
2015-04-05,-0.014121701572574466,0.0003944087331577883,0.771874724134887,0.00010397611448993791,0.0,269.10041973954543,-0.0006715757404006808,0.00019181838806610305
2015-04-06,-0.010963688967591626,0.0003923916884061308,0.7673144439294963,0.0007256396998793392,0.0,269.4778685201584,-0.0006210520642541223,0.0008481303177310922
2015-04-07,-0.010303750297444016,0.0003904126963372958,0.770265051200565,0.001397282011428122,0.0,269.1205190705266,-0.0007069300975924157,0.0015563516125167158
2015-04-08,-0.004225229139381883,0.000388394052025962,0.7807858569473871,0.008177856099134111,0.0,268.4792595089268,-0.00029531767918060056,0.008493453394187894
2015-04-09,-0.010548171224230426,0.00038641985863615565,0.8484620060175379,0.003122430610454689,0.0,267.0634901150921,-0.0006150545994356528,0.0031579250186307374
2015-04-10,-0.014343930334694641,0.0003844557677285147,0.8416998624352637,1.2417634328206382e-06,0.0,268.01419945266065,-0.0006177461690316766,1.245888613038144e-06
2015-04-11,-0.017216577031518108,0.00038250977710141973,0.8306027284898776,3.4327392524245095e-08,0.0,271.49375254959716,-0.0007832420642598202,1.555074988758306e-05
2015-04-12,-0.015222806757116049,0.00038062524324083063,0.844404260092985,0.007327167790825084,0.0,269.9782675978379,-0.001134572045530303,0.007506759950202884
2015-04-13,-0.016341600167212516,0.00037870560325471697,0.8709958178848871,3.979070964506117e-05,0.0,268.88699595492665,-0.0007260302923577655,4.391115573710877e-05
2015-04-14,-0.024580896742599834,0.00037679606575076864,0.8570161233963043,0.0,0.0,274.3188457273494,-0.0011447974517520539,8.440761121164542e-07
2015-04-15,-0.00971501552115726,0.00037496768485354836,0.849305463600518,0.006110159332974483,0.0,271.3995508168826,-0.000988373001458618,0.006469279729611511
2015-04-16,-0.008026464931708945,0.00037307624763014633,0.9142916979313795,0.0065101175911008976,0.0,267.95309037318117,-0.0005296279891988653,0.006517070279180722
2015-04-17,-0.013992878171683707,0.00037123456513140843,0.9136165180673259,2.627302024324062e-05,0.0,270.04330089446967,-0.00043289741701157085,2.884725045893804e-05
2015-04-18,-0.014882661907349604,0.00036947563879907475,0.8968997818826507,0.00019721602652705996,0.0,271.77471755363626,-0.0006778270037750067,0.0008044366950019468
2015-04-19,-0.012539542832617033,0.0003675991027368665,0.8913436286193505,0.0014679066963114982,0.0,267.28919306178557,-0.0009767011986613948,0.0015256665329021458
2015-04-20,-0.013336730920999065,0.00036580532284106245,0.8820361695945153,0.00043813892677005406,0.0,266.65352390310863,-0.0006754563563624344,0.0005323364909759349
2015-04-21,-0.013479857710795216,0.0003640695480303576,0.8756338000971046,0.0005613467787618692,0.0,270.02481483200853,-0.0004912138848149844,0.0012993077941752288
2015-04-22,-0.016596109727344946,0.0003623106216980239,0.8674056633268598,1.9582293633013798e-05,0.0,272.74921993751315,-0.0005241976472112419,0.0008719130086342761
2015-04-23,-0.016039375826127113,0.0003711077789802336,0.8453215115936912,0.0,0.0005102062250598004,274.5538052165576,-0.0006977897821425718,0.0007977720539448626
2015-04-24,-0.017604761499132815,0.00038125235482124286,0.8210982557968457,1.6741749257017664e-05,0.0013519588668467635,273.8724951160381,-0.0008125867862991022,0.0011495011168903416
2015-04-25,-0.010003164410591127,0.00035895508224681276,0.8017488468838277,0.0022197263052234546,0.00010857899478599852,272.5679953192587,-0.0007719661051270653,0.003797397135295761
2015-04-26,-0.005183016976057473,0.0003553438658094676,0.8134625393567562,0.0037318370436544472,0.0,270.66464950719575,-0.0006781844159135711,0.003992526494131573
2015-04-27,-0.007441097481102593,0.0003536692952032144,0.8279544234051319,0.0018148037715483524,0.0,271.2106615414952,-0.0004730052814561096,0.002237851107849056
2015-04-28,-0.017807759555046168,0.0003557649709410587,0.8251769214924671,0.0002953788570765048,0.00025915322920023386,272.8521415581137,-0.0006171950260124638,0.0003197406981624452
2015-04-29,-0.02125981391149726,0.00041655598387206345,0.7992729574947034,0.0,0.004406781751388884,275.9819290498781,-0.0006975471015788067,1.7195939108205494e-06
2015-04-30,-0.011967274765510344,0.0004395171578994579,0.7620674894803438,0.0013256032588118214,0.0045989506199198265,275.3790362550265,-0.0004584777279425476,0.0033653840169045077
2015-05-01,-0.02093818510151179,0.00037967215823588404,0.7424307210746234,0.0,0.0018161552521468555,274.44551021769894,-0.001120066501747417,0.00010359280526832672
2015-05-02,-0.025118613184171884,0.00037959849430342857,0.7157016905014124,0.0,0.0019210232895309643,276.4019345824104,-0.0014763409113984999,0.0
2015-05-03,-0.016971649844094185,0.0003864573220075188,0.6893630090630886,0.0,0.0021797519829650385,275.05827070764235,-0.0008524277242226789,0.0005619295852809668
2015-05-04,-0.01600337828283256,0.0006233857849896965,0.6667717252971987,7.038679247522085e-05,0.007018357873131326,275.56616936879425,-0.0005151754729239281,0.001536512437296564
2015-05-05,-0.019683983029618775,0.0008962167016530441,0.6320030657809557,0.0,0.009008337022726146,276.81519571580907,-0.0005704647003762466,0.0007087867812248273
2015-05-06,-0.007087167541859514,0.0004884020588492269,0.599582248263889,0.0010874957098799237,0.004687615223018464,274.93005866788883,-0.0002709288823570909,0.0048241920221769475
2015-05-07,-0.005908172472385364,0.0003419584136898235,0.6093386777601225,0.0038788022294556357,9.540786261612412e-05,272.1893990187995,-0.0007415631796512227,0.004298840067378599
2015-05-08,-0.00860176471161977,0.00033860396867418024,0.6251112655955744,0.001492937553231999,0.0,271.66902093115056,-0.000718550972303765,0.0025275160026179597
2015-05-09,-0.005456392121853802,0.0003412019061503438,0.6522425994585689,0.0075009508574076286,0.0,271.0815717837231,-0.0006517690769528266,0.008439443710833619
2015-05-10,-0.007473304362620338,0.00033791582126401913,0.7082282747028015,0.00600148449088894,0.0,267.95732335810834,-0.0007203228740116298,0.006067789156455832
2015-05-11,-0.015762055450576847,0.0003377666412773779,0.7301151828801788,0.0007600887010326494,0.0,267.1523791562815,-0.0006936325107590627,0.0007643794235850487
2015-05-12,-0.0172404638454739,0.00034189990348061606,0.7245027071563088,3.419511314839294e-06,0.00019866777426105436,273.1547624332981,-0.0005349010323821489,0.0005243439122108417
2015-05-13,-0.014181133338623801,0.00042200501018998317,0.7062806670050613,0.0,0.003790184266149661,274.98925333328395,-0.0004049423703197706,0.0003574761966177836
2015-05-14,-0.016776214843079198,0.00043546395786737995,0.6775748330096517,0.0,0.003878076576580436,275.01740268125377,-0.0006589282693415039,0.0004287451505611273
2015-05-15,-0.00830901687764852,0.0020407950979168133,0.6466103534016008,0.000248798374402321,0.011335029903441499,276.005788548069,5.725147149993875e-05,0.007516912434015221
2015-05-16,-0.014713884620679974,0.00048560291360327085,0.6176307232815443,1.4269756058515131e-07,0.0027903746918769884,273.9261912509323,-0.0007596996186648387,0.001959178861879683
2015-05-17,-0.008208722760111599,0.0003670909478839508,0.621997897907839,0.005857355198112586,0.0004915772479469494,272.45507323988863,-0.0006808773798626022,0.007155942546445772
2015-05-18,-0.008195796086963287,0.0003570964780904479,0.6446048140301319,0.0010174373322624271,1.2116327797625698e-05,271.34953134252976,-0.0006916080575204838,0.0013414104442811955
2015-05-19,-0.006434022580499703,0.0003765461135045283,0.6411633967455274,0.0015760035922298325,8.397490459646884e-05,272.60434711406015,-0.0004067185866293935,0.002387107681098099
2015-05-20,-0.009381058441717074,0.000377784762005348,0.6535851430084747,0.0020315159890948046,0.0,271.7198386758061,-0.0007079728789585459,0.0035118924021371204
2015-05-21,-0.015864731901783058,0.00042777672662573353,0.6462393148246234,5.843570340151168e-06,0.001759108492715211,273.12280733571896,-0.0007184245334254147,0.0003202324870397278
2015-05-22,-0.010922380002204983,0.0012856667156273362,0.624251945768597,0.00014563689881798913,0.004663474478964078,274.7222080374393,-0.0003022572162461146,0.004081606696554497
2015-05-23,-0.003198314479178628,0.002646296037792486,0.6041597700388418,0.0009083725343653038,0.007330205059994412,274.3190334054261,6.981386597883904e-05,0.010391562048986887
2015-05-24,-0.00258203124427526,0.0029355826350928706,0.597561076536017,0.007853920892470301,0.005631831721902568,274.02210494578446,2.3709783740973067e-05,0.019051917377159836
2015-05-25,-0.006048173217450159,0.002773406731206818,0.6422063967602402,0.0034886808844946196,0.007200890552189391,274.40605501580825,-6.848299023458512e-05,0.009980382235705257
2015-05-26,-0.010462676317004834,0.002537598633496775,0.6153624223899483,1.795196347990952e-05,0.009296547810910112,275.14995194559043,-6.593267649075406e-05,0.003888283577342492
2015-05-27,-0.012202217164686172,0.002179087723715831,0.5768367099223164,5.024364270732902e-06,0.010637969304781177,276.08324995597656,-0.00019556539669885473,0.0024109416256621733
2015-05-28,-0.006651326087908557,0.0029898506436644304,0.5451076241760829,0.0006535041572178825,0.0074376183335727215,274.96116035447056,-0.00010715697571045937,0.007357845468031227
2015-05-29,-0.00617349673967577,0.0031602448326046185,0.5264471883827684,0.001579192146069586,0.009131859840646303,274.9574006973238,3.888602184373781e-05,0.010642736005198808
2015-05-30,-0.017237065286286133,0.0029508375515372065,0.5004818443973634,0.0,0.012752532411766592,277.34086574762784,-0.00028633545179151547,0.0005341545840878674
2015-05-31,-0.01823406788588917,0.0061070444220203465,0.45223372579743415,0.0,0.019469136445872528,279.6503884841718,-3.398068270272455e-05,0.002229192836136468
2015-06-01,-0.022202088587028164,0.0071988541864405915,0.3931914651012241,0.0,0.019994925854906524,282.24174934502156,-0.0005739259160002747,0.0010474489401948587
2015-06-02,-0.02195980298822209,0.0057259815729270545,0.3408242205891008,0.0,0.01344836701107564,281.4394936031766,-0.0009676711528567272,0.00040553506820425474
2015-06-03,-0.019491978410610372,0.005480908067886439,0.30635096663135597,0.0,0.009870452711642799,279.7252637320768,-0.0010691841296051855,7.369164692656131e-05
2015-06-04,-0.01794639730689216,0.00767481705899966,0.2756736166284134,0.0,0.012665320924446409,280.0450202992183,-0.0010289799758775085,0.0037946539410090045
2015-06-05,-0.010967890000612723,0.009775019045603477,0.24273532213688798,0.0,0.01249887044988783,280.9517637206112,-0.0006021664577857249,0.0053423223859172765
2015-06-06,-0.007127069778698313,0.013882378147820297,0.21128486015477874,0.0,0.010392405808308705,280.0917596116578,-0.0008662422161317814,0.01105472877424095
2015-06-07,-0.012819127679544655,0.010407460695606167,0.18463720978990114,0.0,0.008964343954109204,279.3835016742714,-0.0015250076881825588,0.010910520096117106
2015-06-08,-0.022043072234439312,0.00928821856692686,0.1603502751294727,0.0,0.010401038463506321,282.10930196758494,-0.0012979586056228413,0.0007435351440785832
2015-06-09,-0.024026557592685613,0.010735828745163094,0.12836210606461865,0.0,0.01214023873125766,284.92462330618827,-0.0011988567809263866,0.0009528357262560206
2015-06-10,-0.021641551017087732,0.013964162708002296,0.09697118496939737,0.0,0.011042045313591337,283.96909191469246,-0.0012987058209834126,0.006263304345923009
2015-06-11,-0.014825987192870534,0.014730648890053486,0.0718867702448211,0.0,0.010013924985282167,281.5670135268159,-0.0012725965977556963,0.004845767051485226
2015-06-12,-0.025655015755844654,0.012250911802221825,0.048061679761064034,0.0,0.008080986849332259,283.1083144854242,-0.002010706696385718,0.0007798120295260586
2015-06-13,-0.02152596014199284,0.011870542404341832,0.02938837026247646,0.0,0.004946408319776341,283.17386277696284,-0.002309056930243969,0.005669363022243498
2015-06-14,-0.019147240004297034,0.010121850980877204,0.018121119497410552,0.0,0.0034428268755223126,281.7400746929219,-0.001935694261459308,0.0018086405258007602
2015-06-15,-0.010933914006093129,0.010375400468454523,0.011158973708215631,0.0,0.002337970344697015,279.9698929831582,-0.002053174563804589,0.00916356681755788
2015-06-16,-0.010785394763879184,0.010910802305081471,0.005902593867702448,0.0,0.0015436039848179468,281.12974328150636,-0.0024338143504103703,0.013087618401551922
2015-06-17,-0.02238265702785072,0.008920814442095784,0.003108999823446328,0.0,0.0007771908563409149,282.1146849831619,-0.002429525930918543,0.0009231327617221566
2015-06-18,-0.02846765029901839,0.007948898494580373,0.0018023187382297553,0.0,0.0004596775029338686,283.88734461538314,-0.0023483789005016875,0.00016722642085517173
2015-06-19,-0.031879334505331716,0.007182497425941425,0.0009011593691148777,0.0,0.000232309376620977,286.75272373335963,-0.0028693671259334536,0.0013286329089690063
2015-06-20,-0.022204168435543944,0.006582014136395213,0.0003379347634180791,0.0,8.665088374735946e-05,283.26549440229456,-0.0026889585358443237,0.0034787975461233536
2015-06-21,-0.031982836623986564,0.006018938486185452,-7.3453647229951e-24,0.0,3.760781581118956e-05,284.4631494029992,-0.002782764486800143,0.00039310997488808497
2015-06-22,-0.02607750745311295,0.005574221833277557,-7.3453647229951e-24,0.0,1.676429042034904e-05,283.3795744434364,-0.002281123430252412,0.0005909918391771909
2015-06-23,-0.02942984189185719,0.005197469292387452,-7.3453647229951e-24,0.0,8.97493992148146e-06,283.73226148529915,-0.0024963104466007927,0.000447263151912366
2015-06-24,-0.028675739458725275,0.00487081134049906,-7.3453647229951e-24,0.0,4.322031291864686e-06,285.3080868837748,-0.00249954700301596,0.0005329188990727657
2015-06-25,-0.018725006257073355,0.00576571396178445,-7.3453647229951e-24,0.0,2.0454790295854126e-06,284.50239131230643,-0.0024554479425236333,0.009506611365954135
2015-06-26,-0.026199187767707695,0.0043529059927342306,-7.3453647229951e-24,0.0,7.562339305877686e-07,283.8511588856325,-0.0029890022298457936,0.0021714476374477994
2015-06-27,-0.030699693171654722,0.004125806403025395,-7.3453647229951e-24,0.0,3.498405386499093e-07,286.7348701563259,-0.002850654340312306,0.002215704422886089
2015-06-28,-0.026327669704701268,0.004007805201966885,-7.3453647229951e-24,0.0,1.312059871220993e-07,287.55612797566505,-0.0027972624168894388,0.00645103284531394
2015-06-29,-0.02841999066078057,0.0037155273438847004,-7.3453647229951e-24,0.0,4.743957250131726e-08,287.81642498943097,-0.0030287895983053467,0.000725099174989819
2015-06-30,-0.030853973143855063,0.003698892091627175,-7.3453647229951e-24,0.0,1.2375540652517547e-08,288.93006930019004,-0.0031169060470357455,0.0055180111342181025
2015-07-01,-0.02403605215798664,0.0038965250981056083,-7.3453647229951e-24,0.0,4.125180217505848e-09,286.5450198214831,-0.002737245885497433,0.007281225195712289
2015-07-02,-0.02190249190155396,0.0037613048055077677,-7.3453647229951e-24,0.0,0.0,284.9311683065698,-0.0027835691337194826,0.005906510757186245
2015-07-03,-0.025254690040976316,0.0031918680432152617,-7.3453647229951e-24,0.0,0.0,285.38902126103926,-0.0028150240222444643,0.004475380017156709
2015-07-04,-0.02939719054321785,0.0030260149200083846,-7.3453647229951e-24,0.0,0.0,287.71167491115426,-0.003066993976211817,0.001507166196351994
2015-07-05,-0.01888940222350891,0.002954365422496688,-7.3453647229951e-24,0.0,0.0,287.1097945412674,-0.0022431901829727628,0.004295989544056602
2015-07-06,-0.007543677748259852,0.0030277621442988765,-7.3453647229951e-24,0.0,0.0,281.5529441941256,-0.002361500804117844,0.010215114370988229
2015-07-07,-0.016028381210599244,0.0037758022883517595,-7.3453647229951e-24,0.0,0.0,282.6850244554423,-0.0023455871847894907,0.008553538820735533
2015-07-08,-0.01217324492958306,0.0034996495071777517,-7.3453647229951e-24,0.0,0.0,281.2750242416468,-0.002816260713389365,0.011801218110860458
2015-07-09,-0.012524118152378643,0.004237752765585474,-7.3453647229951e-24,0.0,0.0,281.77008503843837,-0.003090927251062151,0.012462784863438473
2015-07-10,-0.020699951229459147,0.002563821309703892,-7.3453647229951e-24,0.0,0.0,284.01289337143834,-0.002177650750862003,0.0022572861721236927
2015-07-11,-0.03178758670886358,0.002487477020355268,-7.3453647229951e-24,0.0,0.0,283.897477403199,-0.0029023144983470785,0.0011053375099784506
2015-07-12,-0.03827783604294567,0.002477624322061485,-7.3453647229951e-24,0.0,0.0,285.00883821534126,-0.0035036322529201453,0.003948751512848374
2015-07-13,-0.034341282890004626,0.0023810706906399488,-7.3453647229951e-24,0.0,0.0,285.33413630555583,-0.0029288569812552403,0.00037802134527745217
2015-07-14,-0.03284029969892933,0.00233013683793235,-7.3453647229951e-24,0.0,0.0,285.40865452365915,-0.0027653321013443887,0.00022888537169257105
2015-07-15,-0.024140594327180402,0.002307324507142191,-7.3453647229951e-24,0.0,0.0,285.0835813928235,-0.0024991035145723217,0.002053934571410465
2015-07-16,-0.028907934319501546,0.0022490849602693893,-7.3453647229951e-24,0.0,0.0,283.83022549372384,-0.00269241224827066,0.0015665025022953917
2015-07-17,-0.020976320330032522,0.002203174903567902,-7.3453647229951e-24,0.0,0.0,283.2543234816155,-0.002521418808501656,0.001757647593725172
2015-07-18,-0.02159270101179511,0.002148541437704011,-7.3453647229951e-24,0.0,0.0,280.56826844008856,-0.0018266605865736466,0.0005476262946132077
2015-07-19,-0.024699165954091454,0.0021066551996489708,-7.3453647229951e-24,0.0,0.0,281.9859159796476,-0.002282095494243385,0.0007404008154141701
2015-07-20,-0.028429201262145397,0.002063477443436445,-7.3453647229951e-24,0.0,0.0,283.9292690578827,-0.002624995943348287,0.0008244290863272027
2015-07-21,-0.02985650742963209,0.002057419995130119,-7.3453647229951e-24,0.0,0.0,285.13174896814957,-0.0028048616144700916,0.003691838218662439
2015-07-22,-0.0297302118381538,0.0019783134345954423,-7.3453647229951e-24,0.0,0.0,285.71062262224393,-0.0028742617732808416,0.0008351303258070973
2015-07-23,-0.029867610394281187,0.002511924269509181,-7.3453647229951e-24,0.0,0.0,285.6791608706257,-0.0030502048452611024,0.007480224647090934
2015-07-24,-0.03148701142961696,0.0019053536451469034,-7.3453647229951e-24,0.0,0.0,285.19536515144307,-0.0029985250189563653,0.0015882346757947524
2015-07-25,-0.0320427966656658,0.0018604584669662735,-7.3453647229951e-24,0.0,0.0,285.48048653396063,-0.0031081695151699462,0.0014001431101004823
2015-07-26,-0.03647501046879817,0.0018107766485483635,-7.3453647229951e-24,0.0,0.0,286.9616984458967,-0.002937956513195052,0.0002292400433283403
2015-07-27,-0.03732982458872984,0.0017800108861115022,-7.3453647229951e-24,0.0,0.0,288.203069503698,-0.0027583606572727025,0.00119620106988034
2015-07-28,-0.029101946217528846,0.0017460837202557065,-7.3453647229951e-24,0.0,0.0,279.0890836374459,-0.002222535816037049,0.0013459882492084015
2015-07-29,-0.03155377418813059,0.0016976468643899692,-7.3453647229951e-24,0.0,0.0,280.5717978181139,-0.0023140143918789044,1.7172018260680488e-06
2015-07-30,-0.03312892942442059,0.0016615641655894997,-7.3453647229951e-24,0.0,0.0,283.5692871294902,-0.0023573522092932364,2.1319132770258875e-06
2015-07-31,-0.0356239710992339,0.0016261137137978765,-7.3453647229951e-24,0.0,0.0,285.6978485696509,-0.0024508316553918654,1.4231366171539564e-06
2015-08-01,-0.03704215838747509,0.0015912859116570426,-7.3453647229951e-24,0.0,0.0,287.51976189909686,-0.00246139573680479,2.8936703149084594e-06
2015-08-02,-0.03774843933218617,0.0015577404512523933,-7.3453647229951e-24,0.0,0.0,287.6617787212077,-0.0023901699226623204,8.400009112244854e-05
2015-08-03,-0.029975864425890862,0.0015479900405905341,-7.3453647229951e-24,0.0,0.0,287.01723296673737,-0.0022875324291529633,0.0026345421291555666
2015-08-04,-0.011127665975673051,0.002586032121868457,-7.3453647229951e-24,0.0,0.0,284.0966928665248,-0.0032619770910948683,0.019919691905835087
2015-08-05,-0.02224031553766822,0.001505894344405266,-7.3453647229951e-24,0.0,0.0,285.02427995900877,-0.0023002024571605996,0.003555460080588605
2015-08-06,-0.02448796443009781,0.0014493837531677073,-7.3453647229951e-24,0.0,0.0,283.7071895132406,-0.002525988440055632,0.0014047493199721838
2015-08-07,-0.027773206769409826,0.0014117428306805885,-7.3453647229951e-24,0.0,0.0,284.5632889778152,-0.002391784236171825,0.000319322455400801
2015-08-08,-0.019898367172243903,0.001447699332641343,-7.3453647229951e-24,0.0,0.0,283.3971449785538,-0.002295109890611832,0.005607306957244873
2015-08-09,-0.020312449942200873,0.0013755164240713176,-7.3453647229951e-24,0.0,0.0,281.851716011033,-0.0023593962360910106,0.0018335471382248873
2015-08-10,-0.029434800105916585,0.0013343784431953216,-7.3453647229951e-24,0.0,0.0,283.71722891640525,-0.0023703099054805305,0.00017804222032977236
2015-08-11,-0.035773649853838366,0.0013084438561046191,-7.3453647229951e-24,0.0,0.0,287.03287454019613,-0.0025641468832385073,4.5526111764476584e-05
2015-08-12,-0.024869784628604088,0.0013407102580797875,-7.3453647229951e-24,0.0,0.0,288.0912143793484,-0.002380118558004415,0.004987644357869855
2015-08-13,-0.02431768945044717,0.001325617402286853,-7.3453647229951e-24,0.0,0.0,287.81701811738384,-0.0025514658109027115,0.005297843093252452
2015-08-14,-0.03155590038178331,0.0012406333860030957,-7.3453647229951e-24,0.0,0.0,288.92093183226507,-0.0028239460188453484,0.00010111185444610922
2015-08-15,-0.03858192315546133,0.0012188758385383476,-7.3453647229951e-24,0.0,0.0,290.12928639428094,-0.002740596594699359,0.00015374816070168706
2015-08-16,-0.025213401996146488,0.0012066309566551683,-7.3453647229951e-24,0.0,0.0,285.6242757750545,-0.0021581850040935527,0.0013359853607436895
2015-08-17,-0.019497340471394318,0.0012348476102796652,-7.3453647229951e-24,0.0,0.0,282.0358950620317,-0.002330038207188501,0.005459025872526923
2015-08-18,-0.011610931511652671,0.0012708511729698398,0.00027103747351694914,0.00027545882483660165,1.996888195054006e-05,277.327069151424,-0.0026521768399887843,0.010118736553943495
2015-08-19,-0.0177417228703445,0.0011651368632828447,0.0034464748116760833,0.0002740410993159828,0.00022242410834562984,276.7527483097802,-0.00239383010982962,0.002157680227258111
2015-08-20,-0.02808201245668918,0.0011292366826601622,0.0017876059322033898,0.0,0.00016212298161229173,282.29203127198303,-0.002174713854062355,0.0004330205040673076
2015-08-21,-0.032563709143528165,0.0011068178435503428,0.0008131124205508476,0.0,7.736905988326855e-05,285.0614848056082,-0.0023407808341885696,0.0
2015-08-22,-0.027210822213167528,0.0011017241720425882,0.0006321908839453862,0.0002008125312247519,5.79676112044329e-05,280.54270368960397,-0.0022665664322127055,0.0016983964685666358
2015-08-23,-0.027823053510849086,0.0010737864311132054,0.0013639230961629003,0.0,8.085196427369522e-05,279.01664670667634,-0.001982182011765949,8.583068797918258e-07
2015-08-24,-0.031010889737619517,0.0010576157246605827,0.0004731086687853108,0.0,6.059359359202413e-05,284.0783639825221,-0.002186460715145041,4.274632966618071e-05
2015-08-25,-0.03220453698419582,0.0010596192152486684,-7.3453647229951e-24,0.0,2.6624670809945146e-05,287.5499552854261,-0.00244411191571567,0.001971573681267384
2015-08-26,-0.026384256738053877,0.0010302842168484704,-7.3453647229951e-24,0.0,7.943729054456378e-06,287.67893976904804,-0.001872253388503177,0.000650358896749869
2015-08-27,-0.024172007953379787,0.0010657410668787983,-7.3453647229951e-24,0.0,2.4429696091150833e-06,284.83433934658933,-0.0028087105075855043,0.005733021672834711
2015-08-28,-0.026054749423164433,0.0010224626225940254,-7.3453647229951e-24,0.0,4.802677927717651e-07,284.9744031514601,-0.0024595134707409783,0.0029072267355891948
2015-08-29,-0.03146287630506828,0.0009823173789654748,-7.3453647229951e-24,0.0,1.3844609934057893e-07,286.94155164312735,-0.002344870466296956,4.075627440166798e-06
2015-08-30,-0.031081228816913352,0.001001965359779401,-7.3453647229951e-24,0.0,3.7589652390129826e-08,288.2930823791274,-0.002469675089258932,0.0034079508929553107
2015-08-31,-0.038405171390307156,0.0009546131737488137,-7.3453647229951e-24,0.0,4.125180217505848e-09,285.4603978424647,-0.00230029374781975,2.5355977935577756e-05
2015-09-01,-0.03288850247186457,0.0009406430404738517,-7.3453647229951e-24,0.0,0.0,285.40788523715327,-0.0021851377056564315,7.88622855907306e-09
2015-09-02,-0.03524034226176429,0.0009280710065432187,-7.3453647229951e-24,0.0,0.0,287.0791905577349,-0.002228695483573076,0.00014347077079282622
2015-09-03,-0.033277222834064465,0.000913945968541722,-7.3453647229951e-24,0.0,0.0,287.1064004341313,-0.0020076724474376207,1.842490697311143e-05
2015-09-04,-0.0330267076270055,0.000903967073408224,-7.3453647229951e-24,0.0,0.0,285.3172843487699,-0.0019156213976063972,0.00045435150790893407
2015-09-05,-0.031024444953533216,0.0008979230108907668,-7.3453647229951e-24,0.0,0.0,284.4503323147302,-0.0021682558686467214,0.0014444463166262203
2015-09-06,-0.02967438421680429,0.0008795326207317202,-7.3453647229951e-24,0.0,0.0,279.7551938468229,-0.0016062643884097116,0.0004777660814382262
2015-09-07,-0.030367945210408358,0.0008647801344004055,-7.3453647229951e-24,0.0,0.0,279.67684979627364,-0.0016183013433201164,0.0
2015-09-08,-0.026041118943758605,0.0008530957719026987,-7.3453647229951e-24,0.0,0.0,278.7391676929711,-0.001389798029499539,1.2909357565149548e-06
2015-09-09,-0.028097595324960804,0.0008419212480049349,-7.3453647229951e-24,0.0,0.0,281.3730189436573,-0.001475048546105792,3.9218835876914136e-05
2015-09-10,-0.023702144033491274,0.0008396575343137408,-7.3453647229951e-24,0.0,0.0,281.4050913126456,-0.00157881834896776,0.001451614119125127
2015-09-11,-0.022695078688152768,0.0008198106187885091,-7.3453647229951e-24,0.0,0.0,280.99193486431005,-0.001362260199536038,1.3283215006525922e-05
2015-09-12,-0.024259874376200013,0.0008088960654317997,-7.3453647229951e-24,0.0,0.0,283.38883759162746,-0.0014468491771968744,1.2768655785631489e-06
2015-09-13,-0.028330320355582375,0.000798487898993627,-7.3453647229951e-24,0.0,0.0,285.12597127149337,-0.0015330269543380388,7.221341804200642e-05
2015-09-14,-0.03270653033323881,0.0007873899855856168,-7.3453647229951e-24,0.0,0.0,285.32957589963064,-0.0016480730583438765,5.815353926348092e-06
2015-09-15,-0.02971468209210089,0.0008183239543505308,-7.3453647229951e-24,0.0,0.0,283.6566498751021,-0.0020631336643870944,0.005202919598348138
2015-09-16,-0.015403209306762719,0.0008538939521811103,-7.3453647229951e-24,0.0,0.0,280.087798874706,-0.0019406745115579185,0.008977007411292644
2015-09-17,-0.020806315507592456,0.0007582545953955354,-7.3453647229951e-24,0.0,0.0,277.4828964851222,-0.001368759126312989,2.0476973662942144e-05
2015-09-18,-0.016057165792096137,0.00076859137095974,0.005104654028366291,0.0015417040025783799,0.00013461686923342236,275.42692439838993,-0.0019941968254029415,0.004293054809610474
2015-09-19,-0.02164803819972917,0.0007430143275503386,0.008596186808498118,0.0,0.0002718686973307766,277.3699616326227,-0.0012777329996059843,8.523463748133508e-07
2015-09-20,-0.022343842575779073,0.0007351142706844093,0.0064671977989642195,0.0,0.00038125391228724343,279.6682228835514,-0.001365835594255372,0.0
2015-09-21,-0.02459576818565865,0.0007248798669394802,0.0036223388212099816,0.0,0.0002821718505715247,282.7881330105769,-0.0014229629315057044,1.281474737879762e-06
2015-09-22,-0.025529559175510197,0.0007144857597889873,0.0019227798375706215,0.0,0.0001662922760019195,282.82525041727473,-0.0015273383413415174,1.711924255687336e-06
2015-09-23,-0.028162712725879113,0.0007046230432003906,0.0011692083039077212,0.0,8.101715038051713e-05,284.7440034898661,-0.0014830704483777119,0.0
2015-09-24,-0.026210238367824233,0.0006954931775055364,0.00042805070032956693,0.0,4.3897610683899144e-05,283.5567314737037,-0.0013340194841141755,1.7081113696804096e-06
2015-09-25,-0.029122106267907528,0.0006866280810307648,-7.3453647229951e-24,0.0,1.7926338954833945e-05,285.3080506369668,-0.0014561843811034484,0.0
2015-09-26,-0.03006795200250917,0.000678042402375216,-7.3453647229951e-24,0.0,8.059823412006185e-06,286.71602442394766,-0.0014816405788316564,0.0
2015-09-27,-0.026341971367765955,0.0006772214073245808,-7.3453647229951e-24,0.0,3.5736478317928855e-06,284.8494556484474,-0.0012977794444156907,0.0010235210004904249
2015-09-28,-0.012101987408379377,0.0006765278719239316,-7.3453647229951e-24,0.0,1.3351903460120078e-06,280.4668358660912,-0.0015645297822979212,0.0023624051533096655
2015-09-29,-0.018445933311335785,0.0006561648879347548,-7.3453647229951e-24,0.0,5.559943153359796e-07,280.56944786761443,-0.0012621550983880872,0.0002820867602084853
2015-09-30,-0.0259578460353916,0.0006470283714391418,-7.3453647229951e-24,0.0,2.108682683632199e-07,280.8055560799866,-0.001155733625472939,2.5087359159059907e-05
2015-10-01,-0.016614826259303227,0.0006523117170495502,-7.3453647229951e-24,0.0,1.2328185267367606e-07,281.44990918506113,-0.0011448109112048555,0.0017280235128887631
2015-10-02,-0.011561578529029243,0.0006617449097714182,-7.3453647229951e-24,0.0,9.786779597654181e-08,280.58121947020913,-0.0014386742275818596,0.0037607137261137452
2015-10-03,-0.003204423702706052,0.0007501135943299633,0.0001264381767890772,0.00019318294727196128,9.743486252208215e-06,277.3874702812813,-0.00200978106171903,0.013283183345573232
2015-10-04,-0.003661564935398641,0.0006334384282430012,0.0031754373381591345,0.0005152766819054125,0.00013397859230553365,274.5291622363017,-0.0012428176741899745,0.0022774925508068106
2015-10-05,-0.012569892456976036,0.0006160213280532321,0.0035910741084039547,0.0,0.00024240454501014646,277.4312210406287,-0.000884413329810746,3.0161078264537966e-05
2015-10-06,-0.012506089641549494,0.0006140732327423527,0.002172667652424671,0.0,0.0001535658003751841,278.1800164619633,-0.0010091439310440237,0.0008708587979192789
2015-10-07,-0.016049986000114917,0.0006009763748632312,0.0012418527836629,0.0,8.292696149335744e-05,280.15706154631135,-0.0009465535608051861,6.437300612560648e-07
2015-10-08,-0.006163856698631568,0.0007003736866396027,0.0004956376530131828,0.0,4.291685961060605e-05,278.6432989734714,-0.0020102957884470625,0.010438414886167908
2015-10-09,-0.011987512436626994,0.00059290019805822,-7.3453647229951e-24,0.0,2.2516896327336628e-05,278.9793923767722,-0.0012689851708499727,0.0005040092320042242
2015-10-10,-0.020931833797255477,0.0005820320319321197,-7.3453647229951e-24,0.0,1.0891707014229339e-05,283.2394986915948,-0.0012810623410057888,8.52346317969932e-07
2015-10-11,-0.03204559614766116,0.0005758936795811195,-7.3453647229951e-24,0.0,3.2967766799495724e-06,282.19382242967856,-0.001345690971208831,1.7225741544280027e-06
2015-10-12,-0.025801466556928925,0.0005700860993336824,-7.3453647229951e-24,0.0,1.4893900034791332e-06,277.19925097018313,-0.0012030531047175158,8.523463748133508e-07
2015-10-13,-0.02003000011551852,0.0005644373806182948,-7.3453647229951e-24,0.0,1.3436301279876193e-06,279.94948610568,-0.001095041474800999,0.0
2015-10-14,-0.018782592004975358,0.0005589310227140868,-7.3453647229951e-24,0.0,9.415408143889433e-07,279.331759361224,-0.0009543426113866145,0.0
2015-10-15,-0.012606673868699264,0.000553578475100846,-7.3453647229951e-24,0.0,4.4434084057134426e-07,276.8829666971038,-0.000699968492917422,1.9700850420853413e-06
2015-10-16,-0.014894925310450087,0.0005484526440248652,-7.3453647229951e-24,0.0,5.416824656017757e-07,277.88212389685566,-0.0008898033618421879,1.7121495261562814e-06
2015-10-17,-0.017749585211277008,0.0005432193057011749,-7.3453647229951e-24,0.0,3.679408191961084e-07,279.6260663156456,-0.0009926608158538572,1.7245394587916962e-06
2015-10-18,-0.01670922368428128,0.0005395940299761498,-7.3453647229951e-24,0.0,2.4313307077871206e-07,280.44455623087913,-0.0009230554608975427,0.00022924855604010115
2015-10-19,-0.010520677739954265,0.0005940394212970626,-7.3453647229951e-24,0.0,1.330265385956414e-07,278.7469171570744,-0.0008410685669399251,0.005812365624864224
2015-10-20,-0.005149574771439289,0.0005653507291933913,6.32190883945386e-05,0.0002487868196883444,1.4231240345259845e-06,275.7910461138422,-0.001526138313788142,0.004503063428154423
2015-10-21,-0.008480669246555049,0.0005291104316711426,0.0015172581214689268,2.9842753363194443e-05,8.248287321484023e-05,275.1845970297489,-0.001034804377810093,0.0005218440865716556
2015-10-22,-0.011528857389075609,0.0005201225900380625,0.0014496711687853106,0.0,5.0200633494193945e-05,276.24987822423094,-0.000652854162463024,1.0059040468828028e-06
2015-10-23,-0.011724083352897128,0.0005168895431831059,0.0013820842161016951,0.0001511563268084984,3.4702973345578727e-06,273.852478465567,-0.0006853606457174835,0.00042081241217036713
2015-10-24,-0.013467102695656364,0.0005108259492001291,0.0019002508533427498,3.279728741295594e-07,1.1906343496451944e-05,272.90587175947576,-0.00063218417351192,3.4732838694793123e-06
2015-10-25,-0.014387679891397725,0.0005067344439231744,0.0015172581214689268,1.6500720870023394e-08,3.186281833608272e-05,274.68368505488684,-0.0006977001173516451,1.4313869207455488e-06
2015-10-26,-0.012459752460320791,0.0005162076256369467,0.00332877236346516,0.0010800809089073354,4.084903936264879e-05,275.25289619575113,-0.0009146031665768329,0.002587501275337349
2015-10-27,-0.0041912965855356,0.0004988174653996183,0.013961533368644068,0.004111866114166497,6.88611492935547e-06,271.38566803438295,-0.00031295783375784504,0.004240210362746891
2015-10-28,-0.00882821807921943,0.0004955037670620417,0.036553506797316386,0.0001548557294964117,0.00010759576018583979,270.64971196808614,-0.0003115305950665205,0.0001611934374954741
2015-10-29,-0.009696587667626851,0.0004974961449197457,0.03321967690677966,1.1831942924671927e-05,0.000574510407734052,271.73269058126965,-0.0002293711223002881,1.2281957890407974e-05
2015-10-30,-0.00995509419064064,0.00048732850174445895,0.032164722737170436,0.0005519304235102767,4.6022246870617415e-05,271.1815763175375,-0.0003246890780868503,0.0005694893287723884
2015-10-31,-0.01078670463487927,0.0004859774631295501,0.0329233517979049,0.00041499390861408865,0.0002197606520632566,272.8343695049681,-0.00043077001842738556,0.0004930751639221211
2015-11-01,-0.009755657428065263,0.00048694115574077023,0.031257356403013185,1.0464487776244429e-07,0.0003082549020563815,274.619094169746,-0.0007371202658461985,0.0006410304435902396
2015-11-02,-0.00894108869261661,0.0004768571106054015,0.029102390095338986,0.0004696612809337466,7.169144385952062e-05,273.0640251676915,-0.0004828517972412756,0.0004952943484193034
2015-11-03,-0.011733481271118769,0.00048473713088170283,0.035183606623705274,0.0009213125512088086,0.0005024462348997257,274.7605161181951,-0.0009171169535335849,0.001952812597571534
2015-11-04,-0.0037835130920517916,0.0004711556906080516,0.040464814324387956,0.005288579580137285,0.0,270.8587299354108,-0.0006052675041354309,0.005829024129663224
2015-11-05,-0.004927703426719386,0.00046541815423696055,0.08198274371763184,0.0020124388195700564,0.0,265.18337383378025,-0.0003618318587541581,0.002022118099247343
2015-11-06,-0.00392201016683363,0.0004621309328213924,0.09812062294020717,0.003763167408563323,0.0,263.3706759544416,-0.000353471160271747,0.003774446426704552
2015-11-07,-0.008869861478859422,0.00047400370661148246,0.10227101356520717,1.7166642819420768e-06,0.0011943192615852518,266.8622762999741,-0.00041504837256872056,2.570155650208899e-06
2015-11-08,-0.011268853551923893,0.00047013710784373316,0.08804855777718928,0.0,0.0011320360804681724,271.3846576784066,-0.0005729044498191716,0.0
2015-11-09,-0.010263701616707496,0.0004634989351876038,0.07671394994703391,0.0,0.0008535997279114644,270.4850854137299,-0.0004619333608928374,0.0
2015-11-10,-0.00498750721667446,0.0004514499572710802,0.07225918814736347,0.0016968852214220554,0.00015728242989987304,267.3550234900581,-0.0002911866005867888,0.0017053906189170125
2015-11-11,-0.005388934354660876,0.00044874686979304605,0.08263286583392185,0.0003498981859387651,0.0001843300158694639,264.298425408631,-0.0003351686459224103,0.00035674142078171616
2015-11-12,-0.005145157461112502,0.0004446084721613739,0.08061882062146894,0.0005543144409265896,8.484890610821503e-05,262.8210941501481,-0.00039084015761391594,0.0005581731007475232
2015-11-13,-0.007154778277469894,0.00044708576916301324,0.07967283317149247,3.203749656677246e-07,0.0004938941259505386,267.20852626290474,-0.0003957411190126576,2.4633935709061916e-06
2015-11-14,-0.009329497435335387,0.00045250204660124703,0.07235367194856404,0.0,0.0010813549581894094,271.8059830387209,-0.0003384361411892089,1.7166162820103636e-06
2015-11-15,-0.010067213305645745,0.00044749483550335736,0.06323954839041902,0.0,0.0009238365090499491,272.2620571050267,-0.0003301930313898346,-3.4515323932282627e-10
2015-11-16,-0.005433305382391828,0.00043736221426624364,0.05703993975105933,0.0009369247798192299,0.00037921910400444506,268.7767256972031,-0.00023539457470178607,0.0009419819054954333
2015-11-17,-0.005113178138005532,0.0004340649324621858,0.06485772716572505,0.0008858320655795814,0.0003361072138709537,265.4339796773907,-0.00027436274235363066,0.0008885621518616218
2015-11-18,-0.006065254746857337,0.0004268051204034838,0.06788465711805557,0.0031729804004653026,0.0,266.3447035414127,-0.0004061861437256054,0.0032250287674241147
2015-11-19,-0.00531574742773832,0.00042400925846423134,0.0838441435675612,0.0004518068064067323,1.78647664307201e-06,260.4231221150544,-0.0004578458334682352,0.0004686019683238578
2015-11-20,-0.0018000526532614973,0.0004213576094578889,0.1314147834274953,0.007983041958788694,0.0,261.3758539677564,-0.0002305393165114236,0.007992579691154135
2015-11-21,-0.004805355801083948,0.0004230387466775495,0.17440882106285313,0.00015185175642455366,0.0003118981202106691,257.8866411988569,-0.00038204487876198386,0.0001551444912021424
2015-11-22,-0.00661419491983403,0.00042638889813827256,0.14548482374058383,0.0,0.0007252139223497468,267.00555918849795,-0.00048355042597668325,8.583068797918258e-07
2015-11-23,-0.007756069639308305,0.00042365802883428374,0.12152249036311207,0.0,0.0006978679764068734,268.1115413960315,-0.0004714129513687333,0.0
2015-11-24,-0.0073388083338064,0.00043283958556288385,0.11087018891242939,0.0,0.0014921659656332038,268.95527210343363,-0.00037480160425611814,4.261732051702438e-07
2015-11-25,-0.0018374179463602057,0.0004089125300531333,0.11060880671786724,0.003041304795250381,0.0,263.48802252947274,-0.00019558577529959763,0.003048516515284608
2015-11-26,-0.0017801055547881264,0.0004065158003467625,0.17988428378060267,0.004581032078818413,0.0,257.6684992982394,-0.00021908829504318833,0.0045887883418691995
2015-11-27,-0.00289706473296645,0.00040963157422125007,0.18667861162605934,1.4707277723624883e-05,0.00038858583081240037,253.24650737525386,-0.0002780953832602097,1.670945778476195e-05
2015-11-28,-0.000698333237804262,0.0004019030069900772,0.16719012071857348,0.0022248922936660425,0.0,259.98443662424324,-7.525287926365427e-05,0.00222960348863782
2015-11-29,-0.0008850002103606188,0.0003995874338904344,0.18969358742349343,0.002910982122865774,0.0,261.21120530827125,-0.00011690868075284582,0.0029170434092240056
2015-11-30,-0.0015367869350869777,0.00039736631899903727,0.20546502582097462,0.0011256552264515291,0.0,258.293165889388,-0.00016336586052751812,0.0011310814632193248
2015-12-01,-0.004496187687256916,0.0003951633043881864,0.18942392927554144,1.878958553244165e-05,0.0,261.9211833113331,-0.0003324187344918817,1.879204801246945e-05
2015-12-02,-0.005328211533484486,0.00039793803530224303,0.18054750948975992,0.0,0.000350582166075033,263.4395991143983,-0.0003707010698857281,2.1517276422855502e-06
2015-12-03,-0.006254633267720541,0.0004002822321013542,0.1746331913547552,0.0001294030308049951,0.000660350640951577,266.6798620385639,-0.000387371833420406,0.00013051986020837128
2015-12-04,-0.00620849809404147,0.0004016955693562826,0.16572826550729758,0.0,0.00089677084384665,269.6621497166808,-0.0004258843528180473,8.523463748133508e-07
2015-12-05,-0.003965641482401703,0.0003891201679315944,0.15660954419726933,3.214151003939957e-05,0.00017063128156850568,264.90858326568895,-0.000334956099168729,3.4717348335826465e-05
2015-12-06,-0.005830593701809814,0.0003943887807555118,0.15235984213159137,-2.062590108752924e-09,0.0006779206464182859,266.8051477277795,-0.00041529508886364223,1.7065702877516742e-06
2015-12-07,-0.005768493954407968,0.0003826907799068818,0.1436967580331921,0.00010607395805208023,1.2025131849245839e-05,267.29470467791947,-0.0004699889907224031,0.0001097334980291162
2015-12-08,-0.006068720024521068,0.0003827139314285106,0.14347997403189738,0.0007094674570075537,0.00014908864336498715,269.80440625048857,-0.0004380017276958558,0.0007496415894234111
2015-12-09,-0.006278558723670616,0.00038304832358818276,0.13990269317914317,1.0692635498477916e-06,0.00031005317545206533,271.4335781751155,-0.0004040795657257576,9.765732702966346e-06
2015-12-10,-0.006800006506806714,0.0003776061164457246,0.15527803525188325,0.003611223930019443,6.791625150852957e-05,267.2331165917176,-0.0005819337274142578,0.0037678833229612364
2015-12-11,-0.003472735821190527,0.0003747030840081684,0.16922554547728344,0.0021742477086977774,0.0,265.2418734017065,-0.000263562183932396,0.0022285075510962535
2015-12-12,-0.00394036410386953,0.0003769963474596961,0.1750858400276601,0.0,0.00028907189850753314,258.3153144060555,-0.00032495911953981315,1.7020102518472413e-06
2015-12-13,-0.004701362280859113,0.00037955042332579194,0.16963152696857345,0.0,0.0005858336170177676,263.5819797515869,-0.0002710760786792653,1.728259462652204e-06
2015-12-14,-0.0028651634515342067,0.00036971767743428557,0.16348686146421848,0.0006328481065351412,4.56715539350348e-05,265.33920711581993,-0.0002844647983204847,0.000634718379018456
2015-12-15,-0.0010479177206249562,0.0003672355817536177,0.20852850790077684,0.006271190288881798,0.0,260.9005643661413,-0.00015629300752938806,0.006276065969768945
2015-12-16,-0.0006158987512696262,0.00036541839777413064,0.22326430268655842,0.0010801572247413594,0.0,257.2862862552852,-6.036519856944596e-05,0.0010847336877004817
2015-12-17,-0.0010556301659783403,0.00036363766691779013,0.23702698328625238,0.0018224232319721395,0.0,253.6372554261806,-0.00015381304284105195,0.0018256692821583492
2015-12-18,-0.003295354039992317,0.00036223156977508033,0.230833581611935,6.197216147083347e-05,2.4028711736538993e-05,260.72042611404106,-0.00024572805117415846,6.844980568038204e-05
2015-12-19,-0.004649626627816992,0.00036364364421973797,0.22547329257886067,0.0,0.00023478317984753413,266.69320529643204,-0.0003349823971926156,0.0
2015-12-20,-0.0023489027878658923,0.00036030645761112707,0.21919897047139833,0.00026673741512379403,0.00012594516162818433,263.94826560370666,-0.00027259239811176637,0.00026992569535465565
2015-12-21,-0.0023844383530697583,0.0003567183085080595,0.21894977231932677,0.0002501175481047334,1.031295054376462e-09,260.97034961894406,-0.0002074367024720052,0.0002569412754228787
2015-12-22,-0.002737826336238344,0.0003550567869412697,0.22227739524482115,0.0009732382992903393,0.0,262.5770615902773,-0.00020145586465543274,0.0009932244119555322
2015-12-23,-0.002452643114631459,0.0003533902141333974,0.22874367349340866,0.0005168928685834853,0.0,256.89314605870936,-0.00019574078526032174,0.0005244599559536625
2015-12-24,-0.002411064412971001,0.00035177179649051305,0.23357315207156312,0.0005931523181287584,0.0,256.6212662303516,-0.00020236344113525026,0.0005966634062374242
2015-12-25,-0.0017379057609428795,0.00035012677564459334,0.23369315339571567,8.977393982774121e-05,0.0,254.84317582699765,-0.00014734735428276712,9.283931905137596e-05
2015-12-26,-0.0016896514653486048,0.000348541359443449,0.23843527468808853,0.0009734762969326839,0.0,254.9343012075191,-0.00016027014428949627,0.0009790457236888584
2015-12-27,-0.003894750933862676,0.00035233484149652686,0.23757572497351698,2.0162870654952057e-07,0.00034405396314664076,257.78702176627473,-0.00026502344483709606,1.0609625746837992e-06
2015-12-28,-0.003923360531949728,0.000345390479443437,0.231592900335452,0.0,0.0,263.9847805181241,-0.0002777587285654693,8.440959575349204e-07
2015-12-29,-0.0012158360858421544,0.00034381171404305154,0.23021886218514592,0.00027867713890506726,0.0,257.27684574522317,-0.00012694559149486199,0.0002844892146547499
2015-12-30,-0.000879681043032199,0.0003422925532874415,0.23463316376824392,0.0006654059440739411,0.0,256.456149289837,-0.00011880723180743934,0.0006708968325523333
2015-12-31,-0.0009164719258324575,0.0003407667417310726,0.24641467308145013,0.0014038950120661892,0.0,256.56604037311797,-0.00012784236568515585,0.001408445633063882
2016-01-01,-0.004497566423510428,0.0003429264840433153,0.24508868143832394,5.015671926703158e-06,0.00023003669697686105,258.9164990498746,-0.00029161468274512535,5.449985951407267e-06
2016-01-02,-0.004163584677176287,0.00034335213529188084,0.23879780742408196,0.0,0.0003500747689082798,263.3970041688104,-0.00025800230391954975,0.0
2016-01-03,-0.0038987579992261984,0.0003397822548440621,0.23218440111523073,0.0,0.00022003933324315453,262.919993265874,-0.0002870609047217558,0.0
2016-01-04,-0.005078676772319665,0.000341072678565979,0.2256762833245057,0.0,0.0003879970981407974,266.9504678945308,-0.0003655345394870656,0.0
2016-01-05,-0.004656276502514964,0.0003403882353992786,0.21804194620998119,0.0,0.00043282750467796115,265.67032460214506,-0.00029948427957498424,1.704692635939864e-06
2016-01-06,-0.003920147269122345,0.0003387464978600626,0.2108777292255179,2.740845505127126e-06,0.0004179234600673288,264.33638570537676,-0.0002656255527741491,5.766227329491032e-06
2016-01-07,-0.002021467786724285,0.0003304902443104545,0.20581698372763654,0.0004871769645119791,0.0,263.21334121546056,-0.00019007417673276643,0.0004932562678433542
2016-01-08,-0.000979013193798604,0.0003290769912428776,0.23504305334863465,0.0032239695221690816,0.0,261.65446362252965,-0.0001474326729016789,0.0032291056576745527
2016-01-09,-0.0016950021187464395,0.0003276786393364944,0.24316130384887008,0.00020746958289442763,0.0,258.2198720705711,-0.00016956051843146147,0.00021252098383073731
2016-01-10,-0.0030889189933652936,0.00032630689063314666,0.24163025247175143,2.802533786849114e-06,2.261945756815248e-06,258.50459407727374,-0.00023405776901096949,3.670181155931937e-06
2016-01-11,-0.004677868116710146,0.0003271286433699441,0.24025322578272132,0.00044168931784602884,0.00013385635227133327,262.8848334633923,-0.0003900757259399878,0.0004425436089941337
2016-01-12,-0.004245556848870833,0.0003275523583094279,0.23543271282073922,8.922722716789462e-06,0.00023740013314169008,263.0361447558789,-0.0003425453784270475,1.139863062713106e-05
2016-01-13,-0.005476951683308445,0.0003299411744047693,0.22900436602518834,1.3625512352097507e-06,0.00045422861342039487,265.3739194133637,-0.00033991158766261603,4.329689128705165e-06
2016-01-14,-0.0040223906184993895,0.0003208510451397654,0.22549766066384183,0.001973960885388703,0.0,264.39558706984013,-0.0003676414542363189,0.001981291626087712
2016-01-15,-0.0013757598097041501,0.0003212151554344738,0.2494760861729049,0.0023556652210526548,0.00010053470394032152,259.68013569819277,-0.00019812677055597305,0.0023674051325915857
2016-01-16,-0.0019652801802602865,0.00031816050157708635,0.2628695672963748,0.0012435705353647977,0.0,257.7762842771024,-0.00015155186529381803,0.0012519373058599269
2016-01-17,-0.0016170675303302919,0.00031679540367449745,0.2887415769185499,0.0059604070828122606,0.0,262.0215321377397,-0.00013668424223607544,0.005969768627883765
2016-01-18,-0.002039433325414604,0.00031664386644201766,0.30253069459157256,0.0006724601074800653,6.77811202861495e-05,265.7673773792504,-0.0001804534461622858,0.0006787248250454833
2016-01-19,-0.003939953774718915,0.00031416286519691774,0.31473979482992,0.001981486939946137,0.0,264.1781318039544,-0.0002650677168605018,0.001992034289122975
2016-01-20,-0.0015514812479584905,0.0003128605710584565,0.32297505811558386,0.006308653975947429,0.0,263.88402740923925,-0.00015327496464643105,0.0063167908097391074
2016-01-21,-0.003887687615082089,0.00031160803164465955,0.37302250691501887,0.002769746686105675,0.0,263.41057777404785,-0.00016282533037628833,0.002775139121595049
2016-01-22,-0.005317403729689324,0.0003117598214391935,0.3661999028954802,1.0803341865539551e-07,8.391397400090924e-05,267.8958421552698,-0.00022992415953490696,1.043081283569336e-07
2016-01-23,-0.0066756939904837964,0.00031173254473734714,0.35425678260357824,4.556219456559521e-07,0.0001552942193160623,269.52557352213313,-0.00041176375569933557,2.1549267616379017e-06
2016-01-24,-0.0019810569740958133,0.00030780225823828056,0.3507293873587571,0.003757141256904872,0.0,266.181290592402,-0.00019688573850076753,0.0037608872698744003
2016-01-25,-0.0022961621062230256,0.0003065579691849186,0.3919043244615113,0.0026191648327361394,0.0,261.84628543746004,-0.0001530279800043268,0.002623534219413154
2016-01-26,-0.003979077320651146,0.0003053301808524267,0.3988662403631121,1.1332690884164498e-05,0.0,260.69833361810663,-0.000124953213637158,1.4355071548148554e-05
2016-01-27,-0.0056202250011896685,0.00030507248336985964,0.3906682188677025,1.602592525509118e-05,5.5836608349266706e-05,267.82186465433983,-0.00027806729099339687,2.0854089925538926e-05
2016-01-28,-0.006058829694481219,0.0003028913574703669,0.37962395906897367,3.9988991904393437e-10,0.0,269.1041404774409,-0.00030107746732100255,0.0
2016-01-29,-0.006486833811143025,0.00030170667306178036,0.3762105880708569,0.0017506967661744459,0.0,269.14399388056466,-0.0004719147658617483,0.0020243580562570537
2016-01-30,-0.005821925645830941,0.0003004871350897234,0.3934473299935264,0.0042067432597195364,0.0,265.7117384032341,-0.0004456547367791672,0.004215264758102287
2016-01-31,-0.0037792591893740296,0.0002993173518423307,0.40737598943620534,7.217267980683322e-05,0.0,258.5372864638794,-0.00025063914662532216,7.303202219602079e-05
2016-02-01,-0.001474786655040784,0.0002981326674337441,0.409002214277307,0.002071122349487186,0.0,255.97726542801507,-0.0001476789998301005,0.0020779396575509403
2016-02-02,-0.0016949059346974909,0.00029696448374602754,0.4702447291372411,0.005162711239467234,0.0,258.19835539636415,-0.00015480103928827298,0.0051664749443631796
2016-02-03,-0.0023883056253363186,0.00029574174665461826,0.49384016191443036,0.0020005024843296765,0.0,255.47697476748021,-0.00013104446316506232,0.0020066860705104657
2016-02-04,-0.0021975243748244594,0.0002945222086825613,0.4945666067119821,0.000627028866339538,0.0,257.8304759095618,-7.667894459376901e-05,0.0006330601918676688
2016-02-05,-0.004568146068160817,0.00029329282079039324,0.501768525261888,0.001226779431273035,0.0,261.1535115107305,-0.00019863872962482906,0.00123060502227961
2016-02-06,-0.0059019009356444845,0.00029203523013551357,0.49351073299199627,1.4953799335296543e-05,0.0,265.56072766363286,-0.0002992963839301282,1.6670812892428688e-05
2016-02-07,-0.0068905847725895175,0.0002908039901216152,0.48462442803966577,0.0009356919191988174,0.0,262.54919700119683,-0.0005008204876955619,0.0009765191604424603
2016-02-08,-0.005272206024261518,0.0002895844521495582,0.4766654896421846,1.7965791252373302e-06,0.0,265.08637973907526,-0.00018371906826051618,3.505342321934459e-06
2016-02-09,-0.00754666530479819,0.0002883433622155486,0.46293913128236824,0.0,0.0,269.42367786831323,-0.00034664339770031517,0.0
2016-02-10,-0.009663324908348127,0.00028710227228153897,0.44757206516301795,0.0,0.0,271.21930239474483,-0.0005208452437388695,8.52346317969932e-07
2016-02-11,-0.007722556338471883,0.0002858941837892694,0.4340659391184087,1.5479107361055365e-06,0.0,269.8033191946716,-0.0004426907790077609,2.405417839611988e-06
2016-02-12,-0.005505585948289452,0.00028469779733884137,0.42432675119173735,0.00040535256266593933,0.0,269.0097551938504,-0.00024253905535081017,0.00040816040025592527
2016-02-13,-0.006670713087933212,0.0002835245624100421,0.41613838497528244,0.004103219862711632,0.0,270.5862349565869,-0.00047210857566803863,0.004455927439539151
2016-02-14,-0.004779370912050797,0.0002823148743580964,0.4434320194797552,0.0036248860428225527,0.0,264.3557072655629,-0.000357995251730337,0.0036530706000193367
2016-02-15,-0.003711644959988567,0.00028114323898897333,0.48665157684498583,0.009022840840668329,0.0,266.88410503222224,-0.00021308796785477196,0.009081343038866634
2016-02-16,-0.005935818967172655,0.0002799386021781103,0.5500419314971752,0.004810166203201154,0.0,268.13341458638513,-0.00032513350311477306,0.004857383857449226
2016-02-17,-0.006993696809151752,0.00027871081384561833,0.5400353842984935,0.00014722831336791908,0.0,269.9294489125972,-0.00036966843835714846,0.0001506444591910689
2016-02-18,-0.008426005894181418,0.000281981745008695,0.5212774761652542,0.002000984646337854,0.0,271.88912284261994,-0.0005016207726577581,0.003173941441174954
2016-02-19,-0.011755077431430925,0.0002798306739936441,0.521216096177613,0.0013667592768278499,0.0,267.798389140271,-0.0009270759646670295,0.0017706846449553496
2016-02-20,-0.006852995835791874,0.0002752339604210719,0.5082842293432204,0.0005386766193613495,0.0,265.8302975886286,-0.00046904759197416955,0.0005414861743278287
2016-02-21,-0.0073412778855717125,0.00027411367933628924,0.5185834234492703,0.0016968821275368923,0.0,262.5806136265987,-0.00037606748736510845,0.0017102057581364098
2016-02-22,-0.005548595708642303,0.00027299499781118273,0.5168351282956686,0.0014260705076368516,0.0,263.0163176692812,-0.0002960146978329131,0.001428646280961251
2016-02-23,-0.00622261176675053,0.0002718680659256413,0.5238857808086158,0.0002346001775924769,0.0,261.1435251649041,-0.00026217988023986925,0.00023516431703405867
2016-02-24,-0.005424499343344047,0.00027076268600205244,0.5164443193855933,2.4837331246521514e-05,0.0,262.1585544219799,-0.00025957830692246807,2.9700691326162722e-05
2016-02-25,-0.007535416527656512,0.000269660505197816,0.5092506767890773,7.71829637430482e-07,0.0,263.56711027716517,-0.0002444328024646657,1.6193605397986799e-06
2016-02-26,-0.010567740616151842,0.00026857002643542106,0.5002354048964218,0.0,0.0,268.3169884582922,-0.00044571420988120605,4.3109650249562037e-07
2016-02-27,-0.0092715368011577,0.00026748779803346105,0.48918631745821567,1.4179822920405934e-05,0.0,271.8609524563432,-0.0004988743339554739,0.00018495720311617427
2016-02-28,-0.010071758580746625,0.0002664071691911773,0.4977227334922316,0.0033448440796237885,0.0,268.8229604710294,-0.0006414258242242755,0.0034846224278734855
2016-02-29,-0.008503127148595907,0.0002653150908691062,0.5061400677524718,0.005109700463754309,0.0,267.7363636641853,-0.0005862878393487069,0.005131062764130124
2016-03-01,-0.008542764237371542,0.0002642592131081274,0.5317851783192091,3.302242543737767e-05,0.0,262.99769996384447,-0.0005050458455994978,3.814187651015104e-05
2016-03-02,-0.00645989533198082,0.0002632017357874725,0.5293276799376178,0.004131208473848085,0.0,267.9887323612997,-0.0003483682386787598,0.004178119412923263
2016-03-03,-0.010670487953107911,0.00026214930970790026,0.5491966348134417,0.0009304485415334757,0.0,267.82032481335426,-0.0005270874096175372,0.0009387154247616249
2016-03-04,-0.012268040981669883,0.0002610918323872453,0.5381358231079332,0.00028332051331714047,0.0,269.34827276183165,-0.0006406842862482125,0.000353944184268076
2016-03-05,-0.012481484456924395,0.00026004925622778426,0.5263513252560028,0.0,0.0,270.2918961842855,-0.0006416054379384397,0.0
2016-03-06,-0.013794083632318314,0.00026499543149592517,0.5106063239318503,0.0,0.000343094143153584,272.8896344574607,-0.0007326161057430472,1.716613667213096e-06
2016-03-07,-0.007061875430540851,0.0002579508023073445,0.5005850639271422,0.0026511584466460065,0.0,270.3529300797457,-0.0006172914468383386,0.0027052463784729697
2016-03-08,-0.011556297835320403,0.0002569148769486422,0.5078085919108993,0.0002818734590279854,0.0,266.3834064361515,-0.0005727189377287014,0.0002844481631206105
2016-03-09,-0.007921155984118834,0.00025590050355189266,0.49991884967926087,0.0004039890853698645,0.0,265.0668389667001,-0.0004421400253550482,0.000408387655489916
2016-03-10,-0.009895705191765802,0.0002549042304356893,0.4956753545786253,7.275912889653007e-06,0.0,268.1580432561382,-0.0004240299685526703,8.96634011532613e-06
2016-03-11,-0.011249566187629591,0.00025983710410231256,0.4837683266390066,1.922649683925392e-06,0.00033901129865040216,273.23300759267,-0.0006303087003150229,3.640580894556232e-06
2016-03-12,-0.011526718146383425,0.00026018201968090683,0.46594675067678915,0.0,0.0004179927883511883,274.1678273834976,-0.0008342190261530337,2.9916868697910104e-06
2016-03-13,-0.012543560631867857,0.00025193216437000335,0.4504371542490584,3.0497225832804452e-05,1.862645149230957e-09,270.9770970173924,-0.0008884638463709988,5.8382513827937465e-05
2016-03-14,-0.01009398862972098,0.0002509225896522824,0.4480631050641479,0.0031805635340469707,0.0,268.8923276480982,-0.0007248916794772202,0.003475408870616616
2016-03-15,-0.009028163880614911,0.0002498667118913037,0.4754404186528955,0.0025461685691176164,0.0,263.3423615795071,-0.0007186458514487676,0.0025815125575392125
2016-03-16,-0.008311899031622936,0.000248900241097488,0.4890998797228107,0.0014001673855687266,0.0,260.3810984580979,-0.0005418254525563813,0.0014087669930165872
2016-03-17,-0.005225691376096111,0.0002479106187820435,0.5028791122292844,0.003034157667961498,0.0,260.72835698100806,-0.0003137266010803692,0.00304213785298641
2016-03-18,-0.005450141968700172,0.00024700215307332704,0.5382714567884888,0.0013451103941868928,0.0,258.2412187177583,-0.00031974687014764316,0.0013491312222439092
2016-03-19,-0.008423965740001808,0.00024602903147875253,0.5416379307173965,0.00015471816736426058,0.0,258.0423588007408,-0.00033090378836555,0.00015559017080791538
2016-03-20,-0.01420073581617431,0.00024510566460884226,0.5355654499176083,0.0,0.0,266.1920952949596,-0.0004802983527803152,8.52346317969932e-07
2016-03-21,-0.015620688134330816,0.00024421050050164346,0.5250278623764124,4.529700440875555e-07,0.0,272.1322750766848,-0.0008036462158638205,0.0005872380935539634
2016-03-22,-0.007001446549501796,0.00024330548647433353,0.5368077624764596,0.010314177763832493,0.0,270.68078286050627,-0.0006755992328211413,0.01102625311321873
2016-03-23,-0.0069248733126511,0.0002423222623975937,0.667615182880179,0.011137273036322351,0.0,266.53155970169325,-0.0005030442755353653,0.011241811972507487
2016-03-24,-0.007692215932627856,0.0002414004950873596,0.6783125422993174,0.0012922469252920421,0.0,265.6058707048664,-0.0003571831279218534,0.0013193087685699461
2016-03-25,-0.004743443875663025,0.00024050693053983698,0.703604775409016,0.00794393737605736,0.0,265.0825994567009,-0.00041118528336118174,0.008029845508663888
2016-03-26,-0.007864649475967819,0.0002395785124288441,0.741686345044727,0.001382600979111289,0.0,263.2185704973009,-0.0003900218249882682,0.0013871661013802566
2016-03-27,-0.01163399556262345,0.00023869639736110885,0.7274871079037194,2.775446506543348e-07,0.0,264.9689560259803,-0.00045849006138952447,2.7461914019396076e-07
2016-03-28,-0.010277559991273503,0.00023780283281358625,0.7106814052201036,0.0003734965319350615,0.0,267.9597427418452,-0.0004507602523949187,0.0005203485488891602
2016-03-29,-0.0047088351711041514,0.00023689596666454598,0.7459496104784605,0.00948220148345845,0.0,268.7650611647554,-0.0003043253890286058,0.009582164344814537
2016-03-30,-0.007526673460747564,0.00023602555363865223,0.7966207443208568,0.007391580627799708,0.0,267.46573459675534,-0.0004916237825054235,0.007423310040697271
2016-03-31,-0.007506932579191391,0.00023515833973211084,0.8475240646333569,0.01148455564753484,0.0,265.5747983648728,-0.0005352886309478917,0.011554244150740339
2016-04-01,-0.006564507334582552,0.0002342714259853471,0.8857831074917609,0.0017735340795611257,0.0,264.3309061118663,-0.00027612021645415303,0.001779907706048179
2016-04-02,-0.01304851123000269,0.00023338771135793568,0.8645936782750706,3.19698520299405e-05,0.0,269.99500049081,-0.0003872562704955118,3.365912420248076e-05
2016-04-03,-0.012964616261296353,0.00023262665770148154,0.8314972211187618,3.736682951787098e-05,0.0,272.40219061971834,-0.0005938743719946867,0.0013876175475309662
2016-04-04,-0.017003254449300172,0.0002584475918678241,0.7985757084216102,1.4069011319155074e-05,0.0015420601676918021,273.08803091031234,-0.0008397440262938624,0.00038204892557152547
2016-04-05,-0.013358093124661744,0.00023314255779072394,0.7692344651159368,0.004337629145484859,6.1808564400268805e-06,269.53922958876905,-0.0012458957479161731,0.004737734491439916
2016-04-06,-0.015617818145428676,0.00022998536373935853,0.7756961456126413,0.00022483105629177416,0.0,269.8617511648692,-0.0007011140828247126,0.00028728889871112355
2016-04-07,-0.010858545700709026,0.0002292756643672448,0.7626748525041197,0.002816422510955293,0.0,271.8946467397801,-0.0007048343850226053,0.004611392849480419
2016-04-08,-0.016189224344525636,0.00024969261244865465,0.7515967992290491,1.8235022402079094e-05,0.0011915523285246166,272.59346720233924,-0.0006409707863283696,6.557454044065251e-05
2016-04-09,-0.020132526713239274,0.00027551927135489087,0.7187877015654427,0.0,0.002672372206961368,275.903894158631,-0.0009979618460697643,5.394028404869602e-05
2016-04-10,-0.00981295470800777,0.0002300151660617462,0.7042436330331922,0.006006556652528419,0.0001507672970577822,271.8621119447123,-0.0008282048817155727,0.007014596387398278
2016-04-11,-0.01305444079772227,0.00022577060817998682,0.7178410244526837,0.000246050478206516,0.0,271.5373824922379,-0.000571450097538994,0.00035856142219177077
2016-04-12,-0.017435406771420085,0.00028028048701205497,0.6935897223693503,0.0,0.0026746391408187524,274.4438399155037,-0.0007479623970338855,0.0008284986920790613
2016-04-13,-0.017909255657492386,0.00027160952656956044,0.6609994776953861,0.0,0.0020625276101679454,274.88922166195744,-0.0010290624742201496,0.0011959825195161638
2016-04-14,-0.014246563832301879,0.0017432050179626982,0.6327361773187383,0.00034732714632136673,0.0031791198577752894,274.6104562224193,-0.0007716184639829702,0.008102840770633609
2016-04-15,-0.01305753325170043,0.0002386096843891898,0.6162038109845811,0.0014296392936491026,0.0,270.3076018640551,-0.0012063174955757325,0.0023902782948327468
2016-04-16,-0.008174344223771394,0.0002218405742429744,0.6294009681026366,0.0036479036013285326,0.0,267.2891900229589,-0.0006647817580039893,0.003657486378215909
2016-04-17,-0.00604880365443095,0.00022110427166782532,0.6361513874176083,0.0022069871173066606,0.0,266.7952796267924,-0.0005016756785959848,0.0022150703389673893
2016-04-18,-0.004762924197366683,0.0002204193233770166,0.6848643387329332,0.007406479600122419,0.0,268.569860501478,-0.0002625220597295438,0.007512034166305477
2016-04-19,-0.003363040417937909,0.000219718126927392,0.8031307012123352,0.018591213318924445,0.0,270.1510211312389,-0.00018568977313694984,0.01888176579933382
2016-04-20,-0.01167470027329558,0.00024978740740630586,0.8365308398805321,0.0003322112442409925,0.0015076110507808837,272.82855637688647,-0.0002812547135656163,0.0004439127814622112
2016-04-21,-0.018603121283027414,0.0002927783518861243,0.7953954434439736,0.0,0.0025980803000051427,273.9360765647529,-0.0006958510316276955,1.816527316725184e-06
2016-04-22,-0.02136290086022878,0.0006216479896825585,0.7477905503325095,0.0,0.0049435704904424276,277.0882739230513,-0.0008948090365209149,8.52346317969932e-07
2016-04-23,-0.021070120992970336,0.0003566581145518244,0.6957750338394539,0.0,0.004302846572998554,277.2288616668931,-0.0010856438144031218,1.9759343751379136e-05
2016-04-24,-0.004983493163760773,0.0002597742161508334,0.7177833226665491,0.02359703578854685,0.00037366196008051857,272.6316351270945,-0.0005934907039259114,0.02562454342842102
2016-04-25,-0.006562066785359787,0.00021607138342776545,0.8299712272687149,0.003722095641039186,0.0,271.61929717126765,-0.0005002960688987021,0.004455415374141629
2016-04-26,-0.004608574728507781,0.00021552904851019047,0.8362032500588513,0.005294479050878751,0.0,268.9689127532327,-0.0006000069259418607,0.005370702982138109
2016-04-27,-0.006301626268416476,0.0002151359777666081,0.8741229788282722,0.004221471647421519,0.0,267.49663016396505,-0.0004453854267038195,0.00425266673932704
2016-04-28,-0.005489388933289523,0.00021480091210812497,0.8884088835922788,0.002861773037472687,0.0,267.2467673709388,-0.0004016989052800809,0.00291918667828777
2016-04-29,-0.010078849428791111,0.0002144724972504007,0.8940829691913842,0.0009106843400809725,0.0,268.5689820039969,-0.00038249588092673304,0.0009343206545727401
2016-04-30,-0.006498504493196132,0.0002141855867569056,0.8891822254590396,0.0031910367773077585,0.0,269.18079549713997,-0.00048222208111468006,0.0034662560891296906
2016-05-01,-0.012217547849746747,0.00021389842370135638,0.8916948968632299,0.0003997573029186767,0.0,269.0034301527925,-0.00047378285688027156,0.0004419122374314236
2016-05-02,-0.01749783569136582,0.00021362641436905515,0.8747236751118175,1.0105639190997108e-06,0.0,271.25807736283645,-0.0006286811220359668,1.2349088782078374e-05
2016-05-03,-0.01886363331712572,0.000285082028410529,0.849389142684793,0.0,0.002975306079044181,274.1589687907763,-0.0005419101450318671,0.0005739896984423622
2016-05-04,-0.021893473584099682,0.0007769961309971783,0.8044040485963984,0.0,0.006151099873464661,276.20915830651694,-0.0006684119481656511,5.810360113637596e-05
2016-05-05,-0.022957311090776478,0.001597172207078018,0.7491553929790491,0.0,0.009767280859967411,278.0172366233869,-0.000822105092433213,3.271281950237403e-06
2016-05-06,-0.014130944964912653,0.0010886285769737374,0.6920074060587335,0.0,0.009735839557176256,278.0194480522429,-0.0004045216756015175,4.795535033995575e-05
2016-05-07,-0.006576738325552752,0.0010185699678410245,0.6542497480431969,0.0024020603021322673,0.009174731807351786,275.4150354094425,2.0458299856064684e-05,0.00661273932052871
2016-05-08,-0.011027841876118872,0.001978327830632528,0.6261149548316856,0.0,0.008173029259436549,275.08921005047875,-0.00024161884024486707,0.002897963954899012
2016-05-09,-0.009470281712079453,0.0017277938497942047,0.5874671720515537,0.0,0.005287401462342106,274.2085134646313,-0.0003422910852705018,0.004152566362909005
2016-05-10,-0.006889094193439699,0.0005302297866950601,0.6261158743820622,0.012845644527404323,0.0006413011690654325,269.79628153799166,-0.0008423855675563302,0.015190343062082926
2016-05-11,-0.012255690107911322,0.000245952673551053,0.6784778314795198,0.0035818902154763545,0.0,267.7325047530697,-0.0007868220103578379,0.003646293686608137
2016-05-12,-0.018337871605730326,0.0002601879127955033,0.6842788150306027,5.7654865717483785e-05,0.00011044835387650183,270.8529819768701,-0.0007616333337237607,8.836189895570595e-05
2016-05-13,-0.01002669355458459,0.00027500640201029805,0.6987821934586865,0.007088166929907719,0.0002767753887311214,272.96783917816794,-0.00045993228016768476,0.007388108183150407
2016-05-14,-0.007758970567062076,0.0003005649242023964,0.7130913168697034,0.0009022732870390186,0.0008572290551527745,272.2999889495907,-0.00036765702363461425,0.0009443904071742181
2016-05-15,-0.008978601902891688,0.00037732147901071674,0.7025746490995763,0.0021492281644526177,0.0024204944065735166,273.43902493421194,-0.0003702217281538215,0.003618363775102432
2016-05-16,-0.004756530757341008,0.00042957858850726973,0.7236022374499765,0.009148294358687886,0.0011941772059532209,272.9624972154865,-0.00034906045865204375,0.01312671233031212
2016-05-17,-0.017545174702075915,0.00032769354049768827,0.7354074251853814,1.6278318934521434e-05,0.0008366782281358364,272.8668196654814,-0.001051058340291519,0.0001190309301826778
2016-05-18,-0.017785504797084187,0.0008803574042131672,0.7074229784604521,0.0,0.004223321706561719,274.32674800204694,-0.0006267295013797485,0.00020111095433854792
2016-05-19,-0.019276424821487257,0.0015673283803260933,0.6649323946563089,0.0,0.007769402390145987,276.76898441206936,-0.0005980919951857147,0.00020785587655622407
2016-05-20,-0.01706792435235223,0.002249312771242217,0.6169520951035782,0.0,0.00910797519451481,276.8209466233766,-0.0005898238870046907,0.0010173004561548715
2016-05-21,-0.025860017512814477,0.002946456189209459,0.5628425325153014,0.0,0.013898347078238504,279.382799493391,-0.0008994650706059515,0.0019799239296079203
2016-05-22,-0.021258124313448784,0.0006151510834020411,0.524080495600871,0.0003661953628399952,0.0015425950204585232,274.5515469588803,-0.0013683214836285613,0.0027414095265067533
2016-05-23,-0.02289037229651112,0.0004884512242624315,0.511119892817208,1.4704878384110619e-05,0.00048106340533595973,272.24271895342184,-0.0016954048499885927,0.0003353044138116352
2016-05-24,-0.021099083125591278,0.0006970399517123983,0.49932872822504715,3.838522286064881e-07,0.0028775232912456924,273.4946339458171,-0.0011308632980463868,0.00043617707538520995
2016-05-25,-0.010830886619912704,0.0010795300289735956,0.48391154661016955,0.0010148274191355301,0.003097944382557088,274.0021322289878,-0.0005596704086509801,0.005074520575259751
2016-05-26,-0.012296078526704328,0.0011123896992139223,0.47121255590866296,0.0002734051164934191,0.003283236049494501,274.3867020975174,-0.0008838723997695972,0.0033630423963406666
2016-05-27,-0.012380086601117238,0.0021611860411315316,0.45183510070915733,0.00048710803611803867,0.003932215210239766,274.1100872061348,-0.0009721929344248637,0.006032245559880963
2016-05-28,-0.013592022455344766,0.0010255199704466568,0.42947692296374756,0.0,0.0036150043209393825,275.37431399745907,-0.0010271356204303644,0.001986222954017348
2016-05-29,-0.02350539789866593,0.001177036156088619,0.40994636262653017,0.0,0.0036163876033098686,276.5265811338263,-0.001325311665396906,0.0
2016-05-30,-0.019885903571621847,0.001436527165989418,0.38800841940324854,2.87363631913891e-05,0.003185410094631594,277.00521986004105,-0.0014262462171625958,0.004345824657860449
2016-05-31,-0.015951289800600815,0.0009893287541502614,0.37681128435440203,0.000584660697791536,0.0006812319454163481,273.11773121648815,-0.0014463210278480069,0.00396905901731615
2016-06-01,-0.0207202664792201,0.0010712254518842968,0.37039466182615355,2.6691389285911953e-06,0.002161355110379936,275.5408698080174,-0.0012826036798667775,0.0003434423335746721
2016-06-02,-0.027980216520991034,0.0016564014604536156,0.3498298372028013,0.0,0.007261552190208167,280.4012852756766,-0.0015214092892694609,0.00012782960283721224
2016-06-03,-0.023842214359401984,0.002190947111717052,0.3228060907338748,0.0,0.009000757256638533,280.12789681716606,-0.0013688018987491981,0.002433466742838897
2016-06-04,-0.024702419963596907,0.0026627746173890974,0.30002078183851233,0.0,0.00831803910981464,280.6498102055207,-0.001239416499932607,1.760313736473766e-05
2016-06-05,-0.024616209379697253,0.00429727153926246,0.2742515319709275,0.0,0.010221702988538365,282.4510496250879,-0.0012254756638559246,0.0015328820511349402
2016-06-06,-0.021667443594690097,0.0054044540824189705,0.24771146900011773,0.0,0.010379129378809094,282.42372071002166,-0.0011536103941626468,0.0019404709618457922
2016-06-07,-0.027853111426035564,0.006204799912070151,0.21995507076859697,0.0,0.012312423479927464,284.75016357939126,-0.0012462945013059735,0.00022857930017282377
2016-06-08,-0.022547678295838633,0.009416970492756301,0.18995588916843223,0.0,0.012542807639150296,284.16984023616817,-0.001237275341978181,0.004803885847835218
2016-06-09,-0.029416022285566494,0.0068115352910790745,0.16098062691266482,0.0,0.011836028094850693,286.03830354047585,-0.0015020779633926136,0.0007256381424133387
2016-06-10,-0.03384524112367361,0.005653928902189611,0.13394998381591341,0.0,0.010657548378248,285.6961608426944,-0.001801007095787485,0.00046745229228510897
2016-06-11,-0.035423607139264124,0.005075275982167088,0.10725290761829097,0.0,0.010256424251586032,287.7331162217422,-0.0018876388321741153,2.0751259230017198e-05
2016-06-12,-0.011496406532613572,0.009363690422753156,0.08407610015007062,0.0,0.009987425964094151,283.19663038810546,-0.0010225202067423674,0.008353267043123447
2016-06-13,-0.021616995923936705,0.005227231625783242,0.06252137954625707,0.0,0.007771124463465255,281.54397520147927,-0.0015288602802797228,0.0030165796563103578
2016-06-14,-0.027938246053490937,0.003530904650688172,0.047503512682438805,0.0,0.005360653445040439,281.3008686539817,-0.0020704246783829006,0.0002637902053736024
2016-06-15,-0.03125758043958642,0.0038916138605882894,0.03491509791372411,0.0,0.005239513886850433,282.349966821473,-0.0024558016556804466,0.0019079970436791242
2016-06-16,-0.037243004572593566,0.004296067912699813,0.022203923169726934,0.0,0.004405717665361146,285.04529618947527,-0.002870255349845873,3.419700125875151e-05
2016-06-17,-0.02197253784049029,0.004091968896698817,0.013511413459274955,0.0,0.003602215525625789,283.7790865134834,-0.002243994835153811,0.0017464413480675154
2016-06-18,-0.03411572708585168,0.0037254924322925724,0.006443289489171375,0.0,0.0019954699538858598,286.103719021641,-0.002927274858884219,0.0013694411754577643
2016-06-19,-0.040936957855345846,0.003682652604108476,0.002951296933851224,0.0,0.0008924797093127409,287.1384133053365,-0.0027711188346989414,1.1037208512295935e-05
2016-06-20,-0.03237030415211694,0.0036615586213472875,0.0014643839748116761,0.0,0.0004895617817081301,285.46293310391707,-0.0026681512110145753,3.360338130239713e-06
2016-06-21,-0.045471903126118554,0.003626992305119833,0.0006758695268361582,0.0,0.0002254453924416149,289.7389429455199,-0.003094452585877672,0.0012895547905770533
2016-06-22,-0.04212636361687871,0.0035334346489717732,4.5057968455743875e-05,0.0,7.328603648196508e-05,285.69611610082137,-0.0027956856404152295,4.351138045421976e-07
2016-06-23,-0.03877540972441604,0.003441123554935563,-7.3453647229951e-24,0.0,3.4450242916742965e-05,287.40294920208316,-0.0028534516281748224,4.4452605217594086e-05
2016-06-24,-0.04865850891265493,0.003340774420964516,-7.3453647229951e-24,0.0,1.4323741197586061e-05,288.88098256960654,-0.00308614384151448,4.013409715501588e-05
2016-06-25,-0.045649670148636676,0.003239409987535854,-7.3453647229951e-24,0.0,3.885498828133621e-06,283.1824832779764,-0.0026487828532265408,0.00018520856986765824
2016-06-26,-0.03661322799947976,0.0031382830466254283,-7.3453647229951e-24,0.0,2.31155315361454e-06,282.97426962627986,-0.00251639017698455,4.410743663640915e-07
2016-06-27,-0.03492294870695826,0.0030452543396060753,-7.3453647229951e-24,0.0,1.6081467860162594e-06,284.3391825932792,-0.0024515073430740227,0.00033425661803994144
2016-06-28,-0.03609697407079956,0.0029641609575788855,-7.3453647229951e-24,0.0,9.175158489895405e-07,286.5727249727411,-0.0025180232958436684,0.0012397288770998939
2016-06-29,-0.027696696799353698,0.0029528487873616196,-7.3453647229951e-24,0.0,4.0759306169499117e-07,285.72129068895475,-0.003170351550446055,0.007754094432115803
2016-06-30,-0.021184229623463197,0.0044257768803397145,-7.3453647229951e-24,0.0,1.6420742886214608e-07,284.72893692634426,-0.0031049310382308256,0.015825143810045923
2016-07-01,-0.015781667778047466,0.00394560691327025,-7.3453647229951e-24,0.0,7.179076388730842e-08,283.5897402323348,-0.003318719797383594,0.013102492476517968
2016-07-02,-0.0269916367396123,0.002882214252558132,-7.3453647229951e-24,0.0,2.2688491196282166e-08,285.1150830658591,-0.0027172106533905884,0.004526218233089986
2016-07-03,-0.032266496643844976,0.0025771255210294565,-7.3453647229951e-24,0.0,1.0312950543764621e-08,286.659929688592,-0.003036877003598348,8.815075707845075e-05
2016-07-04,-0.03479832886470914,0.002523593141534234,-7.3453647229951e-24,0.0,6.187770326258773e-09,286.2575495696562,-0.00295434695389648,0.0007019312536599374
2016-07-05,-0.036478380951504255,0.002463067234572718,-7.3453647229951e-24,0.0,0.0,285.1974986951006,-0.0028296901849703604,0.0003041136736250194
2016-07-06,-0.03411220435032064,0.0024388749889061277,-7.3453647229951e-24,0.0,0.0,284.28489974214085,-0.0029266661317166637,0.0028846671520603683
2016-07-07,-0.03168335350724937,0.0023726253522991466,-7.3453647229951e-24,0.0,0.0,282.03825487255375,-0.0031247656413559187,0.0018323315386792943
2016-07-08,-0.035422441733759004,0.0023032757690397364,-7.3453647229951e-24,0.0,0.0,285.20222342755164,-0.0029627073366763233,0.00020127971992812396
2016-07-09,-0.037730306134385584,0.002261325885347054,-7.3453647229951e-24,0.0,0.0,288.0202078127817,-0.0032155857300438452,0.001388602842718868
2016-07-10,-0.03514133372717658,0.0022072743224558857,-7.3453647229951e-24,0.0,0.0,287.1664596277442,-0.002853970669504613,0.0011036134203948544
2016-07-11,-0.031188023713348948,0.002166772292832197,-7.3453647229951e-24,0.0,0.0,280.1781498034346,-0.0025664772733119926,0.0022017747331124107
2016-07-12,-0.032558172814926865,0.002103321969845874,-7.3453647229951e-24,0.0,0.0,280.4230931779535,-0.0023317895198272445,1.969448586135252e-05
2016-07-13,-0.030950104996646195,0.002061536504050433,-7.3453647229951e-24,0.0,0.0,281.59138537620646,-0.0023325600866544046,0.0007953145162830899
2016-07-14,-0.03127644573059459,0.00201266237908164,-7.3453647229951e-24,0.0,0.0,281.7483235447196,-0.002340120684334451,0.00044777656001053284
2016-07-15,-0.03188218252133515,0.001963931709359595,-7.3453647229951e-24,0.0,0.0,283.93001170975566,-0.002465221167957716,8.22354676359791e-05
2016-07-16,-0.037236835281390934,0.0019266063210654394,-7.3453647229951e-24,0.0,0.0,285.8961889981775,-0.0028003223429797063,0.0012827929803880596
2016-07-17,-0.03331107376827359,0.0018750683399243546,-7.3453647229951e-24,0.0,0.0,284.493722603146,-0.002417939252056981,0.00020399487619049794
2016-07-18,-0.03595122716016015,0.0018381973107655842,-7.3453647229951e-24,0.0,0.0,287.699068087418,-0.00259599710504214,0.0010691516478725474
2016-07-19,-0.03991276055237668,0.0018010146200320143,-7.3453647229951e-24,0.0,0.0,289.2666585063755,-0.0028581150917936183,0.0016159850493662777
2016-07-20,-0.04148662153442027,0.0017472671418540223,-7.3453647229951e-24,0.0,0.0,290.079633472105,-0.002593436746694948,5.8726166599813826e-05
2016-07-21,-0.04082287001912877,0.0017055413648907076,-7.3453647229951e-24,0.0,0.0,289.75367893068136,-0.0025135673172140527,0.0
2016-07-22,-0.04160160575546114,0.0016644528019899704,-7.3453647229951e-24,0.0,0.0,290.92224229931156,-0.0025299557742510144,6.750545898642172e-06
2016-07-23,-0.043004700566752485,0.0016255260860852604,-7.3453647229951e-24,0.0,0.0,288.5403123988495,-0.002315801252626767,0.00014897552851208035
2016-07-24,-0.03656789849875337,0.0015903898214889786,-7.3453647229951e-24,0.0,0.0,285.47581018566416,-0.0023350478965515472,0.0006318554534750471
2016-07-25,-0.03785665148058854,0.001550306960687799,-7.3453647229951e-24,0.0,0.0,287.42701401863167,-0.002065704740836459,6.546251180574637e-05
2016-07-26,-0.04098136685157226,0.0015151693490938953,-7.3453647229951e-24,0.0,0.0,288.55736191169467,-0.0020167401407734822,0.00023376456751532452
2016-07-27,-0.03526835547665418,0.001482317592464598,-7.3453647229951e-24,0.0,0.0,287.54387995617543,-0.002024993147848353,0.0006009430366720858
2016-07-28,-0.024477017632985522,0.0015471084306469072,-7.3453647229951e-24,0.0,0.0,285.06385372901815,-0.002931611054697953,0.011952223414081638
2016-07-29,-0.02326477453701914,0.001445952108350851,-7.3453647229951e-24,0.0,0.0,284.4046246803413,-0.002490258212648543,0.003688123284164403
2016-07-30,-0.03201580152841612,0.0013842570916407528,-7.3453647229951e-24,0.0,0.0,286.82666738334126,-0.002521489699513225,0.00037393623825696565
2016-07-31,-0.039045428825637045,0.001350383468940433,-7.3453647229951e-24,0.0,0.0,289.1144726819687,-0.0024473022901068974,1.0987223724230886e-05
2016-08-01,-0.03695100348042903,0.001319675711588671,-7.3453647229951e-24,0.0,0.0,288.29123104045175,-0.002185432640256855,1.7174702406919096e-06
2016-08-02,-0.03609229321196928,0.001290307038247922,-7.3453647229951e-24,0.0,0.0,288.27608457662296,-0.002297141031483136,1.262194377460446e-06
2016-08-03,-0.0474277351704021,0.0012641201416651409,-7.3453647229951e-24,0.0,0.0,290.2293699735078,-0.0024991756526090334,0.0004500060958796529
2016-08-04,-0.03718211901726696,0.0012341626619888565,-7.3453647229951e-24,0.0,0.0,284.30804250828515,-0.0019107175370057425,8.532236711907656e-07
2016-08-05,-0.03526341216375599,0.00120776218209563,-7.3453647229951e-24,0.0,0.0,285.64325728479304,-0.0019403164101354147,8.52346317969932e-07
2016-08-06,-0.03705427080056089,0.0011852127684038238,-7.3453647229951e-24,0.0,0.0,287.2509616377664,-0.0020060697675677343,0.0006242773626134084
2016-08-07,-0.036404084940414645,0.0011580280833325145,-7.3453647229951e-24,0.0,0.0,288.22962286063733,-0.0018686190310676222,0.0001686472172117503
2016-08-08,-0.03507811576128006,0.0011399404308890218,-7.3453647229951e-24,0.0,0.0,287.4856040904302,-0.002067750488213227,0.0012408664274388464
2016-08-09,-0.03698920024990362,0.0011163758861143036,-7.3453647229951e-24,0.0,0.0,287.44358007068246,-0.002210769865472438,0.0011336236897613173
2016-08-10,-0.043001621751125256,0.0010888653118058115,-7.3453647229951e-24,0.0,0.0,287.56935994997764,-0.001826162655222214,0.00017506424652830694
2016-08-11,-0.02764057405924393,0.00107938792072447,-7.3453647229951e-24,0.0,0.0,283.9196950801124,-0.001563595839391994,0.0019853364781179973
2016-08-12,-0.027849121997922156,0.0010541726303639385,-7.3453647229951e-24,0.0,0.0,282.4778378732685,-0.002033047378063202,0.001600468697509604
2016-08-13,-0.023100577842044296,0.001032232396346701,-7.3453647229951e-24,0.0,0.0,282.5701139202226,-0.0017062063660409491,0.001181425448859893
2016-08-14,-0.02971503761528576,0.0010106775720240707,-7.3453647229951e-24,0.0,0.0,285.17544174912734,-0.0018164581950690787,0.0006720980244856582
2016-08-15,-0.02955999945179891,0.0010057413308633923,-7.3453647229951e-24,0.0,0.0,285.46554048541805,-0.0019343127154529435,0.002911116295167939
2016-08-16,-0.03213933606942495,0.0009852364069997928,-7.3453647229951e-24,0.0,0.0,285.5017541357353,-0.0023397651874581303,0.0022942431049038747
2016-08-17,-0.03398644115965246,0.0009698465382311979,-7.3453647229951e-24,0.0,0.0,287.3135128883319,-0.0022271788642231356,0.002818878799256206
2016-08-18,-0.0154538839887091,0.0010229499831711506,-7.3453647229951e-24,0.0,0.0,284.0145010580002,-0.002421306446194649,0.01128348475791134
2016-08-19,-0.008315901466682133,0.0012983385957567033,0.008556186367113937,0.003465683173156728,0.0011983490575336467,279.29506172568114,-0.0025491070023364267,0.016314403754838187
2016-08-20,-0.021769446631272636,0.0009150421720440106,0.012520827816031073,0.0,0.000987467655943612,278.43891729293796,-0.0017116774547066393,0.00013180822634047343
2016-08-21,-0.02986897970155134,0.000895085392025231,0.006710648761181734,0.0,0.0007211444320651771,283.1806096114682,-0.0020719139526287718,8.583068797918258e-07
2016-08-22,-0.034403939873485244,0.0008743666322891323,0.002393589630414313,0.0,0.00030979840347995866,286.8148713013098,-0.002225947918864967,1.3050511178391844e-06
2016-08-23,-0.033911360775010065,0.0008564347264456884,0.0012462206479519776,0.0,8.779248527887851e-05,283.7715010993225,-0.0020327637877083768,0.0
2016-08-24,-0.020794963685132693,0.0008850340957695483,0.0005406956214689266,3.127650605083186e-05,3.8004580274813596e-05,279.61612982669124,-0.001638208426493036,0.004597779838950001
2016-08-25,-0.011366798842357377,0.0008672305756369554,0.0013457619762241055,0.00024760449252559643,0.00011392924829391439,277.02062101777216,-0.002488539817264188,0.005060866660312485
2016-08-26,-0.0199714402778674,0.0008232814949111077,0.001404613200329567,0.0,9.634697252074205e-05,278.55295675173545,-0.0016782530241430146,0.001016922604027161
2016-08-27,-0.025587908334314485,0.0008371991794661613,0.0005406956214689266,0.0,5.962528119989708e-05,280.4466081105608,-0.0020839653877636134,0.0032609573360167085
2016-08-28,-0.02888889219296181,0.0007913926732068683,0.0003379347634180791,0.0,3.577113193643969e-05,284.4167656727879,-0.0020019027094046273,0.00012911248338381441
2016-08-29,-0.02771288131253194,0.0007966831747421438,-7.3453647229951e-24,0.0,1.656678689401702e-05,284.88614221346586,-0.001996684951002652,0.0019303733009353298
2016-08-30,-0.029330655848239105,0.0007673574369505974,-7.3453647229951e-24,0.0,5.1056682053258865e-06,286.18952742898085,-0.002140258107397516,0.00022435840080587015
2016-08-31,-0.03256115856143715,0.0007540140785066422,-7.3453647229951e-24,0.0,1.3927744943543343e-06,287.13791020711267,-0.0020806957983364495,5.457630260256714e-06
2016-09-01,-0.03353483937049316,0.0007717051243377945,-7.3453647229951e-24,0.0,4.1613807785982466e-07,287.68362912754554,-0.002534361408844506,0.0034884914166460035
2016-09-02,-0.03358829585509112,0.0007356726853860973,-7.3453647229951e-24,0.0,9.9993526598828e-08,286.9330201912286,-0.0021941712241893437,0.0006022025972086695
2016-09-03,-0.025782799611320607,0.0007244176783804167,-7.3453647229951e-24,0.0,2.1057361263339804e-08,284.5534117603482,-0.0018032447534934277,0.0005593099296060986
2016-09-04,-0.010517241549020435,0.0008110556393693397,-7.3453647229951e-24,0.0,5.3564202314042785e-09,281.19372176405625,-0.0020580672590577672,0.010405583502877645
2016-09-05,-0.011934666268232854,0.0007627087797822251,-7.3453647229951e-24,0.0,1.031295054376462e-09,279.2979933815937,-0.0025514526829376063,0.006462406590057685
2016-09-06,-0.02231509945655273,0.0006929447421919828,-7.3453647229951e-24,0.0,-1.031295054376462e-09,277.9077618342111,-0.0014881274036768466,4.140535990397136e-05
2016-09-07,-0.026611335112550167,0.0006834008431030533,-7.3453647229951e-24,0.0,0.0,279.9548755293737,-0.001568993669276857,7.378091935231689e-06
2016-09-08,-0.02489673295768641,0.0006750695786233676,-7.3453647229951e-24,0.0,0.0,279.80400393283077,-0.0014807617155003685,0.00010504778468608792
2016-09-09,-0.012346829777046788,0.0007231802085025163,0.02071218257120998,0.005964681800812652,0.0011287783456724243,275.89572875962193,-0.0022613631908671335,0.011579984352670438
2016-09-10,-0.020349561326247826,0.0006791313657652861,0.029809064559792847,0.0,0.0016623908432863526,277.8288692862301,-0.001712823697065903,4.9674073181583385e-05
2016-09-11,-0.026926166130661292,0.0006644845345599504,0.017736057777189267,0.0,0.0011838394832813135,282.2176188955649,-0.0018057761303449083,1.7357853607791185e-06
2016-09-12,-0.0065541931633221915,0.000654634614448763,0.027638695783309793,0.008993383118156659,0.00020575689646483815,275.46948301814604,-0.0010120074375201081,0.010810282850834393
2016-09-13,-0.0044183921342515675,0.0006753227299889602,0.10855223230049435,0.008689713132920239,0.00297384081924029,273.242582870742,-0.0005439624642837519,0.009556247386452896
2016-09-14,-0.01293221448606017,0.0007243626198526157,0.092871369615113,0.0,0.006927426125706926,277.5201033432381,-0.001123423819656426,0.000602962438669582
2016-09-15,-0.007358412074167177,0.0007318966301147548,0.05278242150717986,0.0,0.0035385104096205228,276.145019559986,-0.0011712634872834563,0.0052077890621066774
2016-09-16,-0.012470240310087043,0.000665916224657479,0.03320542387594162,3.5552949891925535e-06,0.0017983126269895478,275.92502206777226,-0.0016413843890620491,0.0022694450313307337
2016-09-17,-0.01907257272698785,0.0006288109862871763,0.022575421521892656,0.0,0.001362924279887124,278.31577727395035,-0.0014405048867992764,6.7508217305293215e-06
2016-09-18,-0.02181832837519673,0.0006226777693646103,0.013702909825211865,0.0,0.0011362544455602345,281.14650535942695,-0.001628422525600862,0.0004949963698952886
2016-09-19,-0.019806012174503954,0.0006508125928835679,0.006014779013653484,0.0,0.0008387782816159523,280.81286236750435,-0.0021570514529775093,0.003861616442250613
2016-09-20,-0.024340083664756713,0.0005949264192311777,0.0024496822033898305,0.0,0.0003162900585744341,283.46025214401794,-0.0016607826228364042,7.88630710222621e-06
2016-09-21,-0.018898002045639493,0.0005861162129095045,0.0009011593691148777,0.0,0.00010972719450118178,282.7876936702405,-0.0014882727320921626,2.470646200880493e-05
2016-09-22,-0.007058629839770538,0.001454153471747361,0.0001802318738229755,0.0,7.168748705400586e-05,281.27152636181387,-0.0016960283888682807,0.013380587866912732
2016-09-23,-0.00512585010232225,0.001939852358931202,-7.3453647229951e-24,0.0,1.7354801549749863e-05,280.8176943101901,-0.002060050071127671,0.018091567977038488
2016-09-24,-0.0017606533937535045,0.0017069839993439154,0.07299459856108759,0.031389160008080265,0.00013474796998635526,274.08179377252327,-0.000964173352566816,0.051640064281875536
2016-09-25,-0.007918783921306417,0.0006188572631717403,0.21557755120056496,0.0018825933842335722,0.00200052119496852,272.5328124992816,-0.000804231349526152,0.0027965453217096976
2016-09-26,-0.010547513721016168,0.000745124736074674,0.1854500923228578,0.0,0.008823935131905443,276.01572257291576,-0.0006270945009033559,0.0
2016-09-27,-0.01477108782125732,0.0008751030190516327,0.12080294219338511,0.0,0.009894913336062162,278.68855250083794,-0.0008791039597853429,0.0
2016-09-28,-0.01608566102166634,0.0007220691880263851,0.06274161186146422,0.0,0.0060551609465126265,280.4686767233294,-0.0010927544306900542,8.523463748133508e-07
2016-09-29,-0.01664999809305547,0.0006568758501171392,0.031102412164548027,0.0,0.0034186845740019267,281.5450727135897,-0.0013048534392047738,0.0007283118485057422
2016-09-30,-0.013973200683203122,0.0006263502741937584,0.012535310734463278,0.0,0.0017412222374630513,281.49403284363825,-0.0011437050366805773,0.0011015964598305482
2016-10-01,-0.01756025290926971,0.0005888549958245229,0.005888340836864407,0.0,0.0006090009237750103,280.64505605104955,-0.001410964697515224,0.00022570165873920853
2016-10-02,-0.01411194968863396,0.0005867369262512122,0.0029140551435969868,0.0,0.00027577225434578074,280.54428485288463,-0.0010619423283779689,0.0003232702864415765
2016-10-03,-0.00598538464913934,0.0009339274996418064,0.0011133456185263653,5.450844764709473e-05,0.00015359140385342186,278.1738813439781,-0.0024702970811960392,0.012403145787428871
2016-10-04,-0.005313000394462866,0.0006860792636871338,0.08783890029131357,0.017847939210254595,7.199849617683281e-06,270.5712525929884,-0.000882424009006239,0.021396183950752864
2016-10-05,-0.005543205276720941,0.0006156323824898671,0.11895717469985878,0.00196453516429427,0.0007199779110776503,267.36814773688883,-0.0006464980753128138,0.002065621257467701
2016-10-06,-0.005962762160826537,0.00063972335077275,0.12752416578389833,0.0020963084478836276,0.001262075925445826,267.28203251581857,-0.000644145165122835,0.0021280611806775217
2016-10-07,-0.009000005821386974,0.0006467833862466327,0.12496183865936913,4.647710060669204e-05,0.0010961701851443383,267.98112108119244,-0.0009008658744689436,4.790070025427857e-05
2016-10-08,-0.011199522026851353,0.0007112282144147799,0.10996627089218457,0.0,0.0035377676877598307,273.98287967459186,-0.0009372255180851888,1.7166130419354886e-06
2016-10-09,-0.013884891350727298,0.0007296859544549286,0.08271585525541432,0.0,0.003758376937801556,276.58023611165714,-0.0012260240392159608,2.5749204723979346e-06
2016-10-10,-0.016873765336928397,0.0007006366879253065,0.058239723104990586,0.0,0.002073697819463951,277.2195272966518,-0.001369483837342195,1.293420723413874e-06
2016-10-11,-0.0027102849072655716,0.0007152358690897623,0.05998640904543315,0.008031743520734002,0.0004438328119994557,274.0321146072416,-0.0006725479832897752,0.010639796045304505
2016-10-12,-0.010220962897532406,0.0006838238845437261,0.11667186212629474,0.0029486588039303904,0.0005130953034438656,267.3809667145465,-0.0009070510981278231,0.002950758972497234
2016-10-13,-0.013349841838165868,0.0007278359374084042,0.10521104600694446,0.0,0.0020199692623931813,271.4184316071189,-0.0009576123376182244,8.404254003835376e-07
2016-10-14,-0.020299276052895242,0.0007665175839332538,0.08525496373293316,0.0,0.0032885264668424253,278.1811576132048,-0.0015236264578787622,0.0
2016-10-15,-0.013188354292158356,0.0007451339966833255,0.05785764992349341,0.0,0.0017472230592521572,276.4079654607396,-0.0011789473668161758,0.0004967717818088738
2016-10-16,-0.0196149363945433,0.0007211282260000369,0.04839938463688795,0.0,0.00029316388786175833,276.7042891148569,-0.0015474682052930198,0.0005113006816177044
2016-10-17,-0.007576563053548674,0.0007330584997511181,0.06575428878295668,0.013198809919215865,9.118896082969709e-05,273.00106712384417,-0.0009211745576164817,0.014657466189334547
2016-10-18,-0.008681268889015003,0.0007378016151277359,0.14227168483698213,0.002018264058114445,0.000460020240164746,268.80467474483055,-0.0008598646559452607,0.002039775841653684
2016-10-19,-0.004254148462734654,0.0007439041878544004,0.14916486434792847,0.004891087737797345,0.000345580816521483,267.63394227539754,-0.000446348130113661,0.005122103546196512
2016-10-20,-0.009579177335493983,0.0007668637623221187,0.17440261409781074,0.0008948564445231595,0.0010479894692951677,268.22774175870217,-0.0006893973608138198,0.0009356312832589877
2016-10-21,-0.009952889913219517,0.0008106357970480193,0.15862611817325803,0.0,0.0027248647674328864,273.099429225742,-0.0007375343045019835,0.0
2016-10-22,-0.011194837716339672,0.0007932401646328511,0.1363904705155367,0.0,0.0016083940653140935,274.2690721249626,-0.0011015627427963214,8.52346317969932e-07
2016-10-23,-0.010702292882116502,0.000822698413315466,0.11972178083804144,0.0,0.002679081012805303,273.94673713497303,-0.0007536823382485385,8.52346317969932e-07
2016-10-24,-0.008243812048165813,0.0008280767222582284,0.09984914776071095,0.0,0.0024419179407216738,275.784538290595,-0.0007184152622933442,0.00025303985092470184
2016-10-25,-0.008549487060409481,0.0008294178267656747,0.08192573159427967,0.0,0.002178276241835902,276.3036380451727,-0.0007005320956646387,0.0002604239741287663
2016-10-26,-0.009316184005494846,0.0008305779284676591,0.06638188191501883,0.0,0.0021487468232711158,275.9996253730214,-0.0007608343168335446,0.0
2016-10-27,-0.011257415058585886,0.0008506259675753318,0.05101941354755179,0.0,0.0026889844760719667,278.4291115992487,-0.0008627746811946908,8.52346317969932e-07
2016-10-28,-0.006138770972604807,0.0008442216673813297,0.0345833701153484,0.0,0.0014417865182046836,278.3884252451234,-0.0006714385992052865,0.0011962198979702722
2016-10-29,-0.002375630293525545,0.0012183813220363554,0.05419508077330509,0.008412448489396585,0.0020092476348755723,275.0992856106516,-0.000697318469779303,0.020341209301064974
2016-10-30,-0.006748632522626112,0.0008920256027394096,0.07008996880885124,0.0,0.0026752251689716924,276.0376755594085,-0.00048415834284098146,4.518895957260169e-06
2016-10-31,-0.020938757407126453,0.0008792852782933726,0.04887847038312147,0.0,0.0010949327994537893,275.6570464635299,-0.0013283266564883755,0.000511829181790344
2016-11-01,-0.0110546580731532,0.0008846314276679089,0.04348438787370528,0.0,0.0006220572349210243,271.5707122996702,-0.00065545539376931,1.2814998058274796e-06
2016-11-02,-0.009749160648065773,0.0009027189117366986,0.039174455258356874,1.0598177290232168e-05,0.00033743661633655854,271.9034197065565,-0.00043984851405277095,1.1044639647084433e-05
2016-11-03,-0.010542657415745624,0.0009555659220043549,0.03391416732874294,0.0,0.0015134179996231854,275.29649403674455,-0.000517859113123794,0.0
2016-11-04,-0.011536799623804578,0.0009601646560733602,0.024481189677495293,0.0,0.0007945839841823794,276.98813642440774,-0.0007449441857762257,0.0
2016-11-05,-0.010721468487701847,0.0009755171456579435,0.019204809616290022,0.0,0.0006153644457206887,276.53234125126556,-0.0005957831097187969,0.0
2016-11-06,-0.011576609380837889,0.0009857182112117272,0.015450055540842752,0.0,0.0002912977173671884,275.9718410649991,-0.0006678799314603294,8.583068797918258e-07
2016-11-07,-0.010328443205289249,0.0009994629749470513,0.013459688750588512,0.0,0.00021371615808562372,274.5952604728455,-0.0004934728945379204,4.414210579284372e-07
2016-11-08,-0.00894256664366372,0.001017307915256522,0.011334148054967045,0.0,0.00041584805243432866,274.88013490579897,-0.0005139424386671035,2.5808803911786526e-06
2016-11-09,-0.008957673432463308,0.001027757417684221,0.008726073299199624,0.0,0.00039204804616122603,276.62539176797236,-0.0006473852468833411,1.2993812106287805e-06
2016-11-10,-0.00904156911676213,0.0010327644604074082,0.0060759291137005645,0.0,0.0002190947090670214,277.3609063674726,-0.0004719869091601696,2.5676852146716556e-06
2016-11-11,-0.009672004708462516,0.00103782007923234,0.004953158103813559,0.0,0.0001331871154449754,275.8539656946215,-0.0005829182721800724,8.655407555124839e-07
2016-11-12,-0.009750991975520292,0.0010422144064122002,0.004063033339218456,0.0,0.00011377840560708342,276.31407620632945,-0.0005357576597292545,8.52346317969932e-07
2016-11-13,-0.009382954888087882,0.0010444137167795904,0.0035899246704331447,3.946282095828299e-07,1.5412262604061496e-05,274.6384089769842,-0.0005157788331478329,9.364115307220614e-05
2016-11-14,-0.00898890218323907,0.0010487369898348879,0.0031393449858757062,0.0,4.755297286362299e-05,274.79129373151704,-0.0005754656237313304,0.00023392246941388668
2016-11-15,-0.01063627934893646,0.0010498888411764372,0.003884870453742938,0.0002847350081481503,7.339131276486285e-05,275.96972926008726,-0.0006822603517922305,0.0004619069394249562
2016-11-16,-0.012438218514461304,0.001048713333189151,0.004115907485875707,0.000121144609431089,2.327126761277517e-05,274.76853087258206,-0.0004771688511058436,0.00022873707114684163
2016-11-17,-0.002361265574134676,0.0010493797602626565,0.10496460650600285,0.020580227071114184,0.0,265.6093169928945,-0.00033141350594617555,0.02080144459581645
2016-11-18,-0.0025466906148835095,0.0010473635573845126,0.18437720692090398,0.0008867757847416873,0.0,259.4276235188917,-0.0002570729807945294,0.0008907781987540467
2016-11-19,-0.00601863583265725,0.0010600172530459819,0.15910888212099814,3.4327392524245095e-08,0.0007382443353617933,266.1733140999315,-0.0004621189308621116,4.630304325771871e-08
2016-11-20,-0.008308672383006683,0.0010802373710998708,0.1329207770568503,0.0,0.0018825345372749588,270.9156405166942,-0.00047841452398879385,0.0
2016-11-21,-0.004485661742714166,0.001059353014843612,0.1181098090277778,0.0010777818996690763,0.0007963795320125623,269.95795398647505,-0.00028893445213299014,0.0011661662323864878
2016-11-22,-0.003280184194866547,0.00104292082247761,0.15075729571268834,0.005793727934360504,0.0,268.0927062672186,-0.0002974955480819369,0.005945587012041739
2016-11-23,-0.003947532530558311,0.0010425785167069085,0.15746610537311678,0.0,7.516357226897095e-05,263.2931923480133,-0.00039001912573131465,-3.6703866211260737e-09
2016-11-24,-0.0038208024481595575,0.0010392878857036097,0.16752046919138416,0.0028915058632018203,0.0,264.8841208369943,-0.0003260819893856507,0.00289466029202543
2016-11-25,-0.005657359073727818,0.0010482278247337558,0.1713789025717985,0.0,0.0005946219767217583,265.0065219757023,-0.0004055597898313555,0.0
2016-11-26,-0.007462915980209739,0.0010541770081062103,0.16190063706450095,0.0,0.0010316759074306759,267.6392653010884,-0.0005124506335389816,8.52346317969932e-07
2016-11-27,-0.0033727608999963533,0.0010359242642666662,0.1514064982786017,7.980737814122001e-05,0.00017793649165643812,266.3985465529275,-0.0003629355391455909,8.330821643985577e-05
2016-11-28,-0.0028290753226495736,0.0010299965486688131,0.15152718926553674,0.0018424360807669368,0.0,263.11294584400014,-0.00031720198648797597,0.0018529622849662493
2016-11-29,-0.002054118924895249,0.0010272565029435241,0.19847782228401603,0.006088737482573353,0.0,260.88585607165896,-0.0002382079002547399,0.006094065914685687
2016-11-30,-0.0025105036500483583,0.0010252481294890582,0.20278936411252357,3.346433536817799e-05,4.550492611982055e-05,259.95938103885976,-0.00021613545526387332,3.621478869793767e-05
2016-12-01,-0.0018512982938249235,0.001021396389788827,0.2032436219985876,0.0013440936740677237,0.0,260.035991787237,-0.00016703037281999482,0.0013490760056872287
2016-12-02,-0.002291924788453485,0.0010182614211982253,0.23566443951565447,0.0031354591082044915,0.0,260.06042658272435,-0.00018711263408600275,0.0031418978998767728
2016-12-03,-0.002477445129284078,0.0010149843443584981,0.23334924155484935,0.0014509033559069124,0.0,260.2662591197846,-0.000187592496727146,0.0014547739324701709
2016-12-04,-0.002056160510259833,0.0010115816599905155,0.23947390683851227,0.0012861871407867152,0.0,261.0821027989217,-0.00017946668095507865,0.0012927286032229494
2016-12-05,-0.00151228622696494,0.0010080616184547123,0.2968476433762947,0.009752105416382774,0.0,260.1270483738959,-0.00019241972579120916,0.009784633998816971
2016-12-06,-0.0010067442968740303,0.001004409318589895,0.34640887991407726,0.0009404903667121285,0.0,251.42255727045955,-6.840590619097995e-05,0.0009492142725344297
2016-12-07,-0.0007003720028925751,0.0010006694638796446,0.3214205582038607,7.072421537954255e-05,0.0,247.74555080219855,-6.925570383920509e-05,7.429513598645637e-05
2016-12-08,-0.0015050198061991548,0.0009967757988784273,0.31398369453272135,2.0777859256765937e-06,0.0,246.89862731531295,-6.809713855638343e-05,3.798790837560779e-06
2016-12-09,-0.0018494797628478142,0.0009928044289518885,0.31589176156426557,0.0005938073272927333,0.0,255.8880090336342,-0.00010665203576202448,0.0005998054128792325
2016-12-10,-0.0019933994712129153,0.000988689351216548,0.3188961625323682,0.0016478939708006583,0.0,264.7879964932659,-0.00011406918345703244,0.0016535878517979553
2016-12-11,-0.002425957155429711,0.0009845013672349144,0.32986501920021183,0.0010908270665144517,0.0,261.29725537776056,-0.0002297486604775413,0.0011058715271061287
2016-12-12,-0.002448656633075348,0.0009802274279675242,0.33191193833863,0.0006308893825711505,0.0,258.09909906405295,-0.00017064598804644946,0.0006400511703199465
2016-12-13,-0.0017059487053903484,0.0009758789828941648,0.3442844886564266,0.001331933242621395,0.0,255.9449237924062,-0.00011028960284035087,0.001339437955479719
2016-12-14,-0.0015892349814964554,0.0009714331330552614,0.3486537322710688,0.0008044763136718234,0.0,254.18381796583617,-9.202221566337651e-05,0.000808214231959305
2016-12-15,-0.0016985987286783208,0.0009668696734864834,0.3629134298493409,0.003028391360563074,0.0,262.5436346517444,-8.850300547766822e-05,0.0030311747796068185
2016-12-16,-0.00043119031325571956,0.0009622386114745492,0.4234996156279426,0.013096530684980297,0.0,261.00995107963263,-0.00011036987021818,0.013101668142147601
2016-12-17,-0.001644551038405316,0.0009575676446580617,0.5367946588835923,0.0017290218485950754,0.0,247.9516778468188,-0.00011504603560361486,0.0017324755925916685
2016-12-18,-0.0018373425986807229,0.0009528056713147352,0.49399786480402547,0.0,0.0,250.52183615330696,-5.826536081941789e-05,8.52346317969932e-07
2016-12-19,-0.002589990106006127,0.0009480319959295672,0.4652453636270009,9.38665395402639e-05,0.0,259.5207743707574,-7.51900386675603e-05,9.529890313660357e-05
2016-12-20,-0.00496268579683735,0.0009431806156190777,0.4554503130149482,6.270257093138615e-05,0.0,265.77857037273054,-0.0002992075820595531,6.571529948778745e-05
2016-12-21,-0.004684473624673941,0.0009382547295026186,0.4437848969367939,7.304713382559307e-05,0.0,263.8871487439689,-0.0004123011709185644,7.57879960886097e-05
2016-12-22,-0.0022494649398798324,0.0009333006406234484,0.43523974517419967,0.0,0.0,260.8519602809698,-0.00013547297567129135,4.351138045421976e-07
2016-12-23,-0.0033951097373235025,0.0009283018482606965,0.4293874966896186,0.0,0.0,261.8026987998948,-0.00016628117905666598,8.52346317969932e-07
2016-12-24,-0.002698111121600631,0.0009232897542964268,0.42255569716631364,0.00030035247742119485,0.0,264.55425880274083,-0.00015866755386867093,0.000306298537340595
2016-12-25,-0.001134055987589777,0.000918211404886623,0.4275925343544021,0.005328023753597239,0.0,264.22867577403724,-0.00018386631193807574,0.005340855034012229
2016-12-26,-0.002806853608223005,0.0009131115035148664,0.5448903803995998,0.004922979000934773,0.0,259.78397945181354,-0.00013324452069519603,0.004923780927550321
2016-12-27,-0.0038350605863635826,0.0009079684982192046,0.5204390761093456,4.818387287484724e-05,0.0,261.91363469714724,-0.0002508093997583551,5.192042734997402e-05
2016-12-28,-0.0038943139173216747,0.0009028419936444127,0.5147895884828154,0.0005558779473695378,0.0,258.93891899913496,-0.00028126956210971555,0.0005608334378657904
2016-12-29,-0.003963472311106105,0.0008976508331837627,0.5077170966484229,2.738193603558729e-07,0.0,259.03414273306925,-0.0001996254685234889,3.0442146258165613e-07
2016-12-30,-0.00529178471888526,0.0008924777730036592,0.49765445687676557,0.00022581171265429698,0.0,265.95524838549943,-0.0003447807525510842,0.00022695340672369046
2016-12-31,-0.0028436186034127143,0.0008872682597004088,0.5266853519303203,0.0034959053799594195,0.0,262.44853075031057,-0.00016507626337520148,0.0035018274675305146
2017-01-01,-0.002221695994589962,0.0008820635450761872,0.52039125948976,0.0,0.0,262.0920822912242,-0.0001143772302374328,1.2876149639851064e-06
2017-01-02,-0.0006638233271022302,0.0008768439292907717,0.535496943414548,0.00293362927807253,0.0,255.27100807664084,-0.000117555213302879,0.0029393501516133493
2017-01-03,-0.0012447650486466576,0.0008716126114635146,0.5606229677936677,0.0002578656257545881,0.0,251.47709832487809,-5.353532079081078e-05,0.000264038507502281
2017-01-04,-0.000933048120662991,0.0008663762423951748,0.5630650637064502,0.0011476801108505769,0.0,251.77371459357482,-7.110393190451262e-05,0.0011537322047390371
2017-01-05,-0.0012343060751419284,0.0008611579736073813,0.5686058145009416,4.911306971884043e-05,0.0,248.07727764151196,-3.3295160885584564e-05,5.1410386689018856e-05
2017-01-06,-0.001709082032327598,0.0008558915496545997,0.5642590998705274,3.202886736325625e-06,0.0,251.25138359644546,-4.117429719469642e-05,6.353188352945039e-06
2017-01-07,-0.002866420284502924,0.0008506631783846408,0.5584882315942797,1.0803341865539551e-07,0.0,256.0240531713051,-6.478154600340095e-05,5.394219328991312e-07
2017-01-08,-0.003934397241153287,0.0008454462565944694,0.5596861758474576,0.0013534478464369048,0.0,263.4954931973962,-0.00018538721958122686,0.0013554366799047974
2017-01-09,-0.0037729225758105353,0.0008402258831228914,0.5549189968073212,0.0017726574998117438,0.0,269.71083487674116,-0.00015087038446954417,0.00183890581299378
2017-01-10,-0.004059094156922594,0.0008350369115333774,0.5553229093102637,0.0031989234483848186,0.0,264.11035665953904,-0.0004767715446861451,0.003434986048201714
2017-01-11,-0.0014826444919499976,0.0008297947335377926,0.6247694227430556,0.009510050596153669,0.0,261.80748988724474,-0.0001483851949037132,0.009516810629944075
2017-01-12,-0.0021169905440282014,0.0008245725079444842,0.6711931533957156,0.0004995121162826732,0.0,258.9997787260066,-6.29032209599759e-05,0.0005027551772571823
2017-01-13,-0.0042766328416975205,0.0008193731813107507,0.6607070606756122,0.0,0.0,259.1959523526064,-0.00012850604088461334,1.2883065778623859e-06
2017-01-14,-0.004280463618747259,0.0008141871562785348,0.6483696831597223,0.0,0.0,259.63998601306406,-0.00011128972226617028,2.5639578780101147e-06
2017-01-15,-0.004091414228334265,0.0008090075294850237,0.6370401328566385,0.0,0.0,262.32256534095086,-8.591336571732483e-05,4.351138045421976e-07
2017-01-16,-0.003560609315748269,0.0008038510542131414,0.6242763138535782,0.0,0.0,264.60098654177676,-8.854675659183729e-05,8.52346317969932e-07
2017-01-17,-0.004262619394030275,0.0007986977780606114,0.6114136431850282,0.0,0.0,265.9401087249067,-6.507865895154114e-05,4.351138045421976e-07
2017-01-18,-0.005791880990152306,0.0007935940040706916,0.5945116175994586,0.0,0.0,271.29642143536876,-0.00015694779570156575,4.351138613856165e-07
2017-01-19,-0.005633201892093077,0.0007884686781188189,0.5750010574829333,0.0,0.0,270.59901935052966,-0.00021322765045583586,4.351138045421976e-07
2017-01-20,-0.0016577086374584566,0.0007834011046899915,0.5812358389241996,0.005484460879348767,0.0,267.0605045325788,-0.00012090791143098121,0.005491379997722227
2017-01-21,-0.0036502392952051546,0.0007783367303805164,0.6021834263918315,4.523260108495163e-06,0.0,263.31219399087627,-0.0001860856273248371,5.081211779750673e-06
2017-01-22,-0.0038513419570895915,0.0007732987067120224,0.5900343268155603,3.388561939789078e-06,0.0,261.62778034317967,-0.00016109255473997636,5.238389451085946e-06
2017-01-23,-0.0032429114236670028,0.0007683069860867863,0.5801312290342515,3.840677482260149e-05,0.0,261.98170942460973,-0.00014832966808377016,4.125234257323793e-05
2017-01-24,-0.001309973877028557,0.0007632969126189497,0.6049912734669257,0.004870162298113614,0.0,260.20720542218055,-0.00019299347311426695,0.004875298879044757
2017-01-25,-0.0017021947072050666,0.0007583645440764347,0.6502515430055322,0.0008548025862645294,0.0,256.9717468613734,-0.00010679608558194114,0.000859459325418634
2017-01-26,-0.001314604686478437,0.0007534039727712082,0.6471830033986582,0.00031673331550285646,0.0,254.83321043686232,-4.303410102081838e-05,0.0003231988113802569
2017-01-27,-0.0032442267247512514,0.0007485160551502207,0.6444494100164784,1.5466184602618894e-05,0.0,259.05685971865324,1.077950632168075e-06,1.6331251731700145e-05
2017-01-28,-0.00464909940452899,0.0007436379874493444,0.6327580166401836,2.510214256027998e-06,0.0,264.41230763509003,-0.00020881643845031494,3.36370562429482e-06
2017-01-29,-0.007596851784293935,0.0007387713692282554,0.616531630693856,1.1175870895385742e-07,0.0,268.4094856104159,-0.00041899142923664917,9.80496395186492e-07
2017-01-30,-0.0073065099406377084,0.0007339609039705352,0.5986921234992938,0.0,0.0,268.35850344225065,-0.0004609705101551309,4.410743663640915e-07
2017-01-31,-0.002286654618163567,0.0007291983413157491,0.6053138057615349,0.0075785595986802715,0.0,264.8907089556678,-0.0002572351466801207,0.0075822397223368
2017-02-01,-0.0013171352319798228,0.0007243993255378162,0.7734170400041197,0.009594978417380383,0.0,258.2409472348775,-0.0002470781637282022,0.009600687936199514
2017-02-02,-0.0010521590793873632,0.0007196945154060753,0.8444217315501413,0.0031562121321926013,0.0,255.71996877781643,-9.734039379041748e-05,0.0031603632530754567
2017-02-03,-0.0032930451176934328,0.0007150011547541215,0.8643134452977872,0.0006977195330595566,0.0,258.57657239306894,-4.2780055164617334e-05,0.0006995615899618085
2017-02-04,-0.006284519735365938,0.0007103556967051017,0.8369004991319445,9.87320212321093e-05,0.0,266.0578076278198,-0.00020344333333820948,0.00010287648276812305
2017-02-05,-0.006627054453569618,0.0007057168894568405,0.8009424012035076,4.1790601223875577e-07,0.0,267.4247046899886,-0.0003251836103739712,1.0102271953861409e-06
2017-02-06,-0.007501973354883788,0.0007011009811681544,0.7666121373293315,6.69856866200765e-05,0.0,268.22956724220757,-0.0003785392490483947,0.00012003890528387922
2017-02-07,-0.0033728680704946576,0.0006965313759227257,0.7566076591189972,0.004661984489125721,0.0,265.215797090261,-0.0003856658556703794,0.004730152023006536
2017-02-08,-0.0038880448220139844,0.0006920096732802311,0.8617603136770245,0.00831529106629097,0.0,262.6688549163876,-0.00019327816316636946,0.008326672968743589
2017-02-09,-0.0067420518499309735,0.0006874962209981714,0.8628364175052967,0.0005631369596484018,0.0,269.81874982111873,-0.00013197373367298794,0.0005675430855832395
2017-02-10,-0.010039136403024534,0.0006830091193570929,0.8083854718396893,8.044377137712167e-05,0.0,273.41424132022036,-0.0005734580027013176,0.00017752569947539077
2017-02-11,-0.005382607296361763,0.0006785632695181895,0.7643017670080039,0.0012217544987376803,0.0,267.9530244780575,-0.0005684583474182141,0.0012296217814627443
2017-02-12,-0.007364986306529935,0.0006740942681576573,0.7485333171492468,2.3426182862729003e-06,0.0,263.4502469617769,-0.00031441634278849695,2.764121026559505e-06
2017-02-13,-0.006981619754753544,0.0006696598677985413,0.7317563504149012,0.0,0.0,266.47143924662845,-0.0002919698060400742,2.1427867977763526e-06
2017-02-14,-0.006098155374244109,0.0006652270669991015,0.7152097310499059,0.0,0.0,266.322934037548,-0.0001896242532184569,4.35456684044766e-07
2017-02-15,-0.009520002298772673,0.0006608437683622716,0.6986362148363937,0.0,0.0,270.1194876439154,-0.00034379348221976884,0.0
2017-02-16,-0.010604115487155268,0.000656462069285118,0.6799155484934087,0.0,0.0,272.72234146204374,-0.0004545649418891487,2.5849129201560572e-06
2017-02-17,-0.011267986506392056,0.0006521133716497045,0.6584491047257534,5.21540641784668e-08,0.0,270.5544635571554,-0.0008793941062301565,3.375993603280694e-05
2017-02-18,-0.007661084165680881,0.0006477910246552721,0.6429866352548258,0.00030007263866521546,0.0,269.3002102164001,-0.00041801303540919463,0.00030657551372662755
2017-02-19,-0.006245859640803041,0.0006435067303436625,0.6287885475517891,2.852814682459427e-06,0.0,270.4405918731977,-0.0003036958307532941,5.10419997109665e-05
2017-02-20,-0.008331322526864414,0.0006392487866730341,0.6178130241437148,0.0006178675777157821,0.0,268.76705339938235,-0.0006284102071392334,0.0006493711370532796
2017-02-21,-0.008701163244112738,0.0006350355464859872,0.6095173004207863,0.0034673612796317387,0.0,270.80803755492593,-0.00041322943643998293,0.003901056466861005
2017-02-22,-0.008031069390517846,0.0006307856006137395,0.6163474907309323,0.0015472510019264656,0.0,266.1967455258702,-0.0007711385276778943,0.0015755054977654066
2017-02-23,-0.0024277991746778547,0.0006266367637504966,0.646993805908663,0.005333058283490649,0.0,261.54178953799374,-0.00033670163445048413,0.005338342310950392
2017-02-24,-0.002288078394650066,0.0006224778244050882,0.7145727125264832,0.0034723913686423654,0.0,259.0752367712908,-0.0002132197999853199,0.003481070537351619
2017-02-25,-0.002240416651728463,0.0006184016412260843,0.7528919859345575,0.0018597956178552015,0.0,257.1983597211245,-0.0001737222517445936,0.0018713621262978159
2017-02-26,-0.003845273185584505,0.0006143502091283852,0.7613996660193032,0.0001188666259838363,0.0,256.40018017727556,-0.0001540857414572926,0.00011957664940904077
2017-02-27,-0.0052737203863380995,0.0006103070273911213,0.7540257915489643,0.00013611660375770202,0.0,258.02061187614834,-0.00023214444833791862,0.00014054911621048962
2017-02-28,-0.004339961766523157,0.0006063050974560323,0.761260124249647,0.001372692706642178,0.0,258.20244216918945,-0.00026608382135966406,0.0013784766869793907
2017-03-01,-0.0045483865811999915,0.0006023561213649599,0.7707795396362995,0.0010368550396234976,0.0,257.98063045796255,-0.00023336290765953605,0.0010462437140512197
2017-03-02,-0.005758793593126503,0.0005984252455544338,0.7768076521304143,0.0019365533512864413,0.0,261.89937410516256,-0.00022534046869325102,0.0019450734395310568
2017-03-03,-0.00956606477667383,0.0005945092709051014,0.7733016364318502,1.2239999016799496e-06,0.0,265.6776903156058,-0.00038386265731463995,4.358673899818222e-06
2017-03-04,-0.012087495776556309,0.0005906427984183791,0.7539979751500706,0.0,0.0,268.29834318430414,-0.0006557729484587068,0.0
2017-03-05,-0.01217493499066197,0.0005868260806563211,0.7333021145980463,0.00010550748241149773,0.0,268.8959153169966,-0.000688570320059014,0.00032146143700987587
2017-03-06,-0.0056748878484391896,0.0005830306622941616,0.789286640404308,0.01387939408505704,0.0,264.9799119945749,-0.0005930342769387078,0.014099803252538345
2017-03-07,-0.008431480597641509,0.0005792567958939547,0.8665592172051553,0.0018944820483862345,0.0,258.97691888324283,-0.0005852639843515084,0.0019156013504933503
2017-03-08,-0.00907300644170093,0.0005755010297742942,0.8600384555967514,2.8278152484678282e-05,0.0,263.3934388959924,-0.00023001877559443654,3.3123681774247166e-05
2017-03-09,-0.005270977267774485,0.0005718048682994088,0.8587598207980228,0.008237111450588636,0.0,267.73495689219675,-0.0003110033980870651,0.008247535949372976
2017-03-10,-0.005548288593184477,0.0005681914629909278,0.8993195786987995,0.004039583443585089,0.0,269.681274740934,-8.9322411492046e-05,0.005406804327895773
2017-03-11,-0.009303695190761048,0.0005644553967114897,0.9277518464571564,0.006908902866860568,0.0,269.58101784442107,-0.0005710028732816379,0.007117822837479684
2017-03-12,-0.007404626931174329,0.0005608302893611672,0.9140293961864409,0.003585474302539718,0.0,268.92400443082477,-0.0005215325650606452,0.003707770944212843
2017-03-13,-0.007075759398061677,0.0005572613349742135,0.9074341509975284,0.0008102349600212724,0.0,267.6870824846171,-0.0003269567064898836,0.0008148694105740995
2017-03-14,-0.006599988304289047,0.000553757036473118,0.8903153414106639,0.002305153757333756,0.0,271.9238206428772,-0.00024147765279489722,0.002946331103563201
2017-03-15,-0.013182159955218688,0.0005501928807651929,0.8673573869320857,0.0,0.0,274.4751944173752,-0.0005781011455981746,3.011408644186633e-06
2017-03-16,-0.01567017198619196,0.000546758036828984,0.8275875228048494,3.456562168180606e-05,0.0,274.021949448379,-0.0010641288264828215,0.0009282291095788466
2017-03-17,-0.010624790848311732,0.0005432633356859455,0.803153000308969,0.0008595389035125237,0.0,270.7585696635274,-0.0007827713727782676,0.0009706176101824659
2017-03-18,-0.01423425530478106,0.0005501754539834578,0.7844622193532251,0.0,0.0007041067221743913,275.02555772095303,-0.0005708862159211757,1.726374421195942e-06
2017-03-19,-0.017161630683362822,0.0005780402886665474,0.7447420109463277,0.0,0.002571156027458482,275.8256696999186,-0.0010663215649750948,0.0003993945514007028
2017-03-20,-0.006856464312574958,0.0005362959904859295,0.7182230976341808,0.001553119786378354,4.811601786963684e-05,272.5972358861661,-0.0007031534951032892,0.0024885961564465975
2017-03-21,-0.007620370952086261,0.0005454650032991744,0.7568299604225518,0.006988156376417074,0.0008998911112210173,272.788109127411,-0.00041120961876743936,0.007771543543886071
2017-03-22,-0.010775086064796664,0.0005591483102679926,0.7369589365583805,0.0,0.0018651402097637371,274.4337686405793,-0.0005056450227643811,0.0005837048681766163
2017-03-23,-0.003259295713430071,0.000525187048534889,0.7325237152042139,0.012497112660084743,0.0001052929940870253,271.15775187361265,-0.0005768585929089347,0.013069220602849109
2017-03-24,-0.010522469625634663,0.0005199225608911892,0.8144480674729285,0.0023938843633158732,0.0,269.43881687516324,-0.0004932212585446526,0.0024204928826801384
2017-03-25,-0.005778106171532539,0.0005168118382577842,0.804788190766243,0.004569084946550219,0.0,271.66843045408893,-0.00040461416593042475,0.004981942062944061
2017-03-26,-0.007568577251865367,0.0005136513608997151,0.9020471950035313,0.011618360603428158,0.0,270.0250806539073,-0.0005004956771088186,0.012127438000567058
2017-03-27,-0.011003952115605781,0.0005105653893476153,0.9038699737376413,7.98163230473039e-05,0.0,269.6675100595938,-0.0005758204997259346,0.00029612200325340705
2017-03-28,-0.005129179375319832,0.0005075225217194208,0.9273890838335688,0.010769979260062094,0.0,269.3430749674077,-0.0003393864374881411,0.010920960468658675
2017-03-29,-0.010309041851321183,0.0005044961548120962,0.9670297511328861,0.00037165876414816263,0.0,268.98992938959447,-0.000346287300989116,0.0003748052200801224
2017-03-30,-0.005099980928803568,0.0005016406040407171,0.9543337489701036,0.004213080757250221,0.0,270.89051171929594,-0.0001845303659806144,0.005406670398631339
2017-03-31,-0.004684164530813358,0.0004986371360929673,0.9891083855637949,0.00833829660705254,0.0,270.8727289296813,-0.0003873333492774075,0.008675029991687518
2017-04-01,-0.009517590162780998,0.0004957017757124821,1.0042274029690441,0.0015452034392599335,0.0,270.9469418390996,-0.00042980400014058345,0.0016880184412002566
2017-04-02,-0.003819595959226964,0.0004928500975592663,0.9982521646215866,0.01133777609484344,0.0,270.74162159576707,-0.0003742384224456583,0.011752915988443234
2017-04-03,-0.006638062581167383,0.0004900032180850789,1.0921821666078155,0.007718565037189905,0.0,266.7888419264454,-0.0006008561342786261,0.007851526056922492
2017-04-04,-0.005960505603060211,0.0004872019681553382,1.108517519273776,0.002819662671641442,0.0,263.22684470138984,-0.00046448745780577097,0.002839975338534421
2017-04-05,-0.009682245047415718,0.00048442041806582003,1.1109363965395482,0.0003000252411863898,0.0,265.06732531545754,-0.0002797016200456916,0.0003053109019386844
2017-04-06,-0.013833888296016866,0.00048171682546367754,1.0914371009151367,0.0003534296138138421,0.0,271.21641914453886,-0.0003347766959229432,0.0003551494268846247
2017-04-07,-0.01631062402058456,0.00047984550901725474,1.059510541725518,0.0,5.491702991016841e-05,275.0901263177731,-0.0007159380547407657,7.285909114447566e-07
2017-04-08,-0.01038770466032675,0.0004912033087789676,1.0261184491231168,0.003817525813303425,0.0007470493010208431,273.60631838222014,-0.0006809398784475813,0.004905304245242427
2017-04-09,-0.0035726756362591764,0.00047366699929964745,1.0417234489024247,0.014457944843728664,0.0,269.64024688878754,-0.0007877948004647164,0.01457378261506397
2017-04-10,-0.010110344253690904,0.00047102940958098505,1.1472942689942327,0.003852434372161068,0.0,265.94950405846436,-0.0006316986334862682,0.003856433010325244
2017-04-11,-0.012427140132518813,0.00046844317414666305,1.129461198652307,7.323920726776123e-06,0.0,267.1730234825005,-0.0006000525870565642,7.597740087131997e-06
2017-04-12,-0.014232727935758688,0.000465840437991471,1.1142302259887007,0.001188933049554879,0.0,270.55923322903914,-0.0005271017372523997,0.0011986002224028784
2017-04-13,-0.021269541212731162,0.0004633170063212767,1.088388561528955,0.0,0.0,275.6061935640324,-0.0009312857268641224,1.8309355381574548e-05
2017-04-14,-0.02298185570260226,0.00047006697978003553,1.0410314872439972,3.281397755536656e-05,0.0005804511723713686,274.86313305152566,-0.0016220526054164786,8.369970553200807e-05
2017-04-15,-0.016851504307008734,0.00045830499654435846,1.0162346618997176,1.4760157903708983e-05,0.0,268.62961792811166,-0.0015876169953137468,1.605910759731853e-05
2017-04-16,-0.016101908001859313,0.0004558345187181807,1.0002641408456923,7.031748523819918e-08,0.0,268.32201478171487,-0.0007966869736963747,6.785500521040233e-08
2017-04-17,-0.01637496534040419,0.00045350825382491295,0.9868607745556734,3.54350875999968e-05,0.0,272.0099213020052,-0.0007653095901517547,0.001480478889470503
2017-04-18,-0.01226167166132038,0.00045101942315613496,0.9745560410781546,0.0015765123995347212,0.0,272.47334738909194,-0.0007328672787058826,0.0022855216837148985
2017-04-19,-0.010893874712246286,0.0004487048603047085,0.9815788771922082,0.006413019583218516,0.0,272.1149611535944,-0.0007473862924649891,0.007874233776464354
2017-04-20,-0.019168239739318353,0.0004462357294761529,0.995122474914666,6.652000428593092e-06,0.0,270.4219531150861,-0.001125777077119229,0.00026308346939128333
2017-04-21,-0.005454207628460254,0.0004439408664649489,1.0304419451065208,0.01739164906959076,0.0,270.90471148805204,-0.0004233514658559514,0.018336118115383597
2017-04-22,-0.008396495365153599,0.00044157444420507406,1.1607610842602403,0.007061448327060474,0.0,270.58966418264504,-0.000480357846929192,0.007470972204612475
2017-04-23,-0.0149931870611374,0.000439271078271381,1.1450701065207156,4.1747181597402546e-05,0.0,273.2114555229575,-0.0006376183197154837,0.0003899568386620822
2017-04-24,-0.010006296558905458,0.0004370853220675625,1.1181608440736817,0.0014709779771707827,0.0,271.9399277135702,-0.0006758639389007105,0.002920875963495438
2017-04-25,-0.005010553714582476,0.00043476865453235175,1.2269096302671847,0.026246835030404866,0.0,268.9416823162647,-0.0006928590026363141,0.027060562506816457
2017-04-26,-0.00891921340914096,0.00043249003967996374,1.3044084164606875,0.0015494252034163073,0.0,267.5710208950294,-0.0003328127049877819,0.0018041848637574342
2017-04-27,-0.005069913374165358,0.0004302792798327861,1.3120813746910311,0.008476061104549527,0.0,268.841238395418,-0.00030649158745835734,0.008878972116095011
2017-04-28,-0.005008825979663828,0.0004280634687445258,1.3912505241437148,0.0115889509939878,0.0,266.7366737645898,-0.0005150131860190192,0.011623011504087125
2017-04-29,-0.009774786520138972,0.0004258907615801709,1.4183494438559323,0.0016004784969286731,0.0,265.94041368516827,-0.0004479619805927331,0.0016323113340442465
2017-04-30,-0.01407237481431099,0.0004237164548561398,1.3976901354313795,5.6173610316831516e-05,0.0,268.05340334789906,-0.00038484332420058175,7.219519992332675e-05
2017-05-01,-0.009097184459705138,0.00042163155509927183,1.3930041067119823,0.005596952733852096,0.0,269.6698988359527,-0.0004120214426584837,0.0061718613919110495
2017-05-02,-0.007876663516133519,0.00041951180177893346,1.4023329452830744,0.005972486389222118,0.0,270.1889364131202,-0.0004409653697646944,0.006673196855723422
2017-05-03,-0.012607761779747442,0.00041734389329360703,1.4235720302201038,0.003712182664601817,0.0,269.4488386164951,-0.000716665801776331,0.003939025372485542
2017-05-04,-0.015994710184760015,0.00041527204257620255,1.3909204055584983,0.0,0.0,274.0391058589555,-0.00026372357108498697,8.583068797918258e-07
2017-05-05,-0.021666291701254874,0.0005188920235229751,1.3290951256473638,0.0,0.006855036979172863,276.1206710298183,-0.0006266782575913069,0.0
2017-05-06,-0.02286217862603355,0.0009207108431616746,1.2519524353372176,0.0,0.014475815440133466,279.21976431794536,-0.000590800418186996,0.00023746028910371974
2017-05-07,-0.01620331158240636,0.0012737830816689187,1.1745695124911724,0.0,0.013098405263686585,278.03759293996234,-0.000383227526889009,0.0006844705634109675
2017-05-08,-0.008337532943588194,0.0007242033373838091,1.1143419513594635,7.196924107222909e-05,0.008012470089446354,275.43153248443895,-0.00013840408985224146,0.0012382461694674305
2017-05-09,-0.006491046840861693,0.0012154991680619405,1.0726775835687383,2.5567772277330953e-05,0.007468711374338064,274.86643049452044,-8.68320549275242e-05,0.004020616137180334
2017-05-10,-0.015154730760108282,0.0007320428635440978,1.032782890477872,0.0002918216257782306,0.004980299411352071,274.66916883148946,-0.0005448530454420101,0.002005793000996341
2017-05-11,-0.0212624839133462,0.0012792378327267319,0.9908971409339691,0.0,0.009250986184609138,276.3469452615512,-0.0005702474338691788,0.0002437599124139031
2017-05-12,-0.024398197056883477,0.0017175518691876514,0.9368029808145009,0.0,0.012279133233478517,278.15090676934483,-0.0009033942100523557,4.262540476938796e-06
2017-05-13,-0.02448319690038929,0.0023564551509706318,0.8808127078183852,0.0,0.012668051457000994,279.08813179145426,-0.0010243448570875801,0.0012400819082936862
2017-05-14,-0.019886433320530392,0.0005356196293049613,0.8429534394862289,0.00022451291229091797,0.0008243323214310038,273.6356318594148,-0.0014555974847684475,0.001731895878490082
2017-05-15,-0.02156540553616939,0.0007077489195570434,0.8239352985963984,1.0464487776244429e-07,0.003983224179111632,275.86626417803006,-0.001092692295163028,0.0010671548250704836
2017-05-16,-0.009726804233877,0.0007171167828942423,0.800227450785664,0.001379169102779216,0.0034048910236964794,274.16162170798094,-0.0005319245517422251,0.0031580514489812903
2017-05-17,-0.008852517158634918,0.0011004659078888974,0.7892330765948682,0.0064867758060579254,0.0013297195151700813,272.94769824830826,-0.0006994659786170485,0.011371763580936495
2017-05-18,-0.006026712977616801,0.0006352565382833535,0.9564402089954097,0.02360220276619082,6.434195122476352e-05,270.54605157496565,-0.0009943337237599205,0.025483157910039706
2017-05-19,-0.008578393881940573,0.0006420966763954379,1.013092788150306,0.0038373647099834377,0.0,269.36703005932594,-0.0006405289816317586,0.004566988298443492
2017-05-20,-0.013065751747222945,0.0006804158121852551,1.0305720614848164,0.0017955565225269835,0.0,270.78492639114177,-0.0005395033286284592,0.0037267475815178147
2017-05-21,-0.010333116781913627,0.0007289319725359899,1.02908974627766,0.002439356624743359,0.0003879130686407036,272.32930712152114,-0.00042004750694258746,0.004979995179311031
2017-05-22,-0.007811366585688404,0.0008058647314707439,1.0338992246351224,0.005122315454280983,0.0011686614088419467,272.3497395308903,-0.0005043478903629012,0.00960775603682308
2017-05-23,-0.018027763624312517,0.0007740499104483654,1.0374277693179144,0.00013490026490499746,1.617678898875996e-05,272.3624444950772,-0.0011567625895900241,0.0007104559638405924
2017-05-24,-0.022277572060708947,0.0018034456981777473,1.005878915445504,0.0,0.00840566197862733,278.2733631600993,-0.0005564936199935817,0.0002751633944921976
2017-05-25,-0.016559982872278677,0.0009076852919691702,0.9549958252412901,0.0008558001221910035,0.002688950885318767,274.3244845970427,-0.0009289660812013568,0.0022232888506543104
2017-05-26,-0.009031362579030507,0.0008528159331467192,0.9621685480667374,0.006042512565177713,0.00013107366565257144,271.832093574682,-0.0008270277794303194,0.00736723419299907
2017-05-27,-0.012134943094293952,0.0009201779372274541,0.9950229335863937,0.003090815776485508,0.0007378434141476949,272.4617927860181,-0.0006445387252053973,0.006273056844528526
2017-05-28,-0.011424249216998366,0.002268963446051388,0.9756160527748353,8.43706903821331e-05,0.00545738972092079,275.4000255203966,-0.000305054982924192,0.007721266720589789
2017-05-29,-0.017979424930898484,0.0014286488294601443,0.9402896859551555,0.0,0.005536312395233219,275.76875354386095,-0.000675235306686264,0.00046719469256178135
2017-05-30,-0.020763957609901323,0.0021046027962097346,0.9055697626088749,0.0,0.007003728321379862,275.98369958665637,-0.0007638171273099501,0.0007013490307347789
2017-05-31,-0.022450946481887904,0.0033905834464703576,0.8608090388123825,0.0,0.014140255159914157,278.20351179306124,-0.0005628408727336064,5.906062611078812e-05
2017-06-01,-0.02321800257021425,0.004976622128890732,0.8034576013712336,0.0,0.01836905243285632,279.76442360384095,-0.00047803269225662044,0.00030980302108796963
2017-06-02,-0.017381434260451863,0.005211640885994259,0.7446698262417608,0.0,0.01614225215915233,278.945115403716,-0.0003711872676250625,0.001360090304126901
2017-06-03,-0.021202406851248554,0.005992246718056458,0.6955219275982816,0.0,0.018789272671197097,279.60459779570556,-0.00020241485329839472,2.2810007173785963e-05
2017-06-04,-0.02465305174306288,0.010238686018744432,0.6346442443502825,0.0,0.023149831399405747,281.21018468637703,-0.0003086463521934499,4.699863278426684e-05
2017-06-05,-0.019819262548018312,0.015337191395840402,0.5651356612670669,0.0,0.023215494755297734,282.40164566399244,-0.00012065580714557132,0.003984361594608681
2017-06-06,-0.009234070483237338,0.021373594632256503,0.49884021708745296,0.0,0.024223815607654176,279.17435598642817,0.0007335362103530917,0.0027084211170660443
2017-06-07,-0.018167554111467244,0.024271166594015004,0.4380239138270952,0.0,0.02479864703228245,281.99760304107957,-9.85169804281434e-05,0.005044465482503493
2017-06-08,-0.02609718679371527,0.013859389023592244,0.37355400703272135,0.0,0.021813253814217736,283.65887314316916,-0.0007585426792502403,0.00036279249316888997
2017-06-09,-0.03457559847225577,0.012177110896945674,0.32011594610699157,0.0,0.01580164101669344,285.6370137173353,-0.0018682614663394835,0.00010098463818230092
2017-06-10,-0.024458919288748403,0.009480852528480488,0.2838909486817326,0.0,0.00908606446816423,280.78520839137997,-0.0016475447669288535,0.0033612441881447053
2017-06-11,-0.021787854237745038,0.008735801877275027,0.2628109459598635,0.0,0.006910029735605596,279.17828800539064,-0.001343560231439138,0.0029803591932954093
2017-06-12,-0.01450186660565899,0.015534525537221447,0.2387122892390537,0.0,0.013640843437048002,281.36557925667915,-0.0009497682916495087,0.008952635021430679
2017-06-13,-0.027884801481403203,0.013827243346278951,0.20881035009121943,0.0008033560746807164,0.0033378689260469318,277.51632660616144,-0.002111308587094148,0.006696941253132901
2017-06-14,-0.019096485933678298,0.011185385413089041,0.20818712482344634,0.000454215069780242,0.0032627155509708967,276.71597386663694,-0.00201462872726264,0.006432981881627229
2017-06-15,-0.029211496439694017,0.009683548478083422,0.19544583480461394,0.0,0.0040264213615554875,279.4268305503716,-0.0018613798449100077,6.321032168004135e-05
2017-06-16,-0.0198632906806671,0.01027683172859041,0.17913186168491055,0.0,0.0064445380437172075,280.3495795147567,-0.0016620111478082204,0.004333999054048976
2017-06-17,-0.016910314433655496,0.011117157710474092,0.1607610842602401,0.0,0.0066322529172829995,278.3492517094154,-0.0018013288703678692,0.011113824160757638
2017-06-18,-0.020132736213463176,0.010786192481127162,0.14866761748175614,0.0,0.003400278714417064,278.1223846622331,-0.0015033144388074257,0.0033800212171791635
2017-06-19,-0.022245108323582154,0.011469548031435173,0.13314698644950568,0.0,0.008280712164054484,280.5754968208558,-0.0015427260265006859,0.0014058072590495932
2017-06-20,-0.02770674136062127,0.012727274817261993,0.1101722501765537,0.0,0.011545736237434344,284.5766831414174,-0.0015258395170929743,0.00019896434513943322
2017-06-21,-0.028314068155773614,0.013337826156346813,0.08127101172610642,0.0,0.011117754661935871,285.20432523594513,-0.001521702566431404,0.0005350301494706148
2017-06-22,-0.028143746452142966,0.01626440360721222,0.057599256267655365,0.0,0.0066120047437942635,282.39094297764666,-0.0021514114160827327,0.0014045537190117807
2017-06-23,-0.025863335630988,0.009676900034570427,0.05005043733815914,0.0006480907947666902,0.0022006147241188313,276.7485789103248,-0.0022035663800135173,0.0018334113608596118
2017-06-24,-0.020727740000870267,0.008750315271528428,0.04446922632709511,0.0,0.002677628675759849,277.28102670730624,-0.0021206244489567426,0.004581320920741126
2017-06-25,-0.025191976483595575,0.007812782869500629,0.035726831008709985,0.0,0.003779692164922165,279.2442265706323,-0.0022708669220660367,0.0014743877892728293
2017-06-26,-0.029502156469444773,0.0073471819445238284,0.024848550052966104,0.0,0.0044916288790393015,282.92999168439104,-0.0023253555435918823,2.0960473327152303e-05
2017-06-27,-0.0273270961844315,0.006990881036903899,0.014579011446563091,0.0,0.003154718816953864,285.502437451465,-0.0027649582568871774,0.004250114499512366
2017-06-28,-0.024936961378418124,0.0060465669227858735,0.008380782132768362,0.0,0.0016410322596797837,281.6372505985411,-0.002705778631955217,0.003054018135180343
2017-06-29,-0.015042267655585445,0.005991871579218719,0.006052250691501884,0.00043978404232674403,0.0008298492238009718,279.1383094105119,-0.00271811779841023,0.010497508447274997
2017-06-30,-0.017708521273176552,0.005870916159813014,0.0060956994467984945,-1.9994495952196718e-10,0.0007920784844180285,277.8187212180733,-0.002645606364486581,0.007253541700584067
2017-07-01,-0.02793917320879166,0.00519758041969127,0.003782570474340867,0.0,0.0007843254397144425,282.1984534039111,-0.0026082079015714303,0.0011477596723041175
2017-07-02,-0.02896428482849046,0.004997233044629718,0.001599557880178908,0.0,0.000472097157758508,284.9100358715165,-0.002714857880005055,0.0027307612074297027
2017-07-03,-0.03171541634420891,0.004737644882525428,0.0008561014006591339,0.0,0.0002403191927462648,285.60264767361224,-0.0029774303258643985,0.0007901870261477886
2017-07-04,-0.03268532231871018,0.004524034800502541,0.00045057968455743883,0.0,0.00010846037480790737,286.8684339936395,-0.0029847847329357927,0.0018651785150086142
2017-07-05,-0.036216223307248566,0.0042988001290014234,-7.3453647229951e-24,0.0,4.663587795139033e-05,289.1066536086203,-0.0031244577629502214,0.001148921541133754
2017-07-06,-0.03154850208153159,0.004125858851745304,-7.3453647229951e-24,0.0,1.753435212340059e-05,288.5044546684079,-0.003082654812494241,0.003362531496991465
2017-07-07,-0.02810500692681404,0.003955686412288644,-7.3453647229951e-24,0.0,5.497854981718765e-06,287.1334454164667,-0.0028010827178756395,0.004569005713613101
2017-07-08,-0.02756737273628429,0.0037433027716006267,-7.3453647229951e-24,0.0,2.048215118505187e-06,287.2647123821711,-0.0030248680357205667,0.0024003272855768467
2017-07-09,-0.03452756836757822,0.0035796544309389796,-7.3453647229951e-24,0.0,7.545080898845264e-07,289.48139946788496,-0.0032320421157499496,0.0022893383004571085
2017-07-10,-0.0304065986541705,0.003436780245290638,-7.3453647229951e-24,0.0,2.4132304272409217e-07,288.19148316176825,-0.003424488471052742,0.0031947182059961525
2017-07-11,-0.033775502384382455,0.0032732640787706537,-7.3453647229951e-24,0.0,8.044101424136405e-08,287.62519880607306,-0.002853795549290329,0.0009128763008698502
2017-07-12,-0.025795934858631957,0.0031622335904062135,-7.3453647229951e-24,0.0,3.0938851631293866e-08,285.5541617039683,-0.0030306587784977284,0.002593574331894066
2017-07-13,-0.032365986814269915,0.003020406527034307,-7.3453647229951e-24,0.0,1.2375540652517547e-08,287.8264736132433,-0.0028495062774015686,0.0002026891393441829
2017-07-14,-0.03667878372184301,0.0029112473551162893,-7.3453647229951e-24,0.0,4.125180217505848e-09,289.426618493434,-0.002742887932365224,0.001032296847991907
2017-07-15,-0.030028392450284155,0.003089761498284205,-7.3453647229951e-24,0.0,0.0,288.3475087519644,-0.0032068696451810126,0.008131825922646387
2017-07-16,-0.03308931283526502,0.002713339392748256,-7.3453647229951e-24,0.0,0.0,289.49448213379713,-0.0033232602054032233,0.0022735496862513324
2017-07-17,-0.03675183371803855,0.002593350612511069,-7.3453647229951e-24,0.0,0.0,288.9066459023571,-0.003128580075536071,9.000025226074085e-05
2017-07-18,-0.03545591790797347,0.0025021305865487137,-7.3453647229951e-24,0.0,0.0,287.8736986961293,-0.0027388295969047113,0.00018178729614947326
2017-07-19,-0.037715067171444336,0.0024155172924537447,-7.3453647229951e-24,0.0,0.0,289.16673323708517,-0.0029236010596745436,0.00016037740949857035
2017-07-20,-0.039285010916028325,0.0023384868761913927,-7.3453647229951e-24,0.0,0.0,290.2766082066825,-0.0029522546456526907,0.0008217886335564722
2017-07-21,-0.03612738536239345,0.002256495804436463,-7.3453647229951e-24,0.0,0.0,288.83990219892087,-0.0025631539144758456,0.00014529591899807172
2017-07-22,-0.036480953422306624,0.002182032934016427,-7.3453647229951e-24,0.0,0.0,287.521203980383,-0.0025421930003469277,6.012125193606641e-05
2017-07-23,-0.03738269273002269,0.002110669673499415,-7.3453647229951e-24,0.0,0.0,287.9684389584931,-0.0024516497144086214,2.362465454360186e-06
2017-07-24,-0.03882779740849457,0.0020422457301684017,-7.3453647229951e-24,0.0,0.0,289.8055329978354,-0.0024303668047075217,1.5616787253180252e-05
2017-07-25,-0.02253662386519761,0.0020504887663038438,-7.3453647229951e-24,0.0,0.0,287.1403532513117,-0.0022065298537076532,0.007748553594524633
2017-07-26,-0.016962187775110795,0.0019990164512968334,-7.3453647229951e-24,0.0,0.0,284.9851058665418,-0.0035803945850854542,0.008254461453345671
2017-07-27,-0.02247745185922095,0.0028661052554340687,-7.3453647229951e-24,0.0,0.0,286.24402556266716,-0.003345987186004213,0.012115233193683085
2017-07-28,-0.02553398928231439,0.002214949851655691,-7.3453647229951e-24,0.0,0.0,285.7769697192923,-0.0032380150031235265,0.007375581402460788
2017-07-29,-0.021191823996056274,0.0018630617082455738,-7.3453647229951e-24,0.0,0.0,285.36360122838715,-0.0032534154584515566,0.008243953255576171
2017-07-30,-0.02717466812349309,0.0021006234284848143,-7.3453647229951e-24,0.0,0.0,285.7000800095036,-0.0028697483578307486,0.003865348854975926
2017-07-31,-0.030661840433791537,0.0017151931921641033,-7.3453647229951e-24,0.0,0.0,286.6446362080547,-0.0027248539283113967,0.00316724982638675
2017-08-01,-0.03102652332877035,0.0016444015637629452,-7.3453647229951e-24,0.0,0.0,287.1286260960466,-0.0026605585537387826,0.0007289245386233609
2017-08-02,-0.02414832870333882,0.0016253391901652021,-7.3453647229951e-24,0.0,0.0,285.05153173241916,-0.002735793527405141,0.002979305874727594
2017-08-03,-0.016785437020204835,0.0015702008527550995,-7.3453647229951e-24,0.0,0.0,282.07721747921016,-0.0017243429681675583,0.0006304100576717403
2017-08-04,-0.027316020664858956,0.0015459377213386492,-7.3453647229951e-24,0.0,0.0,284.72020422222477,-0.0023025683322026908,0.001431582085156845
2017-08-05,-0.014920811868656828,0.002550110726033227,-7.3453647229951e-24,0.0,0.0,282.6774479709776,-0.0037175397688554504,0.01994194721771499
2017-08-06,-0.010642920299775182,0.0017604959213127528,-7.3453647229951e-24,0.0,0.0,280.92110820992974,-0.0030336095767337723,0.010717150703656886
2017-08-07,-0.021755855888296656,0.0014629545016477338,-7.3453647229951e-24,0.0,0.0,280.97194716171583,-0.0027125661424492716,0.001575884088284552
2017-08-08,-0.023349482966008157,0.001547562453032887,-7.3453647229951e-24,0.0,0.0,282.7554729626902,-0.0023591819056178217,0.006357455994449766
2017-08-09,-0.02061423183666111,0.0014453201980914102,-7.3453647229951e-24,0.0,0.0,281.9300133189688,-0.0023200982697518533,0.003337543428178615
2017-08-10,-0.018602302308473213,0.00272760418175304,-7.3453647229951e-24,0.0,0.0,281.23709690144284,-0.0025388434960764684,0.009701360684663745
2017-08-11,-0.023508879256113776,0.00182148814201355,-7.3453647229951e-24,0.0,0.0,282.63440715840085,-0.002493402873307972,0.0046868884967545335
2017-08-12,-0.021366885237101108,0.0013923677010724775,-7.3453647229951e-24,0.0,0.0,282.7188045480157,-0.0026023215219631033,0.0038851127449402033
2017-08-13,-0.02406491031922863,0.0016694910782205183,-7.3453647229951e-24,0.0,0.0,283.5095470521859,-0.002309815642439713,0.004348452751166296
2017-08-14,-0.019596604598780813,0.0013428940779745243,-7.3453647229951e-24,0.0,0.0,283.6652035650336,-0.002436768984432611,0.003152339471935553
2017-08-15,-0.008956581943452694,0.0014149139156449315,-7.3453647229951e-24,0.0,0.0,280.82847525530167,-0.003048512258561655,0.00862168851541891
2017-08-16,-0.02363467523775532,0.0013076379305898807,-7.3453647229951e-24,0.0,0.0,280.860485234952,-0.002520998945133498,0.0024737289599951803
2017-08-17,-0.02609902270938044,0.001317500983927883,-7.3453647229951e-24,0.0,0.0,283.1385941155213,-0.0022013685376630664,0.0033191960578129657
2017-08-18,-0.028601514417572884,0.0012561192283522613,-7.3453647229951e-24,0.0,0.0,283.97174865018627,-0.0024018458874717273,2.0234666690825603e-05
2017-08-19,-0.03198223447395584,0.0012459125222459354,-7.3453647229951e-24,0.0,0.0,286.1604705674051,-0.0023565126509316222,0.00032433934804409917
2017-08-20,-0.0314546671122481,0.0012318299146695326,-7.3453647229951e-24,0.0,0.0,284.93978263294633,-0.0024496408621385948,0.0001701547601128702
2017-08-21,-0.02799775476677943,0.0012351502638078679,-7.3453647229951e-24,0.0,0.0,284.139617851674,-0.0024515102107056795,0.0016801582385241511
2017-08-22,-0.02893084325527741,0.0012055089918233581,-7.3453647229951e-24,0.0,0.0,284.30671497208476,-0.002201022432938134,0.0
2017-08-23,-0.030807147970644096,0.00119491106709518,-7.3453647229951e-24,0.0,0.0,286.0635662294377,-0.002294183440380177,0.00023593774623116535
2017-08-24,-0.027953454877360395,0.0011840557816338406,-7.3453647229951e-24,0.0,0.0,285.9953904879295,-0.0021778482438649166,0.0004468865818896536
2017-08-25,-0.027283689649091603,0.0011708775987732884,-7.3453647229951e-24,0.0,0.0,285.40355986974106,-0.002056684792252247,0.0003814634460837691
2017-08-26,-0.029961718719894604,0.0011609368405099644,-7.3453647229951e-24,0.0,0.0,285.4449880783167,-0.0022680335388766174,0.0006987435669548769
2017-08-27,-0.030597923797065933,0.0011426144737308307,-7.3453647229951e-24,0.0,0.0,285.25231110668005,-0.0020972684362513872,1.6156562963380622e-06
2017-08-28,-0.03128115424496979,0.0011300535525305799,-7.3453647229951e-24,0.0,0.0,287.0492074970023,-0.002124416505086557,5.673237372591777e-05
2017-08-29,-0.027335517655658184,0.001153635271524979,-7.3453647229951e-24,0.0,0.0,287.44193203884777,-0.0023787482089157835,0.0035719053394334386
2017-08-30,-0.02782648300888848,0.0011092991815448482,-7.3453647229951e-24,0.0,0.0,287.0728222151934,-0.0022478836699057433,0.0006472079262093704
2017-08-31,-0.026612131398613174,0.0011165154687428878,-7.3453647229951e-24,0.0,0.0,286.63814408900373,-0.001970028578393203,0.0024419922781529404
2017-09-01,-0.026200897528626827,0.0010941835109796903,-7.3453647229951e-24,0.0,0.0,284.99335066297857,-0.0023672397927207464,0.0013079553169045746
2017-09-02,-0.030053584462842026,0.0010667045911153157,-7.3453647229951e-24,0.0,0.0,286.10867163016974,-0.00204433775954159,5.7882070450432366e-05
2017-09-03,-0.03196612488752031,0.0010532371405154299,-7.3453647229951e-24,0.0,0.0,288.1672826899872,-0.0020478455728646055,5.684341886080802e-14
2017-09-04,-0.024295332489040613,0.0010406632544630666,-7.3453647229951e-24,0.0,0.0,285.6914129023723,-0.0017151445213515878,5.122380483944756e-05
2017-09-05,-0.02510387075822906,0.0010278794051563674,-7.3453647229951e-24,0.0,0.0,281.10184841910325,-0.0014864565162672162,3.7545201418864428e-06
2017-09-06,-0.02588959341332064,0.0010154284326370153,-7.3453647229951e-24,0.0,0.0,282.7452347319005,-0.0016127969427718284,8.70227722771233e-07
2017-09-07,-0.027297537079301937,0.0010029066585551549,-7.3453647229951e-24,0.0,0.0,284.0507006564383,-0.0016579852455248269,1.925095235533443e-06
2017-09-08,-0.029215907478063123,0.0009903803383563199,-7.3453647229951e-24,0.0,0.0,284.62335072174363,-0.0016938080474481747,8.324546327624614e-06
2017-09-09,-0.028978827435754785,0.000978185042823102,-7.3453647229951e-24,0.0,0.0,286.2049250019023,-0.0016730551813113486,6.75579922347419e-05
2017-09-10,-0.01989529972190911,0.0009813453518064683,-7.3453647229951e-24,0.0,0.0,286.2516130889203,-0.0017595327706576066,0.002145332805180954
2017-09-11,-0.02572903521148499,0.0009572436917299606,-7.3453647229951e-24,0.0,0.0,286.01423850122376,-0.0017258413083388307,0.0005298602965574202
2017-09-12,-0.027639964121883197,0.0009421611067938941,-7.3453647229951e-24,0.0,0.0,286.5308638283538,-0.0015701098883219358,6.631092499878447e-05
2017-09-13,-0.02486784255268884,0.0009465770701230583,-7.3453647229951e-24,0.0,0.0,285.68373913953536,-0.0017999558167605752,0.0022283844691885395
2017-09-14,-0.015666568094054187,0.0009315350634903558,-7.3453647229951e-24,0.0,0.0,282.40009958012183,-0.0015786970244710055,0.0020775219809468577
2017-09-15,-0.0032237892349561057,0.0011465822236012603,0.004377979343220339,0.002966591025476402,0.0002888510961317074,277.07612581845734,-0.0021787638076196957,0.023903557405628467
2017-09-16,-0.004086271096757577,0.0009201546173311224,0.05807926156426554,0.01013982641158131,0.0007862808803717297,272.5266063711738,-0.0010578395472576388,0.012112579641940286
2017-09-17,-0.013636847758023752,0.0009148761545870937,0.0818082590336629,0.0008441980949229442,0.0019172269030142642,273.0315978630339,-0.0014398845891326162,0.0009007038032941226
2017-09-18,-0.017174684479411714,0.0009165602383640527,0.06391265926612524,0.0,0.00269898929038627,276.180559302005,-0.0014478789674023452,3.046925322106717e-06
2017-09-19,-0.008643200084314509,0.0009669665731279189,0.04969618055555556,0.004940005608618596,0.001215649284632866,276.1142523814056,-0.0014083841868207955,0.011550015728682918
2017-09-20,-0.01736250124071951,0.000860990272403437,0.07162216962394068,0.00012296873886706466,0.00017947648878151415,271.66745234343966,-0.0014815102778585616,0.0001358085096219165
2017-09-21,-0.010227290250487247,0.0009080108444569475,0.06485289952624765,0.0003129517459599986,0.0023795924975542025,275.6732148064508,-0.0011879580232214795,0.0028049838071489068
2017-09-22,-0.004084393971383909,0.001201437691510734,0.06173217543549906,0.004017903937795068,0.0028745383550386645,274.1879579181276,-0.0008567251149291373,0.0121419745770279
2017-09-23,-0.00308418930587122,0.000863695548752607,0.0855991054613936,0.005666432134007331,0.0011251215944014029,273.2029418801633,-0.0005774995217383919,0.0069211677642865375
2017-09-24,-0.004975629181174909,0.0008370347615689209,0.10142640654425614,0.0021892069591640754,0.000521908466846256,271.83156578509374,-0.0008016334436202454,0.002592765510362151
2017-09-25,-0.004724344754286405,0.0008401044007748535,0.11786015110051792,0.004872183867935408,0.00048307742986638673,271.4996342991256,-0.0007187334852198423,0.006222824120823327
2017-09-26,-0.006887616116111562,0.0008678814280504562,0.1341095258062618,0.0010907608321157555,0.0022453725295888505,271.0676646834265,-0.0008402271880268377,0.002419983010507573
2017-09-27,-0.00892216804842491,0.0008788342866520424,0.11680933490760359,4.8488757367861474e-05,0.0032140871688807753,272.5077708292816,-0.0009690958659275104,0.0014751652876536054
2017-09-28,-0.012096081244743477,0.0008596199548850626,0.09263044741643128,0.0,0.0031331497649688513,274.31108486585026,-0.0010671007873143182,6.683140031011628e-05
2017-09-29,-0.010200986375579727,0.000888916058728924,0.07058054893479285,0.0,0.0033970117400595025,275.39943465539966,-0.0008518471629858691,0.0016867623306285366
2017-09-30,-0.012238723452145097,0.0008503333323419431,0.048688583230343696,2.315101650475109e-05,0.002346337536128901,276.65761078010166,-0.0013546105632084911,0.0009190996656878522
2017-10-01,-0.005526952361319699,0.0008032289938738117,0.052939664621586634,0.007800910369319431,2.4668861832995873e-05,273.5258282735074,-0.0008570688571465217,0.009647323923595883
2017-10-02,-0.0034999645362466074,0.0007843945996235994,0.1331200896009887,0.010320757489419928,7.434281925697112e-05,268.20348678919333,-0.0004361885794475254,0.010657108883232453
2017-10-03,-0.005079700406325066,0.000779339991046884,0.18389306364759886,0.0030434585392138383,0.0,267.02481210209334,-0.0005505710871795477,0.003099147141910435
2017-10-04,-0.008578019500788996,0.0008676760109130947,0.17039406411840868,2.0928975552488858e-07,0.005119031810827849,270.8637007266115,-0.000604156999306827,2.2163252642815673e-06
2017-10-05,-0.009967995818051915,0.0008072043206058654,0.13539643655838043,0.0,0.0019052208396001054,272.4596471696699,-0.0008849344705626118,4.2846300378336164e-07
2017-10-06,-0.008427363499409736,0.000788947283211401,0.12205238126765537,0.0003048105765197237,0.0010711562288346266,272.17797257087557,-0.0008638835812019089,0.0005275939817432732
2017-10-07,-0.01244892832417946,0.0008135737672363973,0.11090490193914783,0.0,0.0025856862276119027,275.1447429549223,-0.0010758171931414282,5.597381263543648e-06
2017-10-08,-0.0045190134038359435,0.0007713343632423272,0.1424930665901601,0.01368021493577688,0.00010542352657533635,270.1939859982938,-0.0005904509091360421,0.01476747416887972
2017-10-09,-0.007046608222743213,0.0007646579695286724,0.19860518001118174,0.0007204977890192453,0.00026738092219088714,264.6931632270023,-0.0007195309078120917,0.0007225267234367524
2017-10-10,-0.009950992204038438,0.0007850179227731997,0.18807104078389833,0.0,0.0015517230971721606,269.4657467125499,-0.0009845104699922821,4.351138045421976e-07
2017-10-11,-0.01292344847809797,0.0007888070270840058,0.1699618754413842,0.0,0.0018862072315256474,273.68654923160653,-0.0013415050182470495,0.0
2017-10-12,-0.009145838182188025,0.0007599361535519531,0.15553068171786727,0.001072119437368576,0.00043092690155667777,270.5531899511477,-0.0009858839918917182,0.0012011153612319773
2017-10-13,-0.01054411107874186,0.0007574522899369063,0.15385755980755653,9.871366838950896e-06,0.0004630129637017762,266.81655114384023,-0.0008369419818459932,1.2646954284736944e-05
2017-10-14,-0.007359642640682265,0.0007469008366266886,0.15774174059851695,0.0025232300414877425,0.0,266.87252987935267,-0.000642309186317153,0.0025294538608328873
2017-10-15,-0.00885751275187832,0.0007564273089338831,0.16465813875647367,0.0,0.0006640593358183985,269.108643709603,-0.000662409968800464,0.0
2017-10-16,-0.01241127902505088,0.0007909866376111737,0.15096442443502828,0.0,0.0027039112196972142,273.70267638872804,-0.0007359619110317555,4.351138045421976e-07
2017-10-17,-0.013930276246730891,0.0007806054111254418,0.1290060212158663,0.0,0.002206745478561369,274.51778828177305,-0.0009727076032740922,1.2904405934932583e-06
2017-10-18,-0.01702985558974541,0.0007588782552945413,0.11065110603519304,0.0,0.0011413639653368858,276.0319840885601,-0.0014529639886597457,1.7367148075209116e-06
2017-10-19,-0.014810544664913652,0.0007914932770917645,0.09507806063147364,0.0,0.0029960999654679646,277.23391659695324,-0.0011633757849113418,8.52346317969932e-07
2017-10-20,-0.015690083810165106,0.0007652973724623858,0.07530542865760359,0.0,0.0016536251405033014,277.02786848280164,-0.0012647944770879666,0.00013018546804869916
2017-10-21,-0.012651822492901216,0.0007312644672932599,0.06351817215454332,0.00015652093425982418,0.0,269.3465438526678,-0.0008247494171399856,0.0002973676064138897
2017-10-22,-0.011447931876627068,0.0007311373443926795,0.061074237141007535,2.7960724076308774e-07,0.00018959718698498894,272.0730278388704,-0.0006946573444342209,2.7179154236199987e-07
2017-10-23,-0.01370949239212241,0.0007330491549551151,0.06453634430908663,0.0015775314874231481,0.0,270.72984722015326,-0.0009750494323039461,0.0025183912386652304
2017-10-24,-0.010988242419089302,0.0007387466181469504,0.06422806504531545,1.5341040104795985e-07,0.0007847024832910064,271.74342389295333,-0.0006016657535134063,1.2956769103247442e-06
2017-10-25,-0.014428363386857308,0.0007536769081643746,0.05613441251765537,0.0,0.0016767797349704862,276.9667664687737,-0.0009985921304609816,0.0
2017-10-26,-0.009630325360823486,0.0007218596457088062,0.059790314927613,0.003547456304905778,0.0,269.6763670179579,-0.0006371182678951383,0.0037739512610570187
2017-10-27,-0.006798348857858088,0.0007216833573950213,0.06998284118997175,2.962536057509945e-05,0.00016010876766032418,267.6471260702991,-0.0003655510244228073,3.2207841151231884e-05
2017-10-28,-0.009724797880918967,0.0007296186887611777,0.06735729497704802,0.0002798107636850433,0.0006925628578427149,273.1352348938276,-0.00047058393221117013,0.000284470255760564
2017-10-29,-0.003592802432634063,0.0007202347456398658,0.0620606848075565,0.0010644082127317872,0.00025459990368387794,272.3569335793821,-0.00023514350171143056,0.0011014130855849724
2017-10-30,-0.0073144826090942,0.0007137611592556798,0.07175481476577214,0.0008703964199386749,0.0,264.6657147488352,-0.00039075316050968603,0.0008754978549783082
2017-10-31,-0.009528613907132446,0.0007151775272552577,0.07119457869879943,0.00015887218174961328,0.00017532522100850015,265.50546476216863,-0.00046015767601587007,0.00016059877167480806
2017-11-01,-0.004391959073853358,0.0007108267249360597,0.12968993680849814,0.019689529713264296,0.0,269.78205473229934,-0.00031583029566343223,0.01986017877094657
2017-11-02,-0.0019718433840800144,0.0007089474948786074,0.2588099822710687,0.009288429540429412,0.0,265.60984966400207,-0.00022075278947582353,0.009345460678893035
2017-11-03,-0.004499377125063858,0.0007179558782254236,0.2588823968632298,9.058227520541283e-05,0.0006184299386995661,270.05096362988604,-0.00022268045356886538,9.675138750992253e-05
2017-11-04,-0.0011348863695300907,0.0007057131852133801,0.26724616731403017,0.008298950006732832,0.0,268.65633776677305,-0.00020937068061640035,0.008308407399596424
2017-11-05,-0.003918994239157877,0.0007040845809009789,0.3197922643744115,0.001362362360886935,0.0,263.2636108254758,-0.00025574867692539245,0.0013674670931502753
2017-11-06,-0.0023355901578051897,0.0007024112731049964,0.3170011990936912,0.001453332329368861,0.0,260.84399883895276,-0.00019391074692462124,0.0014584504652696828
2017-11-07,-0.00425363491989125,0.0007007164133470611,0.3279732741878531,0.00022535133412328816,0.0,258.12104338665694,-0.00021854257684642987,0.0002273929148709303
2017-11-08,-0.006675642257356374,0.0007002486684228068,0.3230168976577213,7.031748523819918e-08,7.470890795443691e-05,264.6143403493303,-0.00036991490735172554,7.610536564541403e-08
2017-11-09,-0.006324348771302715,0.0007005867648259395,0.3142807093043785,2.4394505778274972e-05,0.0001963076976227895,267.13458185501247,-0.00041348100929273726,0.00015505872203307975
2017-11-10,-0.0066631092863567816,0.0006955016804280256,0.3047989954831686,3.728962971665766e-05,0.0,269.36894165369523,-0.00044053518818428297,7.006180825206519e-05
2017-11-11,-0.0019927005478217776,0.0006937309678664989,0.3034573714836394,0.002608408698927885,0.0,265.98019116432204,-0.00014552592936545444,0.002672431089497217
2017-11-12,-0.006088712205321102,0.0006918990511005208,0.31806442921669026,2.597453398893109e-06,0.0,265.83273680376243,-0.0002849048298210074,3.462238398029091e-06
2017-11-13,-0.00791860990605112,0.000700304653011473,0.30889812117467047,0.0,0.0006103455220575387,270.2048508272333,-0.0004975189596919691,0.0
2017-11-14,-0.005167434570816277,0.0006881825162866022,0.3015610287193974,0.005372044814508515,0.0,269.32226855247484,-0.00048057426630103656,0.0055032163690038995
2017-11-15,-0.005610459731460292,0.0006862712950356263,0.3295937518391008,8.135884579292126e-05,0.0,264.82662305454755,-0.0002905033255195887,8.295622912374573e-05
2017-11-16,-0.0068098442618456274,0.000688145473851996,0.3213253847398776,5.347142785282459e-05,0.00017457211253333227,270.35245979797594,-0.00041811509678761166,0.00016101852992246395
2017-11-17,-0.001792013939827849,0.0006824211548950713,0.3622416982991996,0.01551734266729005,0.0,269.3810364531034,-0.0003178513182674424,0.016032278362672195
2017-11-18,-0.004292635931133551,0.0006803577229128046,0.4527252254737524,0.0013038202446732819,0.0,262.1423923937839,-0.0003048290819518984,0.0013062707400350434
2017-11-19,-0.005678951613983867,0.0006783706488582375,0.4436354700005885,0.0,0.0,265.72843087909365,-0.00026498391361391477,1.295710596633979e-06
2017-11-20,-0.007567879801752878,0.0006763239701588949,0.4313194720309558,2.975980777524959e-06,0.0,269.21972281964264,-0.0005518086412447995,4.3924750581299525e-06
2017-11-21,-0.004510036717026921,0.0006742658419797649,0.43323581501588987,0.0024283383736165907,0.0,268.37375202645916,-0.00028542025109468887,0.002548555987600607
2017-11-22,-0.003466396134788707,0.000699473639666024,0.424539167328743,0.00018501965760511194,0.0014791502538373915,273.0055711749808,-9.077753724351442e-05,0.0010006650019500217
2017-11-23,-0.005337916819726007,0.0006890838260704516,0.39886394148717047,0.0,0.0011004257820925471,274.62041333660125,-0.0002602294434682798,2.062894811219823e-05
2017-11-24,-0.009942885467224875,0.0006679410988328147,0.37983384644244356,0.0017464629421799869,0.0,272.78349515767644,-0.0008651102119583195,0.002078859275126251
2017-11-25,-0.004818949869460306,0.0006657754634059756,0.3775135909545669,3.190868991916463e-06,0.0,268.0180395596894,-0.0002628927892547543,3.6187596126599268e-06
2017-11-26,-0.005559578748409358,0.0006780951036571783,0.3693985588806497,0.0,0.0008466345715825841,272.3878119445341,-0.00031982118653207177,0.0
2017-11-27,-0.006629570518846566,0.0006655615433461249,0.35430827742467047,0.0023339218802034523,6.670382736766406e-05,273.6300759324471,-0.0006243772068097767,0.0028137451174554784
2017-11-28,-0.005332717956122706,0.0006591931069638095,0.38150053150011776,0.0027179557219736993,0.0,266.24725546540515,-0.0005150636195042039,0.002726180102146601
2017-11-29,-0.007474497592045089,0.0006570045725773957,0.37680852570327217,6.292770895580788e-05,0.0,266.02050182823854,-0.0005622290885128544,6.546854630405607e-05
2017-11-30,-0.003960049842710549,0.0006547598852276129,0.371194440766243,0.0,0.0,264.2193326716594,-0.00023111018041769668,8.583068833445395e-07
2017-12-01,-0.004476807338033019,0.0006525516510009767,0.3700847733492232,0.0007260426626367085,0.0,266.0021026058161,-0.0003159115417192212,0.0007276370026970987
2017-12-02,-0.004582371331204129,0.00065029206249,0.36889878325094166,1.8685593106652385e-06,0.0,265.93862716042617,-0.0002928390877984338,1.8660968306374418e-06
2017-12-03,-0.004298701798175014,0.0006480872799447702,0.3636212537517656,0.00043278999921292236,0.0,267.08042901967656,-0.0002914483706324788,0.0005392611361466958
2017-12-04,-0.0023849637663297066,0.000645799741233136,0.4224260405632062,0.008912215272417177,0.0,261.57848486029275,-0.0003296026044477851,0.008943595404633346
2017-12-05,-0.0023735515815390034,0.000643528703242372,0.4533666118614643,0.0003143885714859613,0.0,259.9068580311346,-3.635978568240074e-05,0.00032190493597693346
2017-12-06,-0.0025724457145410743,0.0006412462157718207,0.4583308045697976,0.00243010026755306,0.0,259.73354807636383,-0.00028045315526973056,0.002436814772801103
2017-12-07,-0.0026905011322538737,0.0006389488271400754,0.48267268236523075,0.0007138941752708566,0.0,261.50585401215346,-9.663979191396199e-05,0.0007215347666629963
2017-12-08,-0.010820112280589713,0.0006366314861060537,0.47370890529366766,0.0,0.0,269.1639456452623,-0.0008886759406176665,8.443407041006839e-07
2017-12-09,-0.005692757329361588,0.0006343242475541972,0.460629450623823,0.0,0.0,268.49598527179154,-0.00037335002489682646,0.0
2017-12-10,-0.004797064862345572,0.0006319970566000643,0.4515987762623588,0.0,0.0,268.2197451546592,-0.00024802750239601244,8.52346317969932e-07
2017-12-11,-0.004606933959123105,0.0006296616152854964,0.4429612096869115,0.0,0.0,268.5065352301589,-0.00030941031031352654,8.52346317969932e-07
2017-12-12,-0.005352070944457405,0.0006273030224492995,0.4348330740201271,0.0,0.0,269.8834076394694,-0.0002770155436743451,1.2949859069522063e-06
2017-12-13,-0.005145784404318212,0.0006249577312146203,0.4254506716395951,0.0008194697652496187,0.0,267.74732416228386,-0.0004749375653300582,0.0008204541297440773
2017-12-14,-0.002401961613509615,0.0006225908880179885,0.43592756885593226,0.0013885850370940517,0.0,264.0678120808862,-0.0001914251574688712,0.0013945784148507937
2017-12-15,-0.004319933258881003,0.0006201561898161463,0.4327739708392185,0.0,0.0,266.62122612933433,-0.00021675935193980484,0.0
2017-12-16,-0.0023185968567422557,0.0006177826958187557,0.4401680754178437,0.0056605272963222136,0.0,266.66902386221733,-0.0002740620724898947,0.005665801639606657
2017-12-17,-0.002585046119609122,0.000615376200379625,0.5140950980608523,0.0030090666802252758,0.0,263.1639115213225,-0.0001718145558389567,0.0030166333653210003
2017-12-18,-0.002662517467124314,0.0006129497525382177,0.5103548269038372,4.3751535105839964e-05,0.0,266.5931201690559,-9.448998897089123e-05,4.674260225531072e-05
2017-12-19,-0.003977772963922576,0.000610551507459522,0.49914205949858764,1.9694494325562388e-05,0.0,267.0366133494117,-0.0002491150346011092,2.3777639793551562e-05
2017-12-20,-0.00286220506591312,0.0006081482111397437,0.4894109176377119,0.0019548927870510664,0.0,266.46755692289827,-0.0002326199542836281,0.0020341160102079143
2017-12-21,-0.0023813874034558317,0.0006057002113363838,0.532818293167373,0.0032400985979764477,0.0,258.73940575594287,-0.00024385245169623423,0.003247856083562819
2017-12-22,-0.0011281862349833474,0.0006032934633351988,0.5419744861552497,0.0021260074513443448,0.0,257.91292904280897,-7.740976446765964e-05,0.0021280112163021246
2017-12-23,-0.0007930357156500304,0.0006008638163744394,0.6291405054584511,0.005414593438644194,0.0,256.23583440187963,-0.00012897611674615893,0.0054183038277933445
2017-12-24,-0.0014749380238985612,0.0005984240669315144,0.6545187165283664,7.601553774149404e-05,0.0,251.04312715692035,-8.729564310130428e-05,7.860421460900604e-05
2017-12-25,-0.000569051815628332,0.0005960173189303295,0.6548984908339219,0.001415023527576425,0.0,253.95861073941163,2.5735020974261622e-08,0.0014197430998223288
2017-12-26,-0.0013046233920054248,0.0005935610687665347,0.6759368839012477,0.0011428234267369503,0.0,254.0426602336647,-3.653440603428642e-05,0.0011502502027459134
2017-12-27,-0.001179310856229168,0.000591122918883286,0.6718727011240584,0.0007778427190026322,0.0,258.346547157302,-3.611226960764093e-06,0.0007833432315500289
2017-12-28,-0.002484289392576379,0.0005886648165977608,0.6948920355902778,0.004202193796297925,0.0,263.0454999417235,-7.567915139393618e-05,0.00420971615022258
2017-12-29,-0.0026825431123965204,0.0005862366429156503,0.6998205957215161,0.00495696396140729,0.0,266.39116738026655,-0.00022790002726060524,0.004963361560185804
2017-12-30,-0.001719988672073278,0.0005837851914308839,0.726191921198211,0.004069489926773276,0.0,264.4103013198479,2.6840400897850426e-05,0.004077861571613732
2017-12-31,-0.0020124970351235345,0.0005813437161472559,0.7289832163665256,0.0002273796599800304,0.0,258.2491946462858,-0.00021585332766427837,0.0002310397261280125
2018-01-01,-0.0025274386934641393,0.0005789087653833595,0.7157221504972929,0.0,0.0,258.20176272203696,-7.593568603871233e-05,4.261732051702438e-07
2018-01-02,-0.0022517756722067713,0.0005764671638187043,0.7045944415018833,5.783671039645955e-07,0.0,259.4774765941383,-4.9892386768834065e-05,1.7161085431048302e-06
2018-01-03,-0.0029067882878632202,0.000574048713775678,0.6919409685440209,5.440397114403505e-07,0.0,264.4538250005403,-7.777844192618032e-05,9.70612806529638e-07
2018-01-04,-0.004229610459615956,0.0005715922110498289,0.675464694782839,3.8650791860569674e-05,0.0,266.92874562179077,-9.471737900696232e-05,3.9936307437163914e-05
2018-01-05,-0.0038389035705792707,0.0005691604594052848,0.6571472512800142,1.3327068191463665e-06,0.0,267.3537973235107,-0.00013927930155716375,1.4946668973910468e-05
2018-01-06,-0.0032468689026805644,0.0005667287077607408,0.640028671580744,0.00034128998716672265,0.0,267.69785817105,-7.976562121493669e-05,0.0003466510970264284
2018-01-07,-0.00313172649360646,0.0005643052064766319,0.6379097976253533,0.001544234758548144,0.0,266.7689248891425,-0.0001423960120159354,0.0015562249270265648
2018-01-08,-0.0023395401862381544,0.0005618750543917641,0.6240652770421375,5.734421439090018e-07,0.0,268.918549934574,-7.771595386462024e-05,2.285852062701801e-06
2018-01-09,-0.0034987786732151014,0.0005594531526673312,0.6091483308321564,7.147367222834443e-05,0.0,270.4028947043554,-0.0002078507463894995,0.00014130547211539253
2018-01-10,-0.0013565106243737,0.0005570626528249623,0.6119343385858051,0.008617430714900886,0.0,268.7406390382297,-0.00022939932506299966,0.008831662528921062
2018-01-11,-0.002268453986294526,0.0005546290490586879,0.6707825741525424,0.00039892908880266093,0.0,259.7821129369646,-0.00016706850442845943,0.00040866480025065127
2018-01-12,-0.0021250775810015407,0.0005522153976946901,0.671802585407839,0.0026787173024005136,0.0,263.8048021420696,-8.235339306842136e-05,0.0026821657761665926
2018-01-13,-0.0016301525598865446,0.0005498182470515624,0.6823238509298494,0.0025744166246241774,0.0,265.1043360219837,-7.963309980044932e-05,0.002577464408691374
2018-01-14,-0.0019999789231914585,0.0005473795920442054,0.6970805654866996,0.0019811535369878438,0.0,266.494772830252,-4.7221369409965265e-05,0.001986544937063745
2018-01-15,-0.0038003968653705835,0.0005450287444443353,0.707985053628178,0.002874716695419139,0.0,260.5169447307982,-0.000425971097360223,0.0028751575339635753
2018-01-16,-0.003347522794863599,0.0005425999393570895,0.7027505131091102,0.0,0.0,257.33123710330597,-0.00014501324944240227,4.351138045421976e-07
2018-01-17,-0.004591938971126148,0.000540237389715378,0.6933313287135122,0.0,0.0,266.45986701764184,-7.335199201006002e-05,0.0
2018-01-18,-0.004491623890938733,0.0005378532881117138,0.6807810752854285,0.0,0.0,269.71405742307616,-0.0001902920062427467,1.7195939108205494e-06
2018-01-19,-0.006256910619762658,0.0005354774368684844,0.6633013421757299,4.97302261449523e-05,0.0,271.11879253207854,-0.0003849918780437971,5.162820139305482e-05
2018-01-20,-0.002305557372543098,0.0005331263367065603,0.6633305379001884,0.0030602852966489093,0.0,265.0049185456529,-0.00039562240958550553,0.0030631359856007467
2018-01-21,-0.0025263111301734626,0.000530766986184201,0.6954341105373117,0.0017675743096292357,0.0,261.24785961718663,-0.0002387536237132078,0.0017728592547993204
2018-01-22,-0.0027819448440088396,0.0005284092352215179,0.6889650736375942,2.9224418314163297e-05,0.0,259.45187228502755,-0.00014531627129026726,3.0417849686239856e-05
2018-01-23,-0.002878062974261699,0.00052605973461927,0.6980297713629944,0.0013689025815597363,0.0,260.18209321979305,-0.00012891310251365276,0.0013765847153979843
2018-01-24,-0.003856117989720598,0.0005237168848177808,0.6943021440236582,0.0,0.0,263.7527657812374,-9.155266597277701e-05,1.2844800494349329e-06
2018-01-25,-0.006233300403349818,0.0005213822853767266,0.6825139679702213,0.0,0.0,266.55722359120284,-0.0003947038519180427,8.582565556025656e-07
2018-01-26,-0.004303333070655327,0.0005190343843341547,0.6770948277130414,0.0012425117320933586,0.0,261.80303362039973,-0.00035221460091192173,0.001251063104403221
2018-01-27,-0.0037630850312400004,0.0005167194847333229,0.6807259022628297,0.0003408775322854856,0.0,259.50884387273123,-0.0002365845681752189,0.00034522555642208815
2018-01-28,-0.0036754598893688224,0.0005144029855728149,0.6812859084422082,0.002189269910256068,0.0,262.5168787782026,-0.00015431010074871412,0.002200191202719306
2018-01-29,-0.005061837534109752,0.0005120880859719832,0.687964143052613,0.0004051145018830812,0.0,267.59834350614676,-0.00012870494928737147,0.00040854314969844085
2018-01-30,-0.008149261402208254,0.0005097830362912626,0.6734867419226696,2.406891119682183e-05,0.0,269.6690739597529,-0.0004984573750509381,2.643503160850814e-05
2018-01-31,-0.005041693437234158,0.0005074979390128184,0.6949869791666667,0.005921965580707216,0.0,262.915862703054,-0.0005733921260988646,0.005995273202723757
2018-02-01,-0.003171928016479406,0.0005052093900529679,0.7295772459098401,0.002027784258463962,0.0,258.60680220221394,-0.00027195923030376434,0.0020327248775698784
2018-02-02,-0.0024878647872957137,0.0005029373418139873,0.7389584988524012,0.000950097722017159,0.0,263.23340221627734,3.5641251900101784e-05,0.0009562200733378729
2018-02-03,-0.0020342700730609357,0.0005006421420533779,0.7491082660222459,0.007789474948819748,0.0,267.37369245683635,-5.540494822849661e-05,0.007885015280233266
2018-02-04,-0.00196922280020633,0.0004983732929337496,0.8604881157309322,0.011050920786157168,0.0,263.8989414890383,-0.00020647061052127077,0.011058922288781506
2018-02-05,-0.002482963231323803,0.0004960812922924926,0.9280497807791903,0.006135156051924,0.0,265.8366800584811,-0.00012312302797359262,0.006207813959226551
2018-02-06,-0.0015169399774680704,0.0004937842404101529,0.9451382452036253,0.004076170319386122,0.0,263.0107882153068,-0.00011920031307444061,0.004081876971525042
2018-02-07,-0.0021866128522123997,0.0004915004901293308,0.9612772738641715,0.00308955065106268,0.0,263.5169874503788,-3.9354540239282925e-05,0.0030957159012724457
2018-02-08,-0.00585873606009672,0.0004892017124062878,0.9601177208392184,0.0016656258474972289,0.0,268.3813231049734,-0.00014830717427582394,0.001705290974836134
2018-02-09,-0.0014092806453085218,0.00048692781204557695,1.0158387954625707,0.012070834910297123,0.0,263.33528539869525,-0.0003535690806848182,0.012107899970253983
2018-02-10,-0.0024758854323187795,0.00048460083155982237,1.0682559255826272,9.403986024991268e-05,0.0,256.0785072060853,-0.00012548401488759423,9.603166984299484e-05
2018-02-11,-0.0033684026891902348,0.00048230697879683503,1.0488957119526836,1.2397597738578494e-05,0.0,256.8285222170268,-9.975149848703611e-05,1.4057031454080232e-05
2018-02-12,-0.0017756981785688026,0.00048008098103905807,1.0369659251412429,0.0007162652278350572,0.0,257.7527149078312,-7.64401682184241e-05,0.0007241239485977732
2018-02-13,-0.005936088535071767,0.00047780362899694064,1.022438408515772,1.0237602864281605e-06,0.0,261.3342776540983,-0.00011024194753776164,2.317408292953387e-06
2018-02-14,-0.007781216485352167,0.00047554942847645215,0.997987334113112,6.249227092764472e-07,0.0,266.4228461709175,-0.0003362969195438644,2.357851286821236e-06
2018-02-15,-0.003189933628348981,0.00047329842707531606,1.001749904366761,0.004836711758947642,0.0,261.4180607625096,-0.00039997777906851584,0.004840653427677199
2018-02-16,-0.0038608526863620784,0.00047106737807645635,1.019752401865584,0.00022425361524867476,0.0,257.7695382364277,-0.0001691469954232038,0.00022597184494409803
2018-02-17,-0.004912834383000089,0.0004688428535973285,1.026277761225871,0.0021725065038029085,0.0,260.5141858821086,-0.00018148035295097173,0.0021783277240378456
2018-02-18,-0.0024072412969702384,0.0004666142039379831,1.05521831045492,0.01133893828018237,0.0,263.8096283878535,-0.0001922188705559504,0.011414229314103692
2018-02-19,-0.0012555404824052155,0.00046436892727674063,1.1771867827507063,0.0037033120117618548,0.0,253.83497712661543,-0.00029312271498522515,0.003707013039231543
2018-02-20,-0.0025897717240166533,0.00046216422891886226,1.1908929110022364,0.0004204126485323502,0.0,250.7801414101811,-0.00014502098941701955,0.00042376755674895626
2018-02-21,-0.0036350597685339764,0.0004599842816422889,1.1746826171875002,6.649622135916673e-06,0.0,250.30978263524517,-0.00012399688741918338,8.429948891549458e-06
2018-02-22,-0.004173365016441562,0.0004578059339253916,1.1582093319650426,4.67008284929782e-07,0.0,252.82808577902128,-8.411927011895315e-05,1.7684559315099805e-06
2018-02-23,-0.004294570388093506,0.0004556424873696882,1.1406868397628296,1.0628568924079507e-05,0.0,254.30152139825339,-0.00010818147789792153,1.2901071729282782e-05
2018-02-24,-0.003491357516097484,0.00045347744125430874,1.1227894008945387,0.0002016651596726671,0.0,255.8697708618394,-0.0001115098143112188,0.00020290574448256842
2018-02-25,-0.004705470034294883,0.0004513453965806692,1.1093090222604756,0.00025982441285909237,0.0,257.18194066423035,-0.00018038008740897907,0.000267122424928482
2018-02-26,-0.0045042636956872245,0.00044920830066594704,1.0906136435528486,5.4445980632372496e-05,0.0,259.8458530224874,-0.00014951523119783672,5.829896627129801e-05
2018-02-27,-0.005110082947938456,0.00044707625599230757,1.0693322592984935,0.0002045530383869753,0.0,261.54349931619936,-0.0001848758761323778,0.00021125090772989997
2018-02-28,-0.0058641478756053305,0.00044496896239997304,1.0461545322798966,4.236840006321838e-05,0.0,260.68480606222784,-0.0003321723444229466,4.4906240353126216e-05
2018-03-01,-0.007164926178711283,0.0004428550180068798,1.0258825844515067,0.0,0.0,260.84154289949635,-0.00023839357019649388,8.52346317969932e-07
2018-03-02,-0.008675023408259375,0.00044076755053579474,1.0061214468573447,9.312735354833012e-05,0.0,265.6114699943816,-0.00026421648802730325,9.584029512173704e-05
2018-03-03,-0.00957027212374628,0.00043869498422590363,0.9811002512211631,4.430506694114815e-06,0.0,267.2078716436124,-0.00045536040186376896,6.703872419669708e-06
2018-03-04,-0.003403498333389477,0.0004366073904737915,0.9585351746410076,0.0022461239858872478,0.0,266.5703080531119,-0.0003281056060124252,0.002252190126537603
2018-03-05,-0.00439937189642319,0.0004345479994843909,0.9975328463394539,0.004483716425585881,0.0,258.9181486801464,-0.0004393933814460949,0.0044903656015238625
2018-03-06,-0.0054150464507819575,0.00043250510921586033,1.022556110963983,0.001079014444586921,0.0,260.0066366572838,-0.0002980283698288061,0.0010817813671241373
2018-03-07,-0.008019306902158059,0.00043043401618461825,1.0122127784398542,1.1739084276102359e-06,0.0,262.00812954372833,-0.0002341778517442908,1.1681836877165542e-06
2018-03-08,-0.00982399676310814,0.00042843582939966924,0.9942275225105933,5.243104056449934e-06,0.0,265.690656841587,-0.00030911856957074613,7.805244979858208e-06
2018-03-09,-0.011264912363162823,0.00042642274145352643,0.975218347236935,0.0006972778230737159,0.0,267.94519016388,-0.0005595465374868469,0.0008274953411106604
2018-03-10,-0.007319689638870585,0.0004244078013856532,0.9677286094191385,0.0023104470580984646,0.0,264.7844454627028,-0.000607381958914342,0.002417086039559316
2018-03-11,-0.01008184851899659,0.00042243436568200927,0.961771991966808,1.3861868341090318e-06,0.0,263.8801907038285,-0.00030068033453771627,4.39019312050804e-06
2018-03-12,-0.010313844781810955,0.00042044097757608877,0.9455626177024482,0.0001442193521954919,0.0,267.06645395526783,-0.00043451610826334715,0.0001467059729462963
2018-03-13,-0.011128608368884373,0.00041846914143212104,0.928563349664548,8.250360435011697e-09,0.0,266.6319510716728,-0.0004359448307567397,1.2846412005274033e-06
2018-03-14,-0.01179617382375534,0.0004164989048478294,0.9118068429260829,0.0,0.0,269.6847962920051,-0.00033864970345281613,0.0
2018-03-15,-0.010899889267097087,0.00041469763227775273,0.8958701153483993,9.727802148646555e-05,0.0,272.6117737872453,-0.0006953374624757444,0.0019889955655894047
2018-03-16,-0.004707637690218156,0.0004126047347225039,0.9184947328154426,0.010834583875823155,0.0,268.67504508885963,-0.0005487288732481542,0.010967135086985831
2018-03-17,-0.009205620714836877,0.0004106957023426639,0.9556027284898778,0.0016470276408613066,0.0,266.61133480610823,-0.00048320890946240073,0.0018050106568525068
2018-03-18,-0.006180557953772573,0.00040878161872174115,0.9499628961423022,0.0010983132373141706,0.0,266.8430082784534,-0.00036867183901495863,0.0011460675357075599
2018-03-19,-0.006037453263156159,0.00040687258634190105,0.942917760931615,0.0016994806543245153,0.0,263.7083350036104,-0.0003925462932152263,0.0017256760034408249
2018-03-20,-0.008090387503642821,0.00040497340388217216,0.9505286495115349,0.0008798105021317801,0.0,263.7836518224799,-0.0004304376204555991,0.0008905237845781834
2018-03-21,-0.009847445592368392,0.0004030742214224433,0.9418687838394539,3.980672628866078e-06,0.0,264.9665030319588,-0.00031732261643908124,5.267215268409763e-06
2018-03-22,-0.009434101987356521,0.00040121974244629603,0.9287808233286253,0.0001523282147396756,0.0,269.4604931380565,-0.00017996241817366603,0.00020906305440343523
2018-03-23,-0.0056839152160337416,0.0003994730232799121,0.9204807317414078,0.007805412624683758,0.0,272.948127211375,-0.00019283242271108143,0.00931118007770366
2018-03-24,-0.014065329511623599,0.0003975073328125948,0.9489890922934324,0.00034327276766636953,0.0,270.48949696025386,-0.0010090625323986606,0.00047675014211126635
2018-03-25,-0.005389375622663122,0.0003956643033162349,0.9513093477813089,0.005940129864687301,0.0,267.8422719700413,-0.0005520000464498661,0.006024834585817043
2018-03-26,-0.00528768614187079,0.0003938361749810688,1.049682387299906,0.011810871462027233,0.0,265.18639635994833,-0.0004462549505008143,0.011821309927390848
2018-03-27,-0.010924794958472928,0.0003920064470862265,1.0893754689706923,0.0001929997555953635,0.0,265.05737002241636,-0.00040890636332964497,0.00019586334715255763
2018-03-28,-0.005822373354165567,0.0003902097206331242,1.0884494817414079,0.006537938227424515,0.0,267.3054555544521,-0.00026031429379504953,0.006568393094145023
2018-03-29,-0.005156725897627362,0.00038842629578153965,1.1504848789136066,0.007841968877335726,0.0,264.46998636421733,-0.0004341459049090828,0.00792835935283486
2018-03-30,-0.009077154520878011,0.00038663116888811364,1.1756302138506358,0.0008258254051545246,0.0,266.12341657735533,-0.0003190800116139617,0.0008422838934283608
2018-03-31,-0.0043669162833758,0.0003848708955581579,1.191266938117938,0.008121604447142553,0.0,265.94320582804716,-0.00037527816780542927,0.008227386468668989
2018-04-01,-0.009182747853341076,0.00038309732062668454,1.2161359481667844,0.0007096078394159759,0.0,264.6066572113899,-0.0003850538925515057,0.0007145959856030706
2018-04-02,-0.00422014561244997,0.000381355147577275,1.2313126673581687,0.012302948845981878,0.0,267.39343056615917,-0.00017785025750008008,0.012371574451648907
2018-04-03,-0.0071344523780089986,0.0003796063237271067,1.3236918476341808,0.0050849208008434815,0.0,259.2580063706738,-0.0006272183931143271,0.005090661894130169
2018-04-04,-0.009686732064869445,0.0003778774522792149,1.3109995236729048,0.0003809515955084462,0.0,264.03884101048703,-0.0003405131062882095,0.0003860663053329918
2018-04-05,-0.004771858074907529,0.0003761533795103516,1.2904834352195151,0.002937530456794857,0.0,267.74031792836456,-0.00010479526794226156,0.0029475579826495606
2018-04-06,-0.0044503391294156095,0.0003744492591437647,1.3469183108227403,0.01120905757034566,0.0,265.4730783703188,-0.0003702503623767088,0.011217205201108308
2018-04-07,-0.009573439757029217,0.00037274353921750174,1.359620519950565,9.157407586857424e-05,0.0,267.2091450807963,-0.0002034102266622802,0.00011788064477133886
2018-04-08,-0.009526742253936618,0.0003711354766188369,1.3378554521980932,0.007368766381747305,0.0,269.863657399984,-0.0006486356658282254,0.008390571950292847
2018-04-09,-0.008937903758832964,0.0003693632486849856,1.357636130237759,0.004957418046933783,0.0,267.4432333822304,-0.000501990365653725,0.005060266584744332
2018-04-10,-0.015046391867648412,0.00036767562903926873,1.334112422389948,3.458692108170461e-05,0.0,270.10294094911853,-0.0005610230783958221,3.714408231191021e-05
2018-04-11,-0.01482133622055,0.0003661005678823439,1.2941574987494116,0.000573250828152996,0.0,273.11442222523374,-0.0007106296686550318,0.001557797395474547
2018-04-12,-0.008429265796801465,0.0003644792036821613,1.2713760979431499,0.006976625803163497,0.0,272.0323135390345,-0.0006049595204955442,0.008063060150145908
2018-04-13,-0.007745797351255255,0.0003627399771900501,1.2750628052907251,0.003165591150353857,0.0,266.87254682997076,-0.000997876043373582,0.003184395890783669
2018-04-14,-0.00906937506239293,0.00036111196218910867,1.27364462872234,0.0019220342743868208,0.0,265.2822209518059,-0.0003749518681549083,0.0019300856159231757
2018-04-15,-0.013680960246398624,0.0003594953966679546,1.2643962508092046,0.0004002537767765886,0.0,268.4784823882827,-0.0004501458688896929,0.0004148037081699584
2018-04-16,-0.022383348332286557,0.0003579003831087533,1.2389403377324626,0.0,0.0,273.3789256000698,-0.0009477095636355002,1.80246324646626e-05
2018-04-17,-0.011250890749322494,0.00035629711918911696,1.2246167314030132,0.009402705830032543,0.0,270.7193803625592,-0.0011432013542807037,0.009611170945189509
2018-04-18,-0.01250265239827377,0.00035469945372834714,1.2641419951300614,0.0004933456032626373,0.0,265.6528100446568,-0.000690332787521815,0.0004940343610310959
2018-04-19,-0.013530662378012126,0.0003531234665105572,1.2452758099399717,0.0,0.0,268.56498736580886,-0.0005291798283572251,4.351138613856165e-07
2018-04-20,-0.012136099954782906,0.00035154827907260533,1.2241498296992703,0.0001336241004157201,0.0,271.6642154937859,-0.00042130430307933843,0.0001568035216873513
2018-04-21,-0.015928630396134437,0.0003499764170350328,1.1978580453301555,3.5060243417987716e-06,0.0,272.702871250792,-0.0005146626035793353,4.792520012621015e-06
2018-04-22,-0.017289548144165407,0.0003484226552780066,1.163466401468338,1.1515566858194644e-06,0.0,273.4731614639081,-0.000718324518851978,1.1482312854400465e-06
2018-04-23,-0.004848824172033429,0.0003472254269540647,1.13916291490113,0.0064750699336919414,2.1089478737890385e-05,271.92522169281983,-0.0005416866539225066,0.007003034154574077
2018-04-24,-0.010675874722879486,0.0003453499853274243,1.174719399202566,0.001611927050655171,0.0,267.0384403020425,-0.001023957369017736,0.001642077773932333
2018-04-25,-0.018862073788535126,0.00034381777553235075,1.163779968146775,1.6500720870023394e-08,0.0,271.5176706475727,-0.0006987677655566884,1.7868015905633979e-06
2018-04-26,-0.01653748064559732,0.0003423451703820525,1.1614831611935028,0.0022454787529794513,0.0,271.3560851253359,-0.0007406680471142808,0.0025768031433233774
2018-04-27,-0.0203072988128258,0.00034080790934589626,1.1445321695503767,0.0,0.0,273.9641913074558,-0.0007187847184848652,1.7274845731662936e-06
2018-04-28,-0.02296752709958513,0.00038920797533908134,1.110361447666549,0.0,0.00327892843528656,276.8776641421848,-0.0009413876828584967,0.0005444808761670965
2018-04-29,-0.017257045807138004,0.00046142565328522595,1.065748771480697,0.0,0.005449972962592282,276.69904392407665,-0.000850633660194564,0.0013718913096001522
2018-04-30,-0.005479680405834974,0.0003372939292993923,1.04810122042726,0.005602833073017961,3.0299175088688477e-05,271.8915583077124,-0.0007289406911885672,0.007054321375224873
2018-05-01,-0.005777173038929871,0.00033503829759393036,1.1274869239936443,0.0109439714690723,0.0,270.92009501627837,-0.000635704257141399,0.012308778096008086
2018-05-02,-0.010865601147972258,0.0003335356375591903,1.1504821202624764,0.0007279929889123993,0.0,271.1015724318625,-0.0006108222750283905,0.0009884390116061733
2018-05-03,-0.011447378092229704,0.0003323166047112417,1.1347242452330508,0.0007823243063721954,0.0,271.5948800088771,-0.0005562198006332258,0.0032041593459016726
2018-05-04,-0.017760163646633343,0.00034656497718250684,1.1184472840160078,6.964238686750164e-05,0.0009556203701738585,274.42713881526737,-0.0006659650164893118,0.0003436788999751999
2018-05-05,-0.017696754491261846,0.0004302583171822931,1.084116100591455,0.0,0.0045912594950131775,275.59207958645294,-0.0006391547651866735,0.0024213498054325364
2018-05-06,-0.017446103826754513,0.0007088288749005162,1.0461598196945623,0.0,0.009291094364756244,276.1578914800382,-0.0005595370664098169,0.0007235803003688854
2018-05-07,-0.021606563469447664,0.0008007507708113073,0.9985586047846046,0.0,0.010906048876754308,278.2276344011957,-0.0008253924822234839,0.0007239322626944446
2018-05-08,-0.01456835440828302,0.0012373717996360218,0.957410334642773,0.0,0.009961596421771132,276.4452612171065,-0.0004440306943688689,0.003485956097726768
2018-05-09,-0.017918323308734573,0.001420933395455786,0.9140620402248116,0.0,0.011795688441580974,276.83206584808295,-0.0003948412351520722,0.00041946634060918947
2018-05-10,-0.014524437655500102,0.001492354913619952,0.8660047283280369,0.0,0.012536921848853431,277.46575705389967,-0.0003286933231741022,0.0010761282875025274
2018-05-11,-0.005136979459706,0.0013403942187627158,0.8331611475253062,0.001902558330425435,0.005879029799989388,274.7382079589614,-0.0001223662099932547,0.007243081257396918
2018-05-12,-0.005922326428742059,0.0004507671978514074,0.8805582222516479,0.010842046389977138,0.0021474557155269688,273.41068219330356,-0.0003994586745982116,0.012702936169791356
2018-05-13,-0.00848120194202089,0.0011066674849407822,0.8838918222545904,0.00018773964569393528,0.0066290117463486346,274.66340191081423,-0.00012309274683564397,0.002093548155100332
2018-05-14,-0.014052715720766683,0.0004784223218422152,0.8552664489171374,0.0,0.0029251146956352195,274.1058923394442,-0.0006961513910505732,0.000741980287885989
2018-05-15,-0.017184957819806657,0.0010448967838017954,0.8283197147922553,0.0,0.005835592220563673,275.1888360995133,-0.0005333255239799199,0.0001727232320160516
2018-05-16,-0.02204342072798034,0.0013150821971354512,0.7893319282603579,0.0,0.009660579643007053,277.4912958163102,-0.0007569892121489439,4.683503427880729e-05
2018-05-17,-0.01877643656259203,0.002141544879493067,0.7484149250382534,0.0,0.010985697161848263,277.72220657908986,-0.0005373966138241655,0.0018253629994922573
2018-05-18,-0.008204536922907428,0.0022895020448555382,0.7118379697063324,0.0,0.009151847959406633,275.5210497473593,-3.6206885667170515e-05,0.003555022424121415
2018-05-19,-0.00544912136543942,0.001078196838077179,0.6904119861552497,0.00093582146248575,0.004071112974720487,274.059736309303,-0.0002317594122246834,0.002148627224615065
2018-05-20,-0.014930549777497006,0.001914374319847021,0.6715460308527543,4.0740364015439137e-07,0.008538816018966633,275.5182957694131,-0.0004392784551880454,0.00040630358086643585
2018-05-21,-0.016170396138045752,0.004598696184697125,0.6326504292461158,0.0,0.013073990552943978,277.4206869983853,-0.00021833223474901277,0.002939644825701347
2018-05-22,-0.014588109096564815,0.007329702208944633,0.5893793770597929,0.0,0.015095410921142602,277.68192627829575,-4.1588714693562465e-05,0.0054402027118359685
2018-05-23,-0.014961678892542412,0.006168987286292902,0.5456338368791196,0.0,0.014915367493690072,277.3805314942269,-0.00019209061112612655,0.010523033024147971
2018-05-24,-0.018054684550411957,0.006119734823367018,0.5075449108403955,0.0,0.014927381681183637,278.0253334979329,-0.000381213512882001,0.003298759561469067
2018-05-25,-0.02201307089315296,0.006585079650420927,0.46097864987935505,0.0,0.0185413953906062,279.40691604183223,-0.0003162250922477178,3.08700167735805e-05
2018-05-26,-0.02765371179008215,0.007935186816474139,0.41061257687441155,0.0,0.019270919558018615,281.8346798029324,-0.0009987651091595156,0.00010497296940078135
2018-05-27,-0.014185819964287645,0.012687458493615274,0.3611849050288371,0.0,0.01845275090828454,281.3863456029228,-0.00048501328644105947,0.005256308325763168
2018-05-28,-0.0037167483551354056,0.02730704263105231,0.3176830456979756,0.0,0.014654430923825604,278.6090536063674,-0.00023222038006715185,0.022427878895048367
2018-05-29,-0.01014680874212987,0.019332189681166314,0.2872769630561441,0.0,0.013015521848100729,278.9004233767982,-0.0006963522094538656,0.00407732130482866
2018-05-30,-0.018440394372926595,0.012064386138134757,0.2568773172669492,0.0,0.010286039635959993,279.8599568634608,-0.001062258588686838,0.0024981848768359256
2018-05-31,-0.025596016123469945,0.00949186751734739,0.2322400339130179,0.0,0.00892383622079246,281.53262015520517,-0.0014111888989553616,0.00018325792082483862
2018-06-01,-0.017294049473468867,0.011005326600398048,0.20848942700976927,0.0,0.007289722519742568,280.3497570562273,-0.001498794277845803,0.005884107812649786
2018-06-02,-0.02275428125413798,0.008128412783482655,0.20213027638006123,0.0011246473775745113,0.0011163167024062855,275.92414234182934,-0.0017791610358461822,0.0025059182752387244
2018-06-03,-0.02834279073328622,0.008425038834076144,0.19167085062088043,0.0,0.0061850876963071245,279.9636132227723,-0.0014982865439296443,8.463855465379311e-07
2018-06-04,-0.030211711712812974,0.009046557932923744,0.17092625389889363,0.0,0.008530681542420792,283.0973806219586,-0.001638864188081464,0.00010865565694192386
2018-06-05,-0.03362156808544687,0.009469267507057408,0.1476632385828625,0.0,0.009007494686181937,284.8960932284425,-0.0019076850612537337,0.00039872684494080744
2018-06-06,-0.0276078665997349,0.010938017971098087,0.12669427156897364,0.0,0.00963306477514364,283.9727371452892,-0.0015050120714862468,0.0005060520558483897
2018-06-07,-0.025839578633928037,0.013244155604960556,0.10414252846927968,0.0,0.009863399937327972,284.02713644527,-0.0015341451570475846,0.003577067042497246
2018-06-08,-0.026127085384339263,0.013087556271229761,0.08253033596692562,0.0,0.008749647539550976,283.9301996356799,-0.0014622458756643503,0.00019164767834617624
2018-06-09,-0.031600023604045485,0.012229213270090395,0.06316230615878062,0.0,0.008988299696458936,284.62541468489195,-0.0019175242159073637,4.751651974047645e-05
2018-06-10,-0.02742801644539429,0.010775532341946318,0.04293242776012242,0.0,0.005542796294567949,284.52098185867914,-0.0024349973352868004,0.002867903664795999
2018-06-11,-0.025943515917002148,0.009247105758068926,0.03407945650894539,0.0,0.001686611186481465,277.1167649917459,-0.0023155979664817366,0.002950867439760599
2018-06-12,-0.027127917245619713,0.008125534502126403,0.03040723207980227,7.031748523819918e-08,0.001497948531713863,277.43217981198416,-0.0019295919097244403,7.748717797315134e-06
2018-06-13,-0.03289127615043673,0.007582865697515887,0.02510717359639831,0.0,0.003430910261168992,282.53223632913074,-0.0024798155399197237,8.52346317969932e-07
2018-06-14,-0.03975453160408527,0.006842158103393296,0.015331893317443501,0.0,0.003882502873906982,287.0267656725005,-0.0031356666195022187,0.0018107921053347076
2018-06-15,-0.01862632007585407,0.006901989296331245,0.0076147966690207165,0.0,0.0021442764854363804,283.2926696949759,-0.001996915524372947,0.0060922661909372355
2018-06-16,-0.013779209789919988,0.005848970537805288,0.003762340366054614,0.0,0.0012278774027097024,282.0673134187745,-0.0027442702255343317,0.004408453581691876
2018-06-17,-0.010113638588937664,0.005395372119327051,0.0017797897540018832,0.0,0.0005993683754050799,281.2143819992152,-0.0024638085989123685,0.005189464624216381
2018-06-18,-0.00892480479627006,0.0059572698201163345,0.0010138042902542374,0.0,0.000305106516106654,281.15512534678544,-0.002133456590232876,0.009435647793408842
2018-06-19,-0.013050947864513615,0.004985668733295075,0.0005406956214689266,0.0,9.791841362155765e-05,279.48280777724676,-0.002405508468716832,0.00734619334929265
2018-06-20,-0.007990322375701646,0.00497373946979221,0.000382992731873823,0.0,6.424482006811154e-05,279.28803137152437,-0.002972049480777676,0.011582702237039447
2018-06-21,-0.022613667035843693,0.0049690170645040315,-7.3453647229951e-24,0.0,4.0977498737432196e-05,281.852581534233,-0.002951370389069204,0.004816337914790137
2018-06-22,-0.01453472118256456,0.004398480562840478,-7.3453647229951e-24,0.0,1.8665198720781145e-05,281.31405348337756,-0.0031399604690782092,0.0082076303871338
2018-06-23,-0.013876280205397959,0.0063588580505996115,-7.3453647229951e-24,0.0,9.62545558557672e-06,279.7109529455727,-0.002931530718917901,0.014262897617965564
2018-06-24,-0.01559759183960446,0.004113271327342018,-7.3453647229951e-24,0.0,5.1804686670249465e-06,278.67043729735406,-0.003190959830068599,0.005920232475703436
2018-06-25,-0.02494384584117071,0.003990978339297624,-7.3453647229951e-24,0.0,4.960971195145516e-06,282.4464554077264,-0.002884328139072421,0.0034475438890532433
2018-06-26,-0.032361308691528555,0.0038291182221665897,-7.3453647229951e-24,0.0,2.6613936922644497e-06,286.6691934869339,-0.0027469407325073827,0.00040964576574534906
2018-06-27,-0.026851212153326996,0.003720455418872295,-7.3453647229951e-24,0.0,1.1869153733980858e-06,285.66819439185764,-0.0024201424508276635,7.678608255419329e-05
2018-06-28,-0.04003565484857829,0.003621301155979351,-7.3453647229951e-24,0.0,4.979471365610759e-07,288.7344368613148,-0.0031152812574627036,0.0009224867584105668
2018-06-29,-0.020219638691110126,0.003750969461128537,-7.3453647229951e-24,0.0,1.7079508910744877e-07,284.17305468614944,-0.002693541953077087,0.008710461722341285
2018-06-30,-0.01192292701558205,0.0034998215861239677,0.0006009261711393597,0.0002872374350741758,0.00012691403176151426,278.55440544229,-0.0031843780208442177,0.007372354521270812
2018-07-01,-0.025387758336498242,0.0033297936121622724,0.000922079140183616,0.0,9.322105407041345e-05,280.5822085184791,-0.0026719042726155735,0.002026166240367046
2018-07-02,-0.033034049100795035,0.0032128104045566195,0.0003154057791902072,0.0,4.407843459123946e-05,283.79657981355314,-0.0026388041843465495,0.0005077025983503308
2018-07-03,-0.034276358614870384,0.0031116325302986106,-7.3453647229951e-24,0.0,1.4132278113715395e-05,284.598691721196,-0.0027316315046979887,0.00024275363336231505
2018-07-04,-0.03091218663474261,0.003019349554837761,-7.3453647229951e-24,0.0,5.19644321694886e-06,284.0808701919297,-0.002674974448515871,0.0006304224549194131
2018-07-05,-0.027844818845643833,0.0029299185100921804,-7.3453647229951e-24,0.0,1.5838797819816462e-06,286.6295892819622,-0.0026784061143795648,0.0010457578351032665
2018-07-06,-0.033396479689468773,0.002844956129957728,-7.3453647229951e-24,0.0,2.1661405509474587e-07,289.26350786097754,-0.0033875865872296912,0.00153578084571385
2018-07-07,-0.03904871701520715,0.0027357288504724453,-7.3453647229951e-24,0.0,2.1488821439150363e-08,291.013137149272,-0.0028906928975198226,2.0709611353055864e-05
2018-07-08,-0.036176662702681654,0.002651052033833865,-7.3453647229951e-24,0.0,0.0,289.84072566705913,-0.002985684643104926,0.00043409860740273683
2018-07-09,-0.0294948631929139,0.0025673261133290952,-7.3453647229951e-24,0.0,0.0,290.1698296721148,-0.0025920057406196486,0.0005786519600499015
2018-07-10,-0.03494830223294975,0.002487631335770343,-7.3453647229951e-24,0.0,0.0,291.0970791495228,-0.0029107155646644744,0.0006800222363175645
2018-07-11,-0.031033879240690655,0.002404599876727088,-7.3453647229951e-24,0.0,0.0,289.4832207056538,-0.0025550845042292005,0.00014733638466590877
2018-07-12,-0.025959655347853734,0.002365235049845809,-7.3453647229951e-24,0.0,0.0,286.8897712441712,-0.003281938396183785,0.004226275641977058
2018-07-13,-0.03051088245238288,0.0022680539700944548,-7.3453647229951e-24,0.0,0.0,287.311442456003,-0.0028410573821451707,0.0010571913466728058
2018-07-14,-0.031810399628965196,0.0022157183137990664,-7.3453647229951e-24,0.0,0.0,288.74405213623623,-0.002804499550980363,0.0029721371136167754
2018-07-15,-0.02540121160152942,0.0021475782502168995,-7.3453647229951e-24,0.0,0.0,286.56122242483946,-0.002557958686713782,0.0025904703274908817
2018-07-16,-0.023802359940978773,0.0020971136578058795,-7.3453647229951e-24,0.0,0.0,286.48110822903914,-0.0025113439292641683,0.0035426690357445623
2018-07-17,-0.023205038896725004,0.0020490997591934637,-7.3453647229951e-24,0.0,0.0,286.0766956702913,-0.002960630050613045,0.004520943457796002
2018-07-18,-0.03021258368330487,0.0019587488834467313,-7.3453647229951e-24,0.0,0.0,285.52539959780023,-0.0030742904308152063,0.0018987521781759747
2018-07-19,-0.03509968510792081,0.0019000186926901004,-7.3453647229951e-24,0.0,0.0,286.77389019177684,-0.003006319320723836,0.0016567917041033092
2018-07-20,-0.03534227100300924,0.0018347299705117437,-7.3453647229951e-24,0.0,0.0,287.3489866705713,-0.0027633526357217024,1.5687504628337496e-05
2018-07-21,-0.03268282629002286,0.0017959689353145448,-7.3453647229951e-24,0.0,0.0,289.2675661169652,-0.0024807078206101384,0.0017769172357669704
2018-07-22,-0.03045720287130378,0.001744765598895186,-7.3453647229951e-24,0.0,0.0,287.654458906242,-0.0029842908267920976,0.0014691346905603988
2018-07-23,-0.032010391228279825,0.0016914274396195924,-7.3453647229951e-24,0.0,0.0,286.1102408859914,-0.0024674485969004662,0.0004727538971378816
2018-07-24,-0.03259717921415965,0.0016500957436480766,-7.3453647229951e-24,0.0,0.0,287.20990882126404,-0.0024022070617325565,0.000980558177644592
2018-07-25,-0.023035977393557127,0.001754664431857524,-7.3453647229951e-24,0.0,0.0,285.69337830480663,-0.0032570929408578552,0.012501488983170828
2018-07-26,-0.020519067086068925,0.0019671996939653732,-7.3453647229951e-24,0.0,0.0,283.66418155303785,-0.003472594912611159,0.010518319373551096
2018-07-27,-0.014734022445597891,0.0029129301760829774,-7.3453647229951e-24,0.0,0.0,282.52521158926004,-0.0036782319683813106,0.022792405698156683
2018-07-28,-0.01588854357852774,0.00154561082185325,-7.3453647229951e-24,0.0,0.0,282.74362042170236,-0.0025491563992648477,0.004535046316461998
2018-07-29,-0.015991887551243023,0.0034094782872388595,-7.3453647229951e-24,0.0,0.0,282.20360227538146,-0.0028923864734206493,0.012574700666007764
2018-07-30,-0.025968805797355998,0.0014471344355135988,-7.3453647229951e-24,0.0,0.0,281.73879435192623,-0.002598807489299505,0.0005495672003697541
2018-07-31,-0.031641971425148054,0.0014171602025543904,-7.3453647229951e-24,0.0,0.0,285.5068660671429,-0.0025790862339196237,3.9830483954245754e-05
2018-08-01,-0.030058479368013185,0.0014344815817256434,-7.3453647229951e-24,0.0,0.0,286.501185005892,-0.0028728518719221916,0.0033535347988326776
2018-08-02,-0.03221466926868353,0.0013890444895641953,-7.3453647229951e-24,0.0,0.0,287.82029038768707,-0.0031648413041385553,0.0015500934783972018
2018-08-03,-0.03190590853744981,0.0013597890482110494,-7.3453647229951e-24,0.0,0.0,287.7754652271163,-0.0028170628294264533,0.0012273078921136817
2018-08-04,-0.028433749231241524,0.0013500675979980642,-7.3453647229951e-24,0.0,0.0,284.3647585112721,-0.002868017644784545,0.002296466190936202
2018-08-05,-0.0204988189757207,0.0013134189076342824,-7.3453647229951e-24,0.0,0.0,282.58586048406397,-0.0019212549783836654,0.0006639820624550571
2018-08-06,-0.02230586599832201,0.001320946940594474,-7.3453647229951e-24,0.0,0.0,281.7235395787126,-0.002514222452659055,0.0030322169684412256
2018-08-07,-0.02856043974558513,0.001281080862223092,-7.3453647229951e-24,0.0,0.0,283.39855472830504,-0.0025546612628435687,0.0014088583856055217
2018-08-08,-0.032039525902877425,0.0012509885985972518,-7.3453647229951e-24,0.0,0.0,285.5693564980717,-0.0024854723564059723,9.593545888173791e-05
2018-08-09,-0.033412407557506345,0.0012331438266624838,-7.3453647229951e-24,0.0,0.0,286.96963882087095,-0.0024635979937294786,0.00032994412096206755
2018-08-10,-0.03387693467281633,0.0012122353086363798,-7.3453647229951e-24,0.0,0.0,287.71797134557465,-0.002578538816190709,8.46785845729591e-05
2018-08-11,-0.03585744442912819,0.0011924545643693311,-7.3453647229951e-24,0.0,0.0,289.87984026174314,-0.002583657722857039,4.3122444980561776e-07
2018-08-12,-0.03874673744884588,0.0011875774227293199,-7.3453647229951e-24,0.0,0.0,291.44067670531194,-0.00254772743473282,0.00166293628727078
2018-08-13,-0.023220949253793494,0.0011879052482755845,-7.3453647229951e-24,0.0,0.0,287.445461470753,-0.0025212372321698627,0.003562664005967416
2018-08-14,-0.019574484919424113,0.0011997138713039247,-7.3453647229951e-24,0.0,0.0,284.08979073217364,-0.0027035616527674566,0.00572883560832611
2018-08-15,-0.02672560188898259,0.0011225501022769906,-7.3453647229951e-24,0.0,0.0,284.3190763908142,-0.0021412418681686207,2.5745599496615997e-05
2018-08-16,-0.030871857062908216,0.001106867850837061,-7.3453647229951e-24,0.0,0.0,285.72958127612674,-0.0021975979229993067,0.0002372446911019355
2018-08-17,-0.029842844748564364,0.0010914934725411195,-7.3453647229951e-24,0.0,0.0,286.60400949898417,-0.002241223655893641,0.0004528339317853403
2018-08-18,-0.012421583178016426,0.0012139001135098733,-7.3453647229951e-24,0.0,0.0,283.9262925343774,-0.002763555300985016,0.012936173181936959
2018-08-19,-0.011388584045367054,0.0013349350899626309,-7.3453647229951e-24,0.0,0.0,280.5424371133866,-0.0033099213141506005,0.01577805891885596
2018-08-20,-0.014903307971307789,0.0014944129576117307,-7.3453647229951e-24,0.0,0.0,281.69257836781884,-0.0017502916724247447,0.00819062833058632
2018-08-21,-0.00863356644150901,0.0012560167723456347,-7.3453647229951e-24,0.0,0.0,280.2493457183551,-0.0024352884130541892,0.011746046136149463
2018-08-22,-0.017827618888205728,0.0010559325669444888,-7.3453647229951e-24,0.0,0.0,282.7537417223225,-0.0019296910403306877,0.0024071932006568156
2018-08-23,-0.020476850118003997,0.0010532078433171505,-7.3453647229951e-24,0.0,0.0,282.7620422521329,-0.002470594173097341,0.0032902057729871934
2018-08-24,-0.028544801608317315,0.0010047743549454684,-7.3453647229951e-24,0.0,0.0,283.7739423690767,-0.002361948701874011,0.0003758088006811627
2018-08-25,-0.0313389063891718,0.000993490219116211,-7.3453647229951e-24,0.0,0.0,284.38217679614627,-0.0022845318919773832,0.00024966693530648445
2018-08-26,-0.03047517657616718,0.0010205551897738614,-7.3453647229951e-24,0.0,0.0,283.85665670851085,-0.0024792083965267165,0.0029721895179724827
2018-08-27,-0.015400529665462043,0.001052910156842679,-7.3453647229951e-24,0.0,0.0,280.44431724476505,-0.002714313272028993,0.006863882901978359
2018-08-28,-0.01438836117753875,0.0010384247127899343,0.012197375971045199,0.003062066574723034,0.0006191403641875855,275.98252128701654,-0.0026397887554209117,0.007822181073856946
2018-08-29,-0.025456111099423664,0.0009756427531861992,0.014066362111581923,0.0,0.0010276394291112653,279.66642140174764,-0.0018895714843677263,4.261732051702438e-07
2018-08-30,-0.029947991761784098,0.0009644374167178311,0.007181458554025425,0.0,0.0006315395193921644,283.6823183479956,-0.0022203621722884097,0.00045266865336962347
2018-08-31,-0.02599273790410683,0.0009568315946449667,0.003200954861111111,0.0,0.00032270346152580393,282.9002078643627,-0.001968761963906598,0.0010903122228286763
2018-09-01,-0.026286756167304044,0.0009484769260815982,0.0018145027807203392,0.0,0.00015105342881827706,282.06738009695283,-0.002374154868098976,0.0011482647426362613
2018-09-02,-0.02687901662567915,0.0009269561976362757,0.0005406956214689266,0.0,7.300860758891888e-05,282.4530419387387,-0.0019994170778552017,0.0
2018-09-03,-0.028405337473430207,0.000918396869621708,0.000360463747645951,0.0,3.0051411713584e-05,284.02516345654504,-0.0020895575799342605,2.1338462374842493e-06
2018-09-04,-0.021731012706029215,0.0009134730881890336,-7.3453647229951e-24,0.0,1.4443150432096366e-05,282.11024915476077,-0.0017914416657834403,0.0003745230409498808
2018-09-05,-0.023309937978194934,0.0009028163165022426,-7.3453647229951e-24,0.0,6.250553043548671e-06,282.21666528949635,-0.0017957673487016715,1.6584335742437896e-05
2018-09-06,-0.026449253835247065,0.0008966426054636639,-7.3453647229951e-24,0.0,2.1540596660247633e-06,284.3847483690625,-0.0018714813168271118,0.00021614778170722705
2018-09-07,-0.025093639721978186,0.0009174657575154708,-7.3453647229951e-24,0.0,7.611799374812068e-07,284.2521195456583,-0.002239578471934728,0.0030276042856106264
2018-09-08,-0.021124036803757403,0.0008877003091876791,-7.3453647229951e-24,0.0,2.4862629545610504e-07,284.1967548399098,-0.0019357998955384487,0.0008630102637123928
2018-09-09,-0.02659155777787085,0.0008768962938233284,-7.3453647229951e-24,0.0,1.0159308627500373e-07,283.09893972321424,-0.0018983299470385592,0.0005612870088501523
2018-09-10,-0.028224842570259073,0.0008647785348407293,-7.3453647229951e-24,0.0,3.83894322282177e-08,283.5871459185067,-0.0019301242158237825,1.2814997489840607e-06
2018-09-11,-0.03315302914818802,0.0008568144114004017,-7.3453647229951e-24,0.0,1.2375540652517547e-08,284.71341155028836,-0.0018953724664314993,4.410743663640915e-07
2018-09-12,-0.03368656918153925,0.0008490687541368992,-7.3453647229951e-24,0.0,8.250360435011697e-09,284.86693372924003,-0.0019879668193348386,1.8485542744016684e-05
2018-09-13,-0.028256231277002452,0.0008413185507564222,-7.3453647229951e-24,0.0,2.062590108752924e-09,282.7737726294164,-0.0016107875327605987,4.153032750603822e-05
2018-09-14,-0.02663967004940335,0.0008333054302775929,-7.3453647229951e-24,0.0,0.0,282.25153920520273,-0.001562689783546211,0.0
2018-09-15,-0.029877338495294933,0.0008255256771367822,-7.3453647229951e-24,0.0,0.0,284.588124039932,-0.001815900332846884,4.410743663640915e-07
2018-09-16,-0.04262512265625647,0.0008174633070573969,-7.3453647229951e-24,0.0,0.0,286.5458990625069,-0.0019407398409425878,0.0
2018-09-17,-0.030605236605062328,0.000809735413325035,-7.3453647229951e-24,0.0,0.0,284.4073035030042,-0.0016922967371630804,4.0081850552963006e-05
2018-09-18,-0.024868527290511266,0.0008022049389316538,-7.3453647229951e-24,0.0,0.0,283.0403633764235,-0.001460821573006905,9.294012505412769e-05
2018-09-19,-0.019412000974019367,0.000798822291153299,-7.3453647229951e-24,0.0,0.0,281.21510736641466,-0.0012003384099084106,0.0007493411080262184
2018-09-20,-0.008780489154791429,0.0008830388555418975,4.5057968455743875e-05,4.075034021657739e-05,1.068522701155668e-05,278.86021150348324,-0.0027690237482725566,0.009965222770884886
2018-09-21,-0.021093741185584314,0.0007808379365899469,-7.3453647229951e-24,0.0,8.076450413903274e-06,277.2244644524239,-0.00146861192323057,0.00010703369385778568
2018-09-22,-0.024728134316576406,0.0007725557533361144,-7.3453647229951e-24,0.0,7.173962007134648e-06,281.3603059046686,-0.0014841844206728504,0.0
2018-09-23,-0.023977837909412925,0.0007651064355494612,-7.3453647229951e-24,0.0,3.843384105606942e-06,282.4054168334789,-0.001338202558920882,2.0506278281054057e-05
2018-09-24,-0.012870550197733326,0.0007754272997042554,0.0016443859610404898,0.001732386206671343,1.5495039817303588e-05,276.84968065452216,-0.0015541650723181876,0.004305587833654292
2018-09-25,-0.007806138930010932,0.000759108002576451,0.03991860140065914,0.006287746194560649,0.00015883870675402175,271.6772083921846,-0.0009893376464392507,0.007430309664232411
2018-09-26,-0.014913552477534883,0.0007604745316640132,0.04889916026659605,3.4952483608224297e-07,0.0012451223608127423,273.85542970143695,-0.0011953293624739191,0.000101568032073759
2018-09-27,-0.012556608955738909,0.0007475075748680677,0.039663885946327686,2.0245711008707687e-05,0.0005357035009537713,274.7937016244662,-0.000872668794403642,0.0005914466857818252
2018-09-28,-0.00376319868416436,0.0007472953385552444,0.10724164312617702,0.014624136589509621,0.00020177502416621497,271.79401811502754,-0.0006781772862972513,0.01677862936153881
2018-09-29,-0.008635642291125605,0.000784496382131415,0.124740227018597,2.0581702728055967e-06,0.004732898210233215,274.2825003945446,-0.0006033455121651882,7.034930714110225e-06
2018-09-30,-0.006742743491116218,0.0007853498734996818,0.09743670734757535,0.0014673577105931643,0.004552599852957295,274.907566465676,-0.0007042868831063395,0.002288632445517273
2018-10-01,-0.014467525195940741,0.0007561554679762846,0.07141756966513654,0.0,0.00295888793544244,276.20989609483047,-0.0012092892880325263,0.0001827365597762631
2018-10-02,-0.017416219632167603,0.00076903318617977,0.050328371439500946,0.0,0.0038297148894960603,279.26962962752236,-0.001445722792529117,0.0006472315978822031
2018-10-03,-0.009758787471695809,0.000760280732381142,0.022533352092161018,0.0003290343503494048,0.002218866941787429,278.5494707973215,-0.0014795706381147866,0.0030385079861465825
2018-10-04,-0.007827066642753148,0.000724111657358159,0.017850771686676085,0.0,0.0011954284930801662,276.7169584967547,-0.0009038508685547754,0.0012190912739705234
2018-10-05,-0.0075415839246437385,0.0007127645493900708,0.039422733860051795,0.008679532903735921,8.930238542583703e-05,273.0842716698368,-0.0011367609798066361,0.010780865999984698
2018-10-06,-0.0100332526332241,0.0006888343789483195,0.06864489539194917,3.2881937794766185e-05,0.0004140447383209811,270.50440380218566,-0.0007431528104816453,5.94789390441878e-05
2018-10-07,-0.003399070541737444,0.0006783307440536844,0.0887276457303437,0.008902215646148402,0.0,270.5752411104192,-0.00039289537080600443,0.00922983037882099
2018-10-08,-0.0035038114772678102,0.000674431691061979,0.13264721081979758,0.0032893748859227716,9.287822212876574e-05,269.1573281800006,-0.0004671913924190284,0.003436973219532492
2018-10-09,-0.003742297911374583,0.0006685707360337684,0.15229524371763184,0.002258720181587726,0.0,268.2639336702739,-0.0005226675684085,0.0025592316005139805
2018-10-10,-0.0036007775425237454,0.0006640965150574507,0.16514389124293785,0.0022768259553586022,0.0,266.1452147704734,-0.0004962020643097533,0.0023892060697809202
2018-10-11,-0.0035334300186674475,0.000662176201572526,0.17229431497175143,0.0020904774635525075,0.0001808680425592735,265.0604789647679,-0.00045811812693284735,0.00209656148980069
2018-10-12,-0.007959011247602562,0.0006618586468831295,0.1922674089277307,0.001974999294274271,0.0004732959225016126,268.0343355656568,-0.0007311789434676791,0.0019867860832107134
2018-10-13,-0.0022249630531348753,0.000651136040687561,0.20872276291784372,0.012393684352690218,0.0,267.9229219907197,-0.00031283399416396853,0.01245562294445469
2018-10-14,-0.0034091044533050667,0.0006470425991015246,0.29776121667549443,0.001911391035816764,0.0,259.5106287738922,-0.0004026852916442069,0.0019160737257219306
2018-10-15,-0.00563564332528303,0.0006429840110789585,0.27993136475988706,7.824117770302768e-05,0.0,262.75960117275434,-0.0004627777968591217,7.912888701528816e-05
2018-10-16,-0.00692523594966716,0.0006515038552257302,0.2718115050464925,0.0,0.000940829704878694,269.65485373100097,-0.0006281422019678322,8.523463748133508e-07
2018-10-17,-0.008087890759363014,0.0006676511575946701,0.25622190773599346,0.0,0.002324910918619,270.49386220238756,-0.0006051866684929799,8.52346317969932e-07
2018-10-18,-0.009270682930946352,0.0006615187825456179,0.23287958119997645,0.0,0.0021309577623161223,271.9528524179692,-0.0008577795246731765,8.511565283697564e-07
2018-10-19,-0.008411205589434522,0.0006549661442384882,0.21197153439854055,0.0,0.0019195351939080127,272.95477816838553,-0.0007561769252274669,0.0
2018-10-20,-0.010081320916865505,0.0006908806367109051,0.19043129671315914,0.0,0.004414253463011004,273.22425296302123,-0.0007807367907489761,4.4107436991680515e-07
2018-10-21,-0.010590362388872157,0.0006860797688112421,0.15950566810852165,0.0,0.004158581001947156,276.1530364803451,-0.0008837464081365511,8.52346317969932e-07
2018-10-22,-0.008376017507523467,0.0006789609705660977,0.13035776026953863,0.0,0.0037995871409016147,274.7275425108139,-0.0005637797353378798,1.1788754813415183e-05
2018-10-23,-0.008811435120253914,0.0006715026447328471,0.10705336518655838,0.0,0.00323805753878281,274.56895393256644,-0.0006348146336142627,0.0002828972487686179
2018-10-24,-0.007952770060401852,0.0006543493877022953,0.08916558159722222,6.079048676005865e-05,0.0013887686602308254,274.26536672128793,-0.0007604072975405192,0.001507548726879685
2018-10-25,-0.005212644104566951,0.000648124911690836,0.08215492952565913,0.0001270060274897322,0.0013646926036325552,272.69898219925767,-0.0007241129622621052,0.0020165438745478933
2018-10-26,-0.006961821415330058,0.0006160550029937831,0.07606773591984463,2.2386090230133575e-05,0.0006941497894161839,272.9474274191704,-0.0006316311520624296,0.0002534642057903743
2018-10-27,-0.0028024280896294593,0.000671447333642992,0.07141779955273071,0.001466551532516372,0.0007738192160587527,274.21023025800054,-0.0007557738361890708,0.005613705280023241
2018-10-28,-0.008285681532937928,0.0006474336493486739,0.072509765625,4.202380018719172e-06,0.002672340394665966,273.67022039122503,-0.0006758177516150609,7.373161806278768e-06
2018-10-29,-0.007145161177478942,0.0006159597029120235,0.06615038510769775,0.008113060504366448,0.0001584647465392021,274.3355742632333,-0.000894337461072173,0.009857313703740104
2018-10-30,-0.0058859355200481965,0.000592533057018862,0.12212134754590398,0.0022073386836860137,2.991597531205517e-05,266.23813792226906,-0.0004642106866264074,0.002273442061602473
2018-10-31,-0.006593448462459328,0.0005902446764337142,0.13357618658780604,0.0002753237883249919,1.1069500176920056e-05,264.55586013506587,-0.0004561834489810939,0.00027936111413545906
2018-11-01,-0.005122348371535372,0.0005905096140284996,0.14471125198622883,0.004747651980421637,0.0001304239708151521,267.5669322220395,-0.00042455206167394836,0.004758573049777026
2018-11-02,-0.0054084594219417905,0.0005943907351143617,0.19016853519303203,0.006002849946587774,0.000370057973231973,271.4670861166974,-0.00038430754011128585,0.006634928749106025
2018-11-03,-0.004056083827705706,0.0005876135691411078,0.2283604508739407,0.009052618327787367,1.031295054376462e-09,268.61277485432606,-0.00046636692464014913,0.009593722072664197
2018-11-04,-0.0024240136483294817,0.0005834918406050085,0.27171081428024957,0.0033970601056928693,0.0,268.0777055844525,-0.00022064943897858854,0.0034609415435845436
2018-11-05,-0.002942288578566859,0.0005819795832122113,0.29647177715983997,0.005187210558497973,0.0,266.9904421251373,-0.0002801133382876041,0.005274340964877727
2018-11-06,-0.0014222993773255644,0.0005804606750186554,0.3495328224311441,0.007710794165814664,0.0,263.48075594426103,-0.0002058368797103564,0.007725024829374249
2018-11-07,-0.0031626155905130895,0.0005790146730713925,0.37512873705273075,0.001125638336364159,0.0,260.32775655125045,-0.00022500127259284094,0.0011299131616579476
2018-11-08,-0.0030240491453537165,0.0005775058673600019,0.3825056000617938,0.001054399567892996,0.0,259.2077112395436,-0.00026670780748465643,0.0010570907659668573
2018-11-09,-0.004775410107636856,0.000576059865412739,0.37951683145009424,7.07408213346018e-05,0.0,260.6617468817759,-0.0003019193618816171,7.276489573009944e-05
2018-11-10,-0.0034446494895859626,0.000574571012103625,0.38361388815324854,0.0032910241161362604,0.0,264.16076630701906,-0.0003348033464813637,0.003298864896678137
2018-11-11,-0.0017446114518548138,0.0005731218110370097,0.4079185241584275,0.002240885133292042,0.0,258.4993673529329,-0.00016006565321299992,0.002250281548723986
2018-11-12,-0.0033579091567777644,0.0005716412080883306,0.43181510968396897,0.002287076817730726,0.0,256.69098351545034,-0.000216274495936383,0.002291560753670602
2018-11-13,-0.004528416710048073,0.0005701789579822519,0.42452238553436916,3.524444534280207e-05,0.0,265.28775292017593,-0.00022361866372116543,3.666998976368015e-05
2018-11-14,-0.00731527485416434,0.0005712071381046274,0.41248616076683153,0.0,0.00016395566658785116,270.36953089511104,-0.00041908128871082583,2.1558819298661547e-06
2018-11-15,-0.00568196842562681,0.0005671288502418389,0.3984510633680556,1.4269756058515131e-07,0.0,268.95633649017856,-0.0003774121698349883,4.3217029559274656e-07
2018-11-16,-0.0015772503227163845,0.0005656120467320674,0.39496504789018366,0.004905877666453185,0.0,267.85227518027784,-0.0001589191161980063,0.004917890119584994
2018-11-17,-0.0019131794487689175,0.000564095243222296,0.4687672415695622,0.005415615052153162,0.0,261.4983054159276,-0.0002486115258376477,0.0054221987343177755
2018-11-18,-0.003822216585194324,0.0005625933408737183,0.48058530301024016,7.569663605447543e-06,0.0,261.8865226451062,-0.00021666768769928291,7.563934861786048e-06
2018-11-19,-0.004110420406874964,0.0005610403368028544,0.4753284633945386,0.0011421362895750057,0.0,266.0158411554024,-0.0002645500488368805,0.001146121280924048
2018-11-20,-0.004882259094445719,0.0005594806819312318,0.46883344919668085,0.0,0.0,266.8830482712798,-0.00021284061489300538,4.351138045421976e-07
2018-11-21,-0.0057479103153708294,0.0005578978755379801,0.45583813338629947,0.0,0.0,269.33856116400824,-0.0003116613748551762,0.0
2018-11-22,-0.0041852965109092375,0.0005562887185037474,0.4433798349958805,1.1570688526509173e-05,0.0,269.2683537585587,-0.0003480773503329121,5.2521070415744464e-05
2018-11-23,-0.0032812930685652184,0.0005547109633515784,0.43500089196386543,0.0014186299663815796,0.0,265.9071838572874,-0.0002707945193442921,0.0014422643656111032
2018-11-24,-0.0010805960513104154,0.000553072003994958,0.4604397933586394,0.006407271144585421,0.0,262.8767760504886,-0.00014702640579076812,0.006418149686802579
2018-11-25,-0.001882697944923983,0.0005514859984823541,0.5173813412193974,0.0012809266099485302,0.0,260.40469967398496,-9.112207924073699e-05,0.0012879758904882745
2018-11-26,-0.002613684004646237,0.0005498470391257336,0.5109467874588042,4.188226020268801e-05,0.0,261.8223716642448,-6.032943473023884e-05,4.469181511232387e-05
2018-11-27,-0.0025738708380251955,0.0005482048806497607,0.5007425369291432,0.00010565834614516652,0.0,267.7424533254907,-0.00012948211429819552,0.00010844938835855258
2018-11-28,-0.003350720020000545,0.000546531320291724,0.5000082759533898,0.003871112830389691,0.0,268.96116833228854,-0.00028268926077138233,0.0038783080617956034
2018-11-29,-0.0029013044921691812,0.0005448692094134746,0.5147390132120998,0.0008576230309103841,0.0,264.44587619515687,-0.0002058447933213859,0.0008710310956275528
2018-11-30,-0.0008576255565309255,0.0005431791483345679,0.5084062996557204,0.0013325237958444714,0.0,262.62325060210435,-5.146185472860175e-05,0.001335958168286038
2018-12-01,-0.001451069773253748,0.000541520489137725,0.5125484143273306,0.00048123226411598554,0.0,262.2725680723029,-5.322818954785666e-05,0.0004871235055438543
2018-12-02,-0.0011880806526221798,0.0005398155268976244,0.5196360787429379,0.0015413751773073177,0.0,260.0500803766053,-0.0001047047349692738,0.0015453693725294988
2018-12-03,-0.001448017097799118,0.0005381105646575238,0.5300552741731404,0.00045321392432107763,0.0,258.759635943253,-9.036676084759545e-05,0.00045807668044742217
2018-12-04,-0.001482003194800878,0.0005363907012562294,0.5316916140683852,0.0004790392046594351,0.0,258.0347615940647,-8.501007753071813e-05,0.00048585002031206075
2018-12-05,-0.0019264036821106734,0.0005346444872139538,0.5271667365524954,6.913786259411419e-05,0.0,258.09084410945803,-9.625614489202445e-05,6.970123382611464e-05
2018-12-06,-0.0022387061752168476,0.0005329014722910304,0.5269239752530603,0.0002915677588201512,0.0,256.5060575632501,-0.00012835414585589015,0.00029162950055395593
2018-12-07,-0.0027472448803610725,0.0005311536586890787,0.5209466679172552,0.0,0.0,257.8198940794347,-0.00012280109028021496,8.583068051848386e-07
2018-12-08,-0.002969353212475103,0.0005293776423244154,0.5137624507120998,1.1106079581093655e-05,0.0,262.0665352420843,-0.00012801255567767528,1.158577910924362e-05
2018-12-09,-0.0033704848949518587,0.0005276114758798632,0.506605820018244,7.198018542790818e-08,0.0,260.7963188013339,-0.00011758538394492898,3.6591180170975256e-07
2018-12-10,-0.0034690921926229016,0.0005258554119174765,0.49921746262947264,0.0,0.0,265.20125420708666,-0.00012994643911130012,0.0
2018-12-11,-0.0036653883460551337,0.000524079395552813,0.5049147668755886,0.0025755449245541784,0.0,265.5624086448253,-0.0002818097449881209,0.002589318206754782
2018-12-12,-0.002498829347939141,0.0005223100299889086,0.5123732399805792,0.0008954350220955025,0.0,265.36740530053555,-0.00020795082410344975,0.000906338210159776
2018-12-13,-0.00440773435231656,0.0005205108621026164,0.5093488387917845,9.20295083926896e-05,0.0,261.44735636594385,-0.0003448957419496472,9.37513166051712e-05
2018-12-14,-0.0036895606814131223,0.0005187316466186007,0.5015680632797788,4.538540112770211e-06,0.0,265.75723594191385,-0.00011073310706911788,4.956400341007141e-06
2018-12-15,-0.005171898647216754,0.0005169026764099208,0.4918130131091102,8.195638656616211e-08,0.0,268.39783262981985,-0.0003647859771288721,9.447335287404712e-07
2018-12-16,-0.0038782300922156733,0.0005150936586035174,0.4816066935911017,1.043081283569336e-07,0.0,267.9670439502838,-0.00018157194352756118,1.3915226872995845e-06
2018-12-17,-0.004320786497687216,0.0005132995419583079,0.47257027203978347,0.0,0.0,270.0824956983721,-0.0002433799922803028,1.7046927496267017e-06
2018-12-18,-0.003948975417573573,0.0005114607218295168,0.46359132238700573,8.733132801486948e-06,0.0,268.34827960817154,-0.0002122281466500234,1.0014287393699045e-05
2018-12-19,-0.003693041870486265,0.0005096897567059361,0.4628414290548493,0.001995985222569967,0.0,266.4699775710169,-0.0002909448092519227,0.0020643167913296802
2018-12-20,-0.003301262392499353,0.0005078277850555162,0.46604951043137954,1.3158062083572993e-06,0.0,263.28780300334347,-0.00018675676889001985,2.7318289374764235e-06
2018-12-21,-0.0041385561143611116,0.0005059848397465076,0.4599945010887477,0.000138234789088621,0.0,267.17299251592317,-0.000278852490634568,0.0001400152006031304
2018-12-22,-0.0026274685889987625,0.000504149345018096,0.46046967874588046,0.0007041521622972974,0.0,260.40571985406393,-0.00027173737558604634,0.0007078516449582208
2018-12-23,-0.002330861101716252,0.0005023179754699017,0.4587526483050848,2.2465563089834094e-05,0.0,259.8969479577016,-0.00011054016018317919,2.5598208064063026e-05
2018-12-24,-0.0018265612718075684,0.0005004709049806756,0.4562130800523776,0.0007291447560665972,0.0,262.7809280496084,-0.00010165627414392214,0.0007330748656699077
2018-12-25,-0.001720546581650858,0.0004986288857325322,0.46050669064854055,0.0003097457232448341,0.0,260.6746397072313,-0.00010965900800827535,0.00031421411842233037
2018-12-26,-0.0012934389340001986,0.0004967834148029824,0.4890219478283899,0.003691262318252844,0.0,262.78589767700316,-0.00013212887517644864,0.003696967417236028
2018-12-27,-0.0007818240230366336,0.0004949347447540801,0.5014956486876178,0.00021354717302457087,0.0,256.0671950733594,-7.039776840115672e-05,0.00021662808063927332
2018-12-28,-0.001473120755731723,0.0004930743726633363,0.5026053161046377,0.00014014009617816257,0.0,254.15222660071885,-7.326939895664905e-05,0.000142708001430176
2018-12-29,-0.0017046233860112856,0.0004912406037756279,0.4993790736081686,0.00014597476370590556,0.0,258.0519615252364,-5.185141065026408e-06,0.00014996383010280255
2018-12-30,-0.0023887266883742342,0.0004893786321252079,0.5047071783780603,0.0036479205440329973,0.0,265.7224529683029,-0.00011887219287244616,0.0036530494246572376
2018-12-31,-0.0012338043185277175,0.0004875182600344642,0.6057011663576979,0.008178655163379714,0.0,255.83665817605572,-0.0002863004614235991,0.008184768435073514
2019-01-01,-0.00210684706262276,0.0004856663908662096,0.6390684310999295,6.844814719453371e-05,0.0,252.32263212329704,-5.575666193571468e-05,6.953757361503645e-05
2019-01-02,-0.002530082555140479,0.00048382411905601206,0.6318522595191854,5.683719606722815e-06,0.0,261.6546576081472,2.5993234104355852e-05,6.557217996726388e-06
2019-01-03,-0.0026788570534038002,0.00048196214740559213,0.6202843157809558,7.888354824087715e-08,0.0,267.35741855958986,-2.1834610461515222e-05,8.300872845838299e-08
2019-01-04,-0.00400757393931265,0.0004801217277171249,0.6049574799905838,0.0,0.0,269.0551011288458,-0.00011618486947595736,8.52346317969932e-07
2019-01-05,-0.004532985305045284,0.00047826640686746374,0.5879972928436912,0.0,0.0,268.9469310128307,-0.0002463791877199701,0.0
2019-01-06,-0.005001855056501378,0.00047641268557747885,0.5718509077801318,0.00017068713987614478,0.0,268.3934660945684,-0.00045382990212427025,0.00017354224019971935
2019-01-07,-0.0036037242681966667,0.0004745605638471701,0.5615473458097929,0.00200423507788087,0.0,262.41093346044397,-0.0003795494762180889,0.0020153423474179193
2019-01-08,-0.004404569286747841,0.00047273504531989666,0.5697246774217279,8.019314563207035e-05,0.0,259.8750427411326,-0.00030349964791603684,8.38977804615536e-05
2019-01-09,-0.0037169494787178477,0.00047086642286871787,0.5614804485198918,0.0,0.0,266.7503185918776,-0.00016010011740997014,4.2319288695580326e-07
2019-01-10,-0.0035856795092087013,0.00046903745266003804,0.551036655117114,0.00037397132754999365,0.0,269.25685397290016,-0.00018801071844195243,0.00037527123163657715
2019-01-11,-0.0029146995416468825,0.00046719863253124694,0.5840186282515302,0.0052616858044586615,0.0,266.6135273195256,-0.00022211101558585624,0.005278620327002138
2019-01-12,-0.0035473633199761823,0.00046536966232256705,0.5846457616084041,3.5198731611003987e-07,0.0,261.8628018984462,-0.00015716532529410672,3.5072450583937475e-07
2019-01-13,-0.004734078032822259,0.00046352579095269327,0.5759727923434558,0.0,0.0,265.0189585173871,-0.00015761650109526803,8.583068797918258e-07
2019-01-14,-0.0044902717157945795,0.00046169774680487863,0.567321662399953,0.0,0.0,266.1150026123851,-0.00012694942728105912,1.293269178859191e-06
2019-01-15,-0.0036090961789007245,0.0004598762271767956,0.5588303043343927,0.0,0.0,265.85944046408446,-0.000147406416971468,0.0
2019-01-16,-0.0033764462854902625,0.0004580505823684951,0.5510858510622646,0.0,0.0,264.37838602874245,-0.00016041607780139998,8.583068620282575e-07
2019-01-17,-0.0024619491844527466,0.0004562165609187326,0.5435522047139831,0.00039788415539736136,0.0,265.1482373648894,-8.500479477441918e-05,0.00042634215722983827
2019-01-18,-0.0016687234158569812,0.0004544455957951519,0.5442096832332863,0.0016435070942013952,0.0,265.4298116931808,-7.946073672192246e-05,0.0016490609679028813
2019-01-19,-0.002608761065087076,0.0004526115743453894,0.5469694838012006,0.0001737151905304968,0.0,264.77384472072913,-0.0001394016941809385,0.00018095687274076154
2019-01-20,-0.0025388089108601803,0.00045079750529790336,0.5670616595309558,0.005238416146928981,0.0,268.3066951335038,-0.0001254970481419294,0.005244091102530109
2019-01-21,-0.001463102039981023,0.0004490065877720461,0.6011204261564267,0.009953583911650599,0.0,265.9941419719976,-0.0002440831250390091,0.009961235472620516
2019-01-22,-0.0027189548574598496,0.00044718081668271867,0.7310836993143833,0.0049986911274619026,0.0,259.2365754876434,-0.00024977424260923416,0.005001832368010181
2019-01-23,-0.0016372974562106164,0.0004454079994374076,0.740677138506356,0.0024717717647215745,0.0,261.12718574250937,-6.253795308918604e-05,0.0024766581542739223
2019-01-24,-0.002253947032373504,0.0004436072319914393,0.7988396193797082,0.00392065874937564,0.0,258.6138727615558,-0.00019073610504468283,0.00392807271629213
2019-01-25,-0.002578133243625447,0.0004418310893457488,0.8054983135446093,0.0010715117520194942,0.0,259.77924886082076,-0.00010584505264368436,0.0010752464320507695
2019-01-26,-0.0030023504869412573,0.0004400359203586471,0.8129156367702449,0.003333719163122824,0.0,263.2789846660952,-6.879486227776371e-05,0.00334071902800408
2019-01-27,-0.004886400354447339,0.00043824567633160094,0.8047762366113467,0.001352807664770191,0.0,267.63391273124967,-0.00020668344140726297,0.0013571009797110263
2019-01-28,-0.0030328802722322068,0.00043649441104824264,0.8223410281308852,0.004200368635566895,0.0,258.8244393271466,-0.0004275786285262324,0.004206392567368445
2019-01-29,-0.0025907910223734584,0.00043470829220141396,0.8196285844073682,8.194165377967102e-07,0.0,256.05045735633985,-0.00010906362453591354,3.3867417097859434e-06
2019-01-30,-0.004482248619114612,0.0004329735276389257,0.8065985555702685,1.1061249816485044e-05,0.0,261.3400237124743,-0.00018183536575002186,1.1624589478228726e-05
2019-01-31,-0.004913323258949539,0.0004312023099532909,0.7911459712658899,2.096433424006748e-05,0.0,264.6445855070642,-0.00012372722480930178,2.0956083879632468e-05
2019-02-01,-0.006151210200988641,0.0004294824465519965,0.7727768030543786,0.0,0.0,268.43190219397826,-0.0001419084725406884,2.5868415605145856e-06
2019-02-02,-0.004002692335743015,0.0004277359799476667,0.7520701377854285,2.1479097800066242e-05,0.0,268.9349580179276,-0.00017220877363520156,2.2906704811053088e-05
2019-02-03,-0.0012232947063311346,0.0004260012153851784,0.7514944992496468,0.006742911844772135,0.0,269.0760409180952,-0.0001300938038081773,0.006925069763835541
2019-02-04,-0.0018706421057383222,0.00042420844573759096,0.7788681346368879,0.002142849215174799,0.0,264.103093073642,-0.00015122955928077806,0.00215082386721515
2019-02-05,-0.0019133042144236594,0.0004224670303743438,0.7728942756149954,0.00017048911017886664,0.0,263.6369892199385,-5.910260402886882e-05,0.0001767422855560926
2019-02-06,-0.0006890490146006569,0.00042069581268870904,0.7650089012476461,0.000906054688207174,0.0,257.66107668400707,-0.0001223627320033009,0.0009134957681591764
2019-02-07,-0.0019051913740271232,0.00041897754884709083,0.7744331431703155,0.0004490644665761183,0.0,250.74856940950158,-0.0001512871697376677,0.00045856865704929265
2019-02-08,-0.0036727560862983015,0.0004172624841248248,0.7699098748675848,1.9063173377581237e-05,0.0,254.32867102254806,-9.114842462000875e-05,2.3259859349283718e-05
2019-02-09,-0.0035414259228329203,0.0004155740226055943,0.7641978578154426,0.00010861923633995703,0.0,257.741019477054,-0.00012021019297131036,0.00011241698669032863
2019-02-10,-0.003618023195172434,0.00041385070752289336,0.7627438187823684,0.00043101213072652876,0.0,258.30567915605735,-0.0001291184459870818,0.0004347941126850902
2019-02-11,-0.004309157740935094,0.00041216384556333897,0.7560458138388654,0.00029171352921906167,0.0,259.71931995600187,-0.0003152454303482832,0.00029485574204029993
2019-02-12,-0.005524607659396479,0.00041047193236270194,0.7480864156661958,3.981451361866321e-05,0.0,260.1169582158608,-0.0002851558607176872,4.2647493658819904e-05
2019-02-13,-0.0061731473200738775,0.00040879997156434146,0.7378773374970574,0.00011991094903083845,0.0,263.63246207228264,-0.0003291010319934053,0.0001253692780510854
2019-02-14,-0.004024731742460175,0.00040711790828381554,0.7284066582803673,0.000321923844558371,0.0,263.97021182288336,-0.00016536746216190738,0.00032803018878742784
2019-02-15,-0.0061883046633779675,0.00040541614516306735,0.7582417001383005,0.007009717914680978,0.0,266.9321775202922,-0.0003506980183939476,0.0070158749481029304
2019-02-16,-0.004072836605505755,0.00040364812659678486,0.7789069856403013,0.0023013907721487143,0.0,262.96293137257607,-0.00043375777491068434,0.002305736851455182
2019-02-17,-0.001986010473663524,0.0004020240684013582,0.7945398018185028,0.000868496690261162,0.0,256.9041492225087,-0.0002141923638386915,0.0008762422422904753
2019-02-18,-0.0026987307405067704,0.00040033375476039736,0.7929370255120057,0.00010560059362212145,0.0,253.7738044113763,-0.00010525981374716356,0.00011087940564134008
2019-02-19,-0.0043262122882961555,0.0003986764425611766,0.7860355700476696,2.1095245571459758e-07,0.0,253.928134871517,-0.00011386489758720506,1.9330089034063625e-06
2019-02-20,-0.0031077215227030097,0.0003970191303619558,0.7796079129149012,0.00013895339127314294,0.0,254.15754307102122,-0.00010111009291673111,0.0001436922509564114
2019-02-21,-0.002005734138906339,0.00039534371788218874,0.7791102062735406,0.0007815093728108596,0.0,253.93900430180034,-0.00010059948610720662,0.0007863645002102959
2019-02-22,-0.0037486133518192057,0.0003936896048023203,0.7901919377501178,0.00042734796044516704,0.0,256.7454798890597,-0.00011168949642760606,0.0004333224981193605
2019-02-23,-0.003676207641423759,0.0003920487933239695,0.7835019788724106,0.0004277564585208893,0.0,257.65456642898016,-0.00012333554841872663,0.0004316133807531586
2019-02-24,-0.0024471514474200665,0.00039039973148518366,0.8277679845662665,0.00465699251593843,0.0,258.03688848175796,-0.00016114080987744413,0.004661003169636224
2019-02-25,-0.0023081654966887787,0.00038869106500162245,0.8572956667108051,0.00023937930410864667,0.0,260.29118604713915,3.859805374664103e-05,0.00024659034212300986
2019-02-26,-0.004105783956872541,0.0003869941005599028,0.8438697714365585,0.00011840854155815254,0.0,264.9840924034909,-3.840464909197921e-05,0.00012326654357006664
2019-02-27,-0.004107080021147001,0.00038532348675916425,0.8304990491849106,0.0006721569277809165,0.0,263.8530345888012,-0.00012578882045496655,0.0006798094433226889
2019-02-28,-0.005041817445202736,0.0003836611233188608,0.8174474109139597,0.0008088115202841787,0.0,266.35570685248365,-0.0001811033777766309,0.0008187213522784994
2019-03-01,-0.005824161619789857,0.0003820352130017038,0.8425113656426553,0.005020810133319791,0.0,262.84101696337683,-0.0004953902246335806,0.00505428352935166
2019-03-02,-0.002450009313343609,0.0003803893502822704,0.8686672864436206,0.002154610798520557,0.0,256.06823071337914,-0.0003343049152675322,0.0021587715814666425
2019-03-03,-0.002073775871662097,0.00037876503952478957,0.8822616893243881,0.0002614882285312071,0.0,251.6311064682438,-0.00011137313614625716,0.00027230895508480613
2019-03-04,-0.004663318016771543,0.00037712582760611495,0.8752664397216338,4.479819435184285e-07,0.0,251.5161008709119,-0.0001441356436596752,2.161324943499186e-06
2019-03-05,-0.006754346149789412,0.00037551136676874545,0.8675525614995293,-2.062590108752924e-09,0.0,255.724605423807,-0.00013624963029629767,0.0
2019-03-06,-0.0042763531292225685,0.0003738788056508296,0.8616669793137949,0.000583336051911284,0.0,261.1444618095786,-3.3371139970202905e-05,0.0005887871082477123
2019-03-07,-0.0077894773271124235,0.00037229414713584773,0.8636483804878766,0.0015191268491542946,0.0,267.08937725419156,-0.00021327811024956784,0.0016201304345481143
2019-03-08,-0.0061817399862795904,0.00037067808673880195,0.8468858966719633,0.0003021429108697816,0.0,266.1577320996875,-0.00033601673877677003,0.0003103757307678156
2019-03-09,-0.003962968954932218,0.00036909502778349626,0.8575545201418315,0.004112347223832783,0.0,262.89845963027295,-0.00039873639974048584,0.00411761807173993
2019-03-10,-0.00597139115387437,0.0003675144944487319,0.8740737828831217,0.0004900713466991813,0.0,260.3638814038925,-0.00031953621760936785,0.0004979063214685824
2019-03-11,-0.010171450295690764,0.00036592571075353244,0.8611529506532487,6.146939460840604e-07,0.0,263.2702909494748,-0.000317099298966133,3.0703714699196665e-06
2019-03-12,-0.011878505475440268,0.0003643493025989856,0.8461670381650189,0.0,0.0,266.51760534871994,-0.00039793570436495176,4.185351585306307e-07
2019-03-13,-0.003939100241256973,0.00036282079704737263,0.8400766261328863,0.0057017296173815,0.0,264.01562935708836,-0.0003947772317181873,0.005704595207494531
2019-03-14,-0.005185593235290657,0.00036125263925326073,0.9273465546286489,0.005805052837914666,0.0,260.64168817265113,-0.0003707899085882694,0.005816122783935717
2019-03-15,-0.007275375774351217,0.0003596828818994728,0.9331852397451743,5.842248598734538e-05,0.0,261.5305615549034,-0.00020309992260852104,6.246605534309409e-05
2019-03-16,-0.008213765582459122,0.00035814107474634206,0.9161494195798023,1.8258363345248552e-05,0.0,264.3682919733942,-0.0002122381018043238,2.194592507082188e-05
2019-03-17,-0.008951865262904412,0.00035661096963505285,0.8967986313412195,1.2019849092946888e-06,0.0,266.31519746870197,-0.00031273748915074237,1.2190664774144832e-06
2019-03-18,-0.009370457191588516,0.0003551040160453925,0.8772174957332863,5.1047631912985765e-05,0.0,266.61272441195905,-0.0004024995164682637,5.445724486588078e-05
2019-03-19,-0.009825586599145232,0.0003535837608542147,0.8592168373352166,8.605908876085012e-05,0.0,264.5310658348931,-0.0004681198210534403,9.081001668956987e-05
2019-03-20,-0.011526150555260439,0.00035207680726455435,0.8433690762564737,0.0,0.0,268.5733678785422,-0.0003285377923041414,1.7145424635600648e-06
2019-03-21,-0.013445520594631886,0.0003505648024338114,0.8261990017361112,0.0,0.0,270.49877432555576,-0.0004968618668910474,1.826549578254344e-09
2019-03-22,-0.013574300176006252,0.0003490825999254561,0.8061980913812383,2.1333285307480117e-06,0.0,270.6239604447072,-0.0006767861955499245,2.8946458057508628e-05
2019-03-23,-0.009740821091131975,0.0003476070482178597,0.7907682659486819,0.0006411619231862538,0.0,270.59507097362797,-0.0005158561592300733,0.0009896321287073654
2019-03-24,-0.009099046557636586,0.00034612164659015204,0.7804293012888419,0.0014017211894194286,0.0,269.56850191608436,-0.00044193502915444347,0.0017029378806941076
2019-03-25,-0.007283713647537987,0.0003445995392772438,0.7866714391331217,0.0024011535201705785,0.0,269.8785437855119,-0.0003803713447124945,0.0024808234414138365
2019-03-26,-0.014101768365014072,0.00034319344213453395,0.7830893306408899,3.946282095828299e-07,0.0,271.2458658308184,-0.0006938162759619917,3.93828429744742e-07
2019-03-27,-0.014147839893055502,0.0003417045888254198,0.7676332980225989,0.0,0.0,271.6429024963954,-0.0006504641466979253,1.2814997489840607e-06
2019-03-28,-0.007944818438783205,0.0003402604389998873,0.7565053591395952,0.0010159539721779904,0.0,270.6841335188871,-0.00048906607079809,0.0011552014930100091
2019-03-29,-0.004469016261693448,0.00033881788873403086,0.7580810087099812,0.003791795001696732,0.0,267.6113240409033,-0.0005077904953205653,0.0038029018567839186
2019-03-30,-0.008106047782184041,0.0003373835888286095,0.7749768273305085,0.00041415887532261135,0.0,263.9855508714521,-0.00046824432362270896,0.00041566193092524374
2019-03-31,-0.011210096926338928,0.00033595593972394696,0.7664404112964925,3.7268730206678146e-05,0.0,266.3441297527536,-0.00038183378950182333,4.364398576445499e-05
2019-04-01,-0.006686309847117817,0.0003345596925013483,0.7710358643037899,0.004435027197087552,0.0,266.8173265331434,-0.0004134400731931299,0.004517420403096102
2019-04-02,-0.007734675318171076,0.00033311874179516813,0.8026352934469163,0.0019057474104361347,0.0,266.51265661236033,-0.00040680520489054213,0.0019360745410793598
2019-04-03,-0.008742957128643317,0.0003317655984964748,0.8023686238376884,0.0014044630662196102,0.0,269.25620408067147,-0.00037300102096998093,0.0017286770086827787
2019-04-04,-0.011812491773885523,0.00033034619975224727,0.7987129513153249,0.0004157822179255513,0.0,271.56152256464554,-0.0005325192669774853,0.0007107816341451871
2019-04-05,-0.013343771719663156,0.0003289896047721475,0.7804649338659371,7.017099924680204e-06,0.0,272.6298300066012,-0.0006812070312220499,0.0003986429843035633
2019-04-06,-0.013181220129721583,0.0003275933575495488,0.7606120711217044,1.1037635264423608e-05,0.0,273.01889153029737,-0.0007697478736524528,0.00033706832937369877
2019-04-07,-0.016763660109649272,0.00032622186140825524,0.7416739311146422,3.652762895250051e-06,0.0,271.8650045915737,-0.001106667074527444,2.9243275845714645e-05
2019-04-08,-0.011254738574310886,0.00032811346700636006,0.7245167302995528,0.0002509689768828915,0.0002227536913028545,273.3212826759353,-0.0006268258222331436,0.001017567568790179
2019-04-09,-0.012232910357626144,0.00035545743454647605,0.7053680132562383,1.643442333081348e-06,0.0016405786792773984,274.3945375323969,-0.00074842496443603,0.0017404348559310239
2019-04-10,-0.003917839314978001,0.0003413794572743993,0.7602042505296609,0.016453273236583184,3.610732360074749e-06,268.4142763996304,-0.0009202206517848592,0.01833393415478534
2019-04-11,-0.008372503401195937,0.0003208021322886149,0.8300450211864407,0.0016991627839325514,0.0,263.5765953028045,-0.0006282904295850609,0.001704551910758561
2019-04-12,-0.00758333609434171,0.0003194670892704679,0.8279537337423494,0.0006265381382683576,0.0,262.50747103071484,-0.0004423388443087454,0.0006288199269824715
2019-04-13,-0.011062510985102357,0.00031817169849481967,0.8248822055967514,0.00023693031510390808,0.0,263.81342218689997,-0.00043495171992792255,0.00023840707900704618
2019-04-14,-0.006815951086033537,0.00031687630771917144,0.8245470294844633,0.0041585776344530995,0.0,268.2777955509624,-0.00024016391970006762,0.004419993748053643
2019-04-15,-0.0077179999927342955,0.0003155612171033008,0.855626223002001,0.003596149090319704,0.0,270.25961986908135,-0.0004487279749943712,0.0038133551508693375
2019-04-16,-0.008320418749488679,0.0003143900868582861,0.8626219323799437,0.0016486856265593385,0.0,270.7875663412493,-0.00032412440721261304,0.0032499848962606465
2019-04-17,-0.00944542661730179,0.0003130068886751509,0.8712300733433381,0.0036997274195743825,0.0,270.43413551244356,-0.0007895217513886549,0.004191922215316309
2019-04-18,-0.015006042048756012,0.0003117130974591789,0.8813225985022364,0.002488921022852936,0.0,270.09948164370553,-0.0008524533119157882,0.0026726050566071025
2019-04-19,-0.017515594676389534,0.00031858463745332706,0.8672180750500236,4.340910305411129e-08,0.0005435523719100628,274.41239337597864,-0.0005309280523725149,3.0393842252699663e-06
2019-04-20,-0.019281116582579534,0.00037329210399907867,0.8293813357020953,-8.31350094854495e-10,0.0038883900743419846,276.3812920306362,-0.0007673324122604004,0.0009340423577963018
2019-04-21,-0.005594221043721432,0.0003596598145651952,0.8018603423669963,0.0035699256564264248,0.0016803705044048656,273.3872878618833,-0.00037081764832054835,0.0066764793994500546
2019-04-22,-0.009029754937368597,0.0003070421306426916,0.816566481653131,0.002175583993479357,0.0,272.38294034983033,-0.0007789657519614631,0.0028144038160860746
2019-04-23,-0.015728377310906427,0.0003419523522005243,0.7952234875235406,4.990436768127701e-06,0.0018390689024143975,274.0515316749473,-0.0005794177358012416,0.000679022966029334
2019-04-24,-0.010687998501257708,0.00041164634591442053,0.7662213284192563,0.00039980154337182565,0.003297545920825948,274.28740816780856,-0.0005104643013854486,0.006107419308296032
2019-04-25,-0.010419583169080444,0.000340530764585161,0.7702445912046847,0.004428842015522348,8.703669333188549e-05,271.5182591741817,-0.000929234381028488,0.0060488522052715155
2019-04-26,-0.014032782513206289,0.0003451730235148285,0.7646305062676554,8.309291580976068e-08,0.0016207344156537351,273.74093751494274,-0.0007409101541517146,0.0030416049862985557
2019-04-27,-0.013328984085112643,0.0003261017260578393,0.7771598399246705,0.005294210177525289,0.00016070521399799714,270.69510804731294,-0.0011896208496922154,0.007347366735760102
2019-04-28,-0.011848986106740554,0.00029995204028436696,0.7869884541254708,0.0035850062629597334,0.0,268.9644428260358,-0.0010310478855745267,0.00390681964685656
2019-04-29,-0.008220655222733816,0.0002989583769760563,0.8056629130620292,0.001290455186939509,0.0,262.4328657390932,-0.0006864109776366903,0.0012968156855205479
2019-04-30,-0.006941279280657149,0.00029803921947371497,0.8301280106079332,0.0036946149953341082,0.0,264.8011901410062,-0.0003955950381728889,0.0037034916418655496
2019-05-01,-0.007334225090210048,0.00029711181161093847,0.9167758632738937,0.01094381172357306,0.0,265.1269226038299,-0.0004996873522545659,0.010970292572818962
2019-05-02,-0.013436603344092935,0.0002962027565907624,0.9550420326477168,0.000774404107682449,0.0,265.9336525437522,-0.000611867629370447,0.0008109983582840936
2019-05-03,-0.01389001423524598,0.00029532005221156755,0.9681955111228815,0.0027923790664322636,0.0,268.4377013994925,-0.000521771009948294,0.0028135847821282515
2019-05-04,-0.01626998884866467,0.00029447725263692567,0.9568661907073917,3.0625674684168934e-06,0.0,271.37197250610467,-0.0006782464198978608,0.0002062938138240338
2019-05-05,-0.01106825984467221,0.0002937023080674942,0.9396669204625706,0.0015578163461496604,0.0,272.4046493214178,-0.0005564512474472914,0.003040263965978461
2019-05-06,-0.0079894105004052,0.00030232342959797315,0.9454210069444445,0.002608244638826888,0.0004890264132938817,272.6660170725735,-0.00036944392647615264,0.0032575276443059025
2019-05-07,-0.006243502226589764,0.0003280422445070946,0.9241085878648776,0.00164026924866741,0.001352504653445745,273.0953138139513,-0.0003239504971915046,0.003082641942352899
2019-05-08,-0.006465489076355757,0.00030397712174108475,0.9519033773246234,0.00982149684075582,0.00020340007156302028,270.8675401978574,-0.0007747868233818119,0.010748316372752918
2019-05-09,-0.007095978127024269,0.00029028110248220846,0.9880391783633476,0.007532345583546633,0.0,268.0949280015044,-0.0006660530291034678,0.007857737332409126
2019-05-10,-0.011985447405085052,0.0002895359602351647,1.0404144689412667,0.002957888094887222,0.0,268.69833580203874,-0.00054198666607256,0.0037363359014629003
2019-05-11,-0.010998963299444168,0.0002888158216314801,1.0782082193090867,0.009810632126311124,0.0,271.1832409371989,-0.0004953617430002676,0.011344685477052032
2019-05-12,-0.017424213894679724,0.0003209443247250918,1.0832468955979284,3.7713197328276556e-06,0.00156882150614329,273.68131886139207,-0.000601401184238283,0.0010138350522101126
2019-05-13,-0.02052680150432102,0.0005108931307065286,1.0361787900188326,-3.725290298461914e-09,0.007608274934487155,276.3314720663872,-0.0006375664445219068,0.0010092185546099668
2019-05-14,-0.021881530345496485,0.0007358216128106846,0.9755057067296374,0.0,0.008343147713754138,277.1379537025639,-0.0008082468388865224,0.0005945155176051525
2019-05-15,-0.020390267804854336,0.0013833892884227517,0.9175436878383946,0.0,0.011958828522155516,278.27235031846334,-0.0006197259556186402,0.0005639858164980015
2019-05-16,-0.012886975107893432,0.004383114434904972,0.8539013763830038,0.0,0.016032322567735017,277.5006288180019,-3.2413382567254835e-05,0.006324275267223909
2019-05-17,-0.007139125491602947,0.006471967040482213,0.7866447721721987,0.0002073349041790612,0.017752738995740643,276.98471274079577,0.00043958572849715495,0.011644266419491527
2019-05-18,-0.004982574300914161,0.0004224315033120624,0.8139958785752119,0.019027858530565846,0.0013377447375806713,271.7334864341607,-0.0006724706308989876,0.02124892254329164
2019-05-19,-0.006659146503540082,0.00033563257610730535,0.9004060274688089,0.0032781572160074266,0.0,268.4726345220304,-0.0006343092990376182,0.0035680537517026427
2019-05-20,-0.00786567437278349,0.00035582996357632225,0.9236603070562619,0.006033418752716087,0.0,270.69082528812964,-0.0004012612257636873,0.0065908229576126555
2019-05-21,-0.0045771320997658425,0.00037307220663728016,0.9456566417284604,0.005017161853401002,0.0,270.45955272897265,-0.00045733493726469033,0.0059423997903655015
2019-05-22,-0.004547857211134528,0.00038811067740122474,1.039046867643597,0.018529791448075896,0.0,268.0102598114876,-0.0005045637046381579,0.01906505060397475
2019-05-23,-0.008107640143841674,0.0004014333257567411,1.1226139966601931,0.00378619593247182,0.0,270.33344670024525,-0.0002828033188473707,0.003918038891358694
2019-05-24,-0.007312941433346205,0.0004135510005519889,1.1588196835275426,0.012739360206207988,0.0,271.7192560185147,-0.00042665378837767297,0.014195717913282793
2019-05-25,-0.016161244594107917,0.00044107091965648416,1.15779714350871,5.037808990747916e-05,0.0006937082793753026,273.51565102040206,-0.000605304967506794,0.0003581722043060178
2019-05-26,-0.018895431974176632,0.0005488962271792741,1.104195402615937,0.0,0.004240157871933307,275.3703151961505,-0.0007208866188250019,0.0003958207224738061
2019-05-27,-0.003264000691936515,0.0019813045270025394,1.0553410704302026,0.002933775301033494,0.005360970347277862,274.4850512359102,5.008116638087957e-05,0.015307803897696103
2019-05-28,-0.005653199039946842,0.0016056423806874766,1.096233705567326,0.016471932773704585,0.003232656309833634,273.5158134252114,-0.0002960988904460002,0.025711563616743094
2019-05-29,-0.017698611580045886,0.0005846122058771425,1.1053448405867468,2.3674388221428218e-05,0.0012653589795875012,273.7280083277356,-0.000864351641828731,0.0007478663140438641
2019-05-30,-0.02103500417565222,0.0008834257806088292,1.0589017993761771,0.0,0.004202713526911655,275.50256806353843,-0.0007835804658421015,2.4693920132426302e-05
2019-05-31,-0.014238794897235722,0.003351490713108731,1.004869938794727,0.0,0.007509039978017915,276.4600046305109,-0.00039470037918979843,0.005320998538000517
2019-06-01,-0.012453686466998301,0.003930656334101144,0.9487849521098164,0.0,0.012544609669406534,276.2896901793399,-2.272864856288932e-05,0.0018723859287916066
2019-06-02,-0.019647022888148572,0.003710232548794504,0.883206987111582,0.0,0.015923637181183715,278.08557015399253,-0.00023077633021409904,0.0001837755327511912
2019-06-03,-0.018845217628667584,0.0042337298729998914,0.8144742746586628,0.0,0.016195888573167016,278.3955368178488,-0.00025806653360694145,0.0008252864335166634
2019-06-04,-0.017048956142307,0.005984883692304967,0.7516503630384888,0.0,0.0188656876358272,278.06362071279756,-8.395931415133557e-05,0.002247250770444924
2019-06-05,-0.01724314588611409,0.007440027459866583,0.6835919108992468,0.0,0.019595009374753232,279.252423288234,2.3331524709523736e-05,0.0016004232700261695
2019-06-06,-0.02384150583865279,0.007524750495361071,0.6148037955361347,0.0,0.020454146304709764,280.17613955495943,-0.00035791250082564224,4.046198373312802e-05
2019-06-07,-0.020591268010732144,0.011576621545910163,0.5461177502648306,0.0,0.020610797034818575,280.39266932931105,-0.00027837643747107466,0.003835722917622117
2019-06-08,-0.004509141216170316,0.008836404330986368,0.5078177874146658,0.010619438763728924,0.007239994124672506,274.9001399182106,1.2451546045683197e-05,0.016801180223287165
2019-06-09,-0.014187797525171509,0.0073582891185404896,0.5693476617673023,0.0024968806422699646,0.0003999707389012569,270.43435487549635,-0.0010762112583480987,0.00324880110341453
2019-06-10,-0.01952865808191946,0.006910172391072505,0.561048029955273,0.0,0.002989801267782847,273.8035207809477,-0.0009466461037511879,0.00010783544357757762
2019-06-11,-0.010074547244667335,0.008025041407784499,0.5416602298140302,0.0006166978155152273,0.007748493430136289,275.9037143613883,-0.00013055360881285478,0.009717519612226399
2019-06-12,-0.01708821838690063,0.007305676317484366,0.5031347472339925,0.0,0.011459245204420413,277.0663579520533,-0.0005815339742996599,0.0006511892292895585
2019-06-13,-0.01849693927050984,0.012959369158340712,0.4538617897392891,0.0,0.015484047895770963,280.7510778674972,-0.0005839515193286589,0.006625340735844974
2019-06-14,-0.012946283581566678,0.01682616290399584,0.40506515933968934,0.0,0.013158408767085966,280.64619132578935,-0.0009283378646619576,0.012357912780772551
2019-06-15,-0.016271860249298442,0.011369523776453094,0.3668612895038842,0.0,0.01043468713760376,279.99165883396535,-0.0012988932167658698,0.007347142629087578
2019-06-16,-0.008713335640686382,0.01569282242470542,0.33740372307556504,0.0,0.009396047326131056,278.9274707909134,-0.001225029323565758,0.01462469920936809
2019-06-17,-0.008540558570859124,0.017617059461141036,0.31045905793903017,0.0,0.008672741867896528,278.9731119913795,-0.0012888310919121162,0.015425884661493396
2019-06-18,-0.013198985302515624,0.023198965747477648,0.2855247598134416,0.0,0.008603175670582023,279.24337708568396,-0.0013577927451180875,0.01007630246161525
2019-06-19,-0.019764672228172003,0.012341286671363702,0.26083805062676557,0.0,0.007110783062075492,279.87056977510906,-0.0015117171257313365,0.004621219028815361
2019-06-20,-0.01964013526837031,0.010375705563415917,0.2426845169785782,0.0,0.00247368328062828,277.19329125643225,-0.0017081234120042985,0.003686809253466978
2019-06-21,-0.018690328434698998,0.009402278368755923,0.24028632959628066,0.0028922442494139166,0.0002531349280122984,274.5319886036961,-0.0016981628276197252,0.0042078150530083435
2019-06-22,-0.023201131004061404,0.00866857735113909,0.25084782544726936,0.0,0.00024107477422487941,274.64559523084966,-0.00166058709245112,0.00033579598375632944
2019-06-23,-0.01808886246829383,0.008048757068854943,0.24264589586275895,0.0,0.0022287382454858665,276.1648759823959,-0.0013581650478944269,0.0015284048481631458
2019-06-24,-0.020136273471312333,0.007918734924267916,0.22744940633827684,0.0,0.0038137354672291863,277.9486989813336,-0.0017595457776033946,0.0040553455342183945
2019-06-25,-0.023007720330003964,0.007647208574801515,0.21419868541078155,0.0,0.005227352413585631,279.01499690398884,-0.001575115526168697,0.0016438712339503078
2019-06-26,-0.024117964851317432,0.008611623850245935,0.19379317289018363,0.0,0.008927190223824507,282.22109164221814,-0.0015517530836543798,0.002146225443667611
2019-06-27,-0.03376670943646781,0.00859306609563235,0.16836070834804617,0.0,0.009363545957258194,284.11241378712344,-0.0018763230208539022,0.0001798883333044537
2019-06-28,-0.034621216020004904,0.008546199081307751,0.1419514514183145,0.0,0.010182033277164073,285.9106128821939,-0.002042074451002024,8.583068797918258e-07
2019-06-29,-0.03231542721643286,0.009966123322982573,0.11319481226459513,0.0,0.01028489104687831,285.86471948066907,-0.0018209841070791423,1.5786180661617865e-05
2019-06-30,-0.016796656415960884,0.013746060809846656,0.08793085532897836,0.0,0.010111993736466447,283.7928428829502,-0.0012599689370326405,0.00600764562704053
2019-07-01,-0.022881771632507025,0.014547270317535617,0.06326713490171847,0.0,0.009837036541963029,283.68175265928227,-0.00178027833880341,0.0007061183283776752
2019-07-02,-0.030606702517318188,0.011270052463994863,0.04190345088865349,0.0,0.0062520997546150195,285.2481150761836,-0.002188869273174281,4.735302790410102e-05
2019-07-03,-0.019490304260940877,0.00997999891386194,0.027214093396892663,0.0,0.0053850547489473375,283.4336916892991,-0.0019209225909352977,0.0025873953676493157
2019-07-04,-0.01440393335401675,0.00937337508309359,0.015511435528483995,0.0,0.0038153242719712235,282.5890412195928,-0.0021500179470427296,0.006600297524430658
2019-07-05,-0.01737439034685577,0.008421505743500876,0.008606071975047081,0.0,0.0017639426777591814,281.13285262256915,-0.0025350095041222495,0.0043589118510088945
2019-07-06,-0.027912142460292347,0.007356446257418833,0.005069021451271187,0.0,0.0011344826280397212,282.7515943423054,-0.00250442718592404,0.00018141929711555093
2019-07-07,-0.03483779513734882,0.006499674192256173,0.002883709981167608,0.0,0.000695635938206635,285.87575689771984,-0.002871513624522982,0.0007397176686303628
2019-07-08,-0.030805856115737204,0.0058735157810362055,0.001419326006355932,0.0,0.00040955161728427916,286.2388708111032,-0.0027645688167231234,0.002494747692582298
2019-07-09,-0.018671008531993393,0.005370565558557457,0.0005406956214689266,0.0,0.00013956711706468618,280.7441876118691,-0.002486883678426177,0.0034450367682347964
2019-07-10,-0.02872525976370957,0.004923558336193279,0.0005406956214689266,0.0,9.452099096303607e-05,282.5134273069277,-0.0026382679477502395,0.0002637065068245642
2019-07-11,-0.03759486960657573,0.004586327210658014,-7.3453647229951e-24,0.0,6.15102254738242e-05,288.27726217582403,-0.0031868970116316264,0.0017607639063012075
2019-07-12,-0.03563971893262055,0.00426547557620679,-7.3453647229951e-24,0.0,2.5185845834387225e-05,288.63478478828614,-0.0029339318368899617,0.00017447545693289744
2019-07-13,-0.03261290195971559,0.004006473189693387,-7.3453647229951e-24,0.0,9.230364345561315e-06,288.11818545641427,-0.002748637728519359,0.0002895224902589443
2019-07-14,-0.03637513530961538,0.0038044587366998536,-7.3453647229951e-24,0.0,3.150164407525359e-06,288.5782827603615,-0.0031774973149521876,0.00241084246985159
2019-07-15,-0.03455048635349436,0.0035775712149291395,-7.3453647229951e-24,0.0,9.970939428792837e-07,287.61461707652177,-0.0027887053408865207,0.0008212937473577296
2019-07-16,-0.031202762771797725,0.003399706156240345,-7.3453647229951e-24,0.0,3.749915098739883e-07,286.58851012177837,-0.0026106865455706916,0.0012703664727016493
2019-07-17,-0.029344913144569617,0.0032324991320486123,-7.3453647229951e-24,0.0,1.5016918801991953e-07,285.5554250799779,-0.0026243486583738007,0.0006489411613992325
2019-07-18,-0.03979602818098446,0.0030791410955332095,-7.3453647229951e-24,0.0,5.5689932936328956e-08,286.8768729948055,-0.0027337481378246166,1.9915359841901707e-06
2019-07-19,-0.03712296995234355,0.0029476308553232316,-7.3453647229951e-24,0.0,2.2688491196282166e-08,287.5776807709603,-0.002608489702945039,0.0008266665166931906
2019-07-20,-0.02569345523745327,0.0028189841636830134,-7.3453647229951e-24,0.0,6.187770326258773e-09,285.297922389431,-0.0020750403656797896,0.00030302373355935505
2019-07-21,-0.02202427639799603,0.0027186039645793075,-7.3453647229951e-24,0.0,6.187770326258773e-09,284.8682425224175,-0.002545828546928821,0.0023528173818312932
2019-07-22,-0.028485083984116377,0.002601951023953109,-7.3453647229951e-24,0.0,0.0,287.0790711598657,-0.002371614598958506,0.0009558902285143582
2019-07-23,-0.030634995528870383,0.002534103763979034,-7.3453647229951e-24,0.0,0.0,288.4535685968489,-0.002887327429222859,0.00419664596760211
2019-07-24,-0.02458913157046852,0.002406376903339968,-7.3453647229951e-24,0.0,0.0,288.4968564272376,-0.0023338999125664516,0.0013427600521708361
2019-07-25,-0.034235317617823176,0.0023189911061087575,-7.3453647229951e-24,0.0,0.0,287.176146063652,-0.002885287438156241,0.0013691704825265529
2019-07-26,-0.03237557790036929,0.0022255098078883978,-7.3453647229951e-24,0.0,0.0,287.60670759987704,-0.0023375594630669068,9.023537070064223e-06
2019-07-27,-0.029162765812065644,0.002151722877712573,-7.3453647229951e-24,0.0,0.0,287.1333740866566,-0.0020704428681125077,0.0007604798992746906
2019-07-28,-0.02837076248590556,0.0021091369585802327,-7.3453647229951e-24,0.0,0.0,285.58600245761335,-0.0022041828576791086,0.003830133100687448
2019-07-29,-0.029150443519912875,0.0020115246712151223,-7.3453647229951e-24,0.0,0.0,285.2365906314886,-0.002529520257297209,0.0006293583050732154
2019-07-30,-0.03444817232883583,0.0019426334038966122,-7.3453647229951e-24,0.0,0.0,287.18554614223336,-0.0022818361340606282,0.00020343531649535636
2019-07-31,-0.035341920615252806,0.001884726144499698,-7.3453647229951e-24,0.0,0.0,288.40294475519505,-0.002416884905453456,0.0007426080001539313
2019-08-01,-0.02934359994816915,0.0018377918644813494,-7.3453647229951e-24,0.0,0.0,287.5989591415319,-0.002803523761699092,0.0026814520017019844
2019-08-02,-0.029300032320332396,0.0017742309193153167,-7.3453647229951e-24,0.0,0.0,287.2366194895656,-0.002164429895537721,0.0013542797605820397
2019-08-03,-0.036611998948337,0.0017119912104418052,-7.3453647229951e-24,0.0,0.0,288.6286553600189,-0.0023424072180595777,3.7626694824736e-06
2019-08-04,-0.03828169860072055,0.001669285492708454,-7.3453647229951e-24,0.0,0.0,289.25161309610434,-0.0023203017558418425,0.0012623859664141123
2019-08-05,-0.03181943171105142,0.0016451762557703224,-7.3453647229951e-24,0.0,0.0,287.6924749184014,-0.002926473458439617,0.00452277007075529
2019-08-06,-0.033390967396356296,0.0015869832645028325,-7.3453647229951e-24,0.0,0.0,287.7426590748875,-0.002257389169039026,0.0023712794491126715
2019-08-07,-0.027207126304254693,0.001556660159159515,-7.3453647229951e-24,0.0,0.0,287.02498990218743,-0.002552097694853605,0.003808928132687953
2019-08-08,-0.025775499136771185,0.0015397454048954164,-7.3453647229951e-24,0.0,0.0,286.30694456872743,-0.002309366292451735,0.006032614485687197
2019-08-09,-0.02191563944021861,0.0015160291545135156,-7.3453647229951e-24,0.0,0.0,285.322941426279,-0.003085425754977485,0.007211319655999113
2019-08-10,-0.030710186156849405,0.001410974284349862,-7.3453647229951e-24,0.0,0.0,286.41870170708205,-0.0022552784763823796,0.00029249417312580153
2019-08-11,-0.028265387619619317,0.0013885369240227393,-7.3453647229951e-24,0.0,0.0,286.3214387875717,-0.0023504499514392543,0.001972910797453654
2019-08-12,-0.032329204560673175,0.0013409376481158585,-7.3453647229951e-24,0.0,0.0,283.79366591645726,-0.0021216307193209225,0.00022310988377219205
2019-08-13,-0.02797800205690039,0.0013096703816268403,-7.3453647229951e-24,0.0,0.0,282.8324457517003,-0.0019863232875526964,0.0004456046946628483
2019-08-14,-0.028267246097494654,0.0012798689011126589,-7.3453647229951e-24,0.0,0.0,284.0311357314978,-0.0019580587208018465,0.0006676802022308954
2019-08-15,-0.0251876741310971,0.0012862187320903198,-7.3453647229951e-24,0.0,0.0,283.54342608622466,-0.002290951982561478,0.004648224782135527
2019-08-16,-0.023474960845742524,0.0012442599245383915,-7.3453647229951e-24,0.0,0.0,282.20426195579284,-0.0029052819341084377,0.003496519690848081
2019-08-17,-0.024250211309915212,0.001194142436577102,-7.3453647229951e-24,0.0,0.0,282.4795506615648,-0.0016437130901267975,0.00047454557849862486
2019-08-18,-0.023761984571225227,0.0011831978283359506,-7.3453647229951e-24,0.0,0.0,282.72433703004083,-0.0026181893907276928,0.0023190069333308165
2019-08-19,-0.03559054522696188,0.0011411765537693004,-7.3453647229951e-24,0.0,0.0,287.06394729326905,-0.0022581798987368405,0.00021070342952922243
2019-08-20,-0.03287870070691836,0.0011375386499415682,-7.3453647229951e-24,0.0,0.0,287.3486127871354,-0.0022147746314689267,0.002577208304900524
2019-08-21,-0.02848738457186747,0.0011079476378058311,-7.3453647229951e-24,0.0,0.0,287.1373455205655,-0.002271487845876123,0.0020705727376038297
2019-08-22,-0.03171669043558466,0.0010694061632210252,-7.3453647229951e-24,0.0,0.0,287.8206193963462,-0.0020332827869444917,2.518885553219898e-06
2019-08-23,-0.01821887838301686,0.0011228446738194612,-7.3453647229951e-24,0.0,0.0,284.43542507049506,-0.0016995043214936714,0.007640426905318802
2019-08-24,-0.02206298245885278,0.0010397134527648237,-7.3453647229951e-24,0.0,0.0,284.31841084108515,-0.0019361814220914732,0.0012076579660090722
2019-08-25,-0.02702018058737793,0.0010145842018774002,-7.3453647229951e-24,0.0,0.0,285.242567615545,-0.002028234597653319,0.0011084294343541808
2019-08-26,-0.019245350133564515,0.0010177950232715931,-7.3453647229951e-24,0.0,0.0,279.9838415350618,-0.002630105731472121,0.003913990976344448
2019-08-27,-0.02413191600034466,0.0009706725003355641,-7.3453647229951e-24,0.0,0.0,278.96659762351976,-0.0015805722398441393,8.809919384444677e-06
2019-08-28,-0.03059984023793269,0.0009526907555801047,-7.3453647229951e-24,0.0,0.0,283.3958892211627,-0.0018920761212117255,1.7127420619544864e-06
2019-08-29,-0.030255949766622426,0.0009350828868521136,-7.3453647229951e-24,0.0,0.0,285.291032622314,-0.001790957851598492,1.6871301144969514e-05
2019-08-30,-0.025064514602644968,0.0009427963845473898,-7.3453647229951e-24,0.0,0.0,284.2420070490146,-0.0020644461662419097,0.003243072993244577
2019-08-31,-0.02577093062596133,0.0009033113381283432,-7.3453647229951e-24,0.0,0.0,284.3355875715698,-0.0018767250996440817,0.00019569523523307392
2019-09-01,-0.030549791741505856,0.0008862380590816002,-7.3453647229951e-24,0.0,0.0,286.6184690407216,-0.0018006907775998118,1.284479992591514e-06
2019-09-02,-0.034905004215105784,0.0008705772754162719,-7.3453647229951e-24,0.0,0.0,288.54243518089396,-0.0019522317827253021,1.934322214719171e-06
2019-09-03,-0.029130069886223745,0.0008553715243851398,-7.3453647229951e-24,0.0,0.0,286.3819750913343,-0.0016341491860184967,4.341710085249217e-06
2019-09-04,-0.03163477260682543,0.0008420878547733114,-7.3453647229951e-24,0.0,0.0,287.6789305519923,-0.0017962836486808324,0.00024835985932149116
2019-09-05,-0.03026342080474574,0.0008265201823186066,-7.3453647229951e-24,0.0,0.0,288.35531496597554,-0.0016229180461269314,2.5871884328658926e-05
2019-09-06,-0.027090025234357114,0.0008132450156292673,-7.3453647229951e-24,0.0,0.0,287.7440808183056,-0.0014479236603625078,0.00013655099703144537
2019-09-07,-0.016815785971065027,0.0008247715268431411,-7.3453647229951e-24,0.0,0.0,282.7739470961404,-0.0020999152760552823,0.004091012360012464
2019-09-08,-0.01807980845540257,0.0007879759295512054,-7.3453647229951e-24,0.0,0.0,281.7158415232226,-0.0013829353502241232,0.00012304168299269203
2019-09-09,-0.015023623651030374,0.0008180298879321687,-7.3453647229951e-24,0.0,0.0,280.5504201181416,-0.0024801921888680783,0.0058373039388387215
2019-09-10,-0.019092194525535497,0.0007950370594606563,-7.3453647229951e-24,0.0,0.0,279.9744079719156,-0.0018875402908793278,0.004026760590273523
2019-09-11,-0.005043516177578835,0.0011591540049698393,0.0006641452595338983,0.001337406977926944,4.7819488971246845e-05,279.0506535366655,-0.0015603938576696959,0.017763299204535406
2019-09-12,-0.012518237455416536,0.000829509759353379,0.017056510048846518,0.002134056288306996,0.0009931643930195418,275.71723142720884,-0.0023022810428661145,0.009258524206296253
2019-09-13,-0.019689164971564452,0.0007468804632876553,0.014315790151247646,0.0,0.0009931682024971913,278.84799700447843,-0.0014987983398855069,0.000282231865629638
2019-09-14,-0.022942850271524012,0.0007304568580314939,0.007814568988347459,0.0,0.0006950916880268162,281.831746340247,-0.0016241141905387244,2.379811406006226e-05
2019-09-15,-0.026007269019797698,0.0007163562343618966,0.0033085422551789078,0.0,0.000419183260640182,284.98491178394033,-0.0017748389151052567,0.0
2019-09-16,-0.03095872599189565,0.000702698520347897,0.0014489815060028247,0.0,0.0001467699342865055,285.92016239489544,-0.0018879126988898566,0.0
2019-09-17,-0.02475492007988321,0.0007567304675861942,0.0005588567414077214,0.00016908301303615678,5.5978211474283944e-05,283.2464974433913,-0.0016996964475529345,0.006335951889533112
2019-09-18,-0.01913424509730043,0.0007022420565287273,0.003410152571798494,0.0004009917420519274,0.0002586351191930178,278.05048201537625,-0.0019980594515800476,0.0020203407033000894
2019-09-19,-0.027755838287415475,0.0006760008591043074,0.0019002508533427498,0.0,0.00016755092952211025,282.27198595021855,-0.0017595496133895917,3.138672834062307e-05
2019-09-20,-0.013997700675732671,0.0007085267264964216,0.0008901247645951038,0.0,9.039724193050363e-05,280.86556574719106,-0.0016882400433559203,0.004266733621371049
2019-09-21,-0.005482231282581717,0.0007082113606781609,0.004197057806614879,0.0018554008276449084,0.0003993774916829363,275.06088005755583,-0.0019996055470263892,0.006949975244743003
2019-09-22,-0.013167052829669694,0.0006796372475597146,0.021544835437264598,0.0024712773324069336,0.0010452317021324138,274.92587139826486,-0.001612142170384779,0.0043444750504305135
2019-09-23,-0.01930373747133266,0.0006592852921135682,0.017727322048611112,0.0,0.0012393846771137863,279.7648837023087,-0.001284305858662573,3.4306277143514308e-06
2019-09-24,-0.019101353983084362,0.0006444417150680629,0.009785165445503768,0.0,0.0006926268718000186,279.9289709978409,-0.0011880098457979617,2.5129772844028326e-05
2019-09-25,-0.01451198491504637,0.0006472987812117669,0.005624429878766479,0.0,0.00022860664853268425,277.6606177457533,-0.0016274390857940343,0.002129054877615298
2019-09-26,-0.020273524699574812,0.0006253300918697638,0.004241655999882298,0.0,0.0003087458721661972,279.3094330157264,-0.0013667587138249376,5.684341886080802e-14
2019-09-27,-0.006344034089206976,0.0007192681906586987,0.0245264775335452,0.007880797072992487,0.0010074060515495344,275.94439729234375,-0.0019357489253588993,0.016692698456427797
2019-09-28,-0.0028127471858498745,0.000696506456466718,0.050572512064500946,0.0018915486664085068,0.0029035283641963353,274.5688590931578,-0.0009965509870799923,0.005885998632077174
2019-09-29,-0.00553002835667066,0.0020752488556554766,0.032663578816501886,0.0,0.0034728573877259167,277.30306436786543,-0.0017525042686085243,0.01624005510982147
2019-09-30,-0.002990112297952512,0.0006223874071897088,0.030775741893243884,0.004727722203495812,0.000342961832207475,272.9008388662967,-0.0010568314773888238,0.006555278169906746
2019-10-01,-0.0035396025510831073,0.0005948280042174172,0.06917685528483992,0.004517123966062137,0.0,270.0482287397941,-0.0005904944603052517,0.0048362172241199096
2019-10-02,-0.00322938457889072,0.0005907903788453442,0.08810717911370057,0.005283415528003779,3.3832655030455296e-05,269.2990466942221,-0.0004614590861871418,0.005541618843848596
2019-10-03,-0.013080070205664231,0.0006070169856992819,0.11222100841572506,0.0004916113648710951,0.0013252833047829107,269.4347355082884,-0.0007219029390542523,0.0005029592641548113
2019-10-04,-0.014477326371575481,0.0006136125595556141,0.09767510078272129,0.0,0.0018751147271549636,274.63994195726184,-0.0012686188348521622,0.00021658896726403534
2019-10-05,-0.006110972814304007,0.0005821706884998386,0.1366566803495763,0.010266022114767192,0.0,269.7547617228018,-0.000734665683644303,0.011089285494563228
2019-10-06,-0.010148039645394364,0.0005820883532701913,0.16539262961982112,0.0023952729705363344,0.00043716390043665467,267.9213381837317,-0.0010121038741311111,0.0023965674267300645
2019-10-07,-0.012753087585255252,0.000604044919633596,0.1578769145038842,0.0,0.0020383896548195747,272.1841985124204,-0.0012873276636677948,0.0
2019-10-08,-0.013779070291478759,0.0006152177597843322,0.13632656176435973,0.0,0.002914383333955108,275.0011341612218,-0.0012966998416067519,8.583068833445395e-07
2019-10-09,-0.0036557015389372402,0.0005658102237572105,0.1317821438029661,0.006735331257857846,0.0,270.31888221482103,-0.0005258673139042773,0.0067516531400162345
2019-10-10,-0.0040953875345698856,0.0005629752988869188,0.19318144200211865,0.0035618341785703007,0.0,259.3070157153458,-0.0005483323139911992,0.0035663903600516027
2019-10-11,-0.0075681236083224674,0.0005612461748769728,0.18693907427024486,6.493044185773127e-05,6.757055719693503e-05,261.00084326720736,-0.0006716413539176608,6.772515462826873e-05
2019-10-12,-0.010358482220415343,0.0005644375489929975,0.1793097946827919,0.0,0.0004680164600327864,268.0608764080903,-0.000873235675195853,1.7127204614553193e-06
2019-10-13,-0.011586976674316966,0.0005936325438278544,0.16623700675317796,0.0,0.0025081339655286176,270.3979282343231,-0.0008103012522987727,-3.579600615921663e-09
2019-10-14,-0.012406692666522529,0.0005670294249798619,0.14629793616113465,0.0,0.000949958644512683,271.71854805452455,-0.0011180851050773583,4.261732087229575e-07
2019-10-15,-0.008781102922676648,0.00055733811383867,0.13565322100105934,2.463425030816073e-05,0.0005072169426807577,269.6888573964437,-0.0006829947391051357,2.6949005399734234e-05
2019-10-16,-0.012227292325200334,0.0006004696511952891,0.12397723009357346,0.0,0.0033179987748127204,275.4295081733086,-0.0009638798965067515,8.583068797918258e-07
2019-10-17,-0.014228855401782668,0.0005788803942459452,0.1007358242113936,0.0,0.0020981743763395623,277.3473302442475,-0.0012480116233566387,1.7240497527382104e-06
2019-10-18,-0.009922831535002606,0.0005439179765302583,0.10463540747116291,0.004832630124637637,0.0,272.5874028035252,-0.00106534170839241,0.005354295801013859
2019-10-19,-0.009884212776429237,0.0005430050488919189,0.1199891401100518,1.0605396355612803e-05,0.00022747687532403377,267.7783075824745,-0.0007363798275674131,1.4805793757233232e-05
2019-10-20,-0.003319735791386858,0.0005374204809382811,0.15626126449211394,0.01268872901755201,0.0,267.16943505928344,-0.0003489084005103273,0.012774982728481618
2019-10-21,-0.0037780895745013403,0.0005351752042770386,0.21126899791078152,0.00457453474107772,0.0,263.95784130204197,-0.0003397825863317581,0.004580219586690267
2019-10-22,-0.004109889984467609,0.0005351047394639355,0.24036954890536727,0.00254317463538741,0.00013015372941722978,267.5927192486837,-0.00036148154992336604,0.002604817775248407
2019-10-23,-0.003882058764581627,0.0005311228461184744,0.2776138679231403,0.010062935388526002,0.0,267.0750787343458,-0.0003870992189915168,0.010304581399896501
2019-10-24,-0.004624265567057551,0.0005291430963634771,0.3122436753325094,0.00014439595621184442,0.0,261.62883949998184,-0.000321734796599143,0.00014658423803620422
2019-10-25,-0.008837754527727764,0.0005459431032676481,0.3033817384651601,0.0,0.0012413775390487608,270.6567309679509,-0.0005238393142735218,2.5749205860847724e-06
2019-10-26,-0.003099955492100474,0.0005251590983342317,0.29536946614583337,0.00682797095617332,0.0,269.6096897017485,-0.0003984386659106293,0.006918189720918904
2019-10-27,-0.0029922821006532446,0.0005232786054665086,0.3856552899894068,0.005421574485335647,0.0,257.7947471604284,-0.00031948464759493957,0.005422971679665949
2019-10-28,-0.002222940662486405,0.000521408215080951,0.38006994100164787,0.0011425708646828174,0.0,254.64845517979282,-0.00017639176425455656,0.0011470165292185982
2019-10-29,-0.002522805021644312,0.0005196024805812513,0.40665667115407256,0.002478722882809612,0.0,252.2905459826051,-0.0002449270085257999,0.0024836400302740247
2019-10-30,-0.004251654791293171,0.0005177767936792751,0.39968601952389365,5.86554323886074e-07,0.0,252.58199795221879,-0.0002329687424803858,2.317307299540131e-06
2019-10-31,-0.005258313722192905,0.0005159412568571878,0.3943248109404426,0.00022210353343500257,0.0,263.25200933610876,-0.0003137452591021182,0.00022412508220995888
2019-11-01,-0.0036893948323309085,0.0005141307236784596,0.4214947659192561,0.0053950850194120145,0.0,263.2388818959957,-0.0003161553588122298,0.005399369620905138
2019-11-02,-0.004757964299560267,0.0005123316399795188,0.4306321081244115,7.539271971600204e-06,0.0,264.17903430672914,-0.0002789296588655246,1.0967170451320498e-05
2019-11-03,-0.004232702829406761,0.0005105360079619844,0.4294268074682204,0.003568858539654037,0.0,267.5542889503436,-0.00032610730346986806,0.0035811362125105777
2019-11-04,-0.0015158159500461516,0.0005087568766653201,0.47472224980873357,0.008352640847870187,0.0,266.73095690553026,-0.0001681387045625913,0.008375521298753394
2019-11-05,-0.004733867269788085,0.0005070125989321262,0.5011062191031074,0.00029896443846535553,0.0,268.51077479202644,-0.00023325974658384163,0.0003046594265376915
2019-11-06,-0.001379404069676911,0.0005052220181556745,0.4895610342366996,0.0018719338764578608,0.0,265.80757257853077,-0.00017681317982700586,0.0018767413109709316
2019-11-07,-0.005488703058937849,0.0005034926415836743,0.49605397944621005,4.892590018989004e-06,0.0,263.40723110278,-0.0002025820283313929,4.871501087468896e-06
2019-11-08,-0.007445788442415033,0.0005017169619684166,0.48392993761770253,0.0,0.0,268.8668279126988,-0.00038453084179910563,8.52346317969932e-07
2019-11-09,-0.007907097159469195,0.000505512801267333,0.4658368644067797,0.0,0.00038680785709181747,273.46956140622353,-0.00047784544906373755,8.523463748133508e-07
2019-11-10,-0.002532584687410775,0.00049817410566039,0.4529574119438559,0.00514819258350437,0.0,269.5849870692539,-0.00032583255278693756,0.0051730038081509114
2019-11-11,-0.0037003055551631304,0.0004964167788877326,0.5294977967572977,0.0033057841372355233,0.0,258.0354652584385,-0.0002937554039776662,0.0033094894078336975
2019-11-12,-0.006349960794556613,0.0004946842031963801,0.524685099973517,0.0,0.0,265.6338639986717,-0.00030386572609008373,4.351138613856165e-07
2019-11-13,-0.004044193963883287,0.0004929021253424176,0.5271740929555085,0.005288354863049621,0.0,269.2618889350676,-0.0003398775338789838,0.005307537771887699
2019-11-14,-0.004530840379706884,0.0004911581001712777,0.5444710654278484,0.0011599430719674644,0.0,266.6414491218811,-0.00017805910527201024,0.001170911492419054
2019-11-15,-0.0060037510879969195,0.0004894372265217668,0.5296446949299671,0.0,0.0,270.2313910877637,-0.0002846743458997732,0.0
2019-11-16,-0.003314738977426863,0.00048769320135062707,0.5277104207126884,0.006111637641817837,0.0,270.3103325120025,-0.0003081540456094311,0.006242201691864627
2019-11-17,-0.003060049087987781,0.00048595582698024605,0.5470821287223399,0.000814810226866081,0.0,267.58875032198637,-6.436318748414853e-05,0.0008827067700133349
2019-11-18,-0.006456617413267579,0.0004845523396454289,0.5453832594014831,0.0010845964027326662,0.0,271.9119931416772,-0.0004919503715499646,0.002545961384045876
2019-11-19,-0.004871758279827355,0.0004824547275985028,0.5276954780190679,1.5713569134642176e-07,0.0,270.5804397166337,-0.00034911957921954874,1.455599305319921e-07
2019-11-20,-0.0019952229692437556,0.00048069925294757566,0.5174218014359699,0.003529416049941112,0.0,268.3271640626724,-0.0002908319245371442,0.0035308279560110666
2019-11-21,-0.003087482252026682,0.0004789834305391474,0.5628852916078154,0.002400310404893369,0.0,262.8602255840984,-0.00019314399483682076,0.002404623364941279
2019-11-22,-0.003712496978078185,0.00047725935777028405,0.5576599465925142,1.4944307211428712e-06,0.0,264.1409862827222,-0.0001999123421850178,2.785290842190069e-06
2019-11-23,-0.004683920597962741,0.00047552623486114766,0.547688342308145,0.0,0.0,267.809069039009,-0.0002457192956896152,1.2814998058274796e-06
2019-11-24,-0.005265519822721428,0.0004737915123923351,0.5363535045903955,2.535527287903479e-05,0.0,269.48152521639895,-0.00041741982502284023,2.7069117793879266e-05
2019-11-25,-0.0039802218897868015,0.00047205093890260167,0.5330822041254709,0.001547743603166214,0.0,262.4589388536644,-0.0004401528723748391,0.0015771810017627566
2019-11-26,-0.0015351433875197074,0.0004703798199777549,0.5640807070974576,0.0031865487916994902,0.0,258.9293206029917,-0.0001835150770464186,0.0031948579569994395
2019-11-27,-0.0021813870065629823,0.00046866079844997435,0.5888186812176319,0.0005140525978163811,0.0,257.4486589880762,-0.00014684545034069127,0.0005189880885035883
2019-11-28,-0.00305633297411062,0.00046693845152181426,0.5824576914871705,1.4731649961848718e-05,0.0,264.08727242852336,-9.141508279378807e-05,1.670448720770215e-05
2019-11-29,-0.0015469620288428615,0.00046524750647571804,0.5777902836629002,0.0018842491389667922,0.0,265.0552783793649,-7.420204748204873e-05,0.0018894012700690253
2019-11-30,-0.0012174952080694296,0.00046352848494793744,0.6536175571592515,0.010352751208563982,0.0,261.3427116049212,-0.00022190809776048874,0.01035704021736727
2019-12-01,-0.002405461492174763,0.0004618227650216744,0.7060107789695151,1.3615388823094342e-05,0.0,260.54642049785843,-5.5847436947337656e-05,1.5339743551372667e-05
2019-12-02,-0.0038013707446513207,0.00046013514537595766,0.6898046231314737,1.4063497047639837e-07,0.0,267.33617084668407,-0.00016946514468576951,1.0045571061041788e-06
2019-12-03,-0.003901551082982856,0.00045840627392806574,0.6705756753177967,4.523605276635811e-05,0.0,266.623057069078,-0.0002593951152458703,5.017766498910487e-05
2019-12-04,-0.004102270692418524,0.00045670215356147893,0.6530274357050377,0.0,0.0,266.5971787950189,-0.0001832126129397565,6.65085760225482e-09
2019-12-05,-0.0026755695794261785,0.0004550097352367338,0.6376773812676554,0.0,0.0,264.8176997053646,-0.00010345835175554633,0.0
2019-12-06,-0.0030936342427286055,0.0004533056148701469,0.6254439129443268,0.0,0.0,265.16891279058945,-0.00010942268885124874,0.0
2019-12-07,-0.003616474400469139,0.00045159829538420776,0.6133876879560971,1.0803341865539551e-07,0.0,268.277445177125,-0.00020237502215777415,1.1920928955078125e-07
2019-12-08,-0.002011474916490458,0.0004499090761788148,0.6055354174023071,0.0038010632713972514,0.0,266.91068550152966,-0.00011907147485657602,0.003846289242728282
2019-12-09,-0.0014737972852873937,0.00044822490821450447,0.6419394972634183,0.002323186645905177,0.0,260.2064732373771,-0.00021463698354986434,0.002327048795269088
2019-12-10,-0.0020364166821463634,0.0004465356890091115,0.6778265599252591,0.003747562441111958,0.0,261.4115043683241,-9.593579623490404e-05,0.0037521101997397043
2019-12-11,-0.0018458230010533739,0.0004448547201641535,0.6849238796198212,0.0005012992664245563,0.0,264.2666159879466,-7.936381603364892e-05,0.0005051946802553042
2019-12-12,-0.0026634307315120593,0.000443200354522231,0.6758867684057204,0.00039771363391714583,0.0,264.9304067177064,-0.00010575771879004894,0.00041817062991663225
2019-12-13,-0.0016527123707162459,0.00044155743836009575,0.7002385313677024,0.007351223947638173,0.0,263.55215961291066,-0.00013484472229992605,0.00736158338641463
2019-12-14,-0.0012802103229161712,0.00043988977111665545,0.7391803403807675,0.0006429960709170434,0.0,259.0555187555805,-0.00014770288799105394,0.0006481312930011209
2019-12-15,-0.0013772042962790884,0.00043824525539484403,0.7393012612552967,0.0004339211194191949,0.0,256.9753144689872,-3.9041957865327096e-05,0.00043836631669243826
2019-12-16,-0.0013612367759990153,0.0004365858385118388,0.7343421260740349,0.00018364108972630257,0.0,254.80240422767886,-3.714798449796472e-05,0.0001890233344845854
2019-12-17,-0.0018442697865141313,0.00043494797359078626,0.7278576867055085,7.343765790179624e-05,0.0,258.80865191515335,1.5336278257733685e-05,7.786199453632415e-05
2019-12-18,-0.0026817571392840586,0.00043331170822940977,0.7180830960893363,0.0,0.0,264.99562011690017,-0.00011428067260711207,1.713400049396796e-06
2019-12-19,-0.003793389741647042,0.0004316804941091161,0.7051468613906544,0.0,0.0,264.36246410377055,-0.00023489499643529203,0.0
2019-12-20,-0.0024311782024000997,0.0004300442287477397,0.6927593683792375,3.713083132512152e-06,0.0,265.521107718545,-1.1690992251627864e-05,5.848192123423647e-06
2019-12-21,-0.003791875800507217,0.00042839146266549324,0.6795987633886535,0.0,0.0,269.4257464256215,-0.00018097519201073944,0.0
2019-12-22,-0.004751261092175199,0.0004268015003473745,0.6635693911105226,0.0,0.0,270.17448387936236,-0.000434623952260462,8.52346317969932e-07
2019-12-23,-0.005289880906121205,0.00042516203586664584,0.6479701385210688,0.0,0.0,269.5364818572998,-0.0004737985472978845,0.0
2019-12-24,-0.002883502487408913,0.0004235638231880921,0.6344382650659134,1.7905807764516712e-06,0.0,266.1088279142218,-0.00016664781497191574,1.7905807764516712e-06
2019-12-25,-0.0012972914313865921,0.00042194751022899224,0.6355132194562148,0.002798274706649242,0.0,266.01315844979445,-0.0001289147494287141,0.002806991939493822
2019-12-26,-0.0011833794625465482,0.00042034929755043854,0.6623362740554379,0.0023508390127602273,0.0,263.4040955186115,-0.00021003864410906864,0.002364301833055787
2019-12-27,-0.002290632344235135,0.0004187345841510148,0.665358376368291,3.935215668489704e-05,0.0,260.75961618369587,-7.525622044916207e-05,4.007043464579804e-05
2019-12-28,-0.001071400772043541,0.00041712147031126726,0.6610953408221516,0.0007663981220816489,0.0,259.2890601149162,-7.453741831968061e-05,0.0007721883091199734
2019-12-29,-0.0015703181678292444,0.0004155432100349901,0.6831611015477872,0.0013718520222747396,0.0,257.31848883763547,-0.0001318861472572984,0.0013736980613552243
2019-12-30,-0.0017386945964252883,0.00041396654931838905,0.6813656794373824,6.113685457046424e-07,0.0,256.0292378082563,-2.4043439261320622e-05,1.469636985114392e-06
2019-12-31,-0.0020650067908615714,0.0004123816382413531,0.675458947592985,7.554299413821118e-06,0.0,260.4479936287228,-3.16510713622395e-05,8.414896092226062e-06
2020-01-01,-0.0033428336856728895,0.0004108065770844282,0.6739545631767891,0.0010286599692315031,0.0,266.38130844245524,-6.031163962884139e-05,0.0010366631765928646
2020-01-02,-0.002719739820324095,0.00040922166600739217,0.6951147966690208,0.004623315281282037,0.0,264.1162335634681,-0.000256646919132626,0.004629464607329234
2020-01-03,-0.002445594107700607,0.00040767640717285505,0.7128529234345575,0.0012671133387560226,0.0,263.194832720999,-0.00013508807636250213,0.0012874834617416467
2020-01-04,-0.0038101053928251325,0.00040610134601593023,0.7068523974517421,9.560105154069804e-07,0.0,268.51739431190856,-0.00010732095162410521,3.535339118504047e-06
2020-01-05,-0.006095033623067673,0.0004045528880620407,0.6965467664930557,0.0006251574446589261,0.0,262.47476381276743,-0.000571266048203754,0.0006862028211651958
2020-01-06,-0.002775355247454455,0.0004030009784267448,0.6884878269921141,8.006086625621818e-05,0.0,259.00977942903165,-0.0001705089205149877,8.521632275883067e-05
2020-01-07,-0.003664220414929471,0.0004014408184310138,0.6941821426995057,0.0018372855617501643,0.0,264.7197763798601,-8.622505886238173e-05,0.001840719479625508
2020-01-08,-0.0038653341895442906,0.0003999320127196232,0.6888521988288607,5.88554404886429e-05,0.0,266.5998043663758,-0.00021228504151442633,6.471759518661069e-05
2020-01-09,-0.0022224988051726996,0.000398386753885086,0.6781759890683852,0.0006902814542843124,0.0,262.5884844821276,-0.00025840125199260013,0.0006952459360905893
2020-01-10,-0.002243672555449319,0.00039686304701250154,0.72127370600871,0.0035411950600686046,0.0,257.8457042169661,-0.00027062964894003787,0.0035473606680746137
2020-01-11,-0.0021738492078700305,0.00039533428889883444,0.7354625982079802,0.00037977373027532114,0.0,260.26460390755466,-7.764207946378634e-05,0.0003894744283061917
2020-01-12,-0.003309854090550525,0.0003938337335478788,0.7368023831067562,0.000790080529148296,0.0,260.8778918063349,-0.00018408127381639968,0.0007933526389342919
2020-01-13,-0.003009668767115491,0.0003923132257946467,0.7332172860758004,0.0006106124380550816,0.0,259.2928854049712,-0.00022335123207609537,0.0006162113219768717
2020-01-14,-0.002128709886370406,0.00039082757160488496,0.7301161024305556,0.00032268205689171614,0.0,258.4981569911576,-0.00013053439304990284,0.0003244014783094159
2020-01-15,-0.003607573819025762,0.00038931211509273553,0.7326703834892891,0.0007138500400518966,0.0,257.8365177075517,-0.00026839378021531186,0.0007222034162371036
2020-01-16,-0.003220304973044638,0.0003878331117037326,0.7264657173228579,0.0,0.0,261.35292592740103,-0.00010493696051633966,1.7143987065537658e-06
2020-01-17,-0.0035445660689456316,0.0003863142035101767,0.7170341189971753,0.0010621543910543797,0.0,265.8641497725148,-0.00022123106308070956,0.0010846780893843638
2020-01-18,-0.004245513366103846,0.00038485995120247885,0.7144917920933381,4.569302170963611e-05,0.0,260.00213299049045,-0.00040743016969349425,4.999608948908819e-05
2020-01-19,-0.0030929053486403774,0.0003833907977335871,0.7062395171257063,3.292499962499586e-05,0.0,262.6325273890954,-6.250759302559546e-05,3.5972783692192684e-05
2020-01-20,-0.004111080646178144,0.00038191339390426034,0.6978520682527072,0.0,0.0,265.2815795007623,-6.14391503024236e-05,4.261732051702438e-07
2020-01-21,-0.005775940578199377,0.0003804607411562386,0.6870363167225754,4.6912580728530884e-05,0.0,269.39336739735865,-0.0003036516218704019,4.7955674537884774e-05
2020-01-22,-0.003857744615630242,0.0003789849368865881,0.6845969794609229,0.0033427530341902695,0.0,266.23446259435735,-0.0002867202300809871,0.00335867166084961
2020-01-23,-0.0024428236282477943,0.0003775671377020367,0.708876327830744,0.0014312866717408608,0.0,262.6300088591495,-0.00015742895798494589,0.0014341419024638804
2020-01-24,-0.0038919814646580808,0.0003760929329920623,0.712846486581921,0.0004187182938985232,0.0,266.9450487937856,-5.011466242330896e-05,0.0004202320245699694
2020-01-25,-0.0044087612696286655,0.0003746535818455583,0.7035493724988231,0.00027581114890211725,0.0,266.7485868198948,-0.00021638552326772172,0.0002818163168632378
2020-01-26,-0.004495905407067746,0.0003732373822206831,0.6947173210187149,0.0002463543524513137,0.0,265.627064731835,-0.00021997824479631114,0.00025149915235119473
2020-01-27,-0.001574065515213767,0.00037179138027342023,0.7023663709392656,0.0056140850913726685,0.0,266.51366562852303,-8.08571891511901e-05,0.005621541135626379
2020-01-28,-0.0031356023108891854,0.00037035362868659245,0.7312917475870998,0.0001785110071890772,0.0,264.30082811114926,-0.00014747922850699076,0.00018193672949397648
2020-01-29,-0.0026680501335758274,0.0003689440798624761,0.7622320889977637,0.007766763221914486,0.0,266.1036421996726,-0.00014784316516528698,0.007776188607914075
2020-01-30,-0.0019060969773658926,0.0003675212294368421,0.8140036947534134,0.006329617889250739,0.0,264.08362182071204,-0.00014651328914583068,0.0063339615600713625
2020-01-31,-0.0032233316767013684,0.00036609997857088426,0.8433304551406545,0.0003182431314624636,0.0,264.29016626217947,-9.335234950659639e-05,0.0003195407867755457
2020-02-01,-0.006201756581411523,0.0003646821793863329,0.8292811047110407,9.79734090088451e-05,0.0,270.84643927895644,-0.00023040754752138917,0.00010226323514213469
2020-02-02,-0.01147134168504995,0.0003632989812031978,0.805925214806968,0.0007470955619704253,0.0,269.9450013148134,-0.0008763738797377733,0.0007503885467212839
2020-02-03,-0.002282068848946674,0.0003619059330999514,0.9425393659516245,0.01759241483474182,0.0,259.0355856908019,-0.0004936616846733848,0.017597989123374378
2020-02-04,-0.00253872181904518,0.00036051288499670516,1.065074741054614,0.0016213226958183245,0.0,254.47994700932907,-0.0002107485539495608,0.001625138773767881
2020-02-05,-0.002000447973019659,0.0003591445879747639,1.0561587806026365,0.0005043171935499052,0.0,256.3786864235801,-2.650157837881207e-05,0.0005086108451833022
2020-02-06,-0.0010543414260034507,0.00035776484147303524,1.0915918152660076,0.010580588952969698,0.0,260.9014541927705,8.15151396107539e-06,0.010589579577089414
2020-02-07,-0.0022820136641378457,0.00035636674212870636,1.1790038142949624,0.0039149295054586595,0.0,261.20495004528215,-0.00011312423831662217,0.0039192098008710785
2020-02-08,-0.0026169723625910487,0.0003550117467082827,1.177406325403131,0.0035537144558577894,0.0,263.4145497395719,-5.655288485820685e-05,0.0035803499362213327
2020-02-09,-0.0037923045245941076,0.00035365675128785906,1.1849107760269542,0.003133309131625009,0.0,260.67031724215,-0.0003273448996287955,0.0031367384612897026
2020-02-10,-0.002288856959275607,0.0003523049549867878,1.1876967837806027,0.003025378758287699,0.0,258.85839716234227,-0.00015086389152006916,0.003029668230121419
2020-02-11,-0.004235605903937992,0.0003509731110879931,1.188910820165372,0.0005478493153712171,0.0,258.84508706575957,-0.0001120270771832116,0.0005528786592214657
2020-02-12,-0.002636192966315706,0.0003496048140660518,1.202810053995998,0.006421419228874357,0.0,260.8310671948219,-0.00018755002420837598,0.006431838802624457
2020-02-13,-0.0037826461728009807,0.0003483094232904036,1.2401302359198445,0.001965513737019846,0.0,258.82341649258433,-0.00017868621159071305,0.00196982962263506
2020-02-14,-0.004885391916258861,0.00034695602742965614,1.214840761461276,0.00012540716235920536,0.0,264.2097833816615,-0.0001369298851422671,0.0001302582563644882
2020-02-15,-0.0054315380794180326,0.0003456257830905376,1.178915077683616,8.840526396271874e-05,0.0,260.895021812166,-0.00028182660876694375,8.925612026546634e-05
2020-02-16,-0.00445027653611986,0.00034429393919174284,1.1512147720250707,0.00048793433497181047,0.0,262.5035925432338,-0.0001402155122598686,0.0004905757124532944
2020-02-17,-0.0035221395687868367,0.0003429570440518654,1.1755497531926788,0.00675271560916793,0.0,261.6135510841557,-0.0003388980035222856,0.00677735382880739
2020-02-18,-0.0028728227746688713,0.0003416134981112292,1.1925818951565441,0.0009583316027781385,0.0,257.5885206894237,-0.00019357182443310313,0.0009621918033071832
2020-02-19,-0.003932117784427385,0.0003402899045728695,1.1788532379207863,0.00025520734699432463,0.0,256.2146983963846,-0.00022486800927731953,0.00026080094815981574
2020-02-20,-0.006350466928913096,0.0003389495577515856,1.1598571662399955,3.7120307906199316e-07,0.0,258.67893365906684,-0.00010417572270005437,3.7572814919854293e-07
2020-02-21,-0.009978458958830537,0.0003375945623311619,1.1381645130796847,0.0,0.0,264.396110523892,-0.00025346784689332137,8.523463748133508e-07
2020-02-22,-0.008751421661700233,0.0003362890690733484,1.1120212360963984,0.0,0.0,265.79852114244596,-0.00027488366737540837,8.52346317969932e-07
2020-02-23,-0.009008952032374798,0.0003349537734931472,1.0849000172875471,0.0,0.0,265.1612335391862,-0.0002934208329198724,8.523463748133508e-07
2020-02-24,-0.005206308164502268,0.00033361022755251093,1.0806675567914312,0.005576369473658039,0.0,263.8212748310211,-0.00041675409775669296,0.005581453502254963
2020-02-25,-0.004507793460862112,0.00033229808349393857,1.1195764918785311,0.002771701874200907,0.0,258.4456202081368,-0.00042112787269939813,0.002776439058487671
2020-02-26,-0.003268163503900086,0.00033098593943536625,1.1156651843514596,0.0009183275623846863,0.0,259.7498207846604,-2.2730779555221066e-05,0.0009234781487172337
2020-02-27,-0.005920428887935683,0.0003296655450163588,1.1299697100105934,0.003407469345519772,0.0,263.98002536507875,-0.00019299470435428084,0.0034125608071095526
2020-02-28,-0.008674444030907195,0.000328389854080933,1.1169920955449624,0.0,0.0,265.99160860352595,-0.00020313481826566708,8.52346317969932e-07
2020-02-29,-0.009051981071631115,0.0003270628088611668,1.0896317936381827,0.0,0.0,268.1662670717401,-0.0003676910774182465,1.7059372794392402e-06
2020-03-01,-0.005542999985864608,0.00032578871748541714,1.0783417840012948,0.003392147226522198,0.0,264.80472342352857,-0.0005408466220070414,0.0033955828617740352
2020-03-02,-0.006317925697329353,0.00032448482378727976,1.0797351327095104,0.00013536315853312865,0.0,261.967251165214,-0.0003187210420093968,0.00013774081128335922
2020-03-03,-0.006391435777400174,0.0003232157836526127,1.065351525717985,0.0018450796477875468,0.0,264.8730754349416,-0.00023814764315799135,0.0018543501910578226
2020-03-04,-0.007394657044087427,0.0003219283906753454,1.0561486655484933,4.050964857898863e-05,0.0,266.54318835730834,-0.00033141498974824363,4.881258401493569e-05
2020-03-05,-0.009143618161732195,0.0003206907524227422,1.052207472634181,0.002282316801743319,0.0,265.91630382861126,-0.0005147815760919604,0.0024653068706814185
2020-03-06,-0.011838058630625408,0.0003194150614873164,1.03413715829508,0.0,0.0,270.47250964996283,-0.0003741392497457354,8.583068797918258e-07
2020-03-07,-0.012252009773658494,0.0003181574708324368,1.0106352897687148,0.0,0.0,272.1253574859849,-0.0005435688410606761,1.7046928064701206e-06
2020-03-08,-0.0063846115506975,0.00031689988017755713,0.9878086011064031,0.0018848711572124462,0.0,270.44363017899394,-0.00043887044118959354,0.0020364704947614834
2020-03-09,-0.007419492691586922,0.0003156555911241952,0.9846423592720105,0.0005210754224809549,0.0,268.05146215190996,-0.0004325533064745241,0.000555234558119262
2020-03-10,-0.007395875529717591,0.00031441290163050943,0.9836513138535781,0.0024560941225391327,0.0,267.3215073838746,-0.0004670582290759868,0.002474918372213504
2020-03-11,-0.009108938992360217,0.0003131702121368236,0.9765420400041196,2.697895223138023e-05,0.0,268.6598326796192,-0.0004643153946446834,2.8701926332570697e-05
2020-03-12,-0.00845569237477362,0.00031197062656704316,1.0110550645156546,0.008114468516771403,0.0,265.73025152059154,-0.0007020830476688126,0.008213907429738827
2020-03-13,-0.005806765398063228,0.00031070798467108086,1.0258554577153955,0.000394128073575133,0.0,263.03784055045327,-0.0004018496427327227,0.00040156297427786276
2020-03-14,-0.0068280626151521326,0.0003095315506229293,1.0185638830037667,0.0012993332903600682,0.0,266.06425191588323,-0.00018242381428931395,0.0014366589023227475
2020-03-15,-0.006956580963175176,0.00030831706389195505,1.0127323244026603,0.0007697381079196931,0.0,268.67789484731674,-0.0001088129303886392,0.0008343328527138058
2020-03-16,-0.006285677648196787,0.00030708582387805656,1.0024781882650662,0.000488978068707353,0.0,266.9779162900821,-0.00018251571004505212,0.0004957241695479485
2020-03-17,-0.010268565667214367,0.00030588623830827617,0.988025614995292,6.177457375715008e-07,0.0,268.1095469523285,-0.0003279178840039814,7.339975253262759e-06
2020-03-18,-0.008465742113563301,0.00030469650265860693,0.9794181636946799,0.0016391810008698265,0.0,268.5186236753302,-0.0002897457919467641,0.001656007104689401
2020-03-19,-0.004337821387301731,0.0003034985166485027,0.9736714336158192,0.0005238643389637188,0.0,266.2068855623292,-0.00025805565765348536,0.000524738346766779
2020-03-20,-0.0069521288413785945,0.0003023252817197035,0.9750413337894304,0.0008795105425988214,0.0,264.4114451794525,-0.00029273269077142083,0.0008829547933838143
2020-03-21,-0.009862110902697355,0.0003011488476715519,0.9665274467396424,1.6212084535825053e-05,0.0,266.1753939181398,-0.00035835591034363894,2.05116956936316e-05
2020-03-22,-0.007862721248871864,0.0002999772123024289,0.9576328658339219,0.0014777479451254937,0.0,266.65509623367683,-0.00036553421852278845,0.0014958667889826715
2020-03-23,-0.01119573309091525,0.00029881567941547117,0.9580478129413843,0.00014295157487109557,0.0,267.17186921689023,-0.00047746949466103214,0.00014379194553833203
2020-03-24,-0.010631090545721648,0.0002976722468090596,0.9476941354755181,0.0009647092366285917,0.0,267.9595914470723,-0.0005599426494984977,0.001020314161386867
2020-03-25,-0.009558291674333776,0.0002965139130414543,0.9436301825859228,0.0006731206414389746,0.0,267.44793078679373,-0.0006577041536822158,0.0007245427807845639
2020-03-26,-0.008278676682272874,0.0002953638296342839,0.9364990694150189,0.00026779465040581375,0.0,265.7626467056418,-0.0006578422209384752,0.00027459741985730535
2020-03-27,-0.011605061169734783,0.0002942352981890662,0.9285992121292372,1.8485816521833176e-05,0.0,264.90738855423007,-0.0005487579020992511,2.0205301080046403e-05
2020-03-28,-0.00877361849876447,0.00029309186558265475,0.9205577440854519,0.00044093100027849444,0.0,264.08005661973397,-0.00041755998117775576,0.0004448058746287782
2020-03-29,-0.011341821002421407,0.00029197158449787206,0.9183722027277542,0.0002679849243433462,0.0,266.03821677946104,-0.0003914440861024426,0.00026930669933259804
2020-03-30,-0.013828038916749469,0.00029086460501460704,0.9101962504413843,0.0002703103263162624,0.0,267.90012868245446,-0.000523511099360757,0.00039081553281363797
2020-03-31,-0.010632279439497802,0.00028978902741340595,0.9064157489553909,0.002709493735584162,0.0,269.2196446937806,-0.0005925309365499491,0.003388804928080953
2020-04-01,-0.006225903239627342,0.00028863069364580063,0.9266978118379237,0.0050393045790451405,0.0,267.8243573686273,-0.000654866466414457,0.0051354863549356415
2020-04-02,-0.004126398198011905,0.00028755671560427566,1.0563985533633475,0.01041656088525966,0.0,260.2058265815347,-0.0005794442390317971,0.010420408491258621
2020-04-03,-0.008683487099442779,0.00028642073357846106,1.1063630127412902,0.0002597154744264096,0.0,258.7419343865749,-0.0003621396898044705,0.0002614319404979193
2020-04-04,-0.011286260170788416,0.0002853302548160661,1.0944732263712333,1.8947205301058497e-06,0.0,262.1992230711684,-0.00037300507248626594,4.167226649890625e-06
2020-04-05,-0.013001142501157557,0.0002842802280760081,1.0812740002648307,0.0002714882125962252,0.0,267.5286765017752,-0.00040511670127763586,0.0003759627287321035
2020-04-06,-0.01282876330075291,0.000283365364128587,1.0659000375176555,0.0026687073000406817,0.0,271.6128122900839,-0.000560760771655767,0.005395580398834358
2020-04-07,-0.014779216488875912,0.0002821075209116532,1.0621388465895718,0.00019211111600789648,0.0,272.0872146944093,-0.0008430478641879087,0.0004099831741732256
2020-04-08,-0.0142935331342584,0.00028104844403132207,1.036034650497293,0.00028659529605154266,0.0,270.8063246301339,-0.000990522157211425,0.000350497570312683
2020-04-09,-0.011404501726735112,0.000279972866430121,1.0182992823828863,0.0,0.0,270.2253410605163,-0.00042618627496863494,-6.65080075883596e-09
2020-04-10,-0.014784074099050403,0.0002789204403505487,1.000784836246469,0.0,0.0,273.06132070896996,-0.0005308439649936169,0.00030673589008569063
2020-04-11,-0.006693663738541684,0.00027789781659336415,0.9987303308174436,0.009699986016346238,0.0,270.650639859072,-0.0006870466710652336,0.010301088882704913
2020-04-12,-0.005922484869337352,0.00027680228658988657,1.1055144976312383,0.007763971737717506,0.0,260.7460199991862,-0.0009337237294195062,0.007775824682675845
2020-04-13,-0.0058157170391352165,0.00027576130999010164,1.1457294241407723,0.0010487914380043915,0.0,255.21107111498014,-0.0004995184092871888,0.0010546410487301606
2020-04-14,-0.006625115660961065,0.00027474533703367594,1.1595481973134416,0.0016970509021295669,0.0,258.6555604306094,-0.00019365915302502906,0.0017040932582596602
2020-04-15,-0.004888017846029357,0.00027370276087421483,1.1780534589806968,0.004971248260830756,0.0,264.13436703223965,-5.0533499758122335e-05,0.0050430749264090855
2020-04-16,-0.006231078109835502,0.00027268013711703027,1.2246707549876412,0.004315469771791987,0.0,261.96421633646764,-0.00047751920729202066,0.004326597462264758
2020-04-17,-0.013152371271181915,0.00027166071247919805,1.2367747965954567,0.0003119147472125663,0.0,263.1210341336813,-0.00044567468918144375,0.00031320224500813455
2020-04-18,-0.015349635717558997,0.0002706596406839662,1.2160067513388653,0.0,0.0,268.775385506409,-0.0004642067876996968,1.695018056580011e-06
2020-04-19,-0.010003411753029474,0.0002696335652453751,1.2125759088835923,0.004883650648223478,0.0,269.79321111977214,-0.00038685882727136726,0.00516813101068055
2020-04-20,-0.013356874260188497,0.0002686489941710133,1.210124157691855,0.0008686623288749976,0.0,270.5521157223402,-0.0005468799085435221,0.0010707863748697006
2020-04-21,-0.018053714754217763,0.00026761306881231103,1.1828298335246,6.542830480694098e-07,0.0,272.7203716127213,-0.0006438871361525719,1.5090918460671385e-06
2020-04-22,-0.019160419197405798,0.00026663674809838424,1.1479871502030368,5.683909028263416e-07,0.0,273.94402149437514,-0.0008392473682761193,8.33434573674606e-05
2020-04-23,-0.013293141151888895,0.0002657117816687977,1.117000141610758,0.002370380138778417,0.0,272.2632947875057,-0.0008675360231328819,0.003317093192520788
2020-04-24,-0.009560693202719177,0.00026469900783172433,1.1592557802936678,0.010522893929885606,0.0,270.80130024997976,-0.0007213272291135654,0.011060980517980485
2020-04-25,-0.015799729753348785,0.0002636960839147622,1.1774210382091574,0.002318775439161365,0.0,270.8087838778164,-0.0007077923233983881,0.002523789920950579
2020-04-26,-0.01428207649854617,0.00026274291472246417,1.1570946070209511,0.0014548782196085333,0.0,273.6913081777972,-0.0005788867398675553,0.001951020652964964
2020-04-27,-0.01532248714886143,0.0002765543548400793,1.130298219382651,0.00026760747035344445,0.0006120565878806141,274.2714058863466,-0.0007273172223046002,0.0017048304027083231
2020-04-28,-0.017853976095800347,0.00026703099746488583,1.1156980582774247,0.003902778976549537,0.00028083046193176745,272.5820592100787,-0.001155432997702879,0.005108287273827246
2020-04-29,-0.021591627454690343,0.00027295256738608844,1.10502851525718,0.0,0.0009402641973926524,274.32217397168984,-0.0007710016337828448,1.7046927496267017e-06
2020-04-30,-0.01765331865872367,0.0004579786863704186,1.0584916799081923,0.0,0.0100586385292522,278.680334953265,-0.00042892661008794435,0.00047307984304259396
2020-05-01,-0.012334986973953787,0.00037283109406293453,1.0049108587864877,0.0,0.005571694339567659,275.9246263342389,-0.00041686554076307916,0.0016388668515538193
2020-05-02,-0.016972603855159998,0.00029869503894094696,0.9714891106844397,5.913174337586441e-05,0.002176785767920273,274.2400739493792,-0.0009042289802583599,0.00038665206418375176
2020-05-03,-0.01863446469697575,0.00043029636986511584,0.9408676233668787,0.0,0.0035049433972539202,275.51836355392544,-0.0009515524478787083,0.0018804491238729295
2020-05-04,-0.010351515674995164,0.0002683149387607467,0.93868093257121,0.009298053143893259,0.0005375524025178898,272.6271629297576,-0.0009698377301295599,0.0104275899081353
2020-05-05,-0.018365892818418602,0.0002546084802702995,0.9961827164989407,0.002870128000691786,0.0,271.46297393770095,-0.0011844353824012025,0.003853840739987
2020-05-06,-0.019912107600330634,0.0002537811711683112,0.9844786793049671,8.250360435011698e-07,0.0,273.2335617582677,-0.0009515614559253058,1.612423503466245e-05
2020-05-07,-0.011191753554815626,0.00025750023160277117,0.9765475573063794,0.007136454837302031,4.722428439700671e-05,270.93174762330716,-0.0011936843731982561,0.008025050331643746
2020-05-08,-0.01361823481860134,0.00025242853299372616,1.0161091432733051,0.0020086443693624377,0.0,269.7564143883082,-0.000552435779133759,0.002427486140844253
2020-05-09,-0.015123606022805144,0.0002517206857433427,1.0280524934528013,0.0026823895757144456,0.0,270.0531734207929,-0.0008859459500191576,0.002778789586266556
2020-05-10,-0.0120836746389583,0.0002510575419765408,1.0256136159663372,0.000489449370547203,0.0,269.39303837073953,-0.0006138865630758011,0.0005001131255733698
2020-05-11,-0.008333219015328899,0.00025045585497624455,1.026532016905014,0.0023960392859022498,0.0,271.3810302497304,-0.00027579964680523526,0.00266373174338691
2020-05-12,-0.01166094355495636,0.0002901503595255189,1.0274635214365584,0.0009756560968813924,0.002153798601048141,274.6417060895155,-0.00017596642344684926,0.0016461683530915791
2020-05-13,-0.014487347234103639,0.00035001430134315274,0.9954728236081686,0.00020638718611776493,0.003255577284400746,274.93137663861006,-0.0007263850946884371,0.0038272858844638543
2020-05-14,-0.015275291340836026,0.00025700512578931905,0.9781112527218692,0.0012599290006578305,0.0003915818271327154,273.3623225935884,-0.0010984952187975921,0.002039401965626216
2020-05-15,-0.014659360893028606,0.000288098461210391,0.9719658975547317,0.0023410656820919556,0.0014926735627449166,273.79613504212233,-0.0008445559648302315,0.003878992526442372
2020-05-16,-0.01239436010351289,0.00029166699466058767,0.979462532000353,0.0034142331888446704,0.0018636974069358267,273.3237193910416,-0.0006370586211566872,0.0048055300268076235
2020-05-17,-0.020927916265140147,0.0007632224068129804,0.964627885549082,0.0,0.007283309716626075,277.0900479261036,-0.0007333645365585042,8.583068797918258e-07
2020-05-18,-0.026166179927728947,0.0021259151609603973,0.9108810855843926,0.0,0.019368476429059683,281.0626047209832,-0.0007740488949384393,0.0
2020-05-19,-0.03120765089988709,0.0015554832199872553,0.8482033824741055,0.0,0.016292759717184274,281.18296886523115,-0.0013784193512746843,0.0
2020-05-20,-0.026880379113773844,0.0026557043952456978,0.7878594982197504,0.0,0.017613327646322844,280.9621759942696,-0.0009496773903568587,0.00035420895288343465
2020-05-21,-0.028307198930931633,0.00035020262844818464,0.7487061926200564,2.1528810431054758e-07,0.0011361491798007558,275.32717070067673,-0.0019395682897608158,0.0024035576373170327
2020-05-22,-0.023780167776312533,0.0004232908877949257,0.7276841215719163,0.0,0.0030502220668361685,276.4054940182386,-0.0015142916643855265,0.0004657171035217027
2020-05-23,-0.007965911748045583,0.0009202968097675991,0.704633752280485,0.004341577974248068,0.005305370263292291,275.1537986115996,-0.00028946339073827713,0.007553678279542655
2020-05-24,-0.007591495364062531,0.0004994673075649024,0.7369511203801791,0.006318633207830333,0.0011180408804093377,272.40538689780374,-0.0006685970971981684,0.009671091319928465
2020-05-25,-0.013136939940142766,0.0004734626765978539,0.7605077021539548,0.002704098483936935,0.002646946890205987,273.4261429709455,-0.000663683597145781,0.0054879108559613855
2020-05-26,-0.019473149067601243,0.0013610673489543679,0.740897140933969,0.0,0.00794582279388514,276.9713232288253,-0.0005840514760232916,4.695493211686568e-05
2020-05-27,-0.012443042449695242,0.004690853805191773,0.6992208189883475,0.0,0.01487990346668804,278.38168274615447,-6.175373738768413e-06,0.004536297395358975
2020-05-28,-0.012528203133135867,0.0031004085042382365,0.6536883625382534,0.0,0.016021599877352095,277.6041315190088,9.965468303295179e-05,0.00018550712654265397
2020-05-29,-0.0187055702600102,0.007139334907639498,0.60164479975871,0.0,0.023311387052980522,280.4846923993357,0.00015504551935667375,2.9375660890913284e-05
2020-05-30,-0.02050095253576667,0.009329545885156105,0.5311582748499294,0.0,0.028518558432490137,281.5278783571922,0.0003955584482452964,0.0002828035313181148
2020-05-31,-0.028585103103670028,0.011267783362313181,0.44379156367702455,0.0,0.033540584399538526,284.03876216263427,-0.000236014630329811,0.0006190847542276592
2020-06-01,-0.029430290189503282,0.006727734864768336,0.3761685186411253,0.0,0.01968356655479151,283.4644146109256,-0.0011705762975044171,0.0
2020-06-02,-0.022664092523229998,0.005505221711713716,0.32447645399305564,0.0,0.015482357813645221,282.65655089053286,-0.0008192627959079661,0.00010387275002592162
2020-06-03,-0.024969309863060882,0.005492368828778887,0.2853930342219868,0.0,0.012833735595146816,281.93671250567826,-0.0013309263408520804,0.0011269809162094632
2020-06-04,-0.027169809755632435,0.0050626742301014185,0.25391544550376655,0.0,0.009602739017898754,281.99650334144496,-0.001851644093370707,0.0026048070966810935
2020-06-05,-0.027056189495964916,0.006262997533641967,0.22634341712276362,0.0,0.011591703099551175,283.01706089946515,-0.001528804174671739,0.00010039947800717112
2020-06-06,-0.02605255562706856,0.008582521798246997,0.19058348230049438,0.0,0.01426435878637147,286.114532560503,-0.001230744666046342,0.0014149379638682812
2020-06-07,-0.025476540717701453,0.006174220119492482,0.15945486295021188,0.0,0.00775922439192648,280.37170428834617,-0.0016767823447783792,0.0022785831979439085
2020-06-08,-0.023744637304443424,0.005071467935702222,0.14720461283250943,6.01985865393601e-06,0.0003641248380733749,276.4574455505486,-0.001958515937045469,0.0017926048087534932
2020-06-09,-0.02574891319214288,0.005158628615955849,0.14353675626765536,4.616981677416354e-05,3.489601494228773e-05,275.2776622305258,-0.0017836033129843614,0.000657265839501343
2020-06-10,-0.022932612837034433,0.005294960097404524,0.13813945533192093,2.60534806776855e-05,0.002582469776188587,277.1275551682812,-0.001953566462685496,0.003213164698503839
2020-06-11,-0.027677156830911584,0.00567868394030016,0.12656415519067798,0.0,0.005390459050734838,280.3333475432603,-0.0017308783901613311,0.00018270237971160374
2020-06-12,-0.033734252897359554,0.006951863651221756,0.1085834970133004,0.0,0.008630087925384274,284.1558492053476,-0.0018970196340548791,2.248781733841739e-05
2020-06-13,-0.049702715107613364,0.007804494540570146,0.08496346626353579,0.0,0.009366729459856865,287.87944594345527,-0.002631594984671154,0.000335929420708263
2020-06-14,-0.041597174385846675,0.007983110045309123,0.06392691229696329,0.0,0.006790190703619672,285.17010874847006,-0.00241417167866129,0.0006257255534886506
2020-06-15,-0.035226549427051335,0.0072351215081026335,0.0500180231873823,0.0,0.0046077104401117,282.11879475193064,-0.002548538979753263,1.7107572034547047e-06
2020-06-16,-0.029904244941169937,0.007234351951523689,0.03678937146892656,0.0,0.0049667847316480634,284.2475981128643,-0.0021064739548048734,0.00021323146872815818
2020-06-17,-0.012451438959372245,0.007492655583020659,0.027974101783192096,0.0001691373770183089,0.002581226749945495,279.2687740361848,-0.0025027468537459265,0.007118312115540122
2020-06-18,-0.015671268694818358,0.007383909265873796,0.03199414614230226,0.0024290457578365413,0.0024657209040754935,276.47771747323304,-0.0017643044097612134,0.006277039285589774
2020-06-19,-0.0208221760678426,0.006950890277065126,0.03110953867996705,0.0002556559392961405,0.0026866914651824934,277.99904251817037,-0.002265756849809892,0.0027410325736777572
2020-06-20,-0.026854124193811155,0.006715758624723402,0.02171863045845104,0.0,0.0026559629556486162,280.9436417488056,-0.0024718580251864796,0.00169691137196521
2020-06-21,-0.016973754149035545,0.007400676018774173,0.012161743393950096,0.0,0.0026259181736889535,281.6075920277396,-0.002659008106858717,0.012057922160738407
2020-06-22,-0.0214566376249669,0.006515987343707328,0.006465818473399248,0.0,0.001269561927870842,281.2107049040426,-0.0031449901213669515,0.005108514916425371
2020-06-23,-0.02659958335807768,0.006205437883818891,0.0035370505237758954,0.0,0.0008497521449617074,283.08490958276667,-0.002509340086141549,0.0008929762463111662
2020-06-24,-0.029416742760919583,0.005828028934150092,0.0016446158486346518,0.0,0.0005277715160348321,286.2785713928568,-0.0027343458522342697,7.294935021696792e-05
2020-06-25,-0.01939636254209583,0.009352946180408285,0.0005632246056967986,0.0,0.00020638634424425119,284.52054897674736,-0.003106033366362928,0.023809267510725318
2020-06-26,-0.022990369443166056,0.005184141256041446,0.00045057968455743883,0.0,8.861385917259475e-05,283.1782673909391,-0.00264686611244234,0.000781350401833832
2020-06-27,-0.03143782244395402,0.004963984933950134,-7.3453647229951e-24,0.0,4.245824901397619e-05,287.1581591087097,-0.0029712464281563033,0.002156592695053015
2020-06-28,-0.028617666308152476,0.004752025597513059,-7.3453647229951e-24,0.0,1.624552796115983e-05,286.0343336654921,-0.0028606816905282317,0.0038504422742543115
2020-06-29,-0.01193121008280307,0.006870559379879364,-7.3453647229951e-24,0.0,6.868214593768794e-06,283.5660344499204,-0.0025683734092419434,0.014635522358353642
2020-06-30,-0.016613744157182298,0.004655791457090001,-7.3453647229951e-24,2.3981735194470254e-05,1.3932859325139536e-05,280.6552038893188,-0.0033330752666892306,0.009575040242766258
2020-07-01,-0.030493620762043754,0.004189672274778118,-7.3453647229951e-24,0.0,5.345833671968536e-06,280.01099667665875,-0.0027494653217536584,0.0022408623851320566
2020-07-02,-0.03679543897762137,0.004020278905071108,-7.3453647229951e-24,0.0,4.576487561403695e-06,284.822665564758,-0.003015593525632627,0.00014340317748251258
2020-07-03,-0.032130043764235616,0.003885491924770808,-7.3453647229951e-24,0.0,2.124467812015512e-06,286.384124428988,-0.003072867622483248,0.0009527683089454566
2020-07-04,-0.03636825947606631,0.0037544080093082064,-7.3453647229951e-24,0.0,5.771253405317749e-07,287.8578785826257,-0.0032606294515442717,0.0018868442476456314
2020-07-05,-0.029987408658542207,0.0036244353668837903,-7.3453647229951e-24,0.0,1.443813076127047e-07,287.2151442525975,-0.002815332389989142,0.002444260073827529
2020-07-06,-0.02947730284794576,0.0034701810718256207,-7.3453647229951e-24,0.0,3.7126621957552635e-08,285.6533677878802,-0.0028433872355242908,0.0002507087200934739
2020-07-07,-0.03396512353319233,0.0033679118769317025,-7.3453647229951e-24,0.0,1.0312950543764621e-08,287.7157934084675,-0.0030728276334913438,0.002447618603032861
2020-07-08,-0.03811009501838415,0.003218983694658442,-7.3453647229951e-24,0.0,2.062590108752924e-09,285.6511350980137,-0.0029219783853087046,0.00014723828956905732
2020-07-09,-0.03413089596282291,0.003098345240630673,-7.3453647229951e-24,0.0,0.0,284.54239448001385,-0.0027825409378119783,1.937689259936073e-05
2020-07-10,-0.03621335188716145,0.002989186826398817,-7.3453647229951e-24,0.0,0.0,287.1871026321095,-0.0029066942611151504,0.0006824778468393879
2020-07-11,-0.035125005127346454,0.0028754370023975264,-7.3453647229951e-24,0.0,0.0,286.5118726166404,-0.002844574777041115,8.598242765636746e-05
2020-07-12,-0.04037528076751084,0.002769825738028618,-7.3453647229951e-24,0.0,0.0,289.20653837099815,-0.0029463256093657623,3.3006829275787607e-06
2020-07-13,-0.03039800956592722,0.002674199514469858,-7.3453647229951e-24,0.0,0.0,286.9048312163847,-0.0023644928278475164,0.0005666824720332582
2020-07-14,-0.02512965313458847,0.0026243907415260705,-7.3453647229951e-24,0.0,0.0,282.5535146027186,-0.00312061989311613,0.004799086124893481
2020-07-15,-0.03315531803389727,0.0024924558603157433,-7.3453647229951e-24,0.0,0.0,283.41902375445756,-0.0024991880018411386,1.3027214436078793e-06
2020-07-16,-0.03510095465317958,0.002407564281743799,-7.3453647229951e-24,0.0,0.0,286.39731283960145,-0.002718566585395296,1.72257422903499e-06
2020-07-17,-0.041124770365192395,0.002326025043503713,-7.3453647229951e-24,0.0,0.0,289.1418858041422,-0.0027962714265295343,2.4446658819271897e-06
2020-07-18,-0.03799301672116512,0.002251919632577627,-7.3453647229951e-24,0.0,0.0,287.600613168404,-0.0025223341039092534,0.0005118846051437034
2020-07-19,-0.0317984255777914,0.0021784172556494593,-7.3453647229951e-24,0.0,0.0,286.00321421290977,-0.0023329617497695374,0.00035441637375933975
2020-07-20,-0.02882886471721412,0.0021165431724429807,-7.3453647229951e-24,0.0,0.0,285.823574120042,-0.0023255290747699092,0.001566384836702567
2020-07-21,-0.029845643725435616,0.0020444793889751547,-7.3453647229951e-24,0.0,0.0,285.53458819057084,-0.0023636854606243853,0.0005227855369819861
2020-07-22,-0.0385536296808787,0.0019776199833821443,-7.3453647229951e-24,0.0,0.0,289.18782774427746,-0.0023943591905010624,8.642673492431641e-07
2020-07-23,-0.03961294077042133,0.0019529138581227453,-7.3453647229951e-24,0.0,0.0,289.64594346745093,-0.0027410067502135612,0.004193962630579027
2020-07-24,-0.03204998858062561,0.0018662699198318741,-7.3453647229951e-24,0.0,0.0,288.0483632491807,-0.002535783722575775,0.0009518116880895157
2020-07-25,-0.03766480896432522,0.0018060141700809286,-7.3453647229951e-24,0.0,0.0,287.83756251793125,-0.002440559130561891,4.679116152100645e-05
2020-07-26,-0.03291922209963287,0.0017604383371644101,-7.3453647229951e-24,0.0,0.0,287.17346519714476,-0.0024145243447379204,0.001180124148137152
2020-07-27,-0.030423154307287294,0.001706211075270917,-7.3453647229951e-24,0.0,0.0,287.6161029549867,-0.0020725505773798894,0.00031713065454017986
2020-07-28,-0.02505496270575766,0.0017038789172630524,-7.3453647229951e-24,0.0,0.0,287.90429321835046,-0.0023821941708440835,0.005720124165677422
2020-07-29,-0.015781845160796816,0.00200522425821272,-7.3453647229951e-24,0.0,0.0,285.08360123499637,-0.0032126591935501265,0.016729407429783235
2020-07-30,-0.02495326173339187,0.001627303954571654,-7.3453647229951e-24,0.0,0.0,286.51398187482874,-0.002305723011156934,0.004768117504491106
2020-07-31,-0.02794606040763317,0.001571978889616196,-7.3453647229951e-24,0.0,0.0,286.71124168798303,-0.002520041108804908,0.003386341024374083
2020-08-01,-0.02961943176506603,0.0016470482457155565,-7.3453647229951e-24,0.0,0.0,286.62679794009796,-0.0027682358704212697,0.005711585182220492
2020-08-02,-0.0290909196949948,0.001511686265805347,-7.3453647229951e-24,0.0,0.0,287.9934398090772,-0.0026543118522665598,0.004554278096236752
2020-08-03,-0.0323795489756401,0.0014272968647843702,-7.3453647229951e-24,0.0,0.0,289.08202999280223,-0.0026340487565697924,0.0006036921746313236
2020-08-04,-0.024481787814595608,0.0014452683386829617,-7.3453647229951e-24,0.0,0.0,287.2486492846645,-0.0030705323600668023,0.005577678513482093
2020-08-05,-0.026946252727575896,0.0013648139386527283,-7.3453647229951e-24,0.0,0.0,286.5974308955019,-0.002523247226230843,0.0007110248177738513
2020-08-06,-0.029042209945829574,0.0013301388523672935,-7.3453647229951e-24,0.0,0.0,288.35923466799176,-0.0022791285688678426,0.00013838782534981864
2020-08-07,-0.036357486567928296,0.0013063062550657887,-7.3453647229951e-24,0.0,0.0,288.9034813487597,-0.0026221076279120932,0.0007735229818160924
2020-08-08,-0.03261251844423639,0.0012731479722901254,-7.3453647229951e-24,0.0,0.0,287.6461761460241,-0.0024643484923967535,7.46086829126218e-05
2020-08-09,-0.0363647721834102,0.0012474681361246919,-7.3453647229951e-24,0.0,0.0,287.1141384685107,-0.0025232142826679066,0.0002700437952189969
2020-08-10,-0.030228529946278716,0.0012201158340367894,-7.3453647229951e-24,0.0,0.0,285.87026569847785,-0.0022826674315383883,5.311147425078356e-05
2020-08-11,-0.03770631055037181,0.0011949889403952043,-7.3453647229951e-24,0.0,0.0,287.62678912534557,-0.0023423975365141694,4.8734643360056444e-05
2020-08-12,-0.038308400765987446,0.0011881810460386978,-7.3453647229951e-24,0.0,0.0,288.04427062858974,-0.002487569594871527,0.0022599377536828102
2020-08-13,-0.03674558428047741,0.0011499667235013457,-7.3453647229951e-24,0.0,0.0,286.975412620214,-0.0024919340092331003,0.0004263985675040954
2020-08-14,-0.03213871863938995,0.001125651985238501,-7.3453647229951e-24,0.0,0.0,285.0307023861988,-0.002009259115925617,0.00016097680645511619
2020-08-15,-0.03505050273096494,0.001102806147882494,-7.3453647229951e-24,0.0,0.0,286.0964392466285,-0.0020374167384316693,0.0
2020-08-16,-0.036029780946545686,0.001081368259790927,-7.3453647229951e-24,0.0,0.0,287.6667864704312,-0.002022843639561012,0.0
2020-08-17,-0.03564027372726613,0.0010610171462182947,-7.3453647229951e-24,0.0,0.0,289.17213031172525,-0.0020545618713828134,9.057178335674741e-05
2020-08-18,-0.034455577700825066,0.0010789075476975091,-7.3453647229951e-24,0.0,0.0,291.3079500395924,-0.001947133086285012,0.0042845567404163854
2020-08-19,-0.026727788529153598,0.0010656517440989868,-7.3453647229951e-24,0.0,0.0,288.836011706997,-0.0025374964510990403,0.00518763185559246
2020-08-20,-0.029379688161241136,0.0010062919161414022,-7.3453647229951e-24,0.0,0.0,288.6873797041324,-0.002218513139181555,0.0005088520467008986
2020-08-21,-0.03326013675854031,0.0009869539131552487,-7.3453647229951e-24,0.0,0.0,288.73596952190513,-0.002057084724264967,0.00031295104205830834
2020-08-22,-0.035239590426622815,0.0009671238351002926,-7.3453647229951e-24,0.0,0.0,289.3704082539302,-0.0020706833334965895,8.616939020100745e-07
2020-08-23,-0.03499633730468103,0.0009495553660527462,-7.3453647229951e-24,0.0,0.0,290.38850934806294,-0.002076048167201422,2.9540563754245008e-06
2020-08-24,-0.03480305568983326,0.000933613312446465,-7.3453647229951e-24,0.0,0.0,290.32374943806855,-0.001989471573529944,0.00020460422429661296
2020-08-25,-0.033927916849063613,0.000916622284442018,-7.3453647229951e-24,0.0,0.0,290.83708891356736,-0.001870459261334549,0.00011596302528165829
2020-08-26,-0.031069417584077115,0.0009074477994509338,-7.3453647229951e-24,0.0,0.0,288.94801729996107,-0.0019744748912625394,0.0013524071138781206
2020-08-27,-0.028050612763496442,0.000913770101164694,-7.3453647229951e-24,0.0,0.0,287.70342996385364,-0.0025629671343133952,0.00411417103756619
2020-08-28,-0.02270138760407766,0.0008915531433234781,-7.3453647229951e-24,0.0,0.0,284.6458159444921,-0.002241356582459757,0.0031868440282197185
2020-08-29,-0.031118608211393416,0.0008624159851990178,-7.3453647229951e-24,0.0,0.0,285.93805454634906,-0.002087413233383901,0.0009822375020015139
2020-08-30,-0.024575695437563348,0.000865485540217599,-7.3453647229951e-24,0.0,0.0,283.9860359666038,-0.0016021726937112165,0.003118474975041804
2020-08-31,-0.01096885470347216,0.000844090419300532,-7.3453647229951e-24,1.4160091509926791e-05,3.49743723195825e-06,276.8110873694699,-0.0018068883925844723,0.002410374825854813
2020-09-01,-0.02183985402860211,0.0008190759999603876,-7.3453647229951e-24,0.0,5.1323976893882974e-06,279.58768488278724,-0.001613582800126682,0.00034065468836638887
2020-09-02,-0.030932725401921463,0.0008041233161074969,-7.3453647229951e-24,0.0,3.1512904133500356e-06,284.3713876900251,-0.001752176821905341,1.7136335372924805e-06
2020-09-03,-0.02878286916825731,0.0007912089764061623,-7.3453647229951e-24,0.0,1.2423843145370483e-06,284.1440689316802,-0.0015864670171407658,0.0
2020-09-04,-0.028642185579585495,0.000778792520700875,-7.3453647229951e-24,0.0,4.4054188634042695e-07,285.77306374946784,-0.0015612026350309623,8.570413569941593e-07
2020-09-05,-0.03279125618900957,0.0007665431768880726,-7.3453647229951e-24,0.0,1.3392102920402916e-07,288.95196417540933,-0.0017403418692828574,1.698198502708692e-06
2020-09-06,-0.03566856568647644,0.0007544710474499202,-7.3453647229951e-24,0.0,3.1401882063871056e-08,288.83224801963337,-0.0016208782918372398,1.2858401419180154e-06
2020-09-07,-0.014053235114631007,0.0007570978611876062,0.0021689894509180794,0.005339133421664185,2.381988501144668e-05,281.5109326421878,-0.0011565646335566784,0.007759775246602593
2020-09-08,-0.007705339730459419,0.000737430685657566,0.1609974087070386,0.021466305816156717,0.0,267.97594290623783,-0.001021985669678214,0.022566724496943857
2020-09-09,-0.015763068434882302,0.0007421982153660835,0.17097981770833334,5.029731214383228e-05,0.0020503919403263406,268.66199653611125,-0.0011608484964081122,5.515295215240269e-05
2020-09-10,-0.018572118449009075,0.0007660809883290093,0.1440454975135358,0.0,0.005378291705402278,275.5811375116898,-0.0012589633085970152,8.642672355563263e-07
2020-09-11,-0.01788349588543682,0.0007660995937336637,0.10309699969103107,8.376557274726825e-06,0.005971705446303902,277.53636919801073,-0.0014299167804209525,5.890016501906229e-05
2020-09-12,-0.02076416875177858,0.0007567946183479439,0.0611494103842985,0.0,0.005616034849383738,280.83566228503787,-0.0014465668549140296,0.0
2020-09-13,-0.025619271658571433,0.0007222219038817843,0.028549510431379474,0.0,0.003251533702773563,283.0244297200004,-0.0015465813862570261,0.0
2020-09-14,-0.02872419614071227,0.0006910842017265364,0.011810475150070623,0.0,0.0014282492131499922,285.4558844988405,-0.0018193014597488665,8.52346317969932e-07
2020-09-15,-0.028192120083307817,0.000671131462700623,0.004631775247175141,0.0,0.0005681665856285958,286.17171482581875,-0.0016826408425882713,8.52346317969932e-07
2020-09-16,-0.024534225968991297,0.000657832723552898,0.0019678378060263655,0.0,0.0002257462254183441,284.4639813554265,-0.001666417892622409,0.0
2020-09-17,-0.02782731785275842,0.0006476019398640779,0.0006402369497410547,0.0,9.675974310454677e-05,284.5511817321491,-0.001504309033438311,3.1502519521389766e-05
2020-09-18,-0.026618461992781044,0.0006381213496633843,0.000360463747645951,0.0,4.007518922878524e-05,285.08660102384465,-0.0015856274903494087,3.0024913826309785e-06
2020-09-19,-0.026638159980881686,0.0006531172216275318,-7.3453647229951e-24,0.0,1.582379142443339e-05,285.22076791378964,-0.001956391448186616,0.003008847300627057
2020-09-20,-0.026203687497451483,0.0006214891281505089,-7.3453647229951e-24,0.0,3.908260983262359e-06,280.20789359787767,-0.0013509548169239767,1.717666123113304e-06
2020-09-21,-0.023820730336641862,0.0006136376473863246,-7.3453647229951e-24,0.0,2.5159389959216794e-06,281.0781775724192,-0.0014334924224406315,4.2319288695580326e-07
2020-09-22,-0.026541026382796512,0.0006126774906438623,-7.3453647229951e-24,0.0,1.7893600598566949e-06,283.65342276334314,-0.0015405674101942677,0.0009200836642264075
2020-09-23,-0.024045799664184873,0.0005993742895665142,-7.3453647229951e-24,0.0,9.522326080139075e-07,283.3865044875783,-0.0014460379531407088,0.00017893516411215574
2020-09-24,-0.028440210905115487,0.00059082801059141,-7.3453647229951e-24,0.0,4.5501158735846396e-07,285.1696512039099,-0.001530534372070415,0.0
2020-09-25,-0.026166458924611412,0.000588396932445677,-7.3453647229951e-24,0.0,1.837283709628434e-07,283.0328046435915,-0.00154059638642827,0.0007827610618300894
2020-09-26,-0.023290373216577846,0.0005943748237049513,0.0002259795050612053,0.00013740213408982012,1.735331774768183e-05,280.34110886453465,-0.0021223126368670815,0.0028652483123843956
2020-09-27,-0.017131317470033294,0.0005776025986267349,0.005106033353931262,0.0018067437376679675,6.444078717528091e-06,273.66088273430955,-0.0011863845563625211,0.003151892302297657
2020-09-28,-0.017753002838899863,0.0005662069987442534,0.013848198784722225,0.00022888490877582532,0.00021954542709945964,273.745918719333,-0.001051266467209253,0.0002674236472717113
2020-09-29,-0.020762534885756714,0.0005650273655767495,0.010802877824858758,0.0,0.0007400231509558899,280.48778503403605,-0.001161754499636801,1.2809094300791912e-06
2020-09-30,-0.017972594137582402,0.0005541430354791846,0.006071101474223164,0.0,0.0003196746426618706,278.7582591284916,-0.000893479691934114,2.580881073299679e-06
2020-10-01,-0.016766619295050196,0.0005472155108963702,0.0041455629855225995,0.0,0.0002440818096116438,277.516563052736,-0.0009214248255652897,0.0
2020-10-02,-0.02040599833774028,0.0005406633777133489,0.0023397959333804146,0.0,0.00015097741816340196,279.9333669335604,-0.000927482663238116,8.90271138336699e-05
2020-10-03,-0.016849860464785732,0.0005335402017259328,0.0014722001530131828,0.0,8.86144484840544e-05,277.84661798064093,-0.000880835525228479,1.2934207802572928e-06
2020-10-04,-0.02021247236910513,0.0005275205535403753,0.0008675957803672317,0.0,7.105716583082232e-05,280.2724473418041,-0.001028036246191984,0.0
2020-10-05,-0.021193295759333056,0.0005212150892968906,0.0004956376530131828,0.0,2.931599310562436e-05,280.8404053366566,-0.0010043979532974587,1.9728463921843276e-06
2020-10-06,-0.02238431981222778,0.0005154139072881581,-7.3453647229951e-24,0.0,2.2104672961315868e-05,282.40896593873333,-0.0010779946095357507,8.52346317969932e-07
2020-10-07,-0.022727346479219233,0.0005096196286422384,-7.3453647229951e-24,0.0,1.1623768651552794e-05,283.54802045804183,-0.001007894269785302,0.0
2020-10-08,-0.0243583176348169,0.0005039890102073971,-7.3453647229951e-24,0.0,4.9887845913569135e-06,282.87655643958834,-0.0011175097213626582,2.5722607119860186e-06
2020-10-09,-0.026527940511366747,0.00049842464721809,-7.3453647229951e-24,0.0,2.456344874565211e-06,282.3850724064024,-0.0010190932448469314,4.380941049930698e-07
2020-10-10,-0.024299139988287696,0.0004930438968421376,-7.3453647229951e-24,0.0,1.6534080108006799e-06,281.66728059226284,-0.0010235708227938852,0.0
2020-10-11,-0.028389355935956127,0.0004940235008627682,0.017699275762123354,0.006869561843952891,1.1119044433205816e-07,277.3508364718738,-0.001362063958819977,0.008174152461821004
2020-10-12,-0.015778661195167715,0.00048681066534613486,0.04460830832156309,0.0003102886474738687,0.00041618169743125723,272.8777901708743,-0.0009218426789604339,0.0003234125334185109
2020-10-13,-0.01468764072926031,0.0004933488234288275,0.044163935602048024,0.000757258616935062,0.0011230420615881852,274.4542949267027,-0.0011760735684363856,0.001969906449151323
2020-10-14,-0.021000304001536074,0.0005015109555195955,0.04055814868761771,0.0025980139919425135,0.0003353991456287729,274.7227920489123,-0.0016379805155477285,0.006040767508711519
2020-10-15,-0.008499446182937945,0.0004691012666723823,0.06957685969868174,0.004951048989669752,0.0,267.26686656542415,-0.0006008542926803147,0.005083585273748064
2020-10-16,-0.008204886595071372,0.0004699729425085467,0.08328436727577684,0.00046232094367345183,0.0005403926101444805,268.4501628947573,-0.00045675838018878034,0.00047932734822156794
2020-10-17,-0.005543241056345277,0.000471531166195196,0.10927430923375707,0.01131587856486019,0.0,272.3036472837804,-0.0004924019051473693,0.013680945587288591
2020-10-18,-0.0030670678716594895,0.0004561194929025942,0.21406512071857345,0.010250861151406995,0.0,268.3308899155669,-0.00035264973376093614,0.010426775614386468
2020-10-19,-0.005386840068014329,0.0004680924496408237,0.2628619810057674,0.007563689776227974,0.001123826035251052,272.6572367206581,-0.00039394990156936104,0.009035132357814361
2020-10-20,-0.004549781691893347,0.00047752109624571724,0.30638659920845107,0.012230996084583683,1.820598828927272e-05,272.29318601892044,-0.0006173156927955354,0.016375446050180556
2020-10-21,-0.004271211891861286,0.0004483695420841713,0.344778976871469,0.0018066807865759749,0.0003976679728024424,271.1080854742765,-0.0004429682657796111,0.0019528090784429021
2020-10-22,-0.0028003120405525814,0.00043990063128498323,0.41360318458686446,0.013680982577093576,0.0,265.2442621277775,-0.0005158075673432,0.013858961873807403
2020-10-23,-0.00523561256080024,0.0004360424933460473,0.45850069150188333,0.0004195511804125403,0.0,259.07032562155285,-0.000403972716191731,0.00042399501387342875
2020-10-24,-0.0018904941987856637,0.00043225221041232184,0.46997392155131834,0.007797441597880618,0.0,265.13224665323895,-0.00030658436718128493,0.0078085059836759405
2020-10-25,-0.0024029469001764633,0.0004285595848061945,0.5687168502089219,0.006140923916788425,0.0,255.65262102317456,-0.00034795651517513786,0.006144854621116165
2020-10-26,-0.00471564382314682,0.0004249034123232136,0.5468136200123588,7.691082812971988e-06,0.0,256.1010950738652,-0.0003570920266842438,9.846403160047828e-06
2020-10-27,-0.004679790324410477,0.0004212703913618616,0.5360806280161252,0.0,0.0,264.4988017037315,-0.0002369297152690295,3.496843663344027e-09
2020-10-28,-0.0059439499078497385,0.0004176871251251738,0.5163868474870528,0.0,0.0,272.24338179478764,-0.0003842522605916875,0.0
2020-10-29,-0.007674001157283783,0.00041416826221229,0.4937001603695857,0.0,0.0,272.1109911995868,-0.0005635861517850962,8.583068797918258e-07
2020-10-30,-0.009065435010161103,0.0004141280206583314,0.4698838056144068,0.0,0.00033323167912704125,272.7534845822724,-0.0007579086485218869,3.4405547921778634e-06
2020-10-31,-0.00805112307017806,0.00040717044119107526,0.4516247535604991,0.0006218824514561454,-1.031295054376462e-09,270.54511662571224,-0.0008726320834567318,0.0009805349979347293
2020-11-01,-0.007039746280107121,0.00041384228878775563,0.441741196224694,0.0,0.0009480593147250892,271.2044875365866,-0.0005024368006546619,0.0
2020-11-02,-0.007423206616592947,0.0004321706328688369,0.4204464784898776,0.0,0.0029087981135494964,274.14659874048607,-0.0006163168835353717,4.351138613856165e-07
2020-11-03,-0.00920128287736979,0.00043424231521153856,0.3884426770686205,0.0,0.0032570969923741405,274.9441477673202,-0.0007122972464494113,4.351138045421976e-07
2020-11-04,-0.008989270460807672,0.00042259373233816724,0.35962212916372416,0.0,0.0024048230573955904,274.9249086541645,-0.000826241343287425,1.7106532368416083e-06
2020-11-05,-0.0073241622181935495,0.0004428163760125974,0.33588485574093696,0.0,0.004255141620918857,275.4637583860121,-0.0006911839163825338,1.78813479578821e-08
2020-11-06,-0.006901015248675806,0.0004290095661993081,0.30644958840925146,0.0,0.0032223179557565916,275.4473625800929,-0.0006885600702489837,3.4433696782798506e-06
2020-11-07,-0.00984423826474928,0.0004406745656061981,0.2790771024599812,0.0,0.004125144006421337,275.57326294922336,-0.0008981363732094146,1.7136334804490616e-06
2020-11-08,-0.007280039248493433,0.00042500999351005776,0.2613509298493409,0.005287075657292275,0.0010341289269048615,272.70803677833686,-0.0008292066217479061,0.007607595647795727
2020-11-09,-0.003253655287168794,0.00037874113031699833,0.2939064614965866,0.0006534591064614765,0.0,262.91944458525063,-0.0003228791500047102,0.000657786100518124
2020-11-10,-0.003976235955448474,0.00037608838687508796,0.2970469559204332,0.00027598244911533295,0.0,262.31823027874793,-0.00041168703997539267,0.0002777002894474676
2020-11-11,-0.003048203590899538,0.00037350854967947066,0.3012504505796846,0.0014549864634955671,0.0,261.214027498177,-0.00035830861809900254,0.0014575617850782511
2020-11-12,-0.0037787980110631824,0.00037100161873014636,0.33649819584216106,0.0017118452085276782,0.0,259.7968066874646,-0.0004060128651096323,0.0017145560958614994
2020-11-13,-0.006772038500524511,0.00036856094322635627,0.3357388771186441,4.259332761926167e-06,0.0,264.31185584059324,-0.0006491629785652889,5.972621085603263e-06
2020-11-14,-0.009305674814235021,0.0003661599199650652,0.3420315902336394,0.004242818465845734,0.0,265.7713351887274,-0.0007585785483236367,0.004298057125067631
2020-11-15,-0.0057156109119539215,0.0003638169017888732,0.36484632474105466,0.00018436026017544632,0.0,262.9471435906075,-0.0005391973917935527,0.000190077571710454
2020-11-16,-0.00612537743849943,0.0003643189951524897,0.3594218970692091,7.911986213619426e-05,0.0002054432354404428,267.72228078967885,-0.0005376020099146892,7.996544002831428e-05
2020-11-17,-0.006694112751780257,0.00037699584233558787,0.34942799368820626,1.0803341865539551e-07,0.0013086140197885912,272.92751911041205,-0.0005636760217826919,3.976731647981069e-06
2020-11-18,-0.011457299445308534,0.00037203762827620003,0.3295240958980697,0.0,0.0010842659463316709,274.25531029566537,-0.001238158835613795,8.523463748133508e-07
2020-11-19,-0.006439656103398167,0.0003559601172215521,0.3230509210216573,0.0024510830177762416,0.0,269.3511258859868,-0.000773504239606992,0.0032826547568800763
2020-11-20,-0.005790963811052721,0.00035354528723463503,0.3287091443767655,1.0149584988416253e-05,6.492892648540649e-05,263.5795468368099,-0.0005869707566196635,1.2123231160438668e-05
2020-11-21,-0.005132358163426825,0.0003505536055160781,0.3238189754737524,0.0,0.0,262.5373843744425,-0.00044767257604895347,4.351138045421976e-07
2020-11-22,-0.00522575114911559,0.0003493573874403528,0.31953846847045675,2.1606683731079102e-07,5.85240369799447e-05,263.5345203880986,-0.00041179294240171625,2.086162567138672e-07
2020-11-23,-0.005930982656398062,0.00034813641828332245,0.31450737847222227,0.0,0.00011460706170669384,265.5234673566513,-0.0004196375987287296,0.0
2020-11-24,-0.004877373071040137,0.0003470080552128076,0.30930847053024957,0.0,0.00017155142827222577,264.72328961187395,-0.0003227941102563998,1.7106532936850272e-06
2020-11-25,-0.004429313506783739,0.0003472773705498647,0.3043704850076507,4.0207879017975375e-07,0.00032337543444108157,266.7345775956264,-0.0002883875605750219,3.42226036341627e-06
2020-11-26,-0.004450365185400861,0.0003408914231984629,0.3159981995203625,0.0022209866109204157,-8.31350094854495e-10,264.1633039176352,-0.00039433942592076665,0.0022296030810997312
2020-11-27,-0.004199985183228208,0.00034293624977607516,0.3198849090748588,2.2934086747088673e-05,0.0002743377018783052,264.9763714993292,-0.00020478000748628953,2.3785115635327702e-05
2020-11-28,-0.006094916350087204,0.0003499489719584837,0.3128303484728107,0.0,0.0009031549811699969,269.0285044991588,-0.0003272517463244961,4.351138045421976e-07
2020-11-29,-0.00681584374716053,0.0003395035105236506,0.3030773672904897,5.454182793191598e-05,0.0002771683437170956,265.81535267874796,-0.0005117965241273245,5.64087245423915e-05
2020-11-30,-0.005774300440219838,0.00033888389161751094,0.29706902512947275,0.0,0.0003510928044548143,267.08479723598106,-0.00042455264572369855,4.351138045421976e-07
2020-12-01,-0.0048025563611822615,0.00033208980398663024,0.30658867040371945,0.004328613942962582,0.0,264.7654805443831,-0.0004670464638936318,0.00433706361695198
2020-12-02,-0.003595382648672762,0.0003304253358625423,0.3309392839277307,5.960232962322774e-05,0.0,260.22380010960467,-0.00026963319692571285,6.173101503964834e-05
2020-12-03,-0.004012844951476081,0.0003335576104578999,0.3266813059086629,0.0,0.0003299683037787508,266.8302155834134,-0.00017292289284326264,5.959918780717999e-09
2020-12-04,-0.005917069012835875,0.0003357756946046474,0.31946398488994826,0.0,0.0006059497426458672,270.4253132383703,-0.0003133948450371371,8.553265615773853e-07
2020-12-05,-0.005507564982451962,0.0003330215054043269,0.31016066384180796,0.0,0.0005145379589439113,269.7363610420299,-0.0003305568259819753,5.684341886080802e-14
2020-12-06,-0.00598030646810424,0.00033297309767728474,0.3018752850606168,0.0,0.000615738858442522,270.9620974301843,-0.0003503433055123367,1.2993811537853617e-06
2020-12-07,-0.005199346880791552,0.0003289319364364538,0.293638642449388,0.0,0.0004350427054079239,270.2307433615072,-0.0002968059800102213,0.0
2020-12-08,-0.005868601302305858,0.00033372034460811296,0.2852210783015537,0.0,0.0008581544425191179,271.7019132229793,-0.00033002962900251996,0.0
2020-12-09,-0.006481052707817595,0.0003290703404421187,0.27432808453978347,0.0,0.0006397069131923935,271.89128820056527,-0.00043615288927225076,8.583068833445395e-07
2020-12-10,-0.0019132376222287194,0.00031791501126046906,0.27072068841219393,0.0013130865570178815,0.0,266.9526461836533,-0.00020887655348090803,0.0013169558708277128
2020-12-11,-0.0016375313286727433,0.0003164921608348351,0.2890861784221987,0.0021743664339100572,0.0,263.86246929779344,-0.00022129661345717596,0.0021792782565244946
2020-12-12,-0.0014554639320589055,0.00031506956297125524,0.33957960915430796,0.0047999423018283095,0.0,261.4955086824809,-0.00021339474656319215,0.00480457281662246
2020-12-13,-0.00258309756126781,0.00031365841458746275,0.36034650497292847,6.724553088010368e-05,0.0,258.1693451588662,-0.00016667550734880953,7.035994929275936e-05
2020-12-14,-0.0017915570971655983,0.0003122986204880106,0.3573404947916667,0.0009523014732673343,0.0,262.51552502044854,-0.00016328086287288344,0.0009588802432260135
2020-12-15,-0.002544103327107295,0.00031149757783965204,0.3718252523246233,0.001153384435311549,3.62237968013785e-05,261.94332635380226,-0.0002147731408055893,0.0011569579779091529
2020-12-16,-0.0034558332740923783,0.000309608834611494,0.37142110993408667,0.0006207474165380338,0.0,263.5615188038282,-0.0002672468959274939,0.0006268833988900372
2020-12-17,-0.002980470110130849,0.0003119844332926691,0.3680210724164313,6.238335354179986e-05,0.00023829463427349674,264.7381783537497,-0.0001743946771668849,6.39590165359689e-05
2020-12-18,-0.0034080156161960234,0.00030698850329986403,0.40873554466807915,0.006817841281493505,0.0,265.36711719031615,-0.0002687832835198796,0.006828701714909063
2020-12-19,-0.002742071062494806,0.00030569816376529844,0.4170524180496705,1.3625828054665173e-05,0.0,263.84672035605223,-0.00016263506170046535,1.6735098456258827e-05
2020-12-20,-0.004663770397504171,0.0003044293761926856,0.4109215458009652,0.0005449046312415667,0.0,266.1743066934992,-0.00030536617094514064,0.0005493703871747296
2020-12-21,-0.004185662262857297,0.00030518167436459646,0.40564079787547086,0.0006013482514411044,0.0001294727800256115,268.83206628989814,-0.00028409781513241055,0.0006071828323304848
2020-12-22,-0.005036837763368747,0.0003052275564710973,0.39833497013300373,0.002215500436933701,0.00017548816562709164,269.95758299100197,-0.00040556209446009946,0.00242438126308712
2020-12-23,-0.0028497154093058102,0.00030071561956136246,0.45776735007650665,0.005756460046027341,0.0,257.49828890712473,-0.00036230485486445454,0.005762479769879196
2020-12-24,-0.0025602467147643956,0.0002994931350320073,0.47177922882827217,6.75813963184249e-07,0.0,262.75084283976014,-5.995654790414929e-05,1.0923644567476704e-06
2020-12-25,-0.004366837105171829,0.0003031086450242727,0.4624869423846516,-2.062590108752924e-09,0.0003075041297802144,267.20586539661815,-0.000206607478107773,1.2845866876887158e-06
2020-12-26,-0.004100244092402485,0.0003013505605654528,0.4500927826330038,0.0002576630288934977,0.0002700911235001128,267.8648202540511,-0.0003236607664217384,0.00026362499035403387
2020-12-27,-0.002875135064461811,0.0002959613914543626,0.48238256422139836,0.007366341828121304,0.0,264.32791862918833,-0.0002754944255628155,0.007378175972499741
2020-12-28,-0.002196338722261332,0.0002948017106891352,0.5067632930202448,5.0875026795823694e-05,0.0,258.27978312318163,-0.00014506016284395747,5.512868943731643e-05
2020-12-29,-0.0015059657352792346,0.0002936537319657493,0.5003404635269539,0.0003916453885830055,0.0,257.7711374099645,-7.138004537019353e-05,0.00039378448681133196
2020-12-30,-0.0028676431057816846,0.0002925089523617157,0.49891470066796145,3.4066622203352767e-05,0.0,259.3269469517997,-7.809583350258358e-05,3.6645440629700274e-05
2020-12-31,-0.003109327817367295,0.0002913923755203937,0.49207554474164317,0.00012308643278429064,0.0,263.70691500590124,-0.00012404395867202241,0.00012799351386971557
